dataset_id,battery_id,cycle,source_cycle_key,phase,capacity_ah,rated_capacity_ah,soh_pct,sample_count,discharge_duration_s,feature_eligible,exclusion_reason,voltage_60s_v,voltage_120s_v,voltage_300s_v,voltage_600s_v,voltage_mean_v,voltage_slope_v_per_s,temperature_mean_c,temperature_rise_c
oxford_degradation_1,Cell1,0,cyc0000,C1dc,0.7391109210621779,0.74,99.87985419759161,3608,3606.3301473855972,True,,4.141789897704732,4.119011899140267,4.062589199059657,3.9731228,4.055190117473511,-0.00030110136771132495,40.20732257463231,0.2870788660998187
oxford_degradation_1,Cell1,100,cyc0100,C1dc,0.7301929494056871,0.74,98.67472289266043,3565,3563.54404874146,True,,4.141950105926171,4.119492940664298,4.0625890812927965,3.9702356,4.054602283813435,-0.00030631101164176386,40.074557840733675,0.1997284575866658
oxford_degradation_1,Cell1,200,cyc0200,C1dc,0.7257467375962049,0.74,98.07388345894661,3544,3542.1407349407673,True,,4.142150383166186,4.11933279325975,4.061987761926667,3.9686315,4.054107225383697,-0.0003092701177611472,40.066158561636065,0.06241319727575956
oxford_degradation_1,Cell1,300,cyc0300,C1dc,0.7228431973239305,0.74,97.6815131518825,3530,3528.063764423132,True,,4.1416931007823745,4.118835400932734,4.061410000538228,3.9665701,4.053136739637774,-0.0003118851498501216,40.07319840570766,0.16225808081078696
oxford_degradation_1,Cell1,400,cyc0400,C1dc,0.7183668958430143,0.74,97.07660754635327,3507,3505.8897145092487,True,,4.141853764369343,4.1189155406500975,4.061129025905101,3.9656477,4.052793921110839,-0.00031448362915449484,40.07319932522322,0.2371700749050376
oxford_degradation_1,Cell1,500,cyc0500,C1dc,0.7149787006955093,0.74,96.61874333723098,3491,3489.7134091705084,True,,4.141492786494289,4.118554566332373,4.060768410036221,3.9642842,4.052077179778,-0.00031681616683526217,40.08046431783313,0.22466180591787577
oxford_degradation_1,Cell1,600,cyc0600,C1dc,0.7116204053941345,0.74,96.16491964785602,3475,3473.900831490755,True,,4.141332069669184,4.118354198863665,4.060286747324705,3.963001,4.051250335822617,-0.00031908782527238533,40.04301591949099,0.1996949999999984
oxford_degradation_1,Cell1,700,cyc0700,C1dc,0.7095321170323996,0.74,95.88271851789185,3455,3453.594956919551,True,,4.140610698422511,4.1173120012814195,4.05884359780641,3.9607155,4.049827520493529,-0.0003225115097539912,40.11041683863332,0.13728704470685216
oxford_degradation_1,Cell1,800,cyc0800,C1dc,0.7058480111354505,0.74,95.38486636965547,3437,3435.6123950332403,True,,4.140490473298934,4.117432034730728,4.058523125719394,3.9597931,4.049296590269518,-0.00032462898933734147,40.13469735807698,0.23717100000000357
oxford_degradation_1,Cell1,900,cyc0900,C1dc,0.7025449768529222,0.74,94.93851038553002,3421,3419.680304825306,True,,4.140209656196785,4.117151185466192,4.057360217210935,3.9587905,4.048364737146024,-0.0003271306390300257,40.11790505891984,0.18723214640202457
oxford_degradation_1,Cell1,1000,cyc1000,C1dc,0.6994156477527363,0.74,94.5156280746941,3406,3404.668738692999,True,,4.1399692359682785,4.1163892394049935,4.057239264175328,3.9575875,4.047494187171992,-0.00032947991746252374,40.089993944263874,0.16225590138323298
oxford_degradation_1,Cell1,1100,cyc1100,C1dc,0.6962835912151658,0.74,94.09237719123863,3391,3389.4352667033672,True,,4.139407913062096,4.116029209452926,4.056358232080747,3.9567053,4.046657443771527,-0.00033188497259510527,40.18053392325153,0.14983783910396653
oxford_degradation_1,Cell1,1200,cyc1200,C1dc,0.6932672854322546,0.74,93.68476830165604,3376,3374.807343631983,True,,4.1393276473260405,4.115628057372946,4.055515670505336,3.9554622,4.0456549300608895,-0.00033404228604392243,40.151511045818076,0.19974544680633954
oxford_degradation_1,Cell1,1300,cyc1300,C1dc,0.6903687943593547,0.74,93.29308031883173,3362,3360.6548454612494,True,,4.138726494468439,4.1150663606537785,4.05447363893566,3.9543796,4.044565601062732,-0.0003364165780738441,40.1462832360205,0.18720881395145028
oxford_degradation_1,Cell1,1400,cyc1400,C1dc,0.6876192406848993,0.74,92.92151901147288,3349,3347.313306480646,True,,4.138605926734168,4.114705694062124,4.053432464102375,3.9531362,4.043642325369637,-0.0003383859333682802,40.130855379778204,0.17472500444793582
oxford_degradation_1,Cell1,1600,cyc1600,C1dc,0.6818263154580586,0.74,92.13869127811603,3320,3318.777160719037,True,,4.137155998852378,4.1133356009324435,4.051097897175871,3.9505236,4.041124475358317,-0.00034304095981277827,0.5204585176550575,0.0002673899999999785
oxford_degradation_1,Cell1,1800,cyc1800,C1dc,0.6758871270316636,0.74,91.33609824752212,3291,3289.6823577582836,True,,4.136273898277672,4.112012396558921,4.048772294038819,3.9489596,4.038839398148335,-0.00034554550538034635,40.14218811218839,0.1747616429138077
oxford_degradation_1,Cell1,1900,cyc1900,C1dc,0.6727432856431239,0.74,90.91125481663836,3276,3274.7545670717955,True,,4.135891001820139,4.1114292011651905,4.047026200538228,3.9476547,4.0376293528180085,-0.0003477100058984087,40.0532290105516,0.14979075708798462
oxford_degradation_1,Cell1,2000,cyc2000,C1dc,0.6697317983178508,0.74,90.50429706997983,3262,3260.2855648845434,True,,4.13526959813641,4.110567101048963,4.045201798742832,3.9470735,4.036294129802992,-0.00034858091569793347,39.989459004009724,0.14979573207717323
oxford_degradation_1,Cell1,2100,cyc2100,C1dc,0.6674184829442038,0.74,90.19168688435187,3250,3248.7676329910755,True,,4.135069379217916,4.1102461502830865,4.045241655694137,3.946913,4.036213812276073,-0.0003475645550868193,40.07070386552523,0.13731945742046747
oxford_degradation_1,Cell1,2200,cyc2200,C1dc,0.6639526202195469,0.74,89.72332705669554,3234,3232.060159742832,True,,4.134096098277672,4.1091127008162145,4.042824701345121,3.9450977,4.034189991856094,-0.0003498497525062498,40.06344107238678,0.16225808930284558
oxford_degradation_1,Cell1,2300,cyc2300,C1dc,0.6614396086354981,0.74,89.38373089668895,3221,3219.606666639447,True,,4.133775170332447,4.108591522805175,4.042624427739109,3.9452579,4.034025122885179,-0.0003484236717828234,40.11858773596962,0.1872278476744853
oxford_degradation_1,Cell1,2400,cyc2400,C1dc,0.6582324497447104,0.74,88.95033104658249,3206,3204.172360897064,True,,4.132659897849594,4.107276001397938,4.0399456004477035,3.943742,4.031990708167277,-0.00034971251572233914,40.13946681933767,0.12482122318736089
oxford_degradation_1,Cell1,2500,cyc2500,C1dc,0.6563019662937012,0.74,88.68945490455422,3196,3194.5486955344677,True,,4.13253966144659,4.107235828738686,4.040506592401114,3.9439425,4.032196201614126,-0.00034856011456862947,40.17509617080234,0.23716638276492574
oxford_degradation_1,Cell1,2600,cyc2600,C1dc,0.6527810452742546,0.74,88.21365476679117,3179,3177.5213588029146,True,,4.131701897561705,4.10567620128142,4.037102197179782,3.9422224,4.0297113769117825,-0.0003506029387338898,40.199152578066,0.11235364291022165
oxford_degradation_1,Cell1,2700,cyc2700,C1dc,0.651274269703515,0.74,88.01003644642094,3172,3170.148727297783,True,,4.131501179254908,4.105796244697691,4.037863998043765,3.9426234,4.030282880594646,-0.00034917524754752845,40.15535155681373,0.0624052305598255
oxford_degradation_1,Cell1,2800,cyc2800,C1dc,0.6488501025188361,0.74,87.68244628632921,3160,3158.3328891545534,True,,4.131220742691652,4.105074305670132,4.03698201583093,3.9423828,4.029604757791972,-0.00034829440419491676,40.203239215281734,0.04990505094720277
oxford_degradation_1,Cell1,2900,cyc2900,C1dc,0.6450218397585212,0.74,87.16511348088125,3141,3139.885564148426,True,,4.129777003900204,4.10318990104751,4.032450701075337,3.9404578,4.026444210680496,-0.00034979522885444464,40.08908686319433,0.0873807282758321
oxford_degradation_1,Cell1,3000,cyc3000,C1dc,0.6441689847636143,0.74,87.04986280589382,3137,3135.4661654680967,True,,4.130137867365692,4.103911358509817,4.034655851662236,3.9414604,4.027970116704157,-0.00034878951413553494,40.239776667657345,0.09985184745253406
oxford_degradation_1,Cell1,3100,cyc3100,C1dc,0.6420891597582703,0.74,86.76880537273924,3127,3125.5411338061094,True,,4.129335866298755,4.1032298314433495,4.033773796606351,3.9405382,4.027111942401752,-0.00034825574817539626,40.18303468781405,0.12482414598180469
oxford_degradation_1,Cell1,3200,cyc3200,C1dc,0.6387729233128966,0.74,86.32066531255359,3111,3109.4149589538574,True,,4.1276516994270835,4.100462899137406,4.029723597489576,3.9389741,4.024116865251816,-0.00034745383962513776,40.14445832531285,0.1123538661011736
oxford_degradation_1,Cell1,3300,cyc3300,C1dc,0.6378192441609972,0.74,86.19178975148611,3106,3104.9326054751873,True,,4.128413658443231,4.101545240664894,4.031969297863832,3.9393752,4.025515914972347,-0.00034776098967539347,40.1328815251631,-0.037473535284860304
oxford_degradation_1,Cell1,3500,cyc3500,C1dc,0.6322030179733683,0.74,85.43284026667139,3079,3077.8843615204096,True,,4.125388597849572,4.097758795982427,4.026418197175871,3.9384756,4.02190487240042,-0.00034147517380074885,39.83468141764707,0.13728786611054744
oxford_degradation_1,Cell1,3600,cyc3600,C1dc,0.6317444982024536,0.74,85.3708781354667,3077,3075.547842308879,True,,4.12771456737309,4.1002048584506285,4.029185242169695,3.9393578,4.024073172144151,-0.00034504164190508847,39.99399574794385,0.14974476525281233
oxford_degradation_1,Cell1,3700,cyc3700,C1dc,0.6295202834064333,0.74,85.07030856843694,3066,3064.712817594409,True,,4.126952566298755,4.099402819133821,4.028503192995485,3.9392776,4.023486911653322,-0.00034409102542855806,40.04914255678006,0.049944098637880074
oxford_degradation_1,Cell1,3800,cyc3800,C1dc,0.6254908168324311,0.74,84.52578605843664,3046,3044.9579659849405,True,,4.124626597849594,4.096034500931281,4.023811295295986,3.9376736,4.020152814924519,-0.0003381247825353093,40.070473659875205,3.1249020793211457e-07
oxford_degradation_1,Cell1,3900,cyc3900,C1dc,0.625258308828447,0.74,84.49436605789825,3045,3043.8138864934444,True,,4.125829670332447,4.098199739181251,4.026418084519324,3.9381547,4.0220032150695175,-0.00034277339966003255,40.09430500219574,0.04990184767448369
oxford_degradation_1,Cell1,4000,cyc4000,C1dc,0.6235531647570597,0.74,84.26394118338645,3037,3035.3922564536333,True,,4.1253485763925575,4.097437819117012,4.026097179137428,3.9376335,4.02147382623026,-0.0003419753122987505,40.1306180101153,8.394803245437288e-06
oxford_degradation_1,Cell1,4100,cyc4100,C1dc,0.6204774481988763,0.74,83.84830381065896,3022,3020.406560227275,True,,4.122822296845022,4.093668495695611,4.0218462993733715,3.9365909,4.018454690801195,-0.00033669837610512493,40.10065817020165,0.11235368749549224
oxford_degradation_1,Cell1,4200,cyc4200,C1dc,0.6195186640586242,0.74,83.71873838630057,3017,3015.986366942525,True,,4.123238098279461,4.094766098277672,4.023665895922615,3.9360843,4.019211784270293,-0.0003398100659835579,40.13311403509994,-0.04990391083305212
oxford_degradation_1,Cell1,4300,cyc4300,C1dc,0.6176078318476869,0.74,83.46051781725498,3008,3006.5645311027765,True,,4.122917179217916,4.094725511026935,4.024026707197898,3.9357636,4.0193027962537204,-0.0003402290919368949,40.090671703121174,0.09984446045380935
oxford_degradation_1,Cell1,4400,cyc4400,C1dc,0.6157261856172588,0.74,83.20624129962957,2999,2997.3973106592894,True,,4.122034962937035,4.093843471443749,4.0231447,3.9351621,4.01865389177225,-0.00033985714865362196,40.08794273380924,0.012470197275760597
oxford_degradation_1,Cell1,4500,cyc4500,C1dc,0.6127444427379217,0.74,82.80330307269213,2984,2982.8597612679005,True,,4.119107697991214,4.089993998277672,4.019535494979151,3.9341595,4.015599768961463,-0.0003336684119204977,40.06162675613207,0.1248165090400093
oxford_degradation_1,Cell1,4600,cyc4600,C1dc,0.612349611637397,0.74,82.74994751856715,2983,2981.085952743888,True,,4.121152852516641,4.09240004658307,4.0224225923990256,3.9341996,4.017486579718216,-0.0003386422026110866,40.051182231791,0.08738207770714723
oxford_degradation_1,Cell1,4800,cyc4800,C1dc,0.6088768448422716,0.74,82.28065470841508,2966,2964.1375936567783,True,,4.119828673657257,4.091115961351126,4.020898263297492,3.9335976,4.016499538152956,-0.00033749662283156297,40.06684311444717,0.012466546174927373
oxford_degradation_1,Cell1,5000,cyc5000,C1dc,0.6042869401481527,0.74,81.66039731731793,2944,2942.1113703399897,True,,4.116590003638333,4.087276001165191,4.0166969008068945,3.9314013,4.012901329121559,-0.0003332767121421758,40.01533135639168,4.04527099817642e-07
oxford_degradation_1,Cell1,5100,cyc5100,C1dc,0.6032069763171048,0.74,81.51445625906823,2938,2936.715815216303,True,,4.11799334104714,4.088719355744361,4.018862570124723,3.9316018,4.014333958784825,-0.0003362770013632172,40.00534480849317,4.789168734475879e-06
oxford_degradation_1,Cell1,5200,cyc5200,C1dc,0.5998239008415256,0.74,81.05728389750347,2922,2920.5457661300898,True,,4.114035103897612,4.083437401865178,4.014864001523935,3.9324956,4.011618072432626,-0.00032183756410860586,40.29242679884827,-6.474650433574425e-07
oxford_degradation_1,Cell1,5300,cyc5300,C1dc,0.5998621534882067,0.74,81.06245317408198,2922,2920.514625683427,True,,4.117243261439192,4.087608240664298,4.01743074055332,3.931854,4.013666813933855,-0.0003329481812787724,40.31285317692557,0.062411074821746126
oxford_degradation_1,Cell1,5400,cyc5400,C1dc,0.5981587016015489,0.74,80.8322569731823,2914,2912.368632853031,True,,4.116962352835066,4.0875682190497775,4.017710958487561,3.9317338,4.013475737207615,-0.00033328069569485354,40.31216551745551,-0.06240900000000238
oxford_degradation_1,Cell1,5500,cyc5500,C1dc,0.5942801484523484,0.74,80.30812816923628,2895,2893.270969390869,True,,4.111147897847805,4.0800290012817095,4.013099700627634,3.9306509,4.009352714028163,-0.00031822432819654295,40.34168125656176,0.08737891069715431
oxford_degradation_1,Cell1,5600,cyc5600,C1dc,0.5944675726175096,0.74,80.33345575912291,2896,2894.293062016368,True,,4.11511795251664,4.085402405093424,4.016066762770552,3.9304104,4.011841777416531,-0.00033119183061794063,40.36800657042074,-0.012476237577509153
oxford_degradation_1,Cell1,5700,cyc5700,C1dc,0.592857351306983,0.74,80.11585828472744,2888,2886.456874385476,True,,4.114997349464941,4.085563146061199,4.0157861138171125,3.9303303,4.011808983592168,-0.00033189622576317083,40.37868022593738,0.037439050873736335
oxford_degradation_1,Cell1,5800,cyc5800,C1dc,0.5904253670448166,0.74,79.78721176281306,2876,2874.482759088278,True,,4.112390997704755,4.081994097990856,4.013139698116204,3.9285657,4.009370954294476,-0.0003273436819241491,40.38321068478483,0.0998459106971552
oxford_degradation_1,Cell1,5900,cyc5900,C1dc,0.5894471143131172,0.74,79.65501544771854,2871,2869.8836892843246,True,,4.114155270332149,4.084440134745525,4.015144592399025,3.9291272,4.010935508054546,-0.0003319940900623436,40.35915303305617,-0.06239791768881986
oxford_degradation_1,Cell1,6000,cyc6000,C1dc,0.5881173065952116,0.74,79.47531170205562,2865,2863.4109020233154,True,,4.1138343697028015,4.084159366332372,4.01486379295454,3.9290469,4.010617601687034,-0.0003319100593105648,40.369143398162436,0.03747375156713417
oxford_degradation_1,Cell1,6100,cyc6100,C1dc,0.5855603691386313,0.74,79.12977961332855,2853,2851.13336853683,True,,4.108900102339344,4.078302900581724,4.011172800538227,3.9278822,4.007211611105535,-0.00032047350366933215,40.385252233727826,-0.012466757327814548
oxford_degradation_1,Cell1,6200,cyc6200,C1dc,0.5857463794615072,0.74,79.15491614344691,2853,2851.9239094108343,True,,4.112750052509243,4.082914316944813,4.013578766457677,3.9279623,4.009432398636708,-0.00033123749730151926,40.407948847477044,0.07490930505777271
oxford_degradation_1,Cell1,6300,cyc6300,C1dc,0.5841518310216064,0.74,78.9394366245414,2846,2844.256731122732,True,,4.112268862937035,4.082834085668107,4.0132578620973876,3.9274411,4.009113723336293,-0.0003314846225775038,40.37595434974918,0.11235294879009672
oxford_degradation_1,Cell1,6400,cyc6400,C1dc,0.5812757619596863,0.74,78.55077864320086,2831,2829.9699649214745,True,,4.106293697992644,4.07585670128171,4.009729400985931,3.9271603,4.005770910149909,-0.00031682546468150174,40.413848382455214,-0.03743800000000164
oxford_degradation_1,Cell1,6500,cyc6500,C1dc,0.5816547783101196,0.74,78.60199706893508,2834,2832.082737609744,True,,4.111466855476028,4.081029822804399,4.012215540553918,3.9265587,4.007922399937891,-0.00033044205336996304,40.425650152176,0.024971000000000743
oxford_degradation_1,Cell1,6600,cyc6600,C1dc,0.5800334389678039,0.74,78.38289715781134,2826,2824.2541540414095,True,,4.110865069668879,4.081190014295616,4.011934713816245,3.9262381,4.007834867491167,-0.00033093616678060234,40.45152743907194,0.11231490136211875
oxford_degradation_1,Cell1,6700,cyc6700,C1dc,0.5776338801898363,0.74,78.05863245808598,2814,2812.692368030548,True,,4.104971897992644,4.074655097990856,4.010091797802498,3.9282846,4.006048068737212,-0.0003118162732573368,40.32374900477643,0.037433910697153294
oxford_degradation_1,Cell1,6800,cyc6800,C1dc,0.5775893924134589,0.74,78.05262059641336,2814,2812.4129690229893,True,,4.109904237698139,4.079587405093424,4.011093984699256,3.926039,4.006919265990025,-0.0003274201994988438,40.360746443986564,-0.0499404604538114
oxford_degradation_1,Cell1,6900,cyc6900,C1dc,0.576416770813853,0.74,77.89415821808825,2808,2806.68898075819,True,,4.110104958501725,4.0796679785160075,4.010973710249447,3.9257183,4.006851406822863,-0.0003290785659937118,40.411134025164,0.024971000000000743
oxford_degradation_1,Cell1,7000,cyc7000,C1dc,0.5730979789577467,0.74,77.44567283212793,2792,2790.545767173171,True,,4.103648698279103,4.0732918013979384,4.008768596232407,3.92644,4.004438907889726,-0.0003133228112653413,40.31943652024309,0.0749131338845288
oxford_degradation_1,Cell1,7100,cyc7100,C1dc,0.5730979789577467,0.74,77.44567283212793,2792,2790.545767173171,True,,4.103648698279103,4.0732918013979384,4.008768596232407,3.92644,4.004438907889726,-0.0003133228112653413,40.31943652024309,0.0749131338845288
oxford_degradation_1,Cell1,7200,cyc7200,C1dc,0.5749714659926826,0.74,77.69884675576792,2801,2799.6925693005323,True,,4.1120700978478055,4.0813923009324435,4.011815998746743,3.9262395,4.007860651355953,-0.00033127587665605164,40.39705697235912,0.13732577680905678
oxford_degradation_1,Cell1,7300,cyc7300,C1dc,0.5720375640082297,0.74,77.30237351462563,2787,2785.3161938488483,True,,4.108661152546235,4.078464934730727,4.009289566494669,3.9233923,4.005165719584729,-0.00033063910669497347,40.425426600797344,0.09988338276492215
oxford_degradation_1,Cell1,7400,cyc7400,C1dc,0.570436583787218,0.74,77.08602483611054,2779,2777.6170302182436,True,,4.1084608393293545,4.07806395278464,4.0092494238533325,3.9231517,4.004734818939636,-0.0003311936579650012,40.41090061337638,0.024977296249801384
oxford_degradation_1,Cell1,7500,cyc7500,C1dc,0.5682678595139941,0.74,76.79295398837758,2768,2766.965166851878,True,,4.1041869977065195,4.073469197131122,4.006299497489576,3.9222467,4.002063188638384,-0.00032334317618519786,40.38548258528479,0.024971044718029134
oxford_degradation_1,Cell1,7600,cyc7600,C1dc,0.5677929103307428,0.74,76.72877166631659,2766,2764.6908279508352,True,,4.107355067365692,4.077198988073792,4.008023584519323,3.9219258,4.003885177800842,-0.0003315105062696954,40.416800662010196,0.07487499999999869
oxford_degradation_1,Cell1,7700,cyc7700,C1dc,0.5667532309264086,0.74,76.58827444951469,2761,2759.5988519489765,True,,4.107355046103221,4.0771588797288265,4.008143692997567,3.9214847,4.003756043621746,-0.00033217162949941015,40.451748064094126,-0.024971000000000743
oxford_degradation_1,Cell1,7800,cyc7800,C1dc,0.5642265724626601,0.74,76.24683411657568,2749,2747.1667628735304,True,,4.101820898997573,4.071464497704755,4.004895696862947,3.920362,4.000639249200593,-0.0003214008557191264,40.38434896492565,0.09984986611189584
oxford_degradation_1,Cell1,7900,cyc7900,C1dc,0.5643176975749817,0.74,76.25914832094348,2749,2747.76824824512,True,,4.105991755483874,4.075755046598405,4.006780513344509,3.9204421,4.002400697110382,-0.0003318924720578563,40.419974129645446,0.037475304799009734
oxford_degradation_1,Cell1,8000,cyc8000,C1dc,0.5630464545433012,0.74,76.08735872206772,2743,2741.670685261488,True,,4.10543006966888,4.075554746061199,4.006579675743779,3.9202015,4.002133776304974,-0.0003323802891796606,40.39568894842097,0.0998787549601019
oxford_degradation_1,Cell1,8100,cyc8100,C1dc,0.5600135969052836,0.74,75.6775130953086,2728,2726.6395658254623,True,,4.10005659813641,4.069819896272104,4.004254295919485,3.9202015,3.9995988017569446,-0.0003189091557517147,40.40091276288454,0.08737859819264315
oxford_degradation_1,Cell1,8200,cyc8200,C1dc,0.5606495828680589,0.74,75.76345714433228,2732,2730.0520699471235,True,,4.104106873291804,4.074110933651021,4.004935714430586,3.9185975,4.000741910113639,-0.0003316270901270524,40.368466288239034,-0.037480847452535215
oxford_degradation_1,Cell2,0,cyc0000,C1dc,0.7348189656975843,0.74,99.2998602294033,3578,3576.775560155511,True,,4.139409099570133,4.11692240093099,4.0604048008057765,3.9687741,4.0526102411181855,-0.0003046611261279564,40.27158664664636,0.12474100000000021
oxford_degradation_1,Cell2,100,cyc0100,C1dc,0.7266220579061855,0.74,98.19216998732236,3539,3537.196686118841,True,,4.141974382081449,4.119246966846196,4.061807498949909,3.9680924,4.05363548904455,-0.00031079066353000164,40.16586495004472,0.2370506092192528
oxford_degradation_1,Cell2,200,cyc0200,C1dc,0.7221571400208163,0.74,97.58880270551572,3517,3515.669172629714,True,,4.142134679796062,4.119367059608932,4.0616068827462115,3.9666896,4.053349046130524,-0.00031349723003238695,40.15067360293825,0.2869516115836319
oxford_degradation_1,Cell2,300,cyc0300,C1dc,0.7192156200035367,0.74,97.19130000047794,3503,3501.0813519358635,True,,4.1417488979930015,4.118821097995148,4.061221096553154,3.9649811,4.052461905581523,-0.0003161430456454058,40.14976136081941,0.18714991069715126
oxford_degradation_1,Cell2,400,cyc0400,C1dc,0.7145823074647996,0.74,96.56517668443237,3480,3478.7271481007338,True,,4.14218996143958,4.119101434805367,4.0611008846632695,3.9640191,4.05221615610488,-0.00031883167269879884,40.14590688106817,0.1871508446411383
oxford_degradation_1,Cell2,500,cyc0500,C1dc,0.7111216758331502,0.74,96.09752376123652,3464,3462.128445133567,True,,4.142029232106563,4.118941200026398,4.060659779351349,3.9624557,4.051463303280684,-0.0003214768754159167,40.14274040476717,0.17463695790269895
oxford_degradation_1,Cell2,600,cyc0600,C1dc,0.7080616104027846,0.74,95.6840014057817,3449,3447.3192617297173,True,,4.14162863259751,4.118540700008583,4.060178975784551,3.9612932,4.050744709639323,-0.00032326597967759484,40.12617038294334,0.2620280000000008
oxford_degradation_1,Cell2,700,cyc0700,C1dc,0.7054509534216545,0.74,95.3312099218452,3434,3432.233354821801,True,,4.140677499854802,4.117669097708331,4.059107296553154,3.9597406,4.049501257245032,-0.0003263319015514207,40.17153975262893,0.21212395541787288
oxford_degradation_1,Cell2,800,cyc0800,C1dc,0.7019102314870742,0.74,94.85273398473976,3417,3415.117032453418,True,,4.140837679217916,4.117709550227922,4.058666627775096,3.9589791,4.049074087973949,-0.00032818144121162136,40.15293736238528,0.14971015254747044
oxford_degradation_1,Cell2,900,cyc0900,C1dc,0.6992549903478054,0.74,94.49391761456829,3404,3402.267725765705,True,,4.1406368697024964,4.117308550048827,4.058105361925278,3.9578166,4.0482840357303855,-0.00033043366407921305,40.14023901013742,0.26201875823777243
oxford_degradation_1,Cell2,1000,cyc1000,C1dc,0.6966637550136685,0.74,94.14375067752277,3391,3389.7319559007883,True,,4.140396562928631,4.1167873596089315,4.057424065535451,3.956975,4.047500618064002,-0.0003325300721485579,40.12163588068052,0.2121259523199015
oxford_degradation_1,Cell2,1100,cyc1100,C1dc,0.6939847933360154,0.74,93.78172882919127,3378,3376.775759831071,True,,4.140036339052345,4.116747620644733,4.056583293873701,3.9563737,4.046780231016634,-0.0003346541696585939,40.17588056939623,0.12477053586307107
oxford_degradation_1,Cell2,1200,cyc1200,C1dc,0.6912011130181581,0.74,93.40555581326461,3365,3363.325460627675,True,,4.140036210322366,4.116186431472112,4.056302061805968,3.9554117,4.04594855928045,-0.00033669555751953165,40.14890222310612,0.1746830000000017
oxford_degradation_1,Cell2,1300,cyc1300,C1dc,0.6882824454375679,0.74,93.01114127534701,3351,3349.162944406271,True,,4.139154331196651,4.115625305020357,4.054899994117272,3.9543695,4.044820285616288,-0.00033854764493864624,40.1547700220063,0.12474674107862427
oxford_degradation_1,Cell2,1400,cyc1400,C1dc,0.6854468687684393,0.74,92.62795523897829,3337,3335.408553108573,True,,4.138953963405707,4.115064689440254,4.053857729379815,3.9530468,4.04377337747698,-0.00034064838713796934,40.1477144763661,0.1745736102767239
oxford_degradation_1,Cell2,1600,cyc1600,C1dc,0.6795110214082981,0.74,91.82581370382407,3308,3306.0645561665297,True,,4.137227097417938,4.112896399137406,4.050686798116204,3.9501173,4.040541960532217,-0.0003451695176917666,40.20579306575606,0.11227477694495747
oxford_degradation_1,Cell2,1800,cyc1800,C1dc,0.6740054456104837,0.74,91.0818169743897,3281,3279.3429650366306,True,,4.136104598995428,4.111573701629524,4.048401800358073,3.9480331,4.038421217401529,-0.00034761563903355124,40.17335449931742,0.149711776809049
oxford_degradation_1,Cell2,1900,cyc1900,C1dc,0.6706497832609933,0.74,90.62834908932342,3265,3263.019758462906,True,,4.135246298710745,4.110996197418654,4.046261299687077,3.9470549,4.036838751576851,-0.0003492040834400042,40.10983583405783,0.13724882151769435
oxford_degradation_1,Cell2,2000,cyc2000,C1dc,0.6673525808571167,0.74,90.18278119690765,3249,3247.0173608511686,True,,4.134610201817546,4.11031960011652,4.044582400627634,3.9459774,4.035459616622021,-0.00035007017713524193,40.05539138690278,0.14971159573865833
oxford_degradation_1,Cell2,2100,cyc2100,C1dc,0.6652355876842753,0.74,89.89670103841559,3238,3236.841445416212,True,,4.134930558480223,4.110238952591103,4.04458227026867,3.946218,4.03566282857814,-0.00034973829041474113,40.12503234668976,0.09984784464113972
oxford_degradation_1,Cell2,2200,cyc2200,C1dc,0.6615433404840155,0.74,89.39774871405616,3220,3218.7835570424795,True,,4.1335019985659045,4.1084498971318375,4.041470498429909,3.9445887,4.033207362779096,-0.0003501376892871869,40.11187789499703,0.04990813373566283
oxford_degradation_1,Cell2,2300,cyc2300,C1dc,0.6597519802009176,0.74,89.155673000124,3212,3210.1344790309668,True,,4.133822385188418,4.108890446657592,4.041630627955028,3.9451499,4.0335934477993645,-0.00034983518490357184,40.15679914157075,0.06240523026389866
oxford_degradation_1,Cell2,2400,cyc2400,C1dc,0.6562873914063992,0.74,88.68748532518909,3195,3193.1903645396233,True,,4.132434799427084,4.107101901397939,4.038959998120116,3.9434414,4.031460975114304,-0.00035012165176057824,40.16632308125136,0.08734082153021916
oxford_degradation_1,Cell2,2500,cyc2500,C1dc,0.6546501051945632,0.74,88.46623043169774,3187,3185.3323101997375,True,,4.132996082184492,4.1075028406642975,4.039440981476565,3.9440427,4.031946209503917,-0.00034967226666290593,40.190140968081366,0.04990492229285337
oxford_degradation_1,Cell2,2600,cyc2600,C1dc,0.6503893528573779,0.74,87.89045308883485,3166,3164.4575592130423,True,,4.130723997849594,4.104589501514168,4.03520490053711,3.9418106,4.028523426376892,-0.00034925193380818564,40.183339524318264,0.12477904458167899
oxford_degradation_1,Cell2,2700,cyc2700,C1dc,0.6496653133077699,0.74,87.79260990645538,3163,3161.0595289617777,True,,4.13140537032475,4.105551134804712,4.0361667594466795,3.9424119,4.0296310546827945,-0.00034923451852759214,40.17630588653983,0.16221323023603418
oxford_degradation_1,Cell2,2800,cyc2800,C1dc,0.6471329168947415,0.74,87.45039417496507,3150,3148.7548984587193,True,,4.130643379796062,4.104669539320951,4.035565744672878,3.9420111,4.02875865142477,-0.00034817852243475847,40.189005085195895,0.09980171047364195
oxford_degradation_1,Cell2,2900,cyc2900,C1dc,0.6421348249865453,0.74,86.77497634953315,3126,3124.4575649499893,True,,4.12835880259992,4.101422801397939,4.030475101523041,3.9395258,4.025194296218775,-0.00034706655977113996,40.101440200290156,4.850915686915869e-07
oxford_degradation_1,Cell2,3000,cyc3000,C1dc,0.6417052831471693,0.74,86.71693015502288,3124,3122.3301876336336,True,,4.129681567365363,4.103186534731384,4.03332079627454,3.9410088,4.02708683990835,-0.00034783940846257454,40.199219024951375,0.06236638550235796
oxford_degradation_1,Cell2,3100,cyc3100,C1dc,0.6389952205493706,0.74,86.35070547964469,3111,3109.181958809495,True,,4.128719762929003,4.101983966265477,4.032038082171707,3.9401271,4.026069435720693,-0.0003465015263995173,40.17130984682013,0.03744119403993551
oxford_degradation_1,Cell2,3200,cyc3200,C1dc,0.6349703545346578,0.74,85.80680466684565,3091,3089.5747628062963,True,,4.12639470259992,4.099057700232748,4.027749500537333,3.9384437,4.022846130950336,-0.0003436844253996358,40.12616970070471,0.03743743385133058
oxford_degradation_1,Cell2,3300,cyc3300,C1dc,0.6342086228227167,0.74,85.70386794901577,3087,3085.954635590315,True,,4.127356466713561,4.100140050214131,4.029873698949909,3.9393253,4.024399775680441,-0.0003452314455882154,40.120275853034656,0.09984599999999944
oxford_degradation_1,Cell2,3500,cyc3500,C1dc,0.6277048777025079,0.74,84.82498347331189,3056,3054.2515587061644,True,,4.123655297849572,4.095316400286816,4.024889497179782,3.9378285,4.020685973827912,-0.0003370663110960359,39.90499050437756,0.08734095541786502
oxford_degradation_1,Cell2,3600,cyc3600,C1dc,0.6281200744890406,0.74,84.88109114716765,3058,3056.3992638140917,True,,4.1263808822214845,4.09904371695961,4.028136136828459,3.9395921,4.023238063217222,-0.00034180446039439526,40.015469391284284,-0.024968230162052407
oxford_degradation_1,Cell2,3700,cyc3700,C1dc,0.6261354826394687,0.74,84.61290305938766,3048,3046.7258501797915,True,,4.126260756197226,4.098482465262254,4.027174516808601,3.9390709,4.022728593596211,-0.00034096789857246423,40.060606259377856,0.09980070734329871
oxford_degradation_1,Cell2,3800,cyc3800,C1dc,0.6211583132684733,0.74,83.94031260384774,3024,3022.4153604358435,True,,4.122572898997216,4.093672796558206,4.022163897179782,3.9370267,4.018932447178071,-0.0003334605242289579,40.077851937153476,0.06236991083663668
oxford_degradation_1,Cell2,3900,cyc3900,C1dc,0.6214628930235764,0.74,83.98147203021303,3025,3023.965100571513,True,,4.124937973291535,4.096598546657056,4.025290425904356,3.9383094,4.021201072638473,-0.0003388512993608686,40.08080249004226,0.02493576976397094
oxford_degradation_1,Cell2,4000,cyc4000,C1dc,0.6195183548363004,0.74,83.71869659950005,3016,3014.485087618232,True,,4.124456836001896,4.095997719133821,4.025009313665482,3.9377081,4.020689445179638,-0.0003381566384436371,40.10757064028142,0.11230551305123271
oxford_degradation_1,Cell2,4100,cyc4100,C1dc,0.6155350095355564,0.74,83.18040669399412,2997,2995.054967701435,True,,4.120969798852378,4.091908901165481,4.021202097489576,3.9363453,4.017686238876161,-0.00033197971989652655,40.07399175000566,-0.012466598478738433
oxford_degradation_1,Cell2,4200,cyc4200,C1dc,0.614882118484026,0.74,83.09217817351703,2993,2991.8401692062616,True,,4.121852404416818,4.0931525016309775,4.022525800447704,3.9362261,4.018523077844499,-0.000334919323067075,40.09463686016291,0.012504838138596597
oxford_degradation_1,Cell2,4300,cyc4300,C1dc,0.6128973459219055,0.74,82.82396566512237,2984,2982.2917599231005,True,,4.122333443624251,4.09347332881267,4.0226058133445095,3.9358652,4.018662185689165,-0.00033638777925776254,40.0699124306996,0.02493392228357294
oxford_degradation_1,Cell2,4400,cyc4400,C1dc,0.6109128049558445,0.74,82.5557844534925,2974,2972.6561453193426,True,,4.121291183166186,4.092831992189633,4.022084648324169,3.9352641,4.018033224277111,-0.00033588274684649737,40.06083247369777,0.02497624176221791
oxford_degradation_1,Cell2,4500,cyc4500,C1dc,0.6072824549141099,0.74,82.06519661001485,2956,2954.932966455817,True,,4.117804102076825,4.088382700698244,4.018637700895184,3.933861,4.015008888702527,-0.0003291142179815472,40.035201183059634,0.03744059569329039
oxford_degradation_1,Cell2,4600,cyc4600,C1dc,0.6069661398070711,0.74,82.02245132527989,2955,2953.474998101592,True,,4.120288753883547,4.091268428134581,4.0209620846992555,3.9344223,4.016857673934279,-0.0003347983678778349,40.03927557540486,0.04990240638056065
oxford_degradation_1,Cell2,4800,cyc4800,C1dc,0.6032893260278693,0.74,81.52558459836072,2937,2935.5954129248857,True,,4.119213568391337,4.089952454332819,4.020006989777925,3.9338677,4.015822205183431,-0.00033331630527460996,40.05062614749107,0.1247356274901108
oxford_degradation_1,Cell2,5000,cyc5000,C1dc,0.5656961522931484,0.74,76.4454259855606,2754,2752.6801709085703,True,,4.084550403637685,4.0543675017472225,3.987188100716817,3.8999264,3.981954502231323,-0.00033014908214841867,40.003213968505385,0.062369434104134314
oxford_degradation_1,Cell2,5100,cyc5100,C1dc,0.5779189479132827,0.74,78.09715512341658,2814,2812.2671641409397,True,,4.099541658472406,4.069919981387782,3.999493436939435,3.9101076,3.9944298081005205,-0.0003412147619426599,40.025901102446724,0.12477992229285206
oxford_degradation_1,Cell2,5200,cyc5200,C1dc,0.5754802012975294,0.74,77.76759476993641,2802,2800.3697734326124,True,,4.092120602859199,4.060975601397939,3.99547960053711,3.9105027,3.9906366618016667,-0.00032049197796520915,40.16881779471531,0.07483659571272483
oxford_degradation_1,Cell2,5300,cyc5300,C1dc,0.5808788758005541,0.74,78.49714537845325,2828,2826.7119459807873,True,,4.10182085255411,4.071718134731384,4.001692211108318,3.9130278,3.996962431281387,-0.00033880345611874167,40.219406008423306,0.11227584745252983
oxford_degradation_1,Cell2,5400,cyc5400,C1dc,0.5810260227335511,0.74,78.51703009912853,2829,2827.4685502052307,True,,4.102622450954873,4.072800107241171,4.002814592952458,3.9138296,3.9978923201445538,-0.0003401836793662697,40.21237284120273,0.08734082327453763
oxford_degradation_1,Cell2,5500,cyc5500,C1dc,0.5759512937736342,0.74,77.83125591535597,2804,2802.703768014908,True,,4.095006500259279,4.063500902096181,3.9980450005371098,3.913589,3.9933513926839805,-0.0003196386258581177,40.210108753550344,0.0249304045530252
oxford_degradation_1,Cell2,5600,cyc5600,C1dc,0.5788701634543729,0.74,78.22569776410445,2818,2816.939166560769,True,,4.102061274365543,4.072038666846197,4.002413627955028,3.9141903,3.9975789496546894,-0.00033724647829947883,40.24527222114587,0.01247019017948503
oxford_degradation_1,Cell2,5700,cyc5700,C1dc,0.5780391777470296,0.74,78.11340239824725,2814,2812.9225820302963,True,,4.1027426561972264,4.072920678725944,4.003175041279229,3.9141502,3.998172896574825,-0.0003393646632454203,40.26523947794856,0.07483929290882685
oxford_degradation_1,Cell2,5800,cyc5800,C1dc,0.575294154472195,0.74,77.74245330705338,2801,2799.5353683829308,True,,4.099215497706543,4.068791901514167,3.9994879003580732,3.9119856,3.994862906571425,-0.0003351712993247928,40.2675042259052,0.049901044731882394
oxford_degradation_1,Cell2,5900,cyc5900,C1dc,0.5746726428197767,0.74,77.65846524591578,2798,2796.532578393817,True,,4.102382146590469,4.072760040738282,4.0024537703694385,3.9134688,3.9976146859133666,-0.0003404133171484012,40.240958688859315,0.0
oxford_degradation_1,Cell2,6000,cyc6000,C1dc,0.5730003167713386,0.74,77.43247523937008,2790,2788.4132098406553,True,,4.1022214124355925,4.072279432580701,4.002493658487562,3.9128275,3.9972976354902667,-0.000340668564999512,40.24889691416355,0.1372584359283806
oxford_degradation_1,Cell2,6100,cyc6100,C1dc,0.567463746839281,0.74,76.68429011341635,2763,2761.359564587474,True,,4.095339798136033,4.065116895412371,3.997175698117769,3.9109962,3.9925288390588216,-0.00032847713572251925,40.25933509902842,0.0748790445714036
oxford_degradation_1,Cell2,6200,cyc6200,C1dc,0.5704755641019321,0.74,77.09129244620705,2778,2776.106809079647,True,,4.101272067402684,4.071209358524613,4.001304013524441,3.9124794,3.9964401127768205,-0.00034006150117286423,40.27476648555524,0.09985238418733644
oxford_degradation_1,Cell2,6300,cyc6300,C1dc,0.5688010284364555,0.74,76.86500384276425,2769,2767.9844431579113,True,,4.1010317730306,4.0712899123935715,4.001183810208329,3.9120786,3.9961770744298826,-0.0003408754252508931,40.24118756729363,0.11227504768010022
oxford_degradation_1,Cell2,6400,cyc6400,C1dc,0.5627251821399774,0.74,76.04394353242937,2740,2738.3191645145416,True,,4.0936564984228525,4.062952497704755,3.9963337978048457,3.9106355,3.9915850591860087,-0.00032452224805776904,40.26772827676042,0.18719082139252663
oxford_degradation_1,Cell2,6500,cyc6500,C1dc,0.5657941735212776,0.74,76.45867209746994,2755,2753.3408291637897,True,,4.099789055520418,4.06948601102604,3.9996605517362194,3.9105954,3.994683020716251,-0.0003392383501575352,40.287016884749676,0.08734407489572504
oxford_degradation_1,Cell2,6600,cyc6600,C1dc,0.5638357095455017,0.74,76.19401480344618,2745,2743.90207529068,True,,4.099909236001252,4.069686359608932,3.9998609757868056,3.9106355,3.9948258201377884,-0.00034028748577928,40.30198838774647,0.02493405129394688
oxford_degradation_1,Cell2,6700,cyc6700,C1dc,0.5614334759774203,0.74,75.86938864559734,2734,2732.053769007325,True,,4.087575897420084,4.057633895699187,3.9939412978048456,3.909806,3.9888629694040287,-0.0003148932505444063,40.220087711097825,0.024971044570953893
oxford_degradation_1,Cell2,6800,cyc6800,C1dc,0.5640030095218641,0.74,76.21662290836001,2746,2744.6766436100006,True,,4.098558864405977,4.068015528797873,3.999272211034333,3.9114494,3.9944359474809676,-0.00033422283823988355,40.27135992222362,0.09980615556225558
oxford_degradation_1,Cell2,6900,cyc6900,C1dc,0.5621277485994194,0.74,75.96320927019181,2737,2735.6104888021946,True,,4.099120025907687,4.068696885466193,3.9992322137301906,3.9106879,3.9943426350209292,-0.00033702218609638545,40.298581122988644,0.13723870694383322
oxford_degradation_1,Cell2,7000,cyc7000,C1dc,0.5562119202810296,0.74,75.16377301094995,2708,2706.7365657538176,True,,4.092185498137841,4.061802396845022,3.9970275968652946,3.9121711,3.9920973743685177,-0.00031862924354176115,40.218046872479306,0.03743817846978459
oxford_degradation_1,Cell2,7100,cyc7100,C1dc,0.5563346788557026,0.74,75.18036200752739,2709,2707.616565003991,True,,4.0929874982794425,4.062002698280533,3.9942619962362813,3.9076016,3.9894423956564844,-0.00032989435542024283,40.37276003233602,0.17468613388586363
oxford_degradation_1,Cell2,7200,cyc7200,C1dc,0.556887525681366,0.74,75.25507103802244,2712,2710.0442826747894,True,,4.09711597625832,4.066652217018798,3.996827266533004,3.9079223,3.9919740968118003,-0.00033882126384614583,40.31650306076484,0.08734407489572504
oxford_degradation_1,Cell2,7300,cyc7300,C1dc,0.5571166198494262,0.74,75.28602970938192,2713,2711.2063262611628,True,,4.09635447639232,4.065930766349181,3.996225944758932,3.9063189,3.99107258218885,-0.00034112466503380206,40.30471632844773,0.07488863026263459
oxford_degradation_1,Cell2,7400,cyc7400,C1dc,0.5014350458651226,0.74,67.76149268447602,2442,2440.302173048258,True,,4.052583197993002,4.020797301280257,3.952053995924961,3.8595014,3.945715754883152,-0.00034545907285727815,40.295181432532516,0.04990717845905124
oxford_degradation_1,Cell2,7500,cyc7500,C1dc,0.562233702061415,0.74,75.97752730559662,2738,2736.1862551420927,True,,4.094710755513467,4.063806446657592,3.993780796163565,3.9033527,3.9884802785003735,-0.0003428926531192481,40.265010891714304,0.01246969209366
oxford_degradation_1,Cell2,7600,cyc7600,C1dc,0.5586320678634678,0.74,75.49081998154969,2720,2718.6341173946857,True,,4.0941895360012515,4.06376643259751,3.993740748281662,3.9033127,3.988384013534269,-0.0003434709875393066,40.326254926201656,0.07484099999999927
oxford_degradation_1,Cell2,7700,cyc7700,C1dc,0.544914770679986,0.74,73.63713117297107,2653,2651.76436342299,True,,4.076633497276319,4.045729196558206,3.9771863981185507,3.8883214,3.9719055449992338,-0.00033652204048235067,40.326030497680534,0.07487513374862687
oxford_degradation_1,Cell3,0,cyc0000,C1dc,0.735119595112905,0.74,99.34048582606825,3588,3586.116959899664,True,,4.1419225023393444,4.1193838,4.062595799820964,3.9719605,4.05491863425444,-0.0003034277663350801,40.17209187453902,0.11235399999999629
oxford_degradation_1,Cell3,100,cyc0100,C1dc,0.7266872270437655,0.74,98.20097662753588,3547,3545.7776594907045,True,,4.14248367625832,4.11970465251664,4.062315396088536,3.9692736,4.054412476691568,-0.00030857814828738335,40.10763818513286,0.11230830786919199
oxford_degradation_1,Cell3,200,cyc0200,C1dc,0.7227328355075854,0.74,97.66659939291694,3528,3526.5503648668528,True,,4.1424035797626475,4.119503966332711,4.0620745819616,3.9677896,4.0539523976365865,-0.0003109267537856867,40.102416474397515,0.1747557041496961
oxford_degradation_1,Cell3,300,cyc0300,C1dc,0.7202066836195169,0.74,97.32522751615093,3515,3513.6659547686577,True,,4.142011199138836,4.119031396269243,4.061401396549242,3.9659133,4.053021088913264,-0.00031334783886002756,40.099240020793616,0.08734491083305329
oxford_degradation_1,Cell3,400,cyc0400,C1dc,0.7160503279000582,0.74,96.7635578243322,3495,3493.8519302755594,True,,4.141850485180871,4.119071428812671,4.061200936643499,3.9648705,4.052628679544409,-0.0003158510088867297,40.08834700588993,0.12481823016204885
oxford_degradation_1,Cell3,500,cyc0500,C1dc,0.7130840304729683,0.74,96.36270682067139,3481,3479.8320204019547,True,,4.14201113595923,4.118830649959756,4.060479234464896,3.9637878,4.051979725464049,-0.0003178057045652963,40.096062877029745,0.062453292972122654
oxford_degradation_1,Cell3,600,cyc0600,C1dc,0.7100583119725138,0.74,95.9538259422316,3467,3465.4810421168804,True,,4.141610066298755,4.118509721421319,4.059997410206419,3.962745,4.0512148482351265,-0.00031981690538819687,40.08266865818443,0.17476304776414509
oxford_degradation_1,Cell3,700,cyc0700,C1dc,0.7085077117739089,0.74,95.74428537485255,3450,3448.430360108614,True,,4.140848603900853,4.117548001048963,4.0590763007172646,3.9607809,4.050035949018637,-0.0003229259985196676,40.10695520629349,0.024970757062057203
oxford_degradation_1,Cell3,800,cyc0800,C1dc,0.7055725275613336,0.74,95.34763885963967,3436,3434.3668073415756,True,,4.141049367365364,4.117868787247368,4.058955507197898,3.9598181,4.049749257722637,-0.00032458672650182053,40.12012719971213,0.08738484747111386
oxford_degradation_1,Cell3,900,cyc0900,C1dc,0.7032127351410794,0.74,95.02874799203775,3424,3422.9703091084957,True,,4.140969246061742,4.11710688653631,4.058514380983929,3.9586954,4.049050706013855,-0.00032650181576531823,40.12397159789882,0.06241200000000191
oxford_degradation_1,Cell3,1000,cyc1000,C1dc,0.7008922491815016,0.74,94.71516880831103,3413,3411.8161249905825,True,,4.14028737639232,4.1171067922064415,4.058193631070901,3.9578531,4.048361640352144,-0.00032834025489743984,40.11081586012757,0.07491090136212364
oxford_degradation_1,Cell3,1100,cyc1100,C1dc,0.698670302850613,0.74,94.41490579062338,3403,3401.112350821495,True,,4.140167425757947,4.116666097972595,4.057312702816642,3.957011,4.047710848066566,-0.0003301447827707666,40.15734769607751,0.09988514589593933
oxford_degradation_1,Cell3,1200,cyc1200,C1dc,0.6963460284543626,0.74,94.10081465599494,3391,3389.894065260887,True,,4.140006669365376,4.116265023523611,4.056750577129692,3.9560485,4.046951048378894,-0.0003322861524519553,40.13238532335627,0.16228428470135015
oxford_degradation_1,Cell3,1300,cyc1300,C1dc,0.6939320435294495,0.74,93.77460047695263,3380,3378.16597558558,True,,4.139645692141901,4.115704115296813,4.056029047404472,3.9548051,4.046005304444515,-0.0003342598136811259,40.12646385354452,0.025009374851727273
oxford_degradation_1,Cell3,1400,cyc1400,C1dc,0.6914782753365478,0.74,93.44301018061458,3368,3366.2783313542604,True,,4.1391246080698885,4.1152228853464,4.055388124813895,3.9540031,4.0452380301019355,-0.00033611625095492114,40.14145440777384,0.0998182687060094
oxford_degradation_1,Cell3,1600,cyc1600,C1dc,0.6864039761027119,0.74,92.75729406793404,3343,3341.0129584372044,True,,4.137754898422495,4.113933097704755,4.05337569560578,3.9511902,4.042733533347078,-0.000341527724860784,40.17935638643099,0.09984617860747846
oxford_degradation_1,Cell3,1800,cyc1800,C1dc,0.681126422723104,0.74,92.04411117879783,3317,3315.5101597309113,True,,4.136912797993002,4.112850201048962,4.051450695922615,3.9493454,4.040729745805838,-0.0003450781274838237,40.15416181877156,0.062413357071889664
oxford_degradation_1,Cell3,1900,cyc1900,C1dc,0.6782317768750306,0.74,91.65294282095007,3303,3301.362358778715,True,,4.136541398708969,4.11231850128171,4.050116996862948,3.9480917,4.0395067623803715,-0.000347432653284137,40.096288428796676,0.04990708930284882
oxford_degradation_1,Cell3,2000,cyc2000,C1dc,0.6754148558999498,0.74,91.27227782431754,3289,3287.679562345147,True,,4.135822302339993,4.111679600815925,4.048435201344004,3.9471319,4.03825883410816,-0.0003490680356532142,40.06315129672969,0.16229616161508176
oxford_degradation_1,Cell3,2100,cyc2100,C1dc,0.6733918106771276,0.74,90.99889333474698,3280,3278.077995032072,True,,4.13586238518102,4.111318588147776,4.048515170124723,3.9470515,4.038160294771009,-0.00034830849289514107,40.1242017502796,-0.07486853506291169
oxford_degradation_1,Cell3,2200,cyc2200,C1dc,0.6699072324045647,0.74,90.52800437899523,3262,3260.94275303185,True,,4.135056497131809,4.110191797991571,4.046064896862165,3.9456038,4.036051260667096,-0.0003511227744498917,40.117395246059594,0.14979113388944398
oxford_degradation_1,Cell3,2300,cyc2300,C1dc,0.6679872304226007,0.74,90.2685446517028,3253,3251.793235167861,True,,4.134815673291804,4.110031082229061,4.04562372773911,3.9455638,4.03601614515219,-0.00035000722266967274,40.14713331053098,0.0748750000000058
oxford_degradation_1,Cell3,2400,cyc2400,C1dc,0.6651830232248432,0.74,89.88959773308693,3239,3237.9625618457794,True,,4.134177198422511,4.109312498568064,4.043581497493488,3.9441233,4.034283355869864,-0.0003525749585967046,40.16823372567886,-0.012465732230950266
oxford_degradation_1,Cell3,2500,cyc2500,C1dc,0.6631787555105219,0.74,89.61875074466512,3230,3228.4272585064173,True,,4.134016970332447,4.109031646583608,4.043661897863832,3.9444842,4.034322593285779,-0.00035082347575070695,40.1929665213285,0.1123512299679632
oxford_degradation_1,Cell3,2600,cyc2600,C1dc,0.6596375677156238,0.74,89.14021185346267,3212,3210.9609581530094,True,,4.132693798279085,4.107508199140266,4.040132999059657,3.9426398,4.031630395418075,-0.0003537875340617579,40.182531951271066,0.16229577679607843
oxford_degradation_1,Cell3,2700,cyc2700,C1dc,0.6583707894367439,0.74,88.96902559955998,3207,3205.021883547306,True,,4.132693758472406,4.107387958450212,4.041135666457677,3.9430008,4.032247860391581,-0.00035164671050673065,40.18184933948072,0.012465999999996313
oxford_degradation_1,Cell3,2800,cyc2800,C1dc,0.6558547865798171,0.74,88.6290252134888,3194,3192.8066309541464,True,,4.132172556154764,4.106425764228975,4.039812496390175,3.9423993,4.031382341404415,-0.0003509956037850802,40.19841362092529,0.062405853597972794
oxford_degradation_1,Cell3,2900,cyc2900,C1dc,0.6519694142612814,0.74,88.10397490017317,3175,3173.9229574799538,True,,4.131209897706185,4.10514210151591,4.035881996236319,3.9407549,4.028462170154864,-0.0003535177378123049,40.13305533812779,0.11235391069715917
oxford_degradation_1,Cell3,3000,cyc3000,C1dc,0.6509774306129659,0.74,87.96992305580619,3171,3169.0697249025106,True,,4.131410564405977,4.1054229406642975,4.037646518118421,3.9413564,4.029565955128082,-0.00035159431226140634,40.21271521146572,0.062410847471113584
oxford_degradation_1,Cell3,3100,cyc3100,C1dc,0.6487293266569452,0.74,87.66612522391151,3160,3158.1708803772926,True,,4.1305684546812484,4.104259949959756,4.03640344106149,3.9409955,4.028709199742971,-0.00035069173415377215,40.19364774081357,0.024964650595386217
oxford_degradation_1,Cell3,3200,cyc3200,C1dc,0.6450933332983059,0.74,87.17477477004132,3142,3140.4109686613083,True,,4.1292448023399935,4.102495201748658,4.0321527004474795,3.9394314,4.02582621441691,-0.00035059375865262635,40.17413778018247,0.0125090808042998
oxford_degradation_1,Cell3,3500,cyc3500,C1dc,0.6381805844078301,0.74,86.24061951457163,3108,3106.7443639039993,True,,4.1270065036383325,4.099655201281419,4.028911100717265,3.9389174,4.023711638360768,-0.00034413035243838463,40.026157911479366,0.08734132372280357
oxford_degradation_1,Cell3,3600,cyc3600,C1dc,0.6377480160822042,0.74,86.182164335433,3106,3104.8842050135136,True,,4.12885085255411,4.1015800465984045,4.0313174625855925,3.9400003,4.025505942034584,-0.0003468035224541229,40.090847489695264,0.03747992228357333
oxford_degradation_1,Cell3,3700,cyc3700,C1dc,0.6358980555906101,0.74,85.93216967440677,3097,3095.8559699356556,True,,4.128209566298755,4.100978807063028,4.030194679136213,3.9395993,4.024844642589215,-0.0003461256511240028,40.11466878586764,0.062405853597972794
oxford_degradation_1,Cell3,3800,cyc3800,C1dc,0.6323420224158799,0.74,85.45162465079457,3080,3078.4681644290686,True,,4.126324698279102,4.097890899423507,4.026224096236319,3.938396,4.022066645219861,-0.00034182522154256454,40.14304436916603,-4.4585256375739846e-08
oxford_degradation_1,Cell3,3900,cyc3900,C1dc,0.6317149177351412,0.74,85.36688077501908,3077,3075.4510413855314,True,,4.1272468703247505,4.099695164442969,4.028349825719395,3.9389575,4.023511701394078,-0.0003449690269998064,40.150080587489775,0.11234999999999928
oxford_degradation_1,Cell3,4000,cyc4000,C1dc,0.6296603428366021,0.74,85.08923551845974,3067,3065.4480177909136,True,,4.126645535959874,4.098652732513467,4.027908597624443,3.9383559,4.02274242869415,-0.00034413175861074656,40.17028025937311,0.024976050611037692
oxford_degradation_1,Cell3,4100,cyc4100,C1dc,0.6266624752776828,0.74,84.68411828076795,3052,3050.797564163804,True,,4.124359600779133,4.095805201165191,4.02393820026956,3.9369524,4.019931639544017,-0.0003402292403637121,40.145311625765935,0.07491667627719778
oxford_degradation_1,Cell3,4200,cyc4200,C1dc,0.6256675662566967,0.74,84.54967111576983,3047,3045.8581622689962,True,,4.124229898565918,4.096477495699187,4.025212295295986,3.936542,4.020456832461808,-0.00034203615555561726,40.171640238524155,0.08737999999999602
oxford_degradation_1,Cell3,4300,cyc4300,C1dc,0.623802889529931,0.74,84.297687774315,3038,3036.983285844326,True,,4.124149758442813,4.096477369476251,4.0253328109233575,3.9366221,4.020565340595473,-0.0003424001786033042,40.15756861836502,0.06241292488230954
oxford_degradation_1,Cell3,4400,cyc4400,C1dc,0.6218625686928474,0.74,84.0354822557902,3029,3027.5074772536755,True,,4.123588059567317,4.095395039320951,4.024931727462117,3.93578,4.019959422626256,-0.0003415163080856291,40.1459949825181,0.049896853965798016
oxford_degradation_1,Cell3,4500,cyc4500,C1dc,0.6184472051369663,0.74,83.57394664013059,3012,3010.837360471487,True,,4.1207808982794605,4.091745396272104,4.020921196550025,3.9344566,4.016863494179235,-0.0003360242711191917,40.12397841331882,0.03747604458168041
oxford_degradation_1,Cell3,4600,cyc4600,C1dc,0.617397062827596,0.74,83.4320355172427,3007,3005.8173313736916,True,,4.122264867365692,4.093871052517119,4.02332726645902,3.9350581,4.018671710874896,-0.0003400935768905232,40.113080940056875,0.049946922283574224
oxford_degradation_1,Cell3,4800,cyc4800,C1dc,0.6138286055479532,0.74,82.94981156053422,2990,2988.490780815482,True,,4.120947796490882,4.092594057802969,4.0222109857225234,3.9341021,4.017502734916916,-0.00033875351217731376,40.1301051791738,0.1372815316904905
oxford_degradation_1,Cell3,5000,cyc5000,C1dc,0.6089248500447693,0.74,82.2871418979418,2966,2964.47197124362,True,,4.117972402858551,4.088575801747205,4.017992001345121,3.9318886,4.014034346957067,-0.000334992137724587,40.10355231880841,0.06241248561012469
oxford_degradation_1,Cell3,5100,cyc5100,C1dc,0.607559576722663,0.74,82.10264550306258,2960,2958.118988201022,True,,4.118894570332447,4.089939082229061,4.0194758856054,3.9324901,4.015257047270952,-0.0003372390886815356,40.08857221367129,0.02497861726261874
oxford_degradation_1,Cell3,5200,cyc5200,C1dc,0.6044512359157004,0.74,81.68259944806762,2944,2942.8571719676256,True,,4.115209603900205,4.08505110151562,4.01567080080667,3.9322541,4.0122736636953675,-0.0003262405608050859,40.17368023248677,-0.024974110109091896
oxford_degradation_1,Cell3,5300,cyc5300,C1dc,0.6043593651956009,0.74,81.67018448589201,2944,2942.5846125930548,True,,4.118337543624252,4.088740755744362,4.018357785569414,3.9319332,4.0143553313145635,-0.0003351579826396308,40.18593953698579,-0.037436999999997056
oxford_degradation_1,Cell3,5400,cyc5400,C1dc,0.6025054696849569,0.74,81.41965806553472,2935,2933.654395490885,True,,4.117816343379791,4.0884198285648345,4.018397765535103,3.9319332,4.014183194646603,-0.0003351687066608586,40.19251962903247,0.09984835015740856
oxford_degradation_1,Cell3,5500,cyc5500,C1dc,0.5994989362373487,0.74,81.01336976180389,2920,2918.7965601682663,True,,4.112923597561347,4.082203897704755,4.013625597803281,3.9304092,4.010168574831862,-0.00032348184405306494,40.2140788293149,-0.03743695528241631
oxford_degradation_1,Cell3,5600,cyc5600,C1dc,0.5996266429328138,0.74,81.03062742335321,2921,2919.5246390998363,True,,4.116252361409986,4.086815705034237,4.016793656780214,3.9306097,4.012674612000261,-0.00033377460075848637,40.22542490982552,0.03743984745253215
oxford_degradation_1,Cell3,5700,cyc5700,C1dc,0.5979470266185133,0.74,80.80365224574504,2913,2911.43163330853,True,,4.116131766298754,4.086615039320951,4.017034327460381,3.9304492,4.012703727278337,-0.0003338345769151697,40.27058281244398,0.09988504776414686
oxford_degradation_1,Cell3,5800,cyc5800,C1dc,0.5956181045337796,0.74,80.48893304510536,2901,2899.9353669583797,True,,4.113485303119126,4.083406901514458,4.014307500447703,3.9292862,4.010242203869744,-0.00032950355888262733,40.24108426714704,0.11231251466211489
oxford_degradation_1,Cell3,5900,cyc5900,C1dc,0.5941606611276211,0.74,80.29198123346232,2894,2892.9568592458963,True,,4.115009249549855,4.0854920525906255,4.016111885166223,3.9297276,4.011767534624533,-0.00033309760918883634,40.20568072267011,0.012466077633163763
oxford_degradation_1,Cell3,6000,cyc6000,C1dc,0.5922878485063985,0.74,80.0388984468106,2885,2883.9272763580084,True,,4.114407466298755,4.084970973055813,4.015951496390175,3.9295671,4.011459075326707,-0.0003323313875003371,40.265365405447604,0.08738295223585624
oxford_degradation_1,Cell3,6100,cyc6100,C1dc,0.5893378363478698,0.74,79.64024815511755,2871,2869.2587681114674,True,,4.109677798420723,4.079479196845021,4.011983397493488,3.9281256,4.0080286127091,-0.00032258332617323267,40.35455619509422,0.0624081338988276
oxford_degradation_1,Cell3,6200,cyc6200,C1dc,0.5888489304022828,0.74,79.57417978409227,2869,2867.067701742053,True,,4.1131667465910065,4.083409240664894,4.014389870088737,3.9285266,4.010078199137858,-0.00033109118870544666,40.35478110667863,0.08738576973610179
oxford_degradation_1,Cell3,6300,cyc6300,C1dc,0.5871626914231025,0.74,79.34630965177061,2860,2858.9293129742146,True,,4.112725259558913,4.083008252785115,4.0141490819616,3.9280455,4.009843396332767,-0.0003309582021228254,40.36953792417358,0.0998848504360268
oxford_degradation_1,Cell3,6400,cyc6400,C1dc,0.5848877045881585,0.74,79.0388789983998,2849,2847.692369297147,True,,4.108033198422511,4.077794601281419,4.010700200358073,3.927484,4.006740172177131,-0.00032049866939623127,40.376794392112565,4.471758074942045e-08
oxford_degradation_1,Cell3,6500,cyc6500,C1dc,0.5846155005204129,0.74,79.00209466492066,2848,2846.526523679495,True,,4.11160275844323,4.081965275411074,4.013026066496011,3.9269226,4.008619845535487,-0.00033042094042109023,40.37611497749575,0.03744254265351543
oxford_degradation_1,Cell3,6600,cyc6600,C1dc,0.5829967982685884,0.74,78.78335111737681,2840,2838.7007363140583,True,,4.11152215956691,4.08172508564171,4.012665265535103,3.9269626,4.008603759762464,-0.0003304243894512523,40.431950839390694,0.0748729013621201
oxford_degradation_1,Cell3,6700,cyc6700,C1dc,0.5824711285638903,0.74,78.71231467079598,2837,2835.9033666551113,True,,4.107157703378405,4.076397401165191,4.010225300359191,3.927731,4.006109407645606,-0.0003174877957354035,40.341622344391894,0.1372870000000006
oxford_degradation_1,Cell3,6800,cyc6800,C1dc,0.5826697890370449,0.74,78.73916068068174,2839,2837.122732400894,True,,4.110967558443231,4.080648346598405,4.011709111108318,3.9264078,4.0076296043847535,-0.0003297030320688385,40.36295779970665,0.11234938251542559
oxford_degradation_1,Cell3,6900,cyc6900,C1dc,0.5811245224090237,0.74,78.53034086608429,2831,2829.683555290103,True,,4.111207939320951,4.081049319133821,4.011949775743778,3.926127,4.007660198226215,-0.00033067607122795714,40.42899691212058,0.0873852449558612
oxford_degradation_1,Cell3,7000,cyc7000,C1dc,0.578701182313585,0.74,78.20286247480878,2819,2817.746363952756,True,,4.106154896701971,4.07519440151562,4.00866130080667,3.9260066,4.004750939541,-0.00031817193963162556,40.34434366042009,3.125045111573854e-07
oxford_degradation_1,Cell3,7100,cyc7100,C1dc,0.5802683002516004,0.74,78.41463516913518,2827,2825.496965646744,True,,4.112370997274889,4.081811395413086,4.0119499987467435,3.9260468,4.007989201480685,-0.00033252672730554373,40.38610298054048,0.06241191083305608
oxford_degradation_1,Cell3,7200,cyc7200,C1dc,0.5776091745887383,0.74,78.05529386334301,2814,2812.47996725142,True,,4.1095237643985785,4.0795254228791595,4.010225211108318,3.9240415,4.006015215179628,-0.0003318769418810641,40.40879305353664,-0.012463229940095744
oxford_degradation_1,Cell3,7300,cyc7300,C1dc,0.5759966217167188,0.74,77.83738131307011,2806,2804.787592962384,True,,4.1091227662903504,4.079164925773218,4.010225196606351,3.9235604,4.00574470122684,-0.0003320977082953094,40.45010626217993,0.049947245039902555
oxford_degradation_1,Cell3,7400,cyc7400,C1dc,0.5740759611343926,0.74,77.57783258572873,2797,2795.259964093566,True,,4.105312797848163,4.074873402214154,4.0074181962355375,3.9225175,4.00308482041033,-0.0003252464653768546,40.40176282426141,0.049941910697157255
oxford_degradation_1,Cell3,7500,cyc7500,C1dc,0.5730825077442627,0.74,77.44358212760307,2792,2790.5027881264687,True,,4.108320649550364,4.078082028738685,4.009142781292796,3.9227583,4.004823770962973,-0.0003316399839949687,40.42264076522059,0.08738084464113882
oxford_degradation_1,Cell3,7600,cyc7600,C1dc,0.5715622067833184,0.74,77.23813605179977,2785,2783.155423030257,True,,4.107879542700056,4.077841225857261,4.00874193446455,3.9223571,4.004416884501879,-0.0003319161453125804,40.42581935358227,0.04994514637037639
oxford_degradation_1,Cell3,7700,cyc7700,C1dc,0.5698652392499695,0.74,77.00881611486074,2776,2774.6773660182953,True,,4.103267197563135,4.073028996555345,4.005934197489576,3.9214749,4.0016826381514905,-0.0003235058116039966,40.380203550343275,0.012466223201670346
oxford_degradation_1,Cell3,7800,cyc7800,C1dc,0.5693134736610447,0.74,76.93425319743848,2774,2772.1176132559776,True,,4.106716561409598,4.076718234745524,4.008059821994683,3.9211941,4.003412847583757,-0.00033222639299475493,40.414242437259915,0.08737630505778071
oxford_degradation_1,Cell3,7900,cyc7900,C1dc,0.5678694270267266,0.74,76.73911176036846,2767,2765.1848405599594,True,,4.1061148730306,4.076558019049777,4.007457975743779,3.920753,4.003026335781258,-0.0003323963032719249,40.38996491508217,0.12481790455575492
oxford_degradation_1,Cell3,8000,cyc8000,C1dc,0.5664618704545966,0.74,76.54890141278334,2760,2758.154160529375,True,,4.102184797991193,4.071986197131837,4.004931897803258,3.9205925,4.000747139013532,-0.0003226977140589703,40.41083901672085,-0.024970776810391726
oxford_degradation_1,Cell3,8100,cyc8100,C1dc,0.5658573030034043,0.74,76.46720310856814,2757,2755.375036597252,True,,4.1053127718020965,4.075154244697692,4.006295084519324,3.9197104,4.001878599391451,-0.0003321923275036526,40.36998880286341,0.14979279690561498
oxford_degradation_1,Cell4,0,cyc0000,C1dc,0.7340756158938327,0.74,99.19940755322064,3575,3573.632960021496,True,,4.13961410156086,4.116875201165191,4.060528800717265,3.9694123,4.052688130683401,-0.00030384450302439135,40.581428893533214,0.24967843358557218
oxford_degradation_1,Cell4,100,cyc0100,C1dc,0.7256895677627597,0.74,98.06615780577835,3534,3532.850481569767,True,,4.141940064406335,4.118760070302854,4.06181176664398,3.9682093,4.05355713869823,-0.0003099057080045181,40.515163249853664,0.1622978474525283
oxford_degradation_1,Cell4,200,cyc0200,C1dc,0.720520947044064,0.74,97.36769554649514,3510,3508.2231860607862,True,,4.141900083124335,4.119040459609337,4.061451366130669,3.9666853,4.0531757979954754,-0.00031292376546134817,40.50971315739434,0.17476719403993712
oxford_degradation_1,Cell4,300,cyc0300,C1dc,0.7168993845363364,0.74,96.87829520761304,3491,3489.6679557859898,True,,4.141425598995785,4.118525997707616,4.060776197176653,3.9644864,4.052147337677804,-0.0003162221858105315,40.51107548420246,0.19973391069715518
oxford_degradation_1,Cell4,400,cyc0400,C1dc,0.7116089577103881,0.74,96.16337266356597,3466,3464.1983695328236,True,,4.141866682221663,4.118766694911822,4.0604553,3.9633234,4.051714108438185,-0.0003193871013370006,40.498822435160484,0.16226354265351972
oxford_degradation_1,Cell4,500,cyc0500,C1dc,0.7075381360146925,0.74,95.61326162360709,3446,3444.8876716196537,True,,4.141385569660475,4.118205473005387,4.060214723850556,3.9619198,4.050839840241058,-0.00032231518592585923,40.50585778292656,0.1996918059178796
oxford_degradation_1,Cell4,600,cyc0600,C1dc,0.7033674972372165,0.74,95.04966178881304,3426,3424.0983054041862,True,,4.1413053730306,4.1178845190497775,4.059091827462116,3.9601953,4.049802973901964,-0.0003254951795077353,40.47658312532597,0.19972055768434416
oxford_degradation_1,Cell4,700,cyc0700,C1dc,0.7017227474914651,0.74,94.82739830965745,3416,3414.179952442646,True,,4.140600698997217,4.11730049655892,4.058387294038818,3.9590096,4.048607955880945,-0.00032808779516769863,40.516522807263584,0.11235413388452287
oxford_degradation_1,Cell4,800,cyc0800,C1dc,0.6980057685756903,0.74,94.32510386157978,3398,3396.02485075593,True,,4.140520570332149,4.117139758509399,4.057865951662236,3.9576862,4.048090844271626,-0.0003302966418926285,40.52491847819224,0.17476015252889
oxford_degradation_1,Cell4,900,cyc0900,C1dc,0.6945155634312847,0.74,93.85345451774118,3381,3379.1221663355827,True,,4.140199673064217,4.116538452801448,4.0568636099931945,3.9569242,4.047105708760981,-0.00033263943166849514,40.517660833705214,0.08737690136211995
oxford_degradation_1,Cell4,1000,cyc1000,C1dc,0.690917491549174,0.74,93.36722858772623,3363,3361.61219291389,True,,4.139919266299094,4.116137466265138,4.0557406988122215,3.9555206,4.045968961999168,-0.00033524902239367494,40.49224326159455,0.17471765614396162
oxford_degradation_1,Cell4,1100,cyc1100,C1dc,0.6871888481767409,0.74,92.86335786172174,3345,3343.7251042574644,True,,4.139277757648407,4.115736868200324,4.054578169352551,3.9543977,4.044704273509464,-0.00033785741246810167,40.553518345095085,0.024950206708169276
oxford_degradation_1,Cell4,1200,cyc1200,C1dc,0.6829508147644313,0.74,92.29065064384207,3325,3323.122550547123,True,,4.138475676287974,4.1146941525759475,4.053054824534164,3.9533148,4.043350065587694,-0.00033944673145734963,40.5151466627784,0.16229025892137372
oxford_degradation_1,Cell4,1300,cyc1300,C1dc,0.6789738121475968,0.74,91.75321785778335,3305,3303.916599601507,True,,4.137994484100162,4.113971847555591,4.05129011698758,3.9517908,4.0418305858618595,-0.00034225181520173274,40.53537147043384,0.09989185884538188
oxford_degradation_1,Cell4,1400,cyc1400,C1dc,0.6747946724375373,0.74,91.18846924831585,3285,3283.5479211062193,True,,4.137232686066308,4.112849567486592,4.049926186989913,3.9503071,4.040251773021454,-0.00034369829681818513,40.515844851553695,0.13731573722336776
oxford_degradation_1,Cell4,1600,cyc1600,C1dc,0.667088694869066,0.74,90.14712092825215,3247,3245.9295574575663,True,,4.1351165987089695,4.11065289655892,4.045844996546113,3.9474294,4.036741936069401,-0.00034627881222320904,40.540351717259874,-0.012465598206958362
oxford_degradation_1,Cell4,1800,cyc1800,C1dc,0.6595060782704499,0.74,89.12244300952025,3210,3208.878159150481,True,,4.133712799427083,4.108727901165481,4.042596300896524,3.9455848,4.034199322982539,-0.00034819981417890896,40.51742811305459,0.1248208213907418
oxford_degradation_1,Cell4,1900,cyc1900,C1dc,0.6558003460359124,0.74,88.62166838323141,3192,3190.938153862953,True,,4.133104798565904,4.107758997417938,4.040664697175842,3.9444952,4.032711698840588,-0.00034862707421008486,40.476122769895234,0.024970955278391216
oxford_degradation_1,Cell4,2000,cyc2000,C1dc,0.6518358917402749,0.74,88.08593131625337,3173,3171.4347694069147,True,,4.132308002859199,4.106601201283163,4.038825501164967,3.9436986,4.03127062901116,-0.00034831857748390273,40.44048937034532,0.02497051440931841
oxford_degradation_1,Cell4,2100,cyc2100,C1dc,0.6491322951773173,0.74,87.7205804293672,3160,3158.498539030552,True,,4.132388591077449,4.107002199173697,4.039106132915353,3.943819,4.031361673283147,-0.0003488406290749052,40.48269986999442,0.02497961730905729
oxford_degradation_1,Cell4,2200,cyc2200,C1dc,0.644827599194441,0.74,87.13886475600555,3139,3137.5873669981956,True,,4.130495499284033,4.104508401630686,4.035609196550024,3.9424477,4.0288368751549015,-0.00034731668841044976,40.46568254325944,0.02497135708977538
oxford_degradation_1,Cell4,2300,cyc2300,C1dc,0.6427345700249701,0.74,86.85602297634732,3129,3127.453776821494,True,,4.131057264368985,4.104748676295313,4.0356892962745405,3.9426482,4.029083224190968,-0.00034823819006513513,40.48248002866383,0.04993368782270835
oxford_degradation_1,Cell4,2400,cyc2400,C1dc,0.639779528362064,0.74,86.45669302190055,3115,3113.205161690712,True,,4.129422702339345,4.10275360128171,4.032611401076455,3.9414549,4.0267694816231785,-0.00034628821260517315,40.49791051207593,0.06244983813859761
oxford_degradation_1,Cell4,2500,cyc2500,C1dc,0.6379124570016852,0.74,86.20438608130881,3106,3104.19060587883,True,,4.130305264369343,4.1036357822142655,4.033453326832965,3.9414148,4.027395712069497,-0.0003484056262333821,40.5183390071211,0.0873401553588593
oxford_degradation_1,Cell4,2600,cyc2600,C1dc,0.6328442960173882,0.74,85.51949946180922,3081,3079.637560620904,True,,4.127256897849594,4.1001467951226935,4.028440496549242,3.9396904,4.02378340483678,-0.00034429107696566175,40.50812272632324,0.07491695527884445
oxford_degradation_1,Cell4,2700,cyc2700,C1dc,0.6313567584678583,0.74,85.3184808740349,3074,3072.263450548053,True,,4.128459861439192,4.101429876295551,4.030004322031675,3.9397705,4.024863867021064,-0.0003469152009442231,40.51379193961556,-0.03747345729073004
oxford_degradation_1,Cell4,2800,cyc2800,C1dc,0.6292342766774427,0.74,85.03165901046523,3064,3062.001818418503,True,,4.127858549431323,4.100868571918461,4.029041958317883,3.939209,4.0240989577147275,-0.00034607944759567803,40.51470347365669,0.012505194334252678
oxford_degradation_1,Cell4,2900,cyc2900,C1dc,0.6244071835805257,0.74,84.37934913250348,3040,3038.2725667208433,True,,4.1241688987089695,4.096256701398229,4.023908600538228,3.9377251,4.020340268439465,-0.00033924561014782615,40.46114692540557,0.09984986611190294
oxford_degradation_1,Cell4,3000,cyc3000,C1dc,0.6240241576349927,0.74,84.32758886959361,3038,3036.9166899472475,True,,4.126815776258559,4.099103834746181,4.02643532773911,3.9389684,4.022489747818065,-0.0003439260037283186,40.53966835256674,0.03743307764243298
oxford_degradation_1,Cell4,3100,cyc3100,C1dc,0.6210406372433505,0.74,83.92441043829061,3024,3022.2264759242535,True,,4.125973656196786,4.098181619049777,4.0253525,3.938046,4.021561488773835,-0.0003428446101956056,40.50472433363695,0.03744029624980527
oxford_degradation_1,Cell4,3200,cyc3200,C1dc,0.6174298009076539,0.74,83.43645958211539,3006,3004.527758806944,True,,4.122444598709314,4.093810095412371,4.021342299055755,3.936522,4.018359890131317,-0.0003358051002795798,40.47816700958743,8.931446870974469e-08
oxford_degradation_1,Cell4,3300,cyc3300,C1dc,0.6166100994219124,0.74,83.32568911106924,3002,3000.588934868574,True,,4.124449653851584,4.096336705972283,4.023748169038646,3.9371638,4.019927447874328,-0.00034063224561530744,40.49586563398386,-0.04993960679004772
oxford_degradation_1,Cell4,3500,cyc3500,C1dc,0.6100098423460355,0.74,82.43376247919399,2970,2968.375762179494,True,,4.12036369870897,4.09060669885059,4.019903199055755,3.936687,4.016882811200483,-0.0003289646811401487,40.34380492621724,0.03744113402400018
oxford_degradation_1,Cell4,3600,cyc3600,C1dc,0.6090845318177422,0.74,82.30872051591112,2965,2963.872779160738,True,,4.123211361402199,4.094175710952055,4.0219483,3.9376495,4.019022045859877,-0.0003339003894933875,40.40576402770619,0.04990492540020597
oxford_degradation_1,Cell4,3700,cyc3700,C1dc,0.606842239472212,0.74,82.00570803678542,2955,2953.0089776962996,True,,4.1223687494654495,4.09313288538215,4.021547161926667,3.937449,4.018457703772037,-0.00033258185394833726,40.40985728558178,0.024975197233530366
oxford_degradation_1,Cell4,3800,cyc3800,C1dc,0.6021429400557659,0.74,81.3706675751035,2932,2930.1103692501783,True,,4.1173557975613475,4.086475801630977,4.017697300896525,3.9356444,4.014628997454419,-0.0003212774795154904,40.431186514873914,-0.012466000000003419
oxford_degradation_1,Cell4,3900,cyc3900,C1dc,0.6022590640433417,0.74,81.386360005857,2932,2930.766823142767,True,,4.12096545844323,4.090405858450629,4.019662327739109,3.9365668,4.016734724199444,-0.0003288459508654116,40.445028718350024,0.02496915254747023
oxford_degradation_1,Cell4,4000,cyc4000,C1dc,0.6008081319033983,0.74,81.19028809505383,2925,2923.8702200353146,True,,4.1200828561967855,4.090125005653323,4.01958209295454,3.9360054,4.016314704441115,-0.00032846973854093697,40.481339896563476,0.1747588027242415
oxford_degradation_1,Cell4,4100,cyc4100,C1dc,0.5965517044461637,0.74,80.61509519542753,2904,2902.9899571090937,True,,4.115230599425289,4.084670996558921,4.017015500626629,3.9350028,4.013616173983437,-0.0003188718370760321,40.45024851948628,0.06240795541786781
oxford_degradation_1,Cell4,4200,cyc4200,C1dc,0.595656476576443,0.74,80.49411845627608,2900,2898.819762468338,True,,4.116727397561347,4.086288501048672,4.017469897489576,3.934294,4.01399093343028,-0.00032408921620940385,40.47044962839305,-0.024966598203370438
oxford_degradation_1,Cell4,4300,cyc4300,C1dc,0.5936652687461141,0.74,80.22503631704245,2890,2888.9862712472677,True,,4.117489258480223,4.087130458450629,4.017710099093855,3.9341335,4.014266404203371,-0.00032627407359928323,40.45024615598725,0.037475999999998066
oxford_degradation_1,Cell4,4400,cyc4400,C1dc,0.5919132492154948,0.74,79.98827692101281,2882,2880.468675121665,True,,4.116687256196785,4.0866092921055905,4.017268961925278,3.9336925,4.013782220032641,-0.00032607045071209083,40.44321777222669,0.02496675496009715
oxford_degradation_1,Cell4,4500,cyc4500,C1dc,0.588273065831058,0.74,79.49636024744026,2864,2862.634362280369,True,,4.111995198422511,4.081034702097634,4.01490309717587,3.9328101,4.011138409643733,-0.00031655496390123745,40.423467728275746,-0.04990404472115273
oxford_degradation_1,Cell4,4600,cyc4600,C1dc,0.5878162290155369,0.74,79.43462554264012,2862,2860.477302968502,True,,4.11524337625832,4.084964716944813,4.016186170369141,3.9326096,4.012708221233141,-0.00032465909205839957,40.40100136469725,-0.024974000000000274
oxford_degradation_1,Cell4,4800,cyc4800,C1dc,0.5845267630762735,0.74,78.99010311841533,2846,2844.584681466222,True,,4.1145023718832485,4.083942857846777,4.015766029707414,3.9320688,4.012015218578244,-0.00032390104897627315,40.44298238290439,0.037482280214661046
oxford_degradation_1,Cell4,5000,cyc5000,C1dc,0.5823379080207892,0.74,78.69431189470126,2835,2833.8957734405994,True,,4.109551404679986,4.078470700698243,4.01161720098593,3.9291232,4.007927594228994,-0.0003184914172045007,40.393283069969065,0.012504757327810978
oxford_degradation_1,Cell4,5100,cyc5100,C1dc,0.581233771613044,0.74,78.54510427203297,2830,2828.7015449255705,True,,4.1117972643693435,4.081518652502322,4.013020442349627,3.9293237,4.009345686444576,-0.0003245098509040987,40.42460378722585,0.03743707764243709
oxford_degradation_1,Cell5,0,cyc0000,C1dc,0.735336070718255,0.74,99.36973928625068,3589,3587.8373589366674,True,,4.142256299140266,4.119623201048672,4.0631417968668595,3.9724107,4.055457891530263,-0.0003032748869162931,41.124156950625746,0.19950140123515325
oxford_degradation_1,Cell5,100,cyc0100,C1dc,0.7263272216149664,0.74,98.15232724526574,3546,3544.4652646780014,True,,4.143097376295313,4.120344534804712,4.062981466642638,3.9698069,4.055012063519387,-0.0003092419638108465,41.151589668361815,0.23690276702653534
oxford_degradation_1,Cell5,200,cyc0200,C1dc,0.7216143905718282,0.74,97.51545818538219,3523,3521.596770733595,True,,4.143017276434579,4.120184339404994,4.062661096563324,3.9683247,4.054434466062286,-0.00031192298845921873,41.15249549106686,0.2618361430927223
oxford_degradation_1,Cell5,300,cyc0300,C1dc,0.7181408943344795,0.74,97.04606680195668,3506,3504.225953668356,True,,4.1424612985677065,4.119267902211538,4.061664599373372,3.9659662,4.053255347945126,-0.00031514920391492355,41.16269732104057,0.1496363120825137
oxford_degradation_1,Cell5,400,cyc0400,C1dc,0.7134979226988899,0.74,96.41863820255269,3483,3481.5911538898945,True,,4.142621473328796,4.11954827036204,4.061544313524442,3.9647646,4.052826253464833,-0.0003180814407236577,41.140482563299166,0.1371756892822873
oxford_degradation_1,Cell5,500,cyc0500,C1dc,0.7099294524799297,0.74,95.93641249728779,3466,3464.453648775816,True,,4.142381156238807,4.119227805737366,4.060943548281662,3.9633224,4.051983573093299,-0.00032073745986887527,41.146147969457445,0.26183195231989487
oxford_degradation_1,Cell5,600,cyc0600,C1dc,0.7067197517896663,0.74,95.50266916076572,3451,3449.295674264431,True,,4.141940573072892,4.118907452868682,4.060382679395589,3.9622009,4.051194064020573,-0.00032307785330391853,41.18083473068347,0.11224104766956344
oxford_degradation_1,Cell5,700,cyc0700,C1dc,0.7044068227739054,0.74,95.1901111856629,3430,3428.9923645555973,True,,4.141131903115237,4.117737801629233,4.0593734,3.9598296,4.049653981950221,-0.0003267708327972816,41.135945584832925,0.23690116160860697
oxford_degradation_1,Cell5,800,cyc0800,C1dc,0.7010295867753294,0.74,94.73372794261209,3414,3412.6208279281855,True,,4.141412261476572,4.117897964443327,4.058892541443484,3.9592688,4.049228522493925,-0.0003285359017773496,41.137987677051,0.1870416892822817
oxford_degradation_1,Cell5,900,cyc0900,C1dc,0.6982500120464782,0.74,94.35810973601056,3401,3399.1705387830734,True,,4.140811366340776,4.117417266349181,4.05817154493104,3.9579067,4.048345064162475,-0.0003310356104106135,41.135493574621684,0.23685171408748573
oxford_degradation_1,Cell5,1000,cyc1000,C1dc,0.6955576916850585,0.74,93.99428266014304,3388,3386.161556839943,True,,4.140811329269407,4.117257019217863,4.0572905138171125,3.9569054,4.047558421436518,-0.00033311194249233285,41.15068185982362,0.2244317614314184
oxford_degradation_1,Cell5,1100,cyc1100,C1dc,0.6925531943570523,0.74,93.58826950770978,3373,3371.5545248240232,True,,4.139850123154911,4.116776683824701,4.056610523611935,3.9562244,4.046582693557127,-0.0003351364466197287,41.15115400823686,0.31168083002003755
oxford_degradation_1,Cell5,1200,cyc1200,C1dc,0.6897775882498,0.74,93.21318760132432,3360,3358.132016658783,True,,4.1396095942388875,4.116176030921189,4.055689286326187,3.9550626,4.045566074232183,-0.0003372260981693336,41.133704276824666,0.2742801068464118
oxford_degradation_1,Cell5,1300,cyc1300,C1dc,0.6871135597869532,0.74,92.85318375499368,3347,3345.1943177729845,True,,4.139329183870611,4.115335125205988,4.054967454259384,3.9537809,4.044635155469001,-0.0003395935584041932,41.1651875817007,0.19951817043907027
oxford_degradation_1,Cell5,1400,cyc1400,C1dc,0.6845275284553018,0.74,92.50372006152728,3334,3332.6503202319145,True,,4.1388086856959445,4.115175125165798,4.053966337439288,3.9529397,4.04369810837517,-0.0003412625771650114,41.1607001075849,0.13720893703472825
oxford_degradation_1,Cell5,1600,cyc1600,C1dc,0.6786439037350089,0.74,91.70863563986607,3305,3303.657166287303,True,,4.1372632984242985,4.113428601630686,4.05081840017926,3.9499526,4.0406064318981745,-0.0003457102709340353,41.12053145969459,0.19950422290484937
oxford_degradation_1,Cell5,1800,cyc1800,C1dc,0.6727264228388298,0.74,90.90897605930132,3276,3274.8953629285097,True,,4.13646220129834,4.112106801163739,4.048094300626739,3.9479496,4.038377790810375,-0.0003484535093303918,41.120306553723815,0.24936259574514708
oxford_degradation_1,Cell5,1900,cyc1900,C1dc,0.6696039858041315,0.74,90.48702510866642,3261,3259.7791604697704,True,,4.135877098137841,4.111321398281248,4.046387698746744,3.9473243,4.037082467464408,-0.0003493623511923288,41.119170060388505,0.17452986625136901
oxford_degradation_1,Cell5,2000,cyc2000,C1dc,0.6665615613009338,0.74,90.07588666228835,3247,3245.0693529099226,True,,4.135174298424283,4.110698696275681,4.044723498120115,3.9463813,4.035751257486197,-0.0003501999568286975,41.151140666636756,0.17452982166431497
oxford_degradation_1,Cell5,2100,cyc2100,C1dc,0.664112144055915,0.74,89.7448843318804,3235,3233.1888500601053,True,,4.135054073328796,4.110298133706185,4.044563227919042,3.9463012,4.035659351259914,-0.00034938123103468526,41.13707385472158,0.08726868920828679
oxford_degradation_1,Cell5,2200,cyc2200,C1dc,0.6611156252944539,0.74,89.33994936411538,3220,3218.5517638921738,True,,4.134005502855958,4.10896920128171,4.042032700268667,3.9449723,4.033615394081732,-0.0003509381331657668,41.13073051839344,0.16210713151949818
oxford_degradation_1,Cell5,2300,cyc2300,C1dc,0.6590852626643066,0.74,89.06557603571711,3210,3208.690682798624,True,,4.134045555550459,4.108768852591103,4.042152712618297,3.9450524,4.033685180778399,-0.00034972861218679686,41.12959744702927,0.08726961156585133
oxford_degradation_1,Cell5,2400,cyc2400,C1dc,0.655624570723609,0.74,88.59791496264987,3193,3191.8137576431036,True,,4.132611799140267,4.107214900582014,4.038916099687077,3.9434981,4.031375767682569,-0.00035057201344737977,41.10851408982134,0.09973200000000304
oxford_degradation_1,Cell5,2500,cyc2500,C1dc,0.653572031102383,0.74,88.32054474356528,3183,3181.8327113986015,True,,4.132731855550459,4.106974534805367,4.039356483793111,3.9436183,4.031635632936772,-0.00034969390787921786,41.10170465505742,0.14959699999999998
oxford_degradation_1,Cell5,2600,cyc2600,C1dc,0.6501803326333551,0.74,87.86220711261555,3167,3165.2381625026464,True,,4.131390098280891,4.105432496562497,4.035371296553154,3.9421966,4.028908043111838,-0.0003503092044285427,41.05546665483215,0.08726508916694797
oxford_degradation_1,Cell5,2700,cyc2700,C1dc,0.6486554560316095,0.74,87.65614270697425,3159,3157.9139415174723,True,,4.131309967402356,4.105552628871856,4.036773081477756,3.9425972,4.02975496000671,-0.00034945407490194653,41.09445020781502,0.17453092199691156
oxford_degradation_1,Cell5,2800,cyc2800,C1dc,0.6463729055045605,0.74,87.34768993304873,3148,3146.822299808264,True,,4.130829249507471,4.104631373072621,4.0360119475348135,3.9418762,4.028982937647576,-0.0003487989015321044,41.09513186911869,0.0872639523304315
oxford_degradation_1,Cell5,2900,cyc2900,C1dc,0.6430682540069614,0.74,86.90111540634614,3132,3130.7843662798405,True,,4.129507497849951,4.102588202678195,4.03144549780641,3.940474,4.025963440210198,-0.00034890382365453023,41.12120716765641,0.16206364333222467
oxford_degradation_1,Cell5,3000,cyc3000,C1dc,0.6421361759560308,0.74,86.77515891297713,3128,3126.132782176137,True,,4.1299480822214845,4.103549928871142,4.0334479036573985,3.9405942,4.027159951825668,-0.00034908648616086674,41.046401477007784,0.07480169183486396
oxford_degradation_1,Cell5,3100,cyc3100,C1dc,0.6398080244546915,0.74,86.46054384522859,3116,3114.8861423134804,True,,4.129186556238807,4.102467912477614,4.032366593167595,3.9402738,4.026398852714665,-0.00034803923315045225,41.08470524505865,0.06234457543887828
oxford_degradation_1,Cell5,3200,cyc3200,C1dc,0.6366188012020026,0.74,86.02956773000035,3101,3099.3533559143543,True,,4.127464297564899,4.100064793697196,4.027840096866859,3.9390321,4.02324385896402,-0.00034573518950801254,41.074507143204485,0.13712704458571068
oxford_degradation_1,Cell5,3300,cyc3300,C1dc,0.63556538229874,0.74,85.88721382415406,3096,3094.3280160427094,True,,4.1280650644433265,4.101026052576306,4.030564225905102,3.9394727,4.024896334717682,-0.000346690971421383,41.110324783055106,0.08726684464114243
oxford_degradation_1,Cell5,3500,cyc3500,C1dc,0.6291525594045582,0.74,85.0206161357511,3065,3063.143564388156,True,,4.12494089856735,4.096980095129846,4.025597097493487,3.9387918,4.021429670526992,-0.00033798941746192155,41.10375017862607,0.04986522291557094
oxford_degradation_1,Cell5,3600,cyc3600,C1dc,0.6285798251580507,0.74,84.94321961595278,3062,3060.4568660259247,True,,4.127344058517215,4.099303652591103,4.028280492586073,3.9395928,4.023579529318088,-0.00034254149627659986,41.10420451623379,0.17452907771642856
oxford_degradation_1,Cell5,3700,cyc3700,C1dc,0.6264541623919169,0.74,84.65596789079957,3052,3050.072844699025,True,,4.126542962971024,4.098823073072892,4.027519498044659,3.9391923,4.02293276423503,-0.00034186133909598745,41.09037519239217,0.04986600000000152
oxford_degradation_1,Cell5,3800,cyc3800,C1dc,0.6227429618448282,0.74,84.15445430335517,3033,3031.9187689572573,True,,4.123819402596031,4.0946169005820146,4.022792800179037,3.9380305,4.019407817923436,-0.00033440764600491005,41.060453107024635,0.06233316160860625
oxford_degradation_1,Cell5,3900,cyc3900,C1dc,0.6222255140708279,0.74,84.08452892849027,3031,3029.4500939548016,True,,4.125701849624347,4.097260946583607,4.025396548121736,3.9383509,4.021355970460344,-0.0003401092192856255,41.07813273163501,0.037400922283573834
oxford_degradation_1,Cell5,4000,cyc4000,C1dc,0.620054371370107,0.74,83.79113126623068,3020,3018.822481110692,True,,4.1245402698502325,4.096339100115468,4.0246758,3.93771,4.020740515064176,-0.00033913527829194614,41.08266835408208,0.11218930796600546
oxford_degradation_1,Cell5,4100,cyc4100,C1dc,0.6169927457990417,0.74,83.37739808095158,3005,3003.896762430668,True,,4.121575802596679,4.092173601163738,4.020990400268443,3.9364283,4.017646017845978,-0.0003323595803623854,41.05455995156823,0.03739948506564161
oxford_degradation_1,Cell5,4200,cyc4200,C1dc,0.6160030105030722,0.74,83.24365006798273,3001,2999.1141591221094,True,,4.122191399427083,4.093349897421515,4.02224679843382,3.9360025,4.018443771091336,-0.00033636141710806003,41.05456156932279,0.06233191083305201
oxford_degradation_1,Cell5,4300,cyc4300,C1dc,0.6144130100238918,0.74,83.02878513836376,2993,2991.479740664363,True,,4.1224317674023565,4.093990717019633,4.023048281477757,3.9360025,4.018820950885977,-0.00033786776134154064,41.07949052307201,0.08726500000000215
oxford_degradation_1,Cell5,4400,cyc4400,C1dc,0.6124443360817294,0.74,82.76274811915263,2983,2981.8737275898457,True,,4.121910951001923,4.093229692971952,4.022607679136213,3.9354017,4.018329306614476,-0.00033759326267977406,41.08335168436972,1.1730555442568402e-06
oxford_degradation_1,Cell5,4500,cyc4500,C1dc,0.609527583713162,0.74,82.36859239367054,2969,2967.649966478348,True,,4.118186002596031,4.088542900931281,4.01856180071637,3.9340396,4.014915796595879,-0.00032973563821696127,41.062267252959685,0.08726516161507902
oxford_degradation_1,Cell5,4600,cyc4600,C1dc,0.6089826949116347,0.74,82.29495877184253,2967,2965.091782808304,True,,4.120669343690836,4.091867828886653,4.021445562918521,3.9346805,4.017159614394712,-0.0003364424044831664,41.075186508804634,0.16205654379299972
oxford_degradation_1,Cell5,4800,cyc4800,C1dc,0.6053543107357653,0.74,81.80463658591422,2949,2947.4376037716866,True,,4.119224080697467,4.0905427438447886,4.020201085941572,3.9334757,4.015955586478392,-0.00033528131689982674,41.07337441172385,0.12466399999999567
oxford_degradation_1,Cell5,5000,cyc5000,C1dc,0.4561288635874498,0.74,61.63903561992565,2222,2220.915372669697,True,,4.022247298137841,3.9885185012802573,3.914411296866859,3.8163896,3.9079896439205277,-0.0003700732875869784,41.27672656868431,0.19950099999999793
oxford_degradation_1,Cell6,0,cyc0000,C1dc,0.7327947554512294,0.74,99.0263183042202,3559,3557.6821513473988,True,,4.139708498565905,4.117044897418654,4.060525396546113,3.9681847,4.052353075751387,-0.00030628594634146884,40.829869996364344,0.2372089106962605
oxford_degradation_1,Cell6,100,cyc0100,C1dc,0.7246838391335619,0.74,97.93024853156243,3520,3518.690298870206,True,,4.142115561402588,4.119652193108029,4.0617285,3.9677033,4.053529403467676,-0.00031239464672685763,40.94927247022162,0.2621837700320384
oxford_degradation_1,Cell6,200,cyc0200,C1dc,0.7199780780561117,0.74,97.29433487244754,3498,3496.096597239375,True,,4.142556673030871,4.1196522325134675,4.061888958317883,3.9662192,4.053290190258755,-0.0003151962759392068,41.08387431484732,0.2746889999999951
oxford_degradation_1,Cell6,300,cyc0300,C1dc,0.7167605490247803,0.74,96.85953365199734,3482,3480.23076094687,True,,4.141911497704755,4.1184855014355115,4.0604815,3.9640496,4.051874885343659,-0.00031849923218400637,40.98967757293151,0.1872670447211604
oxford_degradation_1,Cell6,400,cyc0400,C1dc,0.7116736520202331,0.74,96.17211513786934,3457,3455.5027820169926,True,,4.142031673291805,4.118766234672196,4.060401356780214,3.9626858,4.051499877166668,-0.0003210391026300427,40.98626688315416,0.19973307771643078
oxford_degradation_1,Cell6,500,cyc0500,C1dc,0.7077770533721924,0.74,95.64554775299898,3439,3437.0580822229385,True,,4.1417912730306,4.118485472988579,4.0598797482811415,3.9615626,4.0507129589755335,-0.000324010508834609,41.06141509951938,0.2871539013621174
oxford_degradation_1,Cell6,600,cyc0600,C1dc,0.7042491784341599,0.74,95.1688078965081,3421,3419.5123113691807,True,,4.141630549431324,4.118164452801448,4.059358289388784,3.9603994,4.049847203610857,-0.00032658333916118896,41.13585689138647,0.16229914640202026
oxford_degradation_1,Cell6,700,cyc0700,C1dc,0.7028095879125638,0.74,94.97426863683293,3419,3417.7739582955837,True,,4.14102550259992,4.117799800350429,4.058472600179036,3.9592326,4.048808077836908,-0.00032852274281630546,40.996258298475226,0.2496760810765437
oxford_degradation_1,Cell6,800,cyc0800,C1dc,0.6988143263731588,0.74,94.43436842880524,3400,3398.2100430876017,True,,4.141065582184493,4.117639440590313,4.057910766496012,3.9582698,4.048323726811455,-0.00033052306273601223,41.01964321229712,0.19977599999999995
oxford_degradation_1,Cell6,900,cyc0900,C1dc,0.6960256867891574,0.74,94.05752524177802,3386,3384.7055599093437,True,,4.140543916875665,4.117278532513467,4.057188775528644,3.9573872,4.047428037629913,-0.00033284883143768623,41.011469690347795,0.174804146286327
oxford_degradation_1,Cell6,1000,cyc1000,C1dc,0.6928134515610181,0.74,93.62343940013758,3371,3369.1207721829414,True,,4.140423750907822,4.116917492793809,4.056266144671316,3.9561839,4.046439051959603,-0.00033503516481744406,41.036661286139804,0.16233917314964685
oxford_degradation_1,Cell6,1100,cyc1100,C1dc,0.6898064009492865,0.74,93.21708120936304,3356,3354.5695938169956,True,,4.14002303923839,4.1162764628524044,4.055503893606202,3.9554617,4.045534960407251,-0.00033706830844498276,41.08047926181824,0.24966455319366077
oxford_degradation_1,Cell6,1200,cyc1200,C1dc,0.6868602393222861,0.74,92.8189512597684,3342,3340.3126806020737,True,,4.139341231426202,4.115593735563892,4.054341909440997,3.9544189,4.044589902848095,-0.0003391775834853732,41.08980176442889,0.19971107149551415
oxford_degradation_1,Cell6,1300,cyc1300,C1dc,0.6837786761748114,0.74,92.40252380740695,3327,3325.363777577877,True,,4.138979795310987,4.115032609457045,4.053218422571798,3.9530952,4.0434256008599805,-0.0003410512077405608,41.100646407500534,0.14984756239196173
oxford_degradation_1,Cell6,1400,cyc1400,C1dc,0.6808693882005513,0.74,92.00937678385829,3313,3311.2588550895452,True,,4.138538663697974,4.114751476861504,4.051975924797553,3.952373,4.0423104164901895,-0.0003427641372664303,41.099297801813684,0.149780372724571
oxford_degradation_1,Cell6,1600,cyc1600,C1dc,0.6744000038665567,0.74,91.1351356576428,3281,3279.716559872031,True,,4.136848000781725,4.112258901630685,4.048238301164968,3.9493592,4.038983637850907,-0.00034605538115181915,41.02599418244769,0.1248589189234508
oxford_degradation_1,Cell6,1800,cyc1800,C1dc,0.6691830335504253,0.74,90.4301396689764,3256,3254.051158949733,True,,4.135765098279103,4.110975297990856,4.045751098429127,3.9473133,4.036820419439497,-0.0003484108884774628,41.04596830321216,0.06244626778693174
oxford_degradation_1,Cell6,1900,cyc1900,C1dc,0.6660073376705458,0.74,90.00099157710078,3240,3238.8519555330276,True,,4.135229598565918,4.110238997131837,4.04441309341219,3.9466977,4.035565778052183,-0.00034957346344064214,41.03711861962221,0.11239217846978278
oxford_degradation_1,Cell6,2000,cyc2000,C1dc,0.6626077744153612,0.74,89.54159113721097,3224,3222.3535537719727,True,,4.134604498564117,4.109493296272104,4.042584398433038,3.945591,4.034355546649167,-0.0003500048951462192,41.07025998751377,0.09988768735644271
oxford_degradation_1,Cell6,2100,cyc2100,C1dc,0.6600615587268948,0.74,89.19750793606686,3211,3209.8800748586655,True,,4.134724558442813,4.109573699040523,4.0426244110713245,3.9456711,4.03427665148501,-0.0003498951723079076,41.06685521497693,0.21223899999999674
oxford_degradation_1,Cell6,2200,cyc2200,C1dc,0.6563749726963332,0.74,88.69932063463962,3194,3192.042764648795,True,,4.133128597993002,4.107737095408794,4.039343800944245,3.9440353,4.031915862237394,-0.000350011845065374,41.06685502715758,0.08738417860568148
oxford_degradation_1,Cell6,2300,cyc2300,C1dc,0.6544088374134284,0.74,88.43362667749032,3184,3182.3791176080704,True,,4.133249288110783,4.107817134731384,4.039865442349628,3.9442358,4.032188506214143,-0.0003497878126102169,41.07751896018994,0.09988307520096384
oxford_degradation_1,Cell6,2400,cyc2400,C1dc,0.6503692897362027,0.74,87.88774185624361,3164,3162.8947634249926,True,,4.131946102599272,4.105752000932443,4.036717400806894,3.9430933,4.029872643807651,-0.0003493689471248208,41.05074033324249,0.07491675730188518
oxford_degradation_1,Cell6,2500,cyc2500,C1dc,0.6484450826764289,0.74,87.6277138751931,3155,3153.379747644067,True,,4.131865970332148,4.1061132931069535,4.03687749631049,3.9431734,4.030115402163975,-0.0003492309898838814,41.04506206621579,0.12485899999999361
oxford_degradation_1,Cell6,2600,cyc2600,C1dc,0.6443100797990756,0.74,87.06892970257779,3135,3133.442760631442,True,,4.129827997704755,4.103433596555345,4.0328340981193325,3.9409349,4.0269223326018775,-0.00034809881551793966,41.00897108714359,0.06244586596526602
oxford_degradation_1,Cell6,2700,cyc2700,C1dc,0.6435074922832472,0.74,86.96047193016855,3131,3129.4037763029337,True,,4.130790661409598,4.1040754,4.034238151662236,3.9418175,4.028016210065458,-0.0003485944082312242,41.03395090272503,0.14983000000000146
oxford_degradation_1,Cell6,2800,cyc2800,C1dc,0.6413314137706706,0.74,86.66640726630685,3120,3118.800735846162,True,,4.12990805956691,4.103513585668107,4.033315596390175,3.9408147,4.027193515736309,-0.00034848412207028864,41.05028250242805,0.12485690136212213
oxford_degradation_1,Cell6,2900,cyc2900,C1dc,0.637279799374644,0.74,86.11889180738433,3101,3099.025958776474,True,,4.128023098852378,4.10086629540951,4.028662696859036,3.9392903,4.023929930754492,-0.0003463485202355642,41.08319736030592,0.09988808928853388
oxford_degradation_1,Cell6,3000,cyc3000,C1dc,0.6366215899044223,0.74,86.02994458167869,3097,3095.94121389091,True,,4.129186131734349,4.10198924658307,4.030868351662236,3.9397717,4.025355620060933,-0.000348094600108618,41.015559298768835,0.14978461292697887
oxford_degradation_1,Cell6,3100,cyc3100,C1dc,0.6339956139734056,0.74,85.67508296937915,3085,3083.132391795516,True,,4.128263466298755,4.1010264214391325,4.029825544671316,3.9392502,4.024543125009424,-0.00034693379708146627,41.066851120442095,0.1123951464020223
oxford_degradation_1,Cell6,3200,cyc3200,C1dc,0.6301612188131205,0.74,85.1569214612325,3066,3064.3837608397007,True,,4.125736197992982,4.097617096269243,4.025372997806389,3.9375656,4.021305797242528,-0.00034279985540443085,41.04120589795378,0.11235486609624701
oxford_degradation_1,Cell6,3300,cyc3300,C1dc,0.6290775840845405,0.74,85.01048433574871,3061,3059.27705951035,True,,4.126979764406335,4.09938182287916,4.028060798949909,3.9384079,4.023147206031839,-0.0003450394121122042,41.103172894424624,0.037439847452525044
oxford_degradation_1,Cell6,3500,cyc3500,C1dc,0.6229330971371867,0.74,84.18014826178198,3031,3029.517162591219,True,,4.123644798136052,4.095004100932443,4.02352240080667,3.9378004,4.019918721243961,-0.0003355980421962234,41.137220182003055,0.1373209106971558
oxford_degradation_1,Cell6,3600,cyc3600,C1dc,0.6224655750181377,0.74,84.11696959704564,3029,3027.1350994706154,True,,4.125931282184493,4.09781215251664,4.026209622031675,3.9389639,4.022078183740199,-0.0003400456167152447,41.121554959918974,0.11234999999999928
oxford_degradation_1,Cell6,3700,cyc3700,C1dc,0.6203313260135904,0.74,83.82855756940411,3018,3016.6748866438866,True,,4.125490129185364,4.097049612393572,4.02528706188364,3.9385226,4.021382384803398,-0.00033897395936017356,41.10340613539042,0.124812802724243
oxford_degradation_1,Cell6,3800,cyc3800,C1dc,0.616164044285397,0.74,83.26541138991851,2998,2996.362967044115,True,,4.121880102080066,4.0921559004669525,4.02063420080667,3.936878,4.017581960442953,-0.0003308528875653185,41.088871834935915,0.07491308081078074
oxford_degradation_1,Cell6,3900,cyc3900,C1dc,0.6159681421137119,0.74,83.23893812347458,2997,2995.5035369843245,True,,4.124447243594657,4.09512412881267,4.023161327775096,3.937319,4.019694679199011,-0.0003370977568710101,41.09544785015723,0.13732746501108295
oxford_degradation_1,Cell6,4000,cyc4000,C1dc,0.6135031779021912,0.74,82.90583485164747,2985,2983.5721392184496,True,,4.123243783132569,4.09432213259751,4.022880306599545,3.9369981,4.019138929336506,-0.0003358720312353946,41.09841002038045,0.07491490136212064
oxford_degradation_1,Cell6,4100,cyc4100,C1dc,0.6096173818637356,0.74,82.3807272788832,2966,2964.555364474654,True,,4.119713803121719,4.0895085020979245,4.019430600897418,3.9357948,4.016170013211767,-0.00032815164248044785,41.07570680240217,0.062409161861396
oxford_degradation_1,Cell6,4200,cyc4200,C1dc,0.6090230988884279,0.74,82.30041876870648,2963,2961.868565529585,True,,4.120837697274888,4.091113995982427,4.020434397802498,3.935194,4.016799567428812,-0.0003323505514401928,41.08047312590218,0.024971044731884717
oxford_degradation_1,Cell6,4300,cyc4300,C1dc,0.6073699490541111,0.74,82.07702014244745,2955,2953.6615893244743,True,,4.120958261409598,4.091515016885626,4.020835810923357,3.9350736,4.017087519926666,-0.00033403738708015214,41.09976851572849,0.024971922366837873
oxford_degradation_1,Cell6,4400,cyc4400,C1dc,0.6055915026358235,0.74,81.83668954538156,2947,2945.055792108178,True,,4.120155756196786,4.0910738853821496,4.020394282789239,3.9345922,4.016563141275954,-0.0003335408123934719,41.11202523825795,0.11239914606585444
oxford_degradation_1,Cell6,4500,cyc4500,C1dc,0.6015582612949865,0.74,81.29165693175493,2927,2925.392159074545,True,,4.116064497704755,4.085899395122693,4.0169848981162035,3.933429,4.013358594855931,-0.00032515382293408666,41.08818877138347,0.07491282139431377
oxford_degradation_1,Cell6,4600,cyc4600,C1dc,0.5860442340937907,0.74,79.19516676943118,2851,2849.9551210552454,True,,4.116264767365691,4.085899340650097,4.014858555694136,3.9281342,4.010836412584709,-0.0003369091418885843,41.10567116589939,0.06240623018990732
oxford_degradation_1,Cell6,4800,cyc4800,C1dc,0.5863836032445916,0.74,79.24102746548535,2853,2851.6622833907604,True,,4.115482275414271,4.084996647271233,4.014196803268289,3.9276326,4.01021232189149,-0.00033562582422475397,41.11021471123636,0.06240635807458972
oxford_degradation_1,Cell6,5000,cyc5000,C1dc,0.5790231519723749,0.74,78.24637188815876,2817,2815.9601636230946,True,,4.112124398136391,4.080796197991571,4.010076498746744,3.9247558,4.006515268415766,-0.00033304734813406503,41.11292974634154,0.0749128213925161
oxford_degradation_1,Cell7,0,cyc0000,C1dc,0.7287460724569093,0.74,98.47919898066341,3545,3543.4367649257183,True,,4.142422202076825,4.119256501396485,4.061582101344004,3.9682376,4.05374715628554,-0.00031053958248672625,40.74761477406843,0.2619479191892111
oxford_degradation_1,Cell7,100,cyc0100,C1dc,0.7203477780451695,0.74,97.34429433042831,3504,3502.875719591975,True,,4.143023458480223,4.119857228189745,4.06154187026867,3.9652719,4.052939578799404,-0.00031764409399113525,40.90116507562692,0.22451307771642348
oxford_degradation_1,Cell7,200,cyc0200,C1dc,0.7162137717431437,0.74,96.78564483015457,3485,3483.3770122379065,True,,4.142782654765939,4.119616957192344,4.061221531070207,3.9635084,4.052256779061124,-0.00032040228043601383,40.88052793304315,0.1996223462051958
oxford_degradation_1,Cell7,300,cyc0300,C1dc,0.7139550899355026,0.74,96.48041755885171,3473,3471.500351652503,True,,4.142003498567707,4.118797797704755,4.060001398119333,3.9616871,4.051060805446571,-0.0003231811812165173,40.924075819290216,0.2370191784697795
oxford_degradation_1,Cell7,400,cyc0400,C1dc,0.710350491252628,0.74,95.9933096287335,3456,3454.3793823570013,True,,4.142163773328796,4.118837740664894,4.060081413524442,3.9609256,4.05071308253835,-0.00032530893147224315,40.92884268189018,0.17464707771642907
oxford_degradation_1,Cell7,500,cyc0500,C1dc,0.7076044991402621,0.74,95.62222961354894,3443,3441.3160756230354,True,,4.142003452835066,4.118597414295616,4.059279779351349,3.9596429,4.050015597373897,-0.0003275234778865021,40.92838825831236,0.149711853682021
oxford_degradation_1,Cell7,600,cyc0600,C1dc,0.7051038567303703,0.74,95.28430496356356,3431,3429.321099445224,True,,4.1417231595589135,4.118276552868682,4.0590394819616,3.9589617,4.049458945037296,-0.000329422860963087,40.98577156935926,0.1621811430927309
oxford_degradation_1,Cell7,700,cyc0700,C1dc,0.7050077744360792,0.74,95.27132086974044,3431,3429.202753677964,True,,4.1410250995683455,4.11777879627568,4.058341496549242,3.9577425,4.048509560167117,-0.0003308917962570755,40.923396180193315,0.21208217846977817
oxford_degradation_1,Cell7,800,cyc0800,C1dc,0.7022042278220113,0.74,94.89246321919072,3417,3415.7076247036457,True,,4.141145176258321,4.117778693240126,4.058381392364121,3.9571812,4.048257208446061,-0.00033230018081335404,40.94857476776624,0.11228445908335516
oxford_degradation_1,Cell7,900,cyc0900,C1dc,0.7001065200427925,0.74,94.60898919497195,3407,3405.595327913761,True,,4.14106504610322,4.117418225857261,4.057699941276627,3.9563396,4.047569345711346,-0.00033421985285851414,40.951294047197806,0.29938271047363685
oxford_degradation_1,Cell7,1000,cyc1000,C1dc,0.6980250408537158,0.74,94.3277082234751,3397,3395.557341724634,True,,4.140664062970653,4.117137319217863,4.057218844886452,3.955538,4.04703517485376,-0.0003357621681769607,41.01980666896644,0.19960971047363785
oxford_degradation_1,Cell7,1100,cyc1100,C1dc,0.6959609703262059,0.74,94.0487797738116,3387,3385.6552328914404,True,,4.14054399397198,4.1166572833468225,4.0562985995183265,3.954977,4.046279053775986,-0.0003374956706592121,41.01662103046832,0.22454030299843453
oxford_degradation_1,Cell7,1200,cyc1200,C1dc,0.694003233982137,0.74,93.7842208083969,3378,3376.322966068983,True,,4.13990299484183,4.116256172233678,4.05589750689407,3.9542956,4.045653813997946,-0.00033912125209529045,41.0472289058533,0.16217615149922437
oxford_degradation_1,Cell7,1300,cyc1300,C1dc,0.6920996562801377,0.74,93.52698057839699,3369,3367.0548912137747,True,,4.139662520644733,4.116055720644733,4.055256046482244,3.9532535,4.044809354708664,-0.00034089250236198076,40.96827731448036,0.09981200000000001
oxford_degradation_1,Cell7,1400,cyc1400,C1dc,0.6902711085194838,0.74,93.27987952965996,3360,3358.139429613948,True,,4.139381875101554,4.115454966890315,4.054655722955795,3.9524119,4.044114670758623,-0.0003425355787275005,40.952681191428766,0.23702323462904928
oxford_degradation_1,Cell7,1600,cyc1600,C1dc,0.6864617323634372,0.74,92.76509896803205,3340,3338.869759440422,True,,4.138410598137841,4.114403201165481,4.053041900268667,3.9499981,4.042018631740637,-0.0003468715848894284,40.94562426399004,0.16218204458168373
oxford_degradation_1,Cell7,1800,cyc1800,C1dc,0.6824584052490439,0.74,92.22410881743836,3321,3319.654957205057,True,,4.137729598422869,4.113802000348976,4.051398797488794,3.9487958,4.040459215002601,-0.0003495234345564457,40.96785059540227,0.16218204458525776
oxford_degradation_1,Cell7,1900,cyc1900,C1dc,0.6801674774869656,0.74,91.91452398472508,3310,3308.3277605473995,True,,4.137501197706543,4.11297269885059,4.0504888959233964,3.9477258,4.039462087319206,-0.00035170993921485836,40.974202537407166,0.13721108930284487
oxford_degradation_1,Cell7,2000,cyc2000,C1dc,0.6779978592043389,0.74,91.62133232491065,3299,3297.776158154011,True,,4.136927103119127,4.112679001747205,4.049554301433633,3.9472721,4.038671017835841,-0.00035315357568637746,41.0424747820786,0.13720756616811514
oxford_degradation_1,Cell7,2100,cyc2100,C1dc,0.6764506853791333,0.74,91.41225478096396,3292,3290.637381747365,True,,4.1370872641565075,4.112678955813317,4.049273942169695,3.9469914,4.038583398098857,-0.000352726812103597,41.01548819597459,0.11228038055075018
oxford_degradation_1,Cell7,2200,cyc2200,C1dc,0.6739377403666313,0.74,91.07266761711234,3280,3278.134562820196,True,,4.136087898995427,4.111879800465495,4.047592597180564,3.9457114,4.036811433218807,-0.0003554482582918771,41.0089082245456,0.1497153122184116
oxford_degradation_1,Cell7,2300,cyc2300,C1dc,0.672468531256646,0.74,90.8741258454927,3273,3271.2660022079945,True,,4.136127879225315,4.111479258435833,4.0472320071978976,3.9457114,4.036758842974027,-0.0003543395003186702,41.01548687830907,0.1871131553588654
oxford_degradation_1,Cell7,2400,cyc2400,C1dc,0.6698150416123352,0.74,90.51554616382907,3260,3258.0149576067924,True,,4.135192399570133,4.110543701398229,4.045093996553153,3.9445355,4.034998662276348,-0.00035663996267879715,40.97420202414763,0.18711386611547454
oxford_degradation_1,Cell7,2500,cyc2500,C1dc,0.6683161981719089,0.74,90.31299975296066,3253,3251.065618917346,True,,4.135192391107044,4.11034344658307,4.044973766642638,3.944375,4.035004317167146,-0.0003552095851254136,40.958099276480986,0.18711099999999448
oxford_degradation_1,Cell7,2600,cyc2600,C1dc,0.6652058399162529,0.74,89.89268106976391,3237,3235.604155808687,True,,4.13439319770652,4.1093435002868155,4.042331194356378,3.9427342,4.032751464668769,-0.00035846160901459323,40.9050248246461,0.13724500000000006
oxford_degradation_1,Cell7,2700,cyc2700,C1dc,0.6639368706189983,0.74,89.72119873229707,3231,3229.756048321724,True,,4.134112770332148,4.109063058524196,4.042531336828459,3.9430549,4.03307200118188,-0.0003560500582149303,40.951072885547475,0.1621809999999968
oxford_degradation_1,Cell7,2800,cyc2800,C1dc,0.6620301297966885,0.74,89.46353105360656,3222,3220.456390455365,True,,4.133631673072621,4.108621978702733,4.0411686310702075,3.9425337,4.032256536221163,-0.0003557698739007866,40.95265303761264,0.0748800477641467
oxford_degradation_1,Cell7,2900,cyc2900,C1dc,0.6589018480706211,0.74,89.04079027981366,3207,3205.1877547055483,True,,4.133311297706185,4.107660297994432,4.0382427965531535,3.9414115,4.030254905205633,-0.0003589373524275675,41.03657729852548,0.09977413388453016
oxford_degradation_1,Cell7,3000,cyc3000,C1dc,0.6579000267184718,0.74,88.90540901600971,3202,3200.3540854901075,True,,4.132790067365364,4.107058946657055,4.038964151808712,3.9414115,4.030539694264515,-0.0003566756610674602,40.897766208246715,0.074878614497635
oxford_degradation_1,Cell7,3100,cyc3100,C1dc,0.6559158499218208,0.74,88.63727701646228,3192,3190.694833919406,True,,4.132188756238807,4.106458114295616,4.037802113816245,3.9409306,4.0297425017806,-0.00035583144890430194,40.97375097054733,0.16213980911150827
oxford_degradation_1,Cell7,3200,cyc3200,C1dc,0.6528250279489034,0.74,88.21959837147342,3177,3175.587160885334,True,,4.1311069038969634,4.105415801048963,4.034034701433634,3.9397283,4.027348785060236,-0.00035712283552757397,40.976924160311626,0.16218067652999224
oxford_degradation_1,Cell7,3300,cyc3300,C1dc,0.6518482504032085,0.74,88.087601405839,3172,3170.949326455593,True,,4.131186952546712,4.105175416960445,4.035757913524442,3.9400089,4.028261051023856,-0.00035511989314351985,41.02954479127241,0.07483669238960289
oxford_degradation_1,Cell7,3500,cyc3500,C1dc,0.6474990219249641,0.74,87.49986782769786,3151,3149.459360539913,True,,4.13058329842251,4.103569501514458,4.031587096553154,3.9397657,4.026081856742171,-0.00035223332476226767,41.09259952288727,0.09977282151948685
oxford_degradation_1,Cell7,3600,cyc3600,C1dc,0.6468315112267523,0.74,87.40966367929084,3148,3146.5855579823256,True,,4.131023873328796,4.104611877837703,4.033510983613179,3.9399261,4.027160234697827,-0.00035381875639516237,41.07581427670348,0.024984228754483695
oxford_degradation_1,Cell7,3700,cyc3700,C1dc,0.645304202881158,0.74,87.20327065961594,3141,3139.1401045024395,True,,4.1308235595669105,4.103970421439133,4.03242859660531,3.9396055,4.02642931366418,-0.0003534451019650943,41.0458778525583,0.11226561183575967
oxford_degradation_1,Cell7,3800,cyc3800,C1dc,0.6424368996081984,0.74,86.81579724435113,3127,3125.0459544360638,True,,4.129781697849594,4.102647793980435,4.028781895922615,3.9390042,4.02433146839319,-0.0003509531757629999,41.01049386985187,0.1621775984644387
oxford_degradation_1,Cell7,3900,cyc3900,C1dc,0.6419201636369664,0.74,86.7459680590495,3124,3122.6183876395226,True,,4.129941873299202,4.103008639181251,4.030665299093855,3.9389241,4.025186873179073,-0.00035258970265145134,41.02410337291915,0.08730177010602347
oxford_degradation_1,Cell7,4000,cyc4000,C1dc,0.6402204043260972,0.74,86.516270854878,3116,3114.3065437674522,True,,4.129060242733097,4.101806139404994,4.029983913817112,3.9382827,4.024386728454287,-0.0003517311149242105,41.00913105639502,0.06237714631797786
oxford_degradation_1,Cell7,4100,cyc4100,C1dc,0.6372624875981344,0.74,86.11655237812627,3101,3099.7999638319016,True,,4.127817597133626,4.099842100815924,4.025936101075561,3.9370403,4.021871341072488,-0.00034936743137781477,40.99189446738856,0.12474000000000274
oxford_degradation_1,Cell7,4200,cyc4200,C1dc,0.636461775519416,0.74,86.00834804316432,3097,3095.711361989379,True,,4.1272816974197015,4.099506396848598,4.0270032987467435,3.9364643,4.0221806136659355,-0.0003494161041034825,40.98781111159131,0.11227786611413393
oxford_degradation_1,Cell7,4300,cyc4300,C1dc,0.6348833453988139,0.74,85.79504667551538,3090,3088.3464250713587,True,,4.1268405674026845,4.099386128886653,4.027684584519323,3.9365444,4.022342276809034,-0.0003493670900319922,41.04020275041007,0.07487499999999869
oxford_degradation_1,Cell7,4400,cyc4400,C1dc,0.6333857813411086,0.74,85.59267315420385,3083,3081.0795966535807,True,,4.126239249507471,4.098664712477614,4.027123280983929,3.9362237,4.021795701003953,-0.0003483494254951924,41.038621416117884,0.08729795233043802
oxford_degradation_1,Cell7,4500,cyc4500,C1dc,0.6305555548837212,0.74,85.21021011942179,3069,3067.202554643154,True,,4.124315697563111,4.095739396558206,4.023195695609691,3.9347408,4.018870079345375,-0.0003446845572470474,41.019341264138276,0.13720704458571475
oxford_degradation_1,Cell7,4600,cyc4600,C1dc,0.6300056152500645,0.74,85.13589395271141,3066,3064.6316573023796,True,,4.125117255513468,4.097262334731384,4.026000827012897,3.935302,4.020762401663572,-0.0003468886682189359,41.05834756179439,-0.024966693529087536
oxford_degradation_1,Cell7,4800,cyc4800,C1dc,0.6267490104275444,0.74,84.69581221993843,3050,3048.771322891116,True,,4.12394518243233,4.0958094765185304,4.0247487357591565,3.9346509,4.019608591902038,-0.00034509576437775626,41.042247114287385,0.049901640320975105
oxford_degradation_1,Cell7,5000,cyc5000,C1dc,0.6230463727946269,0.74,84.1954557830577,3032,3030.502964928746,True,,4.121287298995785,4.09287119512627,4.020567898433038,3.932554,4.016373550476111,-0.0003426677741043908,41.06946315826937,0.1496736431820267
oxford_degradation_1,Cell7,5100,cyc5100,C1dc,0.6219010570358343,0.74,84.04068338322085,3027,3025.3368996083736,True,,4.122289149587355,4.093792846583608,4.022451825720142,3.9331553,4.0177055146882905,-0.00034392746275381595,41.07467705283517,9.248730137301209e-07
oxford_degradation_1,Cell7,5200,cyc5200,C1dc,0.6188233159558885,0.74,83.62477242647142,3012,3010.0723676383495,True,,4.119115803638333,4.088655901746043,4.01699400062674,3.9313848,4.013482358559765,-0.00033594104670231126,40.59723424518083,0.16213967649758843
oxford_degradation_1,Cell7,5300,cyc5300,C1dc,0.618954853098738,0.74,83.64254771604568,3013,3011.1409295350313,True,,4.120839573291804,4.092022317074119,4.020521142169695,3.9319458,4.015900873995639,-0.0003427379994205837,40.72470827565079,2.7698100879547383e-06
oxford_degradation_1,Cell7,5400,cyc5400,C1dc,0.6175276695204671,0.74,83.44968507033339,3006,3004.115902259946,True,,4.1200780730306,4.091140733667628,4.020360310421556,3.9313848,4.015600598162178,-0.0003419641018464054,40.65666056669252,0.03743695223585064
oxford_degradation_1,Cell7,5500,cyc5500,C1dc,0.6142925687191706,0.74,83.01250928637441,2990,2988.22876252234,True,,4.11695189770652,4.08605049512627,4.014989896553153,3.9301424,4.011527239229359,-0.00033313912479030595,40.62694843415264,0.14971191083215984
oxford_degradation_1,Cell7,5600,cyc5600,C1dc,0.6145690801391297,0.74,83.04987569447698,2991,2989.795149117708,True,,4.119035670369439,4.089938128871856,4.018837355838083,3.9305432,4.014280211013463,-0.0003410488136140178,40.693630212118926,0.049905844641145336
oxford_degradation_1,Cell7,5700,cyc5700,C1dc,0.6131146593468562,0.74,82.85333234416974,2984,2982.6525304466486,True,,4.1185950730306,4.089657692882881,4.018757127675518,3.9304228,4.014205836329,-0.00034048767777452226,40.66663939158585,0.19961394912626673
oxford_degradation_1,Cell7,5800,cyc5800,C1dc,0.6113462823719076,0.74,82.61436248269021,2975,2973.9057663828135,True,,4.117112197563135,4.0875735017472055,4.017475099820964,3.929461,4.012686614025179,-0.00033806253435416744,40.65847676378819,0.11227399999999932
oxford_degradation_1,Cell7,5900,cyc5900,C1dc,0.6100332969423896,0.74,82.43693201924184,2969,2967.717779427767,True,,4.117472567410083,4.088214828797873,4.018035827919042,3.9296212,4.013208971637014,-0.00033932471115147414,40.639877938108405,0.037441692093665324
oxford_degradation_1,Cell7,6000,cyc6000,C1dc,0.6088085860090602,0.74,82.27143054176489,2963,2961.6975646466017,True,,4.1172322528355405,4.0879344123935715,4.017715344672879,3.9293005,4.012950303323346,-0.0003390781767695687,40.66029902181413,0.09976999999999947
oxford_degradation_1,Cell7,6100,cyc6100,C1dc,0.6060533887321607,0.74,81.89910658542713,2949,2947.9007575660944,True,,4.112912198136052,4.082491897421515,4.013275097803281,3.9278662,4.009162872540847,-0.0003301072846702542,40.63103388649763,0.13720659846444505
oxford_degradation_1,Cell7,6200,cyc6200,C1dc,0.6059034227150879,0.74,81.87884090744431,2949,2947.5882064551115,True,,4.1160783673656915,4.086499666859988,4.016441141299538,3.9283471,4.011787579787783,-0.00033852980984520637,40.64236742684922,0.1372432301899167
oxford_degradation_1,Cell7,6300,cyc6300,C1dc,0.6046515080966797,0.74,81.70966325630806,2943,2941.4421927183867,True,,4.116038249464941,4.086419500008583,4.016200413859273,3.9281869,4.0116695177303905,-0.0003379302422717431,40.64101569196357,0.08730404776414247
oxford_degradation_1,Cell7,6400,cyc6400,C1dc,0.6018397427911003,0.74,81.32969497177032,2929,2927.6195660233498,True,,4.1114693005192064,4.08044770116519,4.011391200717265,3.9270647,4.007655925111713,-0.00032765447833223426,40.635796750969604,0.11227391894938421
oxford_degradation_1,Cell7,6500,cyc6500,C1dc,0.6020161384365811,0.74,81.35353222115961,2930,2928.6608196794987,True,,4.114795682221485,4.085297516944813,4.014998311108317,3.9275455,4.010599803533932,-0.0003369432299555364,40.807269503430675,0.07484253679049147
oxford_degradation_1,Cell7,6600,cyc6600,C1dc,0.6007270194675836,0.74,81.17932695507886,2924,2922.349015250802,True,,4.11459535956691,4.085016599013925,4.015158631027873,3.927305,4.010504301405808,-0.0003367657249303429,40.86351755463025,0.13720909863788222
oxford_degradation_1,Cell7,6700,cyc6700,C1dc,0.598757537892171,0.74,80.91318079623933,2914,2912.261562421918,True,,4.110725403637685,4.079303301165191,4.0106478017914835,3.927443,4.007261305131109,-0.00032385923561446925,40.81157587665567,0.09980783838491902
oxford_degradation_1,Cell7,6800,cyc6800,C1dc,0.5990486078144939,0.74,80.9525145695262,2916,2914.167033880949,True,,4.1142925584798045,4.0841531050924695,4.013493055535215,3.9270422,4.009542050363603,-0.0003355670976807113,40.89504217021184,0.21208692229286186
oxford_degradation_1,Cell7,6900,cyc6900,C1dc,0.597851621443797,0.74,80.79075965456717,2910,2908.293639868498,True,,4.114052262928631,4.0838722663323725,4.013933789603918,3.9265213,4.0094246980041035,-0.00033635736419787056,40.87440387573143,0.22454880591787685
oxford_degradation_1,Cell7,7000,cyc7000,C1dc,0.5949915726020949,0.74,80.40426656785066,2896,2894.151360914111,True,,4.1090020981360516,4.0773396018637245,4.009485196236319,3.9257598,4.005635560655001,-0.0003237102595131319,40.83584477278171,0.12474082153021726
oxford_degradation_1,Cell7,7100,cyc7100,C1dc,0.5971592893788655,0.74,80.69720126741427,2906,2904.7547634691,True,,4.115975898853808,4.08571620104751,4.014535396236319,3.9271626,4.010410805605326,-0.00033871741851572055,40.86170068660819,0.14971082153379456
oxford_degradation_1,Cell7,7200,cyc7200,C1dc,0.5939663081994765,0.74,80.26571732425359,2891,2889.4792679697275,True,,4.112849652553633,4.082710211026934,4.012771273841878,3.9251585,4.008117429566251,-0.0003367777368160568,41.07195945150025,0.04989815275084197
oxford_degradation_1,Cell7,7300,cyc7300,C1dc,0.592768780769216,0.74,80.1038892931373,2885,2883.4844704717398,True,,4.1117277,4.082108857200927,4.011729579351349,3.9242368,4.007467379709762,-0.0003366952860628166,40.88438484721737,0.19961075496009784
oxford_degradation_1,Cell7,7400,cyc7400,C1dc,0.5906981891224569,0.74,79.82407961114282,2875,2873.2595711946487,True,,4.1083608028585505,4.077539902678195,4.0084834007161465,3.9228339,4.00437198361237,-0.00033125308387535934,40.795697845758596,0.11227483838491992
oxford_degradation_1,Cell7,7500,cyc7500,C1dc,0.5899650195246209,0.74,79.72500263846229,2871,2869.8002960532904,True,,4.110926155513467,4.0807861466575925,4.01092807026867,3.923315,4.006450170962033,-0.00033624705901546246,40.85171743080802,0.18711092235756865
oxford_degradation_1,Cell7,7600,cyc7600,C1dc,0.5886221542203064,0.74,79.54353435409546,2865,2863.309906795621,True,,4.110765425899283,4.080666046128434,4.010607510208329,3.9233551,4.006255517032771,-0.0003364084554400804,40.84106064549837,0.062375194082129326
oxford_degradation_1,Cell7,7700,cyc7700,C1dc,0.5865107416551988,0.74,79.25820833178362,2854,2852.854361012578,True,,4.105996098710757,4.075415598281249,4.00696039717587,3.9215515,4.002767338662357,-0.00032846093775654666,40.79048242619774,0.12474000000000274
oxford_degradation_1,Cell7,7800,cyc7800,C1dc,0.5860648501349623,0.74,79.19795272094086,2852,2850.8935187011957,True,,4.109523261439192,4.07914297037654,4.00956529627454,3.9221928,4.005139195091528,-0.0003356424328635952,40.856485136346336,0.2619899999999973
oxford_degradation_1,Cell7,7900,cyc7900,C1dc,0.5849615834635077,0.74,79.04886263020374,2847,2845.498728007078,True,,4.109202354765939,4.079423250075224,4.009365031070208,3.921752,4.004897232182727,-0.0003361564567554458,40.81316183089041,0.1621826959862105
oxford_degradation_1,Cell7,8000,cyc8000,C1dc,0.5828396748034192,0.74,78.76211821667827,2837,2835.018961876631,True,,4.104312897849594,4.073612200582015,4.005717797492705,3.9204693,4.001360935384104,-0.0003269021415295932,40.75963757726962,0.12474008930283986
oxford_degradation_1,Cell7,8100,cyc8100,C1dc,0.5828069570864598,0.74,78.75769690357565,2836,2834.972542896867,True,,4.1082405466206,4.077900346657592,4.0086034268329644,3.9205093,4.003807809072999,-0.0003357861168546628,40.88188922409299,0.14967392516894762
oxford_degradation_1,Cell8,0,cyc0000,C1dc,0.7275279508776245,0.74,98.31458795643574,3543,3541.056150197983,True,,4.139907398279103,4.117175097990856,4.0600442962363195,3.9662693,4.051864594077678,-0.00031013024823794977,40.113720709645946,0.1747249106971509
oxford_degradation_1,Cell8,100,cyc0100,C1dc,0.7200435691727091,0.74,97.30318502333907,3506,3504.7437138855457,True,,4.142873752546235,4.119540652517118,4.061486992401114,3.965307,4.0528594834880485,-0.0003172490128350732,40.19336015710875,0.21211999999999875
oxford_degradation_1,Cell8,300,cyc0300,C1dc,0.7134368676427136,0.74,96.41038751928562,3474,3472.860161215067,True,,4.142043099283675,4.118790101863724,4.060897394351741,3.9624717,4.0514953481071885,-0.0003220332039928778,40.226938099662746,0.27452886612620375
oxford_degradation_1,Cell8,400,cyc0400,C1dc,0.7095431372565274,0.74,95.88420773736857,3455,3453.5147722810507,True,,4.142484161439192,4.118990352516641,4.060255366642639,3.9615095,4.051066569961868,-0.0003247436170814873,40.21899951441399,0.27453599999999767
oxford_degradation_1,Cell8,500,cyc0500,C1dc,0.7066031208953756,0.74,95.4869082291048,3441,3439.6656822413206,True,,4.1420831629706525,4.1188301797288265,4.059854913601108,3.9605873,4.050364576457826,-0.00032685458028399464,40.219899053929524,0.1871943404000973
oxford_degradation_1,Cell8,600,cyc0600,C1dc,0.7039271830937772,0.74,95.1252950126726,3428,3426.647698134184,True,,4.141802773030871,4.118389039338369,4.059092831493775,3.9597054,4.049672105515216,-0.00032876264463876025,40.24894552092525,0.19965819723353917
oxford_degradation_1,Cell8,700,cyc0700,C1dc,0.7028268331586339,0.74,94.97659907549108,3421,3419.829358533025,True,,4.141083198709314,4.1176695971318376,4.058413497493488,3.9583044,4.048637864289588,-0.00033056898011947126,40.21740538540296,0.26207013387156053
oxford_degradation_1,Cell8,800,cyc0800,C1dc,0.6996604835476685,0.74,94.54871399292819,3406,3404.461246356368,True,,4.14136405844323,4.117509388147776,4.057932842169695,3.9577832,4.048237579781308,-0.00033230285370409703,40.242145947718015,0.18719346182977148
oxford_degradation_1,Cell8,900,cyc0900,C1dc,0.6975051870107625,0.74,94.25745770415709,3396,3393.996738642454,True,,4.141043169660476,4.117388614384687,4.0575316274603805,3.9571016,4.047526782822957,-0.0003338888035068077,40.23601722486393,0.2121619999999993
oxford_degradation_1,Cell8,1000,cyc1000,C1dc,0.6954463583529561,0.74,93.97923761526434,3385,3383.929965645075,True,,4.140802366332711,4.11710822587407,4.056930263965221,3.9561794,4.046896274610039,-0.0003355380629488843,40.253939390452466,0.24960194880065956
oxford_degradation_1,Cell8,1100,cyc1100,C1dc,0.6933844109134182,0.74,93.70059606938084,3376,3374.08594340086,True,,4.140562302464269,4.1165076520250246,4.056288978282478,3.9556983,4.046192353180936,-0.0003369574467058344,40.27542263281509,0.07492082211717133
oxford_degradation_1,Cell8,1200,cyc1200,C1dc,0.6913525594293859,0.74,93.4260215445116,3366,3364.210468903184,True,,4.1399610576484065,4.116306557923868,4.055607484676276,3.9546959,4.045471372171454,-0.0003385082923788112,40.26414439528597,0.1871650889414198
oxford_degradation_1,Cell8,1300,cyc1300,C1dc,0.6893511783582152,0.74,93.15556464300207,3356,3354.5389965176582,True,,4.139720202464268,4.116026120736554,4.055166107777141,3.9540546,4.044786935875331,-0.00033991003642834826,40.28024226077601,0.16227791243589706
oxford_degradation_1,Cell8,1400,cyc1400,C1dc,0.6874919010955945,0.74,92.90431095886413,3347,3345.543883368373,True,,4.139559848367386,4.115745454315129,4.0543649396568355,3.953373,4.044152352100844,-0.0003410399996906057,40.29048963393544,0.3244370000000032
oxford_degradation_1,Cell8,1600,cyc1600,C1dc,0.6836927504525518,0.74,92.39091222331783,3328,3326.891962811351,True,,4.138566501817546,4.114230601630977,4.052448701075561,3.950856,4.042065116300934,-0.00034545857174357174,40.26301387541035,0.24959624241938627
oxford_degradation_1,Cell8,1800,cyc1800,C1dc,0.679848343976271,0.74,91.87139783463122,3310,3308.133555203676,True,,4.137684298422853,4.113428598281248,4.05092529937259,3.9492524,4.040561333397728,-0.0003475657261526078,40.26755198075423,0.13724582152842402
oxford_degradation_1,Cell8,1900,cyc1900,C1dc,0.677445316785953,0.74,91.54666443053418,3298,3296.332563087344,True,,4.137187998995428,4.112892201514168,4.049867600896524,3.9482749,4.039518946221802,-0.0003496723044290261,40.26936628528474,0.1372830000000036
oxford_degradation_1,Cell8,2000,cyc2000,C1dc,0.6752706367701213,0.74,91.2527887527191,3287,3285.6151599437,True,,4.136912297706543,4.1125363979951475,4.048750399686295,3.947438,4.038609243336125,-0.0003511699442980334,40.31996155636161,0.18719099999999855
oxford_degradation_1,Cell8,2100,cyc2100,C1dc,0.6737840156124403,0.74,91.05189400168112,3280,3278.519593924284,True,,4.137032464124545,4.112456272390219,4.0487102277750955,3.9477189,4.0386208041245055,-0.0003505424120038264,40.28820652225354,0.12478439327387747
oxford_degradation_1,Cell8,2200,cyc2200,C1dc,0.6711616689531791,0.74,90.6975228315107,3267,3265.77676422894,True,,4.136105999282244,4.1118102008147615,4.046741001344004,3.9459901,4.036826646738102,-0.0003533710095578267,40.27594814465534,0.22462422305504504
oxford_degradation_1,Cell8,2300,cyc2300,C1dc,0.6697381704212172,0.74,90.50515816502936,3260,3258.916622400284,True,,4.136105966681598,4.111489206027448,4.046861055694137,3.9460702,4.03686077453692,-0.0003523223946921167,40.28479420482684,0.14975239327387158
oxford_degradation_1,Cell8,2400,cyc2400,C1dc,0.6663400254420031,0.74,90.04594938405448,3244,3242.435762286186,True,,4.134990198136033,4.110293395699187,4.04430249717587,3.9445136,4.034656926685812,-0.0003551727100160672,40.254619980241124,0.1497500891678456
oxford_degradation_1,Cell8,2500,cyc2500,C1dc,0.6644188097638958,0.74,89.7863256437697,3235,3233.1420488655567,True,,4.134950158472824,4.11005302287916,4.0445025516622355,3.9445536,4.034695435327444,-0.0003538124112639985,40.25121962557233,0.13729138411335384
oxford_degradation_1,Cell8,2600,cyc2600,C1dc,0.6606598131242201,0.74,89.27835312489461,3216,3214.8581609129906,True,,4.133892498565919,4.10871460128171,4.0408792006267396,3.9426539,4.032058164717473,-0.00035721118609945265,40.20946759841043,0.14975008931357792
oxford_degradation_1,Cell8,2700,cyc2700,C1dc,0.6592901306798705,0.74,89.09326090268522,3210,3208.1506837159395,True,,4.133771864406335,4.108233458509816,4.041600483613179,3.9428945,4.032553724640501,-0.00035463127506952553,40.24327481887343,0.1497490748310497
oxford_degradation_1,Cell8,2800,cyc2800,C1dc,0.6567032675046591,0.74,88.74368479792692,3197,3195.5794282257557,True,,4.1330103561967855,4.107552021421319,4.0401171620973875,3.9422531,4.031497475646845,-0.00035417412799492424,40.25189830433009,0.12477690455575186
oxford_degradation_1,Cell8,2900,cyc2900,C1dc,0.6526045603641832,0.74,88.18980545461936,3177,3175.5001567304134,True,,4.131847899568341,4.106228797708331,4.035626899059666,3.9405692,4.028742222891021,-0.0003566896992369618,40.282984003634375,0.16221704458212827
oxford_degradation_1,Cell8,3000,cyc3000,C1dc,0.6515216355353732,0.74,88.04346426153693,3172,3170.477321371436,True,,4.132168288147656,4.106348964442969,4.037190251847195,3.9412107,4.029616826138889,-0.0003547353339452661,40.199941314846086,0.17468792229285413
oxford_degradation_1,Cell8,3100,cyc3100,C1dc,0.6492333106060079,0.74,87.73423116297404,3161,3159.215272217989,True,,4.131446747190857,4.1053466357796085,4.036027727460381,3.9405291,4.028704163807565,-0.00035356871510652647,40.24849030537936,0.1372483500633166
oxford_degradation_1,Cell8,3200,cyc3200,C1dc,0.6457033994370321,0.74,87.25721614013948,3144,3142.0143596827984,True,,4.13012359870897,4.103622900582015,4.031738296236319,3.9389656,4.025765220650874,-0.0003539157967371521,40.243955125698335,0.08734077694853681
oxford_degradation_1,Cell8,3300,cyc3300,C1dc,0.6446697350407342,0.74,87.11753176226138,3139,3137.0791621506214,True,,4.1302842465904686,4.103783034804712,4.033822836826817,3.9396472,4.027056748490918,-0.0003520366706692095,40.28478880952718,0.16221507770714538
oxford_degradation_1,Cell8,3500,cyc3500,C1dc,0.6391331897895913,0.74,86.36934997156641,3112,3110.085967183113,True,,4.128311203118478,4.10128930069825,4.028722801164744,3.9388769,4.023943798670391,-0.00034745836856365034,40.24373146490003,0.024971323476478346
oxford_degradation_1,Cell8,3600,cyc3600,C1dc,0.6384180527239549,0.74,86.27270982756147,3108,3106.5548054873943,True,,4.129914761439192,4.102652034730728,4.031168425719394,3.9396386,4.025797351986194,-0.000349579042120403,40.27390984323175,0.0998432301620511
oxford_degradation_1,Cell8,3700,cyc3700,C1dc,0.6361130349142321,0.74,85.96122093435568,3097,3095.421763882041,True,,4.12895248653631,4.1020105928828805,4.030486392995485,3.9390774,4.0250312151554155,-0.00034851549555616856,40.27708017177279,0.16226009544423903
oxford_degradation_1,Cell8,3800,cyc3800,C1dc,0.632034306934133,0.74,85.41004147758554,3077,3075.5833581089973,True,,4.12750909770652,4.098923697704755,4.025595696862134,3.9380348,4.021897629633432,-0.00034434223232066903,40.248493407686496,0.09984595528197104
oxford_degradation_1,Cell8,3900,cyc3900,C1dc,0.6313156809755113,0.74,85.31292986155557,3074,3072.1190437674522,True,,4.128030249587355,4.10024682881267,4.028161470369439,3.938556,4.023391872788527,-0.0003468896254722091,40.252350746723685,0.17468238532681823
oxford_degradation_1,Cell8,4000,cyc4000,C1dc,0.6291404956210294,0.74,85.0189858947337,3063,3061.645020917058,True,,4.1268677561972265,4.099083819134634,4.02743951583093,3.9378746,4.022603082802065,-0.0003456809399234908,40.24849481854768,0.1622117582064675
oxford_degradation_1,Cell8,4100,cyc4100,C1dc,0.6254674043331941,0.74,84.5226222071884,3045,3043.686367571354,True,,4.124422097706185,4.09539560116519,4.022949201255492,3.9361105,4.019225303156805,-0.00034099935637338553,40.23419964493052,0.062371089302843075
oxford_degradation_1,Cell8,4200,cyc4200,C1dc,0.624585982483317,0.74,84.40351114639418,3041,3039.427961781621,True,,4.124196503378405,4.096092201165191,4.024528001792825,3.9358449,4.020034930831535,-0.0003428171191348187,40.2371516037145,0.13728291919570523
oxford_degradation_1,Cell8,4300,cyc4300,C1dc,0.6226337554192608,0.74,84.13969667827848,3031,3029.871093481779,True,,4.124316664405977,4.09617221695961,4.0251692219928925,3.9357245,4.020215561012752,-0.00034335102947982265,40.25099584301331,0.06240900000000238
oxford_degradation_1,Cell8,4400,cyc4400,C1dc,0.6204760864495749,0.74,83.84811979048308,3021,3019.3798810243607,True,,4.123675239371987,4.095530865178212,4.0242475825741035,3.9352837,4.0195908484681455,-0.00034252553798381813,40.2469064088104,0.062414241709497276
oxford_degradation_1,Cell8,4500,cyc4500,C1dc,0.6169983768202243,0.74,83.37815902976004,3004,3002.4051692336798,True,,4.120428097274888,4.090880401280256,4.0200377011647435,3.9337602,4.016062161214843,-0.0003361408881536101,40.24327584767826,0.11231195541832051
oxford_degradation_1,Cell8,4600,cyc4600,C1dc,0.6163392972988486,0.74,83.28909422957413,3001,2999.189928174019,True,,4.122271961439192,4.093566364368985,4.023124566642639,3.9344015,4.018366246200728,-0.0003409149542790719,40.25598288375471,0.0249746921308045
oxford_degradation_1,Cell8,4800,cyc4800,C1dc,0.6122732738059556,0.74,82.73963159539942,2981,2979.502175375819,True,,4.120964073657257,4.092338564855897,4.02173655413332,3.9336147,4.017175738334415,-0.0003393929709133986,40.2507648446751,0.0748744538688797
oxford_degradation_1,Cell8,5000,cyc5000,C1dc,0.6073262718804695,0.74,82.07111782168506,2957,2955.342559888959,True,,4.117424998136052,4.087837201396776,4.017515695295986,3.930757,4.013345531602218,-0.00033544852409448484,40.24940176869335,0.0748747769485334
oxford_degradation_1,Cell8,5100,cyc5100,C1dc,0.6059417256364679,0.74,81.88401697790107,2950,2948.7137988209724,True,,4.118827758479805,4.089881834731384,4.0191998,3.931679,4.014879116071357,-0.0003382901705097868,40.24327548089912,0.07486761292697253
oxford_degradation_1,Cell8,5200,cyc5200,C1dc,0.6018903820841234,0.74,81.33653811947613,2930,2928.942169994116,True,,4.11329600416078,4.082585801630686,4.013948401075561,3.9302766,4.010345283665829,-0.00032476259237748314,39.75933034253222,4.045530275220699e-07
oxford_degradation_1,Cell8,5300,cyc5300,C1dc,0.601934788576745,0.74,81.34253899685743,2931,2929.230812564492,True,,4.116824173328528,4.087116176221328,4.016794611107423,3.9302766,4.012808949159537,-0.00033570243176995947,39.796304825938,0.08735053960192118
oxford_degradation_1,Cell8,5400,cyc5400,C1dc,0.6000077753818733,0.74,81.08213180836125,2921,2919.929424673319,True,,4.1165437730308705,4.087116146061199,4.016875165152999,3.9298356,4.0126310989044125,-0.00033582970995956645,39.839419592958585,0.037438901047060824
oxford_degradation_1,Cell8,5500,cyc5500,C1dc,0.5963490335138482,0.74,80.5877072316011,2904,2902.048370987177,True,,4.110730202599272,4.079258001397953,4.012064000627634,3.9287932,4.008180309640993,-0.00032175677166438807,39.79109477796909,0.11231283838491635
oxford_degradation_1,Cell8,5600,cyc5600,C1dc,0.5962266060789286,0.74,80.57116298363901,2903,2901.4978509396315,True,,4.11469937032475,4.084710540664298,4.014830510922462,3.9285126,4.01069941389838,-0.00033394924416475124,39.82012658875037,0.08737999999999602
oxford_degradation_1,Cell8,5700,cyc5700,C1dc,0.594340960205607,0.74,80.31634597373068,2894,2892.4636613577604,True,,4.115060242699479,4.084991446044391,4.015271010423463,3.9283524,4.010853938459845,-0.0003347077958203898,39.88093779845633,0.07487919441829405
oxford_degradation_1,Cell8,5800,cyc5800,C1dc,0.5920146001761711,0.74,80.00197299677988,2883,2881.037762761116,True,,4.111652403118478,4.081102402330382,4.012023900896301,3.9267085,4.008028686969008,-0.0003299293938809593,39.821266075372044,0.049904000000005055
oxford_degradation_1,Cell8,5900,cyc5900,C1dc,0.5904843031513403,0.74,79.79517610153248,2875,2873.5920879989862,True,,4.113496764405977,4.083628164368984,4.013988529630859,3.9271495,4.0097153556314495,-0.000334177726486698,39.7951752874744,0.06240523053197222
oxford_degradation_1,Cell8,6000,cyc6000,C1dc,0.5885823764392428,0.74,79.53815897827606,2866,2864.4435055553913,True,,4.113336059567317,4.083628098929882,4.013868131493775,3.9272697,4.0095265213280635,-0.0003337934588888303,39.873213997178794,0.19964775509689758
oxford_degradation_1,Cell8,6100,cyc6100,C1dc,0.5852882372464059,0.74,79.0930050332981,2850,2848.35076443851,True,,4.107633097706543,4.077203301747205,4.010009296862948,3.9254556,4.0057195261544996,-0.00032304472009119433,39.80152612605258,0.12477904458167899
oxford_degradation_1,Cell8,6200,cyc6200,C1dc,0.5851320387309231,0.74,79.07189712580043,2849,2847.6033233106136,True,,4.112163459004046,4.082014517005163,4.0122947565642955,3.9260969,4.008192702901109,-0.00033315843320618166,39.82240642111612,0.1622199999999978
oxford_degradation_1,Cell8,6300,cyc6300,C1dc,0.5832241106854588,0.74,78.81406901154848,2840,2838.32173012197,True,,4.111562247181447,4.081934357111855,4.012254165535103,3.9255357,4.007834035508037,-0.0003329654310967939,39.83987845960633,0.1247913919724084
oxford_degradation_1,Cell8,6400,cyc6400,C1dc,0.5798709863302748,0.74,78.36094409868578,2824,2822.0415629446507,True,,4.105348097704755,4.074717501747205,4.008285501075561,3.9243731,4.004132621185588,-0.0003201810921396986,39.835332793584065,0.0873414016714591
oxford_degradation_1,Cell8,6500,cyc6500,C1dc,0.5803408685542026,0.74,78.42444169651387,2826,2824.2641519755125,True,,4.110479779225315,4.08017019406649,4.011051584483337,3.9251349,4.006888636076555,-0.00033165603756218714,40.133689188259744,0.11227492539089923
oxford_degradation_1,Cell8,6600,cyc6600,C1dc,0.5785533542486776,0.74,78.18288570928075,2817,2815.5857741832733,True,,4.110238959567317,4.080290225857261,4.011011513817112,3.9247739,4.0066633840407135,-0.00033233933845738486,40.17770700495813,0.11227590457683334
oxford_degradation_1,Cell8,6700,cyc6700,C1dc,0.5780345206396924,0.74,78.11277305941789,2815,2813.0501713603735,True,,4.105794902855958,4.07516430128171,4.009453801164968,3.9267042,4.005396555007802,-0.0003166798829045734,40.077422628748096,-0.04989983838491696
oxford_degradation_1,Cell8,6800,cyc6800,C1dc,0.5777142932865601,0.74,78.0694990927784,2813,2811.5027647465467,True,,4.1100043347387825,4.07929362812079,4.010335741263551,3.9242184,4.006048813982452,-0.00033057848947429095,40.180652089405974,0.13728761467318407
oxford_degradation_1,Cell8,6900,cyc6900,C1dc,0.5764201292408753,0.74,77.89461205957774,2807,2805.300786718726,True,,4.109844159567317,4.079333746128434,4.0100950310709,3.9240983,4.005963568871627,-0.00033183162805443316,40.2130961127739,0.1622160000000008
oxford_degradation_1,Cell8,7000,cyc7000,C1dc,0.5730210856189168,0.74,77.43528184039417,2790,2788.549368828535,True,,4.103790297704755,4.073159701748658,4.007449198433038,3.9243388,4.003271686498406,-0.00031773721520874753,40.12007293217548,0.13724908928853097
oxford_degradation_1,Cell8,7100,cyc7100,C1dc,0.5746346477946778,0.74,77.65333078306456,2798,2796.5991642326117,True,,4.111688096272425,4.080376598564489,4.01085709748955,3.9240582,4.006672173268737,-0.00033392335777260686,40.20878943876858,0.16225531235745194
oxford_degradation_1,Cell8,7200,cyc7200,C1dc,0.5714523631333855,0.74,77.22329231532237,2783,2781.093404442072,True,,4.108079851320101,4.077489855730571,4.008090355874069,3.9213319,4.003767260525766,-0.00033311332785298354,40.175426576000824,0.12477901265920366
oxford_degradation_1,Cell8,7300,cyc7300,C1dc,0.5698082029910109,0.74,77.00110851229877,2775,2773.116833344102,True,,4.107558666298755,4.077329552801448,4.008090379352562,3.9212518,4.003683381014211,-0.00033334961643341715,40.26188145886171,0.2246279490422225
oxford_degradation_1,Cell8,7400,cyc7400,C1dc,0.5675662622753906,0.74,76.69814355072847,2764,2762.0891623198986,True,,4.102747896988429,4.0722779962721045,4.004923296550024,3.9190066,4.000240002342579,-0.0003262809147550959,39.97804504700616,0.08734626776904975
oxford_degradation_1,Cell8,7500,cyc7500,C1dc,0.566657307630317,0.74,76.57531184193472,2759,2757.718425616622,True,,4.105955052553633,4.07568541102604,4.0062865703691415,3.9195278,4.0020404145552435,-0.00033275029635803223,40.04951561828424,0.09985092229285897
oxford_degradation_1,Cell8,7600,cyc7600,C1dc,0.5653637467862752,0.74,76.40050632246962,2753,2751.4628671109676,True,,4.105915039321561,4.075485078742752,4.006286461926667,3.9192472,4.001936830572376,-0.00033320256338611955,40.05337447402219,0.11231809542316995
oxford_degradation_1,Cell8,7700,cyc7700,C1dc,0.5629671093293154,0.74,76.07663639585343,2741,2739.689766615629,True,,4.100382304416818,4.0703535002327484,4.003439900806894,3.9180443,3.9988251342016423,-0.0003242975594765177,39.987802709008676,0.13728424266570016
oxford_degradation_1,Cell8,7800,cyc7800,C1dc,0.5626004974372796,0.74,76.02709424828103,2740,2738.013654202223,True,,4.10455176143958,4.0741619466575925,4.005444292401114,3.9180043,4.000666314169415,-0.0003329774429549318,40.036805029306734,0.1871937697361048
oxford_degradation_1,Cell8,7900,cyc7900,C1dc,0.5611111478911844,0.74,75.825830796106,2732,2730.725894495845,True,,4.104311422495541,4.073841525857261,4.004963262140414,3.9175632,4.000344852997682,-0.0003332707257071518,40.02977738256934,0.12481594912626548
oxford_degradation_1,Cell8,8000,cyc8000,C1dc,0.5581610835707194,0.74,75.42717345550261,2718,2716.425569728017,True,,4.098337697563135,4.068228701164029,4.002117200626516,3.9167213,3.9974292009378076,-0.0003227834796432095,39.97940494734771,0.2745317322309546
oxford_degradation_1,Cell8,8100,cyc8100,C1dc,0.5589581404180535,0.74,75.5348838402775,2722,2720.202274248004,True,,4.1027478673653635,4.072558328811954,4.00356004070129,3.9165208,3.9990765150044365,-0.00033291061134740977,40.00027456138976,0.1871854603980836
