battery_id,cycle,operation_index,cycle_start_time,capacity_ah,rated_capacity_ah,soh_pct,ambient_temperature_c,sample_count,discharge_duration_s,feature_eligible,exclusion_reason,voltage_60s_v,voltage_120s_v,voltage_300s_v,voltage_600s_v,voltage_mean_v,voltage_slope_v_per_s,current_mean_a,current_std_a,temperature_mean_c,temperature_rise_c
B0005,1,2,2008-04-02T15:25:41.593,1.8564874208181574,2.0,92.82437104090788,24.0,197,3690.234,True,,3.9457639997092877,3.9008949467294256,3.828948943370519,3.7496292028995617,3.827622976250757,-0.00032905903547488744,-2.0129952236406585,0.0011443688922999375,27.21778082960191,4.79401301040836
B0005,2,4,2008-04-02T19:43:48.406,1.846327249719927,2.0,92.31636248599635,24.0,196,3672.344,True,,3.9511597044516606,3.9075660159799215,3.8356797753624394,3.754457664464789,3.833820758670113,-0.0003325447031407551,-2.012910613695935,0.0012904803502590866,27.50164843007282,4.662367397157254
B0005,3,6,2008-04-03T00:01:06.687,1.8353491942234077,2.0,91.76745971117039,24.0,195,3651.641,True,,3.9526338433705113,3.90951056122106,3.8381125727924155,3.7563819967514243,3.8360038975702766,-0.00033290278663178173,-2.0128701150057795,0.0016084530880585942,27.510539391754467,4.576948246405834
B0005,4,8,2008-04-03T04:16:37.375,1.8352625275821128,2.0,91.76312637910564,24.0,194,3631.563,True,,3.95446697460121,3.9117893948927067,3.840306600153757,3.7578889681871632,3.8381512470295776,-0.00033364229574643346,-2.012207280292296,0.0007984978226648365,27.40136847291849,4.572103137745437
B0005,5,10,2008-04-03T08:33:25.703,1.8346455082120419,2.0,91.7322754106021,24.0,194,3629.172,True,,3.9548913657485967,3.912779791297916,3.8413015473118137,3.758790670804065,3.838997387756365,-0.00033353087037261183,-2.012661332203682,0.001310564734847864,27.26692984317841,4.5601453585105745
B0005,6,12,2008-04-03T12:55:10.687,1.8356616600675495,2.0,91.78308300337747,24.0,195,3652.281,True,,3.9564775670981445,3.9144162427581133,3.843244655288302,3.760685953795151,3.840975517209772,-0.0003328192559044677,-2.012844245017326,0.0012715224650713692,27.267796720676056,4.569392304087685
B0005,7,14,2008-04-03T17:17:16.015,1.8351461429226603,2.0,91.75730714613302,24.0,195,3650.828,True,,3.9576044622418967,3.9158200774017273,3.845264140957068,3.762214015867445,3.8426410264149404,-0.0003324791209761517,-2.012480367607413,0.0010128043503473722,27.32652643778408,4.540146158324749
B0005,8,16,2008-04-03T21:28:14.718,1.8257567905665537,2.0,91.28783952832768,24.0,191,3572.453,True,,3.9594149954514295,3.9182754739741306,3.847327292806552,3.7639426482489475,3.8448479107311084,-0.0003331527275859794,-2.0128307604924855,0.0011159180551045197,27.408463568827994,4.4836763046580295
B0005,9,18,2008-04-04T01:38:15.218,1.8247738529891333,2.0,91.23869264945667,24.0,190,3550.594,True,,3.959739836060622,3.918327035907743,3.8475164981742025,3.7642536746181827,3.8449800758366948,-0.00033291173522474586,-2.012819501901671,0.0013104224841692835,27.340318345162242,4.495093431465193
B0005,10,20,2008-04-04T05:48:08.609,1.824613268496936,2.0,91.2306634248468,24.0,190,3551.25,True,,3.960093001364992,3.9189728459472377,3.848253985305743,3.7646246495461444,3.84557818937549,-0.00033307918266479726,-2.012414689356713,0.001270766381122939,27.27263185065932,4.49234649722462
B0005,11,22,2008-04-04T09:57:19.765,1.8246195526864504,2.0,91.23097763432251,24.0,189,3530.25,True,,3.9599279961667175,3.918824259166287,3.8479906685604854,3.764405076261633,3.845366493182176,-0.00033331043295666663,-2.0124546385862137,0.0010287047954878367,27.12847722438685,4.4958156030866085
B0005,12,25,2008-04-04T17:56:27.609,1.8142019357673917,2.0,90.71009678836958,24.0,187,3491.016,True,,3.9624468755335855,3.9215816462276667,3.8511904072323873,3.766925422771109,3.8482860249913675,-0.0003330958419543027,-2.0129413713200384,0.0012241324899754152,27.422864721947686,4.4790199682203955
B0005,13,27,2008-04-04T22:01:54.671,1.8137521577549054,2.0,90.68760788774527,24.0,186,3470.281,True,,3.9620474010688516,3.921363714350462,3.8506602435955317,3.7666233862686482,3.8479703686669255,-0.0003333962081301823,-2.0125288183312326,0.0009170516711035264,27.4066461331142,4.460488663147348
B0005,14,29,2008-04-05T02:20:26.703,1.8134404914735822,2.0,90.67202457367911,24.0,186,3470.0,True,,3.9608582972203434,3.919872984255739,3.8494094249299713,3.7657005294370784,3.8467192253792297,-0.00033294631114258374,-2.012634531611406,0.0011765037864270252,27.16623736093637,4.52531845677937
B0005,15,31,2008-04-05T06:25:01.890,1.8025980036306504,2.0,90.12990018153252,24.0,185,3450.297,True,,3.9613961892321132,3.920408456817586,3.849809141224025,3.7654671559249273,3.8470355387879316,-0.00033399635919296983,-2.012612754887632,0.0011219156882591509,27.153082077484047,4.46191856717882
B0005,16,33,2008-04-05T10:30:32.312,1.80210690024615,2.0,90.10534501230751,24.0,184,3429.407,True,,3.9610887591768438,3.9202432812627004,3.8493179448468906,3.7646386809691075,3.846540016406255,-0.00033448353805361257,-2.012401555865721,0.0012196129785210614,27.0261565154162,4.487523773935301
B0005,17,35,2008-04-05T14:34:41.468,1.802579500826209,2.0,90.12897504131045,24.0,183,3409.484,True,,3.9613250388796675,3.9203082791131347,3.8494885461268114,3.764677900519949,3.8466103039935495,-0.0003346660902363317,-2.0124788375243408,0.0009202165986126298,27.042894229600257,4.4863376775493045
B0005,18,37,2008-04-05T18:39:25.218,1.8030683142834096,2.0,90.15341571417048,24.0,182,3390.422,True,,3.9613252879651677,3.920201758446834,3.8492434641180124,3.7646365343690142,3.846489460624801,-0.0003348504824081018,-2.012408399785284,0.0010941630249012566,27.07066328900015,4.486145936665739
B0005,19,39,2008-04-05T22:46:35.484,1.8027776247196041,2.0,90.13888123598021,24.0,182,3390.281,True,,3.961512352166397,3.920364033240729,3.849418399289355,3.7644036407749875,3.846573149835014,-0.00033535583884199697,-2.0127266381642115,0.0010955222809463986,27.053527624168897,4.514738199465043
B0005,20,42,2008-04-18T21:10:19.796,1.8470259949329193,2.0,92.35129974664596,24.0,192,3591.734,True,,3.9597088826021127,3.9189029196353906,3.8494555742373144,3.765944200081869,3.8466027476672764,-0.00032921352653384703,-2.0127376660100715,0.0013984563743258856,27.3341491820745,4.584469633100252
B0005,21,46,2008-04-19T02:29:09.000,1.847417311283644,2.0,92.3708655641822,24.0,190,3552.297,True,,3.961911553976679,3.921763254961549,3.852508272034185,3.769261717498328,3.849651905129066,-0.00032816669333801576,-2.0122291359806805,0.001389569980634099,27.67021201838242,4.539397015007111
B0005,22,50,2008-04-19T07:47:15.703,1.8361774213478947,2.0,91.80887106739473,24.0,189,3531.578,True,,3.9609824993481335,3.9204370117348204,3.8512077741431145,3.771993461479877,3.848333557625305,-0.0003282112503776273,-2.0119405495123788,0.0011869205410410626,27.320838948023876,4.47562163928831
B0005,23,54,2008-04-19T13:01:42.562,1.8257807475776242,2.0,91.2890373788812,24.0,187,3492.907,True,,3.9599736894794115,3.91918575959143,3.8494109640657843,3.7655919902547623,3.8465806367741866,-0.000330562030777262,-2.011802373145786,0.0010645942395689674,27.00230683833052,4.591623153872195
B0005,24,58,2008-04-19T18:27:29.828,1.8251136435078368,2.0,91.25568217539184,24.0,188,3511.594,True,,3.959314325145856,3.9185642416827213,3.8487451718259056,3.7648046238533817,3.845939558689705,-0.00033056646538663544,-2.012532524373998,0.0013931977853265008,26.856845556484046,4.627234944697754
B0005,25,62,2008-04-19T23:41:55.687,1.8255815042203762,2.0,91.2790752110188,24.0,184,3431.9370000000054,True,,3.959733299716504,3.9189786381614087,3.8488815394546108,3.7645157613000015,3.846079685279974,-0.00033170861936868893,-2.012260235671608,0.0013070032832429666,26.821281322883745,4.622370251873374
B0005,26,66,2008-04-20T04:54:41.734,1.8140311275083907,2.0,90.70155637541953,24.0,184,3431.125,True,,3.959870941730918,3.918966470247867,3.848963973688619,3.7645370913082576,3.8459984632439035,-0.000332042088239393,-2.012479884580086,0.0011482153657677327,26.73996968198266,4.6415221463591045
B0005,27,70,2008-04-20T10:16:28.859,1.8147691941158939,2.0,90.7384597057947,24.0,183,3412.406,True,,3.9586022779510635,3.917577879332953,3.847423263158631,3.7629380951154907,3.844651831601031,-0.00033212142346089965,-2.0119382978856075,0.0009845972432842168,26.635396322425247,4.665205369068239
B0005,28,74,2008-04-20T15:37:05.281,1.813969388710352,2.0,90.69846943551761,24.0,183,3410.688,True,,3.9584520889479293,3.9173341923116505,3.847223460198877,3.7624280369769005,3.8443161300473294,-0.00033259840213830516,-2.0124767723061594,0.0010571237186294189,26.58855971714686,4.667006584608973
B0005,29,78,2008-04-20T20:50:38.921,1.802765665167823,2.0,90.13828325839116,24.0,183,3410.718,True,,3.9591177158951405,3.9180471690079823,3.8477237893983567,3.762532557641522,3.8448106338561314,-0.00033377813656128774,-2.012496749152385,0.0011831440081634132,26.62870945101149,4.66337588078671
B0005,30,82,2008-04-21T02:15:02.921,1.804077040117352,2.0,90.2038520058676,24.0,182,3392.719,True,,3.9587126807957205,3.9177555797030443,3.847331480445809,3.761987523395097,3.8443654724278993,-0.00033402688259177014,-2.01266217825335,0.001281545395778879,26.634054750693092,4.678642787889125
B0005,31,86,2008-04-22T15:33:49.875,1.8518025516704486,2.0,92.59012758352243,24.0,371,3470.672,True,,3.9607711843682347,3.922584091709999,3.8549775348404887,3.773680981373251,3.851882379730517,-0.0003218992239689711,-2.0122924138316933,0.001230627371178907,26.767929781120994,4.82221695210049
B0005,32,90,2008-04-22T20:26:18.921,1.8307038456739428,2.0,91.53519228369714,24.0,365,3414.109,True,,3.963786237131604,3.9259001706382968,3.8569149618686778,3.773843758630536,3.8538441005729527,-0.0003282865640271134,-2.0124527589198165,0.0011937990933615172,27.137520612186396,4.752746189410175
B0005,33,94,2008-04-23T01:18:11.796,1.8199041089501267,2.0,90.99520544750634,24.0,363,3395.219,True,,3.9632170744672606,3.9249293237933314,3.855479161583676,3.7717072033314603,3.8523819898267604,-0.0003303377566215259,-2.012623530560896,0.0011182671597187372,26.937052508281802,4.7706683315695635
B0005,34,98,2008-04-23T06:18:19.921,1.8093079637028517,2.0,90.46539818514259,24.0,362,3386.0,True,,3.9607627422278204,3.92196648926011,3.8520164509857926,3.76802396689535,3.849124949260467,-0.0003320161416271318,-2.0123601440626393,0.0014816399993406435,26.503300743035645,4.806005021535228
B0005,35,102,2008-04-23T11:08:00.312,1.80460990458052,2.0,90.23049522902599,24.0,360,3368.187,True,,3.961197644925554,3.9222676578774798,3.8520182013087885,3.7673999816903687,3.8490679325107804,-0.0003336419871177384,-2.0122974248893,0.0013131456068730656,26.523021795094007,4.759264482286113
B0005,36,106,2008-04-23T16:06:25.171,1.7993770651972192,2.0,89.96885325986096,24.0,360,3368.266,True,,3.961927446497072,3.923250662662149,3.8535265590656866,3.7687327926845855,3.8502759645877096,-0.00033296783158839996,-2.0127084083165423,0.001125276619766831,26.93764252274149,4.78000190571424
B0005,37,110,2008-04-23T21:02:58.296,1.7884432335370462,2.0,89.42216167685231,24.0,359,3358.719,True,,3.9604599194822,3.9214807471224846,3.851096431954399,3.7659786894483704,3.847945838077663,-0.00033531494658834164,-2.0123440439225444,0.0013732264371377147,26.705630281284357,4.805289349026559
B0005,38,114,2008-04-24T01:51:33.890,1.7829230484252723,2.0,89.14615242126361,24.0,357,3339.5,True,,3.9597477927997167,3.920290553131061,3.8495835298345655,3.764047274570232,3.846481708742125,-0.00033688240190536537,-2.0123093457636556,0.0010890699663915779,26.509902028242834,4.820507303373596
B0005,39,118,2008-04-24T06:50:00.031,1.7730337158018288,2.0,88.65168579009143,24.0,356,3331.265,True,,3.9579281632521295,3.918200210056439,3.847152911954258,3.761046663595217,3.844007397477946,-0.000338229284989279,-2.0120310881005325,0.0011611613373833766,26.291914748640682,4.885868509409196
B0005,40,122,2008-04-24T11:49:24.281,1.773037755078937,2.0,88.65188775394685,24.0,355,3321.188,True,,3.958405993520687,3.9185844993190413,3.8476556450259918,3.761497126305384,3.8443185763480803,-0.00033852112723011804,-2.0129767029576104,0.0013568147358345285,26.4784753039217,4.928054810527954
B0005,41,126,2008-04-24T16:45:56.015,1.7678721106662054,2.0,88.39360553331026,24.0,355,3321.844,True,,3.959943329639915,3.920460439854271,3.8494304938979447,3.763123351632,3.846250173785458,-0.00033852893247726104,-2.0122385606430884,0.0012724714852595887,27.040430353206194,4.878013120183226
B0005,42,130,2008-04-24T21:38:11.078,1.7623150704093087,2.0,88.11575352046543,24.0,354,3311.828,True,,3.9604104343106203,3.9209881884231383,3.850116606820327,3.763388095163586,3.846698152383684,-0.0003392250944057569,-2.0125578929693617,0.0011260108935241375,27.26374260251055,4.8559694902801915
B0005,43,134,2008-04-25T12:03:44.093,1.7676172924938447,2.0,88.38086462469224,24.0,179,3327.391,True,,3.96167113627332,3.9190475947073034,3.8475385539751135,3.7591887584191244,3.8447044105114045,-0.00033996384964166647,-2.012183442940289,0.000924597247382727,26.933995238989155,4.948625024032541
B0005,44,136,2008-04-25T20:03:55.921,1.762668359743147,2.0,88.13341798715734,24.0,354,3312.078,True,,3.959946225761233,3.919833389056667,3.848495520426012,3.760654785942442,3.8451185841181106,-0.00034198863204756917,-2.0125820653195667,0.0011463225795692426,26.847238235029582,4.896885638139761
B0005,45,140,2008-04-26T01:04:35.718,1.7517304870664143,2.0,87.58652435332071,24.0,352,3293.172,True,,3.956424141140107,3.9160138909818727,3.844669293351336,3.756651953119908,3.841094408078483,-0.00034260047718973096,-2.012194338513341,0.0012415788262667494,26.4175107204413,4.925869229478263
B0005,46,144,2008-04-26T05:57:35.140,1.7418496047960008,2.0,87.09248023980004,24.0,350,3275.328,True,,3.955824675106713,3.9150709634332928,3.8432688804756188,3.754781544202741,3.8397149047616823,-0.0003446402790608473,-2.012308638152336,0.0012206619418147525,26.328412614753816,4.98111683909805
B0005,47,148,2008-04-26T10:58:25.843,1.7360913511847138,2.0,86.8045675592357,24.0,349,3265.016,True,,3.9550641077457174,3.914013415212047,3.8418318404555856,3.753056211033065,3.838422951580314,-0.0003456722262558297,-2.012402256409091,0.0011625180962168199,26.31961734298522,4.986266332842046
B0005,48,150,2008-04-29T12:15:56.953,1.7936240148573608,2.0,89.68120074286804,24.0,356,3328.937,True,,3.9596935796859083,3.9231729612699557,3.855915038649535,3.769888787755523,3.852234063928458,-0.00032597726243630096,-2.0122616047940856,0.0010441296490127855,29.64722645029809,4.88316764842909
B0005,49,154,2008-04-29T17:05:27.781,1.7831890223273275,2.0,89.15945111636637,24.0,356,3329.266,True,,3.966747688069506,3.9288124301823766,3.858926850407556,3.7720872212796843,3.8556188044150486,-0.0003344887597885021,-2.0121084187688076,0.0012967064279795154,28.664173636948835,4.872208755165747
B0005,50,158,2008-04-29T22:00:04.750,1.7673642076278957,2.0,88.36821038139479,24.0,353,3301.579,True,,3.9626296137527697,3.924079243118697,3.853259721856431,3.7650619617332373,3.849963199219183,-0.0003384649308721516,-2.0117205676790326,0.0009880504579678883,27.862561729256285,4.93020128470927
B0005,51,162,2008-04-30T02:43:55.312,1.7570177850353066,2.0,87.85088925176532,24.0,351,3283.563,True,,3.9604467105143897,3.920926325143472,3.849891193899341,3.7606639519259946,3.846317594602226,-0.0003418070866260106,-2.012093514508792,0.0010771883030820846,27.414038851025637,4.9401715146546366
B0005,52,166,2008-04-30T07:41:42.578,1.7468706179837907,2.0,87.34353089918953,24.0,350,3275.125,True,,3.958652790978171,3.918650491458366,3.84729778580608,3.7577531191124303,3.8437223707068418,-0.0003436646228641973,-2.0122538103178136,0.0011377672889761855,27.085625110385514,5.064668813255221
B0005,53,170,2008-04-30T12:28:49.265,1.7417172507457144,2.0,87.08586253728572,24.0,349,3265.656,True,,3.958293989809122,3.9178074092876876,3.8461434647963584,3.7561323938824347,3.8426064260820842,-0.0003453847038763862,-2.012404097729463,0.0010736244949862898,27.091195047396216,4.995554590800904
B0005,54,174,2008-04-30T17:20:16.140,1.7364225056478186,2.0,86.82112528239094,24.0,349,3266.093,True,,3.9586705194483205,3.9185376436847332,3.84681208103307,3.756777704394784,3.8430793774091385,-0.00034589421947582534,-2.0125417254867437,0.0012118370421595412,27.414986130883335,5.0168852459375834
B0005,55,178,2008-04-30T22:14:54.062,1.7263217239235826,2.0,86.31608619617913,24.0,348,3257.594,True,,3.9570465942577537,3.9164278263074324,3.8444167651132153,3.753443306985904,3.8406065049818743,-0.00034795128672637283,-2.0124239320440442,0.001239611596615898,27.203140039554324,4.99883930420614
B0005,56,182,2008-05-01T03:15:33.140,1.7158065389330133,2.0,85.79032694665067,24.0,347,3248.593,True,,3.9554316368639495,3.914312308596343,3.842360124618473,3.750796936514441,3.838282008563302,-0.0003495661470291767,-2.0124825877844605,0.0012000323943086278,27.081748057243686,5.021059841296754
B0005,57,186,2008-05-01T08:16:03.343,1.710533351135192,2.0,85.52666755675959,24.0,346,3238.766,True,,3.9548424764253824,3.913429726209641,3.8409750335255644,3.7465835393244147,3.8369775535613457,-0.00035147681629622667,-2.0123912876254466,0.0010322683698737471,26.96185572350315,5.067385487320326
B0005,58,190,2008-05-01T13:14:24.875,1.706014499648521,2.0,85.30072498242605,24.0,346,3240.14,True,,3.954772475615372,3.9133397760167696,3.840890461635098,3.748786750025577,3.836749637292851,-0.0003519931537516383,-2.0128997240833755,0.0011917365770157168,27.104932429803316,5.089796426249396
B0005,59,194,2008-05-01T18:11:10.984,1.7003110272642588,2.0,85.01555136321294,24.0,345,3230.109,True,,3.956011738589533,3.9148994757686757,3.8421648543754463,3.750021905447627,3.8379778096937263,-0.00035266338990328465,-2.012431899255445,0.0011976809640494772,27.57652425274468,5.047361777198585
B0005,60,198,2008-05-01T23:10:15.265,1.6945798601797895,2.0,84.72899300898948,24.0,345,3229.7810000000027,True,,3.9543925147157966,3.912756831530629,3.839963924448238,3.7472233842388736,3.8357739256354093,-0.0003541106091588948,-2.012367311245728,0.001263581821088982,27.380713777054055,5.02438321230332
B0005,61,202,2008-05-02T03:53:34.765,1.6849029086609286,2.0,84.24514543304643,24.0,343,3212.469,True,,3.953847722305638,3.911778927839745,3.838490694122501,3.7451870459569774,3.8342334006648158,-0.0003567001300825047,-2.0126726560043915,0.000939894225522072,27.266334516999787,5.028338108092296
B0005,62,206,2008-05-02T08:44:40.859,1.6744741591159717,2.0,83.72370795579859,24.0,343,3213.219,True,,3.9524416841771868,3.909819686257142,3.8364608981251407,3.742753714155265,3.831976096561881,-0.0003581302140384478,-2.012391967301432,0.0014362073451215421,27.084661320187653,5.061406498090495
B0005,63,210,2008-05-02T13:43:05.093,1.6745692479879102,2.0,83.72846239939551,24.0,342,3203.578,True,,3.9520305353327916,3.9094418717972057,3.8358711000901966,3.742194363274651,3.8316037186148266,-0.0003585724773853547,-2.0127829610593633,0.0012707420675370268,27.236567407333983,5.063397045739116
B0005,64,214,2008-05-02T19:07:48.359,1.663716375981405,2.0,83.18581879907026,24.0,341,3195.125,True,,3.952291743805811,3.9099488234200557,3.836275289939447,3.741651858916141,3.831725969446501,-0.0003603309043906096,-2.012070678705661,0.0012926858203472058,27.44229006033809,4.8857092487805005
B0005,65,216,2008-05-02T23:24:17.687,1.659013868748246,2.0,82.9506934374123,24.0,341,3195.3129999999946,True,,3.9535585969514386,3.9105151159656915,3.8361290234745007,3.741416317344614,3.831673349640622,-0.0003626925414405865,-2.012053300095192,0.0013158996216499179,27.469875599122318,5.0547825967130535
B0005,66,220,2008-05-03T04:13:08.609,1.6538540573335014,2.0,82.69270286667508,24.0,340,3186.297,True,,3.950481428483629,3.9071227786609057,3.8328855703867335,3.737573880552945,3.828236519066102,-0.0003634834352601014,-2.0124418218451208,0.0018343756049547764,27.299658674797346,5.0780105196510945
B0005,67,224,2008-05-03T09:10:19.812,1.642653782130131,2.0,82.13268910650655,24.0,339,3176.438,True,,3.9485517897798212,3.9049235516935745,3.830511517661037,3.7350750507410813,3.825710811493684,-0.0003649111298671774,-2.012430509010709,0.0009987126875267323,27.169972534686718,5.077597686314828
B0005,68,228,2008-05-03T14:04:34.187,1.6378578430223698,2.0,81.89289215111849,24.0,338,3167.593,True,,3.9475623204280073,3.903613323122262,3.8289488502896054,3.7332703060335364,3.824128617748927,-0.0003663105310249045,-2.012141987593407,0.001106679673667092,27.171376357356916,5.079325995754061
B0005,69,232,2008-05-03T18:58:13.468,1.6327350407099108,2.0,81.63675203549555,24.0,338,3167.719,True,,3.9477511095329287,3.9035937894877284,3.828627509196502,3.7329162689870428,3.8239431563190864,-0.000367548357424016,-2.012651807404946,0.0012949758789482485,27.23745343869734,5.080076826805552
B0005,70,236,2008-05-03T23:42:30.093,1.6277528915533617,2.0,81.38764457766808,24.0,337,3159.077999999994,True,,3.9477283057528165,3.903250897352106,3.8278926542715443,3.7315822168535973,3.8231575355244236,-0.0003692694111443106,-2.0123728148983293,0.0010949646632734838,27.27355290015423,5.074186963594709
B0005,71,240,2008-05-04T04:41:40.000,1.622125485521159,2.0,81.10627427605796,24.0,336,3148.829,True,,3.946034344237568,3.901205802442865,3.826119982231148,3.729576037412522,3.8211599905300586,-0.0003701362811707519,-2.012727047923841,0.0008025403873170693,27.253880735171773,5.090443568054344
B0005,72,244,2008-05-04T09:40:11.906,1.6113256603765849,2.0,80.56628301882924,24.0,336,3149.094,True,,3.9451806249263446,3.900419086681723,3.824991061227546,3.72803265484172,3.819882872368975,-0.000371435564005356,-2.01246282022973,0.0012191694163886273,27.225023699917763,5.085199344206902
B0005,73,248,2008-05-04T14:38:13.359,1.6065631397488385,2.0,80.32815698744193,24.0,335,3140.547,True,,3.9442025956285525,3.89907338140446,3.8235706895427346,3.7260793349945427,3.8182779383060064,-0.00037290393900889067,-2.0125733152735794,0.001354637520368274,27.23114461863137,5.102017271501115
B0005,74,252,2008-05-04T19:37:07.890,1.6015142233917594,2.0,80.07571116958798,24.0,334,3131.625,True,,3.94348253148658,3.897882915700402,3.8220834125422463,3.724482524721412,3.816899200817015,-0.0003743193310674824,-2.0125011308083485,0.0013193861738949493,27.222949180261242,5.110420565274843
B0005,75,256,2008-05-05T00:35:53.968,1.590369231400328,2.0,79.5184615700164,24.0,333,3121.907,True,,3.94275218464679,3.8968135788344282,3.8209701115935446,3.722350720048786,3.8154164732204254,-0.0003761871294563362,-2.0122825277723457,0.001268836075195394,27.17286469022327,5.12272603964405
B0005,76,260,2008-05-05T05:28:13.937,1.5857889968242211,2.0,79.28944984121105,24.0,333,3122.125,True,,3.9418074925611397,3.895494035882645,3.819159310922292,3.720696820300257,3.813770306235115,-0.000377904957723547,-2.012632959310301,0.0010754752434205782,27.130507555466078,5.1248392477239975
B0005,77,264,2008-05-05T11:41:31.500,1.5849430707374117,2.0,79.24715353687058,24.0,333,3121.672,True,,3.941702973507181,3.8951148467221404,3.8186700089901353,3.7198100134490995,3.813234249161252,-0.0003786787732701147,-2.0125655559494193,0.0012701480825589187,27.098490888217263,5.013357631501005
B0005,78,266,2008-05-05T20:40:08.562,1.5955263892495937,2.0,79.77631946247968,24.0,333,3120.86,True,,3.9458340694552776,3.90014461773193,3.823656752870223,3.7247499883112147,3.818333401673325,-0.00037772240554922976,-2.012250536501318,0.0011864412388204147,27.67405343367029,5.083037354949436
B0005,79,270,2008-05-06T01:38:46.265,1.5747301747801037,2.0,78.73650873900519,24.0,331,3103.828,True,,3.939202598117614,3.892453340169552,3.8160488562539205,3.7167868284514562,3.8104175348248432,-0.0003798907194448022,-2.0117898697720444,0.0013073233882283262,27.06687951824923,5.103325063954237
B0005,80,274,2008-05-06T06:37:06.296,1.5649019950937946,2.0,78.24509975468973,24.0,330,3095.094,True,,3.936849119779734,3.8890660292718806,3.812295150163853,3.712739510981196,3.806547637885017,-0.0003823388948020738,-2.0125597610612016,0.0015694766692301231,26.70399421300988,5.15050768036307
B0005,81,278,2008-05-06T11:25:21.031,1.5597659473370362,2.0,77.98829736685181,24.0,330,3095.781,True,,3.936631540679653,3.8887918184059918,3.811632971765971,3.7115602515661226,3.805811635795411,-0.00038415485166829307,-2.01269051782377,0.0013832697200096373,26.80818599592124,5.159160166262719
B0005,82,282,2008-05-06T16:23:36.296,1.5594815668184234,2.0,77.97407834092117,24.0,330,3094.328,True,,3.9371745408315584,3.8899806408438167,3.8128224920372618,3.7124636944943608,3.8068660854350354,-0.0003841331852424963,-2.0128821593909745,0.0012612362226883057,27.283892069677425,5.14728955845753
B0005,83,286,2008-05-06T21:21:49.265,1.55468935359061,2.0,77.7344676795305,24.0,329,3086.531,True,,3.9382407481516806,3.8907224796286113,3.8137050567831383,3.712901807122417,3.807779065578999,-0.0003851462055558833,-2.013119448899323,0.0015099179124293837,27.600175769219025,5.077605873377998
B0005,84,290,2008-05-07T02:17:25.156,1.5488741079890418,2.0,77.44370539945209,24.0,329,3085.625,True,,3.93654144908946,3.8888085054971415,3.811406108302045,3.710705199644587,3.8054259209871297,-0.0003866683547810677,-2.012999168553272,0.0012301616619420834,27.481041618795462,5.095004992530143
B0005,85,294,2008-05-07T07:04:02.109,1.538236598942558,2.0,76.9118299471279,24.0,327,3067.203,True,,3.935340912120352,3.8868403346277303,3.8089115220840393,3.7077936454803733,3.803051152747057,-0.0003891714926418839,-2.0124391125392598,0.0011357900492568228,27.288359641272343,5.100050567427189
B0005,86,298,2008-05-07T12:01:49.906,1.527914258251028,2.0,76.39571291255139,24.0,326,3058.157,True,,3.9321653682093984,3.883170215801126,3.805036788221103,3.703647546220953,3.799056024668644,-0.0003905618910855138,-2.012470558077202,0.0014831123926698896,26.98137789576,5.140526264458977
B0005,87,302,2008-05-07T16:59:29.937,1.5285252629756445,2.0,76.42626314878223,24.0,326,3058.812,True,,3.932202664840948,3.8831719206081075,3.8052070676288454,3.703165963724464,3.7989684160230164,-0.00039111770855828866,-2.0127836100510765,0.0012801516247053087,27.184902551602796,5.16261559100937
B0005,88,306,2008-05-07T21:56:09.656,1.522647325284378,2.0,76.1323662642189,24.0,326,3058.578,True,,3.933635624798831,3.884938137474677,3.8068456398351906,3.704516764957845,3.800621292664078,-0.0003917220195868389,-2.012181429703547,0.00123927499861679,27.561077729124076,5.141356703090061
B0005,89,310,2008-05-08T02:53:49.937,1.5174859938489869,2.0,75.87429969244934,24.0,325,3049.328,True,,3.9330350634674374,3.884321971917201,3.805884900292526,3.7035598350171153,3.799619033772477,-0.00039287414706412355,-2.0125957766412466,0.0013536811651799474,27.615348674724476,5.1234215262733755
B0005,90,313,2008-05-09T12:25:07.000,1.605818899130659,2.0,80.29094495653295,24.0,339,3177.219,True,,3.9606085239843973,3.9132888331173588,3.8353576002849867,3.7376327987119304,3.8313476261386326,-0.0003764046196705432,-2.012715390561476,0.0009880122739624256,27.311065083857155,5.219420113389745
B0005,91,316,2008-05-09T20:28:09.734,1.5638491446744425,2.0,78.19245723372212,24.0,329,3082.937,True,,3.943623439407002,3.8971204641544426,3.819954929594163,3.7182670273875953,3.814041529134202,-0.00038525512797427656,-2.01300042328077,0.00138947154018403,28.02608735558961,5.179456060370825
B0005,92,320,2008-05-10T01:21:56.500,1.5480915247767786,2.0,77.40457623883893,24.0,328,3074.266,True,,3.939968591925733,3.8931357866315643,3.815924784978342,3.713554546032076,3.8096523278711074,-0.0003878284718907159,-2.0123334750014434,0.001436694056455112,28.017054334897217,5.128621748150611
B0005,93,324,2008-05-10T06:18:12.000,1.5323755631868592,2.0,76.61877815934297,24.0,327,3066.0,True,,3.937751388299089,3.8901390739319623,3.8123967780977335,3.709760731621204,3.806137804290681,-0.0003905884598584702,-2.012280555933418,0.0013940431142271097,27.7937889935975,5.129022527783118
B0005,94,328,2008-05-10T11:16:04.843,1.5269528268489705,2.0,76.34764134244853,24.0,326,3056.437,True,,3.9353733743960753,3.886971936380358,3.808833537761404,3.7058488836392978,3.8025148921997887,-0.000392884508968755,-2.012330075410517,0.0011079151181839976,27.599714238516075,5.1482151152764395
B0005,95,332,2008-05-10T16:11:56.109,1.5169573017136326,2.0,75.84786508568163,24.0,325,3048.219,True,,3.9341374315655893,3.885262118357689,3.806981004370957,3.703272569519916,3.800477204930411,-0.0003949124564897092,-2.0122691159067436,0.0013047221265482085,27.488120915591903,5.152327104755209
B0005,96,336,2008-05-10T21:07:54.625,1.5118975960142693,2.0,75.59487980071347,24.0,324,3039.218,True,,3.9331046441403843,3.8840799630377356,3.8055360460177283,3.7013635910748115,3.7989386332831843,-0.0003962752519960656,-2.0125908677297732,0.0011176330099531193,27.5488285959631,5.156472655533907
B0005,97,340,2008-05-11T02:05:21.796,1.5065638960681105,2.0,75.32819480340552,24.0,324,3039.047,True,,3.9326572057312705,3.8832638509148456,3.8044479607754753,3.700163244432138,3.7978752105361395,-0.0003976433328485745,-2.012604749499134,0.0013463275110574813,27.582646328668154,5.170452964876048
B0005,98,344,2008-05-11T06:55:27.734,1.5015453526671363,2.0,75.07726763335681,24.0,323,3030.375,True,,3.9318440238443126,3.8823682238133954,3.803230757442238,3.6985042781781514,3.7965629287790685,-0.0003993439778638504,-2.0127023906544954,0.001349332462842937,27.611853919792722,5.1532021251736815
B0005,99,348,2008-05-11T11:52:47.187,1.4908444050400238,2.0,74.54222025200119,24.0,322,3021.0,True,,3.9304616539478716,3.8807007969377536,3.80161344437632,3.6965055182259103,3.7946533474086563,-0.0004004027829753831,-2.01242830496359,0.001286930703596024,27.592789063593774,5.147419190818727
B0005,100,352,2008-05-11T16:49:58.921,1.485868384561201,2.0,74.29341922806006,24.0,322,3021.75,True,,3.929768808650453,3.8798703620252066,3.800492427129351,3.6952760143369563,3.7936581056042913,-0.00040163855000711305,-2.0124202491786396,0.0010123319243198375,27.63807011496847,5.166289207850788
B0005,101,356,2008-05-11T21:47:12.843,1.480413677976106,2.0,74.02068389880529,24.0,321,3012.265,True,,3.9287745166563024,3.878464155298626,3.7989865565683854,3.6935242765328034,3.792108889309171,-0.00040287598070993505,-2.012415802828845,0.0009484392032812188,27.64112419045534,5.160136761768278
B0005,102,360,2008-05-12T02:36:58.921,1.4752095869031632,2.0,73.76047934515816,24.0,320,3002.641,True,,3.92850804312734,3.8776938291168466,3.7978318388114563,3.691938562615618,3.79094074074139,-0.0004047696135001127,-2.0129421901217888,0.0014084016301698,27.634878461523016,5.169532471626759
B0005,103,364,2008-05-12T12:56:34.781,1.4859035988304024,2.0,74.29517994152012,24.0,321,3012.0,True,,3.9246299230335278,3.8749641125631964,3.796905731362869,3.691690749613023,3.7896526908692976,-0.00039899905440594663,-2.012509242342791,0.0013632908726494,27.69513738686526,5.121254899613682
B0005,104,367,2008-05-12T18:59:59.453,1.4960918298136696,2.0,74.80459149068348,24.0,322,3020.11,True,,3.937158851336236,3.887608116455703,3.8077115851566363,3.701738734406129,3.80085454129635,-0.00040331624630365436,-2.0130846000585794,0.0010543801175750896,28.391291504845103,5.156493322127936
B0005,105,371,2008-05-12T23:53:17.609,1.4808005946928984,2.0,74.04002973464492,24.0,320,3002.172000000006,True,,3.9306217222811433,3.8807060980822077,3.8011641653314903,3.6949098967539165,3.7940679962844355,-0.00040402715156344306,-2.0125107567461327,0.0012942012200518166,28.216531277666867,5.156284185557443
B0005,106,375,2008-05-13T04:35:25.359,1.4697543268466824,2.0,73.48771634233412,24.0,319,2992.703,True,,3.9289961537843934,3.8784988893022114,3.7986833751686047,3.6915302843542537,3.791331440771804,-0.00040694866134082896,-2.0126278860941924,0.0013564522993704082,28.06914479505119,5.173394336766734
B0005,107,379,2008-05-13T09:24:04.718,1.4539012274845928,2.0,72.69506137422964,24.0,316,2964.468,True,,3.9212194484594964,3.870381359165863,3.790508671832306,3.680569221206108,3.7830647491748293,-0.0004086979742951582,-2.0128726294813806,0.0011006793460611025,27.846808772257166,5.142511015528054
B0005,108,383,2008-05-13T14:20:24.937,1.4541462067235693,2.0,72.70731033617847,24.0,318,2983.375,True,,3.924566545631787,3.8733405354882233,3.792906710098023,3.6824060674656307,3.7855643445812515,-0.0004102675352061369,-2.012945378293909,0.001214916707388104,27.804866824479642,5.219025320669715
B0005,109,387,2008-05-13T19:04:20.531,1.455023751906683,2.0,72.75118759533416,24.0,317,2975.297,True,,3.9260460704523736,3.8746831231325305,3.794039429789105,3.685971774318107,3.7867268396317693,-0.0004109626648398331,-2.013345746095552,0.001404342063403759,28.116341918054804,5.173951057485031
B0005,110,391,2008-05-13T23:59:26.015,1.449042163761236,2.0,72.4521081880618,24.0,317,2974.9850000000006,True,,3.924907876686865,3.8736396264751933,3.792993172194363,3.6848163404577097,3.7855859388127895,-0.0004117018284039492,-2.0123010429313393,0.0013167501842499848,28.258274386334655,5.1494112661513824
B0005,111,395,2008-05-14T04:55:57.453,1.4386709371480566,2.0,71.93354685740283,24.0,316,2966.25,True,,3.9231474540870828,3.8714060115254147,3.790516475064165,3.6815766926345765,3.782763420070428,-0.0004134603726964377,-2.012913999941386,0.0024699852091974823,28.002224567362862,5.183201454527708
B0005,112,399,2008-05-14T09:52:22.062,1.433445432156979,2.0,71.67227160784894,24.0,315,2956.359,True,,3.921387576852089,3.8691300648210096,3.7878922250346125,3.6792019883417253,3.7804028726482364,-0.0004148213715770216,-2.0126262831602917,0.0011440613474673275,27.82125785202376,5.200120374480928
B0005,113,403,2008-05-14T14:35:22.515,1.4333958900838095,2.0,71.66979450419048,24.0,315,2956.344,True,,3.922200499317772,3.869906306525498,3.788318692660975,3.6759613335312222,3.7807424406280647,-0.00041680780065713596,-2.012664607670572,0.0012244408268831538,28.094293679259536,5.219988430742575
B0005,114,407,2008-05-14T19:31:39.390,1.42806487344776,2.0,71.403243672388,24.0,315,2956.406,True,,3.9221662420173122,3.8700514608250325,3.788623853825324,3.679082877105399,3.780989408110098,-0.00041639594520469957,-2.0126775129318837,0.0013775498885651265,28.362225201426256,5.164799859337943
B0005,115,411,2008-05-15T00:27:55.625,1.4229203181741186,2.0,71.14601590870593,24.0,314,2947.266,True,,3.921083442756831,3.8686670913857153,3.7867388112402245,3.677147981477729,3.7793836473776934,-0.0004177165766208395,-2.0126759692256617,0.0028765668993317897,28.225082648955986,5.170119029045505
B0005,116,415,2008-05-15T05:24:04.890,1.417429032731308,2.0,70.8714516365654,24.0,313,2937.984,True,,3.918892684648819,3.8658860733760583,3.7841539474993,3.6742024646315747,3.7764656623105726,-0.0004191640752866849,-2.0124495668661058,0.0012140471516958846,28.02635611787352,5.198556674914588
B0005,117,419,2008-05-15T10:20:03.875,1.412409228794446,2.0,70.6204614397223,24.0,312,2929.125,True,,3.9172513330829974,3.8635794646114516,3.781577815461965,3.67076989399139,3.773852782692441,-0.00042090194310370077,-2.0128857316658166,0.0014127006805662134,27.82195642049118,5.201076955884297
B0005,118,423,2008-05-15T15:10:59.437,1.412578792940193,2.0,70.62893964700964,24.0,312,2928.454,True,,3.918049442432777,3.864720954238358,3.782371359294374,3.6717950593465605,3.774674478074262,-0.0004215617644669741,-2.012657536267652,0.0011426300515284286,28.077352108757843,5.199907537919881
B0005,119,427,2008-05-15T19:56:47.390,1.4075983731469897,2.0,70.37991865734948,24.0,312,2929.375,True,,3.919194838483301,3.8660764842199193,3.783890329606672,3.6726479817968847,3.7760589856139313,-0.0004223633869786028,-2.0129714388334077,0.00121529031976853,28.464821976962167,5.191778778216577
B0005,120,431,2008-05-16T16:54:59.812,1.4333920485221476,2.0,71.66960242610739,24.0,314,2946.031,True,,3.916478973974085,3.8657047029644263,3.7867662303221246,3.6777900575674436,3.778519711702169,-0.0004104833929859405,-2.0127728556350513,0.0015460700726647907,28.472946795294014,4.982354671740708
B0005,121,433,2008-05-16T21:37:39.671,1.4382550176792908,2.0,71.91275088396453,24.0,315,2955.438,True,,3.9284911954049817,3.8767154070275005,3.7956282777821273,3.6846124344730073,3.787332825005302,-0.00041818190584123167,-2.01181923599637,0.004215919547216382,28.596388841537276,5.1623116706565355
B0005,122,437,2008-05-17T02:32:13.968,1.4173547174485526,2.0,70.86773587242763,24.0,313,2937.625,True,,3.9208041377515204,3.8685882786075636,3.786866339836929,3.6758661078012502,3.7789595904148876,-0.00042002925594185846,-2.012826530694851,0.00117040746260228,28.25402001360331,5.125068044505866
B0005,123,441,2008-05-17T07:25:19.906,1.406981663677643,2.0,70.34908318388216,24.0,312,2929.078,True,,3.9178886529499337,3.8646873377248276,3.782503953810483,3.671134578614657,3.7746178970304034,-0.00042265631792544426,-2.0125690333996205,0.0010318881625711936,27.910564715979415,5.171694611250082
B0005,124,445,2008-05-17T12:21:15.890,1.4012037783587625,2.0,70.06018891793812,24.0,311,2918.375,True,,3.916029436605026,3.86225991817275,3.779992937063831,3.6681580636483058,3.7718315756313485,-0.0004243059388188753,-2.0126066072879665,0.001502169843679114,27.801871022158267,5.20253127269573
B0005,125,449,2008-05-17T17:15:37.281,1.3967008232726328,2.0,69.83504116363164,24.0,311,2919.812,True,,3.914884973937337,3.860923924432043,3.7782890601644405,3.6662896861118637,3.770279866910802,-0.0004256316634511568,-2.012889902808502,0.0013057546827254366,27.783350217423305,5.201467287464862
B0005,126,453,2008-05-17T22:10:51.218,1.391284788852726,2.0,69.5642394426363,24.0,309,2900.422,True,,3.913865848832512,3.85949810817838,3.7767333622392996,3.664109520703958,3.7685879940104874,-0.0004271067484433267,-2.0129518021719495,0.0013395263227433262,27.755958148328325,5.1999246635958905
B0005,127,457,2008-05-18T03:05:19.265,1.3862287677978349,2.0,69.31143838989175,24.0,309,2901.375,True,,3.9123556650208666,3.8575999886719345,3.774543007474267,3.661878254560199,3.766508220459275,-0.00042845265876340153,-2.0122356061074833,0.0012404435767245005,27.724618642932906,5.196508695175499
B0005,128,461,2008-05-18T08:00:50.421,1.3804366761974138,2.0,69.02183380987069,24.0,309,2901.187,True,,3.9107340802161437,3.8556608682849007,3.772426731443015,3.659451483791657,3.7643524948374036,-0.00042985592075967807,-2.0122212551867515,0.0012951040651217566,27.613205693709947,5.2073981760478745
B0005,129,465,2008-05-18T12:44:48.437,1.3752364150256224,2.0,68.76182075128112,24.0,308,2891.64,True,,3.9107864015838962,3.855380872772721,3.7715606799159502,3.658069936582993,3.763481035047976,-0.00043175252308696777,-2.012513102457131,0.0011363085859155415,27.555299484011716,5.214336277532915
B0005,130,469,2008-05-18T17:36:29.734,1.3705128024895008,2.0,68.52564012447505,24.0,307,2882.906,True,,3.9078411081631788,3.8523361425328337,3.7687789140822816,3.65526846120534,3.7605886539220585,-0.0004320375512828077,-2.0123778711781055,0.0010444992643624132,27.56496458648083,5.201400985858356
B0005,131,473,2008-05-18T22:31:45.515,1.3705085566270399,2.0,68.52542783135199,24.0,307,2883.265,True,,3.9086788329895827,3.8530120278748146,3.769132838717494,3.6552328361618645,3.7609721691001035,-0.00043343875635994524,-2.0120452766947174,0.001194713191473365,27.59976804907195,5.224878516335778
B0005,132,477,2008-05-19T03:27:07.765,1.3647355108681518,2.0,68.23677554340759,24.0,307,2882.969,True,,3.907241621146182,3.851435123779112,3.767399728333441,3.653192687282946,3.7591800144884244,-0.00043452611547341785,-2.0122470674848634,0.0010670343809311335,27.53173371762126,5.228132886178553
B0005,133,481,2008-05-19T15:34:33.625,1.375392016895762,2.0,68.7696008447881,24.0,308,2891.656,True,,3.9064954359735173,3.8529453915880936,3.771185696344971,3.658063085021925,3.762556411952002,-0.0004267617187450381,-2.011755773178224,0.0011783526089828768,28.151151178441268,5.091578289382074
B0005,134,483,2008-05-19T20:59:48.437,1.3861115151535393,2.0,69.30557575767696,24.0,309,2901.25,True,,3.9186226989236737,3.8646531245712965,3.7812096491735088,3.6666965938554954,3.7726378461161376,-0.00043186232849012234,-2.012742074970612,0.001009706830524065,28.30936046780611,5.200018166060406
B0005,135,485,2008-05-20T01:16:42.609,1.3698500035838939,2.0,68.49250017919469,24.0,308,2891.703,True,,3.91318811111947,3.858184617685735,3.7743360606910676,3.6595601913632994,3.765768827492253,-0.00043510915347409767,-2.0121649828705377,0.001173585437784402,28.086518817091832,5.222970566774862
B0005,136,489,2008-05-20T06:12:06.265,1.3647827949260758,2.0,68.23913974630379,24.0,307,2883.016,True,,3.908642152652548,3.8532758572529393,3.769446953937671,3.65456730092785,3.76092290978564,-0.0004356841409544049,-2.0123772496786234,0.0014059003179463896,27.862885100558323,5.2296647778337295
B0005,137,493,2008-05-20T11:07:23.453,1.3543220466259964,2.0,67.71610233129982,24.0,306,2873.453,True,,3.906328984182157,3.850226413304295,3.766055544761141,3.6511188539294914,3.7575594800728416,-0.0004371963930484994,-2.0124561837364854,0.001132639242630009,27.58455974559671,5.26679082619324
B0005,138,497,2008-05-20T15:57:27.312,1.3546417018378962,2.0,67.73208509189482,24.0,306,2874.031,True,,3.90744102135712,3.8516565447809405,3.767475860445162,3.6517922080460736,3.758796287113714,-0.00043811722303629464,-2.012264458338541,0.0012316414431041553,27.935810727904407,5.263758211138814
B0005,139,501,2008-05-20T20:50:39.015,1.3547039213192407,2.0,67.73519606596203,24.0,306,2874.234,True,,3.907896009116198,3.8525015241860716,3.768031308982837,3.652140872547555,3.759281313110996,-0.0004388428674086789,-2.0128327330564897,0.0013383280893448939,28.170882971866657,5.210665312636571
B0005,140,505,2008-05-21T01:39:38.968,1.349314997503458,2.0,67.4657498751729,24.0,305,2864.984,True,,3.9066555351596226,3.8503009964358403,3.7655458891138527,3.6492408648949834,3.75691596724059,-0.00044091554914428793,-2.0122892870544327,0.0012921860121304829,27.940274552899158,5.235555654159462
B0005,141,509,2008-05-21T06:24:27.281,1.3441891937970554,2.0,67.20945968985276,24.0,304,2855.093,True,,3.9044961940034786,3.847411445561577,3.7622141523882537,3.6455814123031622,3.753635687895067,-0.0004427910831465911,-2.0126967461696808,0.001141465902386429,27.631664326755704,5.262401937804629
B0005,142,513,2008-05-21T11:18:06.015,1.3389913790695755,2.0,66.94956895347877,24.0,304,2855.625,True,,3.9017922065706108,3.8444761695872955,3.759364375671348,3.6426252842966957,3.750704840237454,-0.00044344138931032094,-2.012527610478773,0.0009807070567826564,27.466083380690126,5.297207772730143
B0005,143,517,2008-05-21T16:10:21.203,1.3389145230206971,2.0,66.94572615103486,24.0,304,2855.594,True,,3.9030606328125956,3.845854579916964,3.760790193205056,3.6436953469593383,3.752105375522821,-0.00044407956719399235,-2.0123967019512046,0.001478288636406283,27.75482069559203,5.2928837756180265
B0005,144,521,2008-05-21T21:02:09.781,1.3340066759761655,2.0,66.70033379880827,24.0,303,2847.437,True,,3.9032833542407506,3.8462590344698255,3.760905382691202,3.64325596305828,3.7520947908501356,-0.00044506413526508847,-2.0120937412643913,0.0009653643411127709,27.85065987610068,5.268128227921501
B0005,145,525,2008-05-22T01:42:59.218,1.3286444309174914,2.0,66.43222154587457,24.0,303,2847.36,True,,3.900428828191683,3.8427994576496953,3.7571866961646,3.6396998987585243,3.7484294742617794,-0.00044679712142400195,-2.012068311647368,0.001203073305262011,27.594335351917405,5.273125555566153
B0005,146,529,2008-05-22T06:32:40.921,1.3231708992276219,2.0,66.1585449613811,24.0,302,2837.328,True,,3.898490216203058,3.840215793604939,3.754096004086099,3.636483420807096,3.745555694029125,-0.0004478488138543218,-2.0122518488541714,0.0011661849844072803,27.319646657067864,5.314060061288259
B0005,147,533,2008-05-22T11:23:22.187,1.3181691588445197,2.0,65.90845794222598,24.0,302,2837.281,True,,3.897242629395788,3.8389220984296686,3.752649116522321,3.6345231734080934,3.7439560119208757,-0.00044869434961386615,-2.012631446556312,0.001134954673992023,27.21662906222622,5.352320804320129
B0005,148,537,2008-05-22T16:17:58.890,1.3184664436640334,2.0,65.92332218320168,24.0,302,2838.515,True,,3.8985516162945393,3.8405000743681064,3.7546047630049157,3.6363576827187356,3.745764797758097,-0.00044905773755148825,-2.012683426754914,0.001151932097448476,27.576730525463205,5.336661254621244
B0005,149,541,2008-05-22T20:59:50.203,1.318293040102702,2.0,65.9146520051351,24.0,301,2828.328,True,,3.8989372026639773,3.8405945698702086,3.75434574775902,3.635491895251076,3.745400134063203,-0.0004508369449171512,-2.0124907446555897,0.0011932931085830213,27.587606524120144,5.3120350907109035
B0005,150,545,2008-05-23T12:13:16.359,1.323872422244268,2.0,66.19362111221339,24.0,302,2838.265,True,,3.8866474064020666,3.830008082877891,3.7466142120400536,3.6307363985610883,3.737657570954924,-0.0004389970677260444,-2.0127122558496677,0.0011022294164626369,27.202853950600524,5.263792825601211
B0005,151,548,2008-05-23T20:14:29.875,1.3601216766554785,2.0,68.00608383277392,24.0,305,2864.547,True,,3.9115434338567567,3.855979478179781,3.7709291017430093,3.6533764072114017,3.7620620845968187,-0.0004426437552027087,-2.0128008682720626,0.0012749213310648138,27.77535824758264,5.275730118255439
B0005,152,552,2008-05-24T01:09:21.562,1.3395306867947354,2.0,66.97653433973677,24.0,303,2846.39,True,,3.9036784906045607,3.8473346464040445,3.762756278825255,3.644920724639073,3.7535850473045556,-0.00044447657813928093,-2.012547862219706,0.0013518322483402094,27.739515699227844,5.273345859650512
B0005,153,556,2008-05-24T06:00:20.156,1.3290286565120697,2.0,66.45143282560349,24.0,302,2837.969,True,,3.9012478524669456,3.8444655504017673,3.7591389488873457,3.6406750280919615,3.749953141571893,-0.0004474045225079573,-2.0125273147800984,0.0008441796483069144,27.568722839098307,5.262556502721484
B0005,154,560,2008-05-24T10:42:50.484,1.3236741274998955,2.0,66.18370637499478,24.0,302,2838.156,True,,3.9005303724498357,3.8429435968255348,3.7570704367279095,3.6381373854770565,3.747925218317261,-0.000449857863118662,-2.0123923310471166,0.0015003331978871038,27.48677560029571,5.305772251556785
B0005,155,564,2008-05-24T15:31:10.593,1.318633896753293,2.0,65.93169483766465,24.0,301,2829.843,True,,3.898144522883119,3.8403090824231776,3.7544478304060602,3.6316965039906766,3.745159055482603,-0.00045169777910796405,-2.012134344125046,0.0011043464110779635,27.415049199496487,5.3234709902518595
B0005,156,568,2008-05-24T20:21:13.437,1.3134751321324272,2.0,65.67375660662135,24.0,301,2829.625,True,,3.8971951836373564,3.839040496213698,3.753052112040276,3.6332034324103377,3.743781000575881,-0.00045234194821805186,-2.012490985089406,0.0011416236994067053,27.37471420939444,5.3196698515718595
B0005,157,572,2008-05-25T01:06:49.828,1.3132020634442203,2.0,65.66010317221101,24.0,300,2819.437,True,,3.897209293389442,3.839001337837588,3.752633020232826,3.629298465497254,3.7432960578507233,-0.0004543900526731446,-2.0127345839137263,0.0010076182521297286,27.395222422253582,5.33945117007039
B0005,158,576,2008-05-25T05:57:17.890,1.3077959946944353,2.0,65.38979973472176,24.0,300,2819.579,True,,3.8955974167207814,3.8371409357792174,3.7507730441648315,3.6305452478098434,3.741363389318855,-0.00045456846872463406,-2.012682961442301,0.001011885427866204,27.335149886496747,5.319638842197293
B0005,159,580,2008-05-25T10:51:37.015,1.3030329186405918,2.0,65.1516459320296,24.0,299,2810.672,True,,3.8946159679221704,3.8359195201084626,3.7492264746695927,3.6289209818392427,3.7400183830426856,-0.0004554611477800815,-2.012769791628058,0.001363651262803249,27.316271761666663,5.3190220199863205
B0005,160,584,2008-05-25T15:37:08.890,1.3033573559038205,2.0,65.16786779519103,24.0,299,2811.485,True,,3.8949444576649803,3.8361473772109695,3.749331000991808,3.6285517539551435,3.73988539936325,-0.00045682755405434167,-2.01249589838305,0.0011095679760443856,27.379421354527032,5.3120602317524295
B0005,161,588,2008-05-25T20:23:04.453,1.3034100438655642,2.0,65.17050219327821,24.0,298,2802.422,True,,3.894432151699565,3.8358479814857325,3.7488548746963932,3.627860895872358,3.7394155742886843,-0.00045765133919446174,-2.012330175849915,0.0008811826137919042,27.42595643168184,5.324307634349818
B0005,162,592,2008-05-26T01:13:02.796,1.2978870806495706,2.0,64.89435403247853,24.0,298,2801.625,True,,3.8939984585677365,3.835111509278739,3.748213816809692,3.626693442474317,3.7386417529120743,-0.00045858015049139494,-2.012716759568099,0.0011011369250164976,27.471666703977867,5.31436114613442
B0005,163,596,2008-05-26T06:01:08.171,1.2980735056918902,2.0,64.90367528459451,24.0,298,2802.031,True,,3.8933242119455564,3.834267404761516,3.746904634497003,3.6254621808318443,3.7374960877779824,-0.0004599596299153574,-2.013058951599683,0.0011872021358322995,27.385900997541004,5.321409430339742
B0005,164,600,2008-05-26T10:44:38.468,1.293463613844243,2.0,64.67318069221216,24.0,297,2793.39,True,,3.8932587353299852,3.8340719264014456,3.746551085607998,3.624697130122879,3.736999505647815,-0.0004611245261994511,-2.0126582527525927,0.0010994637821791955,27.39233457472265,5.321607105156957
B0005,165,604,2008-05-26T15:30:43.968,1.288003392619118,2.0,64.4001696309559,24.0,297,2793.39,True,,3.8926398107617444,3.8330738350377884,3.745721070167053,3.6233647485736857,3.7360317416396573,-0.00046194792889937895,-2.012494891935448,0.0010147384688649938,27.452385140541857,5.317469240987794
B0005,166,608,2008-05-26T20:21:04.921,1.2874525221379407,2.0,64.37262610689703,24.0,297,2792.485,True,,3.8920255411357196,3.8328363863221964,3.745267905373316,3.62276705417273,3.7355538461634703,-0.00046274394298970525,-2.0128175125480734,0.0013645341989671463,27.48873527144115,5.319723110087292
B0005,167,612,2008-05-27T15:52:41.359,1.3090153642307354,2.0,65.45076821153677,24.0,298,2802.016,True,,3.8934920426339077,3.838129708515709,3.753685318923359,3.633398387356772,3.7434980662929584,-0.00045069169206787867,-2.0125105141697324,0.0012804820249047828,28.268558374284613,4.840445702941956
B0005,168,614,2008-05-27T20:45:42.125,1.3250793286429356,2.0,66.25396643214678,24.0,300,2820.39,True,,3.9105173251501277,3.854825278223739,3.7687713194031898,3.646289844454188,3.7585297265953033,-0.00045650925001535696,-2.0136626150518273,0.0010930736717929786,28.56943208226001,5.098203872903021
B0006,1,2,2008-04-02T15:25:41.593,2.035337591005598,2.0,101.7668795502799,24.0,197,3690.234,True,,3.940561308795037,3.900040685016283,3.8339463434708247,3.7609337827132197,3.8327634984986494,-0.00030212301614411887,-2.010726346743132,0.0011017193951396102,26.94288966990803,4.409016263356747
B0006,2,4,2008-04-02T19:43:48.406,2.0251402460314116,2.0,101.25701230157058,24.0,196,3672.344,True,,3.9446044214057303,3.9053375522228646,3.8396437094376292,3.7650855678838187,3.837946914008064,-0.000303635127124479,-2.010472458704979,0.0013038244951792755,27.224423429325437,4.29013795916045
B0006,3,6,2008-04-03T00:01:06.687,2.013326371345464,2.0,100.6663185672732,24.0,195,3651.641,True,,3.9477193445033874,3.908743856130078,3.8426549254809665,3.7675867572794206,3.8408966571987166,-0.0003057040827813077,-2.010693985263535,0.0007697150754586691,27.26050100994121,4.241432580886812
B0006,4,8,2008-04-03T04:16:37.375,2.0132846655407413,2.0,100.66423327703706,24.0,194,3631.563,True,,3.9490386707340406,3.910182975783569,3.8440181867038414,3.768220699022531,3.8420527854394253,-0.00030681342843957426,-2.0103728644818655,0.0010896069642680898,27.181893369441173,4.2231988906130375
B0006,5,10,2008-04-03T08:33:25.703,2.000528337624771,2.0,100.02641688123855,24.0,194,3629.172,True,,3.9488575248285733,3.9100153881311797,3.844196518703862,3.7682642548468417,3.8420913421177105,-0.00030703219980659553,-2.009966970087822,0.0011817654946929823,27.137116454574247,4.160518684755942
B0006,6,12,2008-04-03T12:55:10.687,2.0138990759931645,2.0,100.69495379965822,24.0,195,3652.281,True,,3.962730039330672,3.922896626643607,3.8556372729225927,3.7788944684399897,3.8536502296522452,-0.00031223424076491966,-2.0107660281519935,0.0012095796770276656,26.919920450160806,4.292279268222469
B0006,7,14,2008-04-03T17:17:16.015,2.013101105626967,2.0,100.65505528134835,24.0,195,3650.828,True,,3.9640686809713768,3.9246052670568465,3.8572307612238395,3.7805572501115674,3.855265183109639,-0.00031250494120785716,-2.010462756190808,0.0013660941179212164,26.997299693053296,4.288265923884335
B0006,8,16,2008-04-03T21:28:14.718,1.9687898262728398,2.0,98.439491313642,24.0,191,3572.453,True,,3.949118554533467,3.910330346952317,3.8444316141143573,3.767374686314886,3.842099638455948,-0.00030867906519887843,-2.0100371415339224,0.0017005469324525419,27.170883003383945,4.199791775492656
B0006,9,18,2008-04-04T01:38:15.218,1.9681661764334244,2.0,98.40830882167123,24.0,190,3550.594,True,,3.948583798628688,3.90971063310191,3.8433468958771835,3.76653124278219,3.841270635693924,-0.00030916320771746047,-2.0102071575453975,0.0013654130650131199,27.09972133318163,4.224073015148143
B0006,10,20,2008-04-04T05:48:08.609,1.9572307917560536,2.0,97.86153958780268,24.0,190,3551.25,True,,3.948834791274481,3.9099436653966415,3.8434667627717585,3.7665505893855262,3.8414074582272035,-0.0003096567107740846,-2.010495334780015,0.0010856922263771816,27.050567024976445,4.215396226333155
B0006,11,22,2008-04-04T09:57:19.765,1.9455991514129352,2.0,97.27995757064676,24.0,189,3530.25,True,,3.9492325767687766,3.9100825968623245,3.843265559931404,3.7661855340692303,3.841217749968096,-0.0003109345226416609,-2.0101287231624356,0.0010943713809603336,26.940469850315267,4.209018817969557
B0006,12,25,2008-04-04T17:56:27.609,1.9347505044841131,2.0,96.73752522420565,24.0,187,3491.016,True,,3.9498273762890057,3.9107995626760697,3.844008452263828,3.7665056950282,3.8417814664654606,-0.0003119803513203628,-2.0102700053277633,0.0010410279186594152,27.202986399922835,4.199155602051306
B0006,13,27,2008-04-04T22:01:54.671,1.9232799539368028,2.0,96.16399769684014,24.0,186,3470.281,True,,3.948804601689554,3.910034876643904,3.8433565093999813,3.7653016589807176,3.8411082286168488,-0.0003117265190776675,-2.009975416108509,0.0011666456215743458,27.290124820178228,4.130463552986775
B0006,14,29,2008-04-05T02:20:26.703,1.911889930948487,2.0,95.59449654742434,24.0,186,3470.0,True,,3.9495803500941262,3.910501327251808,3.8435814669094452,3.7658064612394107,3.841443805321531,-0.00031231058967634567,-2.0098434617946865,0.000980903240944249,27.121379917908904,4.162438421151009
B0006,15,31,2008-04-05T06:25:01.890,1.9010667141979305,2.0,95.05333570989653,24.0,185,3450.297,True,,3.9481269212489685,3.908787899392224,3.841340491151968,3.7630622964991725,3.8391959050445394,-0.0003140627699497728,-2.0104493483995283,0.0011291152170729828,26.980199803882044,4.199618899601784
B0006,16,33,2008-04-05T10:30:32.312,1.8891989948061458,2.0,94.4599497403073,24.0,184,3429.407,True,,3.9456005628595263,3.9058230549902615,3.8381898270818455,3.759470944083258,3.836043061733487,-0.0003152655205907016,-2.0106129396443126,0.0010042737862508136,26.835801633934256,4.234918446241789
B0006,17,35,2008-04-05T14:34:41.468,1.878278372248849,2.0,93.91391861244244,24.0,183,3409.484,True,,3.947212670306257,3.9073157072418474,3.839448128873534,3.7604994507720364,3.8372568198905346,-0.0003168022339785297,-2.0105102995495447,0.0011976754186093783,26.894252883266955,4.24096837307053
B0006,18,37,2008-04-05T18:39:25.218,1.8675697161520206,2.0,93.37848580760102,24.0,182,3390.422,True,,3.945620442852549,3.9056205485931033,3.837488670508569,3.7581254208210457,3.835292377113767,-0.0003175870840395473,-2.0105368558114165,0.0010286840677017131,26.925559051130936,4.238918868629696
B0006,19,39,2008-04-05T22:46:35.484,1.8675892574453767,2.0,93.37946287226883,24.0,182,3390.281,True,,3.9465152501714447,3.906508184796569,3.83807943180323,3.7586440136161325,3.8359404992133035,-0.0003183364190790812,-2.0103312941027647,0.0008810739622337983,26.990795947066182,4.2023560613928765
B0006,20,42,2008-04-18T21:10:19.796,1.979626548250818,2.0,98.98132741254089,24.0,192,3591.734,True,,3.9480765757893934,3.9104029408755285,3.845984227068209,3.770539702382687,3.84378735073368,-0.00030184990026831235,-2.0099983675218,0.0011717958308269777,26.916356518968577,3.9694379412171195
B0006,21,46,2008-04-19T02:29:09.000,1.9575499080884022,2.0,97.87749540442012,24.0,190,3552.297,True,,3.9498241253541027,3.91206676276922,3.8473283440977997,3.7712162590481757,3.845120300353956,-0.00030365014557690896,-2.009997272235169,0.0010120242668823951,27.28712394952956,3.9416684304250786
B0006,22,50,2008-04-19T07:47:15.703,1.9458150170787551,2.0,97.29075085393775,24.0,189,3531.578,True,,3.9500555514359568,3.9120409303237396,3.8465408433599766,3.774135118406546,3.844527169491278,-0.00030480594392326893,-2.0098967582418736,0.0011363600452963982,26.960413484379306,3.8518588579560777
B0006,23,54,2008-04-19T13:01:42.562,1.9242461121680094,2.0,96.21230560840047,24.0,187,3492.907,True,,3.948183304536975,3.9094835041078473,3.8436004471700356,3.7661131197254374,3.841395808298374,-0.00030833061167034247,-2.0104138097762427,0.001059175055821478,26.637872326668013,3.974207366333367
B0006,24,58,2008-04-19T18:27:29.828,1.9459811331421641,2.0,97.29905665710821,24.0,188,3511.594,True,,3.9606704654177145,3.921036723056665,3.8538168330332794,3.7759307469174166,3.8516960895295007,-0.00031326013486941375,-2.009742836322902,0.0009871005193152968,26.44744297884696,4.018701578109997
B0006,25,62,2008-04-19T23:41:55.687,1.901407930553079,2.0,95.07039652765395,24.0,184,3431.9370000000054,True,,3.946451197834415,3.9072855520605425,3.840801523842235,3.7624187853528572,3.838547918029645,-0.00031117733663324894,-2.0094961382193137,0.0010523815038748646,26.45787430855125,4.028416368293321
B0006,26,66,2008-04-20T04:54:41.734,1.878674213680085,2.0,93.93371068400424,24.0,184,3431.125,True,,3.9420346807635354,3.902642001913171,3.8359013483946116,3.7574959786211797,3.8336971424214354,-0.000311994084730384,-2.0099272398773884,0.0010367586501104,26.362455278654412,4.034075039165508
B0006,27,70,2008-04-20T10:16:28.859,1.8683061328264219,2.0,93.4153066413211,24.0,183,3412.406,True,,3.9435685723745904,3.9037526839492043,3.8366728483610304,3.757758570167835,3.8344796710672266,-0.0003136126896917802,-2.009791669281555,0.0014148335676735482,26.288848473211605,4.059856486489533
B0006,28,74,2008-04-20T15:37:05.281,1.8560244070082998,2.0,92.801220350415,24.0,183,3410.688,True,,3.942316099375099,3.9023313772908423,3.8348472446813084,3.7555972847527217,3.832763364577517,-0.0003146914037730746,-2.009883720180529,0.0009878982639507264,26.251462876871962,4.07739787768989
B0006,29,78,2008-04-20T20:50:38.921,1.8451997961855777,2.0,92.25998980927889,24.0,183,3410.718,True,,3.938853392382721,3.8985600078663425,3.8311469698092044,3.751145286459666,3.828810860199527,-0.0003160442924683962,-2.0103046259704347,0.0010267820329071737,26.276660928249083,4.083831180193236
B0006,30,82,2008-04-21T02:15:02.921,1.857228890885317,2.0,92.86144454426585,24.0,182,3392.719,True,,3.953244470570072,3.91200756027216,3.843043318424181,3.7629216722286634,3.841066203795978,-0.0003208045983870916,-2.0098737771245037,0.0011277364814761992,26.241612890598137,4.1142851290100815
B0006,31,86,2008-04-22T15:33:49.875,1.9247760889090635,2.0,96.23880444545317,24.0,371,3470.672,True,,3.9457090465334934,3.9087671808952935,3.84322508692717,3.7681745555765414,3.8412019594666384,-0.0003045683974310546,-2.010819525068644,0.0009821051769236659,26.35043469978569,4.1308984727053755
B0006,32,90,2008-04-22T20:26:18.921,1.8822317526092551,2.0,94.11158763046275,24.0,365,3414.109,True,,3.9462188622770373,3.909253510926627,3.842835070927248,3.7649047237991846,3.8404187560802323,-0.00031207242397016165,-2.010448655904085,0.0011513913049243174,26.74857056717136,4.050631912952646
B0006,33,94,2008-04-23T01:18:11.796,1.855276687885587,2.0,92.76383439427936,24.0,363,3395.219,True,,3.943941344732179,3.9062700369667005,3.839278231717579,3.76036647004558,3.836663983951755,-0.0003151187746234063,-2.010241873585461,0.0010853279427066585,26.530882153685784,3.9725375258440856
B0006,34,98,2008-04-23T06:18:19.921,1.8392508917181876,2.0,91.96254458590938,24.0,362,3386.0,True,,3.9421530891784027,3.903755167706017,3.8360169907221517,3.7565563074363113,3.833502884932124,-0.000317912931490048,-2.0104464437873797,0.0010021360544000938,26.13894490854252,4.175049085026092
B0006,35,102,2008-04-23T11:08:00.312,1.8185396073994429,2.0,90.92698036997214,24.0,360,3368.187,True,,3.937640359487087,3.8990348887670225,3.831332856649192,3.7506798030827206,3.8285710507717243,-0.0003197302213937759,-2.0097340721499575,0.0012340146533026302,26.14550367554514,3.9928703003318304
B0006,36,106,2008-04-23T16:06:25.171,1.8134770059567056,2.0,90.67385029783527,24.0,360,3368.266,True,,3.94043668088727,3.9018291528403592,3.8338502418912235,3.752841849007117,3.8311017914520336,-0.000320984993756207,-2.010240081307412,0.0011652375459709208,26.591407496697638,4.192440116726846
B0006,37,110,2008-04-23T21:02:58.296,1.7971018450305436,2.0,89.85509225152718,24.0,359,3358.719,True,,3.937617755562033,3.898621594855199,3.830019216863469,3.748540261228101,3.827340966700372,-0.000323403912746261,-2.010138925213243,0.001450125280327064,26.33593777397134,4.210379150151937
B0006,38,114,2008-04-24T01:51:33.890,1.7810046294120476,2.0,89.05023147060238,24.0,357,3339.5,True,,3.9339245950817503,3.8942643623811826,3.8255974086224107,3.743270830799908,3.8227443663660723,-0.00032542645631603533,-2.0095275876609837,0.0011593092380733304,26.183117769009517,4.170421195360703
B0006,39,118,2008-04-24T06:50:00.031,1.7710130422682329,2.0,88.55065211341164,24.0,356,3331.265,True,,3.9330486690726403,3.8928316039576614,3.8236400958889543,3.7406723022460775,3.820756004201346,-0.00032749841895722304,-2.009920182783477,0.0009075499451912501,25.952278068549656,4.283232118865328
B0006,40,122,2008-04-24T11:49:24.281,1.7604712448170943,2.0,88.02356224085472,24.0,355,3321.188,True,,3.932413019022533,3.892098774274773,3.822755686274077,3.739365167934737,3.819845346017872,-0.0003288572025950856,-2.0100331932538134,0.0013248785647883604,26.142220728373662,4.3237590481211186
B0006,41,126,2008-04-24T16:45:56.015,1.7502913788006587,2.0,87.51456894003293,24.0,355,3321.844,True,,3.9328372466815296,3.8927468747349665,3.823451442930164,3.7389711470037854,3.8202189841402676,-0.0003304050717957677,-2.0104503963796305,0.0011673436204106139,26.726288616135083,4.2687566599362725
B0006,42,130,2008-04-24T21:38:11.078,1.7394925037732578,2.0,86.97462518866288,24.0,354,3311.828,True,,3.931769997833495,3.8912852659252595,3.8217777412936957,3.736723720674728,3.818533263784912,-0.0003324717961511295,-2.0104447800685175,0.0009045700435090575,26.939017502011822,4.274743770588856
B0006,43,134,2008-04-25T12:03:44.093,1.7546766553637203,2.0,87.73383276818602,24.0,179,3327.391,True,,3.929611645570279,3.885951295160878,3.8164442557415508,3.729644799668434,3.813419446499778,-0.00033177950784688134,-2.0106486079857944,0.001211347997587064,26.631704903014025,4.333313058275934
B0006,44,136,2008-04-25T20:03:55.921,1.7659390941842175,2.0,88.29695470921088,24.0,354,3312.078,True,,3.937369119611729,3.896537503103196,3.8264399674882608,3.7418431579934164,3.8235746954021947,-0.0003320142377637078,-2.0100602483336774,0.001132731901764672,26.56236067831696,4.401053538730839
B0006,45,140,2008-04-26T01:04:35.718,1.7337887419624838,2.0,86.68943709812419,24.0,352,3293.172,True,,3.928068097626361,3.8864416810758633,3.8166811414203425,3.730201807762627,3.8132796179755712,-0.0003349191429044699,-2.0095754780021395,0.0012184960370247955,26.14681689437918,4.451080439382427
B0006,46,144,2008-04-26T05:57:35.140,1.713325912040734,2.0,85.6662956020367,24.0,350,3275.328,True,,3.9244608081418413,3.8820970638236276,3.811984600551793,3.7247842122985064,3.8084893532580972,-0.0003380561861630806,-2.010216297098264,0.001048204348156629,26.10918539976409,4.395578743101435
B0006,47,148,2008-04-26T10:58:25.843,1.7024077813673466,2.0,85.12038906836733,24.0,349,3265.016,True,,3.9236679159063717,3.8808522015180027,3.8104692520462304,3.722170397425854,3.806796039637691,-0.00034074936047661384,-2.010225351925216,0.001337406243717681,26.09064152966762,4.47123950242241
B0006,48,150,2008-04-29T12:15:56.953,1.82371946178183,2.0,91.1859730890915,24.0,356,3328.937,True,,3.932767570689928,3.896181393432948,3.831691669107985,3.747489523251875,3.8278533954850413,-0.00031512791586489153,-2.0098071568658677,0.001026514316781426,29.29182028018216,4.098134749711605
B0006,49,154,2008-04-29T17:05:27.781,1.8081284050314708,2.0,90.40642025157354,24.0,356,3329.266,True,,3.94271554066008,3.9045168901280154,3.8365112500898824,3.751689845158446,3.833352254457831,-0.00032517713976128263,-2.0104901949622986,0.0010191612609253783,28.285627357850107,4.227347688213673
B0006,50,158,2008-04-29T22:00:04.750,1.7757610945034283,2.0,88.78805472517142,24.0,353,3301.579,True,,3.9373587843956135,3.897785613198795,3.8290560544483117,3.741849590378688,3.825641115128754,-0.00033109229444805557,-2.009617517449323,0.0011385642194540553,27.559374618161115,4.346723770043479
B0006,51,162,2008-04-30T02:43:55.312,1.7447409841836798,2.0,87.237049209184,24.0,351,3283.563,True,,3.929650587419787,3.889220347872836,3.8201782523275947,3.730831436270676,3.8161309802381793,-0.00033670618300468724,-2.0097477889352664,0.0012093273508057317,27.164267076096184,4.435667068959262
B0006,52,166,2008-04-30T07:41:42.578,1.729207034132373,2.0,86.46035170661865,24.0,350,3275.125,True,,3.9297614455855987,3.8884192742926063,3.818539276860798,3.7283292107782695,3.8144405677455864,-0.0003398592607789661,-2.0099838490503252,0.0010676444126336562,26.855324090810072,4.467481322635457
B0006,53,170,2008-04-30T12:28:49.265,1.7081086552553244,2.0,85.40543276276622,24.0,349,3265.656,True,,3.9251784505873695,3.8834851813240627,3.813532267490357,3.7217841811357233,3.808965131361627,-0.0003438561166385079,-2.0101843671762443,0.0010473252735035863,26.892661166006388,4.449531466401584
B0006,54,174,2008-04-30T17:20:16.140,1.6975954237461768,2.0,84.87977118730883,24.0,349,3266.093,True,,3.925078188751054,3.883124183216463,3.8126570922737097,3.7205126694057884,3.8083116679599835,-0.00034618856788051875,-2.01040675544904,0.0011494832211264377,27.22130544069557,4.491509239010476
B0006,55,178,2008-04-30T22:14:54.062,1.6820634524029463,2.0,84.10317262014732,24.0,348,3257.594,True,,3.9225279864290847,3.8798861279095243,3.8089560274035756,3.7156997519564485,3.804456146107047,-0.00034954456964009554,-2.010185183627962,0.0008829203235677811,27.037135001596805,4.4820460664364
B0006,56,182,2008-05-01T03:15:33.140,1.6714768322295086,2.0,83.57384161147543,24.0,347,3248.593,True,,3.9208644465317604,3.8776410491697333,3.8064883381029557,3.7121547909140977,3.80164080872937,-0.00035236564087108693,-2.0099392208264875,0.0014553157732803575,26.923059611371308,4.500149164697088
B0006,57,186,2008-05-01T08:16:03.343,1.6607591387047655,2.0,83.03795693523827,24.0,346,3238.766,True,,3.9180506350588726,3.874261677490515,3.80290230553087,3.7044866101107816,3.797717522573866,-0.0003560169441019501,-2.0100721375791353,0.0013175636796493987,26.807049398624354,4.5528813426856125
B0006,58,190,2008-05-01T13:14:24.875,1.651121015038069,2.0,82.55605075190346,24.0,346,3240.14,True,,3.9161248924950516,3.8719689727047477,3.800400179862267,3.7040748101272074,3.7950320791908525,-0.0003581943291052251,-2.010461765428237,0.001207046039987518,26.93911071381156,4.523486554816596
B0006,59,194,2008-05-01T18:11:10.984,1.6401349256190927,2.0,82.00674628095463,24.0,345,3230.109,True,,3.91674863743951,3.872267463389035,3.800441559288995,3.7034279218987343,3.794955499675087,-0.000360794706979014,-2.010380850652931,0.001103918104808642,27.411370455349957,4.444684967517965
B0006,60,198,2008-05-01T23:10:15.265,1.6291999416165441,2.0,81.45999708082721,24.0,345,3229.7810000000027,True,,3.9137667290892533,3.8687249825579704,3.7967534750606307,3.6987430503329217,3.7909528287255676,-0.00036331976783068415,-2.0100064324755387,0.0010193129961698069,27.25301764874861,4.515828481068613
B0006,61,202,2008-05-02T03:53:34.765,1.6088496302961666,2.0,80.44248151480832,24.0,343,3212.469,True,,3.908026633682942,3.862662215026695,3.790831142533308,3.6910553638913797,3.784196204733647,-0.00036747237210366844,-2.0100857684119053,0.001079485243734825,27.142140003559167,4.501627837257843
B0006,62,206,2008-05-02T08:44:40.859,1.6035244898969248,2.0,80.17622449484624,24.0,343,3213.219,True,,3.9062513104632637,3.86015162781373,3.7875477598987017,3.6873834673047847,3.781257719912055,-0.00037026240019701436,-2.0099025296466273,0.0011598780329346776,26.95682756264194,4.446480268733328
B0006,63,210,2008-05-02T13:43:05.093,1.5989712144027983,2.0,79.94856072013991,24.0,342,3203.578,True,,3.9063712275019347,3.8600772489771593,3.787103808207358,3.6862887207869353,3.780614304128453,-0.0003723503080899505,-2.010680096079169,0.001011997096718335,27.138730127127772,4.565626510097815
B0006,64,214,2008-05-02T19:07:48.359,1.5876273123575604,2.0,79.38136561787802,24.0,341,3195.125,True,,3.904666648074992,3.858210165814983,3.7852785256394035,3.6829911509891513,3.7784056333627687,-0.00037568181327067395,-2.0097113801679263,0.000967026072866466,27.302356626623556,4.252347590455045
B0006,65,216,2008-05-02T23:24:17.687,1.5829719744686166,2.0,79.14859872343084,24.0,341,3195.3129999999946,True,,3.908787833705531,3.861172078982697,3.7866584443370845,3.684220651725786,3.7801266845972763,-0.00037959980119288926,-2.010395101862821,0.0008945379036958121,27.300080398829323,4.38522643333879
B0006,66,220,2008-05-03T04:13:08.609,1.567137636713563,2.0,78.35688183567815,24.0,340,3186.297,True,,3.898434012326741,3.850762657869316,3.777285730837303,3.6738109087144806,3.770108142025629,-0.0003809141167917101,-2.0101703629762513,0.00113149203121976,27.152317933025703,4.36369673937341
B0006,67,224,2008-05-03T09:10:19.812,1.5613446139713882,2.0,78.06723069856942,24.0,339,3176.438,True,,3.8976450199643358,3.849304823949182,3.7754928999961077,3.6714728382009794,3.768173228585969,-0.0003832709936284669,-2.0100447435198454,0.001389789616087372,27.017489004868416,4.400401298661034
B0006,68,228,2008-05-03T14:04:34.187,1.5511711892790419,2.0,77.5585594639521,24.0,338,3167.593,True,,3.894927264166021,3.8461340901616503,3.77233509476936,3.6672884478576657,3.7646487067442145,-0.0003858098774113848,-2.0100258049485493,0.001196186561829979,27.02256917898242,4.4034547162039175
B0006,69,232,2008-05-03T18:58:13.468,1.5406741606295171,2.0,77.03370803147585,24.0,338,3167.719,True,,3.8933992397765547,3.844316092643066,3.7701337752987425,3.664395324978442,3.7623347896531434,-0.0003884646234568977,-2.010164714833102,0.001277665696327281,27.101254645848247,4.405760306169256
B0006,70,236,2008-05-03T23:42:30.093,1.5253138744624433,2.0,76.26569372312217,24.0,337,3159.077999999994,True,,3.8871367023231946,3.8376273280035926,3.7636145781181973,3.657371041087781,3.7554245450799164,-0.0003912080271908166,-2.0103219689481016,0.001177262136421482,27.14354774493922,4.338731013842651
B0006,71,240,2008-05-04T04:41:40.000,1.5301570318067428,2.0,76.50785159033714,24.0,336,3148.829,True,,3.890422698115732,3.84045420299284,3.7656343669380483,3.658589107990514,3.7576222231013587,-0.00039306729493685373,-2.0101743542497537,0.0011402006019478326,27.111316185373038,4.449099939614072
B0006,72,244,2008-05-04T09:40:11.906,1.5246566834474087,2.0,76.23283417237043,24.0,336,3149.094,True,,3.888826825139113,3.8384468876714615,3.763335269706883,3.655786102393477,3.7552719542898094,-0.0003955298475621909,-2.0102597817423704,0.0012580623440717417,27.101301740130737,4.44198700281202
B0006,73,248,2008-05-04T14:38:13.359,1.5145492986655427,2.0,75.72746493327713,24.0,335,3140.547,True,,3.886376803592335,3.835539609890626,3.760435282367656,3.6521922269976694,3.751993522250372,-0.0003978179601465668,-2.0100540615634275,0.0012501108695404722,27.108967924798662,4.458631487155632
B0006,74,252,2008-05-04T19:37:07.890,1.509391504602082,2.0,75.4695752301041,24.0,334,3131.625,True,,3.88490612195342,3.8335411672455346,3.7582304199331826,3.6491256117932522,3.749635691880023,-0.0004000298871042438,-2.009919717747074,0.0012625528432879721,27.108264424962016,4.468353921224711
B0006,75,256,2008-05-05T00:35:53.968,1.5039974333050705,2.0,75.19987166525353,24.0,333,3121.907,True,,3.8827139460452242,3.8312326262649483,3.755189586526187,3.6458585985455327,3.7468024216454134,-0.0004022638066461524,-2.010508304014274,0.0012146158541550636,27.064348925584245,4.478241538772515
B0006,76,260,2008-05-05T05:28:13.937,1.4935201918040188,2.0,74.67600959020095,24.0,333,3122.125,True,,3.8797492082722056,3.8277552259290957,3.7517072817219606,3.641811487692423,3.74298132143524,-0.00040477909215320073,-2.010177763963591,0.0011171986726281249,27.017361624369165,4.475770852869381
B0006,77,264,2008-05-05T11:41:31.500,1.4876323024497422,2.0,74.3816151224871,24.0,333,3121.672,True,,3.878085112006991,3.8255531856969784,3.7497874462032827,3.6389612454649227,3.740624008888299,-0.00040634461329812577,-2.009900525793493,0.0014709599948148407,27.068294913830318,4.4916399800906035
B0006,78,266,2008-05-05T20:40:08.562,1.5302876214401704,2.0,76.51438107200852,24.0,333,3120.86,True,,3.895167570811337,3.8443116007608213,3.76771504235357,3.658902074817859,3.7598607346105983,-0.00040061125305884123,-2.010211845174641,0.0012769907054241678,27.629073636508828,4.601473809995408
B0006,79,270,2008-05-06T01:38:46.265,1.5040760088360112,2.0,75.20380044180057,24.0,331,3103.828,True,,3.8807390303624416,3.828940249344514,3.7531843321173817,3.6431820824540826,3.744374913543212,-0.00040424009778625895,-2.0102417740722163,0.0010997693953830857,27.038205014168913,4.596658842142308
B0006,80,274,2008-05-06T06:37:06.296,1.4887593608730894,2.0,74.43796804365446,24.0,330,3095.094,True,,3.8763241426270634,3.8231561802299696,3.74690685202695,3.6361225972442477,3.7379328393298357,-0.0004079494482143689,-2.0102318662739806,0.0010926539440067652,26.69948127121981,4.695376105774901
B0006,81,278,2008-05-06T11:25:21.031,1.4782779285546637,2.0,73.91389642773318,24.0,330,3095.781,True,,3.872512504606543,3.8190163005915845,3.7427892035680324,3.631242444244744,3.733291347025042,-0.00041090398586629697,-2.009816646517355,0.001031135565987792,26.807605255843082,4.67074172593302
B0006,82,282,2008-05-06T16:23:36.296,1.478459982215684,2.0,73.9229991107842,24.0,330,3094.328,True,,3.875242301204099,3.8219583519802285,3.7447477086678234,3.632603617709085,3.735600251830469,-0.0004131332751822619,-2.011033749042867,0.0012219493858333633,27.27661451056814,4.712537768631481
B0006,83,286,2008-05-06T21:21:49.265,1.473214844899973,2.0,73.66074224499864,24.0,329,3086.531,True,,3.87594842312753,3.822725103784031,3.745490847056931,3.6323594998860465,3.735988517457362,-0.0004155390134909394,-2.010538346691908,0.0009733956498095728,27.600606760188224,4.658464810694536
B0006,84,290,2008-05-07T02:17:25.156,1.4675164935067897,2.0,73.37582467533949,24.0,329,3085.625,True,,3.872918103143817,3.8190098606495884,3.7416555462227072,3.6280661848200726,3.7319675558710723,-0.00041758536495820975,-2.01014644986683,0.0009450709912042408,27.501099762764827,4.679183777847015
B0006,85,294,2008-05-07T07:04:02.109,1.4516292657521335,2.0,72.58146328760667,24.0,327,3067.203,True,,3.867859796891001,3.8136685779306685,3.7359641957748724,3.621845118898136,3.7260427846482007,-0.0004201224551936475,-2.0099798141471483,0.001148469994906002,27.29510705349959,4.656663415305868
B0006,86,298,2008-05-07T12:01:49.906,1.4519237720967177,2.0,72.59618860483589,24.0,326,3058.157,True,,3.866329151146019,3.810923904404242,3.7333032164338187,3.618469291739667,3.723231645805255,-0.00042223145326681575,-2.0105681505163657,0.001160178156164379,26.998914718534046,4.706100922948693
B0006,87,302,2008-05-07T16:59:29.937,1.4471484694777745,2.0,72.35742347388873,24.0,326,3058.812,True,,3.8659734080232924,3.810795993890231,3.7326212880689487,3.6177316510875452,3.7227055232097426,-0.00042328831250517816,-2.010553470281543,0.0009781353654165481,27.209871170145277,4.766009197013208
B0006,88,306,2008-05-07T21:56:09.656,1.4468538105659885,2.0,72.34269052829943,24.0,326,3058.578,True,,3.8674599916158656,3.812450673393068,3.734007109988272,3.618718116291339,3.723931111842859,-0.0004252070347098391,-2.0104427752534875,0.0012553816754252458,27.579558321433204,4.7367530095682255
B0006,89,310,2008-05-08T02:53:49.937,1.4416741930284678,2.0,72.08370965142339,24.0,325,3049.328,True,,3.8668166622106144,3.811648510534602,3.7329884078671363,3.6172498976576044,3.722793378387293,-0.00042683245073289267,-2.010265684054654,0.0012583078105349462,27.637566270570698,4.729504050851876
B0006,90,313,2008-05-09T12:25:07.000,1.5935866593100128,2.0,79.67933296550063,24.0,339,3177.219,True,,3.916887271191318,3.8629104745783867,3.7834436385655,3.676777903919296,3.7782873278398523,-0.00039714090705426767,-2.01011509221869,0.0010091400197713926,27.303984893557903,5.062482817030514
B0006,91,316,2008-05-09T20:28:09.734,1.5463902376915637,2.0,77.31951188457819,24.0,329,3082.937,True,,3.8968835410421,3.8453521189628557,3.7675026328196743,3.6555936723535103,3.759275888655113,-0.0004091810332929011,-2.0108524011306406,0.0011553729478188958,27.885363087959075,4.632559842448323
B0006,92,320,2008-05-10T01:21:56.500,1.51470559175661,2.0,75.73527958783049,24.0,328,3074.266,True,,3.8864098355046544,3.8343586226196282,3.757095255803479,3.643389548109375,3.7475677061345722,-0.00041505921484458403,-2.010538883040039,0.0012321620480996544,27.910892895412452,4.52821767632167
B0006,93,324,2008-05-10T06:18:12.000,1.4989786083335404,2.0,74.94893041667702,24.0,327,3066.0,True,,3.882828085355964,3.829861216396016,3.751876316408313,3.636837296752876,3.7420166041693013,-0.0004203188366272095,-2.010079827781745,0.001178017211067584,27.687177134312073,4.558276270118618
B0006,94,328,2008-05-10T11:16:04.843,1.4831110745410492,2.0,74.15555372705246,24.0,326,3056.437,True,,3.8789273113066565,3.825216838821054,3.746838494258439,3.630853700825729,3.7366938646972923,-0.0004244155122263014,-2.010167433230298,0.0011152947020733417,27.50585801384771,4.588989945452507
B0006,95,332,2008-05-10T16:11:56.109,1.4729664825468278,2.0,73.6483241273414,24.0,325,3048.219,True,,3.8756807409101546,3.821267104875216,3.7422543471759147,3.625610481896259,3.732013390037545,-0.0004281341228366955,-2.010598417483016,0.0010042766817869033,27.39217979484471,4.606149226415088
B0006,96,336,2008-05-10T21:07:54.625,1.4627604396099307,2.0,73.13802198049653,24.0,324,3039.218,True,,3.8738384327777338,3.8187204272034783,3.7395682401652097,3.622164565177622,3.7291080609263383,-0.00043081387242803194,-2.0105982285126562,0.0011751509520394894,27.454065439663253,4.599595145741414
B0006,97,340,2008-05-11T02:05:21.796,1.4518364681062514,2.0,72.59182340531257,24.0,324,3039.047,True,,3.871891017050222,3.816837405526421,3.7372079073644593,3.61931220786603,3.7266229638445436,-0.000433264744305444,-2.010286493064575,0.0011600052804171838,27.507853816341214,4.626551242021762
B0006,98,344,2008-05-11T06:55:27.734,1.4468670644030392,2.0,72.34335322015197,24.0,323,3030.375,True,,3.8689063641655186,3.813225252045112,3.733348557981142,3.6154308526258925,3.72273604252803,-0.0004354523811820578,-2.0102446503113987,0.0010367286960571908,27.539605734288816,4.591635118358209
B0006,99,348,2008-05-11T11:52:47.187,1.441380399427779,2.0,72.06901997138895,24.0,322,3021.0,True,,3.8678805418758113,3.8117115444946634,3.731612957950305,3.612899935509434,3.7208312076133216,-0.00043763471678728513,-2.010172705233749,0.0009848234687211516,27.521040057532552,4.638011152778763
B0006,100,352,2008-05-11T16:49:58.921,1.431210744960774,2.0,71.5605372480387,24.0,322,3021.75,True,,3.86664713284718,3.8101379603509553,3.7297215564813713,3.6101907094417816,3.718765122704498,-0.0004399606427400253,-2.0103401305256505,0.0011571154072349452,27.56645636979329,4.619739148896777
B0006,101,356,2008-05-11T21:47:12.843,1.4260247179525716,2.0,71.30123589762857,24.0,321,3012.265,True,,3.864740098390728,3.808002222921366,3.7273108882561825,3.607933040055978,3.7163925770821673,-0.00044138548745971455,-2.010366785813169,0.0012544521630275167,27.568244731266958,4.654274847292228
B0006,102,360,2008-05-12T02:36:58.921,1.420487649966195,2.0,71.02438249830975,24.0,320,3002.641,True,,3.8621850980334873,3.8055479024432426,3.7244526040226567,3.6044028491285127,3.7131650766899904,-0.00044364628037418406,-2.0101580588517414,0.0008990610451222118,27.569126331598714,4.624571877070064
B0006,103,364,2008-05-12T12:56:34.781,1.4207006230355006,2.0,71.03503115177503,24.0,321,3012.0,True,,3.8540301111243105,3.798094820811039,3.718989793708186,3.6008549049093954,3.7076492069620244,-0.0004367471018851548,-2.0105117398010384,0.0012311251440816169,27.6405306129925,4.67563426072655
B0006,104,367,2008-05-12T18:59:59.453,1.452255804330839,2.0,72.61279021654194,24.0,322,3020.11,True,,3.876976148636124,3.8210401483263285,3.73969487933953,3.6201996083852714,3.7291019866208233,-0.00044109536177497154,-2.010981626164367,0.0009164744765241007,28.31458609649778,4.6040106640410485
B0006,105,371,2008-05-12T23:53:17.609,1.431557632772571,2.0,71.57788163862855,24.0,320,3002.172000000006,True,,3.8673531867582103,3.811292273693022,3.730164765988867,3.6100232229675693,3.7190545100765204,-0.0004432393304734135,-2.0106855769589353,0.0010228870381507264,28.154621455876445,4.626994584611818
B0006,106,375,2008-05-13T04:35:25.359,1.415015751158943,2.0,70.75078755794715,24.0,319,2992.703,True,,3.8618530863307914,3.8049592336224727,3.723155250466121,3.6033103879828596,3.7121463049190697,-0.00044647221649013767,-2.0103901032356446,0.0011447709403555326,28.006392665226162,4.609454820301277
B0006,107,379,2008-05-13T09:24:04.718,1.4097311506517451,2.0,70.48655753258726,24.0,316,2964.468,True,,3.8595736412925787,3.802175903457668,3.7200371669124497,3.595845550094157,3.7086407657841587,-0.00044996052615357547,-2.010382921458601,0.0008723978184926551,27.796736323649444,4.658475908362327
B0006,108,383,2008-05-13T14:20:24.937,1.404917318129309,2.0,70.24586590646545,24.0,318,2983.375,True,,3.8587437238441415,3.8004685089516954,3.7180936024601197,3.593587090721841,3.7066860356623206,-0.00045213845909316825,-2.010955611469189,0.0015860965487425355,27.759555780471647,4.7411159624588315
B0006,109,387,2008-05-13T19:04:20.531,1.395164296571563,2.0,69.75821482857815,24.0,317,2975.297,True,,3.856684692455129,3.798896755017135,3.716057173251867,3.594280888754073,3.7045904239198064,-0.0004533568493459009,-2.0105699835595443,0.0014521143092941394,28.07202421665253,4.661683050713485
B0006,110,391,2008-05-13T23:59:26.015,1.3945343832614077,2.0,69.72671916307038,24.0,317,2974.9850000000006,True,,3.858802645445473,3.8005284594920017,3.717087708317168,3.5946758895353845,3.705808127152199,-0.00045552802793820835,-2.010771754101063,0.0012053918231454332,28.227918983869994,4.675123590496426
B0006,111,395,2008-05-14T04:55:57.453,1.3893171179312644,2.0,69.46585589656323,24.0,316,2966.25,True,,3.8554467957183154,3.796600856524149,3.712742358246054,3.589897340936734,3.7015306488733795,-0.0004575375296610072,-2.0103256727803447,0.0027703238869773547,27.993431217423655,4.713113298990962
B0006,112,399,2008-05-14T09:52:22.062,1.3838379472327809,2.0,69.19189736163904,24.0,315,2956.359,True,,3.8532279434183074,3.7936979124911145,3.709530271773874,3.586526257045439,3.6982223534669205,-0.00045931740604178965,-2.0102760288002997,0.0011870365267419062,27.7984920669959,4.720218362265083
B0006,113,403,2008-05-14T14:35:22.515,1.3736814238195123,2.0,68.68407119097562,24.0,315,2956.344,True,,3.8507805667221193,3.7916161344318313,3.707110542263423,3.580928988413193,3.695613878398235,-0.00046136126283754543,-2.0107664620128047,0.0009830262063465845,28.052535431427756,4.733539848023426
B0006,114,407,2008-05-14T19:31:39.390,1.3786059891863676,2.0,68.93029945931838,24.0,315,2956.406,True,,3.8542219161903044,3.794673609566635,3.7101369864504927,3.5864353073464974,3.6985585903695406,-0.0004623025284351409,-2.010580503885572,0.0012769382070608104,28.335785124556125,4.692283975028978
B0006,115,411,2008-05-15T00:27:55.625,1.3737600299108574,2.0,68.68800149554288,24.0,314,2947.266,True,,3.8529758146286577,3.793046225292285,3.7081256214247,3.5837170866407617,3.696468226867393,-0.00046436322748616714,-2.010313457590881,0.001629097248171113,28.20049364602632,4.704794547868008
B0006,116,415,2008-05-15T05:24:04.890,1.3682580583942712,2.0,68.41290291971356,24.0,313,2937.984,True,,3.8500882416480966,3.7896425519924133,3.704277665010956,3.57981595809651,3.6928099857150856,-0.00046601449650050943,-2.009824726252754,0.001029993627665607,28.00247255433013,4.722705886187427
B0006,117,419,2008-05-15T10:20:03.875,1.3633024037317505,2.0,68.16512018658753,24.0,312,2929.125,True,,3.8477005725712177,3.7866611348285946,3.7008625552725145,3.576398008337968,3.6895008777362572,-0.00046771120852229697,-2.0108812981004034,0.0014806918080206173,27.790985600980548,4.756146012478897
B0006,118,423,2008-05-15T15:10:59.437,1.3580966140172601,2.0,67.904830700863,24.0,312,2928.454,True,,3.8476669187094616,3.7869090045302203,3.7005660990602833,3.575941817290666,3.6892589588960583,-0.0004689646005885049,-2.0110107134636217,0.001204796671336671,28.042758959762953,4.748430723245047
B0006,119,427,2008-05-15T19:56:47.390,1.353269090999531,2.0,67.66345454997655,24.0,312,2929.375,True,,3.8484233787970985,3.787862069121715,3.7014019776071883,3.576698065944214,3.6900240284927195,-0.00047007811424159515,-2.01100964389754,0.0012599555960542545,28.42708885696907,4.7215054697241605
B0006,120,431,2008-05-16T16:54:59.812,1.3841605738237488,2.0,69.20802869118744,24.0,314,2946.031,True,,3.842499527814941,3.785280079210741,3.7022753846135044,3.5821576244173565,3.6907804557414123,-0.0004535977689301363,-2.010643319809179,0.0012634874281688047,28.40429345488218,4.406533291215787
B0006,121,433,2008-05-16T21:37:39.671,1.4051467790651473,2.0,70.25733895325736,24.0,315,2955.438,True,,3.867948482483812,3.808884647685581,3.72277606516092,3.598414058235015,3.711238053666406,-0.0004656853873592357,-2.0103836733725844,0.0033324184559199253,28.54238875523393,4.687628582282866
B0006,122,437,2008-05-17T02:32:13.968,1.378719022627353,2.0,68.93595113136764,24.0,313,2937.625,True,,3.8563357777251657,3.7964154739551446,3.710251766891419,3.585876739889415,3.698789898741264,-0.0004678900375607321,-2.0100661309790278,0.0010249088402188055,28.217132212482035,4.678700174512045
B0006,123,441,2008-05-17T07:25:19.906,1.3682657783199066,2.0,68.41328891599532,24.0,312,2929.078,True,,3.8515522279402274,3.7905685794271755,3.7033949721330246,3.5786562137776547,3.6921110652053466,-0.0004718363721814734,-2.0102175604940276,0.001316347212780348,27.87721564157384,4.716068732676021
B0006,124,445,2008-05-17T12:21:15.890,1.3573151296618016,2.0,67.86575648309008,24.0,311,2918.375,True,,3.8494908517361615,3.787980775502944,3.700118144963619,3.5749028733936483,3.688797599447996,-0.0004747799953673216,-2.010183065617865,0.001163995537112869,27.77431364665057,4.772960340917329
B0006,125,449,2008-05-17T17:15:37.281,1.3524934638801596,2.0,67.62467319400798,24.0,311,2919.812,True,,3.8478138222841105,3.7858606929475935,3.697345138857113,3.571500369223829,3.6860231821206995,-0.0004774549852629544,-2.0101774004740016,0.0010836482526234126,27.759789464909147,4.769062521824843
B0006,126,453,2008-05-17T22:10:51.218,1.3474099151661236,2.0,67.37049575830618,24.0,309,2900.422,True,,3.8465875821631124,3.7841852580934616,3.6952096330433415,3.56855749122118,3.683876655091222,-0.0004801653696404331,-2.0104603143994297,0.0012522879026252197,27.72976581692181,4.770660311746653
B0006,127,457,2008-05-18T03:05:19.265,1.3370075130842318,2.0,66.85037565421159,24.0,309,2901.375,True,,3.8450920145606147,3.7824950415029472,3.6930056184547215,3.565984319837712,3.681626395152263,-0.00048217292193981144,-2.0106042216115436,0.001299200064529415,27.709904867507976,4.766289164822336
B0006,128,461,2008-05-18T08:00:50.421,1.3312352966718526,2.0,66.56176483359263,24.0,309,2901.187,True,,3.843513508248978,3.7800682989897085,3.6901659271827794,3.5630419203609556,3.678884428699777,-0.00048439573508982965,-2.0102393628250885,0.0012928192262420632,27.5890671607354,4.788020806429188
B0006,129,465,2008-05-18T12:44:48.437,1.3259303781727643,2.0,66.29651890863822,24.0,308,2891.64,True,,3.840110966178218,3.7763646334931478,3.6853913608303976,3.5588762335571684,3.674662621848891,-0.0004862515151285538,-2.0103866724103945,0.0010410431013514092,27.52621968336972,4.790835504167834
B0006,130,469,2008-05-18T17:36:29.734,1.321578743867529,2.0,66.07893719337645,24.0,307,2882.906,True,,3.840759040523654,3.7768651512830838,3.6854370844736186,3.5578549828582355,3.674623213101385,-0.0004885580774407337,-2.010639163590738,0.001196735228124933,27.539334608158438,4.824908954250656
B0006,131,473,2008-05-18T22:31:45.515,1.321225074066109,2.0,66.06125370330544,24.0,307,2883.265,True,,3.8406435773252694,3.7763464216805485,3.684753702178959,3.556581952928501,3.673812664348379,-0.0004904964669320484,-2.010363989817448,0.0011674377316753185,27.5846755753331,4.831362019287877
B0006,132,477,2008-05-19T03:27:07.765,1.3156485301862682,2.0,65.78242650931341,24.0,307,2882.969,True,,3.8395961263314455,3.775054093894717,3.6827674648034185,3.554390593029939,3.671915559799752,-0.0004923893856226433,-2.0098998899816927,0.001104764956904353,27.515472565181426,4.8456672023987615
B0006,133,481,2008-05-19T15:34:33.625,1.3209025697502388,2.0,66.04512848751195,24.0,308,2891.656,True,,3.833075719917267,3.7715036692869233,3.6814654423710196,3.5560512055543247,3.6706004746302683,-0.00048191162320849665,-2.0098974712530175,0.001018931819137639,28.04880894765878,4.643337035294014
B0006,134,483,2008-05-19T20:59:48.437,1.3474328767273906,2.0,67.37164383636953,24.0,309,2901.25,True,,3.85797401673216,3.7950414382791715,3.702666334938749,3.574103997470723,3.691524687183306,-0.0004918687756814809,-2.009953686699584,0.0012721527106675874,28.136145317768577,4.529818939358822
B0006,135,485,2008-05-20T01:16:42.609,1.3260128072353616,2.0,66.30064036176807,24.0,308,2891.703,True,,3.850747177660354,3.786711655781278,3.6932043372194974,3.564273122291686,3.682336564074636,-0.0004962099439717027,-2.0106316908256088,0.0008362370957598038,27.90578655349001,4.556858382282492
B0006,136,489,2008-05-20T06:12:06.265,1.3101186784831063,2.0,65.50593392415531,24.0,307,2883.016,True,,3.8427509776224626,3.778592716677142,3.6848891482314112,3.5559510370211704,3.6739771956718834,-0.0004974329983823406,-2.0098798210739894,0.001165500176802614,27.686574054662106,4.593653496805047
B0006,137,493,2008-05-20T11:07:23.453,1.30521620229393,2.0,65.2608101146965,24.0,306,2873.453,True,,3.839776880891589,3.7745932323972267,3.680123232139681,3.5508216592884922,3.6694030482981543,-0.0005004172555308365,-2.0100765964828797,0.0011658147751708026,27.41350788278643,4.619906486607007
B0006,138,497,2008-05-20T15:57:27.312,1.3004061951355774,2.0,65.02030975677887,24.0,306,2874.031,True,,3.8403404708477162,3.775499529328479,3.6803706710638284,3.5506717698581585,3.6697302182811127,-0.0005021123128642838,-2.01051674810003,0.0010853922244264873,27.73481835515723,4.604664935511501
B0006,139,501,2008-05-20T20:50:39.015,1.300235735841116,2.0,65.0117867920558,24.0,306,2874.234,True,,3.8415219115372214,3.7767810176312286,3.6813964773973518,3.551082744399084,3.6705724723742335,-0.0005041254576264812,-2.010381264047509,0.0010916735205846546,28.00351668905564,4.583571013864994
B0006,140,505,2008-05-21T01:39:38.968,1.2895066722480755,2.0,64.47533361240377,24.0,305,2864.984,True,,3.83886732768818,3.7733736072975477,3.6770410920687215,3.5465472972832712,3.6665439922550376,-0.0005069871822606545,-2.0101598193304233,0.0011682247307411744,27.768641799343758,4.609914641011827
B0006,141,509,2008-05-21T06:24:27.281,1.279253057384795,2.0,63.96265286923975,24.0,304,2855.093,True,,3.835315617234996,3.7689475873431335,3.6716717197914464,3.5409654830429105,3.6614594388112085,-0.0005096405960952346,-2.0098764357129895,0.001331279340431529,27.453034069087487,4.621098900614577
B0006,142,513,2008-05-21T11:18:06.015,1.2792078171714618,2.0,63.96039085857309,24.0,304,2855.625,True,,3.8345157800778136,3.767563840387795,3.6697268440019735,3.5383646783025244,3.659411281443771,-0.0005125813314645365,-2.010322524508659,0.0011850663721126688,27.28408833425938,4.682247346763944
B0006,143,517,2008-05-21T16:10:21.203,1.274036760902923,2.0,63.701838045146154,24.0,304,2855.594,True,,3.8360585683639203,3.76941887481482,3.6709331648041155,3.539544418468821,3.6607657261792284,-0.0005139211324932325,-2.0103126878572253,0.0012857128178444138,27.560167041059078,4.673509572117013
B0006,144,521,2008-05-21T21:02:09.781,1.2741273923001468,2.0,63.70636961500734,24.0,303,2847.437,True,,3.8362536220212236,3.7695740969459313,3.670400544073236,3.53867593479314,3.6603562001505265,-0.0005162708038959573,-2.01044727294302,0.0011281317780362946,27.660362858562035,4.653467792018688
B0006,145,525,2008-05-22T01:42:59.218,1.2637639426440779,2.0,63.188197132203896,24.0,303,2847.36,True,,3.8315989440201577,3.7642332932777465,3.6642816308994806,3.532394906704807,3.6544185259605557,-0.0005184124048131507,-2.0106072293585844,0.0011279112704390521,27.404317968910267,4.658084659830909
B0006,146,529,2008-05-22T06:32:40.921,1.2581373688955233,2.0,62.906868444776165,24.0,302,2837.328,True,,3.830877668754956,3.762568546812866,3.6619249322799505,3.529337824862872,3.6520776652177505,-0.0005216884809367137,-2.010199656236857,0.0014435093748454565,27.13069272509154,4.714262542200977
B0006,147,533,2008-05-22T11:23:22.187,1.253259864055301,2.0,62.66299320276505,24.0,302,2837.281,True,,3.8298609891021798,3.760986403877785,3.6597891138335874,3.5266944111886462,3.650003005073058,-0.0005240619224521401,-2.010445162088099,0.0010748636766501546,27.017752973719503,4.770943655458165
B0006,148,537,2008-05-22T16:17:58.890,1.2532313315493426,2.0,62.661566577467134,24.0,302,2838.515,True,,3.832929635291853,3.7645828451345276,3.6627524230486133,3.5294862588846856,3.6529469008196367,-0.0005258432089590697,-2.010285413319671,0.0011460200187783476,27.3696355606187,4.747845277306723
B0006,149,541,2008-05-22T20:59:50.203,1.2480874960313577,2.0,62.40437480156788,24.0,301,2828.328,True,,3.830739640730609,3.7621854973075366,3.659634063210128,3.5264839850629537,3.650109555081334,-0.0005277247878123014,-2.010898652135553,0.0010786405244184376,27.386638716071257,4.71713232810308
B0006,150,545,2008-05-23T12:13:16.359,1.2534354284944844,2.0,62.67177142472422,24.0,302,2838.265,True,,3.8177994804719155,3.750943663000176,3.6505412013907215,3.5224880807576175,3.641918332858085,-0.000512028276145067,-2.010587590501802,0.0010820525470335222,27.074476222139157,4.789477332029115
B0006,151,548,2008-05-23T20:14:29.875,1.2898048773266901,2.0,64.49024386633451,24.0,305,2864.547,True,,3.852010179284113,3.7859965681067558,3.6846258100804112,3.5518826793976936,3.6744917092578016,-0.0005231243421520594,-2.010142528323693,0.0009764858691674065,27.67034039103475,4.888690008851629
B0006,152,552,2008-05-24T01:09:21.562,1.2635402021758835,2.0,63.17701010879417,24.0,303,2846.39,True,,3.839457010824295,3.7723196867951407,3.6691633536045702,3.536995756963874,3.659759153268798,-0.0005273097347236508,-2.0102337760426954,0.0011710460774296484,27.659301673273525,4.893837062211912
B0006,153,556,2008-05-24T06:00:20.156,1.2479761706842853,2.0,62.39880853421427,24.0,302,2837.969,True,,3.8362499890144632,3.7677934381473333,3.663085791163652,3.5295059391225756,3.6539408721622895,-0.0005334541054161101,-2.0103544643484326,0.0009763917078898337,27.495426440427284,4.912118388982179
B0006,154,560,2008-05-24T10:42:50.484,1.2321202877943334,2.0,61.60601438971667,24.0,302,2838.156,True,,3.832678632189883,3.7636465747753394,3.6573159145517384,3.523670032715299,3.6485990763126592,-0.0005373782903216293,-2.0103967633940365,0.0009776595674868712,27.403698602116233,4.9443506801321675
B0006,155,564,2008-05-24T15:31:10.593,1.2271137666213534,2.0,61.35568833106767,24.0,301,2829.843,True,,3.831696257143522,3.7620371035312994,3.6545646371344302,3.516705863812199,3.6459841615886073,-0.0005423854054681165,-2.0106081624364998,0.0010643405247873312,27.334555453855625,5.038986935798867
B0006,156,568,2008-05-24T20:21:13.437,1.2217397581377356,2.0,61.08698790688678,24.0,301,2829.625,True,,3.8311161239005593,3.760937163404264,3.6521512979643047,3.5169532202438822,3.6437909041355474,-0.0005455277903961078,-2.01017483576833,0.0009881870603789121,27.303433468622416,4.988355453152963
B0006,157,572,2008-05-25T01:06:49.828,1.211102678915174,2.0,60.5551339457587,24.0,300,2819.437,True,,3.82970838229629,3.759046801326853,3.6496236838308342,3.510840546103388,3.64123807405251,-0.0005490361068858558,-2.0102720708207893,0.001323571628630195,27.332001187209908,5.06050895040055
B0006,158,576,2008-05-25T05:57:17.890,1.2056159765131735,2.0,60.28079882565868,24.0,300,2819.579,True,,3.82932115467255,3.7582012428607436,3.6475682400750657,3.5115919825764133,3.6394314516569763,-0.0005519325481786159,-2.010111001704189,0.001026612292252361,27.27442589197815,5.056141196646063
B0006,159,580,2008-05-25T10:51:37.015,1.2008936262717274,2.0,60.044681313586366,24.0,299,2810.672,True,,3.8290386675798986,3.7572510678751607,3.6460440663631473,3.5091856674390445,3.6378378790180323,-0.000555211163503137,-2.01048093573067,0.001032130984629149,27.269373246408016,5.069266104429428
B0006,160,584,2008-05-25T15:37:08.890,1.1905903985558335,2.0,59.529519927791675,24.0,299,2811.485,True,,3.826792523474599,3.755013532501052,3.6425058749615213,3.505807128612863,3.6349621173419533,-0.00055726043335957,-2.0104456420068146,0.0011054000872881907,27.32341695883705,5.076363893657678
B0006,161,588,2008-05-25T20:23:04.453,1.185179251041941,2.0,59.25896255209705,24.0,298,2802.422,True,,3.827419308603596,3.7553469527081718,3.6416670612361854,3.504826564098154,3.6342289453935868,-0.0005608861921949401,-2.0101476655504045,0.0009040896449460737,27.37645765946402,5.0798204570330725
B0006,162,592,2008-05-26T01:13:02.796,1.1796706818144624,2.0,58.983534090723126,24.0,298,2801.625,True,,3.8274360820009603,3.7548412347844575,3.6403352465001677,3.502909197103662,3.6330267778107754,-0.000564165672175304,-2.010261541575198,0.0012281204725639032,27.424142114842358,5.105995539625933
B0006,163,596,2008-05-26T06:01:08.171,1.1745952836753915,2.0,58.729764183769575,24.0,298,2802.031,True,,3.8259605394895395,3.753092808585254,3.637333115752684,3.4993069686874105,3.6302939372704945,-0.0005676051664370772,-2.010026859802521,0.0009635019836168016,27.337832032218074,5.109764529231203
B0006,164,600,2008-05-26T10:44:38.468,1.15381833159625,2.0,57.6909165798125,24.0,297,2793.39,True,,3.8152335614408472,3.742683663324765,3.6247831030858766,3.489874989944333,3.6195364246967374,-0.00056543881017285,-2.0103492047492098,0.001009078471106197,27.325679240100797,5.117492737575631
B0006,165,604,2008-05-26T15:30:43.968,1.1644009557372264,2.0,58.220047786861315,24.0,297,2793.39,True,,3.8247288285171415,3.7510291372882416,3.633112989513095,3.4945555849210432,3.6266065516907493,-0.0005736075349066553,-2.0102987943271664,0.001120737956957971,27.424759355084518,5.150753599237763
B0006,166,608,2008-05-26T20:21:04.921,1.1587974947916069,2.0,57.93987473958035,24.0,297,2792.485,True,,3.8252539745470315,3.750932003937086,3.632283259577562,3.492956572514849,3.6255901489862605,-0.0005773938371290787,-2.0105039316129054,0.0012202571072698714,27.452927215916294,5.163062088240643
B0006,167,612,2008-05-27T15:52:41.359,1.1749748834769171,2.0,58.74874417384586,24.0,298,2802.016,True,,3.8173948227920267,3.748368528462176,3.6332357319570905,3.5032019946667305,3.6285634681153702,-0.0005482142543974091,-2.0106471362707916,0.0011663294925001533,28.023687271249194,4.691141389952673
B0006,168,614,2008-05-27T20:45:42.125,1.1856752327929356,2.0,59.283761639646784,24.0,300,2820.39,True,,3.847193716968387,3.776677316500791,3.6594864920056587,3.5207750725670537,3.652156964408569,-0.0005721579907187129,-2.0116621840889537,0.0014411231919854864,28.353761555618522,4.72433347307329
B0007,1,2,2008-04-02T15:25:41.593,1.89105229539079,2.0,94.5526147695395,24.0,197,3690.234,True,,3.957556336610814,3.9145190798539313,3.844038141063736,3.7652840881962657,3.8424706497907306,-0.00032403886005145997,-1.989978787628454,0.0009825496878786539,26.85447574570242,4.869365730440087
B0007,2,4,2008-04-02T19:43:48.406,1.880637027686859,2.0,94.03185138434294,24.0,196,3672.344,True,,3.962702296042068,3.920002445709806,3.8488332082743244,3.768416294670138,3.8469392434141634,-0.00032927088999147217,-1.990172189793434,0.0008852309753877846,27.12365105999821,4.746060465795541
B0007,3,6,2008-04-03T00:01:06.687,1.8806626717011388,2.0,94.03313358505694,24.0,195,3651.641,True,,3.9651601158556287,3.9226737762019765,3.851204290236467,3.7695399189218857,3.8492166338685556,-0.0003313726876092655,-1.9898274241325504,0.0010763595901638642,27.13686622484845,4.686232185171431
B0007,4,8,2008-04-03T04:16:37.375,1.8807709009833444,2.0,94.03854504916723,24.0,194,3631.563,True,,3.966176671655131,3.923878898068694,3.8520034645008256,3.769996131428238,3.849983598350932,-0.0003334556478835934,-1.990077929093706,0.0008484341845867246,27.03734481234968,4.685292597364672
B0007,5,10,2008-04-03T08:33:25.703,1.8794508728285058,2.0,93.97254364142529,24.0,194,3629.172,True,,3.9669670714072947,3.924544691182939,3.8523215215088173,3.769589212619156,3.850170292023203,-0.00033550593074628017,-1.990175025883997,0.0010334305435418048,26.94441656233411,4.679938302844505
B0007,6,12,2008-04-03T12:55:10.687,1.8807003517117404,2.0,94.03501758558703,24.0,195,3652.281,True,,3.9676030441240546,3.9252468207364215,3.8531187314976054,3.7700752953548338,3.8508877845581284,-0.000335896122033893,-1.9901709432757049,0.0010491815925945415,26.941778719772376,4.696699514089463
B0007,7,14,2008-04-03T17:17:16.015,1.8799352523566075,2.0,93.99676261783037,24.0,195,3650.828,True,,3.9687544405691546,3.926813111414359,3.8550831736824582,3.771977942717231,3.852642616618044,-0.0003352960241809824,-1.989925571226508,0.001140986762426165,27.029842453295053,4.67657056318642
B0007,8,16,2008-04-03T21:28:14.718,1.8815088124038797,2.0,94.07544062019399,24.0,191,3572.453,True,,3.9709639399632715,3.929152221810081,3.8571257166293056,3.773788662147015,3.8548521520403316,-0.0003362280955003028,-1.9894454231394563,0.001309494966991447,27.07337197480706,4.627644723710688
B0007,9,18,2008-04-04T01:38:15.218,1.8696907870385844,2.0,93.48453935192921,24.0,190,3550.594,True,,3.9710532929742,3.9293018204190955,3.8574146196221446,3.7735723527766134,3.8548147628932954,-0.0003369011193119069,-1.9897962520243448,0.0013585667686850209,27.01769823880757,4.615659242576161
B0007,10,20,2008-04-04T05:48:08.609,1.870052380139199,2.0,93.50261900695995,24.0,190,3551.25,True,,3.971193809320748,3.92957357051884,3.8573770333227086,3.7734468020704774,3.8548958503103057,-0.00033753565553198197,-1.9896843191751323,0.0011571480566051312,26.945358834315034,4.623676794292756
B0007,11,22,2008-04-04T09:57:19.765,1.8700442394188577,2.0,93.50221197094288,24.0,189,3530.25,True,,3.97130921656361,3.929365429944519,3.8570478901906413,3.7729545067141914,3.854574617562356,-0.0003382429240086471,-1.990362772986345,0.0009688918725800059,26.824176196573443,4.6250972259593475
B0007,12,25,2008-04-04T17:56:27.609,1.8596518987766364,2.0,92.98259493883182,24.0,187,3491.016,True,,3.9723220631252882,3.9304831906763056,3.8584672592772735,3.7741598234283837,3.8558503581209,-0.00033828712820529897,-1.9903967341896578,0.0011231885827890325,27.094507882410397,4.628373016040239
B0007,13,27,2008-04-04T22:01:54.671,1.8590746560862206,2.0,92.95373280431103,24.0,186,3470.281,True,,3.9729906319507764,3.931375102529622,3.8593225974627727,3.774836273484141,3.8567201645413376,-0.0003381556535891525,-1.9897480921438826,0.0009963163465119766,27.085721531293935,4.592821924110613
B0007,14,29,2008-04-05T02:20:26.703,1.8590084577709232,2.0,92.95042288854616,24.0,186,3470.0,True,,3.9715928011361896,3.9297944283291457,3.8577390538688916,3.7734549153953476,3.855261626564852,-0.0003380336055328491,-1.9892290850300947,0.0007495453750317558,26.899200783815857,4.617849166430894
B0007,15,31,2008-04-05T06:25:01.890,1.8593622586957048,2.0,92.96811293478524,24.0,185,3450.297,True,,3.9722736781909025,3.930705918823041,3.857953346775192,3.7732511446731385,3.855531688857568,-0.0003399130106986956,-1.9900266362214833,0.0011831937591289523,26.82541953584116,4.606710245061784
B0007,16,33,2008-04-05T10:30:32.312,1.8587355450601035,2.0,92.93677725300518,24.0,184,3429.407,True,,3.9725165985958992,3.9304166108266076,3.857989050856686,3.7726127176655737,3.855346186182289,-0.00034035304303306805,-1.9897125681776107,0.001534809380522187,26.71068978225594,4.634914525390595
B0007,17,35,2008-04-05T14:34:41.468,1.847817291322145,2.0,92.39086456610724,24.0,183,3409.484,True,,3.9722564744462443,3.9302982395523767,3.8575880513968914,3.7723802187481192,3.855089250102628,-0.00034072347437653943,-1.989841052074225,0.0010962567005485485,26.69471124604009,4.6532736779366815
B0007,18,37,2008-04-05T18:39:25.218,1.8485252916137047,2.0,92.42626458068524,24.0,182,3390.422,True,,3.9720660008159876,3.930247417230022,3.857460882447019,3.7721770570380526,3.8548759123826017,-0.00034103562573473513,-1.9897857638056882,0.001263088988992777,26.73210265984154,4.636238969420486
B0007,19,39,2008-04-05T22:46:35.484,1.848378951850034,2.0,92.4189475925017,24.0,182,3390.281,True,,3.972030411810662,3.930102688893621,3.857478072935287,3.772131923134866,3.85480034025132,-0.0003410048554903355,-1.9906652014029613,0.001113839920483438,26.74554582437715,4.639126210826419
B0007,20,42,2008-04-18T21:10:19.796,1.8807805437609766,2.0,94.03902718804883,24.0,192,3591.734,True,,3.9714392895805095,3.930524578371071,3.86001834741667,3.77658784817976,3.857516684383912,-0.00033114930631172944,-1.9890381584010688,0.0012620281714148644,27.067319202015213,4.5464200090118645
B0007,21,46,2008-04-19T02:29:09.000,1.8814721597443598,2.0,94.07360798721798,24.0,190,3552.297,True,,3.973473215938586,3.932910366339664,3.8625998604218625,3.7791287297354277,3.859851857819484,-0.00033130414348823983,-1.989651504788848,0.0006888088182899994,27.357374615802737,4.55890665777202
B0007,22,50,2008-04-19T07:47:15.703,1.8810954313244785,2.0,94.05477156622393,24.0,189,3531.578,True,,3.9723757893566383,3.9316004358633383,3.86063762630429,3.7815965699485883,3.8581458822535923,-0.00033212651180017854,-1.9890215844742458,0.0011110224994217422,27.028748367636876,4.454954678258819
B0007,23,54,2008-04-19T13:01:42.562,1.8710089649779995,2.0,93.55044824889998,24.0,187,3492.907,True,,3.9716022910980797,3.9304453785620637,3.8591503829878415,3.7750917932144805,3.856582685680523,-0.00033463572687675595,-1.9893508744514228,0.0010728897925365382,26.672356554507722,4.572436219826514
B0007,24,58,2008-04-19T18:27:29.828,1.8701995151941375,2.0,93.50997575970688,24.0,188,3511.594,True,,3.970663754819625,3.929331106657104,3.8579537339394183,3.77375271237099,3.855441851154042,-0.00033495629303253007,-1.9892148081402614,0.00089686917511653,26.53383895487756,4.599927965578345
B0007,25,62,2008-04-19T23:41:55.687,1.8706715362800985,2.0,93.53357681400493,24.0,184,3431.9370000000054,True,,3.9712179060680013,3.9296829415863375,3.857886101155086,3.7732655475186907,3.8553721712767377,-0.00033646790801661374,-1.9892248004877664,0.0011044300256358869,26.475816568017663,4.592697135473568
B0007,26,66,2008-04-20T04:54:41.734,1.8596124644020169,2.0,92.98062322010084,24.0,184,3431.125,True,,3.9705308534832726,3.928789548902112,3.857151743912991,3.772693961792067,3.854594425441963,-0.000336973201604776,-1.9897010362065484,0.001286397191660441,26.388252889011138,4.602616041235919
B0007,27,70,2008-04-20T10:16:28.859,1.860033909718346,2.0,93.0016954859173,24.0,183,3412.406,True,,3.9701882087121474,3.928393677369648,3.8565100619827226,3.7717964347051267,3.853976001800565,-0.00033730347060226056,-1.9895550765330086,0.0010682718580090028,26.28751295004336,4.621366645129605
B0007,28,74,2008-04-20T15:37:05.281,1.8591653109160768,2.0,92.95826554580384,24.0,183,3410.688,True,,3.9698836729317732,3.9282119585750475,3.8563976099597994,3.771201983854164,3.8537614068345523,-0.00033741645661807847,-1.9893006843324805,0.0013189020727254943,26.23339537583102,4.629152501022922
B0007,29,78,2008-04-20T20:50:38.921,1.8481398178778288,2.0,92.40699089389143,24.0,183,3410.718,True,,3.9704731646095706,3.928748393683175,3.8566688964640408,3.771332451367682,3.854144673409906,-0.0003384697271145906,-1.9894086077036643,0.001303690060051997,26.268456384095554,4.657637909023411
B0007,30,82,2008-04-21T02:15:02.921,1.849201702126164,2.0,92.4600851063082,24.0,182,3392.719,True,,3.969441478145918,3.9276517415353385,3.855704109133134,3.770260757473269,3.8530089112579815,-0.00033854275322199183,-1.9891703269499497,0.001170044961771246,26.289102774833047,4.631570673699876
B0007,31,86,2008-04-22T15:33:49.875,1.8834677437950846,2.0,94.17338718975424,24.0,371,3470.672,True,,3.9704662490359404,3.932124898950181,3.863479491586238,3.782791727944141,3.860767752603998,-0.00032358333129788535,-1.9899078484183481,0.0011019186851563578,26.44481867111749,4.750616356308594
B0007,32,90,2008-04-22T20:26:18.921,1.8628211117905844,2.0,93.14105558952922,24.0,365,3414.109,True,,3.9708418210835372,3.9326380189334853,3.8631406112757922,3.7800193041660326,3.8600933343392234,-0.00033028551840487885,-1.989806395196381,0.0010115828796582046,26.83221883225204,4.6728208193396235
B0007,33,94,2008-04-23T01:18:11.796,1.852085039652352,2.0,92.6042519826176,24.0,363,3395.219,True,,3.9696873232141376,3.9312273280268784,3.8611611949992186,3.7772540319359247,3.858127285149973,-0.0003328971521811965,-1.9895055690718184,0.0011316762144860729,26.599657444142167,4.693097634098873
B0007,34,98,2008-04-23T06:18:19.921,1.8469504648208708,2.0,92.34752324104353,24.0,362,3386.0,True,,3.967940913607009,3.9290327725013796,3.8583666151770664,3.7739436921839093,3.8554140919914133,-0.0003349584320745493,-1.9893206464416648,0.0013504859287245695,26.18120279579519,4.700919613612577
B0007,35,102,2008-04-23T11:08:00.312,1.836828431169018,2.0,91.8414215584509,24.0,360,3368.187,True,,3.967757331681564,3.9287500868359664,3.8579414202375477,3.7728649682557722,3.8548682280440643,-0.00033649051342469924,-1.9893621480611285,0.0011774531547840525,26.187422945285682,4.75927390443886
B0007,36,106,2008-04-23T16:06:25.171,1.8371619619672275,2.0,91.85809809836137,24.0,360,3368.266,True,,3.9689080708300253,3.930208565558339,3.8594789137231094,3.774636259644177,3.856463104192812,-0.00033560337395351493,-1.9894245021661954,0.001097230302810763,26.623969507255364,4.753461063776328
B0007,37,110,2008-04-23T21:02:58.296,1.8316722583718854,2.0,91.58361291859427,24.0,359,3358.719,True,,3.9680017762073443,3.929016304325021,3.85770657720576,3.772539440014249,3.8546845643741583,-0.000337854859069852,-1.9893430108400185,0.001462130782276895,26.387205720930126,4.721672568888625
B0007,38,114,2008-04-24T01:51:33.890,1.8211470951317783,2.0,91.05735475658892,24.0,357,3339.5,True,,3.9672493727076397,3.9276990043107443,3.856373606042696,3.770483146415216,3.8531235154604335,-0.000339546244473258,-1.989169314785622,0.0008996802490309477,26.185246883892617,4.80931680978204
B0007,39,118,2008-04-24T06:50:00.031,1.816506091511515,2.0,90.82530457557574,24.0,356,3331.265,True,,3.9659743323136563,3.9261235132930756,3.8543678415408773,3.7682208368540886,3.851312542860235,-0.0003406835950249601,-1.9891987907273576,0.0009664516752142427,25.968904646370603,4.820838691968159
B0007,40,122,2008-04-24T11:49:24.281,1.8113815601504555,2.0,90.56907800752278,24.0,355,3321.188,True,,3.966379669947644,3.9264954183320997,3.8551146681381003,3.7683447366081344,3.8516682442994004,-0.00034084457806090327,-1.9900239547205973,0.0011532638308701625,26.159653019078632,4.842200974648943
B0007,41,126,2008-04-24T16:45:56.015,1.8116056333939583,2.0,90.58028166969791,24.0,355,3321.844,True,,3.968229531784901,3.928720407724706,3.8572828636979306,3.7708477808189107,3.8540389821210024,-0.0003403835711657271,-1.9895686813192222,0.000950310770192477,26.70396534741045,4.805984464365359
B0007,42,130,2008-04-24T21:38:11.078,1.8060548955557403,2.0,90.30274477778701,24.0,354,3311.828,True,,3.9684167513856234,3.929087999528416,3.857550947380782,3.771017001619473,3.8543138666203984,-0.0003409356945238972,-1.9895186253040074,0.00115469034867942,26.934283921265887,4.7940801999351415
B0007,43,134,2008-04-25T12:03:44.093,1.8132041826994056,2.0,90.66020913497029,24.0,179,3327.391,True,,3.9687115595115245,3.926927558696457,3.85500614493721,3.7667435342302418,3.852211985037153,-0.00034034906753566526,-1.9895738341970586,0.0013475630584373881,26.609010962909814,4.925694429804274
B0007,44,136,2008-04-25T20:03:55.921,1.8062641938283535,2.0,90.31320969141767,24.0,354,3312.078,True,,3.9683477721302904,3.9286110643906165,3.856635366674987,3.76885485491863,3.8533556886989295,-0.00034340751802642525,-1.989340872485392,0.0011974868578258301,26.45526931818211,4.74754230180492
B0007,45,140,2008-04-26T01:04:35.718,1.7958310249900458,2.0,89.79155124950229,24.0,352,3293.172,True,,3.964487076600977,3.9242667773574333,3.852249154934985,3.764220418730205,3.8488700954197204,-0.00034442607042296797,-1.9892940762528089,0.0011340605770109328,26.060726144046477,4.812974358276858
B0007,46,144,2008-04-26T05:57:35.140,1.7858852600390451,2.0,89.29426300195226,24.0,350,3275.328,True,,3.964417903576779,3.923876844004487,3.8514905709312903,3.763011186893695,3.848046860167304,-0.000346285673946874,-1.9891494261731297,0.001260675310453729,25.986592885661878,4.864451448486424
B0007,47,148,2008-04-26T10:58:25.843,1.7803268604502753,2.0,89.01634302251377,24.0,349,3265.016,True,,3.9633118113227543,3.9227690590626976,3.8502715307316504,3.7610893399175773,3.8466656559600763,-0.00034714473620559965,-1.9891172371086887,0.0011428520231512736,25.980463386400892,4.886355219764344
B0007,48,150,2008-04-29T12:15:56.953,1.8150756899575577,2.0,90.75378449787789,24.0,356,3328.937,True,,3.9658993931662483,3.929932470654264,3.862256232559157,3.7769437124262484,3.858752301577387,-0.0003257858331743656,-1.9890316407816717,0.001469044029222813,29.334523934998145,4.768431344329848
B0007,49,154,2008-04-29T17:05:27.781,1.8157025154845838,2.0,90.78512577422919,24.0,356,3329.266,True,,3.9744459784335016,3.9368804600686387,3.8669901274743377,3.780606745623181,3.8636054305144336,-0.0003344461806394947,-1.9893185136536466,0.0011706045544957904,28.287240841295286,4.824335419647188
B0007,50,158,2008-04-29T22:00:04.750,1.8002432178056673,2.0,90.01216089028337,24.0,353,3301.579,True,,3.970737286741751,3.932153707547288,3.8613068604565948,3.773906771016692,3.8579610368768122,-0.0003384009071452286,-1.9893745149014692,0.0008631880224764087,27.49955652669776,4.911954469087753
B0007,51,162,2008-04-30T02:43:55.312,1.7904476205609308,2.0,89.52238102804654,24.0,351,3283.563,True,,3.9691596776452998,3.9299766505361857,3.8584019611906655,3.7699045160703926,3.8549649549772296,-0.0003423660953823242,-1.989634542383871,0.0012071024318531316,27.072947337733538,4.968275888168332
B0007,52,166,2008-04-30T07:41:42.578,1.780343032300132,2.0,89.0171516150066,24.0,350,3275.125,True,,3.9668574820204694,3.927250066521886,3.855107184355196,3.7662115086714167,3.851892854582581,-0.00034426458932091146,-1.9892019192854173,0.00129383660574371,26.765145131788046,5.015272569046676
B0007,53,170,2008-04-30T12:28:49.265,1.775328769596812,2.0,88.7664384798406,24.0,349,3265.656,True,,3.9668440940600367,3.9267978545861952,3.8546107946227175,3.7652226059052265,3.8511601926798944,-0.00034606819471922094,-1.9893874678130263,0.0011286432206387242,26.7904394772191,4.998777005570769
B0007,54,174,2008-04-30T17:20:16.140,1.7702629734732853,2.0,88.51314867366426,24.0,349,3266.093,True,,3.967108054726881,3.9271383773168216,3.8549035789326958,3.7650573107984924,3.851431986436294,-0.0003465906851613197,-1.9895672762976389,0.0010599493433039158,27.11458753309122,5.008566857465365
B0007,55,178,2008-04-30T22:14:54.062,1.760081061854204,2.0,88.0040530927102,24.0,348,3257.594,True,,3.965527947283264,3.9254901853850797,3.8531678817371025,3.762238986057496,3.849212361862765,-0.00034869164605238356,-1.9895627085469814,0.0010937589008103044,26.922129049666314,4.987318417097708
B0007,56,182,2008-05-01T03:15:33.140,1.749647593537689,2.0,87.48237967688445,24.0,347,3248.593,True,,3.963574981702459,3.9229605851611553,3.8501900663316393,3.759233592810039,3.846527645909495,-0.00035028769876083073,-1.9896371060751863,0.0012064483203164855,26.805669508510245,5.031092645376443
B0007,57,186,2008-05-01T08:16:03.343,1.749650075059311,2.0,87.48250375296554,24.0,346,3238.766,True,,3.963629568292945,3.9226833567324486,3.849582032363291,3.7551537240803836,3.845760546578734,-0.00035249926976249765,-1.9895852275789472,0.001351713693842915,26.664596516771624,5.062416622122136
B0007,58,190,2008-05-01T13:14:24.875,1.745028739214683,2.0,87.25143696073415,24.0,346,3240.14,True,,3.963459363341048,3.9225815415212737,3.849460688268661,3.757557525349497,3.845508656396238,-0.00035276675841081426,-1.9894756773657014,0.0011140255810686752,26.801695697895074,5.043314870986531
B0007,59,194,2008-05-01T18:11:10.984,1.7396457455286727,2.0,86.98228727643364,24.0,345,3230.109,True,,3.9647012336582814,3.924060034133714,3.8509097793429916,3.7588239772052083,3.846892230298877,-0.0003532019201633134,-1.9895214558738006,0.0010851145231992676,27.277749564940304,5.016947393030122
B0007,60,198,2008-05-01T23:10:15.265,1.7285642277717963,2.0,86.42821138858982,24.0,345,3229.7810000000027,True,,3.9630425528021846,3.92220147735456,3.848721526204059,3.7561117169546314,3.8447480721815896,-0.0003548892740281774,-1.9899120528746368,0.001096728483959936,27.10194006620272,4.995096718590528
B0007,61,202,2008-05-02T03:53:34.765,1.723900324588418,2.0,86.1950162294209,24.0,343,3212.469,True,,3.963188166905897,3.9215541482936467,3.8474895784063414,3.7545234644154974,3.843625172085837,-0.00035729412106529676,-1.9892421937402451,0.0009932252900602075,26.960756107513713,5.03369290260191
B0007,62,206,2008-05-02T08:44:40.859,1.7139788776485192,2.0,85.69894388242597,24.0,343,3213.219,True,,3.961213923534007,3.9195505152303816,3.8456637028939733,3.751798755713226,3.8412638579112954,-0.0003589737216809214,-1.9895164774811767,0.0011591436905232962,26.775387223397935,5.036089113526831
B0007,63,210,2008-05-02T13:43:05.093,1.7139701997004613,2.0,85.69850998502307,24.0,342,3203.578,True,,3.961536276408002,3.9197210917253704,3.845517021333763,3.7520763522989498,3.8413910221114227,-0.000358933538197493,-1.9894703411846997,0.0012064096781456942,26.957762730084184,5.069152638914279
B0007,64,214,2008-05-02T19:07:48.359,1.7036521173638766,2.0,85.18260586819383,24.0,341,3195.125,True,,3.961355168180621,3.919832049116803,3.8458537124760137,3.7515179525748437,3.841456193420078,-0.00036008717477203385,-1.9891957476428308,0.00124416888102211,27.237739703440667,4.916314456425734
B0007,65,216,2008-05-02T23:24:17.687,1.7040137474382486,2.0,85.20068737191244,24.0,341,3195.3129999999946,True,,3.9628253776007036,3.9207497495883166,3.8458810868611906,3.7515864756996877,3.841799841968262,-0.00036234486089504016,-1.989207676477846,0.0012592596106137785,27.192754940206942,5.016954807115898
B0007,66,220,2008-05-03T04:13:08.609,1.6935716157343033,2.0,84.67858078671516,24.0,340,3186.297,True,,3.959886164281284,3.9174837496572907,3.8429087313067853,3.74759422128621,3.8383876269043786,-0.00036338497561513356,-1.9895376353797203,0.0011300749637720116,27.02596584369078,5.0646339788774135
B0007,67,224,2008-05-03T09:10:19.812,1.6876577363877656,2.0,84.38288681938828,24.0,339,3176.438,True,,3.9585900998878762,3.915879017978705,3.841168475096347,3.746002966500916,3.8365753427201956,-0.0003643627364825131,-1.9889619122246227,0.0013506675918374595,26.883072991443324,5.078488571577015
B0007,68,228,2008-05-03T14:04:34.187,1.6830744356583152,2.0,84.15372178291575,24.0,338,3167.593,True,,3.9585125430079655,3.9154608387782552,3.8402432352688542,3.7450597203082654,3.8360489080872218,-0.0003655093126878394,-1.9895810786612147,0.001053513715024661,26.880368872314044,5.078518134584666
B0007,69,232,2008-05-03T18:58:13.468,1.6779270142025482,2.0,83.89635071012741,24.0,338,3167.719,True,,3.958274867141217,3.915249713963032,3.8401157460173927,3.744244263382187,3.835532108843916,-0.00036650904318615425,-1.989628525488108,0.0010776738509013482,26.950248904270822,5.0988699956839945
B0007,70,236,2008-05-03T23:42:30.093,1.6732060275966172,2.0,83.66030137983086,24.0,337,3159.077999999994,True,,3.958218717298519,3.9152292996323,3.8399017801183173,3.743650341946791,3.835192767275108,-0.00036770781704477065,-1.9897957715435208,0.001286964328651702,26.980536700976398,5.086833686224701
B0007,71,240,2008-05-04T04:41:40.000,1.6674367208253988,2.0,83.37183604126994,24.0,336,3148.829,True,,3.956828165747723,3.9134267480714655,3.8382717705513,3.741791251461131,3.833467568253242,-0.0003682746973167027,-1.9894179094056332,0.0012947579037977015,26.95002627465048,5.0995763867017025
B0007,72,244,2008-05-04T09:40:11.906,1.6622662630667526,2.0,83.11331315333763,24.0,336,3149.094,True,,3.9564525913856463,3.9129295917637665,3.837307483472515,3.740655041050922,3.8325976096502337,-0.00036949765872181065,-1.989336901192547,0.0010947066169074433,26.931519901365355,5.090709708055879
B0007,73,248,2008-05-04T14:38:13.359,1.6574243065763063,2.0,82.87121532881531,24.0,335,3140.547,True,,3.955615676030316,3.9119453734665455,3.836279771969794,3.7390053662891725,3.8313977644596378,-0.0003704652281814069,-1.9893956004454023,0.0013777312260628912,26.93250744527147,5.11976194071401
B0007,74,252,2008-05-04T19:37:07.890,1.652538684928734,2.0,82.6269342464367,24.0,334,3131.625,True,,3.9548295617964575,3.9108247411730996,3.8352664474198743,3.7376508462263445,3.830285832472353,-0.0003716410838884571,-1.9896992022907367,0.0010643484689000205,26.92405742398391,5.112060470490061
B0007,75,256,2008-05-05T00:35:53.968,1.6472174627573322,2.0,82.3608731378666,24.0,333,3121.907,True,,3.9546347550573677,3.9103569383636665,3.834285152487371,3.7365759363533777,3.829448551912948,-0.0003727642229366523,-1.989685961664795,0.0013610202367739786,26.880812272237552,5.105932350966302
B0007,76,260,2008-05-05T05:28:13.937,1.6364136810898071,2.0,81.82068405449036,24.0,333,3122.125,True,,3.9538197232385803,3.9094078238935395,3.8331960737650252,3.734937059193771,3.828114951118279,-0.0003743586198759416,-1.9893713874191716,0.001110932074461165,26.837016607438155,5.120202460478115
B0007,77,264,2008-05-05T11:41:31.500,1.6362554312048496,2.0,81.81277156024248,24.0,333,3121.672,True,,3.954977869483198,3.9103008026046986,3.833602167645642,3.7357247452362388,3.828890549202193,-0.00037454693847730337,-1.9892121347331302,0.0009891088054192366,26.79445033745509,5.055203910129418
B0007,78,266,2008-05-05T20:40:08.562,1.641119179218384,2.0,82.0559589609192,24.0,333,3120.86,True,,3.9568357658308124,3.912773865158517,3.8364204490131453,3.7386628560308983,3.8317120816122268,-0.0003732709104667322,-1.9896177576031921,0.0012723250832289443,27.330834966840325,5.126875131260636
B0007,79,270,2008-05-06T01:38:46.265,1.6315700789656966,2.0,81.57850394828483,24.0,331,3103.828,True,,3.9518938477681007,3.9071335745800306,3.8306206527865814,3.7321951200644246,3.8255638535475742,-0.0003759152188321986,-1.9895145904571496,0.001645456403731416,26.754953690407064,5.117820736658185
B0007,80,274,2008-05-06T06:37:06.296,1.621213282987236,2.0,81.0606641493618,24.0,330,3095.094,True,,3.9494805404905193,3.904157403272578,3.8274137435645352,3.728741394316281,3.8223236000001024,-0.0003773489871971003,-1.988842584492191,0.0012534450735522044,26.417234374100158,5.20054561187494
B0007,81,278,2008-05-06T11:25:21.031,1.6164273214762122,2.0,80.82136607381061,24.0,330,3095.781,True,,3.949872556927309,3.904304086835434,3.827449570382768,3.7282304404268896,3.822216134645661,-0.00037874776791670724,-1.9892759717356554,0.0011540321883826566,26.506438159457282,5.183105530002695
B0007,82,282,2008-05-06T16:23:36.296,1.615823510161921,2.0,80.79117550809605,24.0,330,3094.328,True,,3.950487845498401,3.90539624837559,3.8288480587589167,3.729618121307205,3.823440093798167,-0.00037814297969098896,-1.9893666882356393,0.0013839648700925116,26.962804094287186,5.166930031695493
B0007,83,286,2008-05-06T21:21:49.265,1.61672418029789,2.0,80.83620901489451,24.0,329,3086.531,True,,3.9514447419767,3.9064220121986577,3.8298631395365814,3.7302812179515112,3.8245187065983473,-0.0003785135650956828,-1.9898116462038538,0.001342310710054713,27.270811556755767,5.1192147332937985
B0007,84,290,2008-05-07T02:17:25.156,1.6108655863730026,2.0,80.54327931865014,24.0,329,3085.625,True,,3.9505994513234044,3.9053487348805804,3.828440129149632,3.7289460695257133,3.8231685694923168,-0.000379629833834207,-1.9895955552154843,0.001143265565603977,27.178075124421277,5.128270829917035
B0007,85,294,2008-05-07T07:04:02.109,1.6006603374309376,2.0,80.03301687154688,24.0,327,3067.203,True,,3.94957558165769,3.903877025773154,3.8266871099137796,3.726557425611489,3.8212703979685982,-0.0003820443035330995,-1.989263613748233,0.0013924058729234898,26.955970526347073,5.130719047737813
B0007,86,298,2008-05-07T12:01:49.906,1.5959174487005663,2.0,79.79587243502831,24.0,326,3058.157,True,,3.9469792799108236,3.9008545513682527,3.8233462458384726,3.7227904510562375,3.8178658724124728,-0.0003834043128294075,-1.9896299645932127,0.0014108184698915362,26.658627038994872,5.170578811266189
B0007,87,302,2008-05-07T16:59:29.937,1.5962179519462243,2.0,79.81089759731121,24.0,326,3058.812,True,,3.9473453994607643,3.9011900901368137,3.824055527244649,3.723205643048074,3.818307281506486,-0.0003834540080097796,-1.9898783928894086,0.0011653615146753505,26.866434108262762,5.188539921583676
B0007,88,306,2008-05-07T21:56:09.656,1.5958065114633972,2.0,79.79032557316987,24.0,326,3058.578,True,,3.948637842515635,3.9028116728960702,3.825568969442767,3.725058967090028,3.8199915413715098,-0.00038301150102403817,-1.9894216164646177,0.0012611943500114187,27.23576390732782,5.151951202871619
B0007,89,310,2008-05-08T02:53:49.937,1.5906507821480704,2.0,79.53253910740352,24.0,325,3049.328,True,,3.9485116804571416,3.9023120170517442,3.825217935208524,3.7243090744901175,3.819512637225918,-0.00038365265310445865,-1.9894125600474633,0.0012043200292748445,27.29980777582753,5.165433237311355
B0007,90,313,2008-05-09T12:25:07.000,1.6888211161855506,2.0,84.44105580927753,24.0,339,3177.219,True,,3.9802127282104904,3.935490569977758,3.8582865569026477,3.7662878452900914,3.8553422569351032,-0.0003642774552152747,-1.9898890069338648,0.0011021431044709493,26.98311471434612,5.161366136489697
B0007,91,316,2008-05-09T20:28:09.734,1.6259938279733204,2.0,81.29969139866601,24.0,329,3082.937,True,,3.9560860099928767,3.912240406687537,3.836062963083292,3.736771298137786,3.831012169902045,-0.000374536408701775,-1.9899684524322225,0.0010893414310044931,27.642341377195713,5.160685053756637
B0007,92,320,2008-05-10T01:21:56.500,1.6157433862812898,2.0,80.78716931406449,24.0,328,3074.266,True,,3.9535517614993587,3.9094122325511935,3.8331380246017877,3.7333322138965532,3.8278349617786054,-0.0003768993191418318,-1.990066163239097,0.0010698196965661677,27.674800233174768,5.103987813263561
B0007,93,324,2008-05-10T06:18:12.000,1.6056626764846538,2.0,80.28313382423269,24.0,327,3066.0,True,,3.9515241062978164,3.9066174061268604,3.829977365792682,3.7295417255710217,3.824625648786504,-0.00037970807610630017,-1.9894688357147743,0.001217951195459615,27.452709863949107,5.129848012405702
B0007,94,328,2008-05-10T11:16:04.843,1.5949746921524348,2.0,79.74873460762174,24.0,326,3056.437,True,,3.949491942447052,3.9041397337764727,3.8272591284831736,3.726331118335255,3.8216062433142226,-0.00038189649832691413,-1.9897254870469108,0.0011759972915562562,27.250705587065994,5.14494310011559
B0007,95,332,2008-05-10T16:11:56.109,1.5904102438871945,2.0,79.52051219435972,24.0,325,3048.219,True,,3.9487463042877846,3.9031270505025097,3.8258749825016074,3.7244741254174274,3.8202954113098966,-0.0003837054712487367,-1.9899189682987324,0.0014835207215174503,27.136013934755493,5.143627203106746
B0007,96,336,2008-05-10T21:07:54.625,1.5853517062988178,2.0,79.26758531494089,24.0,324,3039.218,True,,3.948388977453316,3.9028266439145893,3.8253115682593823,3.723625495663007,3.8195677846593408,-0.00038484071775407363,-1.989808888781497,0.0011590169476569491,27.182801367081996,5.14275296080201
B0007,97,340,2008-05-11T02:05:21.796,1.5799737147242376,2.0,78.99868573621188,24.0,324,3039.047,True,,3.9474203867835134,3.9016836410531477,3.824140773075466,3.7221091433756466,3.818347287713129,-0.0003857619501910123,-1.9901187698747587,0.0011107012472034617,27.226044835040685,5.158960016413584
B0007,98,344,2008-05-11T06:55:27.734,1.5752185465278068,2.0,78.76092732639034,24.0,323,3030.375,True,,3.9477065215678495,3.9014843396718373,3.823598094098789,3.7213357590959584,3.8179322660664505,-0.00038717234862041457,-1.9900139540929402,0.0009575433667491834,27.257387504338258,5.182443843143663
B0007,99,348,2008-05-11T11:52:47.187,1.569798484648868,2.0,78.4899242324434,24.0,322,3021.0,True,,3.9464625680764795,3.9001530401939566,3.822337028499796,3.71959755128886,3.8163021831755883,-0.00038832390463411636,-1.9897114311802946,0.0010876777269078217,27.23572994460983,5.1541042211863655
B0007,100,352,2008-05-11T16:49:58.921,1.5702565375950357,2.0,78.51282687975178,24.0,322,3021.75,True,,3.9459715903000507,3.899746521584681,3.8218593760631667,3.719159990574059,3.815831926026249,-0.00038869255928706425,-1.9900042247488938,0.0010124009667178448,27.27397687840507,5.171428421627105
B0007,101,356,2008-05-11T21:47:12.843,1.565249873909438,2.0,78.2624936954719,24.0,321,3012.265,True,,3.945408720503479,3.898930834632261,3.8210076633164034,3.717880743834231,3.8148699898338307,-0.0003896837769590234,-1.9899503024221805,0.0012592051365549258,27.27774992004822,5.148816549469448
B0007,102,360,2008-05-12T02:36:58.921,1.559633933561147,2.0,77.98169667805736,24.0,320,3002.641,True,,3.9452970167480492,3.8984347252381166,3.820141997752187,3.7168829358547644,3.814211938276048,-0.00039102548991569377,-1.989648258923031,0.001098571889573623,27.26907413721372,5.177789032522963
B0007,103,364,2008-05-12T12:56:34.781,1.5649820533392105,2.0,78.24910266696052,24.0,321,3012.0,True,,3.9408683151314086,3.8948774445583685,3.818621152055703,3.7160581613135886,3.8122233461597754,-0.0003846946117230375,-1.9896564734194009,0.0012297459016770624,27.344204338566012,5.1323588530874105
B0007,104,367,2008-05-12T18:59:59.453,1.57497949984227,2.0,78.7489749921135,24.0,322,3020.11,True,,3.952517035515923,3.906950362526692,3.828594585903131,3.725709173083059,3.8229360211113304,-0.0003881446371114954,-1.9898470011062097,0.00100051401844419,28.01975823383197,5.1499903327353636
B0007,105,371,2008-05-12T23:53:17.609,1.5652811168780458,2.0,78.2640558439023,24.0,320,3002.172000000006,True,,3.9477000600681182,3.9016182283615564,3.823611001627854,3.72062532381362,3.817783240625582,-0.0003891439287486468,-1.9896952914479784,0.0010718555637137328,27.867247386174995,5.1588135198514635
B0007,106,375,2008-05-13T04:35:25.359,1.559755497470126,2.0,77.9877748735063,24.0,319,2992.703,True,,3.946489504087368,3.900297193150388,3.822048310592894,3.718198292663163,3.8158431560104957,-0.00039129515103101707,-1.9897598029586288,0.0012081124313804829,27.715403796013263,5.159950624959791
B0007,107,379,2008-05-13T09:24:04.718,1.549897685670499,2.0,77.49488428352494,24.0,316,2964.468,True,,3.9434391820094765,3.896083738940535,3.818136538537817,3.7109867648537276,3.811666213814255,-0.0003935147316312401,-1.9898513259584707,0.0010764786367893475,27.503064983291075,5.2214366834584
B0007,108,383,2008-05-13T14:20:24.937,1.5438771531345021,2.0,77.1938576567251,24.0,318,2983.375,True,,3.9433321346032804,3.896047662193153,3.817682534594532,3.7104147339696367,3.811364657956579,-0.00039393261008095607,-1.989640135145162,0.0011544094030910953,27.45203046882029,5.249090245910224
B0007,109,387,2008-05-13T19:04:20.531,1.5450187488690073,2.0,77.25093744345037,24.0,317,2975.297,True,,3.944886470643039,3.898033378603807,3.819350616363204,3.714837692196896,3.813046983135331,-0.0003942270984282139,-1.990338948896544,0.0014489452963509302,27.755455409498087,5.19697632365429
B0007,110,391,2008-05-13T23:59:26.015,1.5445940154102908,2.0,77.22970077051454,24.0,317,2974.9850000000006,True,,3.9446677152732406,3.897660400394774,3.819093371030345,3.7144524378909023,3.812809739804463,-0.00039468698456102656,-1.989825906247852,0.0011624639095288093,27.905870137566883,5.1602925209171
B0007,111,395,2008-05-14T04:55:57.453,1.5343086721758876,2.0,76.71543360879438,24.0,316,2966.25,True,,3.942755635391582,3.8952267609076583,3.816604654661173,3.7114964045045697,3.8101409674813076,-0.0003962031099574801,-1.989372426969156,0.0022997906140034994,27.656158942563184,5.160285710141725
B0007,112,399,2008-05-14T09:52:22.062,1.5287603942958483,2.0,76.43801971479242,24.0,315,2956.359,True,,3.940945080939917,3.893178033749343,3.8144655596186596,3.7090521308188475,3.807891417797652,-0.00039719912076878667,-1.989755520470998,0.0012511291182125495,27.47988791558677,5.203809420839789
B0007,113,403,2008-05-14T14:35:22.515,1.5289260249179843,2.0,76.44630124589922,24.0,315,2956.344,True,,3.942519502699253,3.8949298896624356,3.815899595877223,3.70741918164648,3.80930527236264,-0.00039856707928531823,-1.990147770594519,0.001106022096433854,27.723962811151125,5.213140570194561
B0007,114,407,2008-05-14T19:31:39.390,1.529091650133123,2.0,76.45458250665615,24.0,315,2956.406,True,,3.9422763689148477,3.8948619516211043,3.815884446596546,3.710354053372938,3.80941149380837,-0.00039784367703659903,-1.9900957398070755,0.0014567391370086781,28.000086587431582,5.175121929219138
B0007,115,411,2008-05-15T00:27:55.625,1.5239059324661248,2.0,76.19529662330623,24.0,314,2947.266,True,,3.941205352057803,3.8933932708352463,3.8146225527870725,3.7086199690306882,3.8078229163494313,-0.00039878523259437103,-1.9890123831003164,0.0025889240444140907,27.88243419248317,5.189844145114336
B0007,116,415,2008-05-15T05:24:04.890,1.5186675419100615,2.0,75.93337709550308,24.0,313,2937.984,True,,3.9398549909577416,3.891810374155646,3.8126132409404563,3.7066067456020826,3.8059356067153476,-0.000400098682530018,-1.9900951130129891,0.0011370031257605985,27.673373437880354,5.197341268836503
B0007,117,419,2008-05-15T10:20:03.875,1.5136482266426952,2.0,75.68241133213476,24.0,312,2929.125,True,,3.9381765273353966,3.889943756651318,3.810300610945433,3.703742757169078,3.803543818464925,-0.00040150067224030157,-1.9897874218259932,0.0017755086677086925,27.466373296212225,5.209344052583752
B0007,118,423,2008-05-15T15:10:59.437,1.5136050185229033,2.0,75.68025092614516,24.0,312,2928.454,True,,3.9394664160357737,3.8910106628928864,3.8116205811512653,3.7051333061988196,3.8047912238683357,-0.00040164459021840274,-1.989774356816011,0.001261714555005523,27.710630285468877,5.201235742619954
B0007,119,427,2008-05-15T19:56:47.390,1.5139470614867965,2.0,75.69735307433983,24.0,312,2929.375,True,,3.9409702782654943,3.892896453700503,3.813487766347974,3.7067745317807255,3.8066831822438436,-0.000401768272977469,-1.9895836941446494,0.001253243409705032,28.085298216892834,5.199446713325628
B0007,120,431,2008-05-16T16:54:59.812,1.5339599193158786,2.0,76.69799596579394,24.0,314,2946.031,True,,3.935225482995943,3.888990424741011,3.8128475103648425,3.7082048471541653,3.8056840177372835,-0.0003897043063363861,-1.9897126753532868,0.0011053017555582223,28.10739777701598,4.903511987286755
B0007,121,433,2008-05-16T21:37:39.671,1.5391372798653098,2.0,76.95686399326549,24.0,315,2955.438,True,,3.94721938927081,3.9001224937462933,3.8206933285335594,3.7160433953039753,3.814933020560017,-0.0003964509614472971,-1.9901926076295062,0.0034922703456603905,28.168924266607956,5.064864442965618
B0007,122,437,2008-05-17T02:32:13.968,1.5236247972838737,2.0,76.18123986419369,24.0,313,2937.625,True,,3.941147386571098,3.8935869171546886,3.81475273744502,3.7083993872808136,3.8080422853580056,-0.0003986816889811357,-1.9890654117771291,0.001046938004554234,27.82759680964265,5.0460474595957905
B0007,123,441,2008-05-17T07:25:19.906,1.5135813035589147,2.0,75.67906517794573,24.0,312,2929.078,True,,3.9387586552231175,3.890368136551043,3.8109875956953245,3.704704741419185,3.804415535446039,-0.00040089167343311635,-1.9894199955588876,0.001001900215463116,27.482610685924556,5.087216072431598
B0007,124,445,2008-05-17T12:21:15.890,1.5077850749847914,2.0,75.38925374923957,24.0,311,2918.375,True,,3.9375941873237954,3.8889245890639534,3.8093160837204185,3.702486462887214,3.802592845793916,-0.0004024371897036565,-1.9895460327119554,0.0013746079277927353,27.372471741253772,5.1070958957892785
B0007,125,449,2008-05-17T17:15:37.281,1.5031960676037333,2.0,75.15980338018666,24.0,311,2919.812,True,,3.936851900851799,3.8878949531435265,3.808426184638713,3.7009840643144227,3.8014737117838586,-0.0004036613551701476,-1.9893869201902614,0.0009872329789090439,27.359860562231745,5.099485179898341
B0007,126,453,2008-05-17T22:10:51.218,1.4978220596995881,2.0,74.89110298497941,24.0,309,2900.422,True,,3.936043989942483,3.8870311962600637,3.8071431170147028,3.6996360779152195,3.8003078240928367,-0.00040471432035901056,-1.989456162859944,0.0011813605269012449,27.319604549819896,5.110683775336241
B0007,127,457,2008-05-18T03:05:19.265,1.492848534633516,2.0,74.6424267316758,24.0,309,2901.375,True,,3.935015013811231,3.8856817156581958,3.805886446710594,3.6982262914160615,3.79884754966153,-0.0004057236029833777,-1.9893271296477524,0.0010845699959609863,27.297982092393966,5.091924181090057
B0007,128,461,2008-05-18T08:00:50.421,1.492414389867026,2.0,74.62071949335129,24.0,309,2901.187,True,,3.9336537777351737,3.8841093810238747,3.8038271462396884,3.6961900607115825,3.796962304327828,-0.0004068585104781121,-1.9893997770221474,0.0012662837855930676,27.179733135519243,5.114801585242134
B0007,129,465,2008-05-18T12:44:48.437,1.487482776538081,2.0,74.37413882690404,24.0,308,2891.64,True,,3.9333916795131536,3.8837427335246675,3.80336037604408,3.6948722574218915,3.7962198631467734,-0.00040852131717572824,-1.9892335279623476,0.0010191568686154788,27.120241429778247,5.126324761832208
B0007,130,469,2008-05-18T17:36:29.734,1.482535148640411,2.0,74.12675743202055,24.0,307,2882.906,True,,3.9324702869885435,3.8826151227859165,3.802484221832862,3.693687371123652,3.7951388259452767,-0.00040895035674796536,-1.9895339659184246,0.0010890833329050423,27.124484314201926,5.111836460897717
B0007,131,473,2008-05-18T22:31:45.515,1.4827874322228984,2.0,74.13937161114492,24.0,307,2883.265,True,,3.9318576064540234,3.8818100285404142,3.8016677559881367,3.6927522268920736,3.794254995197399,-0.00040972090219854555,-1.9894457370007352,0.00142913738583398,27.15843714118038,5.106769283004432
B0007,132,477,2008-05-19T03:27:07.765,1.476971179775059,2.0,73.84855898875296,24.0,307,2882.969,True,,3.9312256251465834,3.8811579747872806,3.8005849821665016,3.6915406335893888,3.7933236154736822,-0.0004107318907584747,-1.9893361645050367,0.0010823050820148836,27.083746489666176,5.112045591377164
B0007,133,481,2008-05-19T15:34:33.625,1.4819015554137276,2.0,74.09507777068637,24.0,308,2891.656,True,,3.9280061537336906,3.8796565283924282,3.8015790942084413,3.6935216691660515,3.7938241583106045,-0.00040314027406296955,-1.9886699819836888,0.001347665904883587,27.649074490218652,4.8671464638177895
B0007,134,483,2008-05-19T20:59:48.437,1.4981366198874824,2.0,74.90683099437412,24.0,309,2901.25,True,,3.939077661889139,3.890477158855422,3.810109708564803,3.7016962428117957,3.803196689039731,-0.0004068832006785915,-1.9895486482373461,0.0010584933812242548,27.79976533688995,5.028773169588618
B0007,135,485,2008-05-20T01:16:42.609,1.4820775214392872,2.0,74.10387607196436,24.0,308,2891.703,True,,3.9353958140247793,3.8860243561880834,3.805503912871891,3.6965216265907843,3.798355672028983,-0.0004099060153551963,-1.989194895456083,0.0010837618444543783,27.583816916950056,5.0179959183031855
B0007,136,489,2008-05-20T06:12:06.265,1.4771155312812152,2.0,73.85577656406076,24.0,307,2883.016,True,,3.9315944001012877,3.8821519395387045,3.8016168281787057,3.69218218322167,3.794194066971905,-0.00041073615843130196,-1.9894570921502563,0.000905768366983776,27.35133740006747,5.035104936628244
B0007,137,493,2008-05-20T11:07:23.453,1.4720772783056488,2.0,73.60386391528245,24.0,306,2873.453,True,,3.9293886386877337,3.879139605530016,3.798618092973867,3.6889499571362383,3.7911170279581126,-0.0004121308548592189,-1.9890065018995273,0.0011608707320955494,27.083147345657686,5.052056359955316
B0007,138,497,2008-05-20T15:57:27.312,1.472248013656454,2.0,73.6124006828227,24.0,306,2874.031,True,,3.9303558232260776,3.8803498026271894,3.799861838246982,3.6900358705902536,3.7923964116632662,-0.0004123626609661153,-1.989492643055733,0.001340117224861867,27.41971509086388,5.046429925603125
B0007,139,501,2008-05-20T20:50:39.015,1.4670106672274665,2.0,73.35053336137332,24.0,306,2874.234,True,,3.93136275068918,3.8813669657241436,3.800968986908125,3.6907640157884156,3.793366342509287,-0.0004129978812209395,-1.9893672232739446,0.0013017870799954217,27.665227882799737,5.011374568909041
B0007,140,505,2008-05-21T01:39:38.968,1.4617672495335379,2.0,73.08836247667689,24.0,305,2864.984,True,,3.9300344245779995,3.879585632137287,3.798971189285708,3.688276700398026,3.791212745055497,-0.0004146048027296361,-1.9894031743063163,0.0010454271523781349,27.44496436821144,5.0171704233407155
B0007,141,509,2008-05-21T06:24:27.281,1.4566952670489708,2.0,72.83476335244853,24.0,304,2855.093,True,,3.9277907093136863,3.876923627481023,3.7959841999219672,3.6849328414544105,3.788134340049187,-0.00041625683830979267,-1.9897930850418961,0.0013093471476774586,27.124051920054953,5.02635957342601
B0007,142,513,2008-05-21T11:18:06.015,1.451354972758956,2.0,72.5677486379478,24.0,304,2855.625,True,,3.925763623949996,3.87462546910238,3.7935738010434226,3.682638730814773,3.7857105739243537,-0.00041697308288890625,-1.9894457191810864,0.0011381689736306752,26.945888659131615,5.064639938540367
B0007,143,517,2008-05-21T16:10:21.203,1.451615926257375,2.0,72.58079631286874,24.0,304,2855.594,True,,3.927215210147607,3.8761052438217924,3.7950108040533594,3.6840105546811106,3.7871744005660064,-0.00041707658592497364,-1.9902373840010497,0.0015682359413771772,27.22040313795207,5.05677044746853
B0007,144,521,2008-05-21T21:02:09.781,1.4468161332173683,2.0,72.34080666086842,24.0,303,2847.437,True,,3.9269639408373695,3.875992581620044,3.794721191428015,3.6833564584709606,3.7869650904796273,-0.0004179118835463493,-1.9896446730745145,0.001111457860749105,27.330694308152484,5.0477066495956535
B0007,145,525,2008-05-22T01:42:59.218,1.4467570607768785,2.0,72.33785303884392,24.0,303,2847.36,True,,3.9260192990714815,3.874403339747825,3.7930245200077937,3.6809432469264065,3.7849717351077845,-0.0004197013857694593,-1.9895909936072649,0.0011516229276685788,27.075377233611782,5.055823113792243
B0007,146,529,2008-05-22T06:32:40.921,1.4413797481446793,2.0,72.06898740723396,24.0,302,2837.328,True,,3.923028599416495,3.8709825023531983,3.7894149287452117,3.677719645710838,3.781429966294688,-0.0004206157536683308,-1.989614840882367,0.0012284885125178238,26.795708627630756,5.069455958121345
B0007,147,533,2008-05-22T11:23:22.187,1.4362456252208178,2.0,71.8122812610409,24.0,302,2837.281,True,,3.9222556748052813,3.869937460303223,3.788107373178554,3.676169508796313,3.7801736209589403,-0.0004215184988841208,-1.9899316060848304,0.001097192944769095,26.682710734247166,5.120763080761709
B0007,148,537,2008-05-22T16:17:58.890,1.4368154153924828,2.0,71.84077076962414,24.0,302,2838.515,True,,3.923135872554365,3.871309706973444,3.7894525777389534,3.677457422121555,3.7816080898955695,-0.00042142360546396025,-1.9900519710139144,0.0014886243748913803,27.028672306031243,5.07690777007862
B0007,149,541,2008-05-22T20:59:50.203,1.4362945145860047,2.0,71.81472572930024,24.0,301,2828.328,True,,3.92386569310608,3.8717322599548,3.7897770385822125,3.677213321231315,3.7817986094799187,-0.0004228625798082763,-1.989861112297721,0.001055959168664657,27.051487248578024,5.071386752520787
B0007,150,545,2008-05-23T12:13:16.359,1.4418575315878015,2.0,72.09287657939008,24.0,302,2838.265,True,,3.9130053721982367,3.8618261522240225,3.7829109246551673,3.67243784704001,3.7744210134262355,-0.00041282377242400696,-1.989469974539956,0.0010656611933634226,26.704673180818546,5.028107470536309
B0007,151,548,2008-05-23T20:14:29.875,1.4672063484781797,2.0,73.36031742390898,24.0,305,2864.547,True,,3.931876065417889,3.8814604732198275,3.800780281241237,3.689746296940596,3.7929853344710303,-0.00041510266765669386,-1.989833220951607,0.0013421442517059005,27.235055292246162,5.030576511468915
B0007,152,552,2008-05-24T01:09:21.562,1.4518640367848885,2.0,72.59320183924443,24.0,303,2846.39,True,,3.9266497274487127,3.876064232235938,3.7954597244865265,3.6835228147683914,3.7872019377466595,-0.0004172582760353558,-1.989458384799117,0.0010898476882822172,27.210070770568393,5.004225531756436
B0007,153,556,2008-05-24T06:00:20.156,1.4471379752748499,2.0,72.35689876374249,24.0,302,2837.969,True,,3.9251086929949386,3.8738289831791257,3.792816601040947,3.680526396261582,3.7846817528686647,-0.00041955097016490797,-1.9897245598678155,0.0011014645827070058,27.054839115433406,5.02658666151541
B0007,154,560,2008-05-24T10:42:50.484,1.441790586562399,2.0,72.08952932811995,24.0,302,2838.156,True,,3.9242695288413514,3.87261461855988,3.7911531818686552,3.6782054934450295,3.7829500170931856,-0.00042175742636229457,-1.9896554289415693,0.0012538840352136246,26.951814357573863,5.054410568758708
B0007,155,564,2008-05-24T15:31:10.593,1.431630947911111,2.0,71.58154739555555,24.0,301,2829.843,True,,3.9227600687947066,3.870612960454147,3.7892120161098086,3.6728975549876206,3.7807715341708104,-0.0004234719434706334,-1.9898028282467206,0.0011941133920937786,26.874518831592848,5.066648949395823
B0007,156,568,2008-05-24T20:21:13.437,1.4318084249673686,2.0,71.59042124836843,24.0,301,2829.625,True,,3.921620813282329,3.8695031479320994,3.787842284902557,3.674195831430061,3.779450509787672,-0.00042406684159751576,-1.9896630556437633,0.0009733549810187184,26.83955989966676,5.053625591866094
B0007,157,572,2008-05-25T01:06:49.828,1.4262562585106868,2.0,71.31281292553435,24.0,300,2819.437,True,,3.9217420564981613,3.869239876034985,3.787512615200262,3.670613474787224,3.779058393868891,-0.00042551240421160675,-1.989690213039575,0.000977558713320717,26.86738721938923,5.053467419005713
B0007,158,576,2008-05-25T05:57:17.890,1.4260877528924913,2.0,71.30438764462457,24.0,300,2819.579,True,,3.9202343933896344,3.86779796238061,3.7858012131895555,3.6722107739218535,3.7774571746528784,-0.0004257422294757046,-1.9897598052068846,0.0009003591995170869,26.80904395111114,5.054803917779818
B0007,159,580,2008-05-25T10:51:37.015,1.4212633510031694,2.0,71.06316755015847,24.0,299,2810.672,True,,3.919618787493555,3.866735287325603,3.7847652756148094,3.670690841506662,3.776312254746029,-0.0004265645179944718,-1.9895180955628453,0.0012011885090499152,26.787270766897194,5.053188980490372
B0007,160,584,2008-05-25T15:37:08.890,1.4163272748795108,2.0,70.81636374397554,24.0,299,2811.485,True,,3.920101293264234,3.8672387713064285,3.7849789531779705,3.670675146330061,3.7764955701036933,-0.00042775546508019835,-1.9899868541415808,0.0012046901212154565,26.850829342115848,5.039006591675246
B0007,161,588,2008-05-25T20:23:04.453,1.4165781829175994,2.0,70.82890914587998,24.0,298,2802.422,True,,3.918867003623161,3.8661681432102113,3.7837202759796313,3.6692377736771338,3.775187313673236,-0.0004285566769980272,-1.9895031531683276,0.0010439639142501042,26.898208121771635,5.049465264072708
B0007,162,592,2008-05-26T01:13:02.796,1.4108401729425177,2.0,70.54200864712588,24.0,298,2801.625,True,,3.9184551315890075,3.8655862049297607,3.7832527718948694,3.6685381734414,3.7746715865253035,-0.0004290891631871616,-1.9897918845150473,0.0008702155350692594,26.942797677296106,5.048089036254304
B0007,163,596,2008-05-26T06:01:08.171,1.4109949628347804,2.0,70.54974814173902,24.0,298,2802.031,True,,3.9176998339427196,3.86469534198584,3.7819730273275067,3.667127104487279,3.773479739294862,-0.00043006996887737475,-1.9895558300678655,0.0014361634570622247,26.86699340068744,5.042790838389482
B0007,164,600,2008-05-26T10:44:38.468,1.4061714290398801,2.0,70.30857145199401,24.0,297,2793.39,True,,3.9177529138290157,3.8643505822410877,3.7817601711489814,3.666732176791373,3.773018686690352,-0.00043097494757970566,-1.9895603801116586,0.0011802109934062432,26.863456724735233,5.066090483271797
B0007,165,604,2008-05-26T15:30:43.968,1.4063358479692922,2.0,70.31679239846461,24.0,297,2793.39,True,,3.917116008729471,3.863871714476558,3.7811218838015983,3.665755623208872,3.772356404052605,-0.000431889227692376,-1.9897469717227794,0.0011993922858960886,26.926427842891226,5.057785360036071
B0007,166,608,2008-05-26T20:21:04.921,1.4004552399066514,2.0,70.02276199533257,24.0,297,2792.485,True,,3.9162996625121322,3.863026907789082,3.7803858105107784,3.664775240085888,3.7714465829854817,-0.0004320639954192505,-1.9894665905391617,0.0011124377650523168,26.95960816930406,5.0519191706261815
B0007,167,612,2008-05-27T15:52:41.359,1.4217865046055154,2.0,71.08932523027576,24.0,298,2802.016,True,,3.9147927610053594,3.864492331716783,3.7849999140024493,3.6712524104713937,3.7756730559026885,-0.00042082991027380366,-1.9894789255634144,0.0010578127824961393,27.647136843632712,4.711749263015392
B0007,168,614,2008-05-27T20:45:42.125,1.4324552720625434,2.0,71.62276360312717,24.0,300,2820.39,True,,3.9329874691962114,3.882342180976347,3.8005049300934868,3.6860795966813678,3.792149909911268,-0.000424710428217518,-1.9904377369837336,0.0010268364413955253,27.947635900005675,4.85929634892209
B0018,1,3,2008-07-07T15:15:28.875,1.8550045207910817,2.0,92.75022603955408,24.0,366,3434.891,True,,3.9281074246138683,3.8860610045426265,3.815146435974368,3.739740343003822,3.8140576494873835,-0.00032100695411659745,-2.009206753331441,0.0012467663050728759,26.699890179484047,4.52489511824248
B0018,2,7,2008-07-07T21:53:06.125,1.8431955317089987,2.0,92.15977658544993,24.0,362,3425.485,True,,3.934996727706302,3.8945302381522238,3.8240446085814823,3.745476857895036,3.8222923962299036,-0.00032357321205129093,-2.0085611217658914,0.0013247248862946217,27.067971537749212,4.349697281534109
B0018,3,11,2008-07-08T02:56:08.453,1.8396018424355423,2.0,91.98009212177712,24.0,358,3410.375,True,,3.9382289407044793,3.897813594712285,3.826981346688174,3.7492186520619626,3.825238426086365,-0.0003252208158761262,-2.0083208875167986,0.0011367509797547196,26.493130104881246,4.304458957187336
B0018,4,15,2008-07-08T07:58:55.953,1.8306736044962053,2.0,91.53368022481027,24.0,355,3404.719,True,,3.93805370624011,3.8974008844555925,3.82659009336129,3.7475296333589,3.824785211080425,-0.0003259515604722483,-2.0082276396741214,0.001112807593536047,25.97909186020984,4.340994812886702
B0018,5,18,2008-07-08T18:57:48.968,1.8327002069419656,2.0,91.63501034709827,24.0,354,3417.641,True,,3.9450031844549307,3.905566462484307,3.8354310252850867,3.754260872308874,3.8332419264477746,-0.0003258905849186659,-2.0095103109121375,0.0010010274050829778,27.090268953828872,4.287916849955632
B0018,6,20,2008-07-08T22:57:17.203,1.8285288846046388,2.0,91.42644423023194,24.0,351,3411.766,True,,3.948278718768032,3.9095609424742928,3.8400308444764657,3.7602745669024364,3.837618596633771,-0.00032497342189683707,-2.0085988775433377,0.0011105414324094388,27.31839670541546,4.161146452938588
B0018,7,22,2008-07-09T02:56:41.281,1.8212011895697924,2.0,91.06005947848962,24.0,348,3399.516,True,,3.9478440330386997,3.908784727178844,3.8390467731432327,3.7581492574322173,3.8365204835272535,-0.0003262661548361063,-2.0089674433753855,0.0010572485698805963,26.94486377090104,4.195194483675898
B0018,8,24,2008-07-09T06:55:54.875,1.8151700106433282,2.0,90.75850053216641,24.0,345,3388.75,True,,3.9471781902283123,3.9079581342042986,3.837406351260225,3.755792639336901,3.835270039970278,-0.00032746393223539766,-2.0086104054005,0.0011256749876569934,26.56836596384367,4.211332813035515
B0018,9,27,2008-07-09T11:26:41.906,1.8042980520967649,2.0,90.21490260483824,24.0,342,3380.406,True,,3.94489788383926,3.9057219676861252,3.83580709740892,3.755999547680775,3.83350931830871,-0.0003256622654482852,-2.0086993913518616,0.0012882882493889085,26.327147877371218,4.228998752196201
B0018,10,30,2008-07-10T16:34:39.859,1.8231002302844226,2.0,91.15501151422113,24.0,343,3404.141,True,,3.9473665797971957,3.9077571227290977,3.837355755903012,3.7562024364749704,3.835059058836856,-0.00032792683681915437,-2.008932138591802,0.001337924405635455,26.247584948503075,4.250292378306703
B0018,11,32,2008-07-10T20:33:58.031,1.8121253520255494,2.0,90.60626760127747,24.0,340,3396.141,True,,3.9493048450543085,3.91037163272036,3.840357697512565,3.758265157901785,3.837987642660075,-0.0003271692046641652,-2.008492783325398,0.0013373216196799656,26.754293261997443,4.176471975121558
B0018,12,34,2008-07-11T00:30:25.484,1.8046916382117766,2.0,90.23458191058883,24.0,337,3384.094,True,,3.9491494413102717,3.9099301488837104,3.8395118470240024,3.758710308199232,3.837119715822775,-0.00032859092046964644,-2.008437000482604,0.0015529521689594903,26.62037157075921,4.1402154944686345
B0018,13,36,2008-07-11T04:28:49.531,1.790844349786295,2.0,89.54221748931475,24.0,334,3370.656,True,,3.946873471297943,3.907473084432171,3.8365801955115275,3.7546696995800173,3.834206778688772,-0.00033011147149086275,-2.0083808665324616,0.0009734584332821678,26.1884609874952,4.190116123810647
B0018,14,39,2008-07-11T08:59:08.656,1.783470722841926,2.0,89.1735361420963,24.0,331,3357.797,True,,3.9438915578349256,3.9040322862134835,3.833219319300038,3.750679855382048,3.830771792521608,-0.00032999918796048565,-2.008382858405687,0.0012288343594687536,25.76486504475921,4.259831817108189
B0018,15,42,2008-07-11T14:27:05.640,1.7809386125310702,2.0,89.04693062655352,24.0,330,3363.015,True,,3.9494752930804156,3.909466765268169,3.838026712633484,3.7567650697286306,3.8357368325994714,-0.00033235836321490845,-2.0093160645336194,0.0012910993909554937,25.957638076079856,4.2044656624454255
B0018,16,44,2008-07-11T18:25:27.593,1.771209039672698,2.0,88.5604519836349,24.0,327,3357.734,True,,3.949444181526297,3.910046834366065,3.8391745884401614,3.7568102807636192,3.836733194607809,-0.00033145496450005167,-2.0089941515520824,0.0011235399285134179,26.63820989848602,4.209234257661979
B0018,17,46,2008-07-11T22:22:05.406,1.7686303996707076,2.0,88.43151998353538,24.0,325,3344.187,True,,3.9506851073319713,3.911318013236723,3.840140489435117,3.756666064930499,3.8377050505755688,-0.0003328961945826052,-2.0084926044679534,0.0011460142497988404,26.8270815497853,4.16217940699384
B0018,18,48,2008-07-12T02:18:11.125,1.7536304801917124,2.0,87.68152400958562,24.0,323,3339.969,True,,3.947743341657173,3.9078258258471084,3.8364408629083213,3.7518761934078926,3.8337707207343907,-0.00033496733697415304,-2.007952961555446,0.0012915073873449956,26.40443404010739,4.187994569299924
B0018,19,51,2008-07-12T06:45:43.859,1.7462197416415093,2.0,87.31098708207547,24.0,320,3327.641,True,,3.942964529979171,3.9024658888283312,3.8306091309160064,3.7481340873886575,3.828272359309313,-0.0003348336880098518,-2.007830650881899,0.0010112310425163023,25.79031963698799,4.219284139957939
B0018,20,54,2008-07-12T11:15:36.812,1.7376647337053737,2.0,86.88323668526868,24.0,317,3312.844,True,,3.9449110811776853,3.9036472313621333,3.831070783618334,3.7469156810085305,3.8286438243644256,-0.00033861713294196217,-2.0081881313424867,0.0009732686088579773,25.440962915341917,4.229227146802064
B0018,21,56,2008-07-12T15:13:28.609,1.7315166735475835,2.0,86.57583367737918,24.0,315,3302.031,True,,3.9436230596933717,3.9019496444688557,3.8289849451715487,3.744399211357758,3.826653199236614,-0.00034012583873418127,-2.008373289500915,0.001168890177229975,25.26142173287238,4.272971233472891
B0018,22,58,2008-07-12T18:52:45.109,1.7085949894470602,2.0,85.42974947235301,24.0,314,3305.547,True,,3.9392582449386815,3.897881694897137,3.8250173039268187,3.738937109985056,3.822279006711843,-0.00034160004388690573,-2.008442409059923,0.0011313513835143703,25.393881833438144,4.25458255990495
B0018,23,60,2008-07-12T22:50:29.984,1.711469957068211,2.0,85.57349785341056,24.0,311,3289.562,True,,3.940680652285029,3.8989823385958737,3.8258568340590364,3.742022373539168,3.823364590007692,-0.00034187352884281733,-2.0084810048594886,0.0009441041811835288,25.35345829590658,4.251378663414336
B0018,24,63,2008-07-13T03:19:05.703,1.7075021373272627,2.0,85.37510686636314,24.0,309,3283.797,True,,3.9398969163650004,3.8978629765284487,3.8247671810959005,3.7397970547055595,3.822229916253567,-0.00034193798922679087,-2.008132693988354,0.0010609885070492877,25.232312626861646,4.300539185076303
B0018,25,66,2008-07-14T13:08:20.500,1.7492382064360228,2.0,87.46191032180114,24.0,312,3325.235,True,,3.943892172403987,3.902883136985118,3.830186395494318,3.7457029298544677,3.8278908929694,-0.0003384788457907585,-2.0086669624269256,0.0011609287829734416,25.30057151012428,4.2838230509532345
B0018,26,68,2008-07-14T17:03:45.625,1.7327697147429955,2.0,86.63848573714978,24.0,310,3317.547,True,,3.9470588493103906,3.9063630701254572,3.8340752247443777,3.748028799747935,3.8313561341206004,-0.00033962563619478953,-2.0097644081483574,0.0012295785174929808,26.071396984149175,4.262624477802785
B0018,27,70,2008-07-14T20:57:32.609,1.7222313328292376,2.0,86.11156664146188,24.0,308,3311.766,True,,3.9475446989624783,3.9071586272516696,3.8347126758573298,3.7503903406201373,3.832046260444193,-0.00034024879517501353,-2.0091131990916336,0.0012446733828549322,26.588001208656202,4.177503573632755
B0018,28,72,2008-07-15T00:49:58.484,1.711846298984729,2.0,85.59231494923645,24.0,306,3305.218,True,,3.9475338781300113,3.906495841853887,3.83374939252381,3.748009439891197,3.8309817507737174,-0.0003426056032449487,-2.008854934460293,0.0016530255118075185,26.586089450204828,4.197025591755928
B0018,29,75,2008-07-15T05:14:47.250,1.699267835126687,2.0,84.96339175633435,24.0,304,3295.453,True,,3.9438979471501763,3.9026325039700143,3.8296035072152916,3.7432757135444428,3.8267808946160695,-0.0003430505152350518,-2.0082446829689387,0.0011149901828559883,26.299100003393068,4.23679495591335
B0018,30,78,2008-07-15T09:43:28.937,1.6940366439243106,2.0,84.70183219621553,24.0,302,3287.0,True,,3.9449470684078025,3.9033381246321888,3.8294063963113807,3.7419465719880645,3.8267110751347015,-0.00034670165118112615,-2.008737790252641,0.0014936000471828495,26.146606936171388,4.253895711492827
B0018,31,80,2008-07-15T13:36:47.890,1.6819027078768087,2.0,84.09513539384044,24.0,300,3276.922,True,,3.943859676446168,3.9017561406470627,3.8278229196345355,3.7389915427778817,3.824847333645447,-0.0003485919955107282,-2.008879776758873,0.0011611737621205086,26.153877695591984,4.2721482736599725
B0018,32,82,2008-07-15T17:29:47.765,1.6769770618433686,2.0,83.84885309216843,24.0,298,3268.687,True,,3.9445740440877644,3.902316538264473,3.8283140636561153,3.7415900932940493,3.825399401037916,-0.0003491877482306927,-2.0087836981047618,0.0010595454882095826,26.429269407866585,4.232857225996106
B0018,33,84,2008-07-15T21:21:30.390,1.6655229306478936,2.0,83.27614653239468,24.0,296,3260.594,True,,3.94304795879725,3.900952489026886,3.826642921880254,3.739106209239393,3.823698893693656,-0.0003503410359679965,-2.008310450568714,0.001467915345497283,26.670034341560296,4.21996123345717
B0018,34,87,2008-07-16T01:45:13.390,1.6571924575832084,2.0,82.85962287916043,24.0,295,3258.812,True,,3.9395726468545753,3.8966751765899206,3.822705542363999,3.7342728174557807,3.8196622033509398,-0.0003507058435117682,-2.0081887677010584,0.001380004148482414,26.39460316105729,4.2853976814324675
B0018,35,90,2008-07-16T06:12:34.390,1.6482241555294048,2.0,82.41120777647023,24.0,292,3243.422,True,,3.942326280517975,3.899204116669499,3.8240096916015687,3.7338506428796143,3.8210894077587243,-0.00035451371884596836,-2.0085904786200035,0.0011929710976909698,26.175616432657765,4.276937703313891
B0018,36,92,2008-07-16T10:05:40.718,1.6387701497987262,2.0,81.93850748993631,24.0,281,3236.515,True,,3.940739081416435,3.8970398042493866,3.821394335862949,3.7309329364605577,3.8181864123914684,-0.0003572063715739661,-2.0082784758565655,0.0012753201442341606,26.011942133612315,4.298220937113914
B0018,37,94,2008-07-16T13:57:42.468,1.6276486907262062,2.0,81.38243453631031,24.0,289,3230.734,True,,3.9378626239883094,3.8938398230767346,3.817889370584475,3.7291160007355635,3.8147876880747877,-0.00035808531011513904,-2.009208910228946,0.0011825845076223142,25.972065640317854,4.282754187881839
B0018,38,96,2008-07-16T17:51:36.078,1.62215370227252,2.0,81.107685113626,24.0,287,3222.093,True,,3.9392815237331735,3.895096128071912,3.819097209381077,3.729283348685782,3.815908492809845,-0.00035953215305753347,-2.0086523294324756,0.0010368084049337915,26.21747383338851,4.299558941327568
B0018,39,99,2008-07-16T22:13:57.593,1.6140066510467586,2.0,80.70033255233793,24.0,286,3220.344,True,,3.9359741409486952,3.8916755255764404,3.816185069306637,3.7255932263426423,3.8127961162710746,-0.00035892006112155035,-2.008410761458542,0.0011905174342794096,26.382367309950794,4.3062991426211745
B0018,40,102,2008-07-18T17:28:12.125,1.6760516154424623,2.0,83.80258077212311,24.0,288,3250.75,True,,3.942345674077774,3.8994685419369026,3.8253893405816592,3.7362560959662785,3.8223326427703785,-0.0003506029947932369,-2.0088712984759436,0.0010657853111770907,25.722449566627063,4.35345987098103
B0018,41,104,2008-07-18T21:19:44.421,1.649300642552199,2.0,82.46503212760994,24.0,286,3239.344,True,,3.93964895918433,3.8965716814716416,3.8217588859533707,3.730965138385191,3.818562311178895,-0.0003546393662745809,-2.008254549777003,0.001054649248120635,26.07958050724646,4.274148246292217
B0018,42,106,2008-07-19T01:10:07.046,1.63238299185809,2.0,81.6191495929045,24.0,283,3222.25,True,,3.9400745495014093,3.896139440911206,3.8203038149648116,3.7309511697671582,3.817116884598147,-0.0003586784348996369,-2.008192440652752,0.0010701764907196072,25.857492238902367,4.26113762696324
B0018,43,108,2008-07-19T05:01:04.953,1.6164159719025777,2.0,80.82079859512888,24.0,281,3206.157,True,,3.937072696896113,3.892195060550454,3.816049299535358,3.72595009627092,3.812620157085873,-0.00036142987343384237,-2.0081489970157116,0.0013848549286642933,25.610368820332177,4.310768758724283
B0018,44,111,2008-07-19T09:25:29.875,1.6109028378249377,2.0,80.54514189124689,24.0,279,3197.969,True,,3.934683507716431,3.889099244588883,3.8125998661667695,3.7214032853785444,3.8093486953950157,-0.0003626989928057882,-2.0080495046444065,0.001249723277335957,25.34943056307234,4.385911372738153
B0018,45,114,2008-07-19T13:53:00.750,1.5954638693695657,2.0,79.77319346847828,24.0,277,3181.625,True,,3.9340309690806508,3.88831156928052,3.8114244574112126,3.7187211000158267,3.8079612108733145,-0.00036570989390522396,-2.0081769389690445,0.001166884033207632,25.31789654329529,4.361974081132509
B0018,46,117,2008-07-29T18:34:27.281,1.726707440085764,2.0,86.3353720042882,24.0,301,3302.36,True,,3.9418637505599867,3.9005941516077773,3.830646597331344,3.7409422129921985,3.8269842861355508,-0.0003385469751888346,-2.009146562112924,0.0046353304251929095,26.020763805966215,4.590035051757383
B0018,47,119,2008-07-29T22:21:53.500,1.7165673917429753,2.0,85.82836958714877,24.0,298,3285.812,True,,3.9480377940900446,3.9073745677540077,3.8357220262568568,3.7424755485447148,3.831888065610478,-0.00034721673427605236,-2.007612111747546,0.0011216246922542675,26.219457013008387,4.5056122548326165
B0018,48,121,2008-07-30T02:09:48.828,1.6958235570934848,2.0,84.79117785467423,24.0,295,3260.016,True,,3.947140055474241,3.905811006647187,3.833032714333886,3.7382119562700553,3.829093526215111,-0.00035332240524534676,-2.0081216911146895,0.0013485148176050335,26.106642983059984,4.521464044552683
B0018,49,123,2008-07-30T05:57:02.328,1.6777783190792557,2.0,83.88891595396278,24.0,292,3240.031,True,,3.9453628673788903,3.903488886136468,3.8302949585582566,3.733046868576035,3.825802822222334,-0.0003579435369879937,-2.007993104249388,0.0010381221205515237,26.044862126912665,4.483359317658266
B0018,50,125,2008-07-30T09:52:21.281,1.6606586897774192,2.0,83.03293448887096,24.0,290,3232.265,True,,3.94236018864053,3.9000150168336734,3.826695615843651,3.7277725363622882,3.8218798156124767,-0.00036109985834611216,-2.0081324761689263,0.0014439750233547228,25.95493783608803,4.510660918835846
B0018,51,128,2008-07-30T19:28:07.671,1.6664109274827466,2.0,83.32054637413732,24.0,289,3232.031,True,,3.946674795353659,3.9046220959750872,3.831370341411524,3.736165207654409,3.8268644226258517,-0.0003586789787744242,-2.0087105065207638,0.001644119346896458,26.583590157729176,4.486917297389304
B0018,52,130,2008-07-30T23:16:54.218,1.6468336174407805,2.0,82.34168087203902,24.0,286,3209.5149999999994,True,,3.945182292108123,3.902774842397898,3.829055557046136,3.7315769305563,3.824168339031397,-0.00036280015103994605,-2.0081548561115548,0.0013629546156648455,26.57651339269589,4.5031536383900885
B0018,53,132,2008-07-31T02:46:18.031,1.6257639928779952,2.0,81.28819964389976,24.0,284,3196.125,True,,3.940767170857811,3.89773222188302,3.8235804505338704,3.7242643997065654,3.8180386021246666,-0.00036883996826663287,-2.0080306909632286,0.004282139205142036,26.39655851797979,4.465849145239488
B0018,54,134,2008-07-31T06:15:17.843,1.6121577411874595,2.0,80.60788705937297,24.0,281,3172.562,True,,3.939824729461459,3.8957053224155005,3.8213745554565834,3.720842629313473,3.815834531631452,-0.00037230435503431304,-2.0075659160715236,0.002394193557929035,26.157332605343928,4.473889017348352
B0018,55,136,2008-07-31T10:10:14.359,1.6057366823755344,2.0,80.28683411877672,24.0,280,3172.735,True,,3.9398095632628776,3.895516923401856,3.8199475841088435,3.718662399863075,3.8147859781060167,-0.0003729824936260088,-2.0085039837630005,0.002008371575398107,26.0234732322145,4.529279637159338
B0018,56,141,2008-08-01T17:46:33.109,1.673645314879889,2.0,83.68226574399445,24.0,279,3238.109,True,,3.9419186389619725,3.8987371763187744,3.8260831086282456,3.7294496540399487,3.822159994829588,-0.0003531870528105122,-2.0084426185287154,0.0010285982028568517,25.94760484377157,4.614530065122867
B0018,57,143,2008-08-01T21:32:12.937,1.6404348572349936,2.0,82.02174286174969,24.0,279,3191.063,True,,3.945079477170533,3.902308362126795,3.828024458530173,3.729689887332388,3.8231250654791493,-0.00036528185754373645,-2.00822999100171,0.0011275575327438648,26.41651085265194,4.5163984364724925
B0018,58,145,2008-08-02T01:17:09.625,1.6132653317422077,2.0,80.66326658711039,24.0,276,3165.828,True,,3.942034963973443,3.898438956169755,3.823668787050887,3.723057894898586,3.818338172888991,-0.0003712182585245983,-2.008083578317841,0.0013477426019221242,26.39117365130212,4.530329475195266
B0018,59,147,2008-08-02T05:03:55.921,1.5920964324686278,2.0,79.60482162343139,24.0,273,3140.407,True,,3.9369079891290415,3.8927922663766417,3.8178149387241294,3.715496986331124,3.811885989312684,-0.00037583263928609806,-2.007994147644241,0.0011085032372334005,26.269963958594033,4.514563830579707
B0018,60,150,2008-08-02T09:26:51.375,1.5866011820698824,2.0,79.33005910349412,24.0,271,3131.922,True,,3.9351250857131315,3.890237823355692,3.8149474297202,3.711391572319074,3.80895301410776,-0.000377868394734132,-2.0086961653404583,0.0020420745203913074,26.088937038800506,4.555354739649477
B0018,61,153,2008-08-02T13:55:03.296,1.5800766490336253,2.0,79.00383245168126,24.0,269,3121.109,True,,3.9375139883481594,3.8921180581572155,3.815836014840889,3.7148771515552363,3.8101900626323766,-0.00038016890273952073,-2.007696989688536,0.0014868645750458034,26.032866637733573,4.577222298525328
B0018,62,155,2008-08-02T17:41:59.359,1.5641732953289167,2.0,78.20866476644584,24.0,267,3105.265,True,,3.9368782131733244,3.8909812814133087,3.814192335589386,3.712231457073263,3.8084188164239956,-0.000383534126263846,-2.0081570932744,0.0009867533644115044,26.182127386413416,4.536457665791371
B0018,63,157,2008-08-02T21:29:24.406,1.555618272193922,2.0,77.7809136096961,24.0,265,3091.25,True,,3.934844922120065,3.8884526444346794,3.8116698725781695,3.7083860860214166,3.8054058278923106,-0.0003861335220110926,-2.007849616406883,0.0013040566180076763,26.205161840984648,4.535059588600092
B0018,64,159,2008-08-03T01:16:07.078,1.5402045278637397,2.0,77.01022639318698,24.0,263,3076.703,True,,3.9327055209510267,3.8859850979798622,3.8088327021676727,3.7042241452686544,3.802445185891711,-0.00038901346076262094,-2.0079653860136064,0.0013574144237814664,26.16638026709957,4.549575562874914
B0018,65,162,2008-08-03T05:39:11.953,1.5321613015959863,2.0,76.60806507979932,24.0,261,3062.328,True,,3.928595966949308,3.881550031891854,3.8045162769934864,3.699603290198543,3.7979604328339955,-0.00038940275028772985,-2.0076935409020438,0.0014781962288855056,26.00851723057491,4.573987276761116
B0018,66,165,2008-08-03T10:08:42.828,1.5316232403693415,2.0,76.58116201846707,24.0,259,3050.563,True,,3.9317979106802494,3.8844392151512994,3.806608864757945,3.7002413113385892,3.8001142032951627,-0.000392275705180132,-2.0075175474382045,0.0012504006192680234,25.969244753271614,4.550789925672671
B0018,67,167,2008-08-03T13:54:25.093,1.5222595950771978,2.0,76.11297975385989,24.0,257,3034.672,True,,3.9298672660761302,3.881704410294438,3.803455451340663,3.696322545280498,3.7968864500913577,-0.0003954467923328763,-2.008102999575239,0.0013385955881635068,25.872355426009154,4.583985220525552
B0018,68,169,2008-08-03T17:42:28.750,1.5065267126851283,2.0,75.32633563425641,24.0,256,3031.25,True,,3.925513171208568,3.8770443627286713,3.7985167493724448,3.6902660243437104,3.7916359443893297,-0.00039833735715645515,-2.0083187309644366,0.001224238818820682,25.830748004651873,4.61424304186383
B0018,69,171,2008-08-03T21:26:49.765,1.5014219556532926,2.0,75.07109778266464,24.0,253,3011.343,True,,3.9264999680584656,3.8775676237720544,3.798429569548062,3.691948142533044,3.7915545579084555,-0.00040033377357553306,-2.0079397707785662,0.001128616467660503,25.85280261373706,4.549609544255091
B0018,70,174,2008-08-04T01:48:42.890,1.4963534117486457,2.0,74.81767058743229,24.0,252,3003.0,True,,3.9229238345117188,3.8734621117170023,3.794874192464647,3.688362291120006,3.7877684068022193,-0.000399954066698481,-2.0083359998779184,0.0012679871587215434,25.75993997120019,4.5859106285511295
B0018,71,177,2008-08-04T17:08:25.328,1.5334262000312422,2.0,76.6713100015621,24.0,255,3045.187,True,,3.9305160157411856,3.882704303633349,3.8054434073114303,3.6997028836768653,3.7986913814341303,-0.00039208335806819623,-2.008017655410087,0.004147137642053389,25.963940851636664,4.578591389102105
B0018,72,179,2008-08-04T20:55:13.796,1.523845267514426,2.0,76.1922633757213,24.0,253,3028.469,True,,3.9309819920196203,3.8831836701279583,3.8050875405327487,3.698061716329837,3.7982496347782644,-0.00039601517353443226,-2.00798482682221,0.0011153493705802163,26.329971440729484,4.558277521472682
B0018,73,181,2008-08-05T00:41:24.609,1.5011920994261239,2.0,75.05960497130619,24.0,251,3012.937,True,,3.9251541518169937,3.8764011017805178,3.797978292356724,3.6898575654003194,3.7907554082245016,-0.00040057384445545537,-2.008249296832733,0.001327860841825644,26.42044696019851,4.532006051690729
B0018,74,183,2008-08-05T04:27:50.953,1.492417671450291,2.0,74.62088357251456,24.0,249,2998.875,True,,3.92577137958099,3.876448433500966,3.7974161803974193,3.6877573340533183,3.7902330054697977,-0.0004033510872799452,-2.0080656561441965,0.0013469317763320171,26.263822014722354,4.576019043742267
B0018,75,185,2008-08-05T08:23:48.250,1.483323851940123,2.0,74.16619259700616,24.0,247,2983.547,True,,3.923737945005208,3.8739474755092855,3.79456072010408,3.684337367596781,3.7873733192092995,-0.0004052622771351924,-2.0077898740201605,0.0011969748221687196,26.05361367826199,4.5238045105786036
B0018,76,188,2008-08-05T12:50:42.531,1.4807376792294196,2.0,74.03688396147098,24.0,245,2966.86,True,,3.924299533839867,3.8743955015460125,3.7947926810348007,3.687356042093093,3.787425003149669,-0.000405902874884848,-2.0083265362129525,0.001142731949266125,26.018049249280672,4.549557827088801
B0018,77,190,2008-08-05T16:36:12.671,1.4735077809902477,2.0,73.67538904951239,24.0,243,2954.797,True,,3.9222068711977784,3.8717620888227433,3.791642477924527,3.6828895137785373,3.7842679487114284,-0.00040889174997471806,-2.008524077282818,0.0010974837858959436,26.117986868820203,4.562254299497425
B0018,78,192,2008-08-05T20:21:46.906,1.46801928526661,2.0,73.40096426333051,24.0,242,2945.735,True,,3.9234672721815924,3.873364366279607,3.793058473751499,3.6835541689613818,3.7856660830132607,-0.0004099070681031826,-2.0086647240899653,0.0011696054063703516,26.390548237882175,4.520130058805307
B0018,79,194,2008-08-06T00:06:53.156,1.4580923557119019,2.0,72.9046177855951,24.0,241,2941.375,True,,3.920885636308605,3.8696036756096888,3.78908417282586,3.6787043528237247,3.7814025788300483,-0.0004133911390362801,-2.008093514269129,0.001143576579312661,26.228885223561328,4.555318021267677
B0018,80,197,2008-08-06T04:27:52.921,1.4478660988891399,2.0,72.39330494445699,24.0,239,2923.953,True,,3.9146425837285888,3.8627552839680535,3.7826500705106065,3.671456223552967,3.7746723994548126,-0.00041352282696588524,-2.008021603944074,0.0008794939811206138,25.97974462497002,4.58100555556608
B0018,81,200,2008-08-06T08:55:24.593,1.4527808777541982,2.0,72.6390438877099,24.0,238,2921.031,True,,3.9219568589317704,3.8696094820423124,3.7877162666422253,3.6755162814832536,3.7804278951171453,-0.0004165968262662023,-2.0074238647932994,0.001141562958322323,25.753720013555977,4.661853894497817
B0018,82,202,2008-08-06T12:40:42.031,1.4425356364492432,2.0,72.12678182246216,24.0,236,2902.75,True,,3.91652458852865,3.863912849902639,3.7822842358729747,3.6691582703951062,3.774509516087184,-0.0004190258194930832,-2.008533157230568,0.0014995973096696012,25.858940845095045,4.621237467359634
B0018,83,204,2008-08-06T16:25:32.093,1.4392712877203313,2.0,71.96356438601657,24.0,235,2897.875,True,,3.917352112437822,3.8653500809080636,3.78364282103589,3.673369115509808,3.7758393642227928,-0.0004188118853565111,-2.00816614138863,0.001088947968007704,26.16507047611134,4.570467976951029
B0018,84,206,2008-08-06T20:09:11.453,1.4286475681888218,2.0,71.43237840944109,24.0,234,2892.094,True,,3.917460800410564,3.8651258111503566,3.783357909402283,3.672458431429019,3.7753643217772512,-0.0004207712842782943,-2.008477944507476,0.0013166680354974947,26.386196093982907,4.534114686249449
B0018,85,209,2008-08-07T00:27:39.046,1.4249026750004896,2.0,71.24513375002448,24.0,233,2886.921,True,,3.9126394681797847,3.8596168467077776,3.7779843068967836,3.6667614106050093,3.7699532770643294,-0.00042104717750674414,-2.007958037843275,0.0010682857680880356,26.178594930613503,4.599336943770535
B0018,86,212,2008-08-07T19:05:53.109,1.4698115324524124,2.0,73.49057662262062,24.0,237,2942.531,True,,3.922151223448017,3.8719127513403993,3.791672224236508,3.6815309207656233,3.783991582893513,-0.0004116967987712665,-2.007999904377219,0.0012333489652836236,26.098862969121587,4.579668347277085
B0018,87,214,2008-08-07T22:50:51.859,1.4525819651050202,2.0,72.62909825525101,24.0,234,2912.469,True,,3.9202434093822665,3.8689136847132337,3.787911374448638,3.6764271675035527,3.780007114324973,-0.00041645562940246215,-2.0078805753683726,0.0011622485132352944,26.273116101912052,4.57923196920029
B0018,88,216,2008-08-08T02:32:53.250,1.442834198908794,2.0,72.1417099454397,24.0,232,2895.594,True,,3.9173365823598467,3.8648756689814143,3.7830438389152268,3.6703922399420885,3.7751001255518015,-0.00042078669611825444,-2.008023691769408,0.0010691172040142856,26.04293009088234,4.554885944984111
B0018,89,218,2008-08-08T06:16:47.328,1.428376058807949,2.0,71.41880294039746,24.0,230,2884.406,True,,3.9138764660781473,3.860866613506523,3.7786547458309636,3.664618771154625,3.7704231536901087,-0.00042391870570803884,-2.007732122676782,0.0011845711691713437,25.85195100679686,4.610719484405266
B0018,90,220,2008-08-08T10:14:50.671,1.4154547844370715,2.0,70.77273922185357,24.0,229,2873.766,True,,3.907720425479372,3.853642943600267,3.771361415852487,3.6572030831513205,3.763003802277282,-0.00042538596870080395,-2.0080441518228747,0.001057434405013,25.572104615083244,4.610330507028181
B0018,91,223,2008-08-08T20:10:08.812,1.454576670077708,2.0,72.7288335038854,24.0,230,2893.375,True,,3.9224470835859746,3.870285519236059,3.788307155606965,3.673729506245097,3.780581151894174,-0.0004199818755519018,-2.00859148931434,0.001274244298612326,26.180704255537133,4.666335226752409
B0018,92,225,2008-08-08T23:54:01.812,1.4283179548274056,2.0,71.41589774137029,24.0,229,2884.9839999999967,True,,3.915952367901696,3.8632842048888594,3.7815532771190092,3.6701714278464674,3.773223713309775,-0.0004228572616330977,-2.008142049101048,0.0010505916961538776,26.314780867914443,4.518642416312421
B0018,93,227,2008-08-09T03:37:06.281,1.4197026883204058,2.0,70.98513441602029,24.0,227,2870.234,True,,3.9149755632942846,3.8621352864878205,3.7797811478719168,3.66711839471542,3.771395036858662,-0.000425818798754175,-2.0078991197420732,0.001346871818231161,26.456365640696283,4.558960194203014
B0018,94,229,2008-08-09T07:19:59.656,1.4155606630306516,2.0,70.77803315153258,24.0,226,2864.11,True,,3.9151451759292133,3.862272829224003,3.7797927439063033,3.665957406400271,3.771234294223832,-0.0004275346114139961,-2.0086664386748136,0.0013206610063538047,26.538794470863337,4.531924353440704
B0018,95,232,2008-08-09T11:36:57.875,1.405680035419228,2.0,70.2840017709614,24.0,224,2846.64,True,,3.909249833768058,3.855093639946161,3.772655905312742,3.658490360190564,3.7640342894021583,-0.0004285120740097019,-2.0080358982942315,0.001256511364445778,26.258838774774073,4.60485547762833
B0018,96,235,2008-08-09T15:59:02.406,1.4084461071166137,2.0,70.42230535583069,24.0,223,2839.532,True,,3.912688563649736,3.859312454115334,3.7766611359859925,3.6612941842891398,3.7678881659163737,-0.00042975661116865404,-2.0081622152011227,0.0011460760895522786,26.312188098724594,4.5661252596332425
B0018,97,237,2008-08-09T19:41:13.296,1.3968547782872414,2.0,69.84273891436207,24.0,222,2832.703,True,,3.910996884210136,3.856208769452838,3.7725476662244035,3.6566893745815587,3.7640201074473194,-0.00043375053932163845,-2.0083009950045367,0.0010783762235922418,26.320532873316385,4.592644078690231
B0018,98,239,2008-08-09T23:22:00.984,1.3935670371440676,2.0,69.67835185720338,24.0,221,2827.077999999994,True,,3.909658779786724,3.8545678556279306,3.7705890555696477,3.6536137440276772,3.7619221446045175,-0.0004359380188815697,-2.0085724144473533,0.0014659556167863589,26.328360654151332,4.581425593709138
B0018,99,241,2008-08-10T03:01:08.859,1.3893644292809475,2.0,69.46822146404737,24.0,219,2821.531,True,,3.9098619013971563,3.854628118075608,3.7704541704600385,3.655687520157756,3.761788737348848,-0.00043671345688935803,-2.008748068973387,0.0010407287328684362,26.447493729187418,4.525286254169213
B0018,100,244,2008-08-10T07:19:08.453,1.3785651415666713,2.0,68.92825707833356,24.0,216,2805.156,True,,3.9061517814873055,3.8503623354779433,3.7666717932047047,3.650641568602534,3.757851134469926,-0.00043669675819931245,-2.0083930484086845,0.0012102489202805405,26.36609200287603,4.621430627598368
B0018,101,247,2008-08-10T11:39:39.812,1.384901110085747,2.0,69.24505550428735,24.0,218,2814.906,True,,3.908468590295309,3.8532445034370983,3.7689699314059095,3.6535808510619043,3.760171252809387,-0.00043800057371792004,-2.008343535072251,0.0013775366084780047,26.321271903891567,4.573762342258082
B0018,102,249,2008-08-10T15:21:25.468,1.3703251814242443,2.0,68.51625907121222,24.0,217,2801.156,True,,3.9042857755205587,3.848308630316866,3.763723683575934,3.6478390416135116,3.754710482422603,-0.0004407554117633745,-2.0091535358693586,0.0012741372333609968,26.285468918976978,4.572141333229542
B0018,103,251,2008-08-10T19:01:07.218,1.3733464385229082,2.0,68.6673219261454,24.0,216,2794.187,True,,3.906736865850931,3.8504351702492063,3.7654638094873913,3.6486829131401053,3.75650288575693,-0.00044260238377708417,-2.0080622502746377,0.001416311215652539,26.4251304216824,4.576876003025223
B0018,104,253,2008-08-10T22:40:10.453,1.3679487285504814,2.0,68.39743642752407,24.0,215,2785.391,True,,3.905738949754973,3.8497643128723746,3.7646706734950244,3.6470496404787993,3.755544943918453,-0.00044380920752616984,-2.0083654793619035,0.0014150822429682,26.505837093366022,4.560692885216092
B0018,105,256,2008-08-11T02:53:19.859,1.3567141087089647,2.0,67.83570543544823,24.0,214,2779.5,True,,3.901342154131161,3.844600491208314,3.759838237312786,3.6419812189869925,3.7506055205109483,-0.0004435152989707844,-2.008394195171269,0.0012367278521770839,26.41844502714532,4.608828739775046
B0018,106,259,2008-08-14T13:04:49.687,1.4604310209194575,2.0,73.02155104597287,24.0,223,2899.234,True,,3.9208338199077652,3.8702324602563194,3.788870825360229,3.676338197279988,3.7809328917127663,-0.00041797549387693144,-2.0084553948511976,0.0011186308797389141,25.44978869132268,4.598791425373239
B0018,107,261,2008-08-14T16:49:56.812,1.4500998937104097,2.0,72.50499468552049,24.0,222,2894.922,True,,3.9221885623309443,3.871077179468484,3.7896121329668837,3.6755062934082106,3.781380734115666,-0.0004213487214036095,-2.0085139937165306,0.0015181450103510122,26.03923587103257,4.567386422730117
B0018,108,263,2008-08-14T20:29:23.812,1.4381406901824496,2.0,71.90703450912248,24.0,221,2888.25,True,,3.9218958111847977,3.8708567393987936,3.7890928005445694,3.6734306814357045,3.7803311251785874,-0.0004247378082858935,-2.0081257252790525,0.0008050240675686938,26.460212565100104,4.516053202330031
B0018,109,265,2008-08-15T00:08:59.578,1.4283681980964316,2.0,71.41840990482157,24.0,208,2873.906,True,,3.9212867429486704,3.8691143621795825,3.786695263985179,3.6723618585116493,3.777914489804457,-0.0004287066670612701,-2.0075332157062307,0.0012329342664051917,26.299725037733456,4.49069065135755
B0018,110,267,2008-08-15T03:59:10.796,1.4147874517552432,2.0,70.73937258776216,24.0,217,2847.406,True,,3.915448786129855,3.862586779464291,3.779989526162846,3.6622153379258524,3.7709057593340107,-0.0004317754975931118,-2.008041073657587,0.001156335885321797,26.075989786597354,4.540644024886397
B0018,111,270,2008-08-15T08:19:52.703,1.413889163393182,2.0,70.6944581696591,24.0,205,2849.281,True,,3.9166791791896403,3.8630704019742472,3.779990942598947,3.6634250141972795,3.7710335699920616,-0.0004336930360188897,-2.0078937915699053,0.0012623093424161491,25.876282896646018,4.5299905283109645
B0018,112,272,2008-08-15T12:00:03.390,1.3989331662177225,2.0,69.94665831088612,24.0,215,2833.688,True,,3.9119692707609985,3.8584669494835273,3.7749333007588315,3.659749842438119,3.765786711114149,-0.0004359047741778053,-2.0081708646856136,0.0009333877119749965,25.974965699717767,4.548697383157279
B0018,113,274,2008-08-15T15:37:16.687,1.3953322584033976,2.0,69.76661292016988,24.0,214,2826.453,True,,3.9149912638919444,3.861693315761892,3.7783691006421747,3.6620166102258915,3.7690513346278487,-0.0004364844331964156,-2.008326344468821,0.0014137255072802734,26.426842302553492,4.512810063619295
B0018,114,276,2008-08-15T19:13:34.203,1.390046129540245,2.0,69.50230647701225,24.0,213,2818.312,True,,3.916183885050782,3.862823045040458,3.779131383448137,3.6619794986071637,3.76970845666341,-0.0004385527536602057,-2.0085540722011386,0.0016112177077081118,26.893640500266322,4.5071329550257815
B0018,115,279,2008-08-15T23:27:04.375,1.3860271454209647,2.0,69.30135727104823,24.0,212,2812.7189999999973,True,,3.911442737180435,3.857409310938228,3.773654302041557,3.6562654128275605,3.764266741386075,-0.0004395349431092559,-2.008059453740612,0.0011241042141171334,26.692957589715263,4.54472331574247
B0018,116,282,2008-08-16T03:52:55.640,1.388215260193751,2.0,69.41076300968754,24.0,211,2803.5,True,,3.9169331780366172,3.861651793150281,3.7763798711548575,3.6574609173042587,3.767478830514236,-0.00044307372529975547,-2.007915876455509,0.001143057073649267,26.209706726795076,4.651899033648004
B0018,117,284,2008-08-16T07:37:37.796,1.3761826562394497,2.0,68.80913281197249,24.0,209,2783.25,True,,3.908905631610066,3.853725225284861,3.769146011975321,3.6495038387512353,3.7596321153635337,-0.00044472361813814777,-2.0078171542697634,0.001346437186509295,26.07502263949844,4.563645373552106
B0018,118,286,2008-08-16T11:21:22.140,1.3647168898640165,2.0,68.23584449320083,24.0,208,2776.391,True,,3.9065646171000536,3.8509246817649663,3.7658639413056534,3.6452177046740952,3.7561247084056113,-0.00044718628843855594,-2.0077289417420388,0.0012904691688006762,25.86445729172281,4.552349668756207
B0018,119,288,2008-08-16T15:02:56.640,1.3589854739373584,2.0,67.94927369686792,24.0,207,2766.516,True,,3.905676826028034,3.849137749113252,3.763565119428794,3.642463571046658,3.753992591027169,-0.0004495489855244708,-2.0070364792400532,0.0012848468870441025,25.74891558708671,4.598124568664126
B0018,120,291,2008-08-16T19:15:49.609,1.3462308764008801,2.0,67.31154382004401,24.0,201,2751.516,True,,3.899122787206406,3.8410953961518253,3.7552249367508845,3.634234673701815,3.7457729656732015,-0.00045089144982696916,-2.007604871630421,0.0013047167857799962,25.491158611982225,4.652958450363688
B0018,121,294,2008-08-18T14:27:16.015,1.4268427818454643,2.0,71.34213909227321,24.0,212,2848.859,True,,3.9207985267893877,3.867827477383938,3.7841537880400478,3.665785255287917,3.7757018565070455,-0.00043254608442944663,-2.0080947663532336,0.0011768125071571647,25.40360441077276,4.663521405498802
B0018,122,296,2008-08-18T18:08:54.125,1.4064481483279663,2.0,70.32240741639832,24.0,211,2840.016,True,,3.914748604047525,3.8618250567245944,3.7783322380011315,3.6632210925320887,3.76920309019233,-0.00043526054886607003,-2.007882135305967,0.001078114018798939,25.90139943828591,4.527676219004864
B0018,123,298,2008-08-18T21:48:48.484,1.3934907492075153,2.0,69.67453746037576,24.0,209,2817.375,True,,3.9150693156408916,3.8613945306881603,3.7776696756076693,3.660889796991159,3.7682903078359655,-0.00043917872865527265,-2.0078180173996576,0.0012018969247225614,26.110274703961707,4.505335230115691
B0018,124,300,2008-08-19T01:25:43.656,1.3882493512249316,2.0,69.41246756124659,24.0,208,2809.234,True,,3.9133300165874143,3.8591037113209907,3.7746815274530254,3.657015961199703,3.765305033724618,-0.0004423488514480856,-2.0075734526001487,0.001249819906068096,26.04267177365169,4.50382455848143
B0018,125,302,2008-08-19T05:17:05.812,1.3701878338420928,2.0,68.50939169210464,24.0,206,2791.187,True,,3.9076804381858032,3.852886009114501,3.7683375906279135,3.6498189222248887,3.7586371110149224,-0.00044471882667818953,-2.007598569778794,0.0012634704381935136,25.890830715075953,4.547630846703527
B0018,126,305,2008-08-19T09:39:42.500,1.3796951665608619,2.0,68.9847583280431,24.0,206,2794.016,True,,3.9103231059964036,3.855833894347764,3.771382072545187,3.652336462534253,3.761702064010179,-0.00044495752581020923,-2.0080276685562173,0.0011033629423024675,25.867935654420545,4.561553106294866
B0018,127,307,2008-08-19T13:17:33.984,1.3686586323935683,2.0,68.43293161967841,24.0,204,2774.719,True,,3.910141106690206,3.855243345433491,3.7706031190935523,3.6502975561753925,3.7607050129172266,-0.00044748919517527663,-2.0084174262844137,0.0011013415616955996,26.186459796903165,4.540249614155265
B0018,128,309,2008-08-19T16:54:51.734,1.3627371779096438,2.0,68.13685889548219,24.0,204,2777.844,True,,3.911410761402799,3.856405231402027,3.771509459811924,3.650499337822347,3.7614665344557277,-0.00044923262094374,-2.0088393123919532,0.001285348010778541,26.74369005393679,4.506280623031753
B0018,129,311,2008-08-19T20:32:20.468,1.3634051133928073,2.0,68.17025566964037,24.0,204,2781.125,True,,3.911978746377375,3.857311478290525,3.7728472202028698,3.650907117600204,3.7624668287102923,-0.0004496211111928418,-2.0082493352941797,0.0010134366334130043,27.0174819664419,4.437652247953906
B0018,130,314,2008-08-20T00:43:05.406,1.3518646035305233,2.0,67.59323017652616,24.0,202,2760.906,True,,3.9036945506271814,3.8481736804049236,3.762959310412361,3.6412448322735744,3.7527703895880187,-0.0004517033110770136,-2.0078299461653097,0.0016670138218451282,26.630745819189492,4.534398047337824
B0018,131,317,2008-08-20T05:02:00.296,1.3547969729652622,2.0,67.7398486482631,24.0,201,2753.25,True,,3.908444019564309,3.852652574770537,3.7674422855954783,3.6438824353935435,3.7572044624689678,-0.0004530937847300203,-2.0076887740846283,0.0009525564663601557,26.45031057905608,4.557137121036082
B0018,132,319,2008-08-20T08:37:19.515,1.341051440640485,2.0,67.05257203202424,24.0,200,2742.843,True,,3.9051979877443785,3.8483757498656983,3.7618518495786386,3.6381884091381207,3.7517898475698286,-0.00045704654735541546,-2.0078014638185904,0.0011649423941755487,26.16496637351515,4.53089941318288
