segment_id,vehicle,session_index,split,proxy_capacity_ah,soc_start,voltage_start,voltage_60,voltage_300,voltage_600,current_mean,tmax_mean,temperature_rise,cell_gap_mean,cell_gap_max
vehicle_003_session_00001,vehicle_003,1,train,135.23840097676916,5.2,316.1,318.5,320.8,322.8,-44.51447371052632,39.0,0,0.020381578947368445,0.022999999999999687
vehicle_003_session_00002,vehicle_003,2,train,133.38805494791666,54.4,341.1,341.3875,342.8,344.9,-39.100010000000005,38.0,0,0.018447368421052657,0.020000000000000018
vehicle_003_session_00003,vehicle_003,3,train,136.5108804175865,39.2,331.6,332.75,334.7,337.4,-73.30133539473684,39.0,0,0.026171052631578928,0.028999999999999915
vehicle_003_session_00004,vehicle_003,4,train,134.60343425111668,20.0,326.6,328.075,329.6,330.8,-73.959996,31.44,1,0.02461333333333336,0.026000000000000245
vehicle_003_session_00005,vehicle_003,5,train,130.67520645645646,28.4,327.7,328.55,329.6,330.3,-38.986666666666665,29.0,0,0.014293333333333364,0.016000000000000014
vehicle_003_session_00006,vehicle_003,6,train,131.84095648791154,34.8,331.0,332.15,333.9,336.3,-74.05132065789473,28.75,2,0.025210526315789496,0.02799999999999958
vehicle_003_session_00007,vehicle_003,7,train,133.03045582788673,18.0,324.6,327.7,329.4,330.5,-73.39474171052632,32.05263157894737,1,0.02489473684210528,0.027000000000000135
vehicle_003_session_00008,vehicle_003,8,train,134.35609643614973,42.0,332.7,333.85,336.25,339.9,-70.29334533333333,35.2,1,0.026453333333333322,0.029999999999999805
vehicle_003_session_00009,vehicle_003,9,train,130.66598360655738,20.8,325.5,325.9,326.7,327.4,-26.0,37.0,0,0.011078947368421025,0.01200000000000001
vehicle_003_session_00010,vehicle_003,10,train,134.2943240803303,42.0,331.7,332.4,333.8,335.5,-45.20264184210527,40.0,0,0.01790789473684212,0.020000000000000018
vehicle_003_session_00011,vehicle_003,11,train,136.0667070991024,8.0,320.7,322.29999999999995,325.2,327.5,-74.51733613333334,37.0,0,0.02743999999999996,0.029999999999999805
vehicle_003_session_00012,vehicle_003,12,train,135.40205943865743,3.6,318.0,319.6,322.75,325.5,-69.9710497368421,42.0,0,0.027631578947368406,0.03000000000000025
vehicle_003_session_00013,vehicle_003,13,train,138.4390724794239,78.0,361.3,362.75,366.3,370.7,-70.04210881578946,40.93421052631579,1,0.027513157894736833,0.028999999999999915
vehicle_003_session_00014,vehicle_003,14,train,132.00568770576132,36.8,330.2,330.8,332.1,333.3,-45.100010000000005,37.053333333333335,1,0.016746666666666694,0.018000000000000238
vehicle_003_session_00015,vehicle_003,15,train,131.75917512125216,22.8,326.6,327.29999999999995,328.3,329.2,-45.088008666666674,36.38666666666666,1,0.01670666666666666,0.018000000000000238
vehicle_003_session_00016,vehicle_003,16,train,135.40243783107235,13.6,322.2,322.875,324.7,326.0,-40.20001,37.0,0,0.01699999999999997,0.020000000000000018
vehicle_003_session_00017,vehicle_003,17,train,131.60255664141417,15.6,324.2,325.75,328.1,329.6,-70.70132815789472,40.0,0,0.02567105263157894,0.028000000000000025
vehicle_003_session_00018,vehicle_003,18,train,135.04521628506603,18.8,326.0,327.15,328.85,330.0,-70.07333986666667,43.0,0,0.025653333333333337,0.029999999999999805
vehicle_003_session_00019,vehicle_003,19,train,133.8870517966361,50.4,337.5,339.35,343.0,346.8,-74.04079355263157,42.89473684210526,1,0.030513157894736877,0.03400000000000025
vehicle_003_session_00020,vehicle_003,20,train,132.74003572530864,26.0,328.3,329.5,330.75,332.1,-74.19467706666666,41.21333333333333,1,0.025413333333333364,0.027000000000000135
vehicle_003_session_00021,vehicle_003,21,train,134.68938439009665,53.2,341.4,342.2,344.9375,348.6,-74.03333693333335,44.0,0,0.029573333333333344,0.03100000000000014
vehicle_003_session_00022,vehicle_003,22,train,134.23180458733975,56.4,341.1,342.29999999999995,344.3,346.4,-39.70001,39.0,0,0.019131578947368433,0.020999999999999908
vehicle_003_session_00023,vehicle_003,23,train,133.19166558415031,27.6,327.2,328.3,329.2,330.2,-44.97734346666667,41.17333333333333,1,0.01686666666666671,0.018000000000000238
vehicle_003_session_00024,vehicle_003,24,train,133.15913394538612,44.0,332.4,333.1,334.7,336.8,-45.003947763157896,41.0,0,0.018789473684210536,0.020999999999999908
vehicle_003_session_00025,vehicle_003,25,train,140.32437296489198,70.8,354.7,355.3,357.2,359.7,-45.0,41.0,0,0.02010526315789473,0.021999999999999797
vehicle_003_session_00026,vehicle_003,26,train,132.606180151644,18.0,324.9,325.75,327.15,328.0,-45.20132592105264,40.0,0,0.018999999999999972,0.022999999999999687
vehicle_003_session_00027,vehicle_003,27,train,132.28342250694445,44.8,334.4,334.6,335.8,337.7,-40.08553486842105,35.64473684210526,1,0.01790789473684211,0.020999999999999908
vehicle_003_session_00028,vehicle_003,28,train,139.08233617424244,77.6,358.9,361.1,363.5,366.3,-44.84667746666667,34.946666666666665,1,0.01992000000000005,0.021999999999999353
vehicle_003_session_00029,vehicle_003,29,train,134.8172464914021,15.6,322.2,323.1,324.1,325.2,-25.96053631578948,39.171052631578945,-1,0.013592105263157888,0.015000000000000124
vehicle_003_session_00030,vehicle_003,30,train,134.75388653125,19.6,324.9,326.1,327.45,328.3,-45.04474789473685,40.0,0,0.017802631578947365,0.020999999999999908
vehicle_003_session_00031,vehicle_003,31,train,133.02960567544847,9.2,319.6,321.4,323.3,325.2,-44.93334533333334,35.12,0,0.018400000000000003,0.020999999999999908
vehicle_003_session_00032,vehicle_003,32,train,132.05989580439814,35.6,330.5,331.42499999999995,333.2,335.2,-70.00131592105264,37.39473684210526,1,0.02463157894736843,0.02699999999999969
vehicle_003_session_00033,vehicle_003,33,train,138.94798830589858,67.2,353.0,353.70000000000005,356.8,360.7,-70.0,40.0,0,0.027802631578947367,0.02900000000000036
vehicle_003_session_00034,vehicle_003,34,train,134.8862151756536,58.0,341.6,343.25,345.75,348.0,-37.67630818421052,36.0,0,0.018276315789473727,0.020000000000000018
vehicle_003_session_00035,vehicle_003,35,train,133.29798836074175,23.6,325.0,326.5,328.0,328.8,-37.36842095131579,35.0,0,0.014276315789473701,0.016000000000000014
vehicle_003_session_00036,vehicle_003,36,train,133.57860300245102,11.2,321.1,322.2,324.0,325.5,-40.20001,34.0,0,0.016986842105263186,0.019000000000000128
vehicle_003_session_00037,vehicle_003,37,train,135.4408733036978,36.8,331.0,332.2,334.0,336.4,-74.20264355263159,33.18421052631579,2,0.025828947368421052,0.028000000000000025
vehicle_003_session_00038,vehicle_003,38,train,132.00943469536526,15.2,324.7,326.05,328.3,329.6,-70.4539427631579,32.973684210526315,1,0.025144736842105282,0.028000000000000025
vehicle_003_session_00039,vehicle_003,39,train,135.61766972610724,42.4,332.4,333.85,336.3,339.9,-70.85263157894735,35.88157894736842,1,0.02653947368421051,0.03100000000000014
vehicle_003_session_00040,vehicle_003,40,train,134.1745963675214,42.8,331.9,332.6,333.85,335.7,-40.293440394736855,36.0,0,0.01647368421052633,0.018000000000000238
vehicle_003_session_00041,vehicle_003,41,train,134.48514652469137,9.6,321.6,322.9,325.7,327.8,-70.20395789473682,37.89473684210526,1,0.02588157894736837,0.027000000000000135
vehicle_003_session_00042,vehicle_003,42,train,134.92731558512762,16.0,324.4,325.5,328.0,329.2,-70.11200653333331,37.973333333333336,1,0.025333333333333315,0.027000000000000135
vehicle_003_session_00043,vehicle_003,43,train,136.32580517013892,59.6,345.3,347.1,350.3,354.3,-70.58684894736841,37.0,0,0.02735526315789474,0.028999999999999915
vehicle_003_session_00044,vehicle_003,44,train,133.48765089814816,44.8,332.1,333.25,334.7,336.6,-38.78132346666666,38.0,0,0.01694666666666666,0.020000000000000018
vehicle_003_session_00045,vehicle_003,45,train,133.09606564265536,28.8,329.1,329.79999999999995,330.5,331.4,-46.269747631578944,34.89473684210526,1,0.01675000000000002,0.018000000000000238
vehicle_003_session_00046,vehicle_003,46,train,131.94332673611115,29.2,326.6,328.0,329.2,330.2,-37.55657160526315,37.0,0,0.014447368421052658,0.016999999999999904
vehicle_003_session_00047,vehicle_003,47,train,131.69237720588237,21.2,325.5,326.4,327.4,328.2,-39.16001,40.0,0,0.015493333333333333,0.017000000000000348
vehicle_003_session_00048,vehicle_003,48,train,131.9535221496006,16.8,323.6,324.29999999999995,325.9,327.2,-40.0,40.55263157894737,-1,0.01793421052631576,0.020000000000000018
vehicle_003_session_00049,vehicle_003,49,train,134.35451750140294,59.2,344.6,346.20000000000005,349.65,353.9,-74.76448328947369,42.85526315789474,1,0.029447368421052656,0.03100000000000014
vehicle_003_session_00050,vehicle_003,50,train,133.65590562914616,8.400001,321.1,322.75,325.6,327.8,-71.43200666666668,33.84,1,0.026586666666666658,0.028000000000000025
vehicle_003_session_00051,vehicle_003,51,train,135.176161988523,32.8,329.9,330.9,332.4,334.1,-69.40788815789472,31.81578947368421,1,0.023605263157894754,0.025000000000000355
vehicle_003_session_00052,vehicle_003,52,train,132.6478158923797,22.8,327.2,328.6,330.1,331.4,-75.28947421052632,36.73684210526316,1,0.02568421052631582,0.027000000000000135
vehicle_003_session_00053,vehicle_003,53,train,134.7069047909825,18.4,325.3,326.79999999999995,328.70000000000005,330.0,-70.84342249999999,37.0,0,0.02522368421052635,0.028000000000000025
vehicle_003_session_00054,vehicle_003,54,train,132.60077943862004,40.4,329.6,330.875,332.5,333.8,-37.285328535999994,36.0,0,0.014760000000000014,0.016999999999999904
vehicle_003_session_00055,vehicle_003,55,train,134.6624575516796,64.4,348.2,349.65,351.9,353.9,-37.70657365789474,37.0,0,0.017750000000000016,0.019000000000000128
vehicle_003_session_00056,vehicle_003,56,train,134.02397566598364,47.2,333.2,334.6,336.4,338.9,-39.85714662337662,38.0,0,0.01923376623376624,0.02300000000000013
vehicle_003_session_00057,vehicle_003,57,train,132.16390835829702,32.0,329.9,330.875,332.275,334.1,-74.1853436,35.626666666666665,1,0.02553333333333334,0.028000000000000025
vehicle_003_session_00058,vehicle_003,58,train,131.56449074780292,28.0,326.4,328.55,329.6,330.5,-44.594746868421055,34.0,0,0.016421052631578986,0.019000000000000128
vehicle_003_session_00059,vehicle_003,59,train,132.30197804832176,14.8,321.4,323.0,325.0,326.6,-37.663148,32.0,0,0.016171052631578902,0.018000000000000238
vehicle_003_session_00060,vehicle_003,60,train,138.541692965535,78.0,361.8,362.29999999999995,364.4,367.1,-45.100010000000005,34.0,0,0.019671052631578995,0.021000000000000796
vehicle_003_session_00061,vehicle_003,61,train,135.16712522135418,35.6,329.7,330.5,331.7,333.0,-50.65132513157896,30.355263157894736,1,0.017973684210526305,0.019000000000000128
vehicle_003_session_00062,vehicle_003,62,train,132.45349071514428,16.4,324.2,325.1,326.79999999999995,327.8,-45.21053736842106,34.0,0,0.01855263157894734,0.020999999999999908
vehicle_003_session_00063,vehicle_003,63,train,134.88576024114778,26.8,326.6,327.9,328.9,329.9,-44.78684289473684,33.0,0,0.016460526315789502,0.018000000000000238
vehicle_003_session_00064,vehicle_003,64,train,132.28821358702635,19.6,323.9,325.4,327.1,327.8,-37.727999573333335,33.0,0,0.01533333333333332,0.018000000000000238
vehicle_003_session_00065,vehicle_003,65,train,137.1059929175034,66.4,351.0,352.65,356.20000000000005,360.2,-70.99210500000001,34.0,0,0.027026315789473683,0.028000000000000025
vehicle_003_session_00066,vehicle_003,66,train,135.38113636559697,35.2,329.2,330.1,331.20000000000005,332.4,-45.18948381578948,36.0,0,0.016605263157894765,0.018000000000000238
vehicle_003_session_00067,vehicle_003,67,train,137.34618411458337,45.2,331.6,333.5,335.2,337.4,-44.82401106666668,39.18666666666667,1,0.018946666666666646,0.021999999999999797
vehicle_003_session_00068,vehicle_003,68,train,136.0694284176587,43.6,331.6,332.8,334.5,336.4,-44.86400986666667,40.0,0,0.018306666666666683,0.020000000000000018
vehicle_003_session_00069,vehicle_003,69,train,133.5404758368201,4.0,316.4,318.4,320.75,322.7,-44.66579092105263,44.0,0,0.02069736842105264,0.02300000000000013
vehicle_003_session_00070,vehicle_003,70,train,133.6354165214002,20.8,326.6,327.8,329.4,330.8,-74.42499881578948,39.776315789473685,1,0.025960526315789507,0.028000000000000025
vehicle_003_session_00071,vehicle_003,71,train,134.16327147486777,15.6,324.2,325.6,328.25,329.6,-74.64400973333333,39.92,1,0.027053333333333325,0.02900000000000036
vehicle_003_session_00072,vehicle_003,72,train,133.27799199864498,17.6,324.6,325.6,327.2,328.2,-48.704010400000016,35.93333333333333,1,0.019399999999999976,0.02300000000000013
vehicle_003_session_00073,vehicle_003,73,train,134.61942218468468,40.4,331.1,331.9,333.2,334.9,-45.11579947368421,36.0,0,0.017342105263157902,0.019000000000000128
vehicle_003_session_00074,vehicle_003,74,train,134.33105889336923,51.2,336.4,337.4375,339.9375,342.1,-38.9039904,39.0,0,0.021506666666666667,0.02400000000000002
vehicle_003_session_00075,vehicle_003,75,train,132.51674527409048,41.2,331.1,332.15,333.6,335.3,-45.13816828947369,33.0,0,0.017486842105263162,0.020000000000000018
vehicle_003_session_00076,vehicle_003,76,train,137.80680930799224,54.0,338.9,340.25,342.75,345.2,-44.706677333333346,33.0,0,0.02156,0.0259999999999998
vehicle_003_session_00077,vehicle_003,77,train,132.73626552469136,10.8,321.7,323.25,326.05,328.2,-70.00263184210526,39.0,0,0.02593421052631577,0.027000000000000135
vehicle_003_session_00078,vehicle_003,78,train,131.95058055984225,18.8,324.1,324.95,326.4,327.5,-39.06053236842106,38.28947368421053,0,0.01749999999999996,0.020000000000000018
vehicle_003_session_00079,vehicle_003,79,train,134.16972737489712,44.8,331.1,332.65,334.79999999999995,336.6,-37.26841247631578,35.05263157894737,1,0.016486842105263147,0.020999999999999908
vehicle_003_session_00080,vehicle_003,80,train,134.3822293513594,24.4,327.7,328.85,330.3,331.7,-74.18158894736841,35.0921052631579,2,0.02517105263157898,0.027000000000000135
vehicle_003_session_00081,vehicle_003,81,train,132.06008075861854,7.6,320.5,322.1,324.79999999999995,327.2,-70.08816631578948,38.0,0,0.026197368421052598,0.028000000000000025
vehicle_003_session_00082,vehicle_003,82,train,131.538537485012,25.2,326.7,327.45,328.425,329.1,-40.10267666666667,32.0,0,0.015093333333333358,0.016000000000000014
vehicle_003_session_00083,vehicle_003,83,train,131.94881232638886,39.2,329.1,331.35,332.7,334.1,-44.76667760000001,32.0,0,0.016959999999999996,0.019000000000000128
vehicle_003_session_00084,vehicle_003,84,train,133.48645403091064,42.8,331.6,332.5,334.1,335.8,-45.2039577631579,34.776315789473685,1,0.01789473684210528,0.020000000000000018
vehicle_003_session_00085,vehicle_003,85,train,132.44649318892573,39.2,332.1,333.0,335.2,338.2,-69.99605486842106,32.93421052631579,1,0.02519736842105264,0.028000000000000025
vehicle_003_session_00086,vehicle_003,86,train,132.98554077314813,9.6,321.7,323.2,326.05,328.2,-73.90665946666668,37.0,0,0.027079999999999983,0.028000000000000025
vehicle_003_session_00087,vehicle_003,87,train,131.98594753732257,6.8,318.3,319.2,320.6,321.7,-26.02237842105264,35.0,0,0.013934210526315792,0.016000000000000014
vehicle_003_session_00088,vehicle_003,88,train,130.79820620039683,30.8,328.6,329.2,330.3,331.3,-45.205343866666674,35.93333333333333,1,0.01669333333333334,0.018000000000000238
vehicle_003_session_00089,vehicle_003,89,train,136.24549143864013,46.0,332.8,333.6,335.2,337.2,-39.0,33.0,0,0.017276315789473685,0.020000000000000018
vehicle_003_session_00090,vehicle_003,90,train,133.03295470477886,15.2,323.6,324.95,327.1375,328.5,-59.91066626666667,34.0,0,0.022519999999999978,0.02499999999999991
vehicle_003_session_00091,vehicle_003,91,train,132.44788521767384,28.8,328.9,329.6,330.2,331.0,-45.200010000000006,34.0,0,0.016499999999999994,0.017999999999999794
vehicle_003_session_00092,vehicle_003,92,train,131.62823920776646,34.8,328.6,329.0,329.7,330.5,-26.100010000000008,37.0,0,0.01109210526315789,0.01200000000000001
vehicle_003_session_00093,vehicle_003,93,train,131.40554500683922,27.2,326.0,327.1,327.7,328.3,-25.771055999999998,35.0,0,0.011131578947368428,0.01200000000000001
vehicle_003_session_00094,vehicle_003,94,train,133.08784306719429,27.6,327.8,328.85,330.0,331.1,-60.04666986666666,37.0,0,0.021173333333333353,0.022999999999999687
vehicle_003_session_00095,vehicle_003,95,train,138.47031612903228,62.4,347.2,348.9,352.29999999999995,356.1,-70.33948710526316,37.973684210526315,1,0.027355263157894757,0.028999999999999915
vehicle_003_session_00096,vehicle_003,96,train,134.3395236313377,17.2,323.8,324.79999999999995,326.7,328.0,-50.307911842105284,34.0,0,0.01997368421052626,0.021999999999999797
vehicle_003_session_00097,vehicle_003,97,train,133.5425839973959,35.6,329.7,330.4,331.65,333.0,-50.754682400000014,35.0,0,0.018453333333333363,0.020000000000000018
vehicle_003_session_00098,vehicle_003,98,train,133.09183004334122,40.4,331.3,332.15,333.70000000000005,335.5,-52.107904736842116,35.98684210526316,0,0.019605263157894775,0.02200000000000024
vehicle_003_session_00099,vehicle_003,99,train,133.65222457723155,4.0,318.0,319.79999999999995,322.9,325.7,-70.1079032894737,37.1578947368421,0,0.02735526315789471,0.02900000000000036
vehicle_003_session_00100,vehicle_003,100,train,134.95842858351142,37.2,330.8,331.79999999999995,333.675,336.0,-70.1786772,38.52,1,0.024986666666666674,0.028000000000000025
vehicle_003_session_00101,vehicle_003,101,train,136.25960978098294,47.6,334.6,336.20000000000005,339.5125,343.8,-69.32534306666666,35.78666666666667,1,0.028199999999999992,0.03100000000000014
vehicle_003_session_00102,vehicle_003,102,train,130.32907886248853,22.4,325.5,326.05,326.7,327.4,-26.06316789473685,37.0,0,0.011210526315789443,0.0129999999999999
vehicle_003_session_00103,vehicle_003,103,train,132.4079083777947,29.2,328.3,329.2,330.5,331.7,-60.02763381578947,36.0,0,0.020881578947368435,0.02300000000000013
vehicle_003_session_00104,vehicle_003,104,train,132.07588459239128,7.6,320.5,321.7,324.1,326.3,-60.0657947368421,37.0,0,0.02319736842105262,0.025000000000000355
vehicle_003_session_00105,vehicle_003,105,train,132.2528092435414,2.4,316.9,318.375,321.3375,323.8,-59.95789578947368,40.0,0,0.02485526315789477,0.026000000000000245
vehicle_003_session_00106,vehicle_003,106,train,134.57803012508126,31.2,329.4,330.375,331.975,333.6,-74.0080068,34.906666666666666,1,0.0252666666666667,0.026000000000000245
vehicle_003_session_00107,vehicle_003,107,train,131.6854738357843,24.0,326.4,327.4,328.4,329.2,-45.83026394736843,36.0,0,0.017078947368421082,0.018000000000000238
vehicle_003_session_00108,vehicle_003,108,train,134.3608111984365,32.8,328.6,329.4,330.5,331.6,-45.18685210526316,35.88157894736842,1,0.016486842105263164,0.018000000000000238
vehicle_003_session_00109,vehicle_003,109,train,134.0148914027778,58.8,343.0,344.65,346.9,349.3,-45.05601106666668,39.86666666666667,1,0.020173333333333286,0.02200000000000024
vehicle_003_session_00110,vehicle_003,110,train,132.4211346314908,6.8,318.5,319.6,321.4,323.2,-40.02895289473684,36.0,0,0.017934210526315802,0.020000000000000018
vehicle_003_session_00111,vehicle_003,111,train,133.54580330808082,45.2,331.4,332.75,334.79999999999995,336.6,-37.35263586842107,38.0,0,0.016210526315789477,0.019000000000000128
vehicle_003_session_00112,vehicle_003,112,train,133.3477300395005,54.0,338.9,340.35,342.8,345.5,-45.13027315789474,33.0,0,0.022105263157894767,0.0259999999999998
vehicle_003_session_00113,vehicle_003,113,train,135.49945187880522,41.2,332.1,333.2,335.4,338.3,-70.3236855263158,32.5921052631579,1,0.025381578947368377,0.028999999999999915
vehicle_003_session_00114,vehicle_003,114,train,133.42528505482454,50.4,336.1,338.70000000000005,342.9,346.9,-74.11868253333333,37.92,1,0.03020000000000005,0.03300000000000036
vehicle_003_session_00115,vehicle_003,115,train,131.73356599664996,20.0,326.6,328.0,329.65,331.0,-74.04342447368421,33.31578947368421,1,0.025328947368421072,0.028000000000000025
vehicle_003_session_00116,vehicle_003,116,train,133.45916714485867,50.8,336.4,337.75,341.4,344.9,-60.05395157894738,34.0,0,0.026460526315789462,0.02900000000000036
vehicle_003_session_00117,vehicle_003,117,train,131.9871767464451,28.8,328.3,330.1,331.5,333.3,-74.55527671052631,35.69736842105263,1,0.025157894736842133,0.027000000000000135
vehicle_003_session_00118,vehicle_003,118,train,131.0631077148438,16.8,323.9,324.7,326.4,327.7,-45.20132592105264,34.0,0,0.018460526315789434,0.020999999999999908
vehicle_003_session_00119,vehicle_003,119,train,130.98460404990172,13.6,322.2,323.2,325.0,326.6,-44.67632578947369,38.0,0,0.018421052631578887,0.020000000000000018
vehicle_003_session_00120,vehicle_003,120,train,137.16955368457303,51.2,337.1,339.1,343.3,347.4,-74.0131630263158,40.96052631578947,1,0.03047368421052633,0.03400000000000025
vehicle_003_session_00121,vehicle_003,121,train,132.63677693910256,46.8,334.6,336.05,339.5,343.9,-74.10800613333333,37.733333333333334,1,0.02978666666666666,0.03200000000000003
vehicle_003_session_00122,vehicle_003,122,train,133.80356135416667,15.6,323.5,324.95,327.5,329.1,-70.06842710526315,38.0,0,0.02573684210526315,0.028000000000000025
vehicle_003_session_00123,vehicle_003,123,train,132.34196421957674,42.4,331.6,332.4,333.6,335.3,-40.10264157894737,34.0,0,0.016105263157894727,0.018000000000000238
vehicle_003_session_00124,vehicle_003,124,train,133.34318529636926,44.8,332.2,333.0,334.6,336.4,-40.278965263157914,32.5921052631579,1,0.016855263157894762,0.019000000000000128
vehicle_003_session_00125,vehicle_003,125,train,133.95228943399044,50.4,336.4,338.55,342.75,346.9,-73.92400213333333,35.48,1,0.029906666666666682,0.03300000000000036
vehicle_003_session_00126,vehicle_003,126,train,130.7197001939789,27.6,328.8,329.79999999999995,331.3,332.8,-74.17764236842105,36.89473684210526,1,0.025447368421052663,0.02699999999999969
vehicle_003_session_00127,vehicle_003,127,train,133.90405952199075,50.8,334.7,336.55,339.4,342.1,-37.76710357894737,34.0,0,0.021315789473684222,0.02400000000000002
vehicle_003_session_00128,vehicle_003,128,train,131.17345776681285,23.6,326.3,327.15,328.2,329.1,-44.65922052631579,34.0,0,0.01653947368421057,0.018000000000000238
vehicle_003_session_00129,vehicle_003,129,train,135.95934507359925,52.8,338.6,341.05,344.9375,348.9,-73.41065826666666,30.48,1,0.029840000000000005,0.03400000000000025
vehicle_003_session_00130,vehicle_003,130,train,130.65272024122802,30.4,327.8,328.6,329.6,330.5,-40.0680068,30.666666666666668,1,0.01490666666666667,0.016000000000000014
vehicle_003_session_00131,vehicle_003,131,train,135.94144089954784,48.0,334.9,336.4,339.95,344.3,-69.77633342105261,31.43421052631579,1,0.02848684210526314,0.03100000000000014
vehicle_003_session_00132,vehicle_003,132,train,135.0481997098215,43.6,333.0,334.5,337.04999999999995,341.1,-74.09737539473683,34.8421052631579,1,0.02814473684210527,0.03299999999999992
vehicle_003_session_00133,vehicle_003,133,train,131.27769282653665,10.8,322.2,323.70000000000005,326.4,328.5,-69.9578905263158,32.85526315789474,1,0.025815789473684177,0.027000000000000135
vehicle_003_session_00134,vehicle_003,134,train,132.02366522435895,6.8,318.5,319.7,321.79999999999995,323.6,-45.06316421052632,35.578947368421055,-1,0.019473684210526344,0.02200000000000024
vehicle_003_session_00135,vehicle_003,135,train,132.01517865608466,10.8,319.4,320.9,323.1,324.9,-37.398674684210526,34.0,0,0.016263157894736816,0.018000000000000238
vehicle_003_session_00136,vehicle_003,136,train,133.41812996153845,42.8,330.5,331.9,333.6,335.2,-37.55525365789474,33.38157894736842,1,0.015526315789473687,0.018000000000000238
vehicle_003_session_00137,vehicle_003,137,train,132.08383363309352,20.8,324.2,326.1,327.5,328.3,-44.69066906666667,33.0,0,0.01737333333333332,0.019000000000000128
vehicle_003_session_00138,vehicle_003,138,train,131.8048044569672,30.8,328.2,328.9,329.9,331.0,-44.97333066666666,30.813333333333333,1,0.016333333333333346,0.017999999999999794
vehicle_003_session_00139,vehicle_003,139,train,134.24084174679493,66.4,350.5,352.29999999999995,355.8,359.9,-70.94799479999999,32.96,1,0.026893333333333356,0.028000000000000025
vehicle_003_session_00140,vehicle_003,140,train,132.95406565305836,53.2,339.4,341.35,344.65,348.0,-60.0013175,29.06578947368421,1,0.026013157894736846,0.03100000000000014
vehicle_003_session_00141,vehicle_003,141,train,131.6289855335203,11.6,320.2,322.6,324.5,326.3,-44.6666768,28.213333333333335,1,0.017959999999999966,0.020000000000000018
vehicle_003_session_00142,vehicle_003,142,train,129.58535308764067,23.2,327.5,328.8,330.2,331.6,-74.05395236842106,32.69736842105263,1,0.025065789473684236,0.027000000000000135
vehicle_003_session_00143,vehicle_003,143,train,131.51544500330687,52.8,338.6,340.65,344.6,348.5,-69.83552513157895,37.18421052631579,1,0.029263157894736828,0.03299999999999992
vehicle_003_session_00144,vehicle_003,144,train,130.77546331908835,42.0,331.7,332.6,334.15,336.3,-49.50263184210527,34.25,1,0.01910526315789477,0.02200000000000024
vehicle_003_session_00145,vehicle_003,145,train,131.92219905660377,47.2,333.6,334.65,336.70000000000005,339.4,-45.12534333333333,34.0,0,0.020040000000000002,0.02300000000000013
vehicle_003_session_00146,vehicle_003,146,train,130.8278537729095,56.0,341.0,342.2,344.4,346.8,-39.702641842105265,34.0,0,0.019684210526315794,0.021999999999999797
vehicle_003_session_00147,vehicle_003,147,train,129.26972395016338,13.2,323.8,325.1,327.75,329.2,-69.98684078947367,29.539473684210527,1,0.025157894736842098,0.028000000000000025
vehicle_003_session_00148,vehicle_003,148,train,127.34605026199498,27.6,326.3,327.6,329.1,329.9,-37.6,29.69333333333333,1,0.014186666666666655,0.016000000000000014
vehicle_003_session_00149,vehicle_003,149,train,129.66437204632678,36.8,330.8,332.15,334.0,336.4,-70.14667693333334,28.773333333333333,1,0.024560000000000002,0.026000000000000245
vehicle_003_session_00150,vehicle_003,150,train,117.59065353835979,61.2,346.9,348.0,349.35,350.8,-25.897378421052636,30.0,0,0.014894736842105242,0.016000000000000014
vehicle_003_session_00151,vehicle_003,151,train,130.8692300462963,44.0,331.0,332.35,334.6,336.3,-37.346662586666675,28.0,0,0.015800000000000005,0.019000000000000128
vehicle_003_session_00152,vehicle_003,152,train,129.47438593073593,31.6,327.1,328.45000000000005,329.9,331.0,-37.49066906666666,28.0,0,0.01413333333333331,0.016000000000000014
vehicle_003_session_00153,vehicle_003,153,train,129.1638073366013,14.8,321.9,324.0,325.8,327.2,-44.621334,29.85333333333333,1,0.01833333333333331,0.020000000000000018
vehicle_003_session_00154,vehicle_003,154,train,129.2780890867248,26.0,326.1,328.2,329.1,330.0,-44.653957500000004,29.210526315789473,1,0.016092105263157956,0.018000000000000238
vehicle_003_session_00155,vehicle_003,155,train,128.06788691314554,24.8,326.7,327.5,328.5,329.4,-40.20001,31.0,0,0.01501315789473689,0.017000000000000348
vehicle_003_session_00156,vehicle_003,156,train,130.17382481894848,41.6,332.5,333.70000000000005,336.05,339.4,-69.6381664473684,30.736842105263158,1,0.025499999999999978,0.028000000000000025
vehicle_003_session_00157,vehicle_003,157,train,131.5916240763215,56.4,342.4,344.35,348.0,352.4,-74.30001999999999,34.86842105263158,1,0.02903947368421049,0.03200000000000003
vehicle_003_session_00158,vehicle_003,158,train,130.16204111459788,2.0,316.7,318.0,320.6,322.8,-49.672378421052635,36.0,0,0.02148684210526317,0.02300000000000013
vehicle_003_session_00159,vehicle_003,159,train,130.52235000166135,8.8,320.5,322.0,324.4,326.6,-59.944736578947364,35.0,0,0.023223684210526296,0.025000000000000355
vehicle_003_session_00160,vehicle_003,160,train,129.7049116977226,25.2,327.2,328.4,329.6375,330.8,-59.99333279999999,33.373333333333335,1,0.020586666666666663,0.022999999999999687
vehicle_003_session_00161,vehicle_003,161,train,129.02669867621526,16.8,324.9,326.0,327.875,329.1,-59.89066746666666,31.85333333333333,1,0.02213333333333335,0.02400000000000002
vehicle_003_session_00162,vehicle_003,162,train,131.72036186167233,58.0,343.2,345.4,349.1,353.3,-69.76317434210526,27.80263157894737,1,0.02642105263157896,0.028999999999999915
vehicle_003_session_00163,vehicle_003,163,train,130.3329312600644,42.4,331.7,332.6,334.15,336.0,-45.005263684210526,30.93421052631579,1,0.017631578947368432,0.020000000000000018
vehicle_003_session_00164,vehicle_003,164,train,129.56975593171296,10.8,322.2,323.9,326.79999999999995,328.9,-74.02000173333333,31.0,0,0.027333333333333355,0.028999999999999915
vehicle_003_session_00165,vehicle_003,165,train,128.82680022321432,16.0,324.9,326.20000000000005,328.55,329.9,-70.1868519736842,30.92105263157895,1,0.025013157894736862,0.028000000000000025
vehicle_003_session_00166,vehicle_003,166,train,128.88668728718642,26.8,328.6,329.7,331.0,332.4,-70.1407994736842,31.61842105263158,1,0.023960526315789498,0.0259999999999998
vehicle_003_session_00167,vehicle_003,167,train,126.84350332830775,28.0,329.2,330.25,331.7,333.5,-69.91447513157895,27.355263157894736,2,0.0234605263157895,0.025000000000000355
vehicle_003_session_00168,vehicle_003,168,train,127.00429929967044,34.4,330.3,331.4,333.2,335.2,-70.02133520000001,30.613333333333333,1,0.02425333333333334,0.026000000000000245
vehicle_003_session_00169,vehicle_003,169,train,129.1532948822464,60.8,344.9,346.0,348.2,350.7,-39.80528157894739,28.0,0,0.01830263157894736,0.020000000000000018
vehicle_003_session_00170,vehicle_003,170,train,127.77100262345678,24.4,328.0,329.2,330.75,332.2,-74.41315763157895,30.17105263157895,2,0.02485526315789477,0.026000000000000245
vehicle_003_session_00171,vehicle_003,171,train,132.18028987835876,38.4,330.5,331.20000000000005,332.7,334.1,-45.19200933333334,27.893333333333334,1,0.016786666666666665,0.019000000000000128
vehicle_003_session_00172,vehicle_003,172,train,127.36904789055973,44.0,332.7,333.8,335.75,338.5,-52.00921144736842,28.592105263157894,1,0.020684210526315784,0.02400000000000002
vehicle_003_session_00173,vehicle_003,173,train,124.5664207175926,34.0,329.4,330.25,331.4,332.7,-45.10134333333333,28.56,1,0.01628000000000003,0.017000000000000348
vehicle_003_session_00174,vehicle_003,174,train,126.93414142183046,18.4,323.6,325.6,327.1,328.2,-44.22763210526316,30.0,0,0.017302631578947344,0.019999999999999574
vehicle_003_session_00175,vehicle_003,175,train,127.30010858699268,14.4,322.8,323.675,325.3,326.7,-40.00666733333333,30.0,0,0.016786666666666613,0.019000000000000128
vehicle_003_session_00176,vehicle_003,176,train,127.56816795728511,12.8,322.2,323.0,324.7,326.3,-40.20790552631579,30.0,0,0.016881578947368425,0.018000000000000238
vehicle_003_session_00177,vehicle_003,177,train,127.22539766967355,20.0,326.0,326.9,328.2,329.1,-49.95394276315789,32.0,0,0.01824999999999999,0.020000000000000018
vehicle_003_session_00178,vehicle_003,178,train,129.0252421903461,45.2,332.7,333.85,335.925,338.5,-50.188010000000006,30.546666666666667,1,0.02030666666666664,0.02300000000000013
vehicle_003_session_00179,vehicle_003,179,train,127.55104363799282,38.4,330.2,331.0,332.2,333.6,-39.91065773333333,25.0,0,0.01481333333333333,0.016999999999999904
vehicle_003_session_00180,vehicle_003,180,train,127.75881985930738,36.0,330.0,330.9,332.1,333.6,-49.20790552631579,26.736842105263158,1,0.017684210526315847,0.020000000000000018
vehicle_003_session_00181,vehicle_003,181,train,128.86158472566012,57.2,342.7,344.3,346.9,349.7,-49.69474684210527,32.0,0,0.021368421052631585,0.02400000000000002
vehicle_003_session_00182,vehicle_003,182,train,126.77524990752376,18.4,326.1,327.5,329.2,330.5,-69.82667706666666,27.866666666666667,1,0.02396000000000002,0.0259999999999998
vehicle_003_session_00183,vehicle_003,183,train,125.7983070445563,26.0,325.8,327.29999999999995,328.8,329.7,-37.38025821315789,31.0,0,0.014276315789473719,0.016000000000000014
vehicle_003_session_00184,vehicle_003,184,train,128.5648215238321,27.2,328.5,329.6,331.0,332.2,-69.88666066666667,30.04,2,0.023666666666666683,0.02499999999999991
vehicle_003_session_00185,vehicle_003,185,train,127.39735690457204,14.4,323.0,324.0,325.9,327.4,-45.11579973684211,24.63157894736842,1,0.018552631578947335,0.020000000000000018
vehicle_003_session_00186,vehicle_003,186,train,126.57639760356453,28.8,329.2,330.4,331.9,333.6,-69.87631973684209,26.43421052631579,1,0.023289473684210533,0.02499999999999991
vehicle_003_session_00187,vehicle_003,187,train,127.94264702067372,28.0,328.5,329.9,331.3,332.8,-70.28685763157894,26.68421052631579,1,0.023842105263157914,0.026000000000000245
vehicle_003_session_00188,vehicle_003,188,train,128.33652551673228,45.6,334.1,335.6,338.8,343.3,-70.70000999999998,27.960526315789473,2,0.027828947368421043,0.03100000000000014
vehicle_003_session_00189,vehicle_003,189,train,125.10997325444987,18.8,323.9,325.35,327.15,328.0,-37.55393965789474,28.855263157894736,1,0.01505263157894736,0.017999999999999794
vehicle_003_session_00190,vehicle_003,190,train,128.19047898253362,60.0,345.8,347.1,348.9,351.1,-39.357889736842104,33.0,0,0.01840789473684209,0.020000000000000018
vehicle_003_session_00191,vehicle_003,191,train,127.41479605555554,40.4,332.1,333.4,335.7,338.8,-70.67237842105263,28.894736842105264,2,0.025710526315789448,0.028999999999999915
vehicle_003_session_00192,vehicle_003,192,train,125.59821652140674,17.2,323.0,325.5,327.29999999999995,328.3,-49.35393786842105,31.0,0,0.019289473684210495,0.021999999999999797
vehicle_003_session_00193,vehicle_003,193,train,128.4546196011554,40.4,331.3,332.1,333.5,335.3,-50.02237065789474,34.0,0,0.018684210526315782,0.020999999999999908
vehicle_003_session_00194,vehicle_003,194,train,128.5892756742179,47.6,334.2,335.3,337.7,341.0,-50.07105802631579,31.67105263157895,1,0.0220657894736842,0.025000000000000355
vehicle_003_session_00195,vehicle_003,195,train,128.49442120847957,59.6,344.6,347.45,349.79999999999995,352.5,-49.38684550394737,30.986842105263158,0,0.021171052631578913,0.02300000000000013
vehicle_003_session_00196,vehicle_003,196,train,127.98897884615387,30.0,328.3,329.1,330.25,331.3,-50.42894605263158,31.63157894736842,1,0.018039473684210508,0.019000000000000128
vehicle_003_session_00197,vehicle_003,197,train,126.98558415109035,11.6,322.8,324.5,327.29999999999995,329.2,-73.88025907894736,33.0,0,0.0275921052631579,0.028999999999999915
vehicle_003_session_00198,vehicle_003,198,train,129.71431697712416,60.0,344.6,345.75,348.2,350.7,-43.7329025,33.0,0,0.019381578947368406,0.021999999999999797
vehicle_003_session_00199,vehicle_003,199,train,127.49795488208427,24.8,327.8,329.15,330.5,332.1,-70.72896026315787,30.68421052631579,1,0.024065789473684252,0.025000000000000355
vehicle_003_session_00200,vehicle_003,200,train,127.25240764814818,37.6,330.3,331.05,332.4,333.8,-45.00921144736842,31.0,0,0.016723684210526314,0.018000000000000238
vehicle_003_session_00201,vehicle_003,201,train,128.08351282051282,46.0,332.2,334.1,336.05,338.5,-44.672371052631576,33.56578947368421,1,0.01894736842105262,0.02200000000000024
vehicle_003_session_00202,vehicle_003,202,train,128.51763761780754,35.6,329.4,330.9,332.15,333.6,-45.00395750000001,24.605263157894736,1,0.01609210526315791,0.018000000000000238
vehicle_003_session_00203,vehicle_003,203,train,127.61064781994048,27.2,328.5,329.9,331.3,333.0,-73.53552986842105,29.460526315789473,1,0.025013157894736845,0.027000000000000135
vehicle_003_session_00204,vehicle_003,204,train,128.89598768908144,57.2,342.1,343.6888888888889,346.6,349.4,-50.14800973333333,29.0,0,0.021853333333333332,0.025000000000000355
vehicle_003_session_00205,vehicle_003,205,train,126.04682628546102,22.4,328.0,329.29999999999995,330.9,332.4,-73.71580105263156,24.486842105263158,1,0.024434210526315815,0.026000000000000245
vehicle_003_session_00206,vehicle_003,206,train,125.60449061154178,19.2,325.5,326.4,327.8,328.6,-45.16801013333334,23.0,0,0.01662666666666668,0.018000000000000238
vehicle_003_session_00207,vehicle_003,207,train,129.13493156034906,52.4,338.3,340.65,344.95,349.1,-70.96315947368421,26.355263157894736,1,0.029171052631578938,0.03200000000000003
vehicle_003_session_00208,vehicle_003,208,train,127.51549442421793,15.2,324.6,326.3,328.6,330.0,-70.41314921052631,26.592105263157894,1,0.02472368421052631,0.027000000000000135
vehicle_003_session_00209,vehicle_003,209,train,128.2689663270757,50.4,336.9,339.1,343.6,348.0,-74.36973960526316,29.105263157894736,2,0.03025,0.03300000000000036
vehicle_003_session_00210,vehicle_003,210,train,127.39287573982007,27.6,328.8,329.95,331.4,333.2,-74.2302775,28.38157894736842,1,0.02536842105263158,0.027000000000000135
vehicle_003_session_00211,vehicle_003,211,train,128.13779882478633,68.4,351.0,352.75,355.1,357.4,-37.75789421052631,32.0,0,0.018197368421052684,0.020000000000000018
vehicle_003_session_00212,vehicle_003,212,train,127.14811473414703,18.4,325.0,326.05,327.5,328.5,-45.026318289473686,21.93421052631579,1,0.016868421052631574,0.018000000000000238
vehicle_003_session_00213,vehicle_003,213,train,127.78065849309822,32.4,329.9,331.20000000000005,332.8,334.7,-69.997336,22.253333333333334,2,0.02396000000000001,0.0259999999999998
vehicle_003_session_00214,vehicle_003,214,train,129.7575417266804,65.2,350.2,352.29999999999995,355.8,359.9,-70.40920828947367,27.013157894736842,2,0.026736842105263142,0.028000000000000025
vehicle_003_session_00215,vehicle_003,215,train,129.1165500191132,54.0,339.7,342.04999999999995,346.175,350.0,-69.55867253333332,25.56,1,0.028373333333333334,0.03100000000000014
vehicle_003_session_00216,vehicle_003,216,train,127.03481072433192,31.6,328.8,329.9,331.3,332.5,-52.02368657894737,19.986842105263158,0,0.018684210526315814,0.020000000000000018
vehicle_003_session_00217,vehicle_003,217,train,128.50788644894897,62.4,347.5,348.975,351.475,354.4,-50.00266693333333,25.013333333333332,1,0.020586666666666666,0.02200000000000024
vehicle_003_session_00218,vehicle_003,218,train,127.86655090060765,46.4,334.9,336.5,340.25,345.0,-73.56316421052631,25.94736842105263,2,0.02924999999999999,0.03200000000000003
vehicle_003_session_00219,vehicle_003,219,train,126.30924134424605,19.2,327.1,328.25,329.9,331.1,-70.35132039473685,24.61842105263158,1,0.0245526315789474,0.026000000000000245
vehicle_003_session_00220,vehicle_003,220,train,129.18048663971808,70.8,353.2,354.1,355.6,357.4,-29.268012266666666,27.0,0,0.016453333333333358,0.018000000000000238
vehicle_003_session_00221,vehicle_003,221,train,127.54840067906119,34.4,330.7,331.9,333.6,336.0,-73.95132039473684,25.486842105263158,1,0.025789473684210532,0.027000000000000135
vehicle_003_session_00222,vehicle_003,222,train,128.60622859414764,45.2,332.4,334.0,336.0,338.3,-44.65791184210528,23.710526315789473,1,0.018763157894736825,0.02200000000000024
vehicle_003_session_00223,vehicle_003,223,train,128.37296075286596,46.4,333.8,334.9,337.07500000000005,339.7,-45.00649415584416,24.714285714285715,1,0.02011688311688309,0.02499999999999991
vehicle_003_session_00224,vehicle_003,224,train,127.51859616382198,31.2,329.4,330.75,332.4,334.2,-69.20001013333334,22.88,2,0.02318666666666669,0.025000000000000355
vehicle_003_session_00225,vehicle_003,225,train,126.74402261550453,19.2,326.9,328.25,329.9,331.1,-70.4828930263158,21.88157894736842,1,0.024631578947368424,0.026000000000000245
vehicle_003_session_00226,vehicle_003,226,train,130.05307312962967,67.6,352.2,354.0,357.575,361.8,-70.4280032,23.653333333333332,1,0.02673333333333333,0.028999999999999915
vehicle_003_session_00227,vehicle_003,227,train,126.04750808080807,14.8,325.2,326.65,329.0,330.2,-69.99342039473683,21.11842105263158,1,0.025368421052631606,0.028000000000000025
vehicle_003_session_00228,vehicle_003,228,train,128.27808736525705,44.0,333.5,335.1,337.9,342.1,-69.69474684210525,22.776315789473685,1,0.0265657894736842,0.03100000000000014
vehicle_003_session_00229,vehicle_003,229,train,127.14907156905595,40.8,332.4,333.85,336.35,339.9,-73.99737328947367,24.276315789473685,2,0.02674999999999995,0.029999999999999805
vehicle_003_session_00230,vehicle_003,230,train,122.8103763179238,10.8,320.7,323.0,324.7888888888889,326.4,-39.746676799999996,20.76,1,0.0165333333333333,0.018000000000000238
vehicle_003_session_00231,vehicle_003,231,train,127.74688276608913,52.4,338.3,340.6,344.775,348.8,-70.21334226666667,26.6,1,0.029133333333333334,0.03200000000000003
vehicle_003_session_00232,vehicle_003,232,train,127.7845978918651,47.6,335.2,337.0,340.75,345.7,-74.07500592105265,24.06578947368421,2,0.02976315789473683,0.03300000000000036
vehicle_003_session_00233,vehicle_003,233,train,128.6744910672023,6.0,319.4,320.75,323.0,324.9,-49.998666533333335,26.0,0,0.019773333333333358,0.02200000000000024
vehicle_003_session_00234,vehicle_003,234,train,127.54973757519465,34.8,330.7,331.79999999999995,333.6,335.8,-70.20267799999998,25.56,1,0.024626666666666665,0.026000000000000245
vehicle_003_session_00235,vehicle_003,235,train,128.06336669389978,36.4,330.8,332.1,333.9,336.3,-70.22001146666666,27.52,1,0.024413333333333363,0.027000000000000135
vehicle_003_session_00236,vehicle_003,236,train,126.36072600412915,68.4,353.0,354.9,358.55,362.7,-70.42894131578947,26.43421052631579,1,0.026973684210526355,0.02800000000000047
vehicle_003_session_00237,vehicle_003,237,train,129.54068587636937,69.2,352.2,353.1,354.6,356.1,-26.0,25.0,0,0.016400000000000005,0.018000000000000238
vehicle_003_session_00238,vehicle_003,238,train,128.98624759516466,54.4,338.3,342.75,346.475,350.5,-69.20933306666666,28.44,1,0.028346666666666652,0.03200000000000003
vehicle_003_session_00239,vehicle_003,239,train,126.70798781387319,26.8,327.2,328.0,328.9,329.9,-39.90532386666666,24.0,0,0.014826666666666698,0.016000000000000014
vehicle_003_session_00240,vehicle_003,240,train,126.50859830705708,16.4,324.1,325.1,326.79999999999995,328.0,-45.053952763157895,28.0,0,0.018210526315789444,0.020000000000000018
vehicle_003_session_00241,vehicle_003,241,train,127.95284131276712,35.2,330.5,331.7,333.5,335.7,-70.0039477631579,27.276315789473685,2,0.02448684210526318,0.026000000000000245
vehicle_003_session_00242,vehicle_003,242,train,126.90148316798945,33.6,329.2,329.9,331.1,332.4,-45.20260766233768,28.7012987012987,1,0.016142857142857178,0.017000000000000348
vehicle_003_session_00243,vehicle_003,243,train,128.77744372987118,42.4,333.0,334.2,336.85,340.7,-74.44800546666669,27.466666666666665,1,0.027186666666666623,0.03100000000000014
vehicle_003_session_00244,vehicle_003,244,train,126.50923295454547,27.2,328.0,328.3,328.8,329.2,-22.5,28.0,0,0.009693333333333361,0.01100000000000012
vehicle_003_session_00245,vehicle_003,245,train,127.2976505693582,33.2,329.2,330.1,331.35,332.5,-50.205344666666676,28.08,1,0.017866666666666694,0.020000000000000018
vehicle_003_session_00246,vehicle_003,246,train,127.41833682654669,16.8,322.4,323.95000000000005,326.05,327.4,-37.37368458289474,31.0,0,0.016565789473684187,0.018000000000000238
vehicle_003_session_00247,vehicle_003,247,train,127.71996645795387,24.4,328.2,329.2,330.7,332.2,-74.14934226666666,28.466666666666665,1,0.02474666666666667,0.02699999999999969
vehicle_003_session_00248,vehicle_003,248,train,127.69260460317462,41.6,331.9,332.8,334.7,336.9,-50.47104973684211,31.789473684210527,1,0.019407894736842107,0.021999999999999797
vehicle_003_session_00249,vehicle_003,249,train,127.07581705882352,46.4,332.4,333.75,336.1,338.5,-37.5,31.55263157894737,1,0.017539473684210504,0.021999999999999797
vehicle_003_session_00250,vehicle_003,250,train,127.48074227469836,8.8,321.6,323.075,325.8,328.0,-69.9560008,31.84,1,0.02541333333333333,0.027000000000000135
vehicle_003_session_00251,vehicle_003,251,train,127.84677645370373,48.4,335.5,337.15,341.05,345.3,-70.08400813333334,34.32,2,0.02889333333333332,0.03200000000000003
vehicle_003_session_00252,vehicle_003,252,train,127.91511910256413,20.0,326.0,327.4,329.15,330.3,-70.19606263157894,29.960526315789473,1,0.024460526315789478,0.026000000000000245
vehicle_003_session_00253,vehicle_003,253,train,128.11337180402387,8.400001,321.7,323.70000000000005,326.5,328.6,-69.97631657894736,21.19736842105263,1,0.025605263157894752,0.027000000000000135
vehicle_003_session_00254,vehicle_003,254,train,126.29968078125002,30.8,328.8,329.5,330.7,331.7,-45.11579947368421,23.0,0,0.016065789473684207,0.017000000000000348
vehicle_003_session_00255,vehicle_003,255,train,127.17218667091835,38.8,329.4,331.6,333.0,334.7,-44.70934346666667,23.786666666666665,1,0.016866666666666655,0.018000000000000238
vehicle_003_session_00256,vehicle_003,256,train,126.01302940785096,18.0,324.7,325.75,327.4,328.3,-44.8158057894737,26.223684210526315,1,0.01717105263157893,0.019000000000000128
vehicle_003_session_00257,vehicle_003,257,train,127.642254996142,25.6,328.5,329.6,331.1,332.7,-74.97631973684211,26.539473684210527,1,0.025592105263157916,0.027000000000000135
vehicle_003_session_00258,vehicle_003,258,train,126.69215679976855,36.0,329.6,330.4,331.6,332.8,-40.01710697368421,26.013157894736842,1,0.014947368421052662,0.016999999999999904
vehicle_003_session_00259,vehicle_003,259,train,128.3501159525217,41.2,332.5,333.70000000000005,336.05,339.4,-70.11974315789473,25.407894736842106,1,0.02549999999999999,0.028000000000000025
vehicle_003_session_00260,vehicle_003,260,train,129.09064751488094,66.8,351.8,353.0,355.6,358.5,-52.094676,25.893333333333334,1,0.02205333333333335,0.02400000000000002
vehicle_003_session_00261,vehicle_003,261,train,126.29973544890872,28.4,328.2,329.0,330.2,331.3,-50.13553434210527,26.092105263157894,1,0.017605263157894745,0.019000000000000128
vehicle_003_session_00262,vehicle_003,262,train,124.87908884654472,26.8,327.8,328.8,329.9,331.1,-49.94605039473684,25.05263157894737,1,0.017289473684210546,0.018000000000000238
vehicle_003_session_00263,vehicle_003,263,train,127.62560766967708,16.4,324.9,326.5,328.675,330.0,-70.11867360000001,25.92,1,0.02505333333333332,0.028000000000000025
vehicle_003_session_00264,vehicle_003,264,train,127.87286109012517,24.8,328.0,329.15,330.625,331.9,-70.316008,27.973333333333333,2,0.023560000000000046,0.025000000000000355
vehicle_003_session_00265,vehicle_003,265,train,126.21665844076122,12.8,323.9,325.4,328.0,329.6,-70.37894368421053,27.81578947368421,1,0.025486842105263162,0.028000000000000025
vehicle_003_session_00266,vehicle_003,266,train,127.15512090573989,13.2,323.8,325.1,327.75,329.4,-69.16534320000001,27.0,0,0.024666666666666667,0.02699999999999969
vehicle_003_session_00267,vehicle_003,267,train,126.8992861891386,26.4,328.6,329.9,331.4,333.0,-70.06579605263158,20.723684210526315,1,0.02382894736842108,0.025000000000000355
vehicle_003_session_00268,vehicle_003,268,train,128.671488014156,56.0,342.2,344.5,348.375,352.2,-70.50266693333333,24.56,1,0.027866666666666654,0.03100000000000014
vehicle_003_session_00269,vehicle_003,269,train,128.1151357054777,12.0,323.0,324.7,327.575,329.4,-70.23868053333332,22.12,1,0.025653333333333334,0.027000000000000135
vehicle_003_session_00270,vehicle_003,270,train,127.12060746187363,15.6,324.9,326.6,328.85,330.2,-70.58948236842105,24.61842105263158,1,0.024934210526315802,0.028000000000000025
vehicle_003_session_00271,vehicle_003,271,train,127.94872474681716,40.0,332.4,333.6125,336.0625,339.3,-74.18400813333334,24.573333333333334,1,0.026199999999999987,0.02900000000000036
vehicle_003_session_00272,vehicle_003,272,train,125.8736113011696,17.2,325.5,326.3,327.7,328.5,-45.00933426666666,26.2,1,0.016999999999999973,0.019000000000000128
vehicle_003_session_00273,vehicle_003,273,train,129.68513406798246,52.0,335.5,338.1,341.1,343.9,-44.213342319999995,30.706666666666667,1,0.023799999999999984,0.026000000000000245
vehicle_003_session_00274,vehicle_003,274,train,127.5310521388889,27.6,326.6,328.3,329.4,330.3,-44.32237644736843,28.94736842105263,1,0.01614473684210526,0.017000000000000348
vehicle_003_session_00275,vehicle_003,275,train,129.4430449617347,58.4,343.9,346.20000000000005,349.9,353.9,-70.67632631578947,27.93421052631579,1,0.027236842105263132,0.02900000000000036
vehicle_003_session_00276,vehicle_003,276,train,128.379674014242,2.8,318.5,320.25,323.6,326.3,-70.41578986842104,27.68421052631579,1,0.027026315789473704,0.02900000000000036
vehicle_003_session_00277,vehicle_003,277,train,127.14578896816337,10.0,322.5,324.15,327.0,328.9,-70.46266293333333,25.626666666666665,1,0.02529333333333332,0.027000000000000135
vehicle_003_session_00278,vehicle_003,278,train,128.0709794944445,47.6,335.3,336.85,340.65,345.2,-69.97631947368421,26.42105263157895,1,0.028368421052631605,0.03200000000000003
vehicle_003_session_00279,vehicle_003,279,train,126.31504962428775,19.6,326.7,328.3,329.9,331.1,-69.91578789473684,24.42105263157895,1,0.023197368421052644,0.02499999999999991
vehicle_003_session_00280,vehicle_003,280,train,127.81848982233045,36.0,328.0,329.75,331.4,332.5,-37.48666866666667,23.28,1,0.013959999999999997,0.016000000000000014
vehicle_003_session_00281,vehicle_003,281,train,128.70908213228597,41.6,332.4,333.70000000000005,336.1,339.4,-70.1881682894737,26.56578947368421,1,0.025578947368421024,0.028999999999999915
vehicle_003_session_00282,vehicle_003,282,train,125.97024205990628,42.0,332.1,332.8,334.6,336.4,-45.200010000000006,27.813333333333333,1,0.01784000000000002,0.020000000000000018
vehicle_003_session_00283,vehicle_003,283,train,129.12180700887745,58.0,342.8,344.20000000000005,346.70000000000005,349.3,-45.10401,28.0,0,0.021306666666666637,0.02400000000000002
vehicle_003_session_00284,vehicle_003,284,train,127.53227631083118,34.4,330.2,331.35,333.2,335.2,-70.01316105263159,30.276315789473685,1,0.024328947368421085,0.026000000000000245
vehicle_003_session_00285,vehicle_003,285,train,128.4459330467907,45.2,334.4,335.75,338.85,343.2,-70.01600306666667,28.52,1,0.027360000000000006,0.03100000000000014
vehicle_003_session_00286,vehicle_003,286,train,127.17593103221566,30.0,329.7,330.8,332.4,334.2,-74.49474328947367,27.82894736842105,2,0.02500000000000004,0.026000000000000245
vehicle_003_session_00287,vehicle_003,287,train,129.34509235372343,60.0,346.0,347.8,351.35,355.3,-70.58290302631579,29.56578947368421,1,0.027552631578947377,0.02900000000000036
vehicle_003_session_00288,vehicle_003,288,train,128.38052804746494,40.0,331.9,333.1,335.2,338.2,-70.99866653333333,29.293333333333333,2,0.025386666666666655,0.028000000000000025
vehicle_003_session_00289,vehicle_003,289,train,126.54250718557098,25.6,328.2,329.6,331.0,332.4,-70.2413456,26.493333333333332,1,0.023506666666666665,0.025000000000000355
vehicle_003_session_00290,vehicle_003,290,train,124.58738123809523,27.6,328.2,329.1,330.3,331.4,-50.00263184210527,29.0,0,0.017657894736842122,0.019000000000000128
vehicle_003_session_00291,vehicle_003,291,train,126.67828685980902,67.6,353.0,354.5,357.7375,361.8,-70.05733906666667,33.18666666666667,1,0.028453333333333285,0.03000000000000025
vehicle_003_session_00292,vehicle_003,292,train,123.64646500946971,27.2,327.8,328.6,329.6,330.5,-40.01733493333333,25.0,0,0.014599999999999991,0.016000000000000014
vehicle_003_session_00293,vehicle_003,293,train,122.78238175505052,18.4,327.1,328.55,330.2,331.4,-70.1453436,20.013333333333332,2,0.02438666666666669,0.026000000000000245
vehicle_003_session_00294,vehicle_003,294,train,122.76316299790356,51.2,336.6,337.8,340.75,343.5,-39.80659697368422,23.0,0,0.023671052631578954,0.026000000000000245
vehicle_003_session_00295,vehicle_003,295,train,126.72223521241838,70.4,355.2,356.8,360.4,364.7,-70.1026397368421,24.30263157894737,1,0.028328947368421075,0.03000000000000025
vehicle_003_session_00296,vehicle_003,296,train,124.0992365635522,44.8,334.4,336.1,339.3,343.8,-70.0946756,22.746666666666666,1,0.027760000000000017,0.03200000000000003
vehicle_003_session_00297,vehicle_003,297,train,122.66904266975313,44.8,332.7,333.9,335.8,337.8,-39.72401880000002,22.0,0,0.017386666666666658,0.020999999999999908
vehicle_003_session_00298,vehicle_003,298,train,123.34936887591577,24.8,328.2,329.65,331.1,332.7,-70.13948131578948,24.19736842105263,1,0.02348684210526316,0.025000000000000355
vehicle_003_session_00299,vehicle_003,299,train,123.80222547453704,37.6,330.3,331.79999999999995,333.3,335.2,-49.77762302631579,25.13157894736842,1,0.018447368421052646,0.020000000000000018
vehicle_003_session_00300,vehicle_003,300,train,125.04619606334974,3.2,317.5,321.20000000000005,324.5,326.9,-70.07894842105263,23.92105263157895,1,0.02576315789473682,0.028000000000000025
vehicle_003_session_00301,vehicle_003,301,train,125.8024063006894,42.8,333.3,334.6,337.29999999999995,341.1,-73.59867586666667,31.506666666666668,1,0.027280000000000002,0.03100000000000014
vehicle_003_session_00302,vehicle_003,302,train,123.64121952353396,25.6,328.5,329.79999999999995,331.3,332.7,-70.44266093333333,26.453333333333333,1,0.023466666666666663,0.02499999999999991
vehicle_003_session_00303,vehicle_003,303,train,124.22154174119242,15.6,324.7,325.75,327.5,328.6,-50.0160016,22.0,0,0.019279999999999985,0.020999999999999908
vehicle_003_session_00304,vehicle_003,304,train,123.07647221418469,10.8,323.2,324.9,327.7,329.4,-69.95333333333333,23.0,0,0.024893333333333333,0.028000000000000025
vehicle_003_session_00305,vehicle_003,305,train,122.54125777150848,26.8,329.1,330.6,332.2,333.8,-69.9881577631579,18.223684210526315,2,0.023144736842105284,0.02499999999999991
vehicle_003_session_00306,vehicle_003,306,train,123.045208942071,29.2,329.4,330.8,332.5,334.2,-70.02763394736841,20.30263157894737,2,0.02407894736842109,0.026000000000000245
vehicle_003_session_00307,vehicle_003,307,train,122.97962843215811,66.8,352.2,354.25,357.9,362.1,-70.30790013157895,23.61842105263158,1,0.028118421052631567,0.03000000000000025
vehicle_003_session_00308,vehicle_003,308,train,123.97654988488829,24.0,327.8,329.4,331.0,332.4,-69.94266466666667,22.426666666666666,1,0.02306666666666666,0.02400000000000002
vehicle_003_session_00309,vehicle_003,309,train,124.22399116010277,39.2,331.9,333.4,335.7,338.8,-69.99605473684211,25.539473684210527,1,0.025355263157894707,0.028000000000000025
vehicle_003_session_00310,vehicle_003,310,train,123.58446384882483,35.2,331.3,332.45,334.4,337.1,-74.10132355263156,26.907894736842106,2,0.02561842105263156,0.028000000000000025
vehicle_003_session_00311,vehicle_003,311,train,125.90054956450096,74.0,358.9,360.4,364.0,368.3,-69.8907822368421,32.63157894736842,1,0.030013157894736856,0.03200000000000003
vehicle_003_session_00312,vehicle_003,312,train,124.16761499719422,18.4,326.1,327.575,329.2,330.7,-70.16134333333333,30.866666666666667,1,0.024453333333333358,0.026000000000000245
vehicle_003_session_00313,vehicle_003,313,train,125.61284733707268,45.6,334.6,336.05,339.20000000000005,343.8,-70.41051842105263,30.092105263157894,2,0.028078947368421047,0.03200000000000003
vehicle_003_session_00314,vehicle_003,314,train,125.11156514445616,2.8,318.3,319.79999999999995,322.2,324.1,-45.001333466666665,18.0,0,0.018440000000000012,0.020999999999999908
vehicle_003_session_00315,vehicle_003,315,train,123.7000972322866,65.6,354.4,355.25,358.4,362.4,-70.00659644736844,16.63157894736842,1,0.02782894736842102,0.029000000000000803
vehicle_003_session_00316,vehicle_003,316,train,122.56912743702551,27.6,327.4,327.75,328.5,329.2,-28.459216052631565,22.0,0,0.01146052631578949,0.013000000000000345
vehicle_003_session_00317,vehicle_003,317,train,124.86293229755181,48.4,334.1,336.0,338.375,341.6,-44.780000666666666,24.2,1,0.02270666666666666,0.026000000000000245
vehicle_003_session_00318,vehicle_003,318,train,123.8199822201798,68.4,353.0,354.475,357.1,359.7,-45.21334466666668,17.16,1,0.021893333333333344,0.02300000000000013
vehicle_003_session_00319,vehicle_003,319,train,122.79960194003532,68.4,351.3,353.55,356.05,358.6,-44.78289802631579,20.0,0,0.021657894736842116,0.02400000000000002
vehicle_003_session_00320,vehicle_003,320,train,123.74251423220977,26.4,326.7,328.5,329.7,330.7,-44.91974684210527,20.36842105263158,1,0.01600000000000004,0.017000000000000348
vehicle_003_session_00321,vehicle_003,321,train,124.72371945906438,59.6,344.3,346.95000000000005,349.5,352.1,-44.9539577631579,19.0,0,0.021197368421052586,0.02300000000000013
vehicle_003_session_00322,vehicle_003,322,train,122.09485801132836,26.4,327.5,328.70000000000005,329.9,331.0,-45.07734333333334,19.0,0,0.015906666666666666,0.017000000000000348
vehicle_003_session_00323,vehicle_003,323,train,124.68453953611112,47.6,335.5,337.6,341.85,346.3,-70.05333866666666,23.813333333333333,1,0.02909333333333334,0.03200000000000003
vehicle_003_session_00324,vehicle_003,324,train,123.13648922447241,26.0,328.5,329.9,331.5,333.0,-70.13553605263156,22.223684210526315,2,0.02340789473684212,0.02400000000000002
vehicle_003_session_00325,vehicle_003,325,train,125.21937546006947,66.0,351.1,353.4,356.9,360.8,-70.06667533333332,20.32,1,0.02747999999999997,0.02900000000000036
vehicle_003_session_00326,vehicle_003,326,train,124.63334763719516,48.4,335.2,337.1,340.1,343.6,-49.273675657894735,24.605263157894736,1,0.02456578947368422,0.028000000000000025
vehicle_003_session_00327,vehicle_003,327,train,121.23177083333336,27.6,328.8,329.2,329.7,330.2,-26.0,14.4,1,0.010359999999999996,0.01200000000000001
vehicle_003_session_00328,vehicle_003,328,train,121.13765736156206,20.8,328.2,329.6,331.0,332.4,-70.11448131578948,15.697368421052632,1,0.02290789473684213,0.02400000000000002
vehicle_003_session_00329,vehicle_003,329,train,122.89983601280123,31.2,327.7,329.7,331.0,332.2,-44.77201026666666,22.68,1,0.016026666666666703,0.018000000000000238
vehicle_003_session_00330,vehicle_003,330,train,124.03655098379632,32.8,330.3,331.6,333.2375,335.3,-70.16801053333334,22.813333333333333,1,0.024840000000000025,0.027000000000000135
vehicle_003_session_00331,vehicle_003,331,train,124.8165181648213,40.4,332.7,334.29999999999995,336.85,340.2,-70.15132539473684,20.710526315789473,1,0.024697368421052617,0.028000000000000025
vehicle_003_session_00332,vehicle_003,332,train,124.74100054608586,9.6,322.2,323.85,326.65,328.8,-69.28159710526315,27.30263157894737,1,0.02573684210526315,0.028000000000000025
vehicle_003_session_00333,vehicle_003,333,train,123.49976366912794,40.8,331.6,332.4,333.9,335.8,-45.112010000000005,27.013333333333332,1,0.017413333333333347,0.020000000000000018
vehicle_003_session_00334,vehicle_003,334,train,124.74403697649572,71.6,356.3,357.4,359.7,362.5,-45.11974697368421,29.0,0,0.024184210526315773,0.0259999999999998
vehicle_003_session_00335,vehicle_003,335,train,127.16747068452382,8.0,319.2,321.05,323.2,325.0,-44.832895131578944,23.763157894736842,1,0.017539473684210577,0.020000000000000018
vehicle_003_session_00336,vehicle_003,336,train,120.44991895354403,30.8,327.7,329.6,330.8,331.9,-44.81448381578948,23.039473684210527,1,0.015960526315789487,0.017999999999999794
vehicle_003_session_00337,vehicle_003,337,train,122.84821833333334,62.8,348.2,349.95,353.55,357.7,-70.72237144736842,27.473684210526315,1,0.029302631578947372,0.03100000000000014
vehicle_003_session_00338,vehicle_003,338,train,125.60956207058508,14.8,323.9,325.6,328.2,329.7,-70.25132210526317,28.86842105263158,1,0.024855263157894724,0.02699999999999969
vehicle_003_session_00339,vehicle_003,339,train,124.46717472264568,25.2,328.3,329.7,331.1,332.5,-70.24474684210526,26.86842105263158,2,0.023250000000000035,0.02499999999999991
vehicle_003_session_00340,vehicle_003,340,train,125.3642602266082,50.8,337.4,339.65,344.35,348.8,-74.11053407894738,26.67105263157895,1,0.03046052631578949,0.03300000000000036
vehicle_003_session_00341,vehicle_003,341,train,123.78305064262025,17.2,323.9,324.79999999999995,325.8,326.6,-25.822656933333327,26.0,0,0.011879999999999946,0.013000000000000345
vehicle_003_session_00342,vehicle_003,342,train,126.04851398287389,44.4,333.9,335.3,338.25,342.7,-69.46183828947369,24.94736842105263,2,0.02709210526315789,0.03100000000000014
vehicle_003_session_00343,vehicle_003,343,train,126.38885818492385,48.0,335.8,337.4375,341.475,346.1,-69.92932626666666,22.32,2,0.02854666666666666,0.03100000000000014
vehicle_003_session_00344,vehicle_003,344,train,126.58376911470826,42.0,332.8,334.15,336.70000000000005,340.2,-69.80268586666666,24.533333333333335,1,0.025813333333333327,0.03000000000000025
vehicle_003_session_00345,vehicle_003,345,train,124.19382573973432,24.0,326.9,327.9,329.1,330.0,-49.63290473684211,25.07894736842105,1,0.017671052631578966,0.019000000000000128
vehicle_003_session_00346,vehicle_003,346,train,124.83708186263816,21.2,326.4,327.29999999999995,328.6,329.6,-49.9039377631579,28.092105263157894,1,0.01785526315789474,0.019000000000000128
vehicle_003_session_00347,vehicle_003,347,train,127.50873825329569,51.6,336.8,338.1,341.1,344.1,-45.10267666666667,29.0,0,0.025186666666666677,0.028000000000000025
vehicle_003_session_00348,vehicle_003,348,train,125.9687344677693,45.2,333.3,334.15,336.0,338.3,-45.0186684,28.30666666666667,1,0.019319999999999962,0.02300000000000013
vehicle_003_session_00349,vehicle_003,349,train,124.98724999325782,50.8,336.0,338.1,341.05,344.3,-44.91843105263158,27.0,0,0.02502631578947369,0.027000000000000135
vehicle_003_session_00350,vehicle_003,350,train,124.61531733738786,33.2,329.2,330.2,331.3375,332.5,-45.0160016,24.52,1,0.016213333333333347,0.018000000000000238
vehicle_003_session_00351,vehicle_003,351,train,125.0139582795793,2.4,318.5,320.375,323.6,326.1,-69.44399546666668,33.026666666666664,0,0.027466666666666657,0.02900000000000036
vehicle_003_session_00352,vehicle_003,352,train,124.99885162315931,64.8,350.7,352.29999999999995,355.7,359.6,-69.20801079999998,31.426666666666666,1,0.02941333333333334,0.031999999999999584
vehicle_003_session_00353,vehicle_003,353,train,126.37737735073439,62.8,348.5,350.25,354.0,358.2,-70.60263934210525,24.92105263157895,1,0.02909210526315791,0.03100000000000014
vehicle_003_session_00354,vehicle_003,354,train,123.93596077843225,21.6,327.7,329.0,330.5,331.7,-70.40525947368421,24.236842105263158,2,0.023289473684210527,0.025000000000000355
vehicle_003_session_00355,vehicle_003,355,train,125.65674889322918,46.4,334.9,336.5,340.0,344.9,-70.74343276315791,27.710526315789473,1,0.028710526315789475,0.03200000000000003
vehicle_003_session_00356,vehicle_003,356,train,125.24675596455356,32.4,329.7,331.1,332.7375,334.7,-70.18001026666666,26.653333333333332,1,0.02428000000000002,0.026000000000000245
vehicle_003_session_00357,vehicle_003,357,train,125.60077998770254,59.6,345.7,347.8125,351.2125,355.2,-70.14667453333335,26.28,2,0.02889333333333333,0.03100000000000014
vehicle_003_session_00358,vehicle_003,358,train,123.7015807548488,28.0,329.2,330.4,332.1,333.8,-73.94868697368423,27.592105263157894,1,0.02480263157894739,0.027000000000000135
vehicle_003_session_00359,vehicle_003,359,train,125.52267416713593,38.4,331.4,332.8,334.9375,337.8,-70.53733786666666,26.28,1,0.024973333333333302,0.027000000000000135
vehicle_003_session_00360,vehicle_003,360,train,125.2553876646453,4.4,319.2,320.4,322.8,324.7,-50.17106092105263,28.394736842105264,0,0.020263157894736844,0.02200000000000024
vehicle_003_session_00361,vehicle_003,361,train,126.66753251342206,50.0,335.8,337.1,339.79999999999995,343.0,-44.46711513157896,26.07894736842105,1,0.024407894736842094,0.027000000000000135
vehicle_003_session_00362,vehicle_003,362,train,126.57351534003834,51.2,335.0,336.85,338.8,341.0,-25.69466674666667,20.0,0,0.0240133333333333,0.027000000000000135
vehicle_003_session_00363,vehicle_003,363,train,123.49655589554398,38.0,329.2,331.20000000000005,332.7,334.2,-44.88290592105264,24.289473684210527,1,0.01667105263157894,0.019000000000000128
vehicle_003_session_00364,vehicle_003,364,train,126.56233687414272,65.2,350.3,352.29999999999995,355.9,360.0,-69.94473289473684,24.592105263157894,1,0.029302631578947372,0.031999999999999584
vehicle_003_session_00365,vehicle_003,365,train,125.74970775940132,8.400001,321.7,323.25,325.9,328.2,-69.3959928,29.0,0,0.02527999999999998,0.02699999999999969
vehicle_003_session_00366,vehicle_003,366,train,127.30362726495726,71.6,354.7,355.9,358.2,360.8,-45.03684578947368,30.789473684210527,1,0.024447368421052617,0.026000000000000245
vehicle_003_session_00367,vehicle_003,367,train,126.3559487708948,48.4,336.1,336.75,337.7625,339.3,-26.0,33.55263157894737,1,0.018749999999999944,0.02200000000000024
vehicle_003_session_00368,vehicle_003,368,train,124.83230190329223,76.4,360.2,361.85,365.5,369.9,-70.0160016,33.56,1,0.03148000000000006,0.03300000000000036
vehicle_003_session_00369,vehicle_003,369,train,124.71459153519419,15.2,324.1,325.1,327.0,328.3,-50.08934226666667,30.0,0,0.01975999999999996,0.020999999999999908
vehicle_003_session_00370,vehicle_003,370,train,125.08953378182872,40.4,330.3,332.29999999999995,334.0,336.0,-49.52367868421052,28.61842105263158,1,0.0190921052631579,0.02100000000000035
vehicle_003_session_00371,vehicle_003,371,train,123.13708692687415,31.6,328.3,330.2,331.6,333.0,-49.71315947368421,23.263157894736842,1,0.017302631578947375,0.019000000000000128
vehicle_003_session_00372,vehicle_003,372,train,125.06055463960728,28.0,329.2,330.4,331.9,333.5,-69.72934626666665,22.85333333333333,1,0.02344000000000003,0.025000000000000355
vehicle_003_session_00373,vehicle_003,373,train,126.06738594626826,57.2,343.3,345.9,349.6375,353.6,-70.09867266666669,23.04,2,0.029639999999999986,0.03100000000000014
vehicle_003_session_00374,vehicle_003,374,train,126.255933083577,52.0,338.6,340.9,345.4,349.6,-69.67106263157893,23.07894736842105,2,0.03034210526315786,0.03299999999999992
vehicle_003_session_00375,vehicle_003,375,train,125.88888636950905,46.0,333.8,334.9,337.0,339.7,-45.01842289473684,24.210526315789473,1,0.02136842105263155,0.026000000000000245
vehicle_003_session_00376,vehicle_003,376,train,122.41171557368638,16.4,326.6,328.25,330.0,331.3,-70.73601359999999,17.613333333333333,1,0.022840000000000006,0.025000000000000355
vehicle_003_session_00377,vehicle_003,377,train,122.59986045727743,28.4,327.7,328.9,330.0,331.1,-44.9386672,24.0,0,0.016133333333333333,0.017999999999999794
vehicle_003_session_00378,vehicle_003,378,train,122.5007176103989,35.6,331.0,332.15,334.1,336.6,-70.98026118421053,26.486842105263158,1,0.025052631578947396,0.027000000000000135
vehicle_003_session_00379,vehicle_003,379,train,123.29513837678462,26.0,328.5,329.7,331.1,332.7,-70.13334333333333,26.413333333333334,1,0.02378666666666669,0.025000000000000355
vehicle_003_session_00380,vehicle_003,380,train,123.15391901960784,64.0,351.0,352.6,356.1,360.0,-69.99466613333333,30.733333333333334,1,0.03125333333333334,0.03399999999999981
vehicle_003_session_00381,vehicle_003,381,train,124.92857752587148,56.8,343.0,345.1,348.85,352.8,-70.0394775,28.026315789473685,1,0.030210526315789455,0.03200000000000003
vehicle_003_session_00382,vehicle_003,382,train,123.54521012340466,38.4,331.6,333.0,335.25,338.2,-70.07369092105263,29.723684210526315,1,0.025710526315789465,0.028999999999999915
vehicle_003_session_00383,vehicle_003,383,train,123.36446670651186,44.8,333.2,334.1,336.0,338.3,-45.15601000000001,28.613333333333333,1,0.020079999999999966,0.023999999999999577
vehicle_003_session_00384,vehicle_003,384,train,124.0962875243665,6.8,320.8,322.45,325.25,327.8,-70.0697422368421,28.0,0,0.026894736842105218,0.028999999999999915
vehicle_003_session_00385,vehicle_003,385,train,124.11355422495947,42.8,333.3,334.7,337.5,341.4,-70.07763723684211,25.644736842105264,1,0.027223684210526292,0.03200000000000003
vehicle_003_session_00386,vehicle_003,386,train,122.21555891632373,32.8,329.2,330.0,331.3,332.7,-45.10395736842106,26.223684210526315,1,0.016276315789473698,0.017000000000000348
vehicle_003_session_00387,vehicle_003,387,train,123.20185727845714,24.0,327.8,329.29999999999995,330.8,332.2,-70.00657960526317,25.11842105263158,2,0.023460526315789508,0.0259999999999998
vehicle_003_session_00388,vehicle_003,388,train,122.66666766666667,9.2,322.4,324.0,326.7,328.9,-70.04605684210526,24.710526315789473,1,0.025342105263157878,0.027000000000000135
vehicle_003_session_00389,vehicle_003,389,train,126.67272841374269,59.6,347.8,348.70000000000005,351.85,355.7,-70.00263184210526,30.07894736842105,1,0.03180263157894734,0.03300000000000036
vehicle_003_session_00390,vehicle_003,390,train,124.16255762101714,43.2,333.5,334.9,337.7375,341.9,-74.45332866666666,29.493333333333332,1,0.02877333333333333,0.03300000000000036
vehicle_003_session_00391,vehicle_003,391,train,124.10139438131313,75.6,359.6,361.35,365.2,369.7,-70.01973868421052,28.0,0,0.032144736842105226,0.034000000000000696
vehicle_003_session_00392,vehicle_003,392,train,123.22701952982698,21.6,327.1,328.55,329.95,331.4,-70.0421094736842,32.0,0,0.023881578947368448,0.026000000000000245
vehicle_003_session_00393,vehicle_003,393,train,122.429717693422,26.4,328.3,329.65,331.1,332.7,-69.98000226666669,33.946666666666665,1,0.023933333333333355,0.0259999999999998
vehicle_003_session_00394,vehicle_003,394,train,124.36810715751265,44.8,333.9,335.5,338.55,342.8,-69.780018,30.653333333333332,1,0.028746666666666656,0.03300000000000036
vehicle_003_session_00395,vehicle_003,395,train,124.85556122240034,66.4,351.3,353.1,356.6,360.7,-69.3302725,29.039473684210527,1,0.03060526315789472,0.03200000000000047
vehicle_003_session_00396,vehicle_003,396,train,124.5359777311992,64.8,350.3,352.15,355.5,359.6,-70.21734599999999,30.893333333333334,1,0.030946666666666674,0.03299999999999992
vehicle_003_session_00397,vehicle_003,397,train,123.40857448611115,37.6,331.6,332.75,334.79999999999995,337.7,-70.96973381578948,32.80263157894737,1,0.026052631578947362,0.028999999999999915
vehicle_003_session_00398,vehicle_003,398,train,123.31638411954364,32.8,330.2,331.1,332.75,334.7,-69.8919972,33.52,1,0.024546666666666685,0.026000000000000245
vehicle_003_session_00399,vehicle_003,399,train,124.41050936082766,58.4,344.6,346.25,349.7,353.6,-70.07067373333334,38.0,0,0.030973333333333332,0.03299999999999992
vehicle_003_session_00400,vehicle_003,400,train,122.92774366117573,51.6,338.9,340.2375,342.7,345.3,-43.92400546666668,25.426666666666666,1,0.025746666666666702,0.028000000000000025
vehicle_003_session_00401,vehicle_003,401,train,121.7010437572717,21.2,327.7,329.15,330.7,332.1,-70.77237710526316,22.94736842105263,2,0.023263157894736857,0.025000000000000355
vehicle_003_session_00402,vehicle_003,402,train,124.85493085808581,57.2,343.6,346.20000000000005,350.1,354.3,-73.96933546666668,26.64,1,0.03142666666666666,0.03399999999999981
vehicle_003_session_00403,vehicle_003,403,train,122.30355451762247,51.6,338.5,340.75,345.25,349.6,-70.1776427631579,24.105263157894736,2,0.031539473684210506,0.03500000000000014
vehicle_003_session_00404,vehicle_003,404,train,122.37756872356178,10.0,321.9,323.0,324.9375,326.7,-46.537339200000005,23.0,0,0.018826666666666648,0.020000000000000018
vehicle_003_session_00405,vehicle_003,405,train,121.14157762557075,45.2,336.9,337.4,340.0,344.3,-70.71476557377048,27.34426229508197,1,0.029573770491803267,0.03299999999999992
vehicle_003_session_00406,vehicle_003,406,train,125.77548553240737,74.8,360.3,361.1,364.4,368.8,-70.73607918032786,29.672131147540984,1,0.034344262295082,0.036000000000000476
vehicle_003_session_00407,vehicle_003,407,train,124.11353740530306,71.2,357.1,357.8,361.4,365.7,-70.02131344262295,29.147540983606557,1,0.03222950819672133,0.034000000000000696
vehicle_003_session_00408,vehicle_003,408,train,123.07489875992061,56.8,345.2,346.0,349.3,353.2,-70.46393081967213,33.90163934426229,1,0.03149180327868852,0.03300000000000036
vehicle_003_session_00409,vehicle_003,409,train,121.3121459551657,33.2,331.9,332.2,333.3,335.2,-65.0770555737705,35.57377049180328,1,0.024081967213114765,0.026000000000000245
vehicle_003_session_00410,vehicle_003,410,train,122.7928360532407,56.4,344.9,345.7,348.6,352.2,-65.08853114754099,38.0,0,0.030688524590163895,0.03200000000000003
vehicle_003_session_00411,vehicle_003,411,train,121.73164230510754,28.0,330.0,330.3,331.6,333.3,-70.19673163934425,33.59016393442623,1,0.024229508196721313,0.026000000000000245
vehicle_003_session_00412,vehicle_003,412,train,121.87647139084511,53.2,342.2,343.2,346.3,350.3,-70.00983721311476,36.442622950819676,1,0.03203278688524589,0.03399999999999981
vehicle_003_session_00413,vehicle_003,413,train,122.61348149875623,52.8,341.0,341.9,345.5,349.6,-70.40982770491803,35.57377049180328,1,0.03188524590163933,0.03400000000000025
vehicle_003_session_00414,vehicle_003,414,train,125.05505123165626,74.4,360.0,360.8,364.1,368.6,-70.60164885245901,32.16393442622951,1,0.033786885245901656,0.03599999999999959
vehicle_003_session_00415,vehicle_003,415,train,123.32276907206118,22.0,327.8,328.8,330.0,331.3,-70.05246426229508,33.77049180327869,1,0.02391803278688526,0.025000000000000355
vehicle_003_session_00416,vehicle_003,416,train,123.30534463101164,50.0,339.4,340.2,343.5,347.5,-69.97868639344263,37.21311475409836,1,0.03204918032786888,0.03400000000000025
vehicle_003_session_00417,vehicle_003,417,train,127.96840808823536,77.2,361.9,362.8,366.1,370.5,-69.97868639344262,38.77049180327869,1,0.03481967213114755,0.036000000000000476
vehicle_003_session_00418,vehicle_003,418,train,121.630134502924,50.0,339.1,340.0,343.8,348.0,-69.68197721311475,32.31147540983606,1,0.03165573770491804,0.03400000000000025
vehicle_003_session_00419,vehicle_003,419,train,121.57729404578191,1.6,317.7,319.2,322.7,325.3,-70.05738278688526,37.0,0,0.027393442622950816,0.03000000000000025
vehicle_003_session_00420,vehicle_003,420,train,120.49491334115805,23.2,329.6,329.7,330.7,331.9,-69.99836049180328,37.68852459016394,1,0.0244426229508197,0.026000000000000245
vehicle_003_session_00421,vehicle_003,421,train,126.37065789930558,51.6,339.7,340.5,343.6,347.5,-69.98852344262295,40.81967213114754,1,0.03231147540983609,0.03400000000000025
vehicle_003_session_00422,vehicle_003,422,train,123.4977447916667,55.6,343.9,344.9,348.0,351.9,-69.91310737704917,37.622950819672134,1,0.03219672131147543,0.03400000000000025
vehicle_003_session_00423,vehicle_003,423,train,122.42426994949497,15.6,325.2,326.4,328.6,329.9,-69.25903163934427,36.63934426229508,1,0.025081967213114766,0.028000000000000025
vehicle_003_session_00424,vehicle_003,424,train,120.94349072265625,38.0,333.6,334.1,335.5,338.0,-69.23443967213116,39.09836065573771,2,0.02686885245901637,0.028999999999999915
vehicle_003_session_00425,vehicle_003,425,train,123.04551700885669,63.6,351.0,351.8,354.7,358.6,-69.23280016393443,41.80327868852459,1,0.033262295081967264,0.03500000000000014
vehicle_003_session_00426,vehicle_003,426,train,121.1640417936992,28.8,329.1,330.2,331.6,333.3,-70.41803311475411,32.85245901639344,1,0.02416393442622952,0.0259999999999998
vehicle_003_session_00427,vehicle_003,427,train,124.0688687402191,61.6,349.1,349.9,353.0,356.9,-70.54754573770492,36.75409836065574,1,0.0327704918032787,0.03500000000000014
vehicle_003_session_00428,vehicle_003,428,train,121.4137006723986,30.0,329.4,330.5,332.1,333.8,-71.0311506557377,39.68852459016394,1,0.02496721311475412,0.027000000000000135
vehicle_003_session_00429,vehicle_003,429,train,124.4032545370371,55.6,343.8,344.6,347.8,351.8,-71.0377086885246,42.59016393442623,1,0.032459016393442605,0.03399999999999981
vehicle_003_session_00430,vehicle_003,430,train,121.0581112231183,35.6,331.7,332.2,333.9,336.1,-70.13115655737704,37.885245901639344,1,0.025655737704918045,0.028000000000000025
vehicle_003_session_00431,vehicle_003,431,train,122.67515165441178,63.2,349.9,350.8,353.8,357.7,-70.06557885245903,39.0,0,0.03267213114754103,0.03500000000000014
vehicle_003_session_00432,vehicle_003,432,train,121.88329114842455,17.2,325.7,326.9,328.9,330.2,-70.03279016393444,38.0,0,0.025508196721311497,0.028000000000000025
vehicle_003_session_00433,vehicle_003,433,train,119.93217550998268,44.0,336.0,336.6,338.8,342.4,-69.95573327868853,40.57377049180328,1,0.02940983606557377,0.03400000000000025
vehicle_003_session_00434,vehicle_003,434,train,125.9070469017094,69.6,355.5,356.1,359.4,363.5,-69.95573327868854,42.0,0,0.03368852459016392,0.036000000000000476
vehicle_003_session_00435,vehicle_003,435,train,121.64602313492063,22.4,327.4,328.8,330.0,331.4,-70.0081975409836,39.0,0,0.024213114754098396,0.026000000000000245
vehicle_003_session_00436,vehicle_003,436,train,121.66470579029736,50.4,339.9,340.5,343.8,347.8,-69.89507672131148,41.42622950819672,1,0.03268852459016396,0.03500000000000014
vehicle_003_session_00437,vehicle_003,437,train,121.73946627938032,40.8,332.7,333.8,336.1,339.6,-70.12951770491804,39.60655737704918,1,0.027311475409836042,0.03100000000000014
vehicle_003_session_00438,vehicle_003,438,train,123.20313953993056,62.0,349.4,350.2,353.3,357.2,-70.09345114754099,41.0,0,0.032786885245901634,0.03400000000000025
vehicle_003_session_00439,vehicle_003,439,train,122.12629066154973,48.4,337.7,338.3,341.4,345.8,-70.35737983606558,38.114754098360656,1,0.03142622950819676,0.03500000000000014
vehicle_003_session_00440,vehicle_003,440,train,121.80686586934154,67.6,353.0,353.6,355.8,358.6,-50.10984606557378,36.868852459016395,1,0.02809836065573774,0.03000000000000025
vehicle_003_session_00441,vehicle_003,441,train,123.05672610640306,67.2,353.8,354.6,357.7,361.8,-69.39835180327869,36.22950819672131,1,0.03311475409836064,0.03500000000000014
vehicle_003_session_00442,vehicle_003,442,train,120.88479110939643,24.4,327.4,329.1,330.5,331.9,-69.87869868852458,38.91803278688525,1,0.02393442622950821,0.026000000000000245
vehicle_003_session_00443,vehicle_003,443,train,123.2240259478228,56.8,345.2,346.0,349.3,353.0,-70.20000999999999,41.80327868852459,1,0.033163934426229495,0.03500000000000014
vehicle_003_session_00444,vehicle_003,444,train,123.96007031250001,72.4,357.2,358.0,361.4,365.7,-70.03442967213115,42.0,0,0.033639344262295104,0.036000000000000476
vehicle_003_session_00445,vehicle_003,445,train,122.21327783038723,41.6,334.7,335.2,337.1,340.3,-69.97049081967214,37.21311475409836,1,0.027885245901639332,0.03200000000000003
vehicle_003_session_00446,vehicle_003,446,train,125.21858572404376,68.4,354.6,355.3,358.5,362.4,-69.95409967213115,39.01639344262295,1,0.03390163934426227,0.03600000000000003
vehicle_003_session_00447,vehicle_003,447,train,123.5281097993827,48.0,335.5,337.06,340.65999999999997,345.2,-69.94917983606558,34.26229508196721,1,0.030803278688524567,0.03500000000000014
vehicle_003_session_00448,vehicle_003,448,train,123.72882026836163,73.2,358.6,359.4,362.7,366.9,-69.92295229508196,36.0,0,0.03419672131147541,0.036000000000000476
vehicle_003_session_00449,vehicle_003,449,train,123.29480609809022,65.6,352.1,353.0,356.1,360.3,-71.41802655737705,34.0,0,0.03268852459016391,0.03500000000000014
vehicle_003_session_00450,vehicle_003,450,train,122.32778805555556,37.6,331.3,332.5,334.6,337.4,-70.9573793442623,34.24590163934426,2,0.026163934426229517,0.028000000000000025
vehicle_003_session_00451,vehicle_003,451,train,122.71045496632999,57.6,346.0,346.8,349.9,353.9,-71.10001000000001,36.721311475409834,1,0.03240983606557375,0.03400000000000025
vehicle_003_session_00452,vehicle_003,452,train,120.31420981329691,37.2,332.7,333.0,334.6,337.2,-70.00819803278688,34.63934426229508,1,0.02567213114754098,0.028000000000000025
vehicle_003_session_00453,vehicle_003,453,train,122.1486966911765,61.6,349.1,349.9,353.0,356.9,-69.94426327868854,37.0,0,0.03285245901639345,0.03500000000000014
vehicle_003_session_00454,vehicle_003,454,train,121.82958680555556,58.8,346.6,347.4,350.5,354.4,-69.97704688524591,35.0,0,0.032147540983606566,0.03400000000000025
vehicle_003_session_00455,vehicle_003,455,train,121.77170600386778,13.2,324.7,325.7,328.0,329.4,-70.02131360655737,33.0,0,0.025377049180327876,0.027000000000000135
vehicle_003_session_00456,vehicle_003,456,train,120.79520960365855,44.8,336.8,337.4,339.6,343.6,-69.91310606557376,36.65573770491803,1,0.03055737704918032,0.03500000000000014
vehicle_003_session_00457,vehicle_003,457,train,127.19861847222225,77.6,362.7,363.5,366.8,371.1,-69.91146852459016,39.0,0,0.035918032786885226,0.03700000000000081
vehicle_003_session_00458,vehicle_003,458,train,121.60764423611113,48.8,338.0,338.6,341.3,344.9,-59.973771639344264,36.14754098360656,1,0.029770491803278728,0.03200000000000003
vehicle_003_session_00459,vehicle_003,459,train,122.59448565573767,62.0,348.2,349.7,353.0,357.1,-69.4606518032787,36.0,0,0.032213114754098396,0.03400000000000025
vehicle_003_session_00460,vehicle_003,460,train,120.90485955638479,33.6,331.9,332.2,333.5,335.3,-69.84426901639345,37.52459016393443,1,0.0256065573770492,0.028000000000000025
vehicle_003_session_00461,vehicle_003,461,train,123.38987748015869,60.4,347.7,348.6,351.8,355.5,-69.85901868852459,40.59016393442623,1,0.03344262295081968,0.03500000000000014
vehicle_003_session_00462,vehicle_003,462,train,122.98787664783424,66.8,353.0,353.8,357.2,361.3,-70.8868831147541,33.557377049180324,1,0.032491803278688516,0.03500000000000014
vehicle_003_session_00463,vehicle_003,463,train,123.14105288461543,49.2,336.8,337.4,339.4,342.4,-45.200010000000006,36.36065573770492,1,0.026278688524590147,0.02900000000000036
vehicle_003_session_00464,vehicle_003,464,train,121.30131659411276,46.0,337.4,338.0,340.7,344.9,-70.08525245901639,32.721311475409834,1,0.0312622950819672,0.03500000000000014
vehicle_003_session_00465,vehicle_003,465,train,127.06284722222227,73.2,359.1,359.7,363.0,367.4,-70.06393901639343,35.0,0,0.03529508196721313,0.038000000000000256
vehicle_003_session_00466,vehicle_003,466,train,125.56981981646831,75.2,359.7,360.7,363.9,368.3,-70.69673131147539,36.032786885245905,1,0.03432786885245896,0.036000000000000476
vehicle_003_session_00467,vehicle_003,467,train,119.64985216572505,40.4,334.7,335.0,336.9,339.9,-70.1016493442623,36.540983606557376,1,0.0281475409836065,0.03100000000000014
vehicle_003_session_00468,vehicle_003,468,train,123.72967981150796,64.0,351.4,352.2,355.3,359.3,-70.1344362295082,38.90163934426229,1,0.03418032786885247,0.03600000000000003
vehicle_003_session_00469,vehicle_003,469,train,122.44993329326923,29.2,329.2,330.2,331.7,333.5,-71.0541037704918,38.049180327868854,2,0.024852459016393488,0.027000000000000135
vehicle_003_session_00470,vehicle_003,470,train,123.10697871572872,50.4,339.6,340.3,343.8,347.8,-71.08853344262296,40.60655737704918,1,0.033344262295082014,0.03500000000000014
vehicle_003_session_00471,vehicle_003,471,train,111.41386208767364,46.0,336.0,337.5,340.5,344.9,-70.31968360655738,32.21311475409836,2,0.031065573770491805,0.0349999999999997
vehicle_003_session_00472,vehicle_003,472,train,126.24060157721289,72.0,356.3,357.1,360.3,364.4,-70.34426901639344,34.0,0,0.03467213114754103,0.036000000000000476
vehicle_003_session_00473,vehicle_003,473,train,122.18605155285496,46.8,337.2,337.8,340.8,345.0,-69.9934419672131,33.622950819672134,1,0.03131147540983612,0.03500000000000014
vehicle_003_session_00474,vehicle_003,474,train,124.9450730429293,76.0,361.1,361.9,365.3,369.6,-69.98360491803278,35.868852459016395,1,0.03565573770491807,0.038000000000000256
vehicle_003_session_00475,vehicle_003,475,train,120.19047053717323,1.2,316.6,318.8,322.1,324.9,-70.0901724590164,38.0,0,0.02745901639344263,0.03000000000000025
vehicle_003_session_00476,vehicle_003,476,train,122.22817519841269,28.4,330.5,330.8,331.7,333.2,-70.00327901639345,38.704918032786885,1,0.025081967213114786,0.027000000000000135
vehicle_003_session_00477,vehicle_003,477,train,125.72222499999995,56.4,343.3,344.1,347.2,351.1,-70.01147655737705,41.73770491803279,1,0.033999999999999975,0.03600000000000003
vehicle_003_session_00478,vehicle_003,478,train,118.82939136904766,34.0,331.0,331.3,332.1,333.2,-45.200010000000006,33.0655737704918,1,0.017196721311475437,0.020000000000000018
vehicle_003_session_00479,vehicle_003,479,train,122.5374202724359,56.4,343.6,344.3,346.3,348.9,-45.200010000000006,35.67213114754098,1,0.0277049180327869,0.02900000000000036
vehicle_003_session_00480,vehicle_003,480,train,122.7975486111111,23.6,329.6,329.7,330.8,332.1,-69.52787163934427,32.278688524590166,1,0.023852459016393473,0.025000000000000355
vehicle_003_session_00481,vehicle_003,481,train,122.4305577697263,50.0,339.7,340.5,343.8,347.8,-69.50983704918032,35.68852459016394,1,0.033393442622950825,0.03500000000000014
vehicle_003_session_00482,vehicle_003,482,train,122.44707804232803,24.0,329.2,329.6,330.5,331.7,-69.41802590163934,35.24590163934426,1,0.024180327868852474,0.025000000000000355
vehicle_003_session_00483,vehicle_003,483,train,125.87358776167471,49.6,338.0,338.5,341.3,345.3,-69.45737278688524,38.377049180327866,1,0.03209836065573772,0.03500000000000014
vehicle_003_session_00484,vehicle_003,484,train,120.55555878325515,41.2,334.6,334.9,336.9,339.9,-70.00655885245902,36.39344262295082,1,0.027852459016393404,0.03100000000000014
vehicle_003_session_00485,vehicle_003,485,train,124.59130965391621,69.6,355.7,356.4,359.6,363.6,-69.97869016393442,39.0,0,0.0350983606557377,0.03699999999999992
vehicle_003_session_00486,vehicle_003,486,train,120.26669333333336,32.4,330.2,330.5,331.3,332.4,-45.100010000000005,34.0655737704918,1,0.016901639344262313,0.019000000000000128
vehicle_003_session_00487,vehicle_003,487,train,123.62417465886944,72.8,356.9,357.5,359.4,362.1,-45.200010000000006,35.0,0,0.02821311475409834,0.029000000000000803
vehicle_003_session_00488,vehicle_003,488,train,120.53196092592594,22.4,329.4,329.6,330.7,331.7,-69.61640295081968,31.80327868852459,1,0.02396721311475415,0.025000000000000355
vehicle_003_session_00489,vehicle_003,489,train,122.877621720679,52.4,341.6,342.4,345.8,349.6,-69.61312459016393,35.67213114754098,1,0.03398360655737705,0.03500000000000014
vehicle_003_session_00490,vehicle_003,490,train,113.54978055555553,8.0,321.6,323.2,325.7,328.0,-69.5754168852459,34.721311475409834,1,0.025229508196721276,0.026000000000000245
vehicle_003_session_00491,vehicle_003,491,train,123.85472504340281,32.0,331.4,331.7,332.8,334.4,-69.61312409836067,36.19672131147541,1,0.024901639344262327,0.028000000000000025
vehicle_003_session_00492,vehicle_003,492,train,124.3219420634921,57.6,344.9,345.7,348.8,352.7,-69.60164868852459,39.0,0,0.03431147540983606,0.03600000000000003
vehicle_003_session_00493,vehicle_003,493,train,121.38296409214095,50.8,341.0,341.8,345.2,349.3,-69.96065442622952,33.36065573770492,1,0.033754098360655724,0.03500000000000014
vehicle_003_session_00494,vehicle_003,494,train,122.5666371996997,56.4,344.7,345.7,348.9,352.8,-69.84918491803279,36.0,0,0.03295081967213115,0.03500000000000014
vehicle_003_session_00495,vehicle_003,495,train,119.17560406746033,29.6,329.2,330.5,332.1,333.9,-69.83934721311475,34.14754098360656,1,0.024475409836065616,0.026000000000000245
vehicle_003_session_00496,vehicle_003,496,train,122.33696537842192,57.6,346.1,347.1,350.2,353.9,-69.85738180327868,37.0,0,0.033540983606557356,0.03500000000000014
vehicle_003_session_00497,vehicle_003,497,train,121.84028095657278,16.0,327.4,327.8,329.1,330.3,-69.99344508196722,31.311475409836067,1,0.024573770491803308,0.026000000000000245
vehicle_003_session_00498,vehicle_003,498,train,121.86242310789052,44.4,336.4,336.9,339.3,343.0,-69.98524704918033,34.557377049180324,1,0.03040983606557377,0.03500000000000014
vehicle_003_session_00499,vehicle_003,499,train,125.2963876488095,72.0,357.8,358.8,361.9,366.1,-69.94754327868853,37.0,0,0.03626229508196722,0.038000000000000256
vehicle_003_session_00500,vehicle_003,500,train,122.24367279411767,43.6,335.7,336.1,338.3,342.1,-70.0213131147541,35.540983606557376,1,0.029885245901639306,0.03500000000000014
vehicle_003_session_00501,vehicle_003,501,train,126.03558357699809,71.2,356.9,357.7,361.0,365.0,-69.96229639344263,37.90163934426229,1,0.03596721311475408,0.038000000000000256
vehicle_003_session_00502,vehicle_003,502,train,120.76823345871912,40.4,334.1,334.6,336.4,339.6,-69.99508540983607,32.65573770491803,1,0.02744262295081967,0.03100000000000014
vehicle_003_session_00503,vehicle_003,503,train,124.56038941854995,69.2,355.5,356.3,359.6,363.6,-69.87541295081967,35.0655737704918,1,0.03531147540983603,0.03699999999999992
vehicle_003_session_00504,vehicle_003,504,train,121.75029826877932,40.8,334.6,334.9,336.9,339.9,-69.9442655737705,34.32786885245902,1,0.02809836065573769,0.03200000000000003
vehicle_003_session_00505,vehicle_003,505,train,123.71200890985324,58.8,346.8,347.7,350.8,354.6,-69.95246147540983,35.91803278688525,1,0.03388524590163934,0.03600000000000003
vehicle_003_session_00506,vehicle_003,506,train,122.23536140256189,18.0,325.7,326.79999999999995,328.6,329.7,-59.957895263157894,32.39473684210526,1,0.021828947368421045,0.02499999999999991
vehicle_003_session_00507,vehicle_003,507,train,120.97223536706346,28.4,330.0,330.2,331.0,332.2,-55.09344901639345,38.0,0,0.019918032786885257,0.02100000000000035
vehicle_003_session_00508,vehicle_003,508,train,122.28497019774015,59.2,346.4,347.1,349.4,352.5,-55.101646229508205,41.0,0,0.030606557377049173,0.03200000000000003
vehicle_003_session_00509,vehicle_003,509,train,122.75743249007935,17.2,327.5,328.0,329.2,330.3,-69.95245426229509,38.08196721311475,1,0.024688524590163952,0.027000000000000135
vehicle_003_session_00510,vehicle_003,510,train,121.9583426587302,45.6,336.9,337.4,339.7,343.6,-69.84426901639345,41.295081967213115,1,0.0313606557377049,0.03600000000000003
vehicle_003_session_00511,vehicle_003,511,train,127.20834820601851,73.6,358.9,359.9,363.2,367.2,-69.85246327868853,43.0,0,0.036688524590163946,0.03900000000000059
vehicle_003_session_00512,vehicle_003,512,train,124.42108059561967,76.8,361.9,362.5,365.2,368.5,-55.06394081967213,36.0,0,0.032622950819672134,0.034000000000000696
vehicle_003_session_00513,vehicle_003,513,train,123.64103750000004,67.2,353.6,354.6,357.7,361.9,-70.18689344262295,36.0,0,0.033868852459016316,0.03600000000000003
vehicle_003_session_00514,vehicle_003,514,train,123.90005064203363,76.4,361.3,361.9,364.7,368.2,-55.200010000000006,32.0,0,0.03139344262295083,0.03300000000000036
vehicle_003_session_00515,vehicle_003,515,train,123.69232505341883,58.0,345.2,346.3,349.7,353.8,-70.12296032786885,34.442622950819676,1,0.03301639344262291,0.03400000000000025
vehicle_003_session_00516,vehicle_003,516,train,124.24849270244817,68.8,354.4,355.0,357.5,360.7,-55.69673131147542,34.0,0,0.031278688524590176,0.03300000000000036
vehicle_003_session_00517,vehicle_003,517,train,123.04911860119047,59.2,346.8,347.7,350.8,354.7,-70.09508967213115,36.0,0,0.03337704918032786,0.03500000000000014
vehicle_003_session_00518,vehicle_003,518,train,121.06713827495975,60.4,346.1,347.6,350.7,353.9,-59.878951052631585,37.0,0,0.030513157894736836,0.03200000000000003
vehicle_003_session_00519,vehicle_003,519,train,119.79118207159625,25.6,329.9,330.2,331.1,332.7,-70.00819967213114,37.40983606557377,1,0.024590163934426243,0.026000000000000245
vehicle_003_session_00520,vehicle_003,520,train,123.12738503614916,54.0,342.8,343.6,347.1,350.8,-69.97213262295082,40.80327868852459,1,0.03478688524590166,0.037000000000000366
vehicle_003_session_00521,vehicle_003,521,train,121.09600050403228,31.6,329.9,331.0,332.7,334.9,-74.10492524590165,36.9344262295082,1,0.026278688524590196,0.02900000000000036
vehicle_003_session_00522,vehicle_003,522,train,124.1237577642747,56.8,345.2,346.0,349.4,353.5,-73.96721983606555,39.540983606557376,1,0.03527868852459017,0.03699999999999992
vehicle_003_session_00523,vehicle_003,523,train,120.71812010732326,38.4,333.5,333.8,335.3,338.0,-69.96721344262296,38.50819672131148,1,0.027262295081967182,0.029999999999999805
vehicle_003_session_00524,vehicle_003,524,train,123.81762994080145,64.8,351.8,352.4,355.5,359.6,-69.94590524590163,41.0,0,0.03519672131147542,0.037000000000000366
vehicle_003_session_00525,vehicle_003,525,train,123.38694214665033,66.0,353.0,353.6,356.9,361.0,-70.4688493442623,41.459016393442624,1,0.03562295081967212,0.037000000000000366
vehicle_003_session_00526,vehicle_003,526,train,121.46729623891224,36.4,332.7,333.0,334.6,336.9,-69.91475540983606,38.34426229508197,1,0.026475409836065576,0.028999999999999915
vehicle_003_session_00527,vehicle_003,527,train,121.77764145622896,24.0,329.4,329.6,330.8,332.1,-69.9655768852459,33.57377049180328,1,0.024147540983606584,0.026000000000000245
vehicle_003_session_00528,vehicle_003,528,train,123.22971164279517,64.0,351.3,352.1,355.2,359.1,-69.89836081967213,38.0,0,0.03545901639344265,0.037000000000000366
vehicle_003_session_00529,vehicle_003,529,train,122.52728804563495,62.0,349.7,350.5,353.8,357.7,-70.8393524590164,33.52459016393443,1,0.03436065573770495,0.03600000000000003
vehicle_003_session_00530,vehicle_003,530,train,122.05704861111116,60.0,347.8,348.6,351.8,355.7,-69.95573327868854,36.295081967213115,1,0.03411475409836066,0.03600000000000003
vehicle_003_session_00531,vehicle_003,531,train,122.58395201077944,62.0,347.7,349.6,353.0,357.1,-69.99508147540983,35.0,0,0.033377049180327904,0.03500000000000014
vehicle_003_session_00532,vehicle_003,532,train,120.10860131766378,34.8,332.4,332.7,334.2,336.3,-69.89998999999999,36.42622950819672,1,0.026442622950819644,0.028999999999999915
vehicle_003_session_00533,vehicle_003,533,train,122.20204861111111,66.0,352.8,353.6,356.8,360.8,-69.89835114754098,39.65573770491803,1,0.03562295081967213,0.037000000000000366
vehicle_003_session_00534,vehicle_003,534,train,120.36495043572988,34.0,330.8,331.0,331.7,333.0,-45.100010000000005,34.0,0,0.017245901639344283,0.019000000000000128
vehicle_003_session_00535,vehicle_003,535,train,122.93865225694442,72.0,357.8,358.6,362.1,366.3,-71.38687983606556,36.0,0,0.03645901639344264,0.038000000000000256
vehicle_003_session_00536,vehicle_003,536,train,120.83334558823529,51.6,339.6,340.0,342.4,345.2,-45.02131360655738,37.950819672131146,1,0.030049180327868907,0.03200000000000003
vehicle_003_session_00537,vehicle_003,537,train,121.20076906565659,28.8,329.2,330.2,331.6,333.3,-70.0295118032787,37.26229508196721,1,0.024868852459016398,0.027000000000000135
vehicle_003_session_00538,vehicle_003,538,train,122.47089359318998,50.8,340.0,340.8,344.3,348.5,-70.08033573770493,39.75409836065574,1,0.035147540983606576,0.03699999999999992
vehicle_003_session_00539,vehicle_003,539,train,123.89408727197349,64.4,351.6,352.4,355.5,359.4,-70.12460016393442,41.0,0,0.0352622950819672,0.037000000000000366
vehicle_003_session_00540,vehicle_003,540,train,121.2750278288399,29.6,330.5,331.0,332.1,333.8,-69.0541037704918,37.83606557377049,1,0.024672131147541004,0.02699999999999969
vehicle_003_session_00541,vehicle_003,541,train,122.36422750829189,57.2,345.5,346.1,349.4,353.2,-69.02951114754099,40.885245901639344,1,0.03455737704918033,0.03600000000000003
vehicle_003_session_00542,vehicle_003,542,train,122.16356768388108,26.0,328.3,329.2,330.7,332.2,-69.78526442622952,39.131147540983605,1,0.024360655737704944,0.0259999999999998
vehicle_003_session_00543,vehicle_003,543,train,121.14075786356216,54.4,342.8,343.8,347.1,351.0,-69.74919524590163,42.0,0,0.03516393442622952,0.03699999999999992
vehicle_003_session_00544,vehicle_003,544,train,123.43799718196455,50.8,338.9,339.9,343.8,348.0,-70.8508237704918,39.52459016393443,1,0.03495081967213116,0.03699999999999992
vehicle_003_session_00545,vehicle_003,545,train,122.10446687312317,28.0,330.5,330.7,331.7,333.2,-69.70492852459016,42.39344262295082,1,0.025098360655737728,0.027000000000000135
vehicle_003_session_00546,vehicle_003,546,train,122.85567772817464,57.6,344.9,345.7,348.6,352.4,-66.20984704918034,45.868852459016395,1,0.034590163934426196,0.03600000000000003
vehicle_003_session_00547,vehicle_003,547,train,123.00397819648695,43.6,333.6,334.7,337.5,341.4,-70.37540819672132,36.22950819672131,1,0.03001639344262292,0.03600000000000003
vehicle_003_session_00548,vehicle_003,548,train,124.80325180041157,71.2,356.9,357.7,361.0,365.2,-70.51639508196722,38.0,0,0.036918032786885276,0.03900000000000059
vehicle_003_session_00549,vehicle_003,549,train,121.49809735928366,25.6,328.5,329.6,330.8,332.4,-71.0852542622951,39.295081967213115,1,0.024803278688524596,0.026000000000000245
vehicle_003_session_00550,vehicle_003,550,train,123.90048037439614,56.4,344.7,345.5,348.8,352.7,-71.11640344262295,42.868852459016395,1,0.035475409836065584,0.03699999999999992
vehicle_003_session_00551,vehicle_003,551,train,120.01519684343435,46.8,336.9,337.4,339.1,342.2,-50.29182245901641,36.704918032786885,1,0.028573770491803284,0.03399999999999981
vehicle_003_session_00552,vehicle_003,552,train,123.66288122379454,68.8,354.9,355.3,357.5,360.5,-50.32624163934426,38.0,0,0.031393442622950844,0.03300000000000036
vehicle_003_session_00553,vehicle_003,553,train,121.27054841549295,17.6,328.0,328.3,329.4,330.5,-70.07049885245902,40.0,0,0.02490163934426232,0.027000000000000135
vehicle_003_session_00554,vehicle_003,554,train,124.36760524817853,46.4,336.9,337.4,339.7,343.6,-70.02459262295082,42.704918032786885,1,0.03234426229508195,0.03699999999999992
vehicle_003_session_00555,vehicle_003,555,train,126.8839901221264,70.8,356.3,357.1,360.3,364.6,-70.04426672131147,44.0,0,0.03760655737704917,0.040000000000000036
vehicle_003_session_00556,vehicle_003,556,train,121.03776366487456,25.2,328.6,329.4,330.8,332.4,-70.14591163934425,37.377049180327866,1,0.02422950819672135,0.025000000000000355
vehicle_003_session_00557,vehicle_003,557,train,120.38459206649831,50.0,339.6,340.3,343.6,347.7,-70.18197721311475,40.42622950819672,1,0.03509836065573773,0.037000000000000366
vehicle_003_session_00558,vehicle_003,558,train,125.56867210429778,76.4,361.4,362.2,365.7,369.9,-70.20000999999999,42.0,0,0.037950819672131174,0.040000000000000036
vehicle_003_session_00559,vehicle_003,559,train,124.43552072811447,67.6,354.3,355.0,358.2,362.4,-70.60984606557376,35.0,0,0.035770491803278695,0.037000000000000366
vehicle_003_session_00560,vehicle_003,560,train,122.08334551457197,18.4,326.3,327.5,329.2,330.5,-70.1147624590164,37.0,0,0.02516393442622951,0.028000000000000025
vehicle_003_session_00561,vehicle_003,561,train,120.6375064351852,43.2,335.7,336.3,338.3,341.9,-70.05902131147539,39.459016393442624,1,0.030606557377049145,0.03600000000000003
vehicle_003_session_00562,vehicle_003,562,train,123.80826641949156,73.2,358.8,359.6,362.8,367.1,-70.01475524590164,41.295081967213115,1,0.037557377049180406,0.03900000000000059
vehicle_003_session_00563,vehicle_003,563,train,122.19128857323231,67.2,352.5,353.3,355.7,358.6,-51.42459114754098,39.0,0,0.029770491803278752,0.03100000000000014
vehicle_003_session_00564,vehicle_003,564,train,123.195198805766,18.4,325.7,326.65,328.4,329.7,-60.090796710526305,38.25,-1,0.022671052631578953,0.0259999999999998
vehicle_003_session_00565,vehicle_003,565,train,122.07733185185192,52.8,340.8,341.8,345.2,349.3,-70.10984557377049,41.78688524590164,1,0.03301639344262295,0.03500000000000014
vehicle_003_session_00566,vehicle_003,566,train,121.3758184883253,27.6,330.0,330.3,331.6,333.2,-70.12951655737704,40.26229508196721,1,0.024868852459016398,0.027000000000000135
vehicle_003_session_00567,vehicle_003,567,train,122.8676056018519,55.6,343.9,344.7,348.0,352.1,-70.12459803278688,43.31147540983606,1,0.03303278688524589,0.03500000000000014
vehicle_003_session_00568,vehicle_003,568,train,121.27745088485666,40.0,332.2,333.2,335.3,338.3,-69.88196983606557,39.0655737704918,1,0.027295081967213093,0.030999999999999694
vehicle_003_session_00569,vehicle_003,569,train,123.98761458333333,64.8,351.6,352.4,355.5,359.4,-69.85902081967214,41.0,0,0.03363934426229509,0.03500000000000014
vehicle_003_session_00570,vehicle_003,570,train,123.0530362739834,7.2,320.3,321.65,324.1,326.4,-59.89079013157895,39.0,0,0.022697368421052622,0.02400000000000002
vehicle_003_session_00571,vehicle_003,571,train,122.76819294233087,55.6,341.3,343.1,346.475,350.0,-60.053338266666664,38.0,0,0.0294133333333333,0.03299999999999992
vehicle_003_session_00572,vehicle_003,572,train,123.76440768995097,60.8,348.0,348.6,351.1,354.1,-55.04426672131148,35.85245901639344,1,0.028098360655737675,0.03100000000000014
vehicle_003_session_00573,vehicle_003,573,train,121.87053561827959,25.6,330.3,330.5,331.4,333.0,-71.08853327868852,33.09836065573771,1,0.025032786885245933,0.026000000000000245
vehicle_003_session_00574,vehicle_003,574,train,122.81303536458333,50.4,340.2,341.0,344.3,348.3,-71.09836901639345,36.40983606557377,1,0.03336065573770492,0.03500000000000014
vehicle_003_session_00575,vehicle_003,575,train,122.2680370370371,63.2,350.8,351.6,354.7,358.6,-70.2082075409836,38.0,0,0.03370491803278691,0.03500000000000014
vehicle_003_session_00576,vehicle_003,576,train,122.93221938961987,58.0,346.1,346.9,350.2,353.9,-69.70164950819671,38.0,0,0.03255737704918033,0.03400000000000025
vehicle_003_session_00577,vehicle_003,577,train,122.83567538126364,35.2,330.8,331.6,332.5,333.8,-45.118042786885255,38.91803278688525,1,0.017918032786885252,0.020000000000000018
vehicle_003_session_00578,vehicle_003,578,train,123.04070188492064,56.0,343.6,344.3,346.4,348.9,-45.100010000000005,40.9344262295082,1,0.02660655737704917,0.028000000000000025
vehicle_003_session_00579,vehicle_003,579,train,123.85633455882355,50.0,336.6,338.1,341.675,345.8,-59.9546664,38.0,0,0.02953333333333334,0.03200000000000003
vehicle_003_session_00580,vehicle_003,580,train,123.22358191738817,58.4,347.5,348.3,351.4,355.3,-69.91967655737704,43.19672131147541,1,0.03372131147540985,0.03600000000000003
vehicle_003_session_00581,vehicle_003,581,train,123.30926937724017,62.8,350.2,351.0,354.1,358.0,-70.1032886885246,42.22950819672131,1,0.033655737704918066,0.03600000000000003
vehicle_003_session_00582,vehicle_003,582,train,122.90297925240056,24.8,329.9,330.0,331.1,332.4,-70.2770668852459,40.0,2,0.02486885245901643,0.026000000000000245
vehicle_003_session_00583,vehicle_003,583,train,123.7440770833334,57.6,345.8,346.8,349.9,353.8,-70.24427672131146,44.0,0,0.03377049180327865,0.03500000000000014
vehicle_003_session_00584,vehicle_003,584,train,122.72326982060186,52.0,340.7,341.6,345.2,349.3,-69.92458262295082,36.90163934426229,1,0.03280327868852461,0.03400000000000025
vehicle_003_session_00585,vehicle_003,585,train,122.593391609375,10.4,321.7,322.9,325.375,327.5,-59.90133519999999,37.0,0,0.023093333333333296,0.02400000000000002
vehicle_003_session_00586,vehicle_003,586,train,121.28469791666663,34.4,330.8,331.1,332.1,333.5,-49.899989999999995,39.39344262295082,1,0.019278688524590203,0.02100000000000035
vehicle_003_session_00587,vehicle_003,587,train,122.98336315359477,55.6,342.5,343.2,345.7,348.5,-49.899989999999995,41.90163934426229,1,0.027672131147540965,0.02900000000000036
vehicle_003_session_00588,vehicle_003,588,train,121.23051655251142,20.4,328.3,328.6,329.9,331.1,-69.20000999999999,44.0,0,0.024901639344262313,0.027000000000000135
vehicle_003_session_00589,vehicle_003,589,train,122.7376947378717,49.6,339.1,339.7,342.7,346.8,-65.70001,46.950819672131146,1,0.032163934426229515,0.03400000000000025
vehicle_003_session_00590,vehicle_003,590,train,120.67437261196146,33.2,331.6,331.9,333.2,335.2,-69.14263295081969,41.114754098360656,1,0.02573770491803282,0.028000000000000025
vehicle_003_session_00591,vehicle_003,591,train,124.1013651718456,72.4,358.0,358.6,361.9,366.0,-69.18361672131148,44.0,0,0.03496721311475413,0.036000000000000476
vehicle_003_session_00592,vehicle_003,592,train,120.71854523533948,43.6,335.7,336.1,338.3,342.1,-69.92458327868852,41.0,2,0.030163934426229454,0.03400000000000025
vehicle_003_session_00593,vehicle_003,593,train,125.48060559964736,72.4,358.0,358.9,362.1,366.3,-69.90490918032786,43.0,0,0.035229508196721326,0.03699999999999992
vehicle_003_session_00594,vehicle_003,594,train,123.12801075913244,10.0,321.6,322.9,325.375,327.5,-60.00800080000001,37.0,0,0.023319999999999976,0.02400000000000002
vehicle_003_session_00595,vehicle_003,595,train,123.52345377604168,57.2,345.2,346.0,348.9,352.7,-66.6016493442623,46.77049180327869,1,0.032721311475409805,0.03400000000000025
vehicle_003_session_00596,vehicle_003,596,train,120.89892438271602,35.6,332.7,333.0,334.4,336.6,-70.03279016393444,41.98360655737705,1,0.027081967213114743,0.028999999999999915
vehicle_003_session_00597,vehicle_003,597,train,123.33569314971754,64.4,351.4,352.2,355.2,358.9,-68.20328245901639,44.540983606557376,1,0.034032786885245934,0.03600000000000003
vehicle_003_session_00598,vehicle_003,598,train,120.33119342948717,27.2,328.8,329.7,331.1,332.8,-70.30820098360655,41.950819672131146,1,0.025000000000000036,0.027000000000000135
vehicle_003_session_00599,vehicle_003,599,train,122.016776089892,53.2,341.8,342.7,346.1,350.0,-70.45901229508196,44.0,0,0.03365573770491805,0.03500000000000014
vehicle_003_session_00600,vehicle_003,600,train,120.95530825109648,8.0,323.3,323.8,325.8,328.0,-68.94097770491803,38.0,0,0.025983606557376998,0.027000000000000135
vehicle_003_session_00601,vehicle_003,601,train,123.2490453809888,38.4,333.8,334.1,335.7,338.0,-68.91310606557376,39.65573770491803,1,0.02745901639344259,0.03000000000000025
vehicle_003_session_00602,vehicle_003,602,train,123.58795626218328,22.0,326.9,328.3,329.7,331.1,-69.98196540983608,36.91803278688525,1,0.02450819672131146,0.026000000000000245
vehicle_003_session_00603,vehicle_003,603,train,122.91502674696184,45.2,336.3,336.8,338.9,342.8,-69.9229431147541,39.557377049180324,1,0.030786885245901632,0.03500000000000014
vehicle_003_session_00604,vehicle_003,604,train,126.90501253531076,71.2,356.6,357.4,360.5,364.7,-69.93442098360656,41.60655737704918,1,0.03501639344262294,0.03699999999999992
vehicle_003_session_00605,vehicle_003,605,train,121.60522153916212,16.8,327.4,327.8,329.1,330.3,-70.27050885245902,42.18032786885246,1,0.02545901639344265,0.027000000000000135
vehicle_003_session_00606,vehicle_003,606,train,121.95465578703707,46.0,337.4,338.0,340.3,344.3,-68.2344404918033,44.57377049180328,1,0.031508196721311485,0.03400000000000025
vehicle_003_session_00607,vehicle_003,607,train,121.86214409722224,25.6,328.3,329.4,330.7,332.2,-69.74591622950818,39.52459016393443,1,0.02426229508196722,0.025000000000000355
vehicle_003_session_00608,vehicle_003,608,train,121.0926185185185,50.4,339.6,340.3,343.6,347.8,-69.73280016393441,42.49180327868852,1,0.03314754098360657,0.03500000000000014
vehicle_003_session_00609,vehicle_003,609,train,123.08870828072388,48.8,338.2,338.8,341.9,346.3,-70.04918524590165,40.47540983606557,1,0.03262295081967217,0.03500000000000014
vehicle_003_session_00610,vehicle_003,610,train,122.04405569723818,13.6,323.6,324.9,327.5,329.2,-69.8373384,40.0,0,0.025706666666666666,0.02799999999999958
vehicle_003_session_00611,vehicle_003,611,train,118.746572337963,32.0,331.1,331.3,332.1,333.3,-49.80002000000002,35.50819672131148,1,0.018918032786885274,0.020000000000000018
vehicle_003_session_00612,vehicle_003,612,train,121.72255441623267,56.0,343.9,344.6,346.9,349.9,-49.86721295081967,38.0,0,0.02796721311475407,0.03000000000000025
vehicle_003_session_00613,vehicle_003,613,train,122.58806001984124,48.8,336.4,337.8,341.8,346.6,-70.06230081967212,39.68852459016394,1,0.032377049180327876,0.03500000000000014
vehicle_003_session_00614,vehicle_003,614,train,124.67787551440325,71.6,357.4,358.2,361.4,365.7,-70.19345262295082,41.0,0,0.034885245901639314,0.036000000000000476
vehicle_003_session_00615,vehicle_003,615,train,124.16725966435187,71.2,356.4,357.2,360.7,364.9,-70.20984721311474,40.557377049180324,1,0.033868852459016316,0.036000000000000476
vehicle_003_session_00616,vehicle_003,616,train,123.36236446948999,54.4,342.4,343.6,347.2,351.3,-70.3393524590164,37.65573770491803,1,0.03321311475409836,0.03600000000000003
vehicle_003_session_00617,vehicle_003,617,train,121.41796504020468,22.8,327.2,328.4,329.65,330.8,-59.83421973684208,37.0,0,0.021078947368421058,0.022999999999999687
vehicle_003_session_00618,vehicle_003,618,train,122.41143107923494,8.8,321.1,322.45,324.79999999999995,327.1,-59.98289355263157,37.0,0,0.022881578947368374,0.02400000000000002
vehicle_003_session_00619,vehicle_003,619,train,122.11374593098962,12.8,322.8,324.2,327.2,329.2,-70.76723,42.0,0,0.026754098360655724,0.028000000000000025
vehicle_003_session_00620,vehicle_003,620,train,120.78755102657004,38.4,333.9,334.2,335.8,338.2,-70.62460786885246,43.9344262295082,2,0.028721311475409805,0.03100000000000014
vehicle_003_session_00621,vehicle_003,621,train,122.16499762088479,66.0,352.8,353.5,356.4,360.2,-67.5,46.0,0,0.03450819672131149,0.03600000000000003
vehicle_003_session_00622,vehicle_003,622,train,121.83265013888891,32.4,329.7,330.8,332.1,333.9,-66.94426885245902,44.73770491803279,1,0.02447540983606561,0.027000000000000135
vehicle_003_session_00623,vehicle_003,623,train,123.02768365951178,52.4,340.3,341.1,344.4,348.3,-66.0541037704918,46.47540983606557,1,0.03273770491803284,0.03500000000000014
vehicle_003_session_00624,vehicle_003,624,train,119.45620293803421,28.4,330.3,330.7,331.7,333.3,-69.94262606557376,42.59016393442623,1,0.025278688524590167,0.027000000000000135
vehicle_003_session_00625,vehicle_003,625,train,123.12677936676081,54.4,342.4,343.2,346.4,350.3,-66.5983662295082,45.0,0,0.033,0.03500000000000014
vehicle_003_session_00626,vehicle_003,626,train,123.51210721659155,50.8,338.0,339.1,343.0,347.5,-70.01967409836065,43.0,0,0.033114754098360656,0.03500000000000014
vehicle_003_session_00627,vehicle_003,627,train,122.06448416409465,29.2,328.8,329.65,330.8,332.4,-59.90657960526316,40.4078947368421,1,0.02160526315789476,0.02300000000000013
vehicle_003_session_00628,vehicle_003,628,train,122.35829448578045,28.4,330.5,330.7,331.7,333.3,-69.94917524590163,41.80327868852459,1,0.025262295081967232,0.027000000000000135
vehicle_003_session_00629,vehicle_003,629,train,125.11355197310408,62.4,349.4,350.2,353.0,356.8,-66.63115754098361,45.0,0,0.03336065573770493,0.03500000000000014
vehicle_003_session_00630,vehicle_003,630,train,122.63364701257863,24.8,328.8,328.9,329.7,330.7,-52.0,45.0,0,0.019278688524590158,0.020000000000000018
vehicle_003_session_00631,vehicle_003,631,train,120.89524693287036,46.0,336.1,336.4,338.2,340.8,-51.98196540983606,46.60655737704918,1,0.025409836065573732,0.02900000000000036
vehicle_003_session_00632,vehicle_003,632,train,122.64150943396227,19.2,327.2,327.5,328.3,329.2,-48.0,39.0,0,0.018081967213114773,0.020000000000000018
vehicle_003_session_00633,vehicle_003,633,train,122.66944472222224,59.2,346.4,346.9,349.1,351.8,-48.001639508196725,41.0,0,0.027999999999999966,0.02900000000000036
vehicle_003_session_00634,vehicle_003,634,train,121.76478316223836,19.2,327.8,328.3,329.6,330.8,-69.94425672131148,41.0,0,0.025016393442622947,0.026000000000000245
vehicle_003_session_00635,vehicle_003,635,train,121.73318583724568,46.8,337.5,338.2,340.7,344.7,-69.66720786885246,44.049180327868854,2,0.03267213114754097,0.03600000000000003
vehicle_003_session_00636,vehicle_003,636,train,126.11047569444446,75.6,360.5,361.3,364.4,368.5,-66.64099344262296,45.01639344262295,0,0.03521311475409834,0.036000000000000476
vehicle_003_session_00637,vehicle_003,637,train,121.41389161375665,16.8,325.0,326.35,328.6,330.0,-69.90133413333334,39.0,0,0.025920000000000012,0.02900000000000036
vehicle_003_session_00638,vehicle_003,638,train,122.61174993990389,21.2,326.6,327.7,329.0,330.2,-60.09334093333334,39.0,0,0.02170666666666668,0.02400000000000002
vehicle_003_session_00639,vehicle_003,639,train,124.60175502214173,63.2,349.9,350.6,353.3,356.6,-59.91842131578948,43.0,0,0.03119736842105267,0.03300000000000036
vehicle_003_session_00640,vehicle_003,640,train,122.20137291666666,67.6,352.5,353.9,357.4,361.6,-69.41802459016394,40.0,0,0.03337704918032788,0.03500000000000014
vehicle_003_session_00641,vehicle_003,641,train,122.88466060421734,36.0,330.7,331.4,333.2,335.0,-59.99600133333333,38.21333333333333,1,0.023013333333333344,0.025000000000000355
vehicle_003_session_00642,vehicle_003,642,train,122.39215563329188,52.8,338.5,340.1,343.85,347.5,-59.94933413333334,42.88,1,0.030666666666666717,0.03300000000000036
vehicle_003_session_00643,vehicle_003,643,train,121.13795933291246,29.6,330.8,331.1,332.2,333.9,-70.20000999999999,39.77049180327869,1,0.02532786885245905,0.028000000000000025
vehicle_003_session_00644,vehicle_003,644,train,122.95426802701674,56.0,344.3,345.0,348.3,352.4,-70.21148655737704,43.14754098360656,1,0.0339672131147541,0.03600000000000003
vehicle_003_session_00645,vehicle_003,645,train,122.58302088758685,67.2,353.2,353.9,357.1,361.3,-69.80656278688524,41.0,0,0.033491803278688496,0.03500000000000014
vehicle_003_session_00646,vehicle_003,646,train,122.84371124543799,37.2,331.1,332.2,334.2,336.8,-69.83421763157894,39.4078947368421,1,0.026710526315789466,0.029999999999999805
vehicle_003_session_00647,vehicle_003,647,train,123.7032832532051,69.6,355.0,355.7,357.8,360.8,-50.163944426229506,32.01639344262295,0,0.028540983606557387,0.03000000000000025
vehicle_003_session_00648,vehicle_003,648,train,121.61109418402773,20.0,328.9,329.2,330.2,331.4,-70.39998999999999,33.0,0,0.02442622950819674,0.026000000000000245
vehicle_003_session_00649,vehicle_003,649,train,122.90700511188274,52.0,341.6,342.4,345.8,349.9,-70.39835114754098,36.80327868852459,1,0.03408196721311477,0.03600000000000003
vehicle_003_session_00650,vehicle_003,650,train,120.64686406893,32.0,331.7,332.1,333.3,335.0,-70.01147655737705,36.721311475409834,1,0.026229508196721363,0.02900000000000036
vehicle_003_session_00651,vehicle_003,651,train,122.50965322788068,64.4,351.4,352.2,355.3,359.3,-70.03279016393442,40.14754098360656,1,0.03503278688524594,0.036000000000000476
vehicle_003_session_00652,vehicle_003,652,train,120.92883376736116,41.2,332.7,334.1,336.6,340.0,-70.12132114754098,33.01639344262295,2,0.028442622950819656,0.03100000000000014
vehicle_003_session_00653,vehicle_003,653,train,123.16436145833332,66.8,353.9,354.7,358.0,361.9,-70.05082475409836,35.049180327868854,1,0.03465573770491798,0.036000000000000476
vehicle_003_session_00654,vehicle_003,654,train,122.79685416666673,77.2,362.1,363.3,367.1,371.4,-70.46885065573771,32.98360655737705,1,0.034770491803278666,0.03699999999999992
vehicle_003_session_00655,vehicle_003,655,train,118.56443522313293,70.8,355.8,357.5,361.1,365.5,-69.96557098360657,35.885245901639344,1,0.03318032786885247,0.03599999999999959
vehicle_003_session_00656,vehicle_003,656,train,122.88929769199348,35.2,329.6,330.3,331.6,333.0,-45.01184315789474,32.0,0,0.01740789473684213,0.019000000000000128
vehicle_003_session_00657,vehicle_003,657,train,123.68285471264369,39.6,330.8,331.79999999999995,333.3,335.0,-44.89473802631579,37.0,0,0.018802631578947373,0.02100000000000035
vehicle_003_session_00658,vehicle_003,658,train,123.77791992742276,44.4,333.9,335.4,338.3,342.4,-69.85200386666668,36.2,1,0.03019999999999999,0.03500000000000014
vehicle_003_session_00659,vehicle_003,659,train,121.53611194444446,22.4,327.7,328.8,330.2,331.7,-70.00983704918032,37.08196721311475,1,0.024524590163934427,0.026000000000000245
vehicle_003_session_00660,vehicle_003,660,train,119.72810863935969,45.6,337.2,337.8,340.44,344.6,-70.00491852459017,39.73770491803279,1,0.03244262295081971,0.03600000000000003
vehicle_003_session_00661,vehicle_003,661,train,124.55844820601853,69.6,356.1,356.9,360.0,364.3,-70.01147655737707,41.52459016393443,1,0.03575409836065577,0.038000000000000256
vehicle_003_session_00662,vehicle_003,662,train,122.4828960924544,62.8,350.3,351.1,354.3,358.2,-69.99508147540983,39.0,0,0.03398360655737706,0.03600000000000003
vehicle_003_session_00663,vehicle_003,663,train,124.91723825231482,73.2,358.9,359.7,363.2,367.5,-69.98360491803278,38.0,0,0.034803278688524626,0.03699999999999992
vehicle_003_session_00664,vehicle_003,664,train,124.90793275114872,44.4,333.5,334.6,336.9,340.0,-59.921056315789464,41.31578947368421,1,0.026421052631578876,0.029999999999999805
vehicle_003_session_00665,vehicle_003,665,train,121.98497190656565,48.0,338.0,338.6,341.8,346.4,-70.66230508196719,35.09836065573771,2,0.03332786885245904,0.03600000000000003
vehicle_003_session_00666,vehicle_003,666,train,122.69721187106926,74.4,360.5,361.3,364.6,368.9,-70.78034590163934,37.0,0,0.036819672131147556,0.038000000000000256
vehicle_003_session_00667,vehicle_003,667,train,121.50913930348261,64.8,350.3,351.9,355.0,359.1,-69.61640344262295,40.459016393442624,1,0.03354098360655739,0.03500000000000014
vehicle_003_session_00668,vehicle_003,668,train,121.81404200542006,42.8,334.7,335.2,337.4,340.7,-69.15082967213115,39.49180327868852,1,0.029344262295081955,0.03300000000000036
vehicle_003_session_00669,vehicle_003,669,train,124.51322284722225,75.6,360.8,361.6,364.9,369.1,-69.15902639344262,42.0,0,0.036311475409836105,0.038000000000000256
vehicle_003_session_00670,vehicle_003,670,train,120.77084652777773,52.4,340.0,340.7,343.3,346.4,-50.53770868852459,43.60655737704918,1,0.02955737704918037,0.03200000000000003
vehicle_003_session_00671,vehicle_003,671,train,120.5358913784067,38.4,332.2,332.5,333.6,335.2,-49.44917524590164,35.67213114754098,1,0.02042622950819675,0.02300000000000013
vehicle_003_session_00672,vehicle_003,672,train,121.29465768298058,28.0,330.2,330.5,331.6,333.3,-70.0770568852459,39.0,0,0.02506557377049183,0.027000000000000135
vehicle_003_session_00673,vehicle_003,673,train,122.06221487520132,53.2,342.4,343.3,346.9,350.8,-70.09345196721311,41.0,0,0.034163934426229496,0.03600000000000003
vehicle_003_session_00674,vehicle_003,674,train,123.65696540880505,70.8,355.8,357.2,360.8,365.2,-69.82131606557377,37.49180327868852,1,0.033573770491803274,0.036000000000000476
vehicle_003_session_00675,vehicle_003,675,train,122.37821602564105,20.4,327.4,328.5,329.9,331.3,-69.83115754098361,31.147540983606557,2,0.0241311475409836,0.025000000000000355
vehicle_003_session_00676,vehicle_003,676,train,120.9053776430349,46.8,338.0,338.5,341.3,345.5,-69.8409913114754,34.52459016393443,1,0.03272131147540984,0.03600000000000003
vehicle_003_session_00677,vehicle_003,677,train,125.01678223379628,73.6,359.7,360.7,363.9,368.3,-69.87704606557378,36.83606557377049,1,0.03631147540983606,0.038000000000000256
vehicle_003_session_00678,vehicle_003,678,train,121.53758157276997,27.6,329.7,330.2,331.4,333.0,-69.77214836065573,34.442622950819676,1,0.024655737704918062,0.026000000000000245
vehicle_003_session_00679,vehicle_003,679,train,122.33636853120244,56.4,345.0,345.8,349.3,353.0,-69.86557409836065,37.91803278688525,1,0.03388524590163934,0.03500000000000014
vehicle_003_session_00680,vehicle_003,680,train,123.43337888418081,44.4,333.8,335.3,338.3,342.4,-69.97868639344263,31.688524590163933,1,0.029983606557377043,0.0349999999999997
vehicle_003_session_00681,vehicle_003,681,train,123.30242268880214,68.0,355.2,355.8,358.9,363.0,-69.83443524590164,34.0655737704918,1,0.03485245901639348,0.037000000000000366
vehicle_003_session_00682,vehicle_003,682,train,122.45197857945261,36.8,331.1,332.29999999999995,334.2,336.8,-69.9776319736842,34.88157894736842,1,0.026644736842105256,0.02900000000000036
vehicle_003_session_00683,vehicle_003,683,train,122.40044357638891,47.6,335.7,337.1,340.5,345.3,-70.1147637704918,36.42622950819672,1,0.032393442622950845,0.03600000000000003
vehicle_003_session_00684,vehicle_003,684,train,124.74294334795324,74.8,360.5,361.3,364.7,368.9,-70.05738278688526,38.0,0,0.036196721311475354,0.038000000000000256
vehicle_003_session_00685,vehicle_003,685,train,121.28774138374487,26.8,329.6,330.0,331.4,333.0,-69.62623770491803,29.60655737704918,1,0.024196721311475447,0.026000000000000245
vehicle_003_session_00686,vehicle_003,686,train,120.66828358378875,59.2,348.2,348.9,352.1,356.0,-69.72132360655736,33.83606557377049,1,0.034016393442622965,0.03600000000000003
vehicle_003_session_00687,vehicle_003,687,train,121.62779407407407,23.6,329.6,329.9,331.0,332.4,-74.64755098360656,40.39344262295082,1,0.026655737704918074,0.028000000000000025
vehicle_003_session_00688,vehicle_003,688,train,122.33008422769358,54.0,342.8,343.6,347.4,351.6,-74.65738704918031,44.0,0,0.036704918032786873,0.038000000000000256
vehicle_003_session_00689,vehicle_003,689,train,120.89122851247988,20.8,328.9,329.2,330.2,331.4,-70.26067180327868,36.131147540983605,1,0.024721311475409843,0.026000000000000245
vehicle_003_session_00690,vehicle_003,690,train,121.34449765826879,48.4,338.6,339.3,342.2,346.4,-70.23771868852458,39.377049180327866,1,0.03390163934426234,0.03699999999999992
vehicle_003_session_00691,vehicle_003,691,train,120.94272239583336,12.8,323.2,324.4,327.1,329.2,-70.5836132786885,41.42622950819672,0,0.026573770491803258,0.028000000000000025
vehicle_003_session_00692,vehicle_003,692,train,120.3881095288326,36.8,333.3,333.6,335.2,337.5,-70.6180418032787,42.868852459016395,1,0.028442622950819677,0.03100000000000014
vehicle_003_session_00693,vehicle_003,693,train,122.84954895833333,68.4,354.9,355.7,358.6,362.4,-66.56066163934427,45.0,0,0.03509836065573767,0.03700000000000081
vehicle_003_session_00694,vehicle_003,694,train,120.72688317799708,21.2,328.6,328.9,330.0,331.4,-69.93934475409836,38.24590163934426,1,0.024868852459016398,0.027000000000000135
vehicle_003_session_00695,vehicle_003,695,train,120.64477734375,51.6,340.8,341.6,345.2,349.3,-69.87049590163933,41.98360655737705,2,0.034999999999999996,0.03699999999999992
vehicle_003_session_00696,vehicle_003,696,train,122.65372613605716,56.8,343.5,345.3,349.0,353.2,-70.05263526315788,41.69736842105263,1,0.03382894736842107,0.03600000000000003
vehicle_003_session_00697,vehicle_003,697,train,124.91268465909098,71.2,357.4,358.0,361.4,365.7,-70.30329704918033,41.0,0,0.03547540983606558,0.03699999999999992
vehicle_003_session_00698,vehicle_003,698,train,121.00853966750843,7.2,322.5,323.2,325.3,327.5,-70.14263278688524,42.0,0,0.026295081967213096,0.028000000000000025
vehicle_003_session_00699,vehicle_003,699,train,122.83930376984127,34.0,332.4,332.5,333.8,335.8,-70.12296081967214,43.77049180327869,1,0.027491803278688547,0.03000000000000025
vehicle_003_session_00700,vehicle_003,700,train,122.66573726851848,62.0,349.4,350.2,353.2,356.8,-66.1606655737705,46.967213114754095,1,0.03449180327868854,0.03600000000000003
vehicle_003_session_00701,vehicle_003,701,train,122.02676646505378,71.2,356.8,357.5,361.0,365.0,-69.98852344262295,39.540983606557376,1,0.03522950819672127,0.03799999999999937
vehicle_003_session_00702,vehicle_003,702,train,121.48975631613756,46.4,333.3,336.35,339.5,344.1,-69.33289868421052,40.18421052631579,1,0.03182894736842104,0.03600000000000003
vehicle_003_session_00703,vehicle_003,703,train,123.90458170770205,44.8,334.1,335.4,338.375,342.7,-69.82134266666667,31.613333333333333,1,0.030306666666666673,0.03500000000000014
vehicle_003_session_00704,vehicle_003,704,train,122.94764672484989,60.0,347.7,348.6,351.9,355.8,-70.26394147540984,37.0,0,0.03396721311475409,0.03600000000000003
vehicle_003_session_00705,vehicle_003,705,train,119.92002104377107,25.6,330.0,330.3,331.4,332.8,-69.91146721311475,37.63934426229508,1,0.025049180327868903,0.027000000000000135
vehicle_003_session_00706,vehicle_003,706,train,120.58679247685184,52.0,341.3,342.2,345.8,349.7,-69.92130360655737,40.85245901639344,1,0.03532786885245898,0.03699999999999992
vehicle_003_session_00707,vehicle_003,707,train,126.1844870938156,76.4,361.6,362.4,365.8,370.0,-69.93933819672131,42.0,0,0.0377704918032787,0.03900000000000059
vehicle_003_session_00708,vehicle_003,708,train,122.1149958129085,24.0,329.4,329.7,330.7,332.1,-69.934428852459,38.39344262295082,1,0.02500000000000002,0.02699999999999969
vehicle_003_session_00709,vehicle_003,709,train,122.688164085961,51.2,340.3,341.0,344.3,348.5,-69.91967459016392,41.65573770491803,1,0.03537704918032789,0.037000000000000366
vehicle_003_session_00710,vehicle_003,710,train,121.89936098927872,43.6,333.6,334.9,337.5,341.6,-69.98196540983606,39.50819672131148,1,0.030065573770491804,0.03500000000000014
vehicle_003_session_00711,vehicle_003,711,train,123.93090844298247,66.4,353.5,354.3,357.4,361.4,-69.93278016393442,41.0,0,0.03549180327868852,0.037000000000000366
vehicle_003_session_00712,vehicle_003,712,train,122.72804415422888,50.0,338.9,339.9,343.0,347.4,-69.65574770491804,40.52459016393443,1,0.03424590163934428,0.03600000000000003
vehicle_003_session_00713,vehicle_003,713,train,123.4604272916667,76.8,362.1,362.8,366.3,370.5,-69.69837065573769,42.0,0,0.037540983606557464,0.03900000000000059
vehicle_003_session_00714,vehicle_003,714,train,121.86849297755634,16.0,324.6,325.9,328.3,329.9,-69.8579,39.0,0,0.025934210526315827,0.028000000000000025
vehicle_003_session_00715,vehicle_003,715,train,120.6033155864198,33.2,331.9,332.2,333.6,335.7,-70.68197721311475,36.42622950819672,1,0.026852459016393448,0.028999999999999915
vehicle_003_session_00716,vehicle_003,716,train,122.61623982445988,62.0,350.0,350.8,353.9,357.8,-70.61804278688525,39.16393442622951,1,0.03532786885245906,0.037000000000000366
vehicle_003_session_00717,vehicle_003,717,train,123.29512256944437,27.2,328.5,329.6,331.0,332.7,-69.89507344262294,38.721311475409834,1,0.024934426229508217,0.027000000000000135
vehicle_003_session_00718,vehicle_003,718,train,122.71066633821317,47.6,337.5,338.2,341.0,345.3,-69.90162950819672,41.21311475409836,2,0.033491803278688524,0.03600000000000003
vehicle_003_session_00719,vehicle_003,719,train,123.66986458333336,77.2,362.4,363.2,366.6,371.0,-69.93933819672131,43.40983606557377,1,0.03734426229508199,0.0389999999999997
vehicle_003_session_00720,vehicle_003,720,train,123.34107728909468,68.0,355.3,356.0,359.3,363.3,-70.23771868852458,39.0,0,0.03599999999999996,0.038000000000000256
vehicle_003_session_00721,vehicle_003,721,train,123.65759176270689,46.0,334.6,335.8,338.25,342.1,-60.102638289473674,38.10526315789474,1,0.02840789473684208,0.03300000000000036
vehicle_003_session_00722,vehicle_003,722,train,121.0715874807099,40.4,334.2,334.7,336.6,339.6,-71.33279639344262,41.21311475409836,1,0.02993442622950817,0.03299999999999992
vehicle_003_session_00723,vehicle_003,723,train,123.91261626157406,69.2,355.7,356.4,359.7,363.9,-71.3688544262295,43.59016393442623,1,0.036655737704918034,0.038000000000000256
vehicle_003_session_00724,vehicle_003,724,train,123.08187279040408,51.6,340.2,341.1,344.9,349.3,-71.2688693442623,38.704918032786885,1,0.03483606557377047,0.03600000000000003
vehicle_003_session_00725,vehicle_003,725,train,122.248974146021,46.8,337.1,337.7,340.3,344.6,-70.04098770491804,42.278688524590166,1,0.03288524590163936,0.03600000000000003
vehicle_003_session_00726,vehicle_003,726,train,125.95715926362689,76.4,361.6,362.4,365.7,370.0,-70.02459245901638,44.0,0,0.03736065573770494,0.040000000000000036
vehicle_003_session_00727,vehicle_003,727,train,121.64315240575405,67.2,353.0,353.6,355.8,358.6,-49.79018295081969,44.0,0,0.029508196721311494,0.03100000000000014
vehicle_003_session_00728,vehicle_003,728,train,123.44882503319037,43.2,333.2,334.29999999999995,336.5,339.6,-59.42533799999999,30.946666666666665,1,0.025800000000000007,0.028999999999999915
vehicle_003_session_00729,vehicle_003,729,train,122.36486533119661,44.0,333.5,334.9,337.7,341.6,-69.83115754098361,36.295081967213115,1,0.030131147540983585,0.0349999999999997
vehicle_003_session_00730,vehicle_003,730,train,124.0042805555556,70.0,356.3,357.2,360.3,364.6,-69.84426901639345,38.0,0,0.036114754098360645,0.038000000000000256
vehicle_003_session_00731,vehicle_003,731,train,123.99188106250003,57.6,343.5,345.75,349.65,353.8,-69.99079171052631,33.0,0,0.03342105263157896,0.03600000000000003
vehicle_003_session_00732,vehicle_003,732,train,121.10673303445851,29.6,329.2,330.2,331.7,333.6,-70.65574770491801,36.540983606557376,1,0.025409836065573767,0.027000000000000135
vehicle_003_session_00733,vehicle_003,733,train,123.53176351686513,61.2,349.1,350.0,353.2,357.1,-70.63935426229509,39.80327868852459,1,0.035131147540983634,0.037000000000000366
vehicle_003_session_00734,vehicle_003,734,train,121.31902504340282,29.2,329.7,330.2,331.7,333.5,-70.55574327868852,37.885245901639344,1,0.025475409836065593,0.028000000000000025
vehicle_003_session_00735,vehicle_003,735,train,123.60153312317253,61.6,349.4,350.2,353.5,357.4,-70.61476409836065,41.0,0,0.035114754098360686,0.03600000000000003
vehicle_003_session_00736,vehicle_003,736,train,122.84336683384775,2.8,317.7,318.8,321.4,323.3,-50.039347704918036,39.0,0,0.021131147540983653,0.02300000000000013
vehicle_003_session_00737,vehicle_003,737,train,120.67395264116576,24.4,329.1,329.2,329.9,330.8,-50.0,38.721311475409834,1,0.018786885245901653,0.020000000000000018
vehicle_003_session_00738,vehicle_003,738,train,122.86324786324788,48.8,337.8,338.2,340.2,343.3,-50.0,41.08196721311475,1,0.028540983606557373,0.03299999999999992
vehicle_003_session_00739,vehicle_003,739,train,122.92294044174383,22.8,329.2,329.6,330.5,331.9,-70.05246426229508,32.09836065573771,1,0.024442622950819674,0.026000000000000245
vehicle_003_session_00740,vehicle_003,740,train,121.23582272104848,52.0,341.8,342.7,346.1,350.2,-70.01311606557377,35.83606557377049,1,0.035196721311475415,0.03699999999999992
vehicle_003_session_00741,vehicle_003,741,train,122.24932584115811,41.2,333.6,334.2,335.8,338.5,-59.62951344262295,34.442622950819676,1,0.025590163934426206,0.028999999999999915
vehicle_003_session_00742,vehicle_003,742,train,123.37944043342911,30.0,330.8,331.1,332.1,333.3,-60.49016885245903,31.852459016393443,1,0.022245901639344295,0.02400000000000002
vehicle_003_session_00743,vehicle_003,743,train,120.98241056034487,53.6,342.4,343.0,346.1,349.4,-58.09672606557377,34.90163934426229,1,0.032688524590163956,0.03500000000000014
vehicle_003_session_00744,vehicle_003,744,train,125.54286765491453,76.8,361.9,362.5,365.2,368.5,-55.0967280327869,36.0,0,0.03413114754098366,0.03599999999999959
vehicle_003_session_00745,vehicle_003,745,train,121.28924698067637,50.0,339.3,340.0,343.5,347.8,-70.4688493442623,40.36065573770492,1,0.034852459016393465,0.037000000000000366
vehicle_003_session_00746,vehicle_003,746,train,123.68736839596947,77.6,362.8,363.6,367.2,371.4,-70.49836049180328,41.9344262295082,1,0.03831147540983608,0.040000000000000036
vehicle_003_session_00747,vehicle_003,747,train,123.92229507211543,76.4,361.6,362.4,365.8,370.2,-70.19509196721312,39.0,0,0.0366393442622951,0.03900000000000059
vehicle_003_session_00748,vehicle_003,748,train,122.52815918707049,20.0,326.6,327.8,329.6,330.8,-69.89333493333334,35.626666666666665,1,0.024626666666666696,0.026000000000000245
vehicle_003_session_00749,vehicle_003,749,train,122.58771619152053,24.0,328.2,329.1,330.5,332.1,-70.32131754098361,34.80327868852459,1,0.02459016393442626,0.026000000000000245
vehicle_003_session_00750,vehicle_003,750,train,120.05309323937908,46.8,338.0,338.5,341.3,345.8,-70.38687918032788,37.68852459016394,1,0.03380327868852461,0.037000000000000366
vehicle_003_session_00751,vehicle_003,751,train,122.84226934523807,74.0,360.2,361.1,364.4,368.6,-70.43605918032786,39.75409836065574,1,0.0375901639344263,0.03900000000000059
vehicle_003_session_00752,vehicle_003,752,train,122.57599580712785,76.8,361.8,362.7,366.1,370.5,-70.0,36.47540983606557,1,0.03678688524590168,0.038000000000000256
vehicle_003_session_00753,vehicle_003,753,train,121.9493474448006,28.8,330.3,330.7,331.9,333.5,-69.96721426229509,34.049180327868854,1,0.02511475409836067,0.027000000000000135
vehicle_003_session_00754,vehicle_003,754,train,121.58655074786326,60.0,348.5,349.3,352.4,356.3,-69.82623639344263,37.63934426229508,1,0.03516393442622951,0.03699999999999992
vehicle_003_session_00755,vehicle_003,755,train,121.77550414972904,36.0,331.9,332.4,334.1,336.6,-70.23279540983606,33.36065573770492,1,0.02663934426229509,0.029999999999999805
vehicle_003_session_00756,vehicle_003,756,train,124.29701944444446,69.2,355.8,356.6,359.9,363.9,-70.06885836065574,36.0,0,0.03562295081967212,0.038000000000000256
vehicle_003_session_00757,vehicle_003,757,train,121.3140806923401,46.4,337.4,338.0,340.52,344.9,-69.91774274193548,38.17741935483871,2,0.03325806451612906,0.037000000000000366
vehicle_003_session_00758,vehicle_003,758,train,121.48636338141026,64.4,349.9,351.4,354.9,358.8,-68.92950114754098,37.78688524590164,1,0.03411475409836069,0.03600000000000003
vehicle_003_session_00759,vehicle_003,759,train,122.90833933794072,14.4,321.9,325.0,327.75,329.6,-69.27200213333332,35.026666666666664,1,0.026039999999999997,0.028000000000000025
vehicle_003_session_00760,vehicle_003,760,train,121.16997856040568,31.2,329.7,330.8,332.4,334.2,-69.85333573333334,35.6,1,0.025560000000000044,0.028999999999999915
vehicle_003_session_00761,vehicle_003,761,train,122.76690661276945,54.4,340.8,342.8,347.2,351.4,-70.11476229508197,35.32786885245902,1,0.03488524590163934,0.037000000000000366
vehicle_003_session_00762,vehicle_003,762,train,124.18020344868167,73.6,358.9,359.7,363.0,367.4,-69.98524622950819,34.0,0,0.03570491803278693,0.03700000000000081
vehicle_003_session_00763,vehicle_003,763,train,122.78691599658872,41.2,332.7,333.8,336.3,339.7,-70.03278999999999,35.26229508196721,1,0.02857377049180324,0.03200000000000003
vehicle_003_session_00764,vehicle_003,764,train,121.87704282407405,64.0,351.9,352.7,355.8,359.7,-69.93278672131147,37.0,0,0.03501639344262295,0.03699999999999948
vehicle_003_session_00765,vehicle_003,765,train,122.20374508477636,20.4,327.7,328.3,329.7,331.0,-69.84754672131147,35.0,0,0.024918032786885255,0.027000000000000135
vehicle_003_session_00766,vehicle_003,766,train,123.99015040509256,71.6,357.7,358.6,361.9,366.1,-69.87704606557378,39.0,0,0.03704918032786883,0.03900000000000059
vehicle_003_session_00767,vehicle_003,767,train,121.92405720899468,28.0,328.9,329.9,331.4,333.2,-70.05410245901639,31.229508196721312,1,0.024540983606557383,0.026000000000000245
vehicle_003_session_00768,vehicle_003,768,train,121.1098028744726,53.2,342.4,343.3,346.9,351.0,-69.94754540983607,34.34426229508197,1,0.035360655737704895,0.03699999999999992
vehicle_003_session_00769,vehicle_003,769,train,124.00974819444446,63.2,349.6,349.9,351.9,354.6,-45.083614918032794,35.52459016393443,1,0.02901639344262293,0.030999999999999694
vehicle_003_session_00770,vehicle_003,770,train,120.88639812631025,26.0,328.6,329.6,331.1,332.7,-70.92786688524589,34.50819672131148,1,0.024786885245901648,0.027000000000000135
vehicle_003_session_00771,vehicle_003,771,train,121.00787486111112,47.2,338.2,338.8,341.8,346.1,-71.00819754098362,37.114754098360656,2,0.034196721311475435,0.03799999999999981
vehicle_003_session_00772,vehicle_003,772,train,124.11835382625279,77.2,363.2,363.9,367.5,371.9,-71.07541737704919,39.0,0,0.03860655737704923,0.040000000000000036
vehicle_003_session_00773,vehicle_003,773,train,119.10969569444444,44.0,334.4,334.9,336.1,338.2,-44.899989999999995,35.09836065573771,1,0.022163934426229468,0.02499999999999991
vehicle_003_session_00774,vehicle_003,774,train,122.03237998431901,29.2,330.7,331.0,332.1,333.8,-69.8524644262295,35.81967213114754,1,0.025557377049180353,0.027000000000000135
vehicle_003_session_00775,vehicle_003,775,train,122.34135838675213,54.0,342.8,343.6,347.2,351.3,-69.8131231147541,38.80327868852459,1,0.03585245901639343,0.037000000000000366
vehicle_003_session_00776,vehicle_003,776,train,121.3448849765258,22.8,328.9,329.2,330.3,331.7,-70.10984295081968,35.39344262295082,1,0.02467213114754099,0.026000000000000245
vehicle_003_session_00777,vehicle_003,777,train,120.6856575925926,51.2,340.8,341.6,345.0,349.3,-70.07213655737705,38.77049180327869,1,0.035819672131147506,0.037000000000000366
vehicle_003_session_00778,vehicle_003,778,train,124.8705860479798,71.6,356.9,357.7,361.0,365.3,-69.98197049180328,39.0,0,0.03606557377049183,0.038000000000000256
vehicle_003_session_00779,vehicle_003,779,train,124.18210063932985,51.6,339.4,340.3,344.4,348.8,-69.97377147540983,36.704918032786885,1,0.03511475409836067,0.039000000000000146
vehicle_003_session_00780,vehicle_003,780,train,124.57244757625277,77.2,362.5,363.3,366.8,371.1,-69.93770688524589,38.0,0,0.037934426229508225,0.03900000000000059
vehicle_003_session_00781,vehicle_003,781,train,121.19518226120854,30.4,329.6,330.5,332.1,333.9,-70.13115606557376,35.39344262295082,1,0.02542622950819676,0.028000000000000025
vehicle_003_session_00782,vehicle_003,782,train,121.86308255597017,53.2,342.1,342.8,346.4,350.5,-69.98524819672132,38.049180327868854,1,0.03604918032786884,0.038000000000000256
vehicle_003_session_00783,vehicle_003,783,train,121.99483101851854,18.4,326.1,327.4,329.2,330.5,-70.0147568852459,36.0,0,0.025393442622950856,0.028999999999999915
vehicle_003_session_00784,vehicle_003,784,train,120.09356365740743,38.8,334.1,334.6,336.1,339.1,-69.96393704918033,38.34426229508197,1,0.029081967213114717,0.03100000000000014
vehicle_003_session_00785,vehicle_003,785,train,125.10647639279028,62.0,347.7,349.20000000000005,352.7,356.6,-69.87333453333333,39.0,0,0.034240000000000013,0.03600000000000003
vehicle_003_session_00786,vehicle_003,786,train,125.35558347222226,74.4,358.5,359.1,361.1,363.8,-45.100010000000005,38.0,0,0.030639344262295004,0.032999999999999474
vehicle_003_session_00787,vehicle_003,787,train,122.46730148237178,60.4,347.7,348.3,350.7,353.3,-49.82624163934427,36.0,0,0.029950819672131118,0.03100000000000014
vehicle_003_session_00788,vehicle_003,788,train,121.14137029569893,31.2,331.0,331.3,332.4,334.2,-69.81312229508198,36.47540983606557,1,0.025901639344262317,0.028000000000000025
vehicle_003_session_00789,vehicle_003,789,train,122.40019184027778,56.0,344.3,345.3,348.6,352.5,-69.73279737704918,39.08196721311475,1,0.03496721311475409,0.03699999999999992
vehicle_003_session_00790,vehicle_003,790,train,123.42481621674496,62.4,350.2,351.0,354.3,358.3,-69.74427672131148,31.131147540983605,1,0.03404918032786887,0.03600000000000003
vehicle_003_session_00791,vehicle_003,791,train,124.01086050489526,47.6,335.8,337.25,340.8,345.7,-70.35132092105263,32.55263157894737,1,0.03318421052631579,0.037000000000000366
vehicle_003_session_00792,vehicle_003,792,train,121.68460539874552,40.4,334.2,334.6,336.6,339.6,-69.20000999999999,34.950819672131146,1,0.02936065573770491,0.03300000000000036
vehicle_003_session_00793,vehicle_003,793,train,123.02512206196583,65.6,353.0,353.6,356.8,360.8,-69.19509196721313,37.0,0,0.035786885245901644,0.03799999999999981
vehicle_003_session_00794,vehicle_003,794,train,121.56296870490621,22.8,329.1,329.4,330.3,331.7,-70.20656803278688,33.91803278688525,1,0.024819672131147566,0.027000000000000135
vehicle_003_session_00795,vehicle_003,795,train,122.21853777777781,53.6,342.8,343.6,347.2,351.3,-70.20328901639343,37.73770491803279,1,0.03588524590163935,0.038000000000000256
vehicle_003_session_00796,vehicle_003,796,train,121.99199556623938,49.6,338.0,338.8,342.5,347.4,-71.29674032786885,35.36065573770492,1,0.034836065573770496,0.038000000000000256
vehicle_003_session_00797,vehicle_003,797,train,123.5680325360082,75.6,361.3,362.1,365.5,370.0,-71.49836049180328,37.0,0,0.03765573770491804,0.03900000000000059
vehicle_003_session_00798,vehicle_003,798,train,122.16688357204863,42.0,332.8,334.1,336.6,340.0,-69.5,34.50819672131148,1,0.0292950819672131,0.03400000000000025
vehicle_003_session_00799,vehicle_003,799,train,123.80613987268521,67.6,354.6,355.3,358.6,362.7,-69.50327901639345,36.90163934426229,1,0.03575409836065573,0.03699999999999992
vehicle_003_session_00800,vehicle_003,800,train,123.85096630658441,65.2,350.7,351.1,353.3,356.1,-47.96557852459017,34.0,0,0.02713114754098364,0.028999999999999915
vehicle_003_session_00801,vehicle_003,801,train,122.85321442258231,48.8,338.5,339.1,342.4,346.8,-70.13279639344263,34.9344262295082,2,0.03427868852459023,0.037000000000000366
vehicle_003_session_00802,vehicle_003,802,train,121.26293579793031,31.6,328.6,329.4,330.5,331.6,-45.001639508196725,37.0,0,0.017573770491803288,0.019000000000000128
vehicle_003_session_00803,vehicle_003,803,train,121.92545817057294,29.6,331.0,331.1,332.4,333.9,-69.3590186885246,37.49180327868852,1,0.0258524590163935,0.028000000000000025
vehicle_003_session_00804,vehicle_003,804,train,121.05641701388888,55.2,344.1,345.0,348.5,352.4,-69.34754672131147,40.78688524590164,1,0.035704918032786886,0.037000000000000366
vehicle_003_session_00805,vehicle_003,805,train,121.87501736111112,34.0,330.3,331.3,333.2,335.3,-70.20000999999999,37.278688524590166,1,0.026508196721311512,0.028999999999999915
vehicle_003_session_00806,vehicle_003,806,train,122.54727826003086,54.4,342.7,343.6,347.1,351.3,-70.19345262295082,39.65573770491803,1,0.03559016393442622,0.037000000000000366
vehicle_003_session_00807,vehicle_003,807,train,123.04694060310311,48.0,335.8,337.29999999999995,341.05,346.0,-70.28685342105264,34.671052631578945,1,0.0337894736842105,0.037000000000000366
vehicle_003_session_00808,vehicle_003,808,train,123.95482566176473,63.6,347.5,351.35,354.79999999999995,358.8,-69.28800186666668,35.0,0,0.033706666666666676,0.03600000000000003
vehicle_003_session_00809,vehicle_003,809,train,121.32323410373263,36.8,332.8,333.2,334.9,337.4,-69.8803237704918,32.557377049180324,1,0.027622950819672146,0.030999999999999694
vehicle_003_session_00810,vehicle_003,810,train,122.2158083881579,62.4,350.5,351.4,354.6,358.5,-69.89998999999999,35.19672131147541,1,0.035672131147541045,0.037000000000000366
vehicle_003_session_00811,vehicle_003,811,train,120.38837731481487,39.2,331.7,333.2,335.3,338.3,-69.86065754098361,31.639344262295083,1,0.02785245901639343,0.03100000000000014
vehicle_003_session_00812,vehicle_003,812,train,122.7973920591787,60.8,349.1,349.9,353.2,357.1,-69.87376836065573,34.0,0,0.03500000000000003,0.03699999999999992
vehicle_003_session_00813,vehicle_003,813,train,122.1793524691358,20.8,327.4,328.5,329.9,331.3,-70.5393481967213,29.83606557377049,1,0.024524590163934462,0.026000000000000245
vehicle_003_session_00814,vehicle_003,814,train,120.05961765046295,46.0,337.8,338.5,341.1,345.5,-70.55738278688526,32.78688524590164,1,0.03390163934426232,0.03699999999999992
vehicle_003_session_00815,vehicle_003,815,train,122.19228349673209,70.4,357.4,358.3,361.4,365.7,-70.60984590163935,34.967213114754095,1,0.0368852459016393,0.0389999999999997
vehicle_003_session_00816,vehicle_003,816,train,123.06909558023766,31.2,329.7,330.8,332.4,334.1,-69.9280024,32.4,1,0.025266666666666673,0.028000000000000025
vehicle_003_session_00817,vehicle_003,817,train,120.81326627604166,34.8,330.8,331.9,333.8,336.1,-70.04918360655738,29.24590163934426,2,0.026278688524590196,0.029999999999999805
vehicle_003_session_00818,vehicle_003,818,train,122.30340169857357,60.4,349.1,349.9,353.2,357.1,-69.99180540983608,32.08196721311475,1,0.03504918032786888,0.03699999999999992
vehicle_003_session_00819,vehicle_003,819,train,122.42351416015623,66.8,354.1,354.9,358.0,362.2,-69.90492163934425,31.0,0,0.03550819672131147,0.037000000000000366
vehicle_003_session_00820,vehicle_003,820,train,125.39931477029918,46.8,334.9,336.3,339.6,344.3,-70.05082377049179,34.47540983606557,1,0.03245901639344263,0.037000000000000366
vehicle_003_session_00821,vehicle_003,821,train,124.11219845545976,68.0,354.7,355.5,358.8,363.0,-70.07213721311476,36.0,0,0.0359344262295082,0.038000000000000256
vehicle_003_session_00822,vehicle_003,822,train,121.21813437024353,28.8,329.1,330.0,331.4,333.3,-70.06230131147542,34.442622950819676,1,0.025131147540983643,0.027000000000000135
vehicle_003_session_00823,vehicle_003,823,train,122.46355422453699,44.4,333.6,335.0,337.8,341.9,-70.05082475409836,32.721311475409834,1,0.030704918032786882,0.03500000000000014
vehicle_003_session_00824,vehicle_003,824,train,123.01138341750845,68.4,355.0,355.8,358.9,363.2,-70.09837016393442,35.0,0,0.036032786885245895,0.03700000000000081
vehicle_003_session_00825,vehicle_003,825,train,122.23440560378089,60.0,346.8,347.2,349.4,352.1,-45.200010000000006,32.14754098360656,1,0.026573770491803265,0.028999999999999915
vehicle_003_session_00826,vehicle_003,826,train,121.12957617187497,38.8,331.7,332.8,334.9,337.8,-70.20492852459016,33.0,2,0.02781967213114754,0.03100000000000014
vehicle_003_session_00827,vehicle_003,827,train,123.0729410743465,64.4,351.6,352.5,355.7,359.7,-70.2164050819672,35.90163934426229,1,0.03540983606557378,0.03699999999999992
vehicle_003_session_00828,vehicle_003,828,train,120.23113693576389,27.2,328.5,329.9,331.3,333.0,-70.1360755737705,31.78688524590164,1,0.02496721311475412,0.027000000000000135
vehicle_003_session_00829,vehicle_003,829,train,120.97013499579123,52.8,342.1,343.0,346.4,350.7,-70.1032886885246,35.26229508196721,1,0.035377049180327885,0.037000000000000366
vehicle_003_session_00830,vehicle_003,830,train,123.07872826646091,56.4,343.5,344.3,346.8,349.7,-50.104928032786894,34.0,0,0.02916393442622947,0.03200000000000003
vehicle_003_session_00831,vehicle_003,831,train,122.62201265533623,46.8,336.1,337.1,340.3,345.2,-70.23935819672131,30.442622950819672,1,0.0331639344262295,0.037000000000000366
vehicle_003_session_00832,vehicle_003,832,train,123.99649360021795,77.2,363.5,364.3,367.7,372.2,-70.29674098360655,32.80327868852459,1,0.037655737704918056,0.0389999999999997
vehicle_003_session_00833,vehicle_003,833,train,119.91321311936939,26.8,330.3,330.7,331.7,333.3,-70.19837081967212,30.327868852459016,1,0.025196721311475444,0.027000000000000135
vehicle_003_session_00834,vehicle_003,834,train,121.16344009194056,56.4,346.0,346.8,350.0,353.9,-70.28689672131148,34.0,0,0.03560655737704916,0.037000000000000366
vehicle_003_session_00835,vehicle_003,835,train,124.11699289529915,66.4,353.8,354.6,357.8,361.9,-70.04754459016394,33.85245901639344,1,0.03555737704918033,0.037000000000000366
vehicle_003_session_00836,vehicle_003,836,train,122.26451378824477,59.6,347.8,348.6,351.9,356.0,-70.20984704918033,34.0,0,0.03540983606557377,0.037000000000000366
vehicle_003_session_00837,vehicle_003,837,train,119.6999716880342,42.0,335.3,335.8,337.8,341.3,-70.00984000000001,32.0655737704918,2,0.030655737704918005,0.03399999999999981
vehicle_003_session_00838,vehicle_003,838,train,124.23296325757578,73.2,359.6,360.3,363.6,368.0,-69.9950850819672,34.57377049180328,1,0.03729508196721316,0.03900000000000059
vehicle_003_session_00839,vehicle_003,839,train,122.71110334967325,17.6,325.2,325.7,327.4,328.5,-49.79838049180331,31.0,0,0.019639344262295046,0.021999999999999797
vehicle_003_session_00840,vehicle_003,840,train,120.72373123781682,38.0,332.4,332.7,333.6,335.2,-49.79182245901641,33.0,0,0.021459016393442627,0.02400000000000002
vehicle_003_session_00841,vehicle_003,841,train,122.3691728098291,60.8,347.5,348.0,350.3,353.2,-49.79674098360658,35.0,0,0.02929508196721309,0.03100000000000014
vehicle_003_session_00842,vehicle_003,842,train,119.76090402253669,32.4,331.1,331.4,332.2,333.6,-50.20656803278689,30.0,0,0.019754098360655753,0.021999999999999797
vehicle_003_session_00843,vehicle_003,843,train,117.66007720550412,53.6,342.4,343.0,345.7,348.6,-50.22952114754099,32.459016393442624,1,0.029868852459016403,0.03200000000000003
vehicle_003_session_00844,vehicle_003,844,train,123.43127145833334,70.8,355.5,356.1,358.5,361.4,-50.090172950819685,32.0,0,0.029655737704918014,0.03100000000000014
vehicle_003_session_00845,vehicle_003,845,train,124.47917590408805,74.8,360.7,361.4,364.9,369.4,-70.04754573770491,33.0,0,0.036508196721311496,0.038000000000000256
vehicle_003_session_00846,vehicle_003,846,train,123.00001180555559,59.6,345.2,347.5,351.4,355.5,-70.1213206557377,28.80327868852459,1,0.03401639344262294,0.03500000000000014
vehicle_003_session_00847,vehicle_003,847,train,122.72261222718254,23.2,327.8,328.9,330.5,332.1,-70.1623050819672,29.704918032786885,1,0.024426229508196753,0.025000000000000355
vehicle_003_session_00848,vehicle_003,848,train,119.98540076754388,45.6,337.7,338.3,341.0,345.3,-70.20492868852459,32.950819672131146,2,0.03363934426229509,0.037000000000000366
vehicle_003_session_00849,vehicle_003,849,train,119.98380199074072,28.4,330.8,331.1,332.2,333.9,-70.06066032786886,32.19672131147541,1,0.025491803278688573,0.027000000000000135
vehicle_003_session_00850,vehicle_003,850,train,123.24817262840672,76.0,362.8,363.6,367.1,371.4,-70.03279081967213,36.60655737704918,1,0.03831147540983611,0.04099999999999948
vehicle_003_session_00851,vehicle_003,851,train,121.72900596509973,16.4,326.7,327.4,329.1,330.5,-70.11312475409837,28.0,0,0.025114754098360635,0.028000000000000025
vehicle_003_session_00852,vehicle_003,852,train,119.80813112207603,47.6,338.9,339.6,342.5,346.9,-70.11148540983606,31.950819672131146,2,0.03478688524590169,0.03799999999999981
vehicle_003_session_00853,vehicle_003,853,train,124.12929416001776,59.2,345.2,347.1,350.8,354.9,-70.08800546666667,32.973333333333336,1,0.034506666666666665,0.03600000000000003
vehicle_003_session_00854,vehicle_003,854,train,122.84080535316401,22.8,327.8,329.2,330.8,332.2,-69.92266733333332,25.213333333333335,2,0.023653333333333356,0.0259999999999998
vehicle_003_session_00855,vehicle_003,855,train,118.38752625000002,43.2,335.0,335.3,336.6,338.6,-45.100010000000005,34.0,0,0.023114754098360637,0.02499999999999991
vehicle_003_session_00856,vehicle_003,856,train,123.48217975247108,32.4,329.9,331.05,332.7,334.7,-69.88947802631579,31.42105263157895,1,0.02597368421052637,0.028999999999999915
vehicle_003_session_00857,vehicle_003,857,train,123.1391419671001,41.2,332.7,334.29999999999995,337.0,340.3,-69.92368289473684,28.0,2,0.029131578947368408,0.03299999999999992
vehicle_003_session_00858,vehicle_003,858,train,124.74198533285447,66.4,352.2,353.9,357.5,361.9,-70.4918037704918,29.491803278688526,1,0.03477049180327869,0.03699999999999992
vehicle_003_session_00859,vehicle_003,859,train,120.63820143284106,26.4,330.7,330.8,331.9,333.6,-74.17378081967213,30.229508196721312,1,0.026442622950819672,0.028999999999999915
vehicle_003_session_00860,vehicle_003,860,train,122.11491157106784,58.0,347.2,348.0,351.6,355.7,-74.17541737704917,34.40983606557377,1,0.037491803278688514,0.039000000000000146
vehicle_003_session_00861,vehicle_003,861,train,121.93606192129627,38.4,332.7,333.2,334.2,335.8,-49.90654803278688,33.98360655737705,1,0.02181967213114754,0.02400000000000002
vehicle_003_session_00862,vehicle_003,862,train,122.0871829989712,60.4,347.5,348.0,350.5,353.3,-49.93769868852459,36.0,0,0.029540983606557356,0.03100000000000014
vehicle_003_session_00863,vehicle_003,863,train,123.071684094126,34.8,330.0,331.1,332.7,334.6,-60.055267499999985,34.80263157894737,1,0.0233684210526316,0.026000000000000245
vehicle_003_session_00864,vehicle_003,864,train,123.64481307006635,48.4,336.0,337.5,341.3,346.3,-70.21312639344262,32.47540983606557,1,0.034508196721311495,0.039000000000000146
vehicle_003_session_00865,vehicle_003,865,train,122.93674603949657,59.2,348.3,349.1,352.4,356.3,-69.9622962295082,34.0,0,0.03567213114754099,0.037000000000000366
vehicle_003_session_00866,vehicle_003,866,train,121.6996685763889,25.2,327.8,329.2,330.7,332.2,-70.09836983606559,32.31147540983606,1,0.02478688524590167,0.026000000000000245
vehicle_003_session_00867,vehicle_003,867,train,122.72092537238322,57.6,346.1,346.9,350.2,354.3,-70.06230098360656,36.0,0,0.03613114754098359,0.038000000000000256
vehicle_003_session_00868,vehicle_003,868,train,118.58164983164981,40.8,334.1,334.7,336.8,339.9,-70.0,29.34426229508197,1,0.02949180327868851,0.03300000000000036
vehicle_003_session_00869,vehicle_003,869,train,119.99017280092595,67.2,354.1,354.9,358.2,362.2,-70.00491852459017,32.0,0,0.03649180327868852,0.03799999999999981
vehicle_003_session_00870,vehicle_003,870,train,119.84675355425824,25.2,328.0,329.5,331.0,332.5,-70.03553013157894,28.342105263157894,1,0.024065789473684224,0.02699999999999969
vehicle_003_session_00871,vehicle_003,871,train,117.98213147702997,76.4,360.8,362.4,366.3,370.8,-70.1672231147541,32.540983606557376,1,0.03644262295081967,0.038000000000000256
vehicle_003_session_00872,vehicle_003,872,train,118.74318818082801,69.2,354.6,356.1,359.6,363.9,-70.42786426229509,30.229508196721312,1,0.03527868852459011,0.03700000000000081
vehicle_003_session_00873,vehicle_003,873,train,118.22318768518521,36.8,330.3,331.3,332.8,334.6,-50.28854344262297,31.37704918032787,1,0.02088524590163936,0.02400000000000002
vehicle_003_session_00874,vehicle_003,874,train,118.99539185185189,23.6,329.6,329.9,331.0,332.4,-70.2229631147541,28.508196721311474,1,0.024754098360655778,0.026000000000000245
vehicle_003_session_00875,vehicle_003,875,train,119.36465578358208,53.6,343.0,343.9,347.4,351.4,-70.22788163934426,32.57377049180328,1,0.036344262295081996,0.039000000000000146
vehicle_003_session_00876,vehicle_003,876,train,121.39590742415938,36.8,331.3,332.4,334.6,337.1,-69.928002,30.506666666666668,1,0.02756000000000002,0.03100000000000014
vehicle_003_session_00877,vehicle_003,877,train,120.119427631579,24.0,328.5,328.6,329.6,330.5,-50.849185573770505,32.85245901639344,1,0.019081967213114802,0.02100000000000035
vehicle_003_session_00878,vehicle_003,878,train,120.49663325471708,66.4,352.8,353.3,355.5,358.5,-50.79838049180331,36.0,0,0.03055737704918034,0.03200000000000003
vehicle_003_session_00879,vehicle_003,879,train,118.49094161324788,19.6,326.4,327.8,329.6,331.0,-69.78525918032786,31.918032786885245,1,0.024704918032786946,0.026000000000000245
vehicle_003_session_00880,vehicle_003,880,train,118.19910064814822,45.6,337.1,337.7,340.2,344.3,-69.73280016393441,34.91803278688525,2,0.03355737704918034,0.037000000000000366
vehicle_003_session_00881,vehicle_003,881,train,123.2355105429293,75.6,361.1,361.9,365.2,369.6,-69.79346196721312,37.0,0,0.03822950819672138,0.040000000000000036
vehicle_003_session_00882,vehicle_003,882,train,116.97783000000004,43.2,334.4,334.7,336.1,338.0,-44.80002000000002,33.73770491803279,1,0.022573770491803268,0.02499999999999991
vehicle_003_session_00883,vehicle_003,883,train,118.91668361111114,38.8,333.8,334.2,336.1,338.9,-70.1623050819672,31.327868852459016,1,0.029278688524590157,0.03299999999999992
vehicle_003_session_00884,vehicle_003,884,train,121.60057885950859,68.8,356.0,356.8,359.9,364.1,-70.19837065573769,34.19672131147541,1,0.03732786885245899,0.03900000000000059
vehicle_003_session_00885,vehicle_003,885,train,118.6864391559829,15.2,324.6,326.1,328.6,330.2,-74.14755032786884,32.131147540983605,1,0.02729508196721312,0.03000000000000025
vehicle_003_session_00886,vehicle_003,886,train,118.55067296810704,41.2,335.0,335.5,337.7,341.0,-73.95901754098361,35.032786885245905,2,0.031967213114754076,0.03500000000000014
vehicle_003_session_00887,vehicle_003,887,train,120.81663503032082,39.2,331.4,332.7,334.7,337.2,-59.98289342105263,31.644736842105264,1,0.025236842105263165,0.028000000000000025
vehicle_003_session_00888,vehicle_003,888,train,117.43057033475787,38.4,333.9,334.4,336.1,338.9,-70.15902540983608,32.80327868852459,2,0.0295081967213114,0.03299999999999992
vehicle_003_session_00889,vehicle_003,889,train,120.6760285924145,69.6,356.4,357.2,360.3,364.6,-70.14099278688526,35.950819672131146,1,0.03762295081967214,0.040000000000000036
vehicle_003_session_00890,vehicle_003,890,train,120.04042617258655,17.6,326.1,327.4,329.2,330.8,-69.83771114754099,27.40983606557377,1,0.025000000000000012,0.028000000000000025
vehicle_003_session_00891,vehicle_003,891,train,117.23161908783788,42.0,335.8,336.3,338.5,341.9,-69.79836688524591,30.65573770491803,1,0.031606557377049135,0.03600000000000003
vehicle_003_session_00892,vehicle_003,892,train,123.05617580409351,71.6,358.3,359.1,362.4,366.6,-69.77869557377049,33.39344262295082,1,0.037704918032786826,0.040000000000000036
vehicle_003_session_00893,vehicle_003,893,train,118.57037388888891,28.4,330.3,330.8,332.1,333.8,-70.36065754098361,30.16393442622951,1,0.025540983606557387,0.028000000000000025
vehicle_003_session_00894,vehicle_003,894,train,119.37748209325395,58.4,347.2,348.2,351.3,355.3,-70.36557409836067,33.85245901639344,1,0.036409836065573783,0.038000000000000256
vehicle_003_session_00895,vehicle_003,895,train,116.15485141594515,41.6,335.5,336.0,338.2,341.9,-69.97868639344263,23.508196721311474,1,0.031590163934426214,0.03600000000000003
vehicle_003_session_00896,vehicle_003,896,train,116.71627778432914,40.4,335.0,335.5,337.5,340.7,-69.70656819672129,27.983606557377048,2,0.030967213114754057,0.0349999999999997
vehicle_003_session_00897,vehicle_003,897,train,117.43439004629629,33.6,331.7,332.1,332.8,334.2,-49.899989999999995,25.62295081967213,1,0.02086885245901641,0.02300000000000013
vehicle_003_session_00898,vehicle_003,898,train,117.34761902006176,53.2,342.2,343.3,347.1,350.8,-65.04754573770492,29.459016393442624,1,0.03586885245901637,0.038000000000000256
vehicle_003_session_00899,vehicle_003,899,train,117.82537856359652,68.8,356.4,357.2,360.3,364.6,-69.28034393442624,28.19672131147541,1,0.0375737704918033,0.03900000000000059
vehicle_003_session_00900,vehicle_003,900,train,118.13610624035496,48.0,337.8,338.6,342.2,347.5,-69.55902229508197,26.639344262295083,1,0.03590163934426229,0.039000000000000146
vehicle_003_session_00901,vehicle_003,901,train,114.95026533996683,26.0,328.8,330.0,331.6,333.3,-70.19509229508196,25.65573770491803,1,0.02511475409836067,0.027000000000000135
vehicle_003_session_00902,vehicle_003,902,train,117.7494827991453,52.8,342.5,343.5,347.2,351.3,-70.19837065573769,28.950819672131146,2,0.037606557377049196,0.040000000000000036
vehicle_003_session_00903,vehicle_003,903,train,114.23346187232909,31.6,330.8,331.1,331.9,333.0,-46.14590786885246,29.737704918032787,1,0.0191147540983607,0.020999999999999908
vehicle_003_session_00904,vehicle_003,904,train,115.01328702001632,24.4,328.3,329.6,330.8,332.7,-60.98688639344264,19.508196721311474,6,0.022344262295081973,0.027000000000000135
vehicle_003_session_00905,vehicle_003,905,train,114.97908732876712,52.0,342.8,343.8,347.5,351.8,-71.09345196721311,28.0,0,0.03870491803278687,0.040000000000000036
vehicle_003_session_00906,vehicle_003,906,train,116.61103007039573,55.2,343.6,346.1,350.3,354.4,-70.25082950819673,24.918032786885245,1,0.037475409836065544,0.040999999999999925
vehicle_003_session_00907,vehicle_003,907,train,115.14948687617704,40.4,333.5,334.9,337.7,341.3,-70.43770360655738,19.918032786885245,2,0.030557377049180275,0.03500000000000014
vehicle_003_session_00908,vehicle_003,908,train,116.28859562389772,64.0,353.3,354.1,357.4,361.4,-70.3229586885246,22.37704918032787,1,0.03786885245901642,0.039000000000000146
vehicle_003_session_00909,vehicle_003,909,train,112.05555486111109,50.4,340.2,340.7,343.2,346.6,-49.498360491803275,24.60655737704918,1,0.03195081967213118,0.03400000000000025
vehicle_003_session_00910,vehicle_003,910,train,119.3184912854031,70.4,356.4,357.1,359.3,362.2,-49.498360491803275,25.950819672131146,0,0.03234426229508193,0.034000000000000696
vehicle_003_session_00911,vehicle_003,911,train,116.25002777777779,57.6,346.0,346.6,349.1,351.9,-50.20820754098361,24.360655737704917,1,0.031114754098360613,0.03300000000000036
vehicle_003_session_00912,vehicle_003,912,train,115.76020347222216,71.6,356.9,357.4,359.3,361.8,-39.98688393442623,25.0,0,0.0288688524590163,0.030999999999999694
vehicle_003_session_00913,vehicle_003,913,train,117.23524522569446,53.6,340.8,343.3,348.2,352.4,-69.52951098360657,25.016393442622952,0,0.03711475409836063,0.040000000000000036
vehicle_003_session_00914,vehicle_003,914,train,120.05107877178654,76.4,362.7,363.6,367.1,370.4,-65.86065672131147,26.0,0,0.03768852459016397,0.040000000000000036
vehicle_003_session_00915,vehicle_003,915,train,118.13019791666662,69.6,357.5,358.5,361.8,365.5,-67.43607442622951,21.0,0,0.03704918032786888,0.040000000000000036
vehicle_003_session_00916,vehicle_003,916,train,114.59969580610024,10.0,322.7,323.9,326.1,327.8,-50.700010000000006,25.901639344262296,1,0.021163934426229478,0.02300000000000013
vehicle_003_session_00917,vehicle_003,917,train,115.98041503267973,30.8,331.1,331.4,332.2,333.6,-50.700010000000006,27.049180327868854,1,0.02062295081967216,0.02300000000000013
vehicle_003_session_00918,vehicle_003,918,train,115.60245353009265,51.6,340.8,341.4,344.1,347.5,-50.700010000000006,29.524590163934427,1,0.0329836065573771,0.03500000000000014
vehicle_003_session_00919,vehicle_003,919,train,120.80817783224397,75.6,360.8,361.3,363.6,366.9,-50.72788163934427,30.639344262295083,1,0.03380327868852459,0.036000000000000476
vehicle_003_session_00920,vehicle_003,920,train,115.90436953703706,37.2,331.1,332.1,333.6,335.3,-44.809227763157914,28.80263157894737,1,0.020815789473684225,0.02300000000000013
vehicle_003_session_00921,vehicle_003,921,train,114.25799858539095,31.6,330.8,331.0,331.7,333.0,-45.100010000000005,24.34426229508197,1,0.01857377049180328,0.020000000000000018
vehicle_003_session_00922,vehicle_003,922,train,118.11828067993366,62.0,351.0,351.8,354.9,358.9,-70.20001016393442,27.0,0,0.0378852459016394,0.039000000000000146
vehicle_003_session_00923,vehicle_003,923,train,115.25571774716742,28.4,329.4,330.75,331.975,334.1,-59.62134146666666,17.893333333333334,7,0.022693333333333333,0.028000000000000025
vehicle_003_session_00924,vehicle_003,924,train,114.86771362433863,16.8,326.6,328.0,329.9,331.3,-70.88687918032787,21.983606557377048,2,0.025524590163934446,0.028000000000000025
vehicle_003_session_00925,vehicle_003,925,train,115.31116701828408,50.4,341.3,342.1,345.7,350.0,-70.89671229508197,26.524590163934427,1,0.03786885245901639,0.040000000000000036
vehicle_003_session_00926,vehicle_003,926,train,116.31807885755421,32.4,329.9,331.35,333.0,334.9,-60.09600586666666,22.36,1,0.023746666666666687,0.026000000000000245
vehicle_003_session_00927,vehicle_003,927,train,117.32797880389722,66.8,354.9,355.8,358.9,363.2,-70.27050885245902,27.18032786885246,1,0.03842622950819671,0.040000000000000036
vehicle_003_session_00928,vehicle_003,928,train,116.78400954861114,23.2,328.5,329.65,331.1,332.7,-70.3306764,25.426666666666666,1,0.024880000000000013,0.027000000000000135
vehicle_003_session_00929,vehicle_003,929,train,114.23353883744856,51.6,342.1,342.8,346.8,351.0,-70.4934419672131,27.80327868852459,1,0.03821311475409837,0.040000000000000036
vehicle_003_session_00930,vehicle_003,930,train,116.60428462157816,53.2,342.8,343.8,348.0,352.1,-69.72788163934426,26.311475409836067,1,0.037639344262295066,0.040000000000000036
vehicle_003_session_00931,vehicle_003,931,train,113.24621241830071,31.6,330.8,331.0,331.7,333.0,-45.200010000000006,26.34426229508197,1,0.0188360655737705,0.020999999999999908
vehicle_003_session_00932,vehicle_003,932,train,116.50121044921877,14.8,325.2,326.7,329.1,330.5,-69.74918983606557,25.852459016393443,1,0.025967213114754122,0.02900000000000036
vehicle_003_session_00933,vehicle_003,933,train,114.13710609567907,40.4,335.3,335.8,337.8,341.0,-69.70656803278688,29.18032786885246,2,0.03209836065573768,0.03699999999999992
vehicle_003_session_00934,vehicle_003,934,train,120.02297069209037,72.8,358.9,359.7,363.0,367.4,-69.73771868852458,32.032786885245905,1,0.04014754098360652,0.0420000000000007
vehicle_003_session_00935,vehicle_003,935,train,113.83462118544603,26.4,330.3,330.7,331.9,333.6,-69.69345262295082,25.508196721311474,1,0.025540983606557405,0.027000000000000135
vehicle_003_session_00936,vehicle_003,936,train,116.15838859953706,54.8,344.4,345.3,348.8,352.8,-69.60656737704917,29.295081967213115,1,0.03813114754098358,0.040000000000000036
vehicle_003_session_00937,vehicle_003,937,train,117.22059914432714,8.400001,321.7,322.6,324.5,326.3,-44.82667866666669,26.0,0,0.019319999999999993,0.020999999999999908
vehicle_003_session_00938,vehicle_003,938,train,116.2622711397059,54.4,343.8,344.7,348.5,352.4,-70.28361639344261,29.704918032786885,1,0.03836065573770489,0.04100000000000037
vehicle_003_session_00939,vehicle_003,939,train,116.25,58.8,345.8,346.4,348.8,351.4,-45.0,29.0,0,0.02939344262295078,0.03100000000000014
vehicle_003_session_00940,vehicle_003,940,train,115.9666483333333,23.2,328.2,328.5,329.2,330.2,-44.89835114754097,28.0,0,0.017688524590163953,0.019000000000000128
vehicle_003_session_00941,vehicle_003,941,train,110.65493341503266,43.2,335.3,335.7,337.1,339.1,-44.89671229508196,30.262295081967213,1,0.02504918032786881,0.028999999999999915
vehicle_003_session_00942,vehicle_003,942,train,115.26853217592596,45.6,337.5,338.0,340.3,343.8,-59.32787590163935,27.491803278688526,1,0.03219672131147543,0.037000000000000366
vehicle_003_session_00943,vehicle_003,943,train,120.13568653549386,70.0,356.4,357.2,359.7,363.0,-56.1623024590164,29.0327868852459,1,0.034721311475409786,0.03699999999999992
vehicle_003_session_00944,vehicle_003,944,train,114.55987455985918,44.4,335.8,336.4,339.3,343.9,-70.1409931147541,28.557377049180328,1,0.0346065573770492,0.040000000000000036
vehicle_003_session_00945,vehicle_003,945,train,120.2003820013661,72.8,358.9,359.9,363.2,367.5,-70.13279590163934,30.80327868852459,1,0.040262295081967166,0.04300000000000015
vehicle_003_session_00946,vehicle_003,946,train,116.15944165305012,52.4,340.0,341.9,346.8,351.1,-69.94753573770492,24.868852459016395,1,0.038163934426229514,0.04100000000000037
vehicle_003_session_00947,vehicle_003,947,train,119.1630139498051,73.2,359.7,360.5,363.8,368.2,-69.89672213114754,26.360655737704917,1,0.03919672131147539,0.04100000000000037
vehicle_003_session_00948,vehicle_003,948,train,117.30686814236111,58.8,348.3,349.1,352.4,356.4,-70.13935311475409,27.0,0,0.0375573770491803,0.039000000000000146
vehicle_003_session_00949,vehicle_003,949,train,115.76702446102821,21.2,329.6,329.9,331.0,332.4,-69.7934593442623,23.65573770491803,1,0.025065573770491824,0.027000000000000135
vehicle_003_session_00950,vehicle_003,950,train,114.93170642921146,48.4,340.0,340.7,343.9,348.3,-69.79838049180329,27.639344262295083,1,0.037737704918032806,0.040000000000000036
vehicle_003_session_00951,vehicle_003,951,train,121.51455031565656,73.6,360.0,360.8,364.1,368.3,-69.81313081967214,29.934426229508198,1,0.0405081967213115,0.04300000000000015
vehicle_003_session_00952,vehicle_003,952,train,114.25927314814817,29.6,329.7,331.0,332.8,334.9,-70.12296065573771,24.475409836065573,1,0.02655737704918035,0.02900000000000036
vehicle_003_session_00953,vehicle_003,953,train,115.36055517503804,58.4,348.2,348.9,352.2,356.1,-70.08361475409836,28.0,0,0.038131147540983595,0.039000000000000146
vehicle_003_session_00954,vehicle_003,954,train,112.52408814102569,35.2,331.9,332.2,333.2,334.6,-45.30002000000002,27.80327868852459,1,0.020590163934426232,0.02300000000000013
vehicle_003_session_00955,vehicle_003,955,train,119.60630361111114,74.4,358.9,359.4,361.6,364.3,-45.30002000000002,31.0,0,0.03203278688524582,0.034000000000000696
vehicle_003_session_00956,vehicle_003,956,train,112.77343967013887,38.4,334.7,335.0,336.9,340.0,-70.02459262295082,27.557377049180328,1,0.031180327868852418,0.03400000000000025
vehicle_003_session_00957,vehicle_003,957,train,117.8404068700397,67.2,354.9,355.8,358.9,363.0,-70.02459262295082,30.37704918032787,1,0.03916393442622951,0.04100000000000037
vehicle_003_session_00958,vehicle_003,958,train,116.29069737413195,12.8,324.7,326.1,328.6,330.0,-70.0721373770492,29.24590163934426,1,0.02663934426229508,0.028999999999999915
vehicle_003_session_00959,vehicle_003,959,train,113.88186093530238,38.4,334.7,335.2,336.9,339.9,-70.01967409836067,32.09836065573771,2,0.031311475409836045,0.03500000000000014
vehicle_003_session_00960,vehicle_003,960,train,120.19178119658119,70.0,357.1,357.8,361.1,365.3,-70.04098737704919,35.0,0,0.03995081967213109,0.0420000000000007
vehicle_003_session_00961,vehicle_003,961,train,115.19715785794186,13.6,324.6,326.1,328.6,330.2,-70.13771377049181,28.80327868852459,1,0.026704918032786906,0.028999999999999915
vehicle_003_session_00962,vehicle_003,962,train,123.04132993055555,73.6,359.3,360.2,363.5,367.8,-70.10328459016392,35.0,0,0.040557377049180325,0.04300000000000015
vehicle_003_session_00963,vehicle_003,963,train,117.27962943672836,65.6,353.6,354.4,357.7,361.9,-70.21968409836064,34.18032786885246,1,0.03826229508196719,0.04000000000000048
vehicle_003_session_00964,vehicle_003,964,train,117.22459837415542,35.6,331.3,332.54999999999995,334.65,337.2,-69.95263302631578,26.92105263157895,2,0.02827631578947366,0.03200000000000003
vehicle_003_session_00965,vehicle_003,965,train,115.63297472677597,17.6,326.1,327.5,329.4,330.8,-70.10656508196722,31.0,0,0.025590163934426265,0.028000000000000025
vehicle_003_session_00966,vehicle_003,966,train,120.36458848741316,68.8,355.2,356.0,359.3,363.3,-69.96721360655738,36.0,0,0.03940983606557373,0.04100000000000037
vehicle_003_session_00967,vehicle_003,967,train,115.45318447293448,52.0,341.6,342.4,346.1,350.3,-70.08689393442624,32.67213114754098,1,0.038721311475409824,0.04100000000000037
vehicle_003_session_00968,vehicle_003,968,train,114.09029077380954,34.8,332.7,333.0,334.6,336.9,-70.12459770491803,27.918032786885245,2,0.028540983606557394,0.03200000000000003
vehicle_003_session_00969,vehicle_003,969,train,117.29670883655392,62.8,350.8,351.6,354.9,358.8,-70.08033327868851,31.0,0,0.03865573770491808,0.040999999999999925
vehicle_003_session_00970,vehicle_003,970,train,115.71132948573572,57.6,346.6,347.4,350.8,354.7,-70.4311406557377,33.31147540983606,1,0.038672131147540985,0.040000000000000036
vehicle_003_session_00971,vehicle_003,971,train,113.62176573822462,28.4,329.1,329.95,331.4,333.0,-60.135535,29.473684210526315,1,0.02315789473684213,0.02499999999999991
vehicle_003_session_00972,vehicle_003,972,train,118.36292832469005,4.4,320.0,321.65,324.15,326.4,-60.20534386666666,27.893333333333334,1,0.02394666666666664,0.0259999999999998
vehicle_003_session_00973,vehicle_003,973,train,117.02983960714288,27.6,328.8,329.9,331.3,332.8,-60.18267799999999,25.893333333333334,1,0.022653333333333338,0.02499999999999991
vehicle_003_session_00974,vehicle_003,974,train,113.51495726495723,32.4,331.6,331.7,332.7,334.1,-50.0,23.24590163934426,1,0.02045901639344265,0.02200000000000024
vehicle_003_session_00975,vehicle_003,975,train,115.97877555031445,63.2,351.1,351.8,353.9,356.8,-50.01639508196722,26.0,0,0.031803278688524624,0.03300000000000036
vehicle_003_session_00976,vehicle_003,976,train,116.69730392156859,69.6,355.7,356.1,358.6,361.6,-50.0,23.475409836065573,1,0.030950819672131088,0.032999999999999474
vehicle_003_session_00977,vehicle_003,977,train,118.39598772467322,48.0,334.1,338.15,342.15,347.4,-69.3263169736842,19.644736842105264,1,0.03601315789473682,0.04100000000000037
vehicle_003_session_00978,vehicle_003,978,train,115.85648148148148,59.2,346.6,348.3,352.1,356.3,-70.0,23.57377049180328,1,0.036950819672131145,0.0389999999999997
vehicle_003_session_00979,vehicle_003,979,train,114.31683576084312,41.2,335.5,336.1,338.5,342.1,-70.16394327868854,24.540983606557376,1,0.03290163934426227,0.038000000000000256
vehicle_003_session_00980,vehicle_003,980,train,114.5224171539961,49.2,338.5,338.9,341.3,344.7,-50.0,22.229508196721312,1,0.03131147540983607,0.03500000000000014
vehicle_003_session_00981,vehicle_003,981,train,117.35725559413584,72.0,357.4,358.0,360.3,363.2,-50.0,24.0,0,0.033081967213114724,0.0349999999999997
vehicle_003_session_00982,vehicle_003,982,train,115.51622083333335,9.6,322.4,324.1,327.1,329.1,-69.68197737704917,26.901639344262296,1,0.02655737704918031,0.028999999999999915
vehicle_003_session_00983,vehicle_003,983,train,115.62791010802468,39.6,334.9,335.2,337.1,339.9,-69.6983706557377,30.0,2,0.03149180327868849,0.03400000000000025
vehicle_003_session_00984,vehicle_003,984,train,120.57346875,68.8,355.3,356.1,359.3,363.3,-69.71968409836066,33.0,0,0.040032786885245863,0.0420000000000007
vehicle_003_session_00985,vehicle_003,985,train,114.17410714285715,24.0,329.2,329.4,330.0,331.0,-49.5,29.0,0,0.019278688524590165,0.020999999999999908
vehicle_003_session_00986,vehicle_003,986,train,114.99999999999996,46.4,336.8,337.1,338.8,341.6,-49.5,31.0327868852459,1,0.028754098360655723,0.03300000000000036
vehicle_003_session_00987,vehicle_003,987,train,113.87435637199704,31.2,331.4,331.7,333.5,335.5,-69.32951934426232,25.18032786885246,2,0.02695081967213117,0.03000000000000025
vehicle_003_session_00988,vehicle_003,988,train,116.63495380434784,61.2,349.9,350.7,353.9,357.8,-69.38852196721312,28.78688524590164,1,0.03875409836065579,0.040000000000000036
vehicle_003_session_00989,vehicle_003,989,train,116.12539260752689,23.2,327.1,327.9,329.1,330.0,-44.814682266666686,26.0,0,0.017800000000000007,0.019000000000000128
vehicle_003_session_00990,vehicle_003,990,train,117.16231331699348,56.4,344.3,346.3,350.3,354.6,-69.9885275409836,28.950819672131146,1,0.038327868852459035,0.04200000000000026
vehicle_003_session_00991,vehicle_003,991,train,121.76811764705889,77.2,363.0,363.9,367.4,371.9,-69.88524950819672,30.147540983606557,1,0.04060655737704923,0.04300000000000015
vehicle_003_session_00992,vehicle_003,992,train,115.32408055555557,42.0,335.3,336.0,338.3,342.1,-69.9754131147541,25.459016393442624,1,0.03278688524590161,0.038000000000000256
vehicle_003_session_00993,vehicle_003,993,train,120.20498314292115,72.4,358.6,359.6,362.8,367.1,-69.93934721311476,28.704918032786885,1,0.040016393442622894,0.0420000000000007
vehicle_003_session_00994,vehicle_003,994,train,115.77324946581197,19.2,324.9,328.5,330.0,331.4,-69.3049268852459,26.934426229508198,1,0.024868852459016405,0.02699999999999969
vehicle_003_session_00995,vehicle_003,995,train,112.9631236392643,40.0,335.2,335.7,337.7,341.0,-70.05082344262296,29.42622950819672,1,0.03244262295081966,0.037000000000000366
vehicle_003_session_00996,vehicle_003,996,train,114.9222366666667,60.0,348.6,349.3,351.4,354.3,-49.834435901639345,34.0,0,0.0321311475409836,0.03300000000000036
vehicle_003_session_00997,vehicle_003,997,train,113.63641955037663,42.8,334.6,335.0,336.6,338.9,-49.51803459016394,31.0,0,0.025950819672131115,0.028999999999999915
vehicle_003_session_00998,vehicle_003,998,train,120.72318038408781,32.8,329.9,330.5,331.35,332.4,-45.817111052631596,31.907894736842106,1,0.019315789473684234,0.02200000000000024
vehicle_003_session_00999,vehicle_003,999,train,115.25735294117648,50.4,338.9,339.4,342.1,345.7,-49.5,31.049180327868854,1,0.03136065573770494,0.03400000000000025
vehicle_003_session_01000,vehicle_003,1000,train,118.21487057461869,70.8,356.4,356.9,359.3,362.2,-49.5,32.0,0,0.0320655737704918,0.03400000000000025
vehicle_003_session_01001,vehicle_003,1001,train,115.78743449204119,46.4,336.3,336.6,338.2,340.5,-44.67214049180328,31.868852459016395,1,0.025885245901639316,0.02900000000000036
vehicle_003_session_01002,vehicle_003,1002,train,114.95243248456794,25.6,330.7,330.8,332.1,333.5,-70.23443409836065,29.065573770491802,2,0.025754098360655748,0.028000000000000025
vehicle_003_session_01003,vehicle_003,1003,train,118.05899320226918,58.4,347.2,348.0,351.4,355.2,-70.20000999999999,33.0,0,0.03799999999999999,0.03999999999999959
vehicle_003_session_01004,vehicle_003,1004,train,112.92998917824072,38.4,333.2,333.5,334.7,336.4,-50.55902229508197,33.14754098360656,1,0.023491803278688522,0.026000000000000245
vehicle_003_session_01005,vehicle_003,1005,train,118.0416875,62.4,349.4,350.0,352.4,355.2,-50.58525442622951,35.0,0,0.031573770491803266,0.03299999999999992
vehicle_003_session_01006,vehicle_003,1006,train,116.174980047123,7.2,321.9,323.25,325.7,327.8,-60.020003599999995,28.773333333333333,1,0.023599999999999958,0.02499999999999991
vehicle_003_session_01007,vehicle_003,1007,train,117.95901233455882,29.6,331.4,331.6,332.7,334.2,-59.897370263157896,30.17105263157895,1,0.02359210526315792,0.026000000000000245
vehicle_003_session_01008,vehicle_003,1008,train,115.27828725198412,26.4,330.5,330.8,332.1,333.6,-69.57049885245902,26.688524590163933,1,0.025557377049180353,0.028000000000000025
vehicle_003_session_01009,vehicle_003,1009,train,116.58439630898022,54.8,344.3,345.0,348.6,352.7,-69.59673098360656,30.59016393442623,1,0.03786885245901639,0.040000000000000036
vehicle_003_session_01010,vehicle_003,1010,train,115.55052329695769,55.6,344.9,346.0,349.4,353.5,-70.09344819672131,29.557377049180328,1,0.03770491803278685,0.040000000000000036
vehicle_003_session_01011,vehicle_003,1011,train,116.67785464995156,28.8,326.7,329.15,330.375,331.6,-44.381333440000006,25.786666666666665,1,0.01770666666666666,0.019000000000000128
vehicle_003_session_01012,vehicle_003,1012,train,117.81591811342594,50.0,336.9,338.95000000000005,343.2375,348.3,-70.05067053333333,25.573333333333334,1,0.036546666666666644,0.040999999999999925
vehicle_003_session_01013,vehicle_003,1013,train,116.51921271178095,37.2,332.1,333.4,335.7,338.6,-69.99342210526315,24.473684210526315,1,0.02907894736842104,0.03299999999999992
vehicle_003_session_01014,vehicle_003,1014,train,116.52477355072469,50.0,339.9,340.7,344.6,349.3,-74.21640360655736,30.62295081967213,1,0.03891803278688522,0.04100000000000037
vehicle_003_session_01015,vehicle_003,1015,train,122.31737194444445,77.6,363.3,364.3,368.0,371.0,-73.15574606557378,32.47540983606557,1,0.041655737704918025,0.043999999999999595
vehicle_003_session_01016,vehicle_003,1016,train,116.25313028606968,54.0,343.2,344.1,347.8,351.8,-65.18197721311476,22.9672131147541,1,0.03606557377049179,0.039000000000000146
vehicle_003_session_01017,vehicle_003,1017,train,118.25401258239175,74.0,358.9,361.20000000000005,364.5,368.6,-63.934214342105264,20.11842105263158,1,0.03460526315789478,0.03699999999999992
vehicle_003_session_01018,vehicle_003,1018,train,118.21226507169672,23.6,329.1,330.0,331.6,333.19998,-70.10395331578947,20.11842105263158,2,0.024342107894736845,0.026000000000000245
vehicle_003_session_01019,vehicle_003,1019,train,113.29145518867928,38.4,333.3,333.5,334.7,336.3,-44.80002000000002,22.639344262295083,1,0.02162295081967215,0.02300000000000013
vehicle_003_session_01020,vehicle_003,1020,train,119.95553843810913,59.6,346.4,347.8,351.1,354.6,-60.009837049180334,24.9672131147541,1,0.03375409836065573,0.03600000000000003
vehicle_003_session_01021,vehicle_003,1021,train,115.31882270622894,42.4,335.2,335.7,337.5,340.3,-60.55246409836066,29.59016393442623,1,0.029344262295081937,0.03400000000000025
vehicle_003_session_01022,vehicle_003,1022,train,119.4178980800653,68.8,355.3,356.0,358.62,362.4,-60.51935677419355,32.0,0,0.03588709677419352,0.038000000000000256
vehicle_003_session_01023,vehicle_003,1023,train,117.93500778769841,9.6,322.5,323.9,326.9,329.1,-69.93769868852459,32.0,0,0.02862295081967211,0.03100000000000014
vehicle_003_session_01024,vehicle_003,1024,train,117.92756656746035,37.6,333.9,334.2,335.8,338.5,-69.91802459016394,34.049180327868854,2,0.030213114754098318,0.03299999999999992
vehicle_003_session_01025,vehicle_003,1025,train,119.69106811683007,65.6,352.8,353.6,356.9,360.8,-69.94097770491803,36.26229508196721,1,0.03908196721311472,0.04099999999999948
vehicle_003_session_01026,vehicle_003,1026,train,118.20111648592085,22.0,327.5,328.9,330.5,332.1,-70.24918803278689,29.65573770491803,1,0.025754098360655762,0.027000000000000135
vehicle_003_session_01027,vehicle_003,1027,train,116.13870800038055,51.6,341.8,342.7,346.3,350.5,-70.16230098360657,33.295081967213115,1,0.0383934426229508,0.040000000000000036
vehicle_003_session_01028,vehicle_003,1028,train,119.05712226134584,25.2,330.3,330.5,331.6,333.0,-69.97541065573772,23.278688524590162,1,0.024721311475409843,0.026000000000000245
vehicle_003_session_01029,vehicle_003,1029,train,120.30662905982908,54.0,342.7,343.6,347.1,351.4,-69.94918114754098,27.672131147540984,1,0.03827868852459016,0.040000000000000036
vehicle_003_session_01030,vehicle_003,1030,train,118.45976201923077,25.2,330.7,330.8,331.9,333.3,-70.03278950819671,25.278688524590162,1,0.02559016393442625,0.027000000000000135
vehicle_003_session_01031,vehicle_003,1031,train,119.59178378378377,56.8,346.0,347.1,350.3,354.3,-70.0278724590164,29.39344262295082,1,0.038098360655737726,0.040000000000000036
vehicle_003_session_01032,vehicle_003,1032,train,117.37634941019789,44.4,337.1,337.7,340.2,344.1,-69.72460098360655,28.81967213114754,2,0.0347704918032787,0.040000000000000036
vehicle_003_session_01033,vehicle_003,1033,train,118.43512152777782,39.2,333.8,334.9,336.9,339.9,-70.16558409836065,29.327868852459016,1,0.0309508196721311,0.03400000000000025
vehicle_003_session_01034,vehicle_003,1034,train,120.90669319600501,62.4,351.4,352.1,355.3,359.3,-70.10984327868853,32.0,0,0.038475409836065594,0.040000000000000036
vehicle_003_session_01035,vehicle_003,1035,train,118.33610416666667,44.0,336.3,336.8,339.3,343.2,-70.17869770491805,31.081967213114755,1,0.03422950819672127,0.040000000000000036
vehicle_003_session_01036,vehicle_003,1036,train,120.51963036062371,69.6,356.4,357.1,360.3,364.6,-70.17542,34.0,0,0.039459016393442604,0.04100000000000037
vehicle_003_session_01037,vehicle_003,1037,train,117.1735245128524,34.4,331.1,332.2,334.1,336.6,-70.23607655737703,30.57377049180328,1,0.028229508196721296,0.03100000000000014
vehicle_003_session_01038,vehicle_003,1038,train,120.31388304093572,61.2,350.2,351.0,354.1,358.2,-70.16885901639344,33.42622950819672,1,0.03836065573770494,0.04000000000000048
vehicle_003_session_01039,vehicle_003,1039,train,118.35048439754691,47.6,338.8,339.6,342.5,347.1,-70.18033590163935,33.50819672131148,1,0.03732786885245902,0.040000000000000036
vehicle_003_session_01040,vehicle_003,1040,train,118.69928619543653,24.8,327.4,329.65,331.1,332.8,-69.69473973684211,27.67105263157895,1,0.02515789473684213,0.028000000000000025
vehicle_003_session_01041,vehicle_003,1041,train,117.57183148611114,42.0,334.6,334.9,336.03000000000003,337.8,-45.100010000000005,32.0,0,0.02391803278688522,0.026000000000000245
vehicle_003_session_01042,vehicle_003,1042,train,121.34122237769485,16.4,325.3,326.4,328.8,330.3,-70.11803950819672,30.278688524590162,1,0.02737704918032788,0.03100000000000014
vehicle_003_session_01043,vehicle_003,1043,train,119.14853814262021,43.6,336.3,336.8,339.1,342.7,-70.08689016393443,33.622950819672134,1,0.033950819672131115,0.038000000000000256
vehicle_003_session_01044,vehicle_003,1044,train,121.70138978687734,64.8,353.2,353.9,357.1,361.3,-69.99672098360655,33.0,0,0.03881967213114754,0.040000000000000036
vehicle_003_session_01045,vehicle_003,1045,train,119.38534240984407,52.8,341.1,341.8,345.2,349.1,-59.39179573770492,36.0,0,0.0350655737704918,0.038000000000000256
vehicle_003_session_01046,vehicle_003,1046,train,122.05972180555557,75.6,361.1,361.9,364.7,368.5,-59.39671229508196,37.0,0,0.036622950819672144,0.038000000000000256
vehicle_003_session_01047,vehicle_003,1047,train,122.8405853356482,59.2,344.9,346.35,349.79999,353.19998,-57.71711315789473,29.842105263157894,1,0.0332894552631579,0.03600000000000003
vehicle_003_session_01048,vehicle_003,1048,train,120.70790793211415,24.800001,328.19998,328.85,330.19998,331.4,-60.80527000000001,32.01315789473684,1,0.022631556578947373,0.02400000000000002
vehicle_003_session_01049,vehicle_003,1049,train,118.24631764069267,38.0,333.5,333.9,335.7,338.3,-70.13115721311476,34.34426229508197,1,0.03052459016393437,0.03400000000000025
vehicle_003_session_01050,vehicle_003,1050,train,120.7710894995211,68.8,355.7,356.4,359.7,363.8,-70.098368852459,37.0,0,0.03950819672131149,0.04100000000000037
vehicle_003_session_01051,vehicle_003,1051,train,119.54861287568303,31.2,329.6,330.8,332.4,334.4,-70.06230131147542,32.950819672131146,1,0.02659016393442628,0.03000000000000025
vehicle_003_session_01052,vehicle_003,1052,train,120.05641960841051,56.0,344.7,345.7,349.3,353.2,-69.95081475409835,35.39344262295082,1,0.038147540983606516,0.040000000000000036
vehicle_003_session_01053,vehicle_003,1053,train,120.25249102182542,55.6,344.4,345.3,348.9,353.0,-70.06066180327869,34.77049180327869,1,0.03863934426229505,0.040999999999999925
vehicle_003_session_01054,vehicle_003,1054,train,117.00244779929581,35.6,332.5,332.8,334.6,336.9,-69.91967147540983,36.459016393442624,1,0.02945901639344261,0.03299999999999992
vehicle_003_session_01055,vehicle_003,1055,train,120.81170133856688,64.0,351.6,352.4,355.5,359.6,-69.87869278688525,39.0,0,0.03898360655737706,0.04100000000000037
vehicle_003_session_01056,vehicle_003,1056,train,118.45439470720723,38.0,333.2,333.8,336.0,338.9,-70.49836049180328,21.24590163934426,2,0.029360655737704904,0.03399999999999981
vehicle_003_session_01057,vehicle_003,1057,train,121.00303472222217,67.6,355.8,356.6,359.9,364.1,-70.5459062295082,24.704918032786885,1,0.03885245901639341,0.040000000000000036
vehicle_003_session_01058,vehicle_003,1058,train,120.46424789951988,57.6,346.9,347.8,351.4,355.5,-70.36557409836065,23.0,0,0.03729508196721311,0.040000000000000036
vehicle_003_session_01059,vehicle_003,1059,train,122.66973721001223,61.2,346.4,347.75,350.3,352.8,-43.14605815789474,23.0,0,0.02828947368421052,0.029999999999999805
vehicle_003_session_01060,vehicle_003,1060,train,117.0724923502604,32.8,330.3,331.9,333.9,336.3,-70.08197459016394,20.508196721311474,1,0.026557377049180323,0.029999999999999805
vehicle_003_session_01061,vehicle_003,1061,train,120.42500990740739,58.4,348.5,349.4,352.5,356.6,-70.05574327868852,23.934426229508198,1,0.037409836065573784,0.039000000000000146
vehicle_003_session_01062,vehicle_003,1062,train,118.8289433980213,32.4,332.2,332.4,333.8,335.8,-69.39179639344263,25.639344262295083,1,0.02726229508196727,0.03100000000000014
vehicle_003_session_01063,vehicle_003,1063,train,120.04645972222218,62.0,350.8,351.4,354.6,358.6,-69.41146655737704,29.39344262295082,1,0.03816393442622953,0.040000000000000036
vehicle_003_session_01064,vehicle_003,1064,train,118.32499563969014,36.8,331.1,332.15,334.1,336.4,-60.100006315789486,24.342105263157894,1,0.025250000000000012,0.028000000000000025
vehicle_003_session_01065,vehicle_003,1065,train,121.5419931818182,58.0,346.0,347.7,350.7,353.9,-60.05333773333334,26.92,1,0.034506666666666644,0.03600000000000003
vehicle_003_session_01066,vehicle_003,1066,train,120.50699042132217,26.0,328.0,328.9,330.3,331.7,-60.03026513157895,28.855263157894736,1,0.022342105263157882,0.02400000000000002
vehicle_003_session_01067,vehicle_003,1067,train,118.98268371562851,9.6,321.6,322.7375,325.075,327.4,-60.129341999999994,32.86666666666667,1,0.02466666666666664,0.026000000000000245
vehicle_003_session_01068,vehicle_003,1068,train,121.45419749414324,49.2,338.0,339.20000000000005,341.85,345.7,-60.05067093333332,36.13333333333333,1,0.034680000000000016,0.039000000000000146
vehicle_003_session_01069,vehicle_003,1069,train,120.00341641743353,32.8,329.6,330.6,332.2,333.9,-59.93684368421053,33.9078947368421,1,0.023855263157894727,0.026000000000000245
vehicle_003_session_01070,vehicle_003,1070,train,119.8561568700397,35.2,331.0,331.9,333.8,336.3,-70.08197360655738,33.68852459016394,1,0.028508196721311503,0.031999999999999584
vehicle_003_session_01071,vehicle_003,1071,train,121.79467449212274,58.0,346.4,347.4,350.7,354.6,-69.95901622950818,36.16393442622951,1,0.038819672131147544,0.040999999999999925
vehicle_003_session_01072,vehicle_003,1072,train,119.60997617009131,59.2,347.7,348.5,351.9,356.0,-69.99344573770492,36.0,0,0.03785245901639343,0.039000000000000146
vehicle_003_session_01073,vehicle_003,1073,train,120.96665494791664,48.0,336.1,337.2,340.2,344.4,-59.28197245901641,34.032786885245905,1,0.0334590163934426,0.038000000000000256
vehicle_003_session_01074,vehicle_003,1074,train,120.1092168560606,2.4,318.1,319.9,323.3,325.8,-69.93770393442622,35.83606557377049,1,0.028606557377049174,0.03100000000000014
vehicle_003_session_01075,vehicle_003,1075,train,119.25984643108298,24.4,330.0,330.3,331.3,332.7,-69.92622918032788,36.52459016393443,1,0.026098360655737722,0.028999999999999915
vehicle_003_session_01076,vehicle_003,1076,train,121.4206173970307,56.4,344.7,345.7,348.9,353.0,-69.94098393442623,40.0,0,0.03944262295081966,0.04100000000000037
vehicle_003_session_01077,vehicle_003,1077,train,119.39782142857145,42.0,334.4,334.9,337.1,340.5,-69.99836196721311,34.377049180327866,1,0.03199999999999997,0.03799999999999981
vehicle_003_session_01078,vehicle_003,1078,train,118.68254424603174,28.4,331.1,331.6,332.7,334.2,-69.99016803278688,32.08196721311475,2,0.0270491803278689,0.02900000000000036
vehicle_003_session_01079,vehicle_003,1079,train,119.19402882996634,56.4,345.8,346.8,350.0,353.9,-69.93934786885247,35.65573770491803,1,0.03926229508196718,0.040999999999999925
vehicle_003_session_01080,vehicle_003,1080,train,117.8188663438967,45.6,337.5,338.2,341.0,345.3,-70.0721375409836,30.540983606557376,1,0.0364262295081967,0.04200000000000026
vehicle_003_session_01081,vehicle_003,1081,train,122.52708168549907,74.0,360.8,361.6,364.9,369.3,-69.9819693442623,33.0,0,0.04080327868852463,0.04300000000000015
vehicle_003_session_01082,vehicle_003,1082,train,119.7365506535948,45.6,336.4,337.1,339.9,343.9,-69.79018163934425,38.0,2,0.035590163934426204,0.040999999999999925
vehicle_003_session_01083,vehicle_003,1083,train,122.32432395833334,73.2,359.1,359.9,363.2,367.5,-69.8016575409836,40.0,0,0.0408688524590164,0.04300000000000015
vehicle_003_session_01084,vehicle_003,1084,train,121.77085763888886,65.6,351.9,352.5,354.9,357.7,-50.100010000000005,37.0,0,0.0323770491803279,0.03400000000000025
vehicle_003_session_01085,vehicle_003,1085,train,118.76530125,20.0,326.3,327.4,328.9,330.2,-60.208207540983615,34.22950819672131,1,0.023114754098360665,0.0259999999999998
vehicle_003_session_01086,vehicle_003,1086,train,117.71262777777778,40.0,334.1,334.4,336.0,338.3,-60.221323606557384,36.52459016393443,1,0.028213114754098354,0.03200000000000003
vehicle_003_session_01087,vehicle_003,1087,train,122.312397903312,66.4,352.8,353.6,356.3,359.9,-60.213126065573775,39.0,0,0.036409836065573783,0.038000000000000256
vehicle_003_session_01088,vehicle_003,1088,train,119.67765018656715,18.4,326.1,327.4,329.2,330.5,-70.0,35.0,0,0.027032786885245925,0.03100000000000014
vehicle_003_session_01089,vehicle_003,1089,train,117.48919862049553,45.2,337.1,337.5,339.9,343.9,-69.93769868852458,37.18032786885246,1,0.03567213114754098,0.040999999999999925
vehicle_003_session_01090,vehicle_003,1090,train,122.94625160751025,74.8,360.5,361.3,364.6,368.9,-69.94753573770492,39.0,0,0.04101639344262296,0.043999999999999595
vehicle_003_session_01091,vehicle_003,1091,train,120.65063229813666,33.2,330.19998,331.4,333.3,335.5,-70.06974102631578,30.44736842105263,1,0.027644709210526336,0.03000000000000025
vehicle_003_session_01092,vehicle_003,1092,train,119.13673665577345,18.0,326.0,326.4,327.5,328.6,-45.100010000000005,30.0,0,0.01988524590163934,0.02300000000000013
vehicle_003_session_01093,vehicle_003,1093,train,120.09370207561736,57.6,344.9,345.5,347.8,350.5,-45.100010000000005,34.0,0,0.03142622950819669,0.03399999999999981
vehicle_003_session_01094,vehicle_003,1094,train,121.2667141666667,62.8,350.2,350.8,352.7,355.3,-44.7377186885246,28.0,0,0.03016393442622954,0.03200000000000003
vehicle_003_session_01095,vehicle_003,1095,train,118.39655524461027,40.4,332.7,333.9,336.4,339.9,-70.89180032786886,29.262295081967213,1,0.03122950819672131,0.03600000000000003
vehicle_003_session_01096,vehicle_003,1096,train,120.88963136574078,67.2,354.6,355.5,358.8,363.0,-71.0,31.475409836065573,1,0.03954098360655734,0.04100000000000037
vehicle_003_session_01097,vehicle_003,1097,train,119.46834645337303,25.2,328.3,329.6,331.0375,332.7,-69.79467466666668,31.373333333333335,1,0.02552000000000004,0.028000000000000025
vehicle_003_session_01098,vehicle_003,1098,train,118.65667252604165,51.6,339.9,340.5,343.6,347.7,-59.43278081967213,36.295081967213115,1,0.03600000000000004,0.039000000000000146
vehicle_003_session_01099,vehicle_003,1099,train,118.71085285590271,40.4,332.1,333.3,335.5,338.2,-60.4918024590164,27.540983606557376,1,0.027262295081967175,0.03100000000000014
vehicle_003_session_01100,vehicle_003,1100,train,122.05474509803929,72.4,358.3,358.9,361.9,365.5,-60.50983704918033,30.83606557377049,1,0.03711475409836068,0.03900000000000059
vehicle_003_session_01101,vehicle_003,1101,train,120.4756167901235,22.0,327.19998,328.09999,329.5,330.69998,-61.346058605263146,32.6578947368421,1,0.023092107894736858,0.026000000000000245
vehicle_003_session_01102,vehicle_003,1102,train,119.60149134615386,58.8,348.2,349.1,352.4,356.3,-69.98032590163935,29.0,0,0.03783606557377048,0.039000000000000146
vehicle_003_session_01103,vehicle_003,1103,train,121.22789587570627,74.0,359.4,360.8,364.64999,369.3,-70.18685223684209,28.63157894736842,1,0.038460540789473655,0.04100030000000032
vehicle_003_session_01104,vehicle_003,1104,train,119.83523599340869,32.4,330.5,331.4,333.3,335.5,-70.21968409836064,23.885245901639344,2,0.02708196721311481,0.02900000000000036
vehicle_003_session_01105,vehicle_003,1105,train,120.10569535024155,56.4,346.0,346.9,350.3,354.4,-70.20165032786885,27.0,0,0.03788524590163934,0.040000000000000036
vehicle_003_session_01106,vehicle_003,1106,train,120.44188878120607,34.4,331.0,332.0,333.9,336.3,-70.50933426666667,25.413333333333334,1,0.02777333333333333,0.03100000000000014
vehicle_003_session_01107,vehicle_003,1107,train,120.93760709235211,66.0,352.19998,354.20000000000005,357.69998,361.8,-70.07368842105262,28.907894736842106,1,0.03752631315789473,0.040000100000000316
vehicle_003_session_01108,vehicle_003,1108,train,120.10176035911601,21.6,327.69998,328.55,329.95,331.4,-70.14606044736838,34.0,0,0.025934193421052642,0.027000199999999808
vehicle_003_session_01109,vehicle_003,1109,train,121.26114502583978,56.4,343.0,345.075,347.575,350.2,-44.64266693333334,36.946666666666665,1,0.03106666666666663,0.03400000000000025
vehicle_003_session_01110,vehicle_003,1110,train,117.76983253968257,24.8,328.9,329.2,330.2,331.6,-59.9311406557377,33.08196721311475,1,0.02259016393442627,0.02400000000000002
vehicle_003_session_01111,vehicle_003,1111,train,119.61843923965418,52.8,341.4,342.1,345.3,349.1,-59.919664754098356,36.40983606557377,1,0.036754098360655726,0.039000000000000146
vehicle_003_session_01112,vehicle_003,1112,train,120.944964869281,52.8,340.5,341.3,343.9,347.4,-49.899989999999995,31.721311475409838,1,0.03413114754098364,0.03699999999999992
vehicle_003_session_01113,vehicle_003,1113,train,120.69524974910391,32.4,329.9,330.5,332.1,333.8,-60.059216052631584,34.0,0,0.02410526315789474,0.027000000000000135
vehicle_003_session_01114,vehicle_003,1114,train,122.33956375718388,18.4,326.0,327.4,329.2,330.7,-70.39344606557377,35.032786885245905,1,0.02747540983606557,0.03200000000000003
vehicle_003_session_01115,vehicle_003,1115,train,118.31598090277782,42.0,335.5,336.0,338.2,341.4,-70.52951114754099,37.68852459016394,1,0.03427868852459012,0.039000000000000146
vehicle_003_session_01116,vehicle_003,1116,train,119.0911498015873,42.0,335.2,335.7,337.8,341.3,-70.28690393442623,33.278688524590166,1,0.03288524590163933,0.03799999999999981
vehicle_003_session_01117,vehicle_003,1117,train,121.11239810606062,58.8,346.4,347.1,349.6,352.4,-49.700010000000006,30.0,0,0.03203278688524584,0.03399999999999981
vehicle_003_session_01118,vehicle_003,1118,train,117.339813840156,30.0,330.7,331.0,331.7,333.0,-50.147550983606564,26.262295081967213,1,0.02039344262295083,0.02200000000000024
vehicle_003_session_01119,vehicle_003,1119,train,119.91257849702377,68.8,354.6,355.2,358.0,361.6,-59.5,31.0,0,0.03496721311475407,0.036000000000000476
vehicle_003_session_01120,vehicle_003,1120,train,118.23278517214398,32.4,329.7,330.7,332.15,333.9,-59.92236855263158,28.75,1,0.02369736842105266,0.026000000000000245
vehicle_003_session_01121,vehicle_003,1121,train,120.38084479717816,49.6,338.8,339.6,343.0,347.7,-70.01639491803277,32.377049180327866,1,0.038245901639344285,0.041999999999999815
vehicle_003_session_01122,vehicle_003,1122,train,124.42742465932913,75.2,360.8,361.8,365.2,369.4,-70.00492213114754,34.0,0,0.04103278688524591,0.04300000000000015
vehicle_003_session_01123,vehicle_003,1123,train,117.22375628063726,37.2,333.6,334.1,335.8,338.5,-70.00983770491803,29.81967213114754,2,0.030475409836065566,0.03400000000000025
vehicle_003_session_01124,vehicle_003,1124,train,120.90468821347031,64.8,352.7,353.5,356.8,360.7,-69.97869131147542,33.0,0,0.03947540983606559,0.04200000000000026
vehicle_003_session_01125,vehicle_003,1125,train,121.59095718253973,64.0,350.19998,351.75,354.6,358.0,-56.91579505263158,28.55263157894737,1,0.03323681842105265,0.03400020000000037
vehicle_003_session_01126,vehicle_003,1126,train,121.41565960837892,63.2,348.5,350.5,354.3,358.3,-70.19673245901639,31.0,0,0.037819672131147564,0.039000000000000146
vehicle_003_session_01127,vehicle_003,1127,train,120.16604684343434,27.6,330.5,330.8,331.6,333.0,-60.695089508196716,33.868852459016395,1,0.02367213114754102,0.025000000000000355
vehicle_003_session_01128,vehicle_003,1128,train,118.85771033427497,49.6,339.4,339.9,342.5,346.3,-58.772138524590176,36.42622950819672,1,0.035836065573770524,0.039000000000000146
vehicle_003_session_01129,vehicle_003,1129,train,118.93715593434345,39.6,333.6,333.9,336.0,338.9,-70.15574754098361,39.18032786885246,1,0.031524590163934385,0.03500000000000014
vehicle_003_session_01130,vehicle_003,1130,train,122.85881152534115,70.8,356.9,357.7,361.0,365.2,-70.12296032786887,41.0,0,0.040852459016393436,0.04300000000000015
vehicle_003_session_01131,vehicle_003,1131,train,120.8712715277778,52.0,340.2,341.1,344.9,349.3,-69.85738114754098,43.14754098360656,1,0.03965573770491803,0.04200000000000026
vehicle_003_session_01132,vehicle_003,1132,train,120.24037980769236,55.6,344.3,345.2,348.8,352.8,-69.4688493442623,39.85245901639344,1,0.0392295081967213,0.04100000000000037
vehicle_003_session_01133,vehicle_003,1133,train,118.2738946233165,24.8,329.1,329.4,330.3,331.6,-61.03443081967213,35.34426229508197,1,0.02342622950819671,0.02499999999999991
vehicle_003_session_01134,vehicle_003,1134,train,118.65928746639784,51.2,339.7,340.3,343.0,346.9,-58.74427114754099,38.22950819672131,1,0.03634426229508198,0.039000000000000146
vehicle_003_session_01135,vehicle_003,1135,train,117.23886277777774,48.0,337.2,337.7,339.3,341.9,-44.899989999999995,36.63934426229508,1,0.02870491803278687,0.03299999999999992
vehicle_003_session_01136,vehicle_003,1136,train,120.79029606381707,42.4,333.5,334.4888888888889,337.1,340.7,-70.03866973333334,37.026666666666664,1,0.032906666666666654,0.03799999999999981
vehicle_003_session_01137,vehicle_003,1137,train,118.7489325854701,15.2,324.7,326.1,328.6,330.2,-69.90328016393443,29.934426229508198,1,0.027049180327868853,0.029999999999999805
vehicle_003_session_01138,vehicle_003,1138,train,118.50286254084968,41.2,335.5,335.8,337.8,341.1,-69.90164065573771,32.98360655737705,2,0.03318032786885243,0.037000000000000366
vehicle_003_session_01139,vehicle_003,1139,train,122.2852003295668,68.8,356.0,356.8,359.9,364.1,-69.90655983606557,35.80327868852459,1,0.0405901639344262,0.04300000000000015
vehicle_003_session_01140,vehicle_003,1140,train,107.75462962962962,5.2,320.3,321.9,324.7,327.4,-70.0,30.0,0,0.02785245901639339,0.029999999999999805
vehicle_003_session_01141,vehicle_003,1141,train,121.15277767094015,29.2,330.8,331.0,332.1,333.6,-70.0,31.491803278688526,1,0.02645901639344266,0.028000000000000025
vehicle_003_session_01142,vehicle_003,1142,train,124.22646585648144,55.6,342.7,343.5,347.1,351.1,-69.99672098360655,34.868852459016395,1,0.04004918032786885,0.04100000000000037
vehicle_003_session_01143,vehicle_003,1143,train,121.24118826506597,73.2,358.9,359.9,363.3,367.7,-70.1639444262295,33.0,0,0.03998360655737701,0.041999999999999815
vehicle_003_session_01144,vehicle_003,1144,train,120.26247398775891,48.8,336.4,338.5,342.5,347.7,-69.97540803278689,27.770491803278688,1,0.03788524590163938,0.04100000000000037
vehicle_003_session_01145,vehicle_003,1145,train,121.285338998538,72.4,359.6,360.5,363.8,368.2,-69.96720983606556,29.852459016393443,1,0.040655737704918066,0.04300000000000015
vehicle_003_session_01146,vehicle_003,1146,train,120.05937308933935,23.6,327.7,328.70000000000005,329.9,331.3,-60.036002799999984,30.0,0,0.02266666666666667,0.02499999999999991
vehicle_003_session_01147,vehicle_003,1147,train,121.55891764065444,50.4,338.0,339.3,343.5,348.3,-70.07500513157895,37.0,0,0.03928947368421052,0.04200000000000026
vehicle_003_session_01148,vehicle_003,1148,train,119.4404093107639,16.8,325.7,326.79999999999995,329.1,330.5,-69.97105184210527,31.31578947368421,1,0.026789473684210533,0.03000000000000025
vehicle_003_session_01149,vehicle_003,1149,train,121.03596835154829,57.6,346.4,347.4,350.8,354.9,-70.86885180327867,34.0,0,0.039065573770491795,0.04100000000000037
vehicle_003_session_01150,vehicle_003,1150,train,118.9269639423077,68.8,354.4,355.7,359.3,363.8,-70.04262721311476,33.114754098360656,1,0.038262295081967254,0.040000000000000036
vehicle_003_session_01151,vehicle_003,1151,train,119.74349988799284,26.8,328.6,329.9,331.4,333.0,-69.86557409836065,28.0327868852459,2,0.025934426229508246,0.028000000000000025
vehicle_003_session_01152,vehicle_003,1152,train,119.416848735755,52.0,341.4,342.2,345.8,350.2,-69.85246327868852,31.131147540983605,1,0.03895081967213113,0.040999999999999925
vehicle_003_session_01153,vehicle_003,1153,train,121.38142821195144,45.2,336.0,337.5,340.4,344.9,-70.048687,30.42105263157895,1,0.0357763,0.04100020000000004
vehicle_003_session_01154,vehicle_003,1154,train,119.54801455896687,28.0,330.5,330.7,331.6,332.8,-60.66558081967212,30.459016393442624,1,0.023508196721311506,0.02499999999999991
vehicle_003_session_01155,vehicle_003,1155,train,122.1564477339181,51.2,339.7,340.2,342.8,346.6,-58.696728196721324,33.34426229508197,1,0.0360491803278689,0.039000000000000146
vehicle_003_session_01156,vehicle_003,1156,train,124.53527417200856,74.4,359.1,359.7,362.4,365.7,-55.58361327868854,35.0,0,0.036819672131147556,0.0389999999999997
vehicle_003_session_01157,vehicle_003,1157,train,119.3811031920078,20.8,328.0,328.3,329.1,329.9,-50.56721737704918,35.0,0,0.019918032786885274,0.02200000000000024
vehicle_003_session_01158,vehicle_003,1158,train,116.93820986111112,43.6,335.5,335.8,337.4,339.4,-48.398366229508206,37.0,0,0.02695081967213107,0.029999999999999805
vehicle_003_session_01159,vehicle_003,1159,train,120.7918212425595,65.6,351.1,352.1,355.0,358.5,-59.72952114754099,32.0,0,0.03504918032786886,0.03699999999999992
vehicle_003_session_01160,vehicle_003,1160,train,119.51057657914767,20.8,328.3,328.8,330.0,331.4,-70.17378049180327,33.0,0,0.025737704918032813,0.027000000000000135
vehicle_003_session_01161,vehicle_003,1161,train,117.84464800995023,50.4,340.3,341.1,344.6,348.9,-70.17214114754098,36.278688524590166,1,0.03926229508196722,0.041999999999999815
vehicle_003_session_01162,vehicle_003,1162,train,118.84367056159422,13.6,324.1,325.3,328.0,329.7,-69.83333946666666,31.773333333333333,1,0.02743999999999998,0.02900000000000036
vehicle_003_session_01163,vehicle_003,1163,train,120.68825314980161,59.6,347.2,348.85,352.45,356.4,-69.88158131578946,35.31578947368421,1,0.03892105263157896,0.040999999999999925
vehicle_003_session_01164,vehicle_003,1164,train,118.38613054220089,12.0,322.5,323.3,325.3,327.2,-49.806575409836086,36.0,0,0.021803278688524597,0.02300000000000013
vehicle_003_session_01165,vehicle_003,1165,train,117.95143601190478,32.8,331.3,331.4,332.4,333.6,-49.80002000000002,37.0,0,0.021721311475409854,0.02400000000000002
vehicle_003_session_01166,vehicle_003,1166,train,117.20755408427502,55.2,343.2,343.9,346.6,349.6,-49.76722983606559,39.19672131147541,1,0.034016393442622944,0.03699999999999992
vehicle_003_session_01167,vehicle_003,1167,train,117.98742249531834,34.4,331.6,332.1,333.8,336.1,-69.91310606557376,36.85245901639344,1,0.02865573770491803,0.03100000000000014
vehicle_003_session_01168,vehicle_003,1168,train,119.2759976128472,38.8,332.4,333.55,335.875,338.9,-70.06533813333334,31.44,1,0.03082666666666666,0.03500000000000014
vehicle_003_session_01169,vehicle_003,1169,train,119.92735471866098,35.2,331.3,332.2,334.2,336.8,-69.9026344736842,33.21052631578947,1,0.029013157894736862,0.03299999999999992
vehicle_003_session_01170,vehicle_003,1170,train,119.16338748346563,46.4,337.2,337.8,340.7,344.9,-70.30985311475409,40.80327868852459,2,0.03731147540983608,0.041999999999999815
vehicle_003_session_01171,vehicle_003,1171,train,120.15026730418947,15.6,324.7,325.8,328.5,329.9,-69.89180032786886,36.0,0,0.027885245901639332,0.03100000000000014
vehicle_003_session_01172,vehicle_003,1172,train,117.87943042824074,40.0,334.7,335.2,337.1,340.2,-69.90327229508198,38.622950819672134,1,0.0325901639344262,0.03600000000000003
vehicle_003_session_01173,vehicle_003,1173,train,123.52398591457029,76.4,361.9,362.7,366.1,370.4,-69.90327426229508,41.0,0,0.04188524590163931,0.04300000000000015
vehicle_003_session_01174,vehicle_003,1174,train,119.03631398862294,36.4,331.3,332.29999999999995,334.29999999999995,336.9,-70.35395118421052,39.28947368421053,1,0.029552631578947386,0.03299999999999992
vehicle_003_session_01175,vehicle_003,1175,train,121.69499739221648,59.2,345.2,347.15,351.05,355.0,-69.8697394736842,34.80263157894737,1,0.03775000000000002,0.040000000000000036
vehicle_003_session_01176,vehicle_003,1176,train,118.8370902208561,29.2,329.6,330.3,331.9,333.9,-71.4918031147541,39.22950819672131,1,0.027573770491803287,0.03100000000000014
vehicle_003_session_01177,vehicle_003,1177,train,118.19737969483569,53.6,342.8,343.8,347.4,351.8,-71.50327901639345,42.0655737704918,1,0.04040983606557375,0.04200000000000026
vehicle_003_session_01178,vehicle_003,1178,train,118.8634813312648,46.4,335.2,336.70000000000005,339.95,344.7,-70.48552539473685,38.48684210526316,1,0.036500000000000005,0.04200000000000026
vehicle_003_session_01179,vehicle_003,1179,train,119.48933615837697,17.2,325.5,326.65,328.9,330.3,-69.89999,38.68421052631579,1,0.027802631578947374,0.03100000000000014
vehicle_003_session_01180,vehicle_003,1180,train,116.44654166666666,33.6,331.0,331.1,332.1,333.2,-45.71804081967214,36.52459016393443,1,0.020081967213114785,0.02200000000000024
vehicle_003_session_01181,vehicle_003,1181,train,118.74626797839508,70.0,356.3,357.5,361.0,365.2,-69.43605983606558,34.0,0,0.038311475409836065,0.040000000000000036
vehicle_003_session_01182,vehicle_003,1182,train,120.22665118634261,62.4,350.2,351.1,354.4,358.5,-68.91802459016394,35.967213114754095,1,0.03732786885245909,0.039000000000000146
vehicle_003_session_01183,vehicle_003,1183,train,119.4166529114783,15.2,324.7,325.8,328.3,329.9,-69.86000200000001,34.0,0,0.02758666666666669,0.030999999999999694
vehicle_003_session_01184,vehicle_003,1184,train,120.59638392531879,14.4,325.3,325.8,326.9,328.0,-46.232795737704926,36.85245901639344,-1,0.01983606557377046,0.02100000000000035
vehicle_003_session_01185,vehicle_003,1185,train,117.73612875000003,58.8,346.4,346.9,349.1,351.4,-43.25574508196721,39.65573770491803,1,0.031229508196721264,0.03299999999999992
vehicle_003_session_01186,vehicle_003,1186,train,119.18125526433691,58.4,346.6,347.5,350.5,353.9,-60.77706557377051,39.0,0,0.0353934426229508,0.037000000000000366
vehicle_003_session_01187,vehicle_003,1187,train,117.51200372474744,29.2,328.9,329.7,331.1,332.7,-60.01967409836066,41.0,0,0.023508196721311516,0.025000000000000355
vehicle_003_session_01188,vehicle_003,1188,train,116.92908817167582,51.2,339.9,340.5,343.6,347.5,-60.03934819672131,42.80327868852459,1,0.03652459016393444,0.039000000000000146
vehicle_003_session_01189,vehicle_003,1189,train,123.22404578189297,75.6,360.5,361.1,363.9,367.7,-60.09509147540984,43.0,0,0.0381967213114754,0.040000000000000036
vehicle_003_session_01190,vehicle_003,1190,train,120.63657696759263,14.8,324.4,325.8,328.3,329.9,-69.96065852459016,37.0,0,0.027885245901639353,0.03000000000000025
vehicle_003_session_01191,vehicle_003,1191,train,118.21683785635969,39.2,334.4,334.9,336.8,339.6,-69.95410114754098,39.32786885245902,1,0.03242622950819671,0.03600000000000003
vehicle_003_session_01192,vehicle_003,1192,train,119.36052145522392,35.6,332.1,332.4,333.9,336.4,-69.79510081967213,39.85245901639344,1,0.02931147540983606,0.03200000000000003
vehicle_003_session_01193,vehicle_003,1193,train,121.52677093698179,62.8,350.2,351.0,354.1,358.0,-69.79182245901639,42.0,0,0.03985245901639348,0.04100000000000037
vehicle_003_session_01194,vehicle_003,1194,train,117.79578106617647,33.6,329.4,330.1,331.3,332.7,-45.21334413333334,38.0,0,0.019640000000000032,0.02200000000000024
vehicle_003_session_01195,vehicle_003,1195,train,118.10792008377426,34.0,330.8,331.6,333.5,335.8,-70.05574180327869,33.704918032786885,1,0.02842622950819675,0.03200000000000003
vehicle_003_session_01196,vehicle_003,1196,train,119.73937318910258,59.2,347.8,348.6,351.9,356.0,-70.02623131147541,36.83606557377049,1,0.039295081967213104,0.040000000000000036
vehicle_003_session_01197,vehicle_003,1197,train,119.27872416877102,32.8,330.7,331.3,333.0,335.3,-70.01967409836065,35.50819672131148,1,0.02798360655737707,0.03100000000000014
vehicle_003_session_01198,vehicle_003,1198,train,120.3824280478395,59.6,348.2,349.1,352.2,356.1,-69.93278737704918,38.131147540983605,1,0.039016393442622976,0.040999999999999925
vehicle_003_session_01199,vehicle_003,1199,train,119.07810436795492,11.2,322.8,323.9,326.6,328.9,-70.04262704918034,38.83606557377049,1,0.027934426229508185,0.029999999999999805
vehicle_003_session_01200,vehicle_003,1200,train,117.63133150462967,38.8,334.2,334.7,336.4,339.3,-69.97705196721311,41.60655737704918,1,0.03195081967213114,0.03500000000000014
vehicle_003_session_01201,vehicle_003,1201,train,121.81578376906316,74.8,360.3,361.0,364.1,368.2,-65.39508721311476,45.0,0,0.04013114754098361,0.04299999999999926
vehicle_003_session_01202,vehicle_003,1202,train,119.75126098588342,14.8,324.2,325.7,328.3,330.2,-74.07213639344262,37.0,0,0.029262295081967215,0.03200000000000003
vehicle_003_session_01203,vehicle_003,1203,train,118.2508209325397,39.2,334.6,335.0,337.1,340.0,-74.07705524590165,39.47540983606557,1,0.033672131147540946,0.038000000000000256
vehicle_003_session_01204,vehicle_003,1204,train,117.20566821581198,28.4,330.0,330.3,331.7,333.5,-69.86721950819671,37.622950819672134,1,0.026754098360655783,0.02900000000000036
vehicle_003_session_01205,vehicle_003,1205,train,118.8295170088567,54.4,342.8,343.8,347.4,351.6,-69.86066147540984,40.50819672131148,1,0.039999999999999994,0.04200000000000026
vehicle_003_session_01206,vehicle_003,1206,train,119.30555108286251,11.6,322.8,323.6,325.8,327.8,-59.98032590163935,39.0,0,0.02498360655737702,0.027000000000000135
vehicle_003_session_01207,vehicle_003,1207,train,119.90360913553641,35.2,332.2,332.5,333.8,335.5,-59.96884934426229,40.50819672131148,1,0.02611475409836069,0.02900000000000036
vehicle_003_session_01208,vehicle_003,1208,train,120.94796340388005,58.8,346.4,347.2,350.0,353.5,-59.9540937704918,43.0,0,0.036475409836065585,0.037000000000000366
vehicle_003_session_01209,vehicle_003,1209,train,117.55293016414144,26.8,327.8,328.5,329.6,330.7,-45.12787901639345,38.18032786885246,1,0.018491803278688497,0.020000000000000018
vehicle_003_session_01210,vehicle_003,1210,train,119.3150079129979,11.6,320.0,320.4,322.05,322.4,-17.009218398684208,40.0,0,0.01324999736842103,0.027000199999999808
vehicle_003_session_01211,vehicle_003,1211,train,121.32105940170939,58.8,346.8,347.8,351.3,355.3,-70.1147618032787,40.0,0,0.03895081967213113,0.040000000000000036
vehicle_003_session_01212,vehicle_003,1212,train,120.95558049197967,40.8,332.4,333.70000000000005,336.20000000000005,339.6,-69.8684252631579,37.06578947368421,1,0.03152631578947366,0.03600000000000003
vehicle_003_session_01213,vehicle_003,1213,train,119.96811782860027,26.0,328.3,329.4,331.0,332.5,-69.87368526315788,35.9078947368421,1,0.02618421052631581,0.028000000000000025
vehicle_003_session_01214,vehicle_003,1214,train,118.83293682484567,23.2,328.0,328.9,330.2,331.7,-70.3786862295082,36.950819672131146,1,0.026098360655737715,0.027000000000000135
vehicle_003_session_01215,vehicle_003,1215,train,119.81903804773083,52.4,341.3,341.9,345.5,349.9,-70.40490918032786,40.442622950819676,1,0.04024590163934427,0.04300000000000015
vehicle_003_session_01216,vehicle_003,1216,train,118.60564555921054,21.6,328.6,329.1,330.2,331.4,-70.14591163934426,33.622950819672134,1,0.026180327868852497,0.028000000000000025
vehicle_003_session_01217,vehicle_003,1217,train,119.84001332582584,52.4,341.1,342.1,345.5,349.9,-70.1393542622951,37.049180327868854,2,0.04001639344262294,0.04200000000000026
vehicle_003_session_01218,vehicle_003,1218,train,117.98809811507938,32.0,331.1,331.4,332.8,334.7,-69.96885540983607,34.032786885245905,2,0.027540983606557424,0.03000000000000025
vehicle_003_session_01219,vehicle_003,1219,train,119.02289182316117,60.0,347.7,348.5,351.8,355.7,-69.93442655737705,37.032786885245905,1,0.03937704918032785,0.04100000000000037
vehicle_003_session_01220,vehicle_003,1220,train,120.54658860153256,71.6,356.1,356.8,359.7,363.3,-60.011476557377044,37.0,0,0.035819672131147555,0.038000000000000256
vehicle_003_session_01221,vehicle_003,1221,train,116.43057490079366,38.0,332.8,333.0,334.4,336.4,-60.19345262295082,38.57377049180328,1,0.02713114754098361,0.029999999999999805
vehicle_003_session_01222,vehicle_003,1222,train,119.1446957175926,66.0,351.9,352.5,355.3,358.6,-60.19837065573771,41.0,0,0.036737704918032826,0.038000000000000256
vehicle_003_session_01223,vehicle_003,1223,train,119.49759448653201,41.6,332.7,333.9,336.4,339.7,-70.1180419672131,38.9344262295082,1,0.031836065573770465,0.03600000000000003
vehicle_003_session_01224,vehicle_003,1224,train,120.24022757285977,68.4,354.4,355.2,358.5,362.5,-70.11312360655738,41.0,0,0.040114754098360614,0.041999999999999815
vehicle_003_session_01225,vehicle_003,1225,train,120.01480510018216,68.8,354.3,355.0,358.3,362.4,-69.91967475409837,42.0,0,0.039770491803278685,0.041999999999999815
vehicle_003_session_01226,vehicle_003,1226,train,118.77250975975976,31.2,330.8,331.1,332.4,334.2,-69.91146655737704,37.24590163934426,1,0.027508196721311502,0.03000000000000025
vehicle_003_session_01227,vehicle_003,1227,train,120.24352587519026,61.2,347.8,348.6,351.9,355.8,-69.9540937704918,40.9344262295082,1,0.0397049180327869,0.04100000000000037
vehicle_003_session_01228,vehicle_003,1228,train,119.74387303743964,55.2,342.1,343.0,346.9,351.1,-69.54426672131147,34.950819672131146,1,0.03944262295081964,0.041999999999999815
vehicle_003_session_01229,vehicle_003,1229,train,118.28944087009803,28.4,330.2,330.5,331.4,332.5,-59.70328901639345,33.14754098360656,1,0.02331147540983609,0.0259999999999998
vehicle_003_session_01230,vehicle_003,1230,train,119.21388926866324,56.0,343.0,343.8,347.1,350.5,-59.708207540983615,36.442622950819676,1,0.03747540983606555,0.039000000000000146
vehicle_003_session_01231,vehicle_003,1231,train,115.72526035115305,10.0,321.0,321.6,323.3,325.0,-46.455747213114755,34.0,0,0.01991803278688525,0.02100000000000035
vehicle_003_session_01232,vehicle_003,1232,train,118.87049921085858,24.8,327.8,328.9,330.3,331.9,-69.72788196721311,35.98360655737705,2,0.026032786885245882,0.027000000000000135
vehicle_003_session_01233,vehicle_003,1233,train,116.70983343855224,51.2,339.6,340.2,343.3,347.8,-69.7623113114754,39.50819672131148,1,0.03962295081967213,0.04200000000000026
vehicle_003_session_01234,vehicle_003,1234,train,119.39660498366013,14.4,326.1,326.6,328.3,329.9,-75.07049885245904,39.0,0,0.02878688524590166,0.03100000000000014
vehicle_003_session_01235,vehicle_003,1235,train,120.36782944915252,51.6,338.3,338.9,341.4,345.3,-60.159020163934436,31.524590163934427,1,0.034868852459016414,0.039000000000000146
vehicle_003_session_01236,vehicle_003,1236,train,121.26442413522011,75.6,358.6,359.3,362.2,366.0,-60.17377655737705,33.0,0,0.03755737704918032,0.040000000000000036
vehicle_003_session_01237,vehicle_003,1237,train,120.12380907809987,54.0,339.6,340.5,344.6,349.3,-69.87705131147541,31.59016393442623,1,0.03927868852459017,0.04200000000000026
vehicle_003_session_01238,vehicle_003,1238,train,120.81707747395834,56.4,341.3,342.1,345.3,349.3,-60.18689524590164,34.67213114754098,1,0.03708196721311475,0.039000000000000146
vehicle_003_session_01239,vehicle_003,1239,train,120.52084691220236,69.6,354.1,354.9,358.2,362.4,-70.09181180327869,35.0,0,0.03977049180327874,0.041999999999999815
vehicle_003_session_01240,vehicle_003,1240,train,118.92114518849208,17.2,323.9,325.3,328.0,329.9,-70.12132081967215,35.0,0,0.027836065573770483,0.03000000000000025
vehicle_003_session_01241,vehicle_003,1241,train,117.36520751633988,45.2,335.8,336.3,338.3,341.8,-70.0819744262295,37.59016393442623,1,0.034229508196721256,0.039000000000000146
vehicle_003_session_01242,vehicle_003,1242,train,120.33827861783155,72.8,356.3,357.2,360.3,364.6,-70.06721918032787,40.0,0,0.040999999999999995,0.043999999999999595
vehicle_003_session_01243,vehicle_003,1243,train,120.80302421543684,45.2,332.5,333.8,336.05,338.9,-59.91711097368422,36.8421052631579,1,0.02877632236842104,0.03299999999999992
vehicle_003_session_01244,vehicle_003,1244,train,120.15129082341268,24.0,328.8,329.1,330.2,331.4,-70.01147639344262,36.0,0,0.026131147540983626,0.027000000000000135
vehicle_003_session_01245,vehicle_003,1245,train,117.83459595959597,52.4,339.3,339.9,342.8,347.4,-69.99180360655738,39.31147540983606,1,0.03919672131147542,0.04300000000000015
vehicle_003_session_01246,vehicle_003,1246,train,118.28196756944445,32.4,329.9,330.0,330.8,331.7,-46.11148360655738,32.40983606557377,1,0.0192295081967213,0.02100000000000035
vehicle_003_session_01247,vehicle_003,1247,train,119.20484779579814,34.4,327.8,330.6,332.4,334.2,-69.3533352,38.0,0,0.027280000000000002,0.03100000000000014
vehicle_003_session_01248,vehicle_003,1248,train,121.33202003321259,60.8,342.4,344.75,349.0,353.3,-69.88289776315789,34.0,0,0.03948684210526315,0.04300000000000015
vehicle_003_session_01249,vehicle_003,1249,train,119.17380358167271,24.0,326.9,328.1,329.7,331.1,-69.98266586666668,33.626666666666665,1,0.02612000000000001,0.028000000000000025
vehicle_003_session_01250,vehicle_003,1250,train,113.51908349867728,35.2,331.1,331.4,332.5,334.2,-60.547545737704915,31.098360655737704,1,0.024475409836065578,0.027000000000000135
vehicle_003_session_01251,vehicle_003,1251,train,115.93705898437499,42.8,334.7,335.0,336.9,339.9,-69.94917524590164,34.885245901639344,2,0.03239344262295081,0.03600000000000003
vehicle_003_session_01252,vehicle_003,1252,train,119.56445254629632,74.8,357.7,358.6,361.9,366.1,-69.9278662295082,37.98360655737705,1,0.04136065573770489,0.04300000000000015
vehicle_003_session_01253,vehicle_003,1253,train,116.72104591557019,41.6,332.5,333.0,334.9,337.5,-70.58033508196722,35.81967213114754,1,0.030377049180327874,0.03400000000000025
vehicle_003_session_01254,vehicle_003,1254,train,118.79312039032574,72.4,354.6,355.2,358.5,362.7,-70.57705655737705,38.540983606557376,1,0.04068852459016391,0.04300000000000015
vehicle_003_session_01255,vehicle_003,1255,train,116.85599855628656,3.2,315.6,317.15,320.25,323.0,-60.027634868421046,42.0,0,0.027986842105263185,0.02900000000000036
vehicle_003_session_01256,vehicle_003,1256,train,117.95712337315464,25.6,328.6,329.15,329.9,331.0,-60.02133573333334,41.36,1,0.023533333333333364,0.02499999999999991
vehicle_003_session_01257,vehicle_003,1257,train,116.5948933438552,32.0,328.6,329.5,330.8,332.2,-60.05467173333333,39.693333333333335,1,0.02352000000000002,0.0259999999999998
vehicle_003_session_01258,vehicle_003,1258,train,115.52794541355719,28.8,328.2,328.85,330.0,331.3,-60.10534200000001,38.77333333333333,1,0.02320000000000004,0.025000000000000355
vehicle_003_session_01259,vehicle_003,1259,train,116.94305243055554,13.2,321.7,322.2,323.8,325.5,-46.44917786885246,39.0,0,0.020540983606557393,0.02200000000000024
vehicle_003_session_01260,vehicle_003,1260,train,115.74911773405354,33.2,329.9,330.2,330.7,331.7,-46.94098688524592,40.131147540983605,1,0.01990163934426231,0.020999999999999908
vehicle_003_session_01261,vehicle_003,1261,train,117.99812061739914,17.2,322.8,324.29999999999995,327.15,329.2,-69.96973473684211,32.0,0,0.027605263157894695,0.029999999999999805
vehicle_003_session_01262,vehicle_003,1262,train,116.21721653706965,28.0,327.8,329.0,330.5,332.1,-69.86184618421053,31.710526315789473,1,0.025934210526315813,0.027000000000000135
vehicle_003_session_01263,vehicle_003,1263,train,116.90434624413145,22.8,326.4,327.5,329.4,330.8,-69.98032573770492,29.278688524590162,1,0.02668852459016395,0.03000000000000025
vehicle_003_session_01264,vehicle_003,1264,train,115.65875119047624,51.6,337.8,338.5,341.1,345.3,-69.8213237704918,32.83606557377049,2,0.03718032786885248,0.04300000000000015
vehicle_003_session_01265,vehicle_003,1265,train,115.20930449459881,40.8,331.3,332.4,334.4,337.1,-69.83443590163937,31.918032786885245,1,0.029262295081967222,0.03400000000000025
vehicle_003_session_01266,vehicle_003,1266,train,118.34841566022541,69.6,352.4,353.2,356.3,360.3,-69.89998999999999,34.90163934426229,1,0.03998360655737708,0.04200000000000026
vehicle_003_session_01267,vehicle_003,1267,train,116.42753995135178,44.4,333.19998,333.6,334.9,336.6,-48.67895405263158,33.98684210526316,1,0.02444737368421057,0.027000200000000252
vehicle_003_session_01268,vehicle_003,1268,train,117.31707578741653,20.8,324.6,326.05,328.6,330.2,-70.01052828947368,31.0,0,0.027460526315789463,0.029999999999999805
vehicle_003_session_01269,vehicle_003,1269,train,116.50847606962252,18.800001,323.9,324.95,327.4,329.1,-61.573690473684216,31.0,0,0.0250658,0.028000000000000025
vehicle_003_session_01270,vehicle_003,1270,train,117.7088848794143,46.0,332.5,333.3,335.4,338.0,-59.88947973684211,35.0,0,0.028105272368421034,0.03200000000000003
vehicle_003_session_01271,vehicle_003,1271,train,116.10210770833332,75.6,356.8,357.7,361.0,365.2,-69.74919524590163,34.09836065573771,1,0.04068852459016394,0.0420000000000007
vehicle_003_session_01272,vehicle_003,1272,train,115.16494284188035,11.2,321.1,322.4,324.9,327.5,-70.15082819672132,34.0,0,0.027639344262295043,0.02900000000000036
vehicle_003_session_01273,vehicle_003,1273,train,115.58072654991948,32.0,330.7,331.0,331.9,333.6,-70.03935098360657,35.0655737704918,2,0.027327868852459015,0.029999999999999805
vehicle_003_session_01274,vehicle_003,1274,train,117.77642925982386,59.6,343.0,343.8,347.4,351.6,-70.04426721311476,38.52459016393443,1,0.04116393442622948,0.04300000000000015
vehicle_003_session_01275,vehicle_003,1275,train,116.39018985849057,33.2,329.2,330.2,331.6,333.5,-69.95245426229509,36.90163934426229,1,0.027016393442622983,0.02900000000000036
vehicle_003_session_01276,vehicle_003,1276,train,116.87851977401125,54.8,339.3,339.9,343.2,347.7,-69.92130426229508,39.18032786885246,1,0.04006557377049181,0.04400000000000004
vehicle_003_session_01277,vehicle_003,1277,train,117.02833244434595,15.6,322.4,323.55,326.3,328.6,-69.81600666666667,40.0,0,0.028906666666666688,0.03100000000000014
vehicle_003_session_01278,vehicle_003,1278,train,115.64883165085818,22.0,325.2,326.7,329.1,330.5,-69.89333546666667,32.946666666666665,1,0.027306666666666667,0.03200000000000003
vehicle_003_session_01279,vehicle_003,1279,train,117.43809973601599,39.2,330.7,331.7,333.6,336.0,-70.00933573333333,33.84,1,0.028813333333333347,0.03200000000000003
vehicle_003_session_01280,vehicle_003,1280,train,116.43255697230792,29.6,328.3,329.29999999999995,330.7,332.2,-69.84800613333333,37.88,1,0.02649333333333336,0.028999999999999915
vehicle_003_session_01281,vehicle_003,1281,train,115.70591255511468,29.2,328.3,329.29999999999995,330.8,332.4,-69.9026692,35.96,1,0.02626666666666669,0.028999999999999915
vehicle_003_session_01282,vehicle_003,1282,train,116.05256331699347,62.0,345.2,346.1,349.6,353.6,-69.85737983606558,38.31147540983606,1,0.04091803278688526,0.04400000000000004
vehicle_003_session_01283,vehicle_003,1283,train,117.38273591457022,12.0,321.1,322.4,324.9,327.5,-69.99508459016394,41.0,0,0.028393442622950793,0.029999999999999805
vehicle_003_session_01284,vehicle_003,1284,train,116.49217183048435,33.6,331.0,331.3,332.2,333.9,-69.96557868852457,41.90163934426229,1,0.02798360655737705,0.030999999999999694
vehicle_003_session_01285,vehicle_003,1285,train,117.06034658305693,16.4,322.7,323.9,326.7,328.9,-69.8400032,37.76,1,0.028599999999999983,0.03100000000000014
vehicle_003_session_01286,vehicle_003,1286,train,116.99725365044247,47.6,333.3,334.6,337.4,341.0,-71.09474328947367,41.28947368421053,2,0.034118421052631555,0.039000000000000146
vehicle_003_session_01287,vehicle_003,1287,train,117.98673325258397,44.8,332.5,333.3,335.575,338.6,-69.94000026666669,42.0,0,0.031773333333333285,0.03600000000000003
vehicle_003_session_01288,vehicle_003,1288,train,116.48973092436674,20.4,324.1,325.25,327.6,329.2,-59.94999947368421,38.75,1,0.02611842105263158,0.028999999999999915
vehicle_003_session_01289,vehicle_003,1289,train,118.33473680555555,21.2,327.1,327.5,329.1,330.3,-69.82460213114754,41.0,0,0.02747540983606562,0.03000000000000025
vehicle_003_session_01290,vehicle_003,1290,train,116.40658457809229,41.6,333.3,333.6,335.2,337.5,-69.8409913114754,42.73770491803279,1,0.03154098360655736,0.0349999999999997
vehicle_003_session_01291,vehicle_003,1291,train,114.97033352272727,38.4,330.3,331.3,333.3,335.5,-70.03934721311475,40.18032786885246,1,0.02896721311475414,0.03200000000000003
vehicle_003_session_01292,vehicle_003,1292,train,116.45980658255088,60.4,343.5,344.6,348.2,352.4,-70.04426573770492,42.57377049180328,1,0.04154098360655738,0.04499999999999993
vehicle_003_session_01293,vehicle_003,1293,train,118.61394472905285,22.4,327.1,327.7,329.2,330.7,-69.92458262295081,38.16393442622951,1,0.027557377049180345,0.03100000000000014
vehicle_003_session_01294,vehicle_003,1294,train,115.15177311507935,47.2,335.7,336.0,338.2,341.4,-69.91966409836066,41.08196721311475,2,0.0346065573770491,0.039000000000000146
vehicle_003_session_01295,vehicle_003,1295,train,119.33818937500003,75.2,356.1,357.1,360.3,364.4,-69.95245426229508,43.557377049180324,1,0.0421967213114754,0.04400000000000048
vehicle_003_session_01296,vehicle_003,1296,train,114.52060380116956,36.8,331.9,332.2,333.5,335.5,-69.61804081967213,34.22950819672131,1,0.02878688524590165,0.03200000000000003
vehicle_003_session_01297,vehicle_003,1297,train,115.17930896464651,59.6,343.5,344.3,348.0,352.2,-69.62787836065576,37.0,2,0.04147540983606556,0.04400000000000004
vehicle_003_session_01298,vehicle_003,1298,train,117.55763131944445,54.0,339.1,339.7,342.7,347.1,-69.95573327868853,38.14754098360656,2,0.039901639344262316,0.04400000000000004
vehicle_003_session_01299,vehicle_003,1299,train,118.92846618055557,74.4,355.5,356.3,359.6,363.6,-69.95737278688524,39.459016393442624,1,0.04227868852459017,0.04400000000000048
vehicle_003_session_01300,vehicle_003,1300,train,115.52571292002692,71.2,351.9,353.55,357.15,361.1,-69.8866724,38.0,0,0.039813333333333326,0.04200000000000026
vehicle_003_session_01301,vehicle_003,1301,train,116.68081061580884,16.4,323.2,324.4,327.2,329.2,-70.18267693333334,33.373333333333335,1,0.02835999999999998,0.03000000000000025
vehicle_003_session_01302,vehicle_003,1302,train,114.36396376811597,50.4,336.4,336.8,338.9,342.4,-59.81149196721313,36.08196721311475,1,0.032868852459016364,0.038000000000000256
vehicle_003_session_01303,vehicle_003,1303,train,115.96123414351852,14.0,321.7,323.0,325.7,328.3,-70.07869360655737,40.0,0,0.028639344262295037,0.029999999999999805
vehicle_003_session_01304,vehicle_003,1304,train,115.21062440606723,38.0,332.2,332.5,333.8,335.8,-70.04918360655738,41.50819672131148,1,0.02952459016393443,0.03299999999999992
vehicle_003_session_01305,vehicle_003,1305,train,118.26621307870373,68.4,350.5,351.3,354.6,358.2,-69.11639754098361,44.131147540983605,1,0.041016393442622985,0.04200000000000026
vehicle_003_session_01306,vehicle_003,1306,train,115.29692909621579,35.6,329.9,330.8,332.5,334.6,-70.24755639344262,38.557377049180324,1,0.028278688524590166,0.03100000000000014
vehicle_003_session_01307,vehicle_003,1307,train,116.72807995039683,63.2,346.6,347.4,351.0,354.9,-70.32296393442624,41.967213114754095,1,0.04142622950819672,0.04300000000000015
vehicle_003_session_01308,vehicle_003,1308,train,116.1292955191799,17.2,322.7,324.1,327.0,329.1,-69.67067666666667,40.0,0,0.02865333333333333,0.03000000000000025
vehicle_003_session_01309,vehicle_003,1309,train,118.07521475366877,26.8,328.8,329.1,330.3,331.7,-69.85574098360657,40.50819672131148,1,0.027229508196721333,0.02900000000000036
vehicle_003_session_01310,vehicle_003,1310,train,115.68510002670939,48.4,335.8,336.3,338.5,341.9,-69.86557409836067,42.80327868852459,1,0.03540983606557374,0.040000000000000036
vehicle_003_session_01311,vehicle_003,1311,train,115.31372590917108,30.4,328.3,329.1,330.3,331.69998,-60.02369113421054,37.55263157894737,1,0.023657898684210525,0.02500010000000019
vehicle_003_session_01312,vehicle_003,1312,train,117.04114130755065,20.4,324.19998,325.4,328.0,329.9,-69.89604934210529,40.0,0,0.028947373684210513,0.03200000000000003
vehicle_003_session_01313,vehicle_003,1313,train,116.49692995113172,40.8,330.7,331.9,333.9,336.4,-69.63816789473685,34.526315789473685,1,0.02900000000000001,0.03299999999999992
vehicle_003_session_01314,vehicle_003,1314,train,117.68100047493614,62.8,343.5,345.375,349.6375,353.8,-70.03467013333332,38.68,1,0.04102666666666668,0.04600000000000026
vehicle_003_session_01315,vehicle_003,1315,train,115.35212748169681,17.6,322.7,324.29999999999995,327.15,329.2,-70.04868828947367,39.0,0,0.028144736842105233,0.030999999999999694
vehicle_003_session_01316,vehicle_003,1316,train,117.80388492753627,51.6,335.8,336.85,340.1,344.7,-69.666676,33.78666666666667,1,0.03709333333333335,0.04300000000000015
vehicle_003_session_01317,vehicle_003,1317,train,116.12534204234969,36.8,330.5,330.8,332.1,333.8,-59.998360491803275,38.0,0,0.024721311475409874,0.028000000000000025
vehicle_003_session_01318,vehicle_003,1318,train,116.80450452441077,61.6,343.9,344.7,348.0,351.6,-59.99180245901639,40.40983606557377,1,0.038557377049180316,0.04100000000000037
vehicle_003_session_01319,vehicle_003,1319,train,116.75053402383207,50.8,334.7,336.1,339.3,343.6,-70.16400999999999,36.74666666666667,1,0.03637333333333331,0.04300000000000015
vehicle_003_session_01320,vehicle_003,1320,train,116.93640139204544,22.4,325.3,326.6,328.85,330.3,-70.03026568421052,37.0,0,0.028263159210526346,0.03200010000000031
vehicle_003_session_01321,vehicle_003,1321,train,116.19979597290305,23.6,326.1,327.45,329.6,330.8,-69.89200306666667,35.76,1,0.027986666666666687,0.03200000000000003
vehicle_003_session_01322,vehicle_003,1322,train,116.1580535622428,15.6,323.3,324.2,326.7,328.9,-70.04262721311476,36.704918032786885,1,0.028327868852459005,0.03000000000000025
vehicle_003_session_01323,vehicle_003,1323,train,115.0765057017544,54.0,339.3,339.9,342.88,347.4,-69.96612564516128,40.225806451612904,2,0.04012903225806455,0.04499999999999993
vehicle_003_session_01324,vehicle_003,1324,train,115.76530263728327,23.6,326.3,327.6,329.6,331.0,-70.14267533333334,33.10666666666667,1,0.027640000000000022,0.03200000000000003
vehicle_003_session_01325,vehicle_003,1325,train,117.19827078442877,23.2,327.1,327.7,329.4,330.8,-70.04262721311476,36.16393442622951,1,0.027327868852459063,0.03000000000000025
vehicle_003_session_01326,vehicle_003,1326,train,115.06262089646462,52.0,338.0,338.6,341.3,345.7,-70.09345196721311,39.52459016393443,1,0.038770491803278725,0.04400000000000004
vehicle_003_session_01327,vehicle_003,1327,train,116.73412773809524,36.0,330.19998,331.05,332.59999,334.9,-70.08289926315788,33.36842105263158,1,0.027934202631578958,0.03100000000000014
vehicle_003_session_01328,vehicle_003,1328,train,116.79617622505869,37.6,330.0,331.05,332.8,334.9,-70.08533906666666,33.70666666666666,1,0.027946666666666703,0.030999999999999694
vehicle_003_session_01329,vehicle_003,1329,train,115.11985486410443,29.6,328.8,329.5,331.0,332.7,-70.01184394736842,31.776315789473685,1,0.02623684210526319,0.028000000000000025
vehicle_003_session_01330,vehicle_003,1330,train,116.80884645467836,26.0,327.5,328.5,329.95,331.4,-70.00266693333333,33.266666666666666,1,0.02668000000000001,0.029999999999999805
vehicle_003_session_01331,vehicle_003,1331,train,116.59725754577903,19.6,323.9,325.4,328.25,329.9,-70.07200693333333,35.666666666666664,1,0.028053333333333333,0.03000000000000025
vehicle_003_session_01332,vehicle_003,1332,train,116.86962601190478,11.6,319.9,320.9,322.9,324.7,-47.092108684210515,35.0,0,0.02077631578947367,0.02300000000000013
vehicle_003_session_01333,vehicle_003,1333,train,116.12895992867868,24.8,328.9,329.2,330.3,331.6,-70.70328901639343,35.47540983606557,1,0.02698360655737706,0.02900000000000036
vehicle_003_session_01334,vehicle_003,1334,train,116.7202004493464,54.4,339.7,340.5,343.5,348.0,-70.7082075409836,38.75409836065574,1,0.04136065573770495,0.04600000000000026
vehicle_003_session_01335,vehicle_003,1335,train,116.65786502645503,50.8,334.7,336.20000000000005,339.35,343.8,-70.23334333333334,36.85333333333333,1,0.03657333333333336,0.04300000000000015
vehicle_003_session_01336,vehicle_003,1336,train,117.34017165361675,38.0,330.3,331.3,333.2,335.3,-69.8226752,32.49333333333333,1,0.028213333333333347,0.03100000000000014
vehicle_003_session_01337,vehicle_003,1337,train,116.210365872062,21.6,325.2,326.5,328.9,330.5,-69.89605802631579,36.68421052631579,1,0.028381578947368435,0.03100000000000014
vehicle_003_session_01338,vehicle_003,1338,train,116.7778339099702,54.0,338.5,339.1,342.1,346.8,-70.94097770491803,40.377049180327866,1,0.04039344262295085,0.04500000000000037
vehicle_003_session_01339,vehicle_003,1339,train,121.16052230235046,76.8,357.2,357.8,361.1,365.5,-70.99508147540983,42.0,0,0.04308196721311474,0.04499999999999993
vehicle_003_session_01340,vehicle_003,1340,train,116.49252824866818,26.0,327.2,328.4,329.9,331.4,-69.96052236842105,38.30263157894737,1,0.026973684210526344,0.03000000000000025
vehicle_003_session_01341,vehicle_003,1341,train,116.71304954220984,26.0,327.4,328.5,329.95,331.4,-69.92666786666668,33.25333333333333,1,0.02656000000000006,0.02900000000000036
vehicle_003_session_01342,vehicle_003,1342,train,115.83562435357567,51.2,335.3,336.70000000000005,340.1,344.6,-69.96933413333333,36.57333333333333,1,0.03762666666666665,0.04400000000000004
vehicle_003_session_01343,vehicle_003,1343,train,116.91053578070178,21.6,325.19998,326.5,328.9,330.5,-70.18685205263155,33.0,0,0.028184231578947373,0.031000200000000255
vehicle_003_session_01344,vehicle_003,1344,train,116.03553217299581,38.0,332.4,332.7,334.1,336.1,-70.20984704918033,37.32786885245902,1,0.03004918032786887,0.03400000000000025
vehicle_003_session_01345,vehicle_003,1345,train,117.49361517094017,70.0,352.4,353.3,356.4,360.5,-70.24427672131148,40.885245901639344,1,0.042229508196721305,0.04499999999999993
vehicle_003_session_01346,vehicle_003,1346,train,117.04545475694442,12.8,321.0,322.45,325.2,327.7,-70.01200146666666,41.49333333333333,0,0.028733333333333288,0.030999999999999694
vehicle_003_session_01347,vehicle_003,1347,train,117.93855168494153,12.8,320.8,322.4,324.95,327.7,-69.84267373333333,40.0,0,0.02869333333333331,0.03100000000000014
vehicle_003_session_01348,vehicle_003,1348,train,115.74147594057665,43.6,332.2,333.1,335.3,338.3,-69.92000306666668,37.89333333333333,1,0.031373333333333316,0.03599999999999959
vehicle_003_session_01349,vehicle_003,1349,train,115.47121604797981,35.6,329.9,330.9,332.5,334.4,-70.02000226666665,36.61333333333334,1,0.028146666666666688,0.03100000000000014
vehicle_003_session_01350,vehicle_003,1350,train,115.0694644485904,41.6,331.3,332.4,334.4,337.1,-70.68853606557376,37.98360655737705,2,0.03062295081967216,0.03400000000000025
vehicle_003_session_01351,vehicle_003,1351,train,118.06829098200319,68.4,350.7,351.4,354.7,358.8,-70.73935852459016,40.47540983606557,1,0.041918032786885266,0.04300000000000015
vehicle_003_session_01352,vehicle_003,1352,train,115.80395285790597,30.8,330.0,330.3,331.4,333.2,-70.49836049180328,36.0,0,0.027180327868852466,0.02900000000000036
vehicle_003_session_01353,vehicle_003,1353,train,117.89773087121212,72.0,353.9,354.7,358.0,362.1,-70.5065580327869,40.0,0,0.042573770491803276,0.04499999999999993
vehicle_003_session_01354,vehicle_003,1354,train,115.90763576388888,44.4,329.9,330.25,330.8,331.4,-15.218671066666673,38.0,0,0.012306666666666662,0.014000000000000234
vehicle_003_session_01355,vehicle_003,1355,train,116.56832498498501,66.0,346.9,348.55,352.29999,356.4,-70.07895197368421,37.63157894736842,1,0.040513153947368395,0.04300000000000015
vehicle_003_session_01356,vehicle_003,1356,train,115.7429400550315,6.0,318.0,319.4,322.7,325.3,-70.60656360655737,37.73770491803279,1,0.030032786885245934,0.03200000000000003
vehicle_003_session_01357,vehicle_003,1357,train,115.4932028677984,27.2,329.6,329.9,330.8,332.1,-70.7164050819672,38.0,0,0.02677049180327872,0.02900000000000036
vehicle_003_session_01358,vehicle_003,1358,train,119.68499829545458,49.2,336.1,336.4,338.6,341.9,-70.7164050819672,40.32786885245902,1,0.03555737704918031,0.039000000000000146
vehicle_003_session_01359,vehicle_003,1359,train,118.62815039488027,71.2,352.7,353.5,356.8,360.8,-70.80657540983607,42.50819672131148,1,0.04229508196721309,0.04400000000000004
vehicle_003_session_01360,vehicle_003,1360,train,117.93309747474747,56.8,337.8,339.4,343.3,347.7,-60.94262950819673,42.09836065573771,1,0.03877049180327872,0.04200000000000026
vehicle_003_session_01361,vehicle_003,1361,train,114.63889537037039,35.2,329.6,330.0,331.3,332.8,-60.0065593442623,35.0,0,0.02419672131147546,0.027000000000000135
vehicle_003_session_01362,vehicle_003,1362,train,117.16491313932981,59.6,341.8,342.4,345.7,349.6,-60.047545737704915,37.26229508196721,1,0.03934426229508196,0.04100000000000037
vehicle_003_session_01363,vehicle_003,1363,train,115.43634573206016,21.2,324.6,325.9,328.55,330.2,-70.00263342105264,36.0,0,0.028855263157894745,0.03200000000000003
vehicle_003_session_01364,vehicle_003,1364,train,115.20843956823674,41.2,331.1,332.15,334.2,336.8,-70.00921381578947,36.78947368421053,1,0.030092105263157892,0.03399999999999981
vehicle_003_session_01365,vehicle_003,1365,train,116.75609611280488,25.2,326.3,327.75,329.6,331.1,-69.89867986842104,37.31578947368421,1,0.027539473684210527,0.03100000000000014
vehicle_003_session_01366,vehicle_003,1366,train,115.72964390953453,39.6,332.7,333.0,334.4,336.8,-70.08689081967215,41.0655737704918,2,0.030721311475409824,0.03399999999999981
vehicle_003_session_01367,vehicle_003,1367,train,115.70819351175996,17.2,322.8,323.9,326.5,328.6,-61.922376447368414,33.0,0,0.02636842105263153,0.028000000000000025
vehicle_003_session_01368,vehicle_003,1368,train,116.01674914314516,17.2,323.0,324.15,327.1,329.2,-69.90400213333334,38.0,0,0.029306666666666648,0.03100000000000014
vehicle_003_session_01369,vehicle_003,1369,train,117.91621479808931,28.4,327.8,329.1,330.6,332.1,-69.89467266666668,33.306666666666665,1,0.02649333333333337,0.028000000000000025
vehicle_003_session_01370,vehicle_003,1370,train,115.43306236185784,37.6,330.3,331.20000000000005,333.0,335.2,-69.993425,39.9078947368421,2,0.02907894736842111,0.03299999999999992
vehicle_003_session_01371,vehicle_003,1371,train,115.8496895597128,19.2,323.3,324.5,326.975,328.9,-61.10133973333332,38.0,0,0.026826666666666645,0.028000000000000025
vehicle_003_session_01372,vehicle_003,1372,train,116.74502616337344,49.6,333.9,335.25,338.25,342.2,-69.98552723684212,39.776315789473685,1,0.035631578947368396,0.041999999999999815
vehicle_003_session_01373,vehicle_003,1373,train,115.20414141414145,50.4,336.8,337.4,339.9,343.9,-70.1721413114754,39.295081967213115,1,0.03760655737704919,0.04400000000000004
vehicle_003_session_01374,vehicle_003,1374,train,119.37368563034188,76.8,357.7,358.5,361.8,366.1,-70.204928852459,41.40983606557377,1,0.043262295081967196,0.04500000000000082
vehicle_003_session_01375,vehicle_003,1375,train,114.92089395491804,24.8,327.8,328.3,329.4,330.5,-60.07377688524591,37.0,0,0.024131147540983614,0.02699999999999969
vehicle_003_session_01376,vehicle_003,1376,train,115.43693640046297,49.2,336.1,336.6,338.5,341.4,-60.077056557377055,39.0,0,0.03295081967213112,0.037000000000000366
vehicle_003_session_01377,vehicle_003,1377,train,118.52706816520462,73.6,354.7,355.3,358.0,361.6,-60.10164885245903,41.0,0,0.03988524590163931,0.04200000000000026
vehicle_003_session_01378,vehicle_003,1378,train,116.35034689153441,32.4,330.5,330.7,331.6,332.8,-59.29674098360658,36.950819672131146,1,0.024311475409836105,0.026000000000000245
vehicle_003_session_01379,vehicle_003,1379,train,115.82336364171378,57.6,341.4,342.1,345.2,348.9,-59.27378786885247,40.0655737704918,1,0.039885245901639346,0.04200000000000026
vehicle_003_session_01380,vehicle_003,1380,train,120.33698947368417,65.6,347.1,348.0,351.0,354.7,-63.96885245901639,46.0,0,0.040934426229508186,0.04300000000000015
vehicle_003_session_01381,vehicle_003,1381,train,116.7371696586512,17.2,323.0,324.4,327.2,329.4,-70.00263565789474,35.96052631578947,1,0.028684210526315784,0.03100000000000014
vehicle_003_session_01382,vehicle_003,1382,train,115.14476223290596,27.6,327.8,328.8,330.2,331.9,-70.02295295081967,35.950819672131146,2,0.026819672131147557,0.02900000000000036
vehicle_003_session_01383,vehicle_003,1383,train,114.37485991876314,53.6,338.8,339.4,342.2,346.8,-69.949995,39.096774193548384,2,0.04064516129032263,0.04600000000000026
vehicle_003_session_01384,vehicle_003,1384,train,116.11968983839168,23.2,325.7,327.1,329.2,330.8,-70.08000600000001,35.026666666666664,1,0.028840000000000022,0.03299999999999992
vehicle_003_session_01385,vehicle_003,1385,train,117.2036315277778,48.0,333.5,334.75,337.5,341.3,-70.08421518421054,31.69736842105263,1,0.03407893026315787,0.03900009999999998
vehicle_003_session_01386,vehicle_003,1386,train,113.944968215812,61.2,344.4,345.3,349.1,353.3,-69.92130360655737,39.78688524590164,1,0.04293442622950819,0.04500000000000037
vehicle_003_session_01387,vehicle_003,1387,train,113.66416529088053,51.6,337.4,337.8,340.5,344.7,-69.40818885245902,40.42622950819672,1,0.03875409836065578,0.04500000000000037
vehicle_003_session_01388,vehicle_003,1388,train,114.59986275531045,29.6,328.9,329.79999999999995,331.1,332.7,-70.06800480000001,33.53333333333333,1,0.026733333333333355,0.029999999999999805
vehicle_003_session_01389,vehicle_003,1389,train,114.08095037798876,60.0,343.3,344.3,348.0,352.2,-69.37376836065575,39.9344262295082,1,0.04242622950819672,0.04500000000000037
vehicle_003_session_01390,vehicle_003,1390,train,116.03008775252526,71.2,353.0,353.9,357.1,361.1,-69.87540721311476,38.0,0,0.041557377049180326,0.04300000000000015
vehicle_003_session_01391,vehicle_003,1391,train,113.02716429790492,16.4,322.7,324.0,326.79999999999995,329.1,-69.90667013333334,40.0,0,0.02922666666666665,0.03100000000000014
vehicle_003_session_01392,vehicle_003,1392,train,114.29985776201738,41.2,330.69998,331.4,332.9,334.6,-48.528953394736845,37.93421052631579,1,0.023157903947368386,0.026000099999999637
vehicle_003_session_01393,vehicle_003,1393,train,113.96475707304526,11.6,320.5,321.3,323.5,325.7,-59.86557409836065,40.0,0,0.02632786885245898,0.028999999999999915
vehicle_003_session_01394,vehicle_003,1394,train,115.60966390931374,33.2,330.0,330.2,331.1,332.2,-59.890156885245894,40.0,0,0.02421311475409839,0.026000000000000245
vehicle_003_session_01395,vehicle_003,1395,train,119.4668301971326,60.4,341.1,341.8,344.6,348.5,-59.90162950819671,43.01639344262295,1,0.04011475409836068,0.04300000000000015
vehicle_003_session_01396,vehicle_003,1396,train,115.10641250840055,47.6,333.5,334.6,337.2,340.8,-69.95866946666666,35.45333333333333,1,0.033919999999999985,0.039000000000000146
vehicle_003_session_01397,vehicle_003,1397,train,116.34252719907408,20.8,324.2,325.6333333333333,328.375,330.2,-69.95866973333332,34.92,1,0.028426666666666652,0.03100000000000014
vehicle_003_session_01398,vehicle_003,1398,train,113.21713300925926,33.6,330.5,330.8,332.1,334.1,-69.88197180327867,39.0,0,0.02811475409836071,0.03100000000000014
vehicle_003_session_01399,vehicle_003,1399,train,115.99185784017716,63.6,346.9,347.7,351.1,355.3,-69.84590786885248,41.885245901639344,1,0.042606557377049166,0.04400000000000004
vehicle_003_session_01400,vehicle_003,1400,train,114.61892119101402,28.8,328.3,329.29999999999995,330.8,332.4,-70.13290381578946,35.60526315789474,1,0.02694736842105265,0.02900000000000036
vehicle_003_session_01401,vehicle_003,1401,train,115.04804399733638,43.2,333.3,333.6,335.5,338.5,-69.95082,40.14754098360656,1,0.032475409836065554,0.03600000000000003
vehicle_003_session_01402,vehicle_003,1402,train,114.1199306445869,32.8,330.2,330.5,331.6,333.5,-70.0934493442623,38.75409836065574,1,0.027836065573770514,0.03000000000000025
vehicle_003_session_01403,vehicle_003,1403,train,115.1554498397436,64.0,346.4,347.5,351.0,355.0,-70.00164081967213,42.16393442622951,1,0.043163934426229525,0.04600000000000026
vehicle_003_session_01404,vehicle_003,1404,train,114.8888253505291,24.4,325.8,327.45,329.5,331.0,-69.87237013157896,38.94736842105263,1,0.028631578947368452,0.03299999999999992
vehicle_003_session_01405,vehicle_003,1405,train,114.22135342171718,66.8,349.3,350.2,353.5,357.4,-70.61148442622951,42.622950819672134,1,0.042606557377049194,0.04400000000000004
vehicle_003_session_01406,vehicle_003,1406,train,112.65102997004358,40.4,332.1,332.4,333.8,335.8,-59.82460147540984,35.0655737704918,1,0.027065573770491822,0.03000000000000025
vehicle_003_session_01407,vehicle_003,1407,train,114.61464982943473,19.6,326.1,326.7,328.72,330.2,-69.99836409836065,33.0,0,0.027475409836065598,0.03000000000000025
vehicle_003_session_01408,vehicle_003,1408,train,115.47907080314005,42.8,333.8,334.2,336.0,338.5,-69.95246147540983,35.39344262295082,1,0.031918032786885216,0.03600000000000003
vehicle_003_session_01409,vehicle_003,1409,train,119.18803819444446,70.8,352.7,353.5,356.6,360.7,-69.94918213114755,38.0,0,0.04227868852459016,0.04400000000000004
vehicle_003_session_01410,vehicle_003,1410,train,115.07126589912282,46.4,334.7,335.2,337.4,340.7,-69.98196540983608,37.40983606557377,1,0.03419672131147537,0.038000000000000256
vehicle_003_session_01411,vehicle_003,1411,train,118.87050544662311,77.2,357.8,358.6,362.1,366.3,-69.9377,39.83606557377049,1,0.043573770491803256,0.04600000000000026
vehicle_003_session_01412,vehicle_003,1412,train,115.05131037520731,62.8,343.5,345.2,348.9,352.5,-59.34590786885247,36.83606557377049,1,0.039196721311475384,0.04400000000000004
vehicle_003_session_01413,vehicle_003,1413,train,115.98634143093783,10.4,320.2,321.9,324.79999999999995,327.4,-70.15658815789475,32.73684210526316,1,0.028749999999999977,0.03100000000000014
vehicle_003_session_01414,vehicle_003,1414,train,116.3356354576518,63.600002,345.69998,347.45,351.5,355.69998,-70.06184578947368,30.763157894736842,1,0.04128947105263157,0.04600000000000026
vehicle_003_session_01415,vehicle_003,1415,train,115.43708973311551,67.2,349.9,350.7,354.1,358.2,-69.46557032786885,31.0,0,0.04131147540983609,0.042999999999999705
vehicle_003_session_01416,vehicle_003,1416,train,115.08267789033883,25.2,326.9,327.75,329.29999999999995,330.5,-61.140793947368415,33.0,0,0.024039473684210538,0.027000000000000135
vehicle_003_session_01417,vehicle_003,1417,train,111.88024606918239,49.2,336.8,337.2,339.6,343.3,-69.9836093442623,37.14754098360656,2,0.03718032786885245,0.04300000000000015
vehicle_003_session_01418,vehicle_003,1418,train,115.37282169834307,72.4,354.3,355.2,358.3,362.5,-70.06394081967214,34.0,0,0.041983606557377054,0.04400000000000004
vehicle_003_session_01419,vehicle_003,1419,train,115.1388923611111,64.4,345.3,346.8,350.3,353.9,-59.5,31.75409836065574,1,0.037622950819672145,0.04200000000000026
vehicle_003_session_01420,vehicle_003,1420,train,115.91641285403053,23.6,328.3,328.8,330.0,331.4,-69.20492852459017,28.0,0,0.026114754098360685,0.028000000000000025
vehicle_003_session_01421,vehicle_003,1421,train,112.29192477250959,44.0,334.7,335.2,337.1,339.7,-69.22624213114754,30.278688524590162,1,0.03262295081967209,0.03600000000000003
vehicle_003_session_01422,vehicle_003,1422,train,116.38066895424838,50.0,334.4,335.75,338.9,343.0,-70.02133706666667,28.346666666666668,1,0.03548,0.040999999999999925
vehicle_003_session_01423,vehicle_003,1423,train,113.75783206181532,22.8,328.6,329.1,330.2,331.4,-70.03442852459015,29.918032786885245,1,0.02606557377049184,0.028000000000000025
vehicle_003_session_01424,vehicle_003,1424,train,114.78054642984333,51.2,338.3,338.8,341.6,345.8,-70.06885836065575,33.24590163934426,2,0.039016393442622976,0.04400000000000004
vehicle_003_session_01425,vehicle_003,1425,train,115.91180562500003,74.8,356.6,357.4,360.5,364.9,-69.93770327868853,32.0,0,0.04231147540983607,0.04499999999999993
vehicle_003_session_01426,vehicle_003,1426,train,115.47159287037037,34.4,329.7,330.6,332.1375,334.1,-70.0746724,32.026666666666664,2,0.026493333333333327,0.029999999999999805
vehicle_003_session_01427,vehicle_003,1427,train,114.61035770318934,45.6,334.1,334.6,336.6,339.9,-70.20165147540983,35.75409836065574,1,0.03218032786885241,0.03600000000000003
vehicle_003_session_01428,vehicle_003,1428,train,114.47521424457997,32.4,329.9,330.8,332.4,334.2,-69.99733533333333,23.613333333333333,1,0.02628000000000001,0.028999999999999915
vehicle_003_session_01429,vehicle_003,1429,train,114.15199559294871,65.2,348.3,349.1,352.1,355.5,-60.19509213114754,27.0,0,0.035606557377049194,0.03699999999999992
vehicle_003_session_01430,vehicle_003,1430,train,112.48340837479273,52.0,337.8,338.3,340.7,344.4,-59.952454262295085,28.278688524590162,1,0.033016393442622964,0.03799999999999981
vehicle_003_session_01431,vehicle_003,1431,train,113.17509255464483,39.2,333.0,333.3,334.9,337.1,-70.00983704918032,28.983606557377048,2,0.029229508196721318,0.03299999999999992
vehicle_003_session_01432,vehicle_003,1432,train,115.2578478009259,63.6,347.4,348.3,351.8,355.7,-70.02623213114754,31.950819672131146,1,0.039409836065573745,0.040999999999999925
vehicle_003_session_01433,vehicle_003,1433,train,115.09600224673201,64.0,348.9,349.9,353.2,357.2,-69.85082311475409,30.098360655737704,1,0.03904918032786888,0.040000000000000036
vehicle_003_session_01434,vehicle_003,1434,train,115.41444481481481,23.2,325.8,326.5,328.0,329.1,-43.256589000000005,23.75,1,0.019302621052631596,0.022999999999999687
vehicle_003_session_01435,vehicle_003,1435,train,115.70506929976854,60.0,342.7,343.9,348.3,352.7,-70.08689311475409,30.40983606557377,1,0.039754098360655736,0.04200000000000026
vehicle_003_session_01436,vehicle_003,1436,train,115.52437748538019,64.8,345.8,347.85,351.9,356.1,-70.06711144736842,28.32894736842105,1,0.03851315789473685,0.04200000000000026
vehicle_003_session_01437,vehicle_003,1437,train,112.9134760159465,23.6,328.3,328.6,329.6,330.7,-59.73443967213115,32.77049180327869,1,0.022967213114754116,0.02499999999999991
vehicle_003_session_01438,vehicle_003,1438,train,112.86010275205764,45.2,334.7,335.0,336.6,339.1,-59.70656819672132,34.721311475409834,1,0.029278688524590136,0.03200000000000003
vehicle_003_session_01439,vehicle_003,1439,train,114.53526184228099,35.6,329.9,330.8,332.5,334.6,-69.9800024,32.54666666666667,1,0.027093333333333375,0.03000000000000025
vehicle_003_session_01440,vehicle_003,1440,train,115.04440118397086,35.6,331.1,331.4,332.4,333.9,-60.51639508196722,29.688524590163933,1,0.02460655737704921,0.027000000000000135
vehicle_003_session_01441,vehicle_003,1441,train,114.62489893728953,60.0,342.8,343.6,346.9,350.8,-60.50491852459017,32.81967213114754,1,0.038409836065573764,0.040000000000000036
vehicle_003_session_01442,vehicle_003,1442,train,115.11189615483543,58.0,341.1,341.9,344.9,349.1,-60.06066081967214,35.295081967213115,1,0.03755737704918036,0.04100000000000037
vehicle_003_session_01443,vehicle_003,1443,train,115.19299713730373,22.0,325.7,326.975,329.2,330.7,-69.92533533333332,30.666666666666668,1,0.02672000000000001,0.03000000000000025
vehicle_003_session_01444,vehicle_003,1444,train,112.9086626602564,51.2,337.2,337.8,340.2,343.6,-60.05410377049181,24.950819672131146,2,0.03214754098360654,0.03600000000000003
vehicle_003_session_01445,vehicle_003,1445,train,113.483813170078,39.6,332.5,332.8,334.2,336.1,-60.07541704918033,25.60655737704918,1,0.025590163934426237,0.028999999999999915
vehicle_003_session_01446,vehicle_003,1446,train,114.35792489316239,62.8,346.3,347.2,350.2,353.8,-60.119681967213126,28.737704918032787,1,0.03703278688524586,0.039000000000000146
vehicle_003_session_01447,vehicle_003,1447,train,115.75132437600647,60.0,343.6,344.7,348.5,352.8,-70.13771475409835,32.47540983606557,1,0.04014754098360654,0.04200000000000026
vehicle_003_session_01448,vehicle_003,1448,train,115.10306846788194,23.6,325.8,326.6,328.5,329.9,-59.927861639344265,33.868852459016395,1,0.024409836065573762,0.028000000000000025
vehicle_003_session_01449,vehicle_003,1449,train,113.91961145264118,49.6,335.8,336.1,338.0,341.0,-59.92950114754098,36.34426229508197,1,0.03090163934426225,0.0349999999999997
vehicle_003_session_01450,vehicle_003,1450,train,117.71929050925927,74.0,354.3,354.9,357.7,361.1,-59.9393381967213,38.0,0,0.03734426229508198,0.039000000000000146
vehicle_003_session_01451,vehicle_003,1451,train,114.03033976337446,46.8,334.4,334.9,336.8,339.7,-59.918027213114755,21.60655737704918,1,0.027901639344262274,0.03100000000000014
vehicle_003_session_01452,vehicle_003,1452,train,114.7672201003087,68.4,351.6,352.4,355.0,358.5,-59.92130491803279,24.0,0,0.035639344262295154,0.037000000000000366
vehicle_003_session_01453,vehicle_003,1453,train,114.42090536723164,28.0,328.0,328.9,330.3,331.7,-59.977046885245905,23.852459016393443,1,0.022114754098360688,0.02300000000000013
vehicle_003_session_01454,vehicle_003,1454,train,111.92246539351854,51.6,338.0,338.5,340.8,344.4,-60.06394081967213,27.081967213114755,2,0.03316393442622952,0.037000000000000366
vehicle_003_session_01455,vehicle_003,1455,train,116.78347702020204,75.6,356.9,357.7,360.3,363.9,-60.07377786885247,29.016393442622952,1,0.03719672131147542,0.03900000000000059
vehicle_003_session_01456,vehicle_003,1456,train,114.14152692442441,46.0,332.8,334.0,336.8,340.19998,-70.09868965789472,32.19736842105263,2,0.03161842499999998,0.03600000000000003
vehicle_003_session_01457,vehicle_003,1457,train,114.60579257870369,61.2,341.8,344.25,349.20000000000005,353.6,-69.91974144736842,29.355263157894736,1,0.04011842105263157,0.04499999999999993
vehicle_003_session_01458,vehicle_003,1458,train,116.78734480932206,74.0,354.9,355.7,358.5,362.1,-60.30002000000002,30.295081967213115,1,0.03634426229508193,0.03799999999999981
vehicle_003_session_01459,vehicle_003,1459,train,112.48464132739609,20.8,324.1,324.9,326.4,327.7,-35.85526763157895,25.842105263157894,1,0.017657894736842084,0.020000000000000018
vehicle_003_session_01460,vehicle_003,1460,train,114.21098237507762,26.0,327.5,328.85,330.4,331.9,-70.24134466666666,26.453333333333333,1,0.025359999999999983,0.028000000000000025
vehicle_003_session_01461,vehicle_003,1461,train,114.52191319444445,52.0,335.0,336.4,339.4,343.3,-60.53115065573771,29.934426229508198,1,0.03254098360655736,0.039000000000000146
vehicle_003_session_01462,vehicle_003,1462,train,113.82616904239765,8.8,319.7,320.8,323.9,326.4,-70.23607918032786,29.0,0,0.028295081967213077,0.029999999999999805
vehicle_003_session_01463,vehicle_003,1463,train,113.01044004629631,31.6,330.5,330.7,331.6,333.0,-70.24919524590163,29.78688524590164,1,0.026196721311475445,0.028999999999999915
vehicle_003_session_01464,vehicle_003,1464,train,113.55883122996795,28.8,327.8,329.2,330.9,332.4,-70.0106692,30.893333333333334,2,0.025573333333333354,0.028000000000000025
