segment_id,vehicle,session_index,split,proxy_capacity_ah,soc_start,voltage_start,voltage_60,voltage_300,voltage_600,current_mean,tmax_mean,temperature_rise,cell_gap_mean,cell_gap_max
vehicle_013_session_00001,vehicle_013,1,train,131.23965231788083,15.2,323.5,323.9,324.9,325.8,-22.5,32.81578947368421,1,0.018644736842105242,0.020000000000000018
vehicle_013_session_00002,vehicle_013,2,train,132.45379115338164,20.0,327.1,328.5,329.9,331.1,-73.85000078947368,36.63157894736842,1,0.02939473684210528,0.03600000000000003
vehicle_013_session_00003,vehicle_013,3,train,133.73630525846704,24.8,328.3,329.65,331.0,332.4,-74.35733333333334,37.8,1,0.02901333333333337,0.03100000000000014
vehicle_013_session_00004,vehicle_013,4,train,133.92089043081887,15.2,325.0,326.475,328.675,330.0,-73.8586648,36.0,0,0.031679999999999986,0.03600000000000003
vehicle_013_session_00005,vehicle_013,5,train,137.1423596716559,58.4,344.4,346.0,349.3,353.2,-70.77106065789474,38.0,0,0.04260526315789473,0.04400000000000004
vehicle_013_session_00006,vehicle_013,6,train,131.65326658553997,47.6,335.5,337.29999999999995,341.3,344.7,-69.8333428,32.57333333333333,1,0.0427466666666667,0.04700000000000015
vehicle_013_session_00007,vehicle_013,7,train,133.82079081307873,42.0,331.9,332.9,334.5,336.3,-44.94533453333334,33.28,1,0.02674666666666665,0.03100000000000014
vehicle_013_session_00008,vehicle_013,8,train,133.23735396706587,32.8,330.3,331.35,333.0,334.9,-74.14869421052632,36.48684210526316,1,0.031460526315789494,0.03400000000000025
vehicle_013_session_00009,vehicle_013,9,train,134.37761786858974,47.6,334.1,334.7,336.1,338.0,-25.899989999999992,35.0,0,0.02901315789473683,0.03299999999999992
vehicle_013_session_00010,vehicle_013,10,train,134.15556895685583,43.2,332.5,333.3,334.95,337.1,-45.20134346666668,33.093333333333334,1,0.028520000000000014,0.03399999999999981
vehicle_013_session_00011,vehicle_013,11,train,132.89019588263034,34.8,330.7,331.9,333.70000000000005,335.8,-73.3879936,29.786666666666665,2,0.03169333333333336,0.03600000000000003
vehicle_013_session_00012,vehicle_013,12,train,132.46463848398298,49.2,334.9,336.5,339.5,341.8,-37.70394807894737,35.0,0,0.036473684210526276,0.040000000000000036
vehicle_013_session_00013,vehicle_013,13,train,131.101643212183,20.0,327.2,328.3,329.7,331.0,-72.13948157894737,31.776315789473685,1,0.028578947368421072,0.03299999999999992
vehicle_013_session_00014,vehicle_013,14,train,130.7893617681818,30.0,327.2,328.45000000000005,329.775,330.5,-37.243991016,38.0,0,0.01846666666666666,0.020999999999999908
vehicle_013_session_00015,vehicle_013,15,train,140.78537050264555,74.4,358.0,358.5,360.25,362.5,-39.899989999999995,39.0,0,0.035565789473684155,0.03699999999999992
vehicle_013_session_00016,vehicle_013,16,train,139.03494988286485,66.4,351.1,352.6,355.95000000000005,360.2,-69.96579236842106,35.9078947368421,1,0.044065789473684204,0.04599999999999982
vehicle_013_session_00017,vehicle_013,17,train,131.21279967228463,23.2,327.8,328.9,330.2,331.4,-70.12400746666667,38.93333333333333,1,0.02845333333333333,0.03000000000000025
vehicle_013_session_00018,vehicle_013,18,train,133.55191332671964,32.4,330.3,331.20000000000005,332.7,334.7,-74.28817671052632,41.81578947368421,1,0.03234210526315791,0.03600000000000003
vehicle_013_session_00019,vehicle_013,19,train,134.4716659703039,27.2,328.6,329.7,331.0,332.4,-69.04210855263157,41.28947368421053,1,0.02865789473684214,0.03000000000000025
vehicle_013_session_00020,vehicle_013,20,train,133.96494461348686,38.8,331.9,333.0,334.9,337.7,-70.75791052631578,41.43421052631579,1,0.03544736842105262,0.041999999999999815
vehicle_013_session_00021,vehicle_013,21,train,132.82994284559203,13.6,321.7,323.0,324.9,326.4,-37.465333253333334,42.0,0,0.025293333333333296,0.028000000000000025
vehicle_013_session_00022,vehicle_013,22,train,135.33384426484676,53.2,339.4,340.6,342.575,344.6,-40.20001,37.906666666666666,1,0.03641333333333336,0.040999999999999925
vehicle_013_session_00023,vehicle_013,23,train,134.70672296522926,42.4,332.1,332.7375,334.2,335.8,-40.24801480000001,40.0,0,0.026533333333333367,0.03000000000000025
vehicle_013_session_00024,vehicle_013,24,train,132.8778409090909,6.4,319.4,320.3,322.2,323.8,-40.5,40.946666666666665,1,0.027613333333333347,0.03100000000000014
vehicle_013_session_00025,vehicle_013,25,train,134.42740947301587,58.0,343.2,344.35,346.5,348.8,-40.196062631578954,33.0,0,0.035776315789473684,0.03799999999999981
vehicle_013_session_00026,vehicle_013,26,train,131.01823581285615,18.4,326.4,327.9,329.4,330.7,-74.30001999999999,40.42666666666667,1,0.031840000000000014,0.039000000000000146
vehicle_013_session_00027,vehicle_013,27,train,132.5764049074074,51.2,338.3,340.25,343.55,347.4,-72.0644822368421,44.0,0,0.047486842105263175,0.052000000000000046
vehicle_013_session_00028,vehicle_013,28,train,132.57917395393812,46.8,334.1,335.65,337.7,340.0,-37.53683278947368,39.0,0,0.032052631578947326,0.037000000000000366
vehicle_013_session_00029,vehicle_013,29,train,129.9741784346847,28.8,327.4,328.8,329.7,330.5,-39.826325789473685,34.0,0,0.018644736842105283,0.020999999999999908
vehicle_013_session_00030,vehicle_013,30,train,134.21622393841074,50.8,337.7,339.0,341.4,343.8,-45.02400226666666,32.84,1,0.037720000000000024,0.04200000000000026
vehicle_013_session_00031,vehicle_013,31,train,133.25006946097886,32.4,329.1,329.79999999999995,330.8,331.9,-45.20264184210527,33.0,0,0.021500000000000023,0.02400000000000002
vehicle_013_session_00032,vehicle_013,32,train,131.45633360404898,12.0,322.4,323.3,325.2,326.6,-45.0480048,35.0,0,0.02614666666666664,0.02900000000000036
vehicle_013_session_00033,vehicle_013,33,train,134.92828262261287,48.4,335.3,336.5,339.4,342.2,-49.888155657894735,36.0,0,0.03943421052631576,0.04300000000000015
vehicle_013_session_00034,vehicle_013,34,train,131.47814444923372,41.2,331.0,332.45,333.975,335.8,-44.90134413333334,36.0,0,0.026586666666666675,0.03100000000000014
vehicle_013_session_00035,vehicle_013,35,train,132.8284028406973,39.2,331.0,331.79999999999995,333.1,334.7,-45.20132723684212,37.94736842105263,1,0.025105263157894752,0.028999999999999915
vehicle_013_session_00036,vehicle_013,36,train,133.97274451768666,48.4,336.3,338.0,341.9,345.5,-70.78134453333334,37.0,0,0.04532,0.04900000000000038
vehicle_013_session_00037,vehicle_013,37,train,133.79127738368055,19.6,326.4,327.8,329.2,330.5,-72.43467479999998,37.76,1,0.030320000000000007,0.03699999999999992
vehicle_013_session_00038,vehicle_013,38,train,133.31703939462562,26.0,328.6,329.6375,331.1,332.5,-74.125342,35.373333333333335,1,0.02940000000000002,0.03200000000000003
vehicle_013_session_00039,vehicle_013,39,train,131.31108154693487,36.0,330.8,332.15,333.975,336.4,-74.5760068,39.06666666666667,2,0.03404000000000001,0.038000000000000256
vehicle_013_session_00040,vehicle_013,40,train,133.3832860870264,30.4,328.6,329.29999999999995,330.3,331.3,-45.26002000000002,41.0,0,0.021546666666666645,0.02300000000000013
vehicle_013_session_00041,vehicle_013,41,train,132.37008234455485,39.2,330.5,331.0,331.9,332.8,-26.10134333333334,35.0,0,0.018866666666666698,0.02100000000000035
vehicle_013_session_00042,vehicle_013,42,train,130.39113303782509,43.2,333.0,335.0,336.5,338.8,-44.53683907894737,36.0,0,0.03206578947368419,0.039000000000000146
vehicle_013_session_00043,vehicle_013,43,train,132.69574105044262,26.8,328.8,329.9,331.3,333.0,-74.21448513157894,29.68421052631579,1,0.02972368421052635,0.03200000000000003
vehicle_013_session_00044,vehicle_013,44,train,131.88484346590906,43.2,331.4,332.2,333.2,334.1,-22.573694210526313,34.0,0,0.02102631578947368,0.02400000000000002
vehicle_013_session_00045,vehicle_013,45,train,130.8334813204157,32.8,328.5,329.1,329.9,330.5,-30.201322763157894,34.0,0,0.017223684210526325,0.019000000000000128
vehicle_013_session_00046,vehicle_013,46,train,131.2580764869281,36.0,329.2,330.6,331.7,333.0,-44.94606263157896,37.1578947368421,1,0.023460526315789484,0.0259999999999998
vehicle_013_session_00047,vehicle_013,47,train,135.98783765953453,70.0,353.0,354.95,357.4,359.9,-44.79867666666667,33.0,0,0.03725333333333332,0.039000000000000146
vehicle_013_session_00048,vehicle_013,48,train,131.19068290996586,18.0,325.8,327.15,328.9,330.2,-73.88932653333333,39.88,1,0.03330666666666667,0.041999999999999815
vehicle_013_session_00049,vehicle_013,49,train,132.95775739734302,68.0,354.3,355.1,358.2375,362.2,-72.72267826666666,44.72,1,0.04709333333333332,0.04899999999999993
vehicle_013_session_00050,vehicle_013,50,train,134.37229309507677,50.4,336.1,339.65,343.3,347.2,-73.90789263157895,40.73684210526316,1,0.048197368421052655,0.052999999999999936
vehicle_013_session_00051,vehicle_013,51,train,131.61335471749564,12.4,323.0,324.65,327.275,329.1,-74.45866573333333,37.0,0,0.03455999999999998,0.039000000000000146
vehicle_013_session_00052,vehicle_013,52,train,133.4652643509816,46.4,334.9,336.35,339.9375,343.9,-73.65334226666667,35.48,1,0.046386666666666646,0.051000000000000156
vehicle_013_session_00053,vehicle_013,53,train,132.311765735893,23.2,327.5,328.85,330.1,331.4,-73.35527184210525,34.93421052631579,1,0.02947368421052633,0.03100000000000014
vehicle_013_session_00054,vehicle_013,54,train,132.07941608926345,28.4,328.9,329.95,331.3375,332.8,-70.84266706666666,34.0,0,0.029680000000000012,0.03299999999999992
vehicle_013_session_00055,vehicle_013,55,train,135.36020703197946,52.0,338.9,341.05,344.4,348.5,-73.8907822368421,37.96052631578947,1,0.04592105263157898,0.051000000000000156
vehicle_013_session_00056,vehicle_013,56,train,134.72151289390757,52.0,338.3,339.79999999999995,342.4,344.9,-49.16934333333334,34.0,0,0.03648000000000003,0.040999999999999925
vehicle_013_session_00057,vehicle_013,57,train,131.61310680126005,19.6,326.7,328.1,329.6,330.8,-74.56579539473685,31.710526315789473,1,0.02868421052631581,0.03300000000000036
vehicle_013_session_00058,vehicle_013,58,train,132.5887409982175,24.8,328.3,329.4,330.8,332.2,-75.08000613333334,35.4,1,0.02892000000000002,0.03100000000000014
vehicle_013_session_00059,vehicle_013,59,train,131.6986552008662,21.6,325.7,326.79999999999995,328.0,328.8,-45.056589078947376,34.0,0,0.020105263157894748,0.02300000000000013
vehicle_013_session_00060,vehicle_013,60,train,133.08172446027638,22.4,326.6,327.4,328.3,329.1,-45.05658460526316,34.0921052631579,1,0.02003947368421056,0.02200000000000024
vehicle_013_session_00061,vehicle_013,61,train,131.49978767423642,15.6,322.4,326.20000000000005,328.5,329.7,-70.36667528133334,36.24,1,0.031186666666666647,0.03699999999999992
vehicle_013_session_00062,vehicle_013,62,train,134.3032731765374,36.0,330.8,331.7,333.375,335.5,-69.81067653333334,37.57333333333333,1,0.030813333333333363,0.03500000000000014
vehicle_013_session_00063,vehicle_013,63,train,129.82652371183204,20.8,325.2,327.1,328.1,328.9,-44.69343105263158,39.0,0,0.02068421052631582,0.02400000000000002
vehicle_013_session_00064,vehicle_013,64,train,132.20042069221628,22.8,327.5,328.4,329.7,331.0,-69.29080855263156,37.01315789473684,1,0.02748684210526319,0.029999999999999805
vehicle_013_session_00065,vehicle_013,65,train,134.18417631492446,32.0,329.1,329.7,330.8,332.1,-50.280281184210544,40.23684210526316,1,0.022736842105263177,0.026000000000000245
vehicle_013_session_00066,vehicle_013,66,train,133.67718603931263,4.4,316.4,317.85,320.5,322.4,-37.56133008,38.89333333333333,-1,0.02857333333333335,0.03200000000000003
vehicle_013_session_00067,vehicle_013,67,train,130.99166580488622,15.2,323.3,324.0,325.7,326.9,-40.18934346666667,34.0,0,0.024599999999999938,0.027000000000000135
vehicle_013_session_00068,vehicle_013,68,train,130.80744454248367,23.6,327.8,328.9,330.25,331.6,-70.78422736842106,35.88157894736842,1,0.02803947368421054,0.029999999999999805
vehicle_013_session_00069,vehicle_013,69,train,135.13018128940112,43.2,332.5,333.4,335.075,337.4,-50.4839984,41.0,0,0.030333333333333327,0.03600000000000003
vehicle_013_session_00070,vehicle_013,70,train,132.77095289502165,9.2,320.5,321.4,323.3,325.2,-45.200010000000006,38.0,0,0.026440000000000036,0.028000000000000025
vehicle_013_session_00071,vehicle_013,71,train,134.3033262698413,29.6,328.0,328.9,329.95,331.0,-45.056589078947376,39.0,0,0.020631578947368417,0.02200000000000024
vehicle_013_session_00072,vehicle_013,72,train,133.02806146854576,18.0,326.0,327.29999999999995,329.1,330.3,-74.05526789473686,36.86842105263158,1,0.03142105263157896,0.03799999999999981
vehicle_013_session_00073,vehicle_013,73,train,131.0624071637427,21.2,326.1,326.9,328.0,328.8,-45.200010000000006,38.0,0,0.021671052631578952,0.02499999999999991
vehicle_013_session_00074,vehicle_013,74,train,133.00029202705375,15.2,324.6,325.7,328.0,329.4,-69.92666253333333,40.77333333333333,1,0.03271999999999999,0.03799999999999981
vehicle_013_session_00075,vehicle_013,75,train,130.81378344226582,38.4,332.2,333.5,335.8,339.1,-74.14869263157895,31.736842105263158,1,0.03652631578947365,0.04400000000000004
vehicle_013_session_00076,vehicle_013,76,train,131.00021279433406,38.4,331.6,332.8,334.9,337.5,-70.02000199999999,33.13333333333333,1,0.03429333333333335,0.040000000000000036
vehicle_013_session_00077,vehicle_013,77,train,131.8198826317664,16.8,325.2,326.79999999999995,328.70000000000005,330.0,-71.20534586666668,33.093333333333334,1,0.03186666666666666,0.039000000000000146
vehicle_013_session_00078,vehicle_013,78,train,133.95211920138894,35.6,330.3,331.20000000000005,332.75,334.4,-59.95921118421053,36.0,0,0.028618421052631616,0.03200000000000003
vehicle_013_session_00079,vehicle_013,79,train,133.29868430329108,26.0,328.3,329.4,330.7,332.1,-69.92367657894737,35.31578947368421,1,0.027684210526315797,0.029999999999999805
vehicle_013_session_00080,vehicle_013,80,train,133.66382290531956,38.4,331.1,332.2,333.9,336.0,-60.064479868421046,36.69736842105263,1,0.029934210526315796,0.03399999999999981
vehicle_013_session_00081,vehicle_013,81,train,134.09482554788966,38.0,331.1,332.0,333.55,335.7,-60.01579105263157,37.11842105263158,1,0.029486842105263176,0.03400000000000025
vehicle_013_session_00082,vehicle_013,82,train,133.28416868121067,14.8,324.2,325.75,328.25,329.6,-70.33552710526317,32.578947368421055,1,0.031144736842105274,0.03600000000000003
vehicle_013_session_00083,vehicle_013,83,train,133.91573898492908,43.2,333.2,333.975,336.175,339.3,-60.06800439999999,37.6,1,0.03565333333333326,0.04499999999999993
vehicle_013_session_00084,vehicle_013,84,train,132.94689743637724,32.8,329.7,330.9,332.45,334.4,-70.9605307894737,34.4078947368421,1,0.03068421052631581,0.03399999999999981
vehicle_013_session_00085,vehicle_013,85,train,132.2659337664662,43.2,334.7,336.05,338.70000000000005,342.8,-74.05395250000001,35.30263157894737,2,0.043013157894736836,0.04999999999999982
vehicle_013_session_00086,vehicle_013,86,train,131.46252989471327,7.2,320.8,322.45,325.4,327.8,-73.94605592105263,35.0,0,0.03514473684210523,0.040000000000000036
vehicle_013_session_00087,vehicle_013,87,train,132.7795474754051,42.0,332.7,334.0,336.35,339.9,-70.63334333333333,36.04,2,0.03911999999999999,0.04700000000000015
vehicle_013_session_00088,vehicle_013,88,train,130.3381303240741,33.2,330.5,331.4,333.2,335.3,-75.10790289473684,35.03947368421053,2,0.03315789473684213,0.037000000000000366
vehicle_013_session_00089,vehicle_013,89,train,131.245164056971,24.0,327.5,328.70000000000005,329.95,331.3,-69.38552118421053,35.223684210526315,1,0.028355263157894727,0.03100000000000014
vehicle_013_session_00090,vehicle_013,90,train,133.9023745068438,44.4,331.7,332.7,333.8,334.9,-25.955273157894744,38.0,0,0.02350000000000001,0.027000000000000135
vehicle_013_session_00091,vehicle_013,91,train,130.41385701540958,29.6,328.5,329.1,330.2,331.1,-45.2039577631579,32.0,0,0.02003947368421055,0.02200000000000024
vehicle_013_session_00092,vehicle_013,92,train,135.0878042037037,69.6,354.4,355.3,357.45,360.0,-45.19601000000001,33.0,0,0.03346666666666667,0.03500000000000014
vehicle_013_session_00093,vehicle_013,93,train,135.82712416062805,53.6,339.6,341.05,343.6,346.4,-50.46183828947368,37.85526315789474,1,0.03806578947368424,0.04200000000000026
vehicle_013_session_00094,vehicle_013,94,train,133.22694444940475,15.6,324.4,325.8,328.075,329.4,-70.02933626666668,34.89333333333333,1,0.031146666666666677,0.03600000000000003
vehicle_013_session_00095,vehicle_013,95,train,129.23488865277778,28.8,328.0,328.8,329.7,330.7,-45.10267666666667,38.0,0,0.020320000000000005,0.02200000000000024
vehicle_013_session_00096,vehicle_013,96,train,132.12867626964086,58.0,343.9,345.6,347.5,350.0,-44.85264157894737,39.0,0,0.03499999999999996,0.03699999999999992
vehicle_013_session_00097,vehicle_013,97,train,133.77566411684785,7.6,320.8,322.29999999999995,325.1,327.5,-74.3342197368421,39.0,0,0.035236842105263136,0.038000000000000256
vehicle_013_session_00098,vehicle_013,98,train,131.14880386437912,37.6,330.2,331.1,332.4,333.8,-44.81201066666668,35.0,0,0.023493333333333356,0.027000000000000135
vehicle_013_session_00099,vehicle_013,99,train,130.09490057692307,22.4,326.6,327.4,328.3,329.1,-45.200010000000006,38.093333333333334,1,0.020933333333333373,0.02400000000000002
vehicle_013_session_00100,vehicle_013,100,train,134.9966023643092,38.8,330.8,331.5,332.8,334.4,-50.0250025,40.0,0,0.02602631578947372,0.02900000000000036
vehicle_013_session_00101,vehicle_013,101,train,133.78828630050506,29.2,327.7,328.8,329.7,330.7,-44.98158907894737,33.6578947368421,1,0.02024999999999999,0.021999999999999797
vehicle_013_session_00102,vehicle_013,102,train,131.50334988307824,16.4,324.6,326.05,328.3,329.7,-72.02134026666666,36.10666666666667,1,0.032760000000000004,0.03799999999999981
vehicle_013_session_00103,vehicle_013,103,train,132.64217605384994,52.0,337.4,339.0,341.8,344.3,-45.21317631578949,37.0,0,0.03978947368421053,0.04400000000000004
vehicle_013_session_00104,vehicle_013,104,train,135.77790528057423,40.0,331.9,333.1,335.0,337.8,-74.0720072,39.88,2,0.03611999999999996,0.04200000000000026
vehicle_013_session_00105,vehicle_013,105,train,130.24026146825398,12.4,322.1,322.75,324.475,326.0,-40.23067973333334,38.0,0,0.02541333333333332,0.028000000000000025
vehicle_013_session_00106,vehicle_013,106,train,131.03602569444445,38.4,329.2,330.5,331.79999999999995,333.2,-37.76315789473684,38.828947368421055,1,0.021526315789473727,0.025000000000000355
vehicle_013_session_00107,vehicle_013,107,train,130.84689815182247,17.2,325.3,326.65,328.8,330.2,-74.07763736842105,36.93421052631579,1,0.03315789473684212,0.040999999999999925
vehicle_013_session_00108,vehicle_013,108,train,131.4977931558642,38.0,328.9,330.15,331.7,332.8,-37.42799618666667,38.0,0,0.021520000000000015,0.0259999999999998
vehicle_013_session_00109,vehicle_013,109,train,136.35934256365744,61.2,345.8,347.1,349.6,352.4,-50.5586724,33.70666666666666,1,0.038519999999999964,0.040999999999999925
vehicle_013_session_00110,vehicle_013,110,train,135.73474062865498,61.6,347.2,349.0,352.45,356.4,-74.11600986666667,36.266666666666666,1,0.04581333333333334,0.04800000000000004
vehicle_013_session_00111,vehicle_013,111,train,133.82211096186649,54.0,340.7,342.6,346.05,350.0,-70.42630842105264,33.0,0,0.04623684210526313,0.051000000000000156
vehicle_013_session_00112,vehicle_013,112,train,131.91575328282826,11.6,322.7,324.15,327.0,328.9,-73.85263342105263,34.223684210526315,1,0.0342236842105263,0.037000000000000366
vehicle_013_session_00113,vehicle_013,113,train,133.26152738047543,46.4,334.1,335.4,338.0,341.8,-59.95200413333335,35.013333333333335,1,0.04151999999999997,0.04800000000000004
vehicle_013_session_00114,vehicle_013,114,train,133.15935606703263,32.8,327.8,328.6,329.2,329.9,-26.000010000000003,33.0,0,0.01582894736842108,0.018000000000000238
vehicle_013_session_00115,vehicle_013,115,train,130.2101809930556,36.8,331.1,332.2,334.1,336.6,-70.60921907894736,33.723684210526315,1,0.03385526315789475,0.038000000000000256
vehicle_013_session_00116,vehicle_013,116,train,130.90710486888474,42.4,333.0,334.15,336.85,340.5,-69.73334666666666,31.293333333333333,1,0.03993333333333328,0.04900000000000038
vehicle_013_session_00117,vehicle_013,117,train,130.8491945973096,34.0,329.1,329.9,331.0,332.1,-45.16185210526316,34.526315789473685,1,0.02235526315789474,0.02400000000000002
vehicle_013_session_00118,vehicle_013,118,train,128.84116405293366,20.8,324.9,326.5,327.8,328.5,-37.83466357333334,30.68,1,0.01897333333333338,0.02200000000000024
vehicle_013_session_00119,vehicle_013,119,train,131.30456349206347,39.6,330.0,331.6,333.0,334.4,-44.693333333333335,36.54666666666667,1,0.026280000000000008,0.030999999999999694
vehicle_013_session_00120,vehicle_013,120,train,130.55386925675674,33.2,328.5,330.8,332.45,334.2,-69.47466533333333,34.32,1,0.030866666666666678,0.03400000000000025
vehicle_013_session_00121,vehicle_013,121,train,129.9463612459547,13.2,322.5,323.5,325.25,326.7,-45.206504155844165,37.0,0,0.027688311688311637,0.03000000000000025
vehicle_013_session_00122,vehicle_013,122,train,133.34857001561477,32.0,329.6,330.5,331.9,333.6,-70.07734013333332,35.52,1,0.030480000000000042,0.03400000000000025
vehicle_013_session_00123,vehicle_013,123,train,134.86016960514237,51.2,336.8,337.75,340.7,343.3,-45.20132592105264,39.0,0,0.04285526315789473,0.04600000000000026
vehicle_013_session_00124,vehicle_013,124,train,129.82057341769206,34.0,330.0,331.4,333.2,335.3,-70.80133539473684,34.671052631578945,1,0.03268421052631585,0.037000000000000366
vehicle_013_session_00125,vehicle_013,125,train,129.83637243761143,10.8,322.8,324.25,327.0,328.9,-74.22934666666667,33.54666666666667,1,0.03483999999999997,0.038000000000000256
vehicle_013_session_00126,vehicle_013,126,train,132.19746986914598,48.0,335.7,337.29999999999995,341.4,345.7,-74.08684881578947,31.94736842105263,1,0.04576315789473684,0.051000000000000156
vehicle_013_session_00127,vehicle_013,127,train,130.17468333110756,18.4,326.0,327.4,329.15,330.5,-73.97631657894735,32.776315789473685,1,0.029894736842105273,0.03600000000000003
vehicle_013_session_00128,vehicle_013,128,train,131.75369570253045,40.4,331.9,333.4,335.7,338.9,-73.55132092105264,33.51315789473684,1,0.03532894736842102,0.04300000000000015
vehicle_013_session_00129,vehicle_013,129,train,130.93422574163975,31.6,327.8,329.2,330.25,331.3,-44.964484605263166,35.18421052631579,1,0.020736842105263182,0.02300000000000013
vehicle_013_session_00130,vehicle_013,130,train,133.67357001931572,39.2,330.5,331.3,332.6,333.9,-45.003947763157896,35.6578947368421,1,0.024039473684210572,0.027000000000000135
vehicle_013_session_00131,vehicle_013,131,train,132.05251245335813,67.6,352.4,354.20000000000005,357.7,362.1,-74.23290131578946,33.0,0,0.04315789473684206,0.04499999999999993
vehicle_013_session_00132,vehicle_013,132,train,131.9655507188109,49.6,334.4,336.70000000000005,339.4,342.4,-44.70527315789474,32.0,0,0.038328947368421046,0.04200000000000026
vehicle_013_session_00133,vehicle_013,133,train,131.61740253212395,36.0,330.7,331.65,333.4,335.7,-70.67632592105264,34.078947368421055,2,0.03169736842105264,0.03500000000000014
vehicle_013_session_00134,vehicle_013,134,train,130.03492112492324,22.4,327.5,328.70000000000005,330.2,331.6,-73.8866676,30.84,1,0.028653333333333347,0.03200000000000003
vehicle_013_session_00135,vehicle_013,135,train,129.4457476345486,18.8,326.3,327.45,329.1,330.3,-70.00000184210526,34.88157894736842,1,0.02914473684210528,0.03500000000000014
vehicle_013_session_00136,vehicle_013,136,train,131.4384110207231,34.4,327.8,329.79999999999995,331.0,332.1,-44.628957394736844,35.56578947368421,1,0.02167105263157897,0.02400000000000002
vehicle_013_session_00137,vehicle_013,137,train,130.17440082070706,36.4,330.0,330.9,332.2,333.6,-50.612010000000005,31.0,0,0.025053333333333382,0.028000000000000025
vehicle_013_session_00138,vehicle_013,138,train,133.0463572654612,52.4,338.2,339.95,343.375,346.8,-60.02800159999999,35.72,1,0.04405333333333333,0.04900000000000038
vehicle_013_session_00139,vehicle_013,139,train,131.13403807713968,26.4,327.4,328.0,329.0,329.9,-45.20267693333334,34.0,0,0.020333333333333363,0.02200000000000024
vehicle_013_session_00140,vehicle_013,140,train,129.40405399659863,36.8,329.6,330.7,331.9,333.3,-44.84342184210526,32.0,0,0.023565789473684238,0.027000000000000135
vehicle_013_session_00141,vehicle_013,141,train,132.99068483926345,59.2,344.7,346.5,349.9,353.8,-70.01052815789473,33.9078947368421,1,0.044105263157894745,0.04600000000000026
vehicle_013_session_00142,vehicle_013,142,train,130.65321622863252,34.0,328.9,329.65,330.7,331.7,-40.303966184210545,32.48684210526316,1,0.020631578947368456,0.022999999999999687
vehicle_013_session_00143,vehicle_013,143,train,132.38876421328007,54.8,338.6,340.5,343.375,345.7,-37.58133888000001,30.0,0,0.0375866666666667,0.04200000000000026
vehicle_013_session_00144,vehicle_013,144,train,131.1366044331832,20.8,326.4,327.75,329.29999999999995,330.5,-70.43552671052632,31.17105263157895,1,0.02876315789473685,0.03400000000000025
vehicle_013_session_00145,vehicle_013,145,train,131.6426135155061,34.0,330.2,331.1,332.7,334.6,-70.1266744,33.24,1,0.03076,0.0349999999999997
vehicle_013_session_00146,vehicle_013,146,train,131.95352449202673,46.8,334.9,336.4,340.25,344.7,-74.04079355263157,34.078947368421055,2,0.04575,0.051000000000000156
vehicle_013_session_00147,vehicle_013,147,train,131.20999895373436,34.4,330.2,331.35,333.2,335.3,-74.39732733333334,31.8,1,0.03250666666666671,0.03600000000000003
vehicle_013_session_00148,vehicle_013,148,train,130.82865043290045,33.2,329.9,331.05,332.6,334.6,-70.0539514473684,29.605263157894736,1,0.030197368421052653,0.03399999999999981
vehicle_013_session_00149,vehicle_013,149,train,131.19469869855968,40.8,332.5,333.55,335.9,339.3,-71.29737118421052,27.25,2,0.03703947368421049,0.04700000000000015
vehicle_013_session_00150,vehicle_013,150,train,131.6052700028637,47.2,334.7,335.75,338.25,341.4,-44.680273157894746,26.473684210526315,1,0.03556578947368416,0.04100000000000037
vehicle_013_session_00151,vehicle_013,151,train,133.74378760893254,47.2,333.3,333.9,335.1,336.6,-26.15001,30.0,0,0.02455263157894738,0.028000000000000025
vehicle_013_session_00152,vehicle_013,152,train,130.12817262820514,31.2,327.2,328.8,329.79999999999995,330.7,-39.53332386666666,28.6,1,0.018173333333333305,0.020000000000000018
vehicle_013_session_00153,vehicle_013,153,train,128.52930807849137,30.0,328.2,328.8,329.7,330.7,-40.01333466666667,28.546666666666667,1,0.018320000000000013,0.020000000000000018
vehicle_013_session_00154,vehicle_013,154,train,130.4341310364256,34.0,327.8,329.29999999999995,330.8,331.7,-37.69599632,29.506666666666668,1,0.018720000000000004,0.02100000000000035
vehicle_013_session_00155,vehicle_013,155,train,132.55088189709593,69.6,354.6,356.20000000000005,359.65,363.8,-70.0052652631579,31.960526315789473,1,0.04096052631578947,0.04300000000000015
vehicle_013_session_00156,vehicle_013,156,train,130.6404411290891,18.8,326.0,327.4,329.1,330.3,-69.53026618421053,28.907894736842106,1,0.02847368421052631,0.03500000000000014
vehicle_013_session_00157,vehicle_013,157,train,128.4835355123578,34.4,328.8,329.15,329.9,330.7,-26.056584342105264,31.0,0,0.015644736842105288,0.016999999999999904
vehicle_013_session_00158,vehicle_013,158,train,130.83180100093114,26.0,328.3,329.5,330.9,332.4,-74.19737881578945,32.85526315789474,2,0.02867105263157896,0.03100000000000014
vehicle_013_session_00159,vehicle_013,159,train,131.55395170660861,36.4,329.1,330.5,331.7,333.0,-44.95264184210527,31.38157894736842,1,0.021763157894736845,0.02400000000000002
vehicle_013_session_00160,vehicle_013,160,train,130.81507826060158,14.4,322.4,323.3,325.2,326.7,-45.10395736842106,34.0,0,0.02549999999999996,0.028000000000000025
vehicle_013_session_00161,vehicle_013,161,train,133.686938115402,48.4,333.5,334.2,335.6,336.9,-22.4671152631579,36.21052631578947,1,0.025223684210526277,0.029999999999999805
vehicle_013_session_00162,vehicle_013,162,train,130.47531898674242,36.0,330.7,332.0,333.9,336.4,-73.99736868421053,29.026315789473685,2,0.031842105263157894,0.03600000000000003
vehicle_013_session_00163,vehicle_013,163,train,131.7531021296775,8.400001,320.5,321.9,324.29999999999995,326.6,-60.068426447368424,31.657894736842106,1,0.02967105263157891,0.03200000000000003
vehicle_013_session_00164,vehicle_013,164,train,131.9281939988426,73.6,359.1,359.79999999999995,362.6,366.0,-60.082672266666656,36.85333333333333,1,0.03946666666666667,0.04100000000000037
vehicle_013_session_00165,vehicle_013,165,train,131.84194483217595,49.6,335.8,337.29999999999995,340.9,344.6,-59.77895605263157,32.64473684210526,1,0.04160526315789474,0.04600000000000026
vehicle_013_session_00166,vehicle_013,166,train,131.91565273215733,40.0,330.2,330.75,331.6,332.4,-26.100010000000005,31.0,0,0.017800000000000028,0.020000000000000018
vehicle_013_session_00167,vehicle_013,167,train,133.44959459027774,52.4,338.3,339.9375,343.5,346.8,-59.89466893333333,30.946666666666665,1,0.04264000000000001,0.04700000000000015
vehicle_013_session_00168,vehicle_013,168,train,131.14051872882794,17.6,325.3,326.65,328.70000000000005,329.9,-70.220012,29.4,1,0.02986666666666668,0.03600000000000003
vehicle_013_session_00169,vehicle_013,169,train,131.2396480855856,38.4,330.5,331.20000000000005,332.5,333.9,-44.926308421052624,32.0,0,0.02384210526315792,0.027000000000000135
vehicle_013_session_00170,vehicle_013,170,train,129.97287197788066,32.8,327.4,328.5,329.15,329.9,-25.98816789473684,28.0,0,0.015078947368421068,0.016999999999999904
vehicle_013_session_00171,vehicle_013,171,train,129.19561591700133,25.6,325.7,326.9,327.575,328.2,-25.740000560000002,29.0,0,0.014266666666666683,0.016000000000000014
vehicle_013_session_00172,vehicle_013,172,train,129.5202669896641,28.8,327.8,328.6,329.65,330.7,-45.00921144736842,29.0,0,0.020092105263157908,0.021999999999999797
vehicle_013_session_00173,vehicle_013,173,train,129.722764253876,11.6,323.2,324.6,327.2,328.9,-70.2168948051948,28.948051948051948,1,0.030298701298701276,0.03400000000000025
vehicle_013_session_00174,vehicle_013,174,train,129.63191058265582,10.8,321.0,322.5,324.4,326.1,-44.830263289473685,30.0,0,0.024263157894736823,0.026000000000000245
vehicle_013_session_00175,vehicle_013,175,train,130.88780618257823,15.2,323.3,324.15,326.0,327.4,-45.18422052631579,32.0,0,0.024894736842105233,0.028000000000000025
vehicle_013_session_00176,vehicle_013,176,train,131.33256649425286,40.0,330.8,331.6,333.0,334.6,-45.0,31.092105263157894,1,0.023565789473684227,0.02699999999999969
vehicle_013_session_00177,vehicle_013,177,train,130.45400835610198,11.2,322.5,324.2,327.1,328.9,-73.91066626666667,32.88,1,0.03209333333333332,0.03500000000000014
vehicle_013_session_00178,vehicle_013,178,train,131.21919498077878,40.4,332.2,333.8,336.20000000000005,339.7,-74.08816671052632,27.263157894736842,2,0.035578947368421036,0.04300000000000015
vehicle_013_session_00179,vehicle_013,179,train,130.0410878761574,10.0,319.2,321.05,323.2,324.9,-37.86666666666667,28.0,0,0.02246666666666669,0.025000000000000355
vehicle_013_session_00180,vehicle_013,180,train,130.1419667125262,15.2,324.2,325.3,327.5,328.8,-59.93466813333334,31.0,0,0.028239999999999963,0.03299999999999992
vehicle_013_session_00181,vehicle_013,181,train,130.07833903703707,19.2,323.9,325.9,327.2,328.3,-44.846062894736846,32.0,0,0.023394736842105263,0.028999999999999915
vehicle_013_session_00182,vehicle_013,182,train,131.42067058978415,13.2,320.8,323.0,325.1,326.9,-49.534658,32.0,0,0.02645333333333329,0.028000000000000025
vehicle_013_session_00183,vehicle_013,183,train,132.2983414108187,47.2,332.4,334.6,336.6,339.3,-44.61579644736842,34.0,0,0.03198684210526313,0.039000000000000146
vehicle_013_session_00184,vehicle_013,184,train,130.41591861167572,48.0,335.7,337.45,341.35,345.5,-69.86933839999999,31.453333333333333,1,0.04374666666666666,0.04800000000000004
vehicle_013_session_00185,vehicle_013,185,train,131.28747680169758,61.6,347.5,349.5,352.75,356.6,-69.8513182894737,30.0,0,0.041539473684210536,0.04400000000000004
vehicle_013_session_00186,vehicle_013,186,train,129.19189265710384,18.8,325.2,326.05,327.4,328.3,-45.2039577631579,30.0,0,0.02260526315789472,0.028000000000000025
vehicle_013_session_00187,vehicle_013,187,train,130.85484298148148,37.6,330.3,331.20000000000005,332.5,334.1,-45.20132592105264,24.68421052631579,1,0.02336842105263161,0.02699999999999969
vehicle_013_session_00188,vehicle_013,188,train,128.6326067231754,30.0,327.1,328.0,328.675,329.2,-25.884005733333332,27.133333333333333,1,0.014360000000000017,0.016000000000000014
vehicle_013_session_00189,vehicle_013,189,train,130.3283133726243,6.4,320.8,322.4375,325.375,327.8,-74.68401133333333,29.0,0,0.03481333333333328,0.040000000000000036
vehicle_013_session_00190,vehicle_013,190,train,129.0309959988695,17.2,323.6,325.8,327.4,328.3,-44.7421155263158,30.0,0,0.0244078947368421,0.029999999999999805
vehicle_013_session_00191,vehicle_013,191,train,130.20783334091462,6.0,320.3,322.15,325.1,327.7,-74.33159210526314,29.789473684210527,1,0.03518421052631576,0.040000000000000036
vehicle_013_session_00192,vehicle_013,192,train,130.49106355516975,25.6,328.2,329.15,330.5,332.1,-70.34133600000001,30.613333333333333,1,0.027640000000000046,0.02900000000000036
vehicle_013_session_00193,vehicle_013,193,train,129.78272771267365,14.4,324.1,325.6,328.0,329.6,-69.9559956,31.373333333333335,1,0.03132000000000001,0.03600000000000003
vehicle_013_session_00194,vehicle_013,194,train,132.54707282706093,22.4,326.3,326.9888888888889,328.2,328.9,-45.208010800000004,30.0,0,0.0206266666666667,0.02400000000000002
vehicle_013_session_00195,vehicle_013,195,train,128.67062226419412,17.6,325.2,326.1,327.7,328.6,-50.04474039473684,29.38157894736842,1,0.024513157894736855,0.029999999999999805
vehicle_013_session_00196,vehicle_013,196,train,130.3344535759379,59.6,345.2,348.1,351.675,355.7,-73.66132666666665,32.0,0,0.044013333333333356,0.04700000000000015
vehicle_013_session_00197,vehicle_013,197,train,130.19761074249607,13.2,323.8,325.25,328.0,329.6,-73.79201706666666,28.893333333333334,1,0.03234666666666666,0.03699999999999992
vehicle_013_session_00198,vehicle_013,198,train,131.33424043927653,35.2,330.5,331.5,333.25,335.3,-69.62501000000002,31.157894736842106,2,0.030894736842105284,0.03400000000000025
vehicle_013_session_00199,vehicle_013,199,train,128.00330064090085,12.4,323.8,325.25,327.9,329.4,-69.99737131578948,25.276315789473685,1,0.030868421052631562,0.03600000000000003
vehicle_013_session_00200,vehicle_013,200,train,129.6119096328785,22.8,327.5,328.8,330.25,331.6,-70.19067666666666,22.133333333333333,2,0.02634666666666671,0.02900000000000036
vehicle_013_session_00201,vehicle_013,201,train,130.3111931917293,40.8,331.7,333.25,334.9,336.3,-37.36842100263158,26.0,0,0.02540789473684212,0.028999999999999915
vehicle_013_session_00202,vehicle_013,202,train,129.22113684218905,10.8,322.4,324.15,327.0,328.9,-70.04737315789474,22.5,1,0.030999999999999986,0.03400000000000025
vehicle_013_session_00203,vehicle_013,203,train,130.33186642537666,74.0,358.3,360.25,364.20000000000005,368.3,-73.65600119999999,24.946666666666665,1,0.04460000000000003,0.04699999999999971
vehicle_013_session_00204,vehicle_013,204,train,131.76694912551446,65.2,350.5,352.15,355.6,359.6,-70.60000921052631,26.894736842105264,1,0.04335526315789475,0.04500000000000037
vehicle_013_session_00205,vehicle_013,205,train,128.40106117078997,20.8,326.0,327.15,328.4,329.4,-49.81317289473685,24.039473684210527,1,0.02150000000000001,0.02400000000000002
vehicle_013_session_00206,vehicle_013,206,train,130.0778899794601,12.4,323.3,324.9,327.7,329.2,-70.25790473684211,22.0,0,0.02980263157894736,0.03400000000000025
vehicle_013_session_00207,vehicle_013,207,train,130.5661946104336,14.8,322.2,324.1,326.0,327.4,-44.75657947368421,22.0,0,0.024539473684210483,0.028999999999999915
vehicle_013_session_00208,vehicle_013,208,train,129.24541346911275,23.6,326.1,327.9,329.0,329.9,-49.8826768,23.053333333333335,1,0.020479999999999995,0.02200000000000024
vehicle_013_session_00209,vehicle_013,209,train,129.08109577596616,20.4,326.0,327.0,328.3,329.2,-50.29600906666668,22.826666666666668,1,0.02129333333333332,0.02499999999999991
vehicle_013_session_00210,vehicle_013,210,train,130.21148769356643,28.0,328.8,330.0,331.6,333.2,-73.38400746666666,23.92,2,0.028040000000000044,0.03100000000000014
vehicle_013_session_00211,vehicle_013,211,train,129.95029827327326,18.4,326.0,327.75,329.6,330.8,-74.43199960000001,22.906666666666666,2,0.028333333333333346,0.0349999999999997
vehicle_013_session_00212,vehicle_013,212,train,131.76100113495025,41.6,331.7,332.7,334.4,336.4,-50.11067413333333,24.893333333333334,1,0.027813333333333336,0.03200000000000003
vehicle_013_session_00213,vehicle_013,213,train,132.2943378739316,53.6,338.5,339.5,341.4,343.0,-26.003947763157893,23.0,0,0.036486842105263186,0.040000000000000036
vehicle_013_session_00214,vehicle_013,214,train,130.8740699486302,68.4,353.9,356.05,359.95,364.6,-74.66579328947368,22.473684210526315,1,0.042960526315789414,0.04499999999999993
vehicle_013_session_00215,vehicle_013,215,train,129.33502575802032,40.8,332.7,334.0,336.6,340.0,-73.83067373333334,24.133333333333333,2,0.03730666666666663,0.04599999999999982
vehicle_013_session_00216,vehicle_013,216,train,130.1103430758808,15.6,322.7,326.5,329.1,330.3,-74.29999815789473,21.88157894736842,1,0.030052631578947397,0.03699999999999992
vehicle_013_session_00217,vehicle_013,217,train,129.44558271043772,31.6,329.9,331.1,332.8,334.9,-73.6826768,23.666666666666668,1,0.02940000000000002,0.03400000000000025
vehicle_013_session_00218,vehicle_013,218,train,129.50583427706553,19.6,325.0,326.3,327.6,328.5,-45.034220657894735,28.0,0,0.021644736842105283,0.028000000000000025
vehicle_013_session_00219,vehicle_013,219,train,128.34357971543744,28.4,329.2,330.4,331.9,333.6,-73.96266920000001,24.96,2,0.028973333333333334,0.03200000000000003
vehicle_013_session_00220,vehicle_013,220,train,130.53567341371772,39.2,331.9,333.1,335.3,338.2,-70.82534573333334,24.30666666666667,1,0.03301333333333332,0.038000000000000256
vehicle_013_session_00221,vehicle_013,221,train,130.29350160201153,38.0,330.8,331.6,333.2,334.9,-50.35733613333334,24.893333333333334,1,0.02545333333333334,0.028000000000000025
vehicle_013_session_00222,vehicle_013,222,train,127.88912825868056,18.0,323.9,325.9,327.4,328.3,-37.86666666666667,21.0,0,0.02014666666666668,0.02499999999999991
vehicle_013_session_00223,vehicle_013,223,train,126.89854436728392,30.8,327.8,328.3,328.9,329.6,-26.100010000000005,26.0,0,0.01488000000000003,0.016000000000000014
vehicle_013_session_00224,vehicle_013,224,train,130.7224289057596,26.8,328.3,329.5,330.8,332.4,-70.35395249999999,24.36842105263158,1,0.026776315789473693,0.03000000000000025
vehicle_013_session_00225,vehicle_013,225,train,128.33970476815398,32.4,329.1,329.9,331.05,332.2,-45.1131680263158,24.67105263157895,1,0.021565789473684233,0.02400000000000002
vehicle_013_session_00226,vehicle_013,226,train,130.53699834003416,6.4,320.2,322.0,324.7,327.2,-69.99473986842105,28.57894736842105,1,0.033881578947368374,0.039000000000000146
vehicle_013_session_00227,vehicle_013,227,train,128.23717180555556,27.6,328.6,329.95,331.4,333.0,-69.5868530263158,32.1578947368421,2,0.028539473684210573,0.03100000000000014
vehicle_013_session_00228,vehicle_013,228,train,130.73331107215446,15.6,322.8,324.1,325.9,327.4,-45.011851973684216,29.0,0,0.026092105263157868,0.03000000000000025
vehicle_013_session_00229,vehicle_013,229,train,130.18213807524876,5.6,318.9,320.2,322.5,324.6,-49.80791236842107,32.0,0,0.029921052631578952,0.03500000000000014
vehicle_013_session_00230,vehicle_013,230,train,129.5691152195609,23.2,327.5,328.85,330.25,331.6,-71.31843342105263,30.710526315789473,1,0.028223684210526317,0.03000000000000025
vehicle_013_session_00231,vehicle_013,231,train,128.2504522156085,22.4,327.7,329.0,330.3,331.7,-70.40788815789473,24.460526315789473,1,0.026868421052631587,0.028000000000000025
vehicle_013_session_00232,vehicle_013,232,train,130.25751209215164,36.0,330.7,332.0,333.9,336.3,-69.55658460526315,24.394736842105264,1,0.030815789473684223,0.03500000000000014
vehicle_013_session_00233,vehicle_013,233,train,129.54560379022277,14.0,323.8,325.5,328.1,329.6,-69.78554486842104,23.88157894736842,1,0.030539473684210547,0.03599999999999959
vehicle_013_session_00234,vehicle_013,234,train,128.43656863538297,56.4,345.5,347.0,350.0888888888889,353.9,-70.04800360000002,25.933333333333334,1,0.04397333333333332,0.04700000000000015
vehicle_013_session_00235,vehicle_013,235,train,128.1167598103234,17.2,326.1,327.7,329.6,330.8,-74.25264289473684,24.30263157894737,1,0.028802631578947385,0.03500000000000014
vehicle_013_session_00236,vehicle_013,236,train,130.54321197765702,51.6,338.3,340.35,344.65,348.6,-70.3200092,26.44,1,0.04614666666666666,0.051000000000000156
vehicle_013_session_00237,vehicle_013,237,train,129.9470751600965,22.8,327.2,328.8,330.2,331.4,-70.36710513157895,24.43421052631579,1,0.026473684210526323,0.028000000000000025
vehicle_013_session_00238,vehicle_013,238,train,130.81635557760146,47.2,334.9,336.55,340.2375,344.7,-69.88932866666666,25.613333333333333,1,0.04358666666666669,0.04899999999999993
vehicle_013_session_00239,vehicle_013,239,train,129.44850185313078,25.2,327.8,329.2,330.8,332.1,-69.93026513157895,23.144736842105264,2,0.02652631578947372,0.02900000000000036
vehicle_013_session_00240,vehicle_013,240,train,128.83506974720532,32.0,329.9,330.9,332.6,334.6,-70.33553565789474,28.013157894736842,2,0.02992105263157896,0.03400000000000025
vehicle_013_session_00241,vehicle_013,241,train,129.93019243721463,39.6,331.6,332.75,334.79999999999995,337.5,-70.18800999999998,30.786666666666665,1,0.03398666666666664,0.039000000000000146
vehicle_013_session_00242,vehicle_013,242,train,129.96363913027332,18.0,328.3,328.6,329.6,330.8,-69.89999157894736,25.263157894736842,1,0.02577631578947371,0.02900000000000036
vehicle_013_session_00243,vehicle_013,243,train,128.49489522339803,22.0,327.2,328.8,330.2,331.6,-69.65922052631579,26.210526315789473,2,0.0260263157894737,0.028000000000000025
vehicle_013_session_00244,vehicle_013,244,train,130.2159954178051,25.2,327.5,329.0,330.5,331.7,-70.02763434210526,27.763157894736842,1,0.02610526315789477,0.028000000000000025
vehicle_013_session_00245,vehicle_013,245,train,129.54144603303112,20.4,326.6,328.2,329.7,330.8,-70.0880084,25.533333333333335,1,0.026573333333333362,0.03200000000000003
vehicle_013_session_00246,vehicle_013,246,train,128.26697269072304,15.2,325.2,326.65,328.9,330.2,-70.13553631578947,22.92105263157895,1,0.02882894736842106,0.03599999999999959
vehicle_013_session_00247,vehicle_013,247,train,129.225488158902,48.0,336.1,337.9,342.15,346.6,-70.0421094736842,21.855263157894736,2,0.04306578947368424,0.04700000000000015
vehicle_013_session_00248,vehicle_013,248,train,133.76245648757313,61.6,347.5,350.25,352.6,355.2,-44.71053618421053,25.0,0,0.03310526315789477,0.03500000000000014
vehicle_013_session_00249,vehicle_013,249,train,129.85036891850493,29.2,328.0,328.9,330.04999999999995,331.1,-50.02894881578948,24.355263157894736,1,0.02090789473684211,0.02200000000000024
vehicle_013_session_00250,vehicle_013,250,train,130.88579421847447,47.2,334.6,335.75,338.3,341.6,-50.17632736842106,25.69736842105263,1,0.036210526315789436,0.04300000000000015
vehicle_013_session_00251,vehicle_013,251,train,129.77036639066952,19.6,326.1,327.6,329.29999999999995,330.5,-70.21711592105262,26.81578947368421,1,0.027710526315789494,0.03300000000000036
vehicle_013_session_00252,vehicle_013,252,train,131.92345262235455,55.6,341.6,343.85,347.5,351.4,-70.02631776315788,30.0,0,0.04367105263157893,0.050000000000000266
vehicle_013_session_00253,vehicle_013,253,train,130.69761724127338,7.2,320.2,322.0,324.775,327.2,-70.05733906666666,31.706666666666667,1,0.03337333333333332,0.038000000000000256
vehicle_013_session_00254,vehicle_013,254,train,131.46793653143277,40.4,332.2,333.3,335.7,338.8,-74.01710934210526,31.763157894736842,1,0.03538157894736839,0.041999999999999815
vehicle_013_session_00255,vehicle_013,255,train,129.38880848534308,12.4,323.3,324.65,327.4,329.1,-70.1223767105263,28.0,0,0.03115789473684206,0.03600000000000003
vehicle_013_session_00256,vehicle_013,256,train,130.35162041941308,18.0,325.2,326.7,328.8,330.0,-70.28159657894736,29.539473684210527,1,0.029723684210526315,0.03600000000000003
vehicle_013_session_00257,vehicle_013,257,train,129.36269282581455,35.6,331.1,332.29999999999995,334.2,336.6,-70.03684578947367,24.80263157894737,2,0.031144736842105274,0.03500000000000014
vehicle_013_session_00258,vehicle_013,258,train,128.18975541977036,26.0,327.5,328.4,329.6,330.7,-50.19737842105264,25.0,0,0.02082894736842107,0.02300000000000013
vehicle_013_session_00259,vehicle_013,259,train,130.0438596491228,26.4,327.2,328.0,329.1,329.9,-45.0,29.210526315789473,1,0.019631578947368455,0.02100000000000035
vehicle_013_session_00260,vehicle_013,260,train,130.30688602693604,31.6,326.9,328.45000000000005,329.9,331.0,-37.482893184210525,25.0,0,0.01775,0.020999999999999908
vehicle_013_session_00261,vehicle_013,261,train,129.9509838805137,18.0,323.0,324.6,326.4,327.5,-37.68157089473684,29.0,0,0.022855263157894674,0.027000000000000135
vehicle_013_session_00262,vehicle_013,262,train,128.61583829672696,34.8,331.1,332.45,334.6,337.1,-70.16843105263156,24.210526315789473,2,0.03156578947368421,0.03600000000000003
vehicle_013_session_00263,vehicle_013,263,train,130.19877840375585,40.0,332.4,333.3,334.6,336.1,-45.129343600000006,31.68,1,0.02624,0.029999999999999805
vehicle_013_session_00264,vehicle_013,264,train,130.60175080203445,23.6,326.4,327.45,328.55,329.4,-45.2118527631579,25.960526315789473,1,0.019934210526315804,0.02200000000000024
vehicle_013_session_00265,vehicle_013,265,train,129.4909362354892,36.8,329.1,329.5,330.2,330.8,-22.600010000000005,29.0,0,0.015266666666666656,0.016999999999999904
vehicle_013_session_00266,vehicle_013,266,train,130.0876170849116,41.6,332.8,334.1,336.5,340.0,-70.39209763157893,28.710526315789473,1,0.0369078947368421,0.04599999999999982
vehicle_013_session_00267,vehicle_013,267,train,128.58952083732441,28.0,326.4,328.8,329.9,331.1,-49.60658881578948,26.0,0,0.02155263157894738,0.02400000000000002
vehicle_013_session_00268,vehicle_013,268,train,128.0795727458408,22.8,327.7,328.85,330.3,331.7,-69.74801613333334,27.373333333333335,1,0.02742666666666669,0.02900000000000036
vehicle_013_session_00269,vehicle_013,269,train,131.40330463111113,47.6,332.8,334.29999999999995,336.70000000000005,339.1,-37.63465685333333,29.0,0,0.032133333333333285,0.040000000000000036
vehicle_013_session_00270,vehicle_013,270,train,129.39518864489494,53.6,339.1,340.75,344.3,347.2,-49.80002000000002,24.0,0,0.04258666666666671,0.04699999999999971
vehicle_013_session_00271,vehicle_013,271,train,129.1352553006329,34.4,329.1,329.9,331.0,332.1,-39.93420394736842,20.842105263157894,1,0.02059210526315791,0.02200000000000024
vehicle_013_session_00272,vehicle_013,272,train,128.95710229286402,27.2,328.6,329.9,331.5,333.0,-70.40921092105263,19.039473684210527,2,0.027447368421052654,0.03000000000000025
vehicle_013_session_00273,vehicle_013,273,train,130.37524846089443,41.2,331.6,332.5,334.275,336.3,-50.21467733333334,25.0,0,0.028813333333333364,0.03299999999999992
vehicle_013_session_00274,vehicle_013,274,train,128.29197195469033,22.8,326.7,327.7,328.9,329.9,-50.152641578947375,24.82894736842105,1,0.021763157894736852,0.02499999999999991
vehicle_013_session_00275,vehicle_013,275,train,128.17081906776093,24.4,328.0,329.2,330.7,332.2,-70.12632289473683,24.526315789473685,1,0.027789473684210534,0.029999999999999805
vehicle_013_session_00276,vehicle_013,276,train,127.49975383584868,46.8,335.8,337.4,341.5,346.1,-73.4631552631579,25.157894736842106,2,0.06282894736842108,0.07100000000000017
vehicle_013_session_00277,vehicle_013,277,train,125.34458552454156,15.2,325.8,327.45,329.6,330.8,-74.20001266666668,21.933333333333334,1,0.03448000000000002,0.042999999999999705
vehicle_013_session_00278,vehicle_013,278,train,129.08214348860795,48.8,337.4,339.35,344.1,348.6,-74.8381625,22.460526315789473,1,0.0649342105263158,0.07099999999999973
vehicle_013_session_00279,vehicle_013,279,train,125.0751006696429,30.4,329.9,331.35,333.25,335.3,-74.80395078947369,22.842105263157894,2,0.036276315789473726,0.04100000000000037
vehicle_013_session_00280,vehicle_013,280,train,128.65590271677928,38.4,331.6,332.75,334.9,337.5,-70.23734706666666,28.30666666666667,1,0.04059999999999998,0.0479999999999996
vehicle_013_session_00281,vehicle_013,281,train,126.00523473703267,13.2,323.2,324.6,326.6,328.0,-50.05395578947369,26.80263157894737,1,0.03346052631578945,0.039000000000000146
vehicle_013_session_00282,vehicle_013,282,train,129.33347081430747,39.2,330.8,331.7,333.3,335.2,-50.16316657894737,29.907894736842106,1,0.03226315789473687,0.03699999999999992
vehicle_013_session_00283,vehicle_013,283,train,126.17538275517556,12.8,323.8,325.5,328.0,329.6,-70.1434305263158,26.0,0,0.03589473684210522,0.04300000000000015
vehicle_013_session_00284,vehicle_013,284,train,129.16352585799115,42.4,332.1,333.0,334.9,337.1,-50.42631368421053,26.0,0,0.0366842105263158,0.04300000000000015
vehicle_013_session_00285,vehicle_013,285,train,126.21908803661614,12.8,324.4,325.8,328.375,329.7,-70.7400144,24.0,0,0.03449333333333333,0.041999999999999815
vehicle_013_session_00286,vehicle_013,286,train,126.7015316946443,42.4,333.0,334.6,337.2,340.8,-70.22000946666667,24.133333333333333,2,0.045453333333333325,0.05799999999999983
vehicle_013_session_00287,vehicle_013,287,train,128.0432169041054,43.2,332.4,333.4,335.2,337.4,-44.98311519480519,24.051948051948052,1,0.03631168831168833,0.04300000000000015
vehicle_013_session_00288,vehicle_013,288,train,128.1652249840967,45.2,332.1,335.5,338.55,343.0,-69.60000881578947,27.32894736842105,1,0.05139473684210525,0.06200000000000028
vehicle_013_session_00289,vehicle_013,289,train,129.26921383656776,39.2,330.2,330.7,331.6,332.5,-25.90265693333333,31.0,0,0.020720000000000034,0.02300000000000013
vehicle_013_session_00290,vehicle_013,290,train,128.47550910148976,26.4,326.4,326.9,327.7,328.3,-25.90265693333333,33.0,0,0.015453333333333354,0.017999999999999794
vehicle_013_session_00291,vehicle_013,291,train,128.35016458526235,25.6,328.0,329.2,330.7,332.2,-70.01447618421052,30.92105263157895,1,0.028539473684210538,0.03100000000000014
vehicle_013_session_00292,vehicle_013,292,train,128.7391508739407,13.2,323.5,324.95,327.6,329.2,-70.13948197368421,30.88157894736842,1,0.03326315789473683,0.0389999999999997
vehicle_013_session_00293,vehicle_013,293,train,126.43843741504139,60.4,348.6,350.1,353.25,357.2,-69.96973960526317,35.73684210526316,1,0.04688157894736846,0.04800000000000004
vehicle_013_session_00294,vehicle_013,294,train,131.86985791416424,53.2,336.9,339.20000000000005,342.29999999999995,345.2,-44.439488289473694,29.0,0,0.042078947368421084,0.04600000000000026
vehicle_013_session_00295,vehicle_013,295,train,130.76109441334995,70.8,355.7,357.29999999999995,360.8,365.0,-70.14474565789473,28.94736842105263,1,0.0418815789473684,0.04400000000000048
vehicle_013_session_00296,vehicle_013,296,train,129.21300277387638,26.8,328.3,329.5,331.0,332.4,-69.91052736842103,24.657894736842106,1,0.026671052631578977,0.02900000000000036
vehicle_013_session_00297,vehicle_013,297,train,128.4174304275295,26.0,328.0,329.6,331.1,332.5,-69.98552618421053,23.407894736842106,1,0.026500000000000013,0.03000000000000025
vehicle_013_session_00298,vehicle_013,298,train,131.34174268939393,75.6,359.3,361.20000000000005,365.0333333333333,369.4,-70.2840104,26.893333333333334,1,0.04088000000000001,0.04300000000000015
vehicle_013_session_00299,vehicle_013,299,train,132.59223338888893,64.4,350.3,352.45,355.9,360.0,-69.83158539473683,20.236842105263158,1,0.03963157894736845,0.04200000000000026
vehicle_013_session_00300,vehicle_013,300,train,131.9449186100746,57.6,343.9,346.25,350.1,354.1,-70.4079014473684,20.776315789473685,1,0.041697368421052664,0.04700000000000015
vehicle_013_session_00301,vehicle_013,301,train,131.23372474192948,56.0,342.8,345.25,349.20000000000005,353.0,-69.9894752631579,19.894736842105264,1,0.04263157894736841,0.04899999999999993
vehicle_013_session_00302,vehicle_013,302,train,127.32317014520201,20.0,327.7,328.9,330.375,331.6,-69.97466680000001,18.6,1,0.02558666666666669,0.027000000000000135
vehicle_013_session_00303,vehicle_013,303,train,130.92991454026702,46.0,331.7,333.45000000000005,335.8,338.0,-37.46666666666667,21.0,0,0.027613333333333313,0.03299999999999992
vehicle_013_session_00304,vehicle_013,304,train,129.7072364621914,47.6,332.7,334.4,337.1,339.7,-37.53551731578947,21.355263157894736,1,0.031460526315789425,0.039000000000000146
vehicle_013_session_00305,vehicle_013,305,train,131.0262557013889,58.0,341.1,343.05,346.3,348.6,-37.604000400000004,22.0,0,0.03517333333333334,0.039000000000000146
vehicle_013_session_00306,vehicle_013,306,train,128.11134664007093,4.0,318.0,319.29999999999995,321.79999999999995,323.6,-45.03289802631579,24.0,0,0.02888157894736845,0.03299999999999992
vehicle_013_session_00307,vehicle_013,307,train,129.81330269155478,38.4,331.1,332.45,334.6,337.1,-70.1200084,24.666666666666668,1,0.03231999999999997,0.03699999999999992
vehicle_013_session_00308,vehicle_013,308,train,127.99148071469912,35.2,331.3,332.6,334.65,337.1,-70.28553736842105,18.92105263157895,2,0.031118421052631552,0.03500000000000014
vehicle_013_session_00309,vehicle_013,309,train,126.31156121031746,42.0,333.8,335.2,338.0,342.1,-69.9119912,20.426666666666666,1,0.038746666666666645,0.04800000000000004
vehicle_013_session_00310,vehicle_013,310,train,128.53711661292994,29.2,328.9,330.25,331.775,333.5,-70.1666768,23.066666666666666,2,0.02818666666666669,0.03100000000000014
vehicle_013_session_00311,vehicle_013,311,train,130.23132275354214,38.0,331.1,332.45,334.4,337.1,-70.06184828947369,28.092105263157894,2,0.03234210526315788,0.03699999999999992
vehicle_013_session_00312,vehicle_013,312,train,129.54654255952383,30.4,328.3,329.0,330.0,331.1,-45.61053460526315,29.06578947368421,1,0.020868421052631595,0.02300000000000013
vehicle_013_session_00313,vehicle_013,313,train,133.94658438786013,76.0,358.5,359.6375,361.9,364.4,-41.72533946666667,32.0,0,0.034226666666666655,0.036000000000000476
vehicle_013_session_00314,vehicle_013,314,train,128.47291381288005,17.2,325.5,327.29999999999995,329.6,330.8,-69.98684078947367,19.473684210526315,1,0.027802631578947384,0.03500000000000014
vehicle_013_session_00315,vehicle_013,315,train,130.82367236757105,58.0,342.7,344.35,346.85,349.6,-45.047378421052635,28.86842105263158,1,0.03730263157894735,0.041999999999999815
vehicle_013_session_00316,vehicle_013,316,train,127.43723722785286,28.8,328.9,330.3,331.9,333.6,-70.68027315789472,26.68421052631579,1,0.029065789473684253,0.03200000000000003
vehicle_013_session_00317,vehicle_013,317,train,128.23183455513788,40.4,332.2,333.45000000000005,335.7,338.8,-70.0829027631579,26.63157894736842,1,0.03540789473684209,0.041999999999999815
vehicle_013_session_00318,vehicle_013,318,train,130.67682764756947,62.4,346.8,348.1,350.4,353.0,-43.36842657894738,26.0,0,0.03555263157894736,0.039000000000000146
vehicle_013_session_00319,vehicle_013,319,train,129.87994830917873,66.8,351.3,352.75,355.4,358.3,-50.21053671052632,24.0,0,0.037144736842105314,0.038000000000000256
vehicle_013_session_00320,vehicle_013,320,train,129.21479153579062,45.6,334.2,335.75,338.85,343.3,-70.12500842105263,30.407894736842106,1,0.04203947368421052,0.04900000000000038
vehicle_013_session_00321,vehicle_013,321,train,129.96750563446975,52.4,338.5,340.5,344.9,349.1,-70.11053565789474,31.039473684210527,2,0.04476315789473686,0.04900000000000038
vehicle_013_session_00322,vehicle_013,322,train,128.13224797092016,21.2,326.7,328.1,329.6,330.8,-70.03289802631579,30.86842105263158,1,0.02731578947368424,0.03200000000000003
vehicle_013_session_00323,vehicle_013,323,train,129.4178712680906,50.0,336.9,338.70000000000005,342.9,347.2,-70.0853412,31.893333333333334,1,0.04400000000000003,0.04800000000000004
vehicle_013_session_00324,vehicle_013,324,train,125.90964589295736,18.4,325.7,326.65,327.8,328.8,-45.04869421052632,30.81578947368421,1,0.020947368421052628,0.02499999999999991
vehicle_013_session_00325,vehicle_013,325,train,130.48400338273197,58.8,344.9,346.8,350.25,354.3,-70.09474605263159,35.0,0,0.04131578947368419,0.04499999999999993
vehicle_013_session_00326,vehicle_013,326,train,131.2143291399573,56.0,341.1,342.45,345.2,347.7,-43.521341866666674,34.0,0,0.03610666666666665,0.04100000000000037
vehicle_013_session_00327,vehicle_013,327,train,129.77735377296588,46.8,334.9,336.35,339.65,344.1,-69.98799933333333,33.96,2,0.04189333333333334,0.04800000000000004
vehicle_013_session_00328,vehicle_013,328,train,127.04453246773289,35.2,328.3,329.7,331.20000000000005,332.4,-37.75526242105263,32.0,0,0.01956578947368426,0.02200000000000024
vehicle_013_session_00329,vehicle_013,329,train,129.35675581955925,49.2,336.6,338.1,342.15,346.6,-70.04342539473684,32.56578947368421,1,0.04505263157894739,0.04900000000000038
vehicle_013_session_00330,vehicle_013,330,train,125.8233676304714,32.0,330.2,331.5,333.2,335.2,-69.97866853333333,24.72,1,0.02849333333333338,0.03100000000000014
vehicle_013_session_00331,vehicle_013,331,train,129.70447058080808,44.8,333.9,335.25,338.25,342.5,-70.10534146666667,26.066666666666666,2,0.03786666666666667,0.04600000000000026
vehicle_013_session_00332,vehicle_013,332,train,127.7222500590514,38.8,332.1,333.25,335.5,338.5,-70.10000842105264,24.342105263157894,1,0.0322894736842105,0.03699999999999992
vehicle_013_session_00333,vehicle_013,333,train,129.42630979739405,58.8,345.0,347.25,350.9,354.9,-70.14211513157895,25.763157894736842,1,0.039868421052631574,0.04300000000000015
vehicle_013_session_00334,vehicle_013,334,train,123.5531053614098,60.4,350.3,352.15,355.7375,359.6,-70.44266733333333,22.52,1,0.039399999999999984,0.040999999999999925
vehicle_013_session_00335,vehicle_013,335,train,125.67723381368744,20.4,326.1,328.55,330.0,331.4,-69.68421236842104,26.539473684210527,1,0.026315789473684265,0.02900000000000036
vehicle_013_session_00336,vehicle_013,336,train,127.81250558192683,42.8,334.9,335.3,337.5,341.3,-69.94754163934427,31.311475409836067,1,0.03767213114754096,0.04500000000000037
vehicle_013_session_00337,vehicle_013,337,train,129.06830266203707,74.4,361.0,361.8,365.0,369.4,-69.87705409836065,33.50819672131148,1,0.04227868852459023,0.04400000000000048
vehicle_013_session_00338,vehicle_013,338,train,130.80181864316242,57.2,345.0,345.8,349.1,353.0,-70.31804672131148,33.0,0,0.04221311475409832,0.04600000000000026
vehicle_013_session_00339,vehicle_013,339,train,129.793417650463,23.2,328.5,328.8,329.9,331.0,-64.83771163934426,35.0,0,0.026114754098360685,0.028000000000000025
vehicle_013_session_00340,vehicle_013,340,train,124.50696400462965,47.2,337.5,338.2,340.7,344.6,-64.80656901639345,37.75409836065574,1,0.04126229508196722,0.04599999999999982
vehicle_013_session_00341,vehicle_013,341,train,128.05045332422594,71.2,357.2,358.0,361.0,364.9,-64.79837016393444,39.0,0,0.040754098360655786,0.0420000000000007
vehicle_013_session_00342,vehicle_013,342,train,125.42953022119343,53.2,341.6,342.2,344.7,347.5,-50.04426524590164,36.34426229508197,1,0.039950819672131176,0.04300000000000015
vehicle_013_session_00343,vehicle_013,343,train,129.27016135620912,74.8,359.9,360.5,362.8,365.8,-50.0327886885246,37.0,0,0.03737704918032784,0.0389999999999997
vehicle_013_session_00344,vehicle_013,344,train,131.24365422453704,56.0,343.0,344.1,347.4,351.0,-65.20328901639346,34.0,0,0.043606557377049195,0.04900000000000038
vehicle_013_session_00345,vehicle_013,345,train,129.06252974849852,32.8,331.3,331.6,332.8,334.6,-69.80657409836064,36.18032786885246,1,0.030459016393442652,0.03400000000000025
vehicle_013_session_00346,vehicle_013,346,train,129.2592728324916,62.8,350.0,350.8,353.8,357.7,-69.83279704918033,39.049180327868854,1,0.04355737704918036,0.04500000000000037
vehicle_013_session_00347,vehicle_013,347,train,128.86896305783236,64.8,351.9,352.7,356.0,360.0,-70.86885180327869,34.0,0,0.043098360655737696,0.04400000000000004
vehicle_013_session_00348,vehicle_013,348,train,129.25634902426165,53.2,339.4,341.4,345.7,349.7,-70.6278770491803,37.80327868852459,1,0.04804918032786884,0.05400000000000027
vehicle_013_session_00349,vehicle_013,349,train,129.47970721153845,66.0,352.4,353.2,356.3,360.3,-69.96885262295082,41.0,0,0.04336065573770494,0.04500000000000037
vehicle_013_session_00350,vehicle_013,350,train,127.90895640432103,23.2,328.2,328.9,330.3,331.6,-70.04262639344262,35.114754098360656,2,0.02813114754098363,0.03000000000000025
vehicle_013_session_00351,vehicle_013,351,train,124.63615502738652,44.8,336.9,337.4,339.9,344.1,-70.02459229508197,38.21311475409836,2,0.043360655737704916,0.04900000000000038
vehicle_013_session_00352,vehicle_013,352,train,126.83071264367815,73.2,360.0,360.8,364.1,368.3,-70.00000295081968,40.0,0,0.044967213114754094,0.04600000000000026
vehicle_013_session_00353,vehicle_013,353,train,127.13392972432658,40.8,334.2,334.7,336.4,339.4,-69.92622213114754,38.67213114754098,1,0.03681967213114747,0.04300000000000015
vehicle_013_session_00354,vehicle_013,354,train,129.23769197180133,67.6,354.3,354.9,358.0,362.1,-69.95245426229508,40.18032786885246,1,0.045081967213114756,0.04600000000000026
vehicle_013_session_00355,vehicle_013,355,train,128.83929278273817,71.2,357.5,358.3,361.4,365.7,-70.03115032786886,39.0,0,0.04549180327868849,0.0470000000000006
vehicle_013_session_00356,vehicle_013,356,train,128.05440494080148,27.2,328.5,329.6,330.8,332.2,-69.44097770491803,37.65573770491803,1,0.028803278688524628,0.03100000000000014
vehicle_013_session_00357,vehicle_013,357,train,126.79592264957267,51.6,340.7,341.4,344.7,348.6,-69.40326901639344,40.540983606557376,1,0.047639344262295096,0.050000000000000266
vehicle_013_session_00358,vehicle_013,358,train,129.352867816092,20.8,326.0,327.2,329.1,330.3,-70.16230475409836,39.540983606557376,1,0.03095081967213116,0.038000000000000256
vehicle_013_session_00359,vehicle_013,359,train,127.38249647435899,44.0,335.3,335.8,337.8,341.3,-70.1377149180328,42.14754098360656,2,0.04021311475409829,0.04900000000000038
vehicle_013_session_00360,vehicle_013,360,train,129.5553217592593,70.0,355.8,356.6,359.9,363.9,-70.14099344262294,44.0,0,0.04559016393442623,0.0470000000000006
vehicle_013_session_00361,vehicle_013,361,train,126.15921594551286,59.6,346.4,347.1,349.1,351.4,-45.200010000000006,39.0,0,0.03747540983606552,0.039000000000000146
vehicle_013_session_00362,vehicle_013,362,train,130.37377753665123,44.0,334.4,335.0,337.5,341.6,-70.72788163934425,38.81967213114754,1,0.041606557377049165,0.050000000000000266
vehicle_013_session_00363,vehicle_013,363,train,128.78700335837888,26.4,329.6,329.7,330.7,332.1,-65.02131360655738,39.0,0,0.027409836065573803,0.02900000000000036
vehicle_013_session_00364,vehicle_013,364,train,127.54409567901234,51.2,339.7,340.3,343.5,347.2,-65.00164049180329,41.91803278688525,1,0.04627868852459019,0.04899999999999993
vehicle_013_session_00365,vehicle_013,365,train,127.37545932539682,29.2,330.3,330.5,331.6,333.0,-69.20000999999999,37.47540983606557,1,0.02932786885245902,0.03200000000000003
vehicle_013_session_00366,vehicle_013,366,train,128.64137163978492,54.4,342.5,343.5,346.6,350.3,-69.17705918032787,40.22950819672131,1,0.0471967213114754,0.050000000000000266
vehicle_013_session_00367,vehicle_013,367,train,129.5998651525501,58.4,344.7,345.5,347.8,350.8,-50.583614918032794,41.0,0,0.040213114754098306,0.04300000000000015
vehicle_013_session_00368,vehicle_013,368,train,128.71701313657414,47.6,337.4,338.0,341.3,345.8,-69.95081934426229,31.360655737704917,1,0.047409836065573786,0.052000000000000046
vehicle_013_session_00369,vehicle_013,369,train,127.53473521505369,71.6,358.8,359.6,362.8,366.9,-69.91639032786885,33.0,0,0.046114754098360675,0.04800000000000004
vehicle_013_session_00370,vehicle_013,370,train,128.44352918002141,21.2,327.2,328.3,329.7,331.1,-70.21476573770491,29.131147540983605,1,0.028278688524590208,0.03299999999999992
vehicle_013_session_00371,vehicle_013,371,train,123.60408363526574,42.0,335.5,336.0,338.0,341.4,-70.18853459016394,31.934426229508198,2,0.04019672131147534,0.04800000000000004
vehicle_013_session_00372,vehicle_013,372,train,126.1629306693989,69.6,356.6,357.4,360.7,364.7,-70.19509196721312,34.24590163934426,1,0.04637704918032786,0.04800000000000004
vehicle_013_session_00373,vehicle_013,373,train,128.50747139303485,26.0,329.9,330.2,331.1,332.5,-70.03606918032787,35.42622950819672,1,0.02913114754098363,0.03100000000000014
vehicle_013_session_00374,vehicle_013,374,train,126.96724316406252,53.2,342.4,343.2,346.4,350.3,-70.06721983606558,38.83606557377049,1,0.04834426229508194,0.051000000000000156
vehicle_013_session_00375,vehicle_013,375,train,128.89232268898002,72.4,358.5,359.3,362.5,366.8,-69.96720983606556,38.0,0,0.04645901639344262,0.04800000000000004
vehicle_013_session_00376,vehicle_013,376,train,129.58433558294212,22.8,329.1,329.2,330.3,331.6,-69.71804459016393,32.73770491803279,1,0.027672131147541024,0.03000000000000025
vehicle_013_session_00377,vehicle_013,377,train,127.0597091888084,51.6,341.1,341.9,345.3,349.1,-69.7311606557377,36.18032786885246,1,0.04621311475409835,0.04899999999999993
vehicle_013_session_00378,vehicle_013,378,train,128.82661656746032,26.8,329.9,330.2,331.1,332.5,-70.0065606557377,33.42622950819672,1,0.028131147540983645,0.03100000000000014
vehicle_013_session_00379,vehicle_013,379,train,128.5495112007168,52.4,341.1,341.9,345.2,349.3,-69.99016557377048,36.63934426229508,1,0.04663934426229508,0.04900000000000038
vehicle_013_session_00380,vehicle_013,380,train,130.66389930555556,77.6,363.0,363.6,367.1,371.3,-69.96393770491804,38.0,0,0.045245901639344256,0.0470000000000006
vehicle_013_session_00381,vehicle_013,381,train,125.11580839319926,52.0,341.1,341.8,344.1,346.8,-45.100010000000005,32.0,0,0.041065573770491824,0.04400000000000004
vehicle_013_session_00382,vehicle_013,382,train,129.00879465060765,64.4,352.8,353.6,356.8,360.8,-69.98688770491805,36.0,0,0.04501639344262296,0.04600000000000026
vehicle_013_session_00383,vehicle_013,383,train,130.2458172398589,63.2,348.9,350.3,353.8,357.7,-70.04098688524591,34.49180327868852,1,0.04378688524590169,0.04500000000000037
vehicle_013_session_00384,vehicle_013,384,train,129.50390311164534,61.2,347.1,348.9,352.2,356.3,-70.22788163934426,34.0,0,0.044245901639344276,0.04600000000000026
vehicle_013_session_00385,vehicle_013,385,train,128.73239339759536,64.0,350.7,351.4,354.7,358.6,-70.10492344262295,39.0,0,0.04455737704918033,0.04699999999999971
vehicle_013_session_00386,vehicle_013,386,train,126.72813007478635,29.2,329.2,330.2,331.6,333.3,-69.74427672131148,33.295081967213115,1,0.02952459016393445,0.03300000000000036
vehicle_013_session_00387,vehicle_013,387,train,127.3842946937322,55.2,344.4,345.2,348.3,352.2,-69.78198540983605,36.0,0,0.046278688524590134,0.04899999999999993
vehicle_013_session_00388,vehicle_013,388,train,128.23242393663193,20.4,328.5,328.8,329.7,331.0,-69.94590147540984,38.0,0,0.028672131147541028,0.03100000000000014
vehicle_013_session_00389,vehicle_013,389,train,126.006947740858,46.0,337.2,337.7,340.0,344.3,-69.92131409836067,41.032786885245905,2,0.044393442622950814,0.050000000000000266
vehicle_013_session_00390,vehicle_013,390,train,128.80418569444447,77.6,363.3,364.1,367.4,371.6,-69.9524637704918,43.0,0,0.046754098360655784,0.04800000000000004
vehicle_013_session_00391,vehicle_013,391,train,126.64431002824858,36.4,332.5,332.8,334.4,336.8,-69.86885704918033,36.32786885245902,1,0.03370491803278686,0.03699999999999992
vehicle_013_session_00392,vehicle_013,392,train,128.44779822530867,60.4,348.6,349.4,352.4,356.3,-69.82951540983606,38.67213114754098,1,0.04513114754098361,0.04699999999999971
vehicle_013_session_00393,vehicle_013,393,train,128.97758338025525,31.6,330.2,330.7,332.1,333.9,-70.83443590163935,33.47540983606557,1,0.030327868852459056,0.03400000000000025
vehicle_013_session_00394,vehicle_013,394,train,129.8377586805556,61.6,349.1,349.9,353.0,356.8,-70.85574098360655,36.0,0,0.04514754098360659,0.04700000000000015
vehicle_013_session_00395,vehicle_013,395,train,127.79166666666664,56.4,343.5,343.9,346.1,348.6,-45.0,37.0,0,0.03927868852459019,0.04200000000000026
vehicle_013_session_00396,vehicle_013,396,train,126.7013810889694,37.6,332.4,332.8,334.6,337.2,-69.98032590163933,34.557377049180324,1,0.034573770491803296,0.039000000000000146
vehicle_013_session_00397,vehicle_013,397,train,127.87651974826392,65.2,352.8,353.6,356.6,360.7,-69.89671819672131,37.0,0,0.0455081967213115,0.04700000000000015
vehicle_013_session_00398,vehicle_013,398,train,125.64902619485301,25.6,329.6,329.9,330.8,332.4,-70.28526114754098,35.24590163934426,1,0.028967213114754118,0.03100000000000014
vehicle_013_session_00399,vehicle_013,399,train,126.08345169655415,52.8,342.2,343.0,346.3,350.2,-70.30002,38.19672131147541,1,0.04796721311475407,0.051000000000000156
vehicle_013_session_00400,vehicle_013,400,train,129.91026071282687,70.4,356.0,356.9,360.3,364.6,-70.66394393442623,34.0,0,0.04527868852459019,0.0470000000000006
vehicle_013_session_00401,vehicle_013,401,train,130.2679530472637,51.6,337.7,339.6,344.1,348.5,-70.19181377049179,33.278688524590166,1,0.05047540983606555,0.05500000000000016
vehicle_013_session_00402,vehicle_013,402,train,124.19958662595789,33.6,331.9,332.2,333.3,334.9,-59.95409508196721,35.65573770491803,1,0.029393442622950842,0.03200000000000003
vehicle_013_session_00403,vehicle_013,403,train,124.91105592105264,56.8,346.0,346.6,349.3,352.5,-59.95901229508197,38.0,0,0.04390163934426229,0.04600000000000026
vehicle_013_session_00404,vehicle_013,404,train,128.51408167052466,40.0,331.7,332.6,334.6,336.9,-59.957331200000006,34.906666666666666,1,0.032666666666666684,0.038000000000000256
vehicle_013_session_00405,vehicle_013,405,train,128.42130154647438,45.2,333.9,334.95,337.45,340.8,-60.14934226666667,30.76,1,0.03946666666666663,0.04800000000000004
vehicle_013_session_00406,vehicle_013,406,train,129.05433813316995,61.6,348.8,349.6,352.7,356.6,-69.9163949180328,34.0,0,0.04581967213114755,0.04700000000000015
vehicle_013_session_00407,vehicle_013,407,train,127.63160721247564,60.8,347.7,348.3,350.8,353.9,-55.713126065573775,35.65573770491803,1,0.042426229508196724,0.04400000000000004
vehicle_013_session_00408,vehicle_013,408,train,129.0792394914216,43.2,333.2,334.2,336.4,339.4,-59.8026692,31.013333333333332,2,0.03714666666666661,0.04500000000000037
vehicle_013_session_00409,vehicle_013,409,train,130.14598244047622,58.0,343.6,345.25,348.3,351.6,-57.81579684210526,35.0,0,0.04430263157894734,0.050000000000000266
vehicle_013_session_00410,vehicle_013,410,train,127.5513870833333,29.2,328.9,329.4,330.5,331.7,-54.98524442622951,33.42622950819672,1,0.02503278688524592,0.028000000000000025
vehicle_013_session_00411,vehicle_013,411,train,124.25378270202022,49.2,338.2,338.6,341.1,344.6,-54.98032590163934,35.967213114754095,1,0.04557377049180334,0.050000000000000266
vehicle_013_session_00412,vehicle_013,412,train,129.44537637061407,52.4,340.0,341.0,344.9,349.1,-73.82623836065572,36.0,0,0.05140983606557378,0.05500000000000016
vehicle_013_session_00413,vehicle_013,413,train,128.9094548413505,45.6,333.9,335.0,337.5,340.7,-59.34000746666666,36.0,0,0.040279999999999955,0.050000000000000266
vehicle_013_session_00414,vehicle_013,414,train,127.06831421019898,42.4,335.2,335.5,337.5,341.0,-70.05902229508197,33.0655737704918,2,0.04039344262295079,0.04800000000000004
vehicle_013_session_00415,vehicle_013,415,train,128.00948049242425,69.6,356.3,357.1,360.2,364.3,-70.07541737704919,35.36065573770492,1,0.04747540983606555,0.04900000000000038
vehicle_013_session_00416,vehicle_013,416,train,127.71412818287041,44.8,336.1,336.8,339.3,343.2,-70.0918093442623,33.42622950819672,1,0.045016393442622926,0.052999999999999936
vehicle_013_session_00417,vehicle_013,417,train,127.74579255174287,74.0,360.3,361.1,364.4,368.8,-70.01967704918033,35.36065573770492,1,0.048016393442622984,0.05000000000000071
vehicle_013_session_00418,vehicle_013,418,train,128.529670940171,32.0,331.0,331.3,332.1,333.3,-54.68361655737706,33.42622950819672,1,0.026000000000000027,0.028000000000000025
vehicle_013_session_00419,vehicle_013,419,train,129.55067728758178,53.2,341.1,341.9,344.6,347.7,-54.673780491803285,36.0,0,0.04563934426229511,0.04800000000000004
vehicle_013_session_00420,vehicle_013,420,train,130.06983516683604,64.8,349.6,351.20000000000005,354.20000000000005,357.5,-60.0065802631579,34.0,0,0.04310526315789478,0.04499999999999993
vehicle_013_session_00421,vehicle_013,421,train,127.64176046423142,36.4,332.2,332.5,334.1,336.3,-70.60164868852459,33.967213114754095,1,0.03372131147540984,0.038000000000000256
vehicle_013_session_00422,vehicle_013,422,train,127.54297681261774,66.0,352.8,353.6,356.8,360.8,-70.65410836065571,37.0,0,0.04665573770491805,0.04800000000000004
vehicle_013_session_00423,vehicle_013,423,train,130.16964088114753,42.8,333.9,334.4,336.6,340.0,-70.5459062295082,34.57377049180328,1,0.039377049180327854,0.04899999999999993
vehicle_013_session_00424,vehicle_013,424,train,129.62294840399605,67.6,354.1,354.9,358.2,362.2,-70.63771491803277,36.967213114754095,1,0.046803278688524554,0.04899999999999993
vehicle_013_session_00425,vehicle_013,425,train,130.50319706498954,44.8,334.2,334.6,336.1,338.5,-49.80002000000002,38.0,0,0.033950819672131115,0.040000000000000036
vehicle_013_session_00426,vehicle_013,426,train,131.02199238184082,62.4,348.8,349.6,352.7,356.8,-70.30820606557377,38.0,0,0.04601639344262297,0.04700000000000015
vehicle_013_session_00427,vehicle_013,427,train,129.83638694234008,17.6,325.8,326.7,328.6,329.9,-70.49836049180328,37.63934426229508,0,0.032377049180327896,0.040000000000000036
vehicle_013_session_00428,vehicle_013,428,train,126.105850273569,44.0,336.0,336.4,338.6,342.2,-70.51147655737705,40.278688524590166,1,0.04283606557377047,0.051000000000000156
vehicle_013_session_00429,vehicle_013,429,train,128.31567927631582,70.8,356.8,357.7,360.8,365.0,-70.51803459016394,42.0,0,0.0477049180327869,0.04900000000000038
vehicle_013_session_00430,vehicle_013,430,train,126.50318561921293,32.4,331.4,331.6,332.8,334.6,-70.52131360655738,37.032786885245905,2,0.03208196721311475,0.03500000000000014
vehicle_013_session_00431,vehicle_013,431,train,128.7286766369048,61.6,348.6,349.4,352.5,356.4,-70.52787163934427,40.0,0,0.04724590163934428,0.04900000000000038
vehicle_013_session_00432,vehicle_013,432,train,125.8030303208138,37.6,333.0,333.5,334.9,337.4,-70.67214114754097,39.08196721311475,2,0.03626229508196719,0.040999999999999925
vehicle_013_session_00433,vehicle_013,433,train,126.80504819651743,66.0,353.2,353.9,357.1,361.1,-70.67869852459015,41.98360655737705,1,0.047803278688524575,0.04900000000000038
vehicle_013_session_00434,vehicle_013,434,train,128.57989930239899,34.0,329.6,330.5,331.79999999999995,333.5,-60.04210868421052,35.18421052631579,1,0.02859210526315792,0.03200000000000003
vehicle_013_session_00435,vehicle_013,435,train,124.59344643817205,37.6,332.5,332.8,333.9,335.7,-54.75575327868854,33.67213114754098,1,0.030262295081967223,0.03400000000000025
vehicle_013_session_00436,vehicle_013,436,train,126.77291421568628,62.8,349.6,350.2,352.5,355.5,-54.75083475409838,36.0,0,0.042245901639344316,0.04400000000000004
vehicle_013_session_00437,vehicle_013,437,train,128.68608840388012,55.6,343.6,344.7,348.0,352.1,-70.31149196721312,33.83606557377049,1,0.04867213114754098,0.05300000000000038
vehicle_013_session_00438,vehicle_013,438,train,127.36566928506379,27.6,330.2,330.3,331.4,332.8,-70.34590786885245,32.68852459016394,1,0.029704918032786933,0.03200000000000003
vehicle_013_session_00439,vehicle_013,439,train,125.75061437908498,52.0,340.8,341.8,345.0,349.1,-70.33771229508197,36.08196721311475,2,0.04985245901639343,0.052000000000000046
vehicle_013_session_00440,vehicle_013,440,train,127.95995098631244,63.2,350.8,351.6,354.7,358.6,-69.89508393442624,33.49180327868852,1,0.0452786885245902,0.04700000000000015
vehicle_013_session_00441,vehicle_013,441,train,125.2764437636166,43.2,334.1,334.4,335.7,337.4,-45.100010000000005,32.622950819672134,1,0.026278688524590147,0.028999999999999915
vehicle_013_session_00442,vehicle_013,442,train,129.71642545244106,59.6,347.5,348.5,351.6,355.5,-70.42950114754098,34.26229508196721,1,0.040245901639344286,0.042999999999999705
vehicle_013_session_00443,vehicle_013,443,train,131.90080615079367,49.2,336.8,338.3,342.5,347.2,-74.36721770491803,35.540983606557376,1,0.04437704918032791,0.04800000000000004
vehicle_013_session_00444,vehicle_013,444,train,129.0334721590909,67.6,354.7,355.5,358.6,362.8,-69.5836149180328,33.42622950819672,1,0.039803278688524575,0.04199999999999937
vehicle_013_session_00445,vehicle_013,445,train,131.23976161202185,19.2,325.5,326.9,328.9,330.2,-69.87049524590164,36.0,0,0.03014754098360658,0.03699999999999992
vehicle_013_session_00446,vehicle_013,446,train,127.45699258913767,44.0,335.8,336.1,338.5,341.9,-69.85574229508197,39.18032786885246,1,0.0375245901639344,0.04400000000000004
vehicle_013_session_00447,vehicle_013,447,train,131.08508675986846,40.4,331.9,333.0,335.0,338.0,-70.29509360655739,35.0,0,0.033295081967213085,0.03799999999999981
vehicle_013_session_00448,vehicle_013,448,train,130.48554316077448,71.2,357.4,358.2,361.4,365.5,-70.35410213114756,37.0,0,0.0415573770491803,0.04300000000000015
vehicle_013_session_00449,vehicle_013,449,train,129.80168663194442,52.4,338.6,340.3,344.7,348.8,-69.934428852459,40.049180327868854,1,0.045098360655737725,0.04900000000000038
vehicle_013_session_00450,vehicle_013,450,train,129.05259213789688,73.2,359.3,360.0,363.3,367.5,-69.89508655737704,41.0,0,0.04145901639344269,0.04300000000000015
vehicle_013_session_00451,vehicle_013,451,train,127.49451785714288,35.6,332.1,332.5,333.9,336.1,-69.25903229508197,38.59016393442623,1,0.03142622950819674,0.03400000000000025
vehicle_013_session_00452,vehicle_013,452,train,128.43840251736114,15.6,325.3,326.3,328.5,329.9,-69.79510081967213,35.0,0,0.03078688524590165,0.03600000000000003
vehicle_013_session_00453,vehicle_013,453,train,124.3257183977456,47.6,339.1,339.7,342.8,347.1,-69.78362491803279,38.81967213114754,1,0.043327868852459046,0.04700000000000015
vehicle_013_session_00454,vehicle_013,454,train,127.18490900157231,75.6,362.4,363.2,366.4,370.8,-69.81313081967214,40.540983606557376,1,0.042278688524590234,0.04400000000000048
vehicle_013_session_00455,vehicle_013,455,train,130.13020553626546,12.0,322.7,323.9,326.6,328.8,-69.92950573770491,38.0,0,0.032393442622950776,0.03500000000000014
vehicle_013_session_00456,vehicle_013,456,train,125.69068335843373,41.2,335.0,335.5,337.4,340.3,-69.85738180327867,40.721311475409834,1,0.03560655737704914,0.041999999999999815
vehicle_013_session_00457,vehicle_013,457,train,128.74817635233916,51.6,340.5,341.4,344.9,348.9,-70.00328049180328,34.01639344262295,0,0.045098360655737676,0.04899999999999993
vehicle_013_session_00458,vehicle_013,458,train,129.25099962797617,74.8,361.0,361.8,365.0,369.4,-69.95246081967213,35.49180327868852,1,0.042934426229508243,0.04400000000000048
vehicle_013_session_00459,vehicle_013,459,train,129.37499836601305,24.8,329.4,329.7,330.7,332.1,-69.98524442622951,34.40983606557377,1,0.027606557377049205,0.03000000000000025
vehicle_013_session_00460,vehicle_013,460,train,128.01740854851332,52.4,341.6,342.4,345.7,349.7,-69.98032590163933,38.114754098360656,1,0.044868852459016395,0.04700000000000015
vehicle_013_session_00461,vehicle_013,461,train,130.1148905739379,45.6,334.9,335.7,338.5,342.8,-69.98032590163935,36.52459016393443,1,0.04106557377049176,0.04899999999999993
vehicle_013_session_00462,vehicle_013,462,train,127.83704124760534,72.8,359.3,360.2,363.3,367.5,-70.05082475409836,38.0,0,0.04326229508196724,0.04499999999999993
vehicle_013_session_00463,vehicle_013,463,train,128.70252078227125,55.2,343.3,344.3,347.4,351.3,-69.99180934426231,41.0,0,0.04485245901639343,0.04800000000000004
vehicle_013_session_00464,vehicle_013,464,train,129.8003517795139,15.2,324.1,325.2,327.8,329.6,-69.9704944262295,36.0,0,0.03242622950819671,0.03699999999999992
vehicle_013_session_00465,vehicle_013,465,train,126.00037481231229,40.8,334.9,335.2,337.1,340.0,-69.93278590163935,38.49180327868852,1,0.03595081967213112,0.04200000000000026
vehicle_013_session_00466,vehicle_013,466,train,129.1925717984934,70.8,357.5,358.3,361.6,365.7,-69.93114836065574,40.47540983606557,1,0.043540983606557344,0.04600000000000026
vehicle_013_session_00467,vehicle_013,467,train,129.65086151933,8.400001,321.3,322.5,325.2,327.5,-69.99836573770493,40.0,0,0.033065573770491775,0.03500000000000014
vehicle_013_session_00468,vehicle_013,468,train,127.71611365049753,30.0,331.4,331.6,332.7,334.4,-70.01967622950819,41.114754098360656,1,0.030377049180327888,0.03300000000000036
vehicle_013_session_00469,vehicle_013,469,train,128.46831954225357,57.2,346.6,347.2,350.3,354.1,-70.04098901639344,44.0,0,0.0441639344262295,0.04699999999999971
vehicle_013_session_00470,vehicle_013,470,train,127.87500625000004,17.2,326.0,326.9,328.9,330.3,-74.0360695081967,37.0,0,0.03255737704918032,0.040000000000000036
vehicle_013_session_00471,vehicle_013,471,train,124.30297144485908,49.2,339.9,340.7,344.1,348.3,-74.0524624590164,40.26229508196721,1,0.04672131147540986,0.04999999999999982
vehicle_013_session_00472,vehicle_013,472,train,129.31353665755918,68.8,355.2,356.1,359.3,363.3,-69.9934419672131,38.75409836065574,1,0.04350819672131143,0.04499999999999993
vehicle_013_session_00473,vehicle_013,473,train,133.08121356837609,46.0,334.9,335.8,338.8,343.2,-69.58525442622951,38.131147540983605,2,0.04227868852459014,0.050000000000000266
vehicle_013_session_00474,vehicle_013,474,train,128.86845220588233,20.8,327.2,327.5,328.5,329.4,-50.888518032786884,39.0,0,0.023721311475409866,0.02900000000000036
vehicle_013_session_00475,vehicle_013,475,train,124.10947550154323,41.2,333.8,334.1,335.3,337.2,-50.836074754098384,41.0,0,0.029147540983606536,0.03299999999999992
vehicle_013_session_00476,vehicle_013,476,train,127.14736832788667,62.8,349.6,350.0,352.4,355.2,-50.75083475409838,42.0,0,0.03803278688524594,0.040000000000000036
vehicle_013_session_00477,vehicle_013,477,train,130.80203739754097,12.0,324.4,324.9,326.9,328.8,-70.0688593442623,42.0,0,0.03290163934426224,0.03600000000000003
vehicle_013_session_00478,vehicle_013,478,train,127.95192980769228,36.8,333.2,333.6,335.0,337.2,-70.02951114754099,43.47540983606557,1,0.03391803278688524,0.038000000000000256
vehicle_013_session_00479,vehicle_013,479,train,128.04311589360586,63.2,351.1,351.9,355.0,358.8,-70.0393481967213,46.0,0,0.04463934426229508,0.04600000000000026
vehicle_013_session_00480,vehicle_013,480,train,127.153268628003,34.8,332.2,332.4,333.9,336.0,-71.29017901639344,41.49180327868852,1,0.03288524590163935,0.03600000000000003
vehicle_013_session_00481,vehicle_013,481,train,129.54763482142857,20.8,328.9,329.2,330.2,331.3,-70.59673098360656,41.0,0,0.028688524590163963,0.03000000000000025
vehicle_013_session_00482,vehicle_013,482,train,128.275134497549,49.2,339.6,340.2,343.5,347.5,-70.56394081967213,44.377049180327866,1,0.0464098360655738,0.04999999999999982
vehicle_013_session_00483,vehicle_013,483,train,130.84773377634107,74.4,359.9,360.5,363.9,368.2,-69.83771360655739,43.60655737704918,1,0.04511475409836062,0.0470000000000006
vehicle_013_session_00484,vehicle_013,484,train,125.7127979359568,42.4,333.8,334.1,335.2,336.9,-45.100010000000005,39.0,0,0.02847540983606554,0.03200000000000003
vehicle_013_session_00485,vehicle_013,485,train,127.67363125000003,58.0,344.4,346.1,349.6,353.6,-70.23935557377048,39.34426229508197,-1,0.04573770491803276,0.051000000000000156
vehicle_013_session_00486,vehicle_013,486,train,130.4314765482696,70.8,356.3,357.2,360.5,364.6,-69.88524295081967,39.885245901639344,1,0.04419672131147537,0.045999999999999375
vehicle_013_session_00487,vehicle_013,487,train,127.37191752049176,42.0,334.9,335.3,337.4,340.8,-69.9442586885246,32.77049180327869,1,0.03891803278688525,0.04700000000000015
vehicle_013_session_00488,vehicle_013,488,train,127.45844376052189,66.8,354.4,355.2,358.3,362.4,-69.89507803278688,35.0,0,0.04519672131147542,0.04700000000000015
vehicle_013_session_00489,vehicle_013,489,train,127.61588987424926,50.4,339.4,340.2,343.5,347.7,-70.42950114754098,39.40983606557377,1,0.04826229508196725,0.052000000000000046
vehicle_013_session_00490,vehicle_013,490,train,129.0927404192387,72.4,357.2,358.6,362.4,366.9,-74.72951819672129,42.377049180327866,1,0.046524590163934405,0.04800000000000004
vehicle_013_session_00491,vehicle_013,491,train,128.30233324074078,44.0,335.2,335.7,338.0,341.9,-69.60820672131148,37.59016393442623,1,0.04149180327868846,0.050000000000000266
vehicle_013_session_00492,vehicle_013,492,train,128.22192248419825,30.8,329.1,329.95,331.1,332.7,-60.00933586666666,40.04,1,0.027200000000000044,0.03000000000000025
vehicle_013_session_00493,vehicle_013,493,train,127.43110784014507,26.0,327.8,328.8,329.9,331.1,-60.011843289473674,40.0,0,0.025973684210526336,0.028000000000000025
vehicle_013_session_00494,vehicle_013,494,train,124.62690157828283,35.6,332.7,332.8,334.2,336.4,-70.01639721311474,41.26229508196721,1,0.03370491803278688,0.038000000000000256
vehicle_013_session_00495,vehicle_013,495,train,127.45616547131146,26.4,328.5,329.6,331.0,332.4,-69.96720983606556,38.50819672131148,1,0.02960655737704921,0.03200000000000003
vehicle_013_session_00496,vehicle_013,496,train,127.08458764223556,51.2,340.7,341.4,344.9,348.9,-69.98360491803278,41.52459016393443,1,0.049491803278688525,0.052999999999999936
vehicle_013_session_00497,vehicle_013,497,train,127.49512901017218,28.0,330.2,330.3,331.4,333.0,-69.70328901639343,40.09836065573771,1,0.029950819672131153,0.03299999999999992
vehicle_013_session_00498,vehicle_013,498,train,127.17131787037042,56.8,345.7,346.4,349.6,353.3,-69.70328901639343,43.39344262295082,1,0.04740983606557378,0.050000000000000266
vehicle_013_session_00499,vehicle_013,499,train,129.35398214984352,18.8,327.4,327.8,329.2,330.3,-70.33279704918034,37.31147540983606,1,0.030229508196721315,0.03400000000000025
vehicle_013_session_00500,vehicle_013,500,train,125.51763712606841,47.2,337.8,338.5,341.1,345.5,-70.34754672131147,40.60655737704918,1,0.046344262295082,0.052000000000000046
vehicle_013_session_00501,vehicle_013,501,train,126.77019412878786,73.2,359.6,360.3,363.6,368.0,-70.39998999999999,42.0,0,0.047557377049180324,0.04900000000000038
vehicle_013_session_00502,vehicle_013,502,train,127.73224214472626,35.2,330.2,331.20000000000005,332.8,334.6,-59.96799946666666,33.78666666666667,1,0.029466666666666707,0.03300000000000036
vehicle_013_session_00503,vehicle_013,503,train,127.55456473214285,29.2,329.4,329.6,330.5,331.7,-55.00819754098361,35.0,0,0.02491803278688527,0.027000000000000135
vehicle_013_session_00504,vehicle_013,504,train,125.61698878205127,51.6,339.7,340.3,343.2,346.4,-55.006558032786884,37.295081967213115,1,0.04644262295081969,0.04900000000000038
vehicle_013_session_00505,vehicle_013,505,train,124.91204398148152,48.8,338.9,339.6,342.8,347.1,-69.84590786885245,35.540983606557376,1,0.049245901639344294,0.05300000000000038
vehicle_013_session_00506,vehicle_013,506,train,125.18077502042482,32.8,332.4,332.7,334.2,336.3,-72.11476278688525,37.704918032786885,1,0.03398360655737707,0.03799999999999981
vehicle_013_session_00507,vehicle_013,507,train,127.0118934178744,60.4,349.9,350.7,353.8,357.8,-72.11312442622952,41.0,0,0.04840983606557379,0.050000000000000266
vehicle_013_session_00508,vehicle_013,508,train,125.22705215277776,26.0,328.2,329.15,330.4,331.7,-60.1280084,32.906666666666666,1,0.026093333333333343,0.028000000000000025
vehicle_013_session_00509,vehicle_013,509,train,128.38195166666668,36.0,331.0,331.7,333.6,336.0,-70.05902098360657,38.68852459016394,1,0.034147540983606575,0.038000000000000256
vehicle_013_session_00510,vehicle_013,510,train,127.26831445707072,56.0,344.7,345.5,348.8,352.8,-69.99672688524592,40.75409836065574,1,0.049262295081967174,0.05400000000000027
vehicle_013_session_00511,vehicle_013,511,train,127.7824384259259,38.0,333.5,333.8,335.5,338.0,-70.76722983606557,38.377049180327866,1,0.03662295081967211,0.040999999999999925
vehicle_013_session_00512,vehicle_013,512,train,127.74415459401712,68.4,355.8,356.6,359.7,363.9,-70.80001999999999,41.0,0,0.048786885245901655,0.05000000000000071
vehicle_013_session_00513,vehicle_013,513,train,129.94760839646466,63.6,351.1,352.1,355.0,358.9,-69.51967409836067,42.36065573770492,1,0.04816393442622956,0.04900000000000038
vehicle_013_session_00514,vehicle_013,514,train,128.36569554801895,46.0,334.6,335.75,338.4,342.2,-60.0657947368421,39.0,0,0.04271052631578947,0.052000000000000046
vehicle_013_session_00515,vehicle_013,515,train,129.05197448525828,51.6,337.7,339.1,342.7,346.4,-58.90658355263158,41.0,0,0.04952631578947371,0.05400000000000027
vehicle_013_session_00516,vehicle_013,516,train,125.94663548689141,20.4,326.9,328.2,329.6,331.0,-69.92105421052631,38.0,0,0.030486842105263173,0.03699999999999992
vehicle_013_session_00517,vehicle_013,517,train,130.6387785590278,68.0,352.5,354.1,357.5,361.8,-70.54426672131147,39.885245901639344,1,0.04740983606557374,0.04899999999999993
vehicle_013_session_00518,vehicle_013,518,train,126.59353309132999,28.4,330.3,330.7,331.6,333.2,-69.94753639344262,38.42622950819672,1,0.030885245901639373,0.03300000000000036
vehicle_013_session_00519,vehicle_013,519,train,126.2870342592593,54.8,343.6,344.4,347.7,351.6,-69.95409639344263,41.47540983606557,1,0.0503934426229508,0.05400000000000027
vehicle_013_session_00520,vehicle_013,520,train,127.28941156330751,13.2,322.4,323.55,326.0,328.0,-60.04400400000001,37.36,1,0.03279999999999999,0.03600000000000003
vehicle_013_session_00521,vehicle_013,521,train,129.03801764571946,18.8,325.8,327.1,329.1,330.3,-70.01311606557377,39.032786885245905,1,0.03339344262295082,0.04200000000000026
vehicle_013_session_00522,vehicle_013,522,train,125.1354536874022,43.6,336.0,336.4,338.6,342.2,-69.92130360655737,42.09836065573771,2,0.044098360655737696,0.05300000000000038
vehicle_013_session_00523,vehicle_013,523,train,126.68459733422944,72.4,358.6,359.4,362.7,366.9,-69.90163540983606,44.0,0,0.0496885245901639,0.051000000000000156
vehicle_013_session_00524,vehicle_013,524,train,129.39584236111108,32.0,329.6,330.5,332.1,333.8,-70.05738278688526,39.90163934426229,1,0.031885245901639395,0.03600000000000003
vehicle_013_session_00525,vehicle_013,525,train,128.6525605958781,52.4,340.7,341.4,344.9,348.9,-70.0393481967213,42.40983606557377,1,0.05195081967213116,0.05500000000000016
vehicle_013_session_00526,vehicle_013,526,train,128.46815625000008,64.4,351.9,352.7,356.1,360.5,-74.63771491803278,39.0,0,0.05018032786885249,0.052000000000000046
vehicle_013_session_00527,vehicle_013,527,train,125.88094354423873,26.8,329.2,329.4,330.0,330.8,-45.12460016393443,39.295081967213115,1,0.021131147540983587,0.02300000000000013
vehicle_013_session_00528,vehicle_013,528,train,127.01008561643835,20.0,328.8,329.1,329.9,331.1,-69.89672262295082,37.377049180327866,1,0.02865573770491806,0.03000000000000025
vehicle_013_session_00529,vehicle_013,529,train,126.0810585613599,49.2,339.7,340.5,343.6,347.7,-69.90819852459016,40.68852459016394,1,0.0486393442622951,0.052000000000000046
vehicle_013_session_00530,vehicle_013,530,train,126.48451709401708,40.8,334.2,334.6,336.4,339.3,-70.0491849180328,42.540983606557376,1,0.0380491803278688,0.04400000000000004
vehicle_013_session_00531,vehicle_013,531,train,126.44966677517357,66.8,353.8,354.7,357.7,361.8,-70.06230032786885,45.0,0,0.04734426229508195,0.04900000000000038
vehicle_013_session_00532,vehicle_013,532,train,127.52902710406303,29.2,329.7,330.2,331.3,332.8,-69.92623295081968,41.65573770491803,1,0.030131147540983623,0.03299999999999992
vehicle_013_session_00533,vehicle_013,533,train,127.95349779040406,56.4,344.1,345.0,348.2,352.1,-69.86557704918032,44.80327868852459,1,0.04865573770491802,0.052999999999999936
vehicle_013_session_00534,vehicle_013,534,train,124.85210631944445,48.8,338.6,339.3,342.5,346.8,-70.23280016393443,41.98360655737705,2,0.04965573770491805,0.053999999999999826
vehicle_013_session_00535,vehicle_013,535,train,131.2159475827991,71.6,357.2,358.0,361.3,365.3,-69.96720983606556,44.442622950819676,1,0.04795081967213115,0.04900000000000038
vehicle_013_session_00536,vehicle_013,536,train,129.71816915509257,24.4,328.9,329.2,330.3,331.6,-70.47868639344263,40.19672131147541,1,0.029655737704918063,0.03100000000000014
vehicle_013_session_00537,vehicle_013,537,train,127.55155355639728,48.8,338.3,338.9,341.8,346.1,-70.47540737704918,43.18032786885246,1,0.04881967213114756,0.052999999999999936
vehicle_013_session_00538,vehicle_013,538,train,127.3490694444445,31.2,331.1,331.3,332.4,334.1,-70.29674098360655,41.21311475409836,1,0.03177049180327869,0.03500000000000014
vehicle_013_session_00539,vehicle_013,539,train,126.6095353632479,58.8,346.9,347.7,350.8,354.7,-70.29674098360655,44.18032786885246,1,0.04831147540983603,0.04999999999999982
vehicle_013_session_00540,vehicle_013,540,train,128.22200154320984,16.4,327.1,327.5,328.9,330.0,-70.50491852459017,38.0,0,0.02960655737704919,0.03300000000000036
vehicle_013_session_00541,vehicle_013,541,train,125.32499916666671,41.6,335.3,335.8,337.7,341.0,-70.49672098360655,40.57377049180328,1,0.037885245901639324,0.04500000000000037
vehicle_013_session_00542,vehicle_013,542,train,125.84260625,71.6,358.6,359.4,362.7,366.9,-70.52295311475409,43.0,0,0.04468852459016391,0.04600000000000026
vehicle_013_session_00543,vehicle_013,543,train,129.48629777199076,49.6,336.4,337.75,341.1,345.2,-60.03552921052631,38.94736842105263,1,0.04453947368421054,0.04900000000000038
vehicle_013_session_00544,vehicle_013,544,train,129.7141070963542,65.2,352.1,352.8,356.1,360.2,-70.73771868852458,42.98360655737705,0,0.044819672131147514,0.04600000000000026
vehicle_013_session_00545,vehicle_013,545,train,130.13525678897182,62.0,350.3,351.1,354.3,358.2,-69.93278147540983,39.0,0,0.04426229508196725,0.04600000000000026
vehicle_013_session_00546,vehicle_013,546,train,127.24172911910198,24.4,329.9,330.0,331.1,332.4,-70.02951114754099,41.49180327868852,1,0.029049180327868858,0.03100000000000014
vehicle_013_session_00547,vehicle_013,547,train,126.32379171489195,53.6,343.3,344.3,347.4,351.4,-70.03442967213115,44.81967213114754,1,0.04654098360655737,0.04900000000000038
vehicle_013_session_00548,vehicle_013,548,train,128.71676745892017,62.8,350.3,351.1,354.3,358.3,-70.72132360655736,41.18032786885246,1,0.04495081967213117,0.04600000000000026
vehicle_013_session_00549,vehicle_013,549,train,124.87294256764844,24.8,326.1,326.5,327.1,327.7,-19.336007733333332,38.0,0,0.013159999999999943,0.015000000000000124
vehicle_013_session_00550,vehicle_013,550,train,130.3737601443355,66.8,352.7,353.2,355.3,358.3,-50.381963278688524,42.0,0,0.038688524590163975,0.040000000000000036
vehicle_013_session_00551,vehicle_013,551,train,127.41718429487176,46.4,334.7,335.8,338.6,343.0,-64.90490983606557,38.52459016393443,1,0.04239344262295082,0.051000000000000156
vehicle_013_session_00552,vehicle_013,552,train,127.90123148148147,67.2,354.1,354.9,357.7,361.6,-64.91146655737705,40.0,0,0.04373770491803277,0.04500000000000037
vehicle_013_session_00553,vehicle_013,553,train,129.66223884680142,61.2,348.8,349.7,352.8,356.8,-69.96720983606556,39.0,0,0.04521311475409841,0.04700000000000015
vehicle_013_session_00554,vehicle_013,554,train,128.45977993972744,34.8,330.5,331.6,333.3,335.5,-70.01147655737705,35.278688524590166,2,0.032163934426229564,0.03600000000000003
vehicle_013_session_00555,vehicle_013,555,train,128.18232848324516,56.4,345.0,345.8,349.1,353.0,-70.03279016393444,38.0,0,0.04670491803278687,0.050000000000000266
vehicle_013_session_00556,vehicle_013,556,train,129.8115302579365,10.4,321.3,323.0,325.7,328.2,-71.17378065573769,43.0,0,0.034245901639344226,0.03600000000000003
vehicle_013_session_00557,vehicle_013,557,train,126.65827283249159,33.2,332.1,332.4,333.6,335.5,-71.28034590163932,44.31147540983606,1,0.032885245901639354,0.03600000000000003
vehicle_013_session_00558,vehicle_013,558,train,126.93730379188717,59.6,348.0,348.9,352.1,356.0,-71.29181983606556,47.0,0,0.046704918032786896,0.04800000000000004
vehicle_013_session_00559,vehicle_013,559,train,129.13976234734193,42.8,332.7,333.65,335.7,338.5,-60.05921513157895,39.89473684210526,1,0.034144736842105214,0.0389999999999997
vehicle_013_session_00560,vehicle_013,560,train,127.53427822871572,33.6,331.7,332.1,333.3,335.2,-70.36393524590164,44.32786885245902,1,0.032688524590163956,0.03600000000000003
vehicle_013_session_00561,vehicle_013,561,train,128.9611447132617,64.8,351.9,352.7,356.0,359.9,-70.34754672131147,47.0,0,0.046491803278688536,0.04800000000000004
vehicle_013_session_00562,vehicle_013,562,train,127.56711782407407,41.2,334.1,334.4,336.1,339.1,-69.91966409836066,41.0655737704918,1,0.03688524590163928,0.042999999999999705
vehicle_013_session_00563,vehicle_013,563,train,128.0202270346004,71.2,357.4,358.2,361.3,365.5,-69.96229131147541,43.0,0,0.04644262295081963,0.04800000000000004
vehicle_013_session_00564,vehicle_013,564,train,127.7684064376877,34.0,331.6,331.9,333.3,335.2,-69.82459704918034,42.34426229508197,1,0.032721311475409846,0.03600000000000003
vehicle_013_session_00565,vehicle_013,565,train,125.58666277985073,63.6,351.4,352.2,355.3,359.3,-69.81967737704916,45.0,0,0.0467377049180328,0.04800000000000004
vehicle_013_session_00566,vehicle_013,566,train,128.1737364738806,64.4,351.3,352.1,355.2,359.3,-70.23443967213115,44.0,0,0.04637704918032788,0.04800000000000004
vehicle_013_session_00567,vehicle_013,567,train,129.22155813626134,58.0,346.0,346.8,350.2,353.9,-69.95901229508196,42.0,0,0.04763934426229507,0.051000000000000156
vehicle_013_session_00568,vehicle_013,568,train,127.31382638888887,40.4,333.5,333.9,335.8,338.6,-70.67378049180329,41.26229508196721,1,0.03799999999999996,0.04499999999999993
vehicle_013_session_00569,vehicle_013,569,train,128.27047623323753,40.8,332.1,333.0,335.2,338.2,-70.43770655737706,41.81967213114754,1,0.037344262295081934,0.04200000000000026
vehicle_013_session_00570,vehicle_013,570,train,129.8415234655018,64.4,351.0,351.8,354.9,358.8,-70.53606918032789,43.0,0,0.04701639344262296,0.04800000000000049
vehicle_013_session_00571,vehicle_013,571,train,126.07359862231185,47.2,337.4,338.0,340.7,344.9,-69.04918524590164,39.557377049180324,1,0.045098360655737704,0.050000000000000266
vehicle_013_session_00572,vehicle_013,572,train,129.0620257387211,38.0,331.1,332.2,334.15,336.9,-73.81447986842105,39.26315789473684,1,0.03500000000000001,0.040999999999999925
vehicle_013_session_00573,vehicle_013,573,train,129.53471053240742,26.0,328.0,328.9,330.3,331.7,-70.36885180327869,41.18032786885246,1,0.029196721311475427,0.03100000000000014
vehicle_013_session_00574,vehicle_013,574,train,127.6537551857864,50.4,339.1,339.7,342.8,347.2,-70.39998999999999,44.131147540983605,1,0.047934426229508234,0.051000000000000156
vehicle_013_session_00575,vehicle_013,575,train,126.88351824970128,18.4,325.0,326.5,328.70000000000005,330.0,-69.90263236842107,37.85526315789474,1,0.03259210526315793,0.040000000000000036
vehicle_013_session_00576,vehicle_013,576,train,129.035347979798,28.8,330.0,330.3,331.4,333.0,-70.96720983606556,39.0,0,0.02991803278688527,0.03299999999999992
vehicle_013_session_00577,vehicle_013,577,train,125.58789554794522,50.8,339.9,340.7,344.1,348.3,-70.95901229508196,41.67213114754098,1,0.048557377049180325,0.052000000000000046
vehicle_013_session_00578,vehicle_013,578,train,129.71898925781252,63.6,350.3,351.1,354.3,358.2,-69.80001213114754,44.01639344262295,1,0.04549180327868856,0.04700000000000015
vehicle_013_session_00579,vehicle_013,579,train,128.82073958333334,61.6,349.4,350.2,353.3,357.2,-70.04262721311476,42.0,0,0.04549180327868854,0.04700000000000015
vehicle_013_session_00580,vehicle_013,580,train,129.21759000066774,56.0,341.6,343.675,347.7375,351.6,-69.9360016,36.92,1,0.048533333333333296,0.057000000000000384
vehicle_013_session_00581,vehicle_013,581,train,126.79521850633533,33.2,329.9,331.0,332.7,334.7,-70.28198344262296,35.0655737704918,2,0.031557377049180366,0.03500000000000014
vehicle_013_session_00582,vehicle_013,582,train,126.77234158615138,56.0,344.7,345.7,348.9,352.8,-70.35410213114754,38.0,0,0.046918032786885236,0.051000000000000156
vehicle_013_session_00583,vehicle_013,583,train,130.0689126984127,56.8,344.9,345.7,348.9,353.0,-70.59837049180328,36.90163934426229,1,0.04727868852459015,0.051000000000000156
vehicle_013_session_00584,vehicle_013,584,train,130.2357834341398,54.0,342.4,343.2,346.8,350.7,-70.04262721311476,34.868852459016395,1,0.04852459016393442,0.052000000000000046
vehicle_013_session_00585,vehicle_013,585,train,125.33815625000004,43.2,335.2,335.8,337.8,341.1,-69.83443524590164,35.40983606557377,1,0.039770491803278636,0.04899999999999993
vehicle_013_session_00586,vehicle_013,586,train,126.21607516065508,69.2,355.8,356.6,359.7,363.8,-69.81640262295082,37.81967213114754,1,0.04596721311475406,0.04800000000000004
vehicle_013_session_00587,vehicle_013,587,train,126.62317935185187,46.8,337.2,337.8,340.7,344.9,-69.76886934426228,35.704918032786885,1,0.04544262295081967,0.051000000000000156
vehicle_013_session_00588,vehicle_013,588,train,125.41469224091884,76.8,363.2,363.9,367.4,371.6,-69.79018229508196,38.0,0,0.045983606557377106,0.0470000000000006
vehicle_013_session_00589,vehicle_013,589,train,126.44161945833335,17.6,324.9,326.0,328.1,329.2,-60.112008133333326,32.92,1,0.02954666666666667,0.03600000000000003
vehicle_013_session_00590,vehicle_013,590,train,129.40052582465285,69.2,355.3,356.1,359.4,363.6,-70.71312606557377,36.0,0,0.04463934426229507,0.04600000000000026
vehicle_013_session_00591,vehicle_013,591,train,124.92904084967321,39.2,333.9,334.4,336.1,338.8,-71.09345196721311,33.57377049180328,1,0.03604918032786883,0.04200000000000026
vehicle_013_session_00592,vehicle_013,592,train,126.56935674452868,66.4,353.9,354.7,358.0,362.1,-71.20000999999998,36.0,0,0.0457540983606557,0.04700000000000015
vehicle_013_session_00593,vehicle_013,593,train,129.99280653826,13.2,323.5,324.7,327.4,329.2,-70.4196706557377,33.0,0,0.033327868852458996,0.03699999999999992
vehicle_013_session_00594,vehicle_013,594,train,124.7630401234568,34.4,332.8,333.2,334.6,336.8,-70.29346196721312,35.032786885245905,2,0.033262295081967236,0.03699999999999992
vehicle_013_session_00595,vehicle_013,595,train,126.03608702956993,60.0,349.3,349.9,353.2,357.1,-70.31313081967214,38.0,0,0.04575409836065574,0.04800000000000004
vehicle_013_session_00596,vehicle_013,596,train,129.18379743589747,16.0,327.7,328.0,329.1,330.2,-70.30002,36.0,0,0.028967213114754118,0.03200000000000003
vehicle_013_session_00597,vehicle_013,597,train,126.93257480158731,42.4,336.1,336.6,338.6,342.1,-70.30002,38.57377049180328,1,0.04059016393442621,0.04900000000000038
vehicle_013_session_00598,vehicle_013,598,train,125.30624561703094,70.8,358.5,359.3,362.5,366.8,-70.36393524590163,41.0,0,0.04670491803278687,0.04800000000000004
vehicle_013_session_00599,vehicle_013,599,train,128.50276811542147,51.2,337.7,339.5,344.0,348.6,-69.88289881578947,33.9078947368421,1,0.05027631578947369,0.05400000000000027
vehicle_013_session_00600,vehicle_013,600,train,125.45684222494553,35.6,328.5,331.7,333.6,336.0,-69.01967714754099,37.21311475409836,1,0.033163934426229516,0.03699999999999992
vehicle_013_session_00601,vehicle_013,601,train,127.13244538690476,56.0,344.9,345.8,348.9,352.8,-70.03442967213115,39.278688524590166,1,0.04752459016393441,0.052000000000000046
vehicle_013_session_00602,vehicle_013,602,train,128.4847147894966,53.2,341.8,342.7,346.1,350.3,-71.28362491803279,39.557377049180324,1,0.048245901639344266,0.051000000000000156
vehicle_013_session_00603,vehicle_013,603,train,125.86006068376066,38.4,333.5,333.8,335.3,337.8,-70.1344362295082,39.59016393442623,1,0.03488524590163935,0.039000000000000146
vehicle_013_session_00604,vehicle_013,604,train,127.36171721986821,64.4,352.1,352.8,356.0,359.9,-70.15082967213115,42.0,0,0.045000000000000026,0.04700000000000015
vehicle_013_session_00605,vehicle_013,605,train,127.99376493055556,75.6,360.3,361.3,364.6,368.0,-69.2278724590164,45.0,0,0.04504918032786885,0.0470000000000006
vehicle_013_session_00606,vehicle_013,606,train,127.49893169509693,17.2,324.1,325.25,327.4,328.9,-59.977634078947354,39.973684210526315,1,0.031842105263157866,0.03699999999999992
vehicle_013_session_00607,vehicle_013,607,train,126.24707012910797,34.4,331.7,332.1,333.5,335.3,-69.02951114754099,37.0655737704918,2,0.032065573770491844,0.03500000000000014
vehicle_013_session_00608,vehicle_013,608,train,126.79178405841505,62.8,350.7,351.4,354.6,358.5,-69.0459062295082,40.0,0,0.04532786885245904,0.04700000000000015
vehicle_013_session_00609,vehicle_013,609,train,128.41146447172616,71.6,357.4,358.3,361.6,365.8,-69.86393524590163,38.0,0,0.044868852459016374,0.04699999999999971
vehicle_013_session_00610,vehicle_013,610,train,128.25165538194443,61.2,348.6,349.6,352.8,356.8,-70.16558377049179,34.75409836065574,1,0.04516393442622949,0.04700000000000015
vehicle_013_session_00611,vehicle_013,611,train,126.75663831018521,39.2,333.0,333.5,335.2,338.0,-70.07869409836067,32.91803278688525,2,0.035295081967213066,0.040999999999999925
vehicle_013_session_00612,vehicle_013,612,train,128.13697922653256,65.6,353.0,353.8,356.9,361.0,-69.99508409836066,35.557377049180324,1,0.0457377049180328,0.04700000000000015
vehicle_013_session_00613,vehicle_013,613,train,129.8513505859375,19.6,326.3,327.5,329.2,330.7,-70.06721770491802,32.950819672131146,1,0.030934426229508233,0.039000000000000146
vehicle_013_session_00614,vehicle_013,614,train,124.30239983164984,45.6,337.1,337.7,340.3,344.4,-69.91803278688525,36.26229508196721,1,0.044704918032786894,0.052000000000000046
vehicle_013_session_00615,vehicle_013,615,train,125.45113392295596,72.0,358.9,359.7,363.04,367.1,-69.89508229508196,38.0,0,0.04644262295081973,0.04900000000000038
vehicle_013_session_00616,vehicle_013,616,train,130.48676748737373,46.8,333.9,334.9,337.2,340.2,-52.20164950819673,36.950819672131146,1,0.036704918032786846,0.04400000000000004
vehicle_013_session_00617,vehicle_013,617,train,128.14573605019498,68.8,354.7,355.2,357.7,360.7,-52.19837065573771,38.0,0,0.04021311475409835,0.04100000000000037
vehicle_013_session_00618,vehicle_013,618,train,126.88088542488494,30.0,328.8,329.7,331.1,332.5,-60.08534066666666,34.0,0,0.026840000000000027,0.029999999999999805
vehicle_013_session_00619,vehicle_013,619,train,128.7376470038931,44.8,333.5,334.5,336.85,340.2,-60.050004473684204,35.85526315789474,1,0.037342105263157836,0.04499999999999993
vehicle_013_session_00620,vehicle_013,620,train,127.02017088485663,28.0,328.5,329.29999999999995,330.7,331.9,-60.130675733333334,33.626666666666665,1,0.025906666666666675,0.028999999999999915
vehicle_013_session_00621,vehicle_013,621,train,128.91878829089507,33.2,329.9,330.8,332.4,334.4,-69.93278606557377,38.14754098360656,1,0.03178688524590166,0.03500000000000014
vehicle_013_session_00622,vehicle_013,622,train,128.38963136574074,62.4,349.9,350.8,353.9,357.8,-70.02787163934427,41.131147540983605,1,0.046557377049180344,0.04800000000000004
vehicle_013_session_00623,vehicle_013,623,train,130.8742355664488,66.8,352.8,353.3,355.7,358.5,-49.80002000000002,37.0,0,0.040409836065573815,0.04200000000000026
vehicle_013_session_00624,vehicle_013,624,train,127.8970178895877,33.6,329.7,331.0,332.7,334.6,-70.01866866666667,34.50666666666667,1,0.03169333333333334,0.03600000000000003
vehicle_013_session_00625,vehicle_013,625,train,128.40500940860215,25.2,327.8,328.9,330.3,331.7,-69.90327426229508,32.47540983606557,1,0.028327868852459064,0.03000000000000025
vehicle_013_session_00626,vehicle_013,626,train,125.88304989711934,50.0,339.4,340.0,343.3,347.7,-69.91311131147542,35.65573770491803,1,0.04757377049180331,0.05099999999999971
vehicle_013_session_00627,vehicle_013,627,train,126.53253457941312,23.2,328.6,328.9,330.0,331.4,-69.70001081967213,34.09836065573771,1,0.028393442622950817,0.030999999999999694
vehicle_013_session_00628,vehicle_013,628,train,127.1984206154684,72.8,359.4,360.3,363.6,367.8,-69.78854344262294,39.0,0,0.04604918032786885,0.0470000000000006
vehicle_013_session_00629,vehicle_013,629,train,129.64745368589746,6.8,321.6,322.4,324.9,327.2,-70.11312360655737,37.967213114754095,1,0.03449180327868848,0.038000000000000256
vehicle_013_session_00630,vehicle_013,630,train,125.87964756944444,32.8,332.4,332.7,333.9,335.8,-70.15902639344262,39.26229508196721,1,0.033049180327868875,0.03600000000000003
vehicle_013_session_00631,vehicle_013,631,train,125.75619042107587,61.6,350.8,351.6,354.7,358.6,-70.17705918032787,42.131147540983605,1,0.04618032786885251,0.04700000000000015
vehicle_013_session_00632,vehicle_013,632,train,127.46409853927206,26.8,330.5,330.7,331.7,333.2,-69.12787852459017,39.31147540983606,1,0.02949180327868853,0.03299999999999992
vehicle_013_session_00633,vehicle_013,633,train,124.91588283475784,50.0,340.8,341.6,344.9,348.9,-69.10820606557377,42.540983606557376,1,0.0470983606557377,0.050000000000000266
vehicle_013_session_00634,vehicle_013,634,train,130.55013601345493,61.2,348.9,349.7,352.8,356.8,-69.91311442622951,40.0,0,0.04488524590163936,0.04700000000000015
vehicle_013_session_00635,vehicle_013,635,train,130.3331106403013,56.4,343.9,344.9,348.2,352.2,-70.08033475409836,42.09836065573771,1,0.04667213114754094,0.051000000000000156
vehicle_013_session_00636,vehicle_013,636,train,128.35895383652098,25.6,329.9,330.2,331.1,332.7,-70.04426672131147,39.18032786885246,1,0.02909836065573774,0.03200000000000003
vehicle_013_session_00637,vehicle_013,637,train,124.84439459019204,50.4,340.5,341.3,344.7,348.8,-70.00819754098362,42.31147540983606,1,0.047786885245901634,0.050000000000000266
vehicle_013_session_00638,vehicle_013,638,train,127.74231759594738,14.8,321.1,322.7375,324.6375,326.4,-43.220000533333334,38.0,0,0.027093333333333275,0.02900000000000036
vehicle_013_session_00639,vehicle_013,639,train,126.8755214371981,46.0,336.6,337.2,339.7,344.1,-69.64099360655737,38.08196721311475,1,0.04278688524590164,0.04900000000000038
vehicle_013_session_00640,vehicle_013,640,train,126.57428435019841,73.6,360.3,361.1,364.4,368.8,-69.68197721311475,39.42622950819672,1,0.04385245901639346,0.04500000000000082
vehicle_013_session_00641,vehicle_013,641,train,124.52023421717173,40.0,334.2,334.6,336.4,339.3,-71.28198540983607,41.01639344262295,2,0.036426229508196684,0.04100000000000037
vehicle_013_session_00642,vehicle_013,642,train,128.05982029727096,66.4,353.9,354.6,357.8,361.9,-71.36885180327869,43.47540983606557,1,0.04442622950819672,0.04599999999999982
vehicle_013_session_00643,vehicle_013,643,train,128.75696861111112,34.8,330.0,331.1,333.0,335.2,-70.21148672131147,37.622950819672134,1,0.03152459016393441,0.0349999999999997
vehicle_013_session_00644,vehicle_013,644,train,129.36661142676775,55.2,343.2,344.1,347.5,351.4,-70.22788163934426,40.0,0,0.04621311475409835,0.050000000000000266
vehicle_013_session_00645,vehicle_013,645,train,127.12631145833335,28.4,329.9,330.3,331.4,333.2,-70.13279573770491,39.0,0,0.0294098360655738,0.03200000000000003
vehicle_013_session_00646,vehicle_013,646,train,127.83154581093191,60.8,349.3,350.0,353.2,357.1,-70.01311737704917,42.0,0,0.044295081967213136,0.04600000000000026
vehicle_013_session_00647,vehicle_013,647,train,128.8773176557239,56.0,345.2,346.1,349.4,353.3,-69.98360901639346,36.885245901639344,1,0.04509836065573769,0.04900000000000038
vehicle_013_session_00648,vehicle_013,648,train,129.08270864898992,45.2,333.6,335.0,337.8,341.9,-70.05902147540985,40.09836065573771,1,0.04114754098360653,0.04999999999999982
vehicle_013_session_00649,vehicle_013,649,train,127.39807963709679,67.2,354.1,354.9,358.0,362.1,-69.9442624590164,42.0,0,0.04432786885245902,0.04599999999999982
vehicle_013_session_00650,vehicle_013,650,train,128.5871119791667,57.6,345.7,346.6,349.9,353.8,-69.98032655737705,37.032786885245905,1,0.04508196721311477,0.04900000000000038
vehicle_013_session_00651,vehicle_013,651,train,130.47710725308642,9.6,320.8,322.4,325.0,327.5,-69.97213098360655,39.704918032786885,0,0.03314754098360653,0.03600000000000003
vehicle_013_session_00652,vehicle_013,652,train,126.58499369131457,31.2,331.4,331.7,332.8,334.6,-69.96557163934425,40.42622950819672,1,0.03098360655737705,0.03400000000000025
vehicle_013_session_00653,vehicle_013,653,train,125.80259756375231,59.6,348.5,349.3,352.4,356.3,-69.93114918032788,43.0,0,0.044672131147540976,0.04600000000000026
vehicle_013_session_00654,vehicle_013,654,train,129.1066969065657,26.8,328.0,329.2,330.5,332.1,-70.02787131147542,40.0655737704918,1,0.028983606557377046,0.03100000000000014
vehicle_013_session_00655,vehicle_013,655,train,127.62876432291667,48.8,338.3,338.9,341.8,346.3,-70.0180344262295,42.75409836065574,1,0.04639344262295084,0.05099999999999971
vehicle_013_session_00656,vehicle_013,656,train,127.79016840277778,35.2,330.0,331.05,332.45,334.4,-60.19343250000001,34.9078947368421,1,0.028776315789473705,0.03200000000000003
vehicle_013_session_00657,vehicle_013,657,train,128.71116737288133,56.4,343.5,344.6,348.2,352.2,-70.5065580327869,43.0,0,0.04786885245901636,0.05400000000000027
vehicle_013_session_00658,vehicle_013,658,train,128.05919864220562,18.4,327.4,327.7,329.1,330.3,-69.79836868852458,41.0,0,0.02978688524590165,0.03299999999999992
vehicle_013_session_00659,vehicle_013,659,train,126.02298739316241,45.2,336.8,337.2,339.6,343.3,-69.80164885245902,44.114754098360656,2,0.042278688524590165,0.04999999999999982
vehicle_013_session_00660,vehicle_013,660,train,128.95887341707518,54.8,343.0,343.9,347.4,351.4,-69.75739278688525,37.77049180327869,1,0.04806557377049181,0.052000000000000046
vehicle_013_session_00661,vehicle_013,661,train,130.3975972222223,64.4,349.4,351.3,354.7,358.6,-69.87049262295083,35.9344262295082,1,0.04432786885245903,0.04599999999999982
vehicle_013_session_00662,vehicle_013,662,train,127.12351527777774,35.6,331.9,332.2,333.6,335.8,-70.61804180327869,36.14754098360656,1,0.03288524590163933,0.03600000000000003
vehicle_013_session_00663,vehicle_013,663,train,123.76055939980155,75.6,362.7,363.5,366.9,371.1,-70.67869852459015,39.0,0,0.046868852459016425,0.04800000000000004
vehicle_013_session_00664,vehicle_013,664,train,127.00984172453705,37.2,332.7,333.2,334.7,337.2,-69.91475721311475,32.80327868852459,1,0.0345901639344262,0.039000000000000146
vehicle_013_session_00665,vehicle_013,665,train,125.26770396505377,61.2,350.2,351.0,353.9,357.8,-69.89836360655738,35.50819672131148,1,0.045590163934426275,0.04700000000000015
vehicle_013_session_00666,vehicle_013,666,train,128.52623335537922,55.6,344.1,345.2,348.8,352.7,-68.99016295081967,31.81967213114754,1,0.047934426229508185,0.05500000000000016
vehicle_013_session_00667,vehicle_013,667,train,125.38556218905472,32.4,332.1,332.4,333.6,335.5,-69.92130491803279,33.91803278688525,2,0.032278688524590184,0.03600000000000003
vehicle_013_session_00668,vehicle_013,668,train,125.43112228009262,59.6,348.9,349.9,352.8,356.8,-69.9049124590164,37.0,0,0.04621311475409837,0.04800000000000004
vehicle_013_session_00669,vehicle_013,669,train,125.57854002439937,44.8,337.5,338.0,340.7,344.9,-70.3803250819672,34.704918032786885,1,0.04596721311475408,0.052000000000000046
vehicle_013_session_00670,vehicle_013,670,train,124.61998418209873,74.8,362.5,363.3,366.8,371.1,-70.49836049180328,37.0,0,0.047704918032786904,0.04900000000000038
vehicle_013_session_00671,vehicle_013,671,train,124.282425120773,41.2,334.7,335.2,337.4,340.8,-70.1655837704918,33.21311475409836,1,0.039819672131147524,0.04800000000000004
vehicle_013_session_00672,vehicle_013,672,train,125.2656453703704,69.2,356.9,357.7,361.0,364.9,-70.19673147540983,36.0,0,0.0470819672131147,0.04900000000000038
vehicle_013_session_00673,vehicle_013,673,train,126.88387121212124,46.8,335.0,336.3,339.6,344.1,-69.78854213114754,38.0,0,0.046245901639344264,0.05400000000000027
vehicle_013_session_00674,vehicle_013,674,train,125.87296156189086,68.8,355.7,356.4,359.7,363.8,-69.79182180327868,39.0,0,0.0471311475409836,0.04900000000000038
vehicle_013_session_00675,vehicle_013,675,train,123.55325835346217,36.4,332.7,333.0,334.6,337.1,-70.14919032786885,35.049180327868854,2,0.03470491803278689,0.039000000000000146
vehicle_013_session_00676,vehicle_013,676,train,124.66774406828706,64.0,352.1,352.8,356.0,360.0,-70.15246901639343,38.0,0,0.04693442622950822,0.04800000000000004
vehicle_013_session_00677,vehicle_013,677,train,125.0004740497076,50.0,340.5,341.1,344.6,348.9,-70.15246901639343,37.83606557377049,1,0.050442622950819666,0.053999999999999826
vehicle_013_session_00678,vehicle_013,678,train,125.39778957312096,35.6,332.4,332.7,334.1,336.3,-70.18689557377051,35.77049180327869,1,0.033901639344262297,0.038000000000000256
vehicle_013_session_00679,vehicle_013,679,train,125.68021314102563,63.2,350.8,351.6,354.7,358.6,-70.16722032786885,38.47540983606557,1,0.04696721311475413,0.04899999999999993
vehicle_013_session_00680,vehicle_013,680,train,128.0653061111111,68.0,353.9,354.4,356.4,358.9,-45.19837065573771,36.0,0,0.03914754098360658,0.040000000000000036
vehicle_013_session_00681,vehicle_013,681,train,126.662367089599,44.4,333.6,335.04999999999995,338.0,342.1,-70.03289802631579,34.5,1,0.04246052631578944,0.052000000000000046
vehicle_013_session_00682,vehicle_013,682,train,124.48241000000004,43.6,335.2,335.7,337.8,341.4,-70.02131327868852,36.31147540983606,1,0.04124590163934422,0.050000000000000266
vehicle_013_session_00683,vehicle_013,683,train,127.24908680555555,73.6,359.6,360.5,363.8,368.0,-70.01147688524591,38.65573770491803,1,0.04759016393442625,0.04999999999999982
vehicle_013_session_00684,vehicle_013,684,train,122.4852583238204,22.4,329.7,329.9,330.8,332.1,-69.96721475409836,33.0,0,0.028475409836065606,0.03000000000000025
vehicle_013_session_00685,vehicle_013,685,train,123.28565951492538,52.0,341.6,342.4,345.8,349.9,-69.9852506557377,36.63934426229508,1,0.049622950819672065,0.052000000000000046
vehicle_013_session_00686,vehicle_013,686,train,123.64829801804542,42.8,335.5,336.0,338.2,341.6,-70.02763381578947,34.10526315789474,2,0.041118421052631554,0.04999999999999982
vehicle_013_session_00687,vehicle_013,687,train,121.64449421296298,33.6,331.6,332.1,333.3,335.5,-70.09181180327869,38.295081967213115,1,0.03311475409836066,0.03799999999999981
vehicle_013_session_00688,vehicle_013,688,train,124.47386955054014,62.8,350.5,351.3,354.3,358.3,-70.05738278688526,41.0,0,0.047278688524590204,0.04900000000000038
vehicle_013_session_00689,vehicle_013,689,train,125.72522628968257,12.0,323.3,323.6,325.2,326.7,-45.100010000000005,34.0,0,0.026836065573770433,0.028999999999999915
vehicle_013_session_00690,vehicle_013,690,train,120.26669333333336,37.2,332.4,332.7,333.5,334.9,-45.100010000000005,35.68852459016394,1,0.02627868852459019,0.029999999999999805
vehicle_013_session_00691,vehicle_013,691,train,120.30062585616437,34.0,332.5,332.8,334.2,336.4,-70.65082967213117,34.52459016393443,1,0.034327868852459,0.03799999999999981
vehicle_013_session_00692,vehicle_013,692,train,124.73837462009806,63.6,351.6,352.5,355.5,359.6,-70.67378049180327,37.622950819672134,1,0.04796721311475412,0.050000000000000266
vehicle_013_session_00693,vehicle_013,693,train,124.6922470043573,30.0,329.9,330.0,330.7,331.6,-44.899989999999995,38.0,0,0.021360655737704938,0.02300000000000013
vehicle_013_session_00694,vehicle_013,694,train,120.51606849128537,42.8,334.2,334.4,336.0,338.2,-50.00327901639345,36.26229508196721,1,0.03172131147540981,0.03600000000000003
vehicle_013_session_00695,vehicle_013,695,train,124.90012761488343,45.2,335.0,335.7,338.5,342.5,-70.07869393442624,37.65573770491803,1,0.04303278688524587,0.052000000000000046
vehicle_013_session_00696,vehicle_013,696,train,124.01008762254898,77.6,363.0,363.8,367.4,371.6,-70.00492196721312,39.18032786885246,1,0.04673770491803284,0.04899999999999949
vehicle_013_session_00697,vehicle_013,697,train,124.11970138888891,37.6,331.0,332.2,334.2,336.8,-70.17541836065573,37.21311475409836,1,0.034688524590163944,0.040000000000000036
vehicle_013_session_00698,vehicle_013,698,train,123.44551923076924,58.0,346.0,346.9,350.0,354.1,-70.04754491803278,39.40983606557377,1,0.046950819672131126,0.051000000000000156
vehicle_013_session_00699,vehicle_013,699,train,124.24572367994371,6.8,318.6,318.9,320.0,321.0,-19.081338399999996,38.0,0,0.020133333333333347,0.02300000000000013
vehicle_013_session_00700,vehicle_013,700,train,123.13320053576763,11.2,322.2,323.4,325.8,327.8,-59.97368684210526,34.0,0,0.030921052631578936,0.03399999999999981
vehicle_013_session_00701,vehicle_013,701,train,122.26141413690478,19.2,327.4,328.2,329.7,331.0,-70.07049721311475,32.19672131147541,1,0.029934426229508204,0.038000000000000256
vehicle_013_session_00702,vehicle_013,702,train,121.91004195075757,47.2,338.3,338.9,341.9,346.3,-70.0065593442623,35.73770491803279,1,0.047426229508196784,0.052000000000000046
vehicle_013_session_00703,vehicle_013,703,train,123.27805706323102,21.6,329.1,329.2,330.2,331.6,-69.89672278688525,35.21311475409836,1,0.028557377049180356,0.03000000000000025
vehicle_013_session_00704,vehicle_013,704,train,123.26846619152049,52.4,341.4,342.2,345.8,349.9,-69.91311983606556,38.75409836065574,1,0.049393442622950805,0.052000000000000046
vehicle_013_session_00705,vehicle_013,705,train,125.57964891353048,43.2,333.6,334.6,337.1,341.0,-70.10328737704918,34.39344262295082,1,0.04081967213114753,0.050000000000000266
vehicle_013_session_00706,vehicle_013,706,train,124.78409772727272,68.4,355.0,355.8,359.1,363.2,-70.06230131147542,36.16393442622951,1,0.046918032786885236,0.04800000000000049
vehicle_013_session_00707,vehicle_013,707,train,121.91365294578856,37.2,332.4,332.7,334.1,336.0,-59.11639901639345,32.39344262295082,1,0.031114754098360696,0.03500000000000014
vehicle_013_session_00708,vehicle_013,708,train,120.34582774962466,42.0,335.5,336.1,338.2,341.8,-70.07869639344263,30.18032786885246,2,0.041721311475409806,0.050000000000000266
vehicle_013_session_00709,vehicle_013,709,train,122.58032074378657,16.8,325.0,326.5,328.8,330.2,-69.91733466666666,31.813333333333333,1,0.032800000000000024,0.040000000000000036
vehicle_013_session_00710,vehicle_013,710,train,125.62591495310244,56.4,344.6,345.5,348.9,353.0,-70.03442967213115,33.59016393442623,1,0.04888524590163933,0.05400000000000027
vehicle_013_session_00711,vehicle_013,711,train,125.30761539713541,18.4,325.5,326.9,328.9,330.3,-70.0393481967213,34.049180327868854,1,0.032573770491803274,0.040999999999999925
vehicle_013_session_00712,vehicle_013,712,train,121.39223779121863,44.4,336.3,336.8,339.1,342.8,-69.9311413114754,37.24590163934426,1,0.04363934426229504,0.052000000000000046
vehicle_013_session_00713,vehicle_013,713,train,123.60427948542812,69.2,355.8,356.6,359.7,363.9,-69.91146852459016,39.0,0,0.047639344262295054,0.04900000000000038
vehicle_013_session_00714,vehicle_013,714,train,123.43033245149913,41.2,334.2,334.7,336.8,339.7,-70.00327901639345,34.540983606557376,1,0.03708196721311473,0.04300000000000015
vehicle_013_session_00715,vehicle_013,715,train,122.9052766393443,66.4,353.6,354.4,357.5,361.6,-69.96720983606556,37.0,0,0.04473770491803279,0.04600000000000026
vehicle_013_session_00716,vehicle_013,716,train,121.04602107445986,26.8,329.7,330.0,331.1,332.8,-70.15082950819674,32.34426229508197,1,0.028950819672131183,0.03200000000000003
vehicle_013_session_00717,vehicle_013,717,train,122.74047502072965,55.6,344.3,345.2,348.6,352.5,-70.06721852459017,35.80327868852459,1,0.046819672131147544,0.052000000000000046
vehicle_013_session_00718,vehicle_013,718,train,123.09743027016748,25.6,329.7,330.0,331.1,332.5,-69.20000999999999,32.377049180327866,1,0.0284098360655738,0.03100000000000014
vehicle_013_session_00719,vehicle_013,719,train,122.65134494195689,55.2,344.4,345.2,348.6,352.5,-69.19509196721312,36.08196721311475,1,0.04660655737704916,0.051000000000000156
vehicle_013_session_00720,vehicle_013,720,train,123.35519817386833,34.0,330.8,331.7,333.5,335.7,-70.01147655737705,34.77049180327869,1,0.031065573770491853,0.03400000000000025
vehicle_013_session_00721,vehicle_013,721,train,124.00186614827854,55.6,344.9,345.8,349.3,353.0,-70.02787163934427,37.14754098360656,1,0.04396721311475407,0.04800000000000004
vehicle_013_session_00722,vehicle_013,722,train,127.27156018963677,37.2,331.6,332.5,334.6,337.2,-69.99733373333333,34.36,1,0.03262666666666669,0.03699999999999992
vehicle_013_session_00723,vehicle_013,723,train,125.6514110915493,60.4,348.3,349.1,352.4,356.3,-70.00491803278688,36.0,0,0.04265573770491806,0.04499999999999993
vehicle_013_session_00724,vehicle_013,724,train,118.44068244949496,38.0,332.8,333.0,333.9,335.5,-45.09673098360656,32.59016393442623,1,0.024786885245901676,0.027000000000000135
vehicle_013_session_00725,vehicle_013,725,train,119.26952063301283,16.4,326.1,326.6,328.0,329.1,-50.12295950819673,28.0,0,0.02344262295081969,0.029999999999999805
vehicle_013_session_00726,vehicle_013,726,train,116.42297916666672,37.2,333.3,333.5,334.7,336.4,-50.200010000000006,30.0,0,0.027245901639344254,0.03000000000000025
vehicle_013_session_00727,vehicle_013,727,train,119.08021501572328,58.4,347.4,348.0,350.2,353.0,-50.20164950819673,32.0,0,0.03708196721311473,0.040000000000000036
vehicle_013_session_00728,vehicle_013,728,train,121.72205189564565,14.4,324.7,325.7,328.2,329.7,-70.11312475409837,31.81967213114754,1,0.03144262295081966,0.03699999999999992
vehicle_013_session_00729,vehicle_013,729,train,119.7433541666667,44.0,336.6,337.1,339.4,343.2,-70.10820672131148,35.0655737704918,2,0.04036065573770492,0.04800000000000004
vehicle_013_session_00730,vehicle_013,730,train,125.61758134920635,74.0,359.7,360.7,363.8,368.2,-70.16066573770492,37.377049180327866,1,0.04385245901639348,0.04499999999999993
vehicle_013_session_00731,vehicle_013,731,train,123.09914943181822,74.0,359.1,359.9,363.3,367.7,-69.29510147540985,31.049180327868854,1,0.04198360655737706,0.043999999999999595
vehicle_013_session_00732,vehicle_013,732,train,119.64030430555556,31.6,330.7,330.8,331.6,332.5,-45.100010000000005,35.0,0,0.021868852459016437,0.02400000000000002
vehicle_013_session_00733,vehicle_013,733,train,120.68288622181964,28.0,330.2,330.3,331.6,333.3,-70.11476278688525,31.295081967213115,1,0.02872131147540987,0.03200000000000003
vehicle_013_session_00734,vehicle_013,734,train,121.79045172491041,56.0,344.4,345.3,348.8,352.7,-70.12951770491803,34.540983606557376,1,0.04522950819672129,0.04900000000000038
vehicle_013_session_00735,vehicle_013,735,train,122.18683067810461,26.4,328.3,329.4,330.8,332.5,-70.16558147540984,34.622950819672134,1,0.028754098360655782,0.03100000000000014
vehicle_013_session_00736,vehicle_013,736,train,121.51476171875005,47.2,337.5,338.0,340.8,345.0,-70.01311737704917,37.24590163934426,2,0.044311475409836105,0.050000000000000266
vehicle_013_session_00737,vehicle_013,737,train,124.81238742690063,73.2,358.6,359.4,362.7,366.9,-69.97541409836066,39.0,0,0.044360655737704896,0.04600000000000026
vehicle_013_session_00738,vehicle_013,738,train,120.26502736928106,26.4,329.9,330.2,331.3,332.8,-70.1098455737705,38.39344262295082,1,0.02922950819672133,0.03200000000000003
vehicle_013_session_00739,vehicle_013,739,train,119.72314674707603,53.6,342.2,343.0,346.6,350.8,-70.07705672131148,41.278688524590166,1,0.04701639344262294,0.050000000000000266
vehicle_013_session_00740,vehicle_013,740,train,120.31648072318006,37.6,333.0,333.3,335.0,337.7,-70.41802524590163,39.19672131147541,1,0.034737704918032755,0.039000000000000146
vehicle_013_session_00741,vehicle_013,741,train,124.45923781876135,72.8,358.5,359.3,362.5,366.8,-70.47048885245901,41.09836065573771,1,0.04455737704918032,0.04600000000000026
vehicle_013_session_00742,vehicle_013,742,train,121.34404544655412,20.4,328.9,329.1,330.0,331.3,-70.43769868852458,37.0,0,0.028163934426229522,0.03000000000000025
vehicle_013_session_00743,vehicle_013,743,train,121.92888702321723,52.4,341.4,342.1,345.7,349.7,-70.43441967213116,40.540983606557376,1,0.04709836065573772,0.04900000000000038
vehicle_013_session_00744,vehicle_013,744,train,122.0028380636071,22.0,328.6,328.8,329.9,331.1,-65.18033885245903,36.540983606557376,1,0.02672131147540984,0.028999999999999915
vehicle_013_session_00745,vehicle_013,745,train,119.37681453544064,49.6,338.9,339.6,342.4,346.6,-65.15902639344263,39.65573770491803,1,0.04490163934426232,0.04800000000000004
vehicle_013_session_00746,vehicle_013,746,train,123.51457276356084,46.8,334.2,335.2,337.29999999999995,339.9,-45.211853289473694,33.276315789473685,1,0.03427631578947365,0.04100000000000037
vehicle_013_session_00747,vehicle_013,747,train,120.08659445323488,20.4,328.6,328.9,330.0,331.3,-70.05082508196722,31.21311475409836,1,0.027770491803278674,0.030999999999999694
vehicle_013_session_00748,vehicle_013,748,train,118.88648799189818,52.0,341.8,342.5,346.1,350.2,-70.0377118032787,35.295081967213115,1,0.04709836065573768,0.050000000000000266
vehicle_013_session_00749,vehicle_013,749,train,119.65172131410253,44.8,335.8,336.3,338.2,341.3,-59.24754688524591,30.524590163934427,1,0.03713114754098356,0.04400000000000004
vehicle_013_session_00750,vehicle_013,750,train,122.92550847457622,70.8,356.3,357.1,359.6,362.7,-55.780335245901654,32.91803278688525,1,0.03936065573770486,0.040999999999999925
vehicle_013_session_00751,vehicle_013,751,train,122.73890635364842,65.2,352.5,353.2,356.4,360.5,-69.95245426229508,37.0,0,0.04408196721311477,0.04500000000000037
vehicle_013_session_00752,vehicle_013,752,train,124.08387366452995,74.8,359.6,360.5,363.8,368.2,-68.70000999999999,32.98360655737705,0,0.04316393442622951,0.04400000000000048
vehicle_013_session_00753,vehicle_013,753,train,122.00212342767296,42.0,333.9,334.1,335.2,337.1,-45.200010000000006,32.39344262295082,1,0.02750819672131148,0.03100000000000014
vehicle_013_session_00754,vehicle_013,754,train,120.46621273148152,27.2,330.8,331.1,332.4,334.1,-74.39180557377048,29.60655737704918,1,0.03067213114754104,0.03400000000000025
vehicle_013_session_00755,vehicle_013,755,train,121.1342702294686,57.6,347.2,348.2,351.6,355.7,-74.2885319672131,33.540983606557376,1,0.04640983606557378,0.04899999999999993
vehicle_013_session_00756,vehicle_013,756,train,119.81164201388891,33.2,331.7,332.2,333.8,336.1,-70.10656262295082,29.147540983606557,2,0.032245901639344286,0.03600000000000003
vehicle_013_session_00757,vehicle_013,757,train,122.60580246310761,65.6,353.6,354.4,357.5,361.8,-70.01475868852461,32.31147540983606,1,0.04486885245901636,0.04600000000000026
vehicle_013_session_00758,vehicle_013,758,train,120.39195856873823,34.4,330.2,331.7,333.5,336.0,-70.08525147540985,28.934426229508198,2,0.03219672131147541,0.03600000000000003
vehicle_013_session_00759,vehicle_013,759,train,120.49416918276977,58.0,346.9,347.8,351.0,354.9,-70.03115147540986,32.0,0,0.046032786885245876,0.04999999999999982
vehicle_013_session_00760,vehicle_013,760,train,121.75869438932982,51.2,338.0,339.9,344.4,349.1,-69.91146786885244,30.918032786885245,1,0.05024590163934425,0.05500000000000016
vehicle_013_session_00761,vehicle_013,761,train,121.7367476415095,76.4,362.4,363.2,366.6,371.1,-69.91310672131146,32.0,0,0.04606557377049183,0.0470000000000006
vehicle_013_session_00762,vehicle_013,762,train,120.39057150205761,38.4,331.4,332.45,334.5,336.8,-60.12237644736841,28.026315789473685,1,0.031750000000000014,0.03699999999999992
vehicle_013_session_00763,vehicle_013,763,train,120.15554627360203,24.0,328.3,329.4,330.8,332.2,-69.967105,27.763157894736842,1,0.028092105263157915,0.03000000000000025
vehicle_013_session_00764,vehicle_013,764,train,120.16765755208333,48.4,336.3,337.8,341.8,346.8,-70.12296081967213,28.62295081967213,1,0.048770491803278714,0.05500000000000016
vehicle_013_session_00765,vehicle_013,765,train,118.44938396624472,40.4,334.7,335.0,337.1,340.2,-70.18033786885245,31.098360655737704,2,0.038229508196721294,0.04499999999999993
vehicle_013_session_00766,vehicle_013,766,train,119.70417013888887,27.2,328.6,329.9,331.3,333.0,-69.46393409836065,29.688524590163933,1,0.02922950819672134,0.03200000000000003
vehicle_013_session_00767,vehicle_013,767,train,120.09872306547622,47.6,337.8,338.5,341.3,345.7,-69.55902229508197,32.42622950819672,1,0.04657377049180332,0.052000000000000046
vehicle_013_session_00768,vehicle_013,768,train,119.79261092085238,37.6,333.0,333.5,335.2,337.8,-69.9622913114754,31.83606557377049,1,0.035327868852459,0.040000000000000036
vehicle_013_session_00769,vehicle_013,769,train,122.26399614800349,67.2,353.9,354.9,357.8,362.1,-69.98360491803278,34.704918032786885,1,0.04614754098360655,0.04800000000000004
vehicle_013_session_00770,vehicle_013,770,train,121.49969163602941,58.8,346.3,347.4,350.8,354.9,-70.02459262295082,33.52459016393443,1,0.04665573770491802,0.052999999999999936
vehicle_013_session_00771,vehicle_013,771,train,120.80230729166671,61.2,349.7,350.5,353.6,357.7,-70.17541934426231,30.0,0,0.04559016393442625,0.04800000000000004
vehicle_013_session_00772,vehicle_013,772,train,119.13877783038724,49.2,339.3,339.9,343.3,347.8,-69.44917524590164,32.36065573770492,1,0.049393442622950846,0.052999999999999936
vehicle_013_session_00773,vehicle_013,773,train,121.10063168238993,18.4,326.3,327.5,329.4,330.7,-70.04262688524591,32.59016393442623,1,0.030426229508196734,0.03699999999999992
vehicle_013_session_00774,vehicle_013,774,train,117.94372962622548,40.0,334.6,334.9,336.9,339.9,-69.99836114754098,34.65573770491803,1,0.038295081967213075,0.04499999999999993
vehicle_013_session_00775,vehicle_013,775,train,122.36938222001761,67.2,354.3,355.0,358.2,362.2,-69.98032786885246,37.0,0,0.046934426229508185,0.04900000000000038
vehicle_013_session_00776,vehicle_013,776,train,120.41844585687382,53.6,341.9,342.7,346.0,349.6,-58.278695409836075,32.622950819672134,1,0.048032786885245905,0.052999999999999936
vehicle_013_session_00777,vehicle_013,777,train,118.6850735763889,41.2,332.8,334.0,336.6,340.0,-70.01579144736843,31.43421052631579,1,0.039184210526315794,0.04600000000000026
vehicle_013_session_00778,vehicle_013,778,train,119.36869276094282,39.2,333.6,334.1,336.0,339.1,-70.04754442622952,34.09836065573771,1,0.037737704918032744,0.04300000000000015
vehicle_013_session_00779,vehicle_013,779,train,121.5044449567395,66.0,353.3,354.1,357.2,361.3,-70.00164049180329,36.31147540983606,1,0.047098360655737664,0.04899999999999949
vehicle_013_session_00780,vehicle_013,780,train,121.00870703860633,67.6,354.4,355.2,358.5,362.4,-70.4311406557377,33.98360655737705,0,0.04626229508196723,0.0479999999999996
vehicle_013_session_00781,vehicle_013,781,train,119.46499639463241,34.8,328.9,330.5,331.7,333.2,-44.7773416,34.0,0,0.024680000000000042,0.027000000000000135
vehicle_013_session_00782,vehicle_013,782,train,119.978298828125,21.6,329.2,329.6,330.5,331.9,-70.01803360655738,30.442622950819672,1,0.028737704918032802,0.03000000000000025
vehicle_013_session_00783,vehicle_013,783,train,118.84562120726497,47.2,338.5,339.1,341.9,346.4,-69.9590168852459,33.85245901639344,2,0.04811475409836068,0.053999999999999826
vehicle_013_session_00784,vehicle_013,784,train,119.04406447187925,29.2,331.7,332.1,333.2,335.0,-70.47376786885246,29.540983606557376,1,0.031573770491803294,0.03500000000000014
vehicle_013_session_00785,vehicle_013,785,train,118.1479697115385,61.6,351.3,352.1,355.2,359.1,-70.5,33.0,0,0.047295081967213104,0.04899999999999993
vehicle_013_session_00786,vehicle_013,786,train,118.66371822390572,34.4,331.7,332.7,334.2,336.6,-70.48196540983606,30.016393442622952,2,0.0334918032786885,0.03799999999999981
vehicle_013_session_00787,vehicle_013,787,train,120.36339821156771,60.8,349.4,350.2,353.5,357.2,-70.50491852459017,33.0,0,0.04701639344262293,0.04899999999999993
vehicle_013_session_00788,vehicle_013,788,train,118.58813942683884,35.6,333.0,333.3,334.9,337.4,-70.09509098360655,31.540983606557376,1,0.03457377049180326,0.039000000000000146
vehicle_013_session_00789,vehicle_013,789,train,121.90923804563491,64.4,352.1,353.0,356.1,360.0,-70.0918119672131,34.36065573770492,1,0.04688524590163939,0.04899999999999993
vehicle_013_session_00790,vehicle_013,790,train,122.55206105814503,47.6,335.8,337.35,341.05,346.0,-69.94210578947367,29.31578947368421,2,0.04859210526315788,0.05600000000000005
vehicle_013_session_00791,vehicle_013,791,train,119.83177278951489,20.0,327.2,328.3,329.9,331.1,-70.05902065573771,31.0,2,0.02849180327868854,0.03299999999999992
vehicle_013_session_00792,vehicle_013,792,train,118.87655779422516,48.4,339.3,339.9,343.0,347.4,-69.94590344262296,34.540983606557376,1,0.046721311475409866,0.051000000000000156
vehicle_013_session_00793,vehicle_013,793,train,115.45209531590419,43.2,335.0,335.3,336.8,338.8,-45.100010000000005,32.19672131147541,1,0.030442622950819617,0.03400000000000025
vehicle_013_session_00794,vehicle_013,794,train,120.76668064814815,7.6,322.7,323.5,326.0,328.2,-70.17542081967215,31.852459016393443,1,0.03172131147540978,0.03399999999999981
vehicle_013_session_00795,vehicle_013,795,train,120.92120117845116,38.0,333.9,334.2,336.0,338.5,-70.08525229508197,33.9344262295082,2,0.033819672131147505,0.039000000000000146
vehicle_013_session_00796,vehicle_013,796,train,122.58874487433867,64.4,352.2,353.0,356.1,360.2,-70.05574327868852,37.0,0,0.04295081967213115,0.04500000000000037
vehicle_013_session_00797,vehicle_013,797,train,121.32544892211999,32.4,328.3,329.79999999999995,331.0,332.2,-44.78533586666667,32.0,0,0.021960000000000028,0.025000000000000355
vehicle_013_session_00798,vehicle_013,798,train,122.17280190677961,58.8,345.2,346.1,349.1,352.4,-57.84754786885246,33.83606557377049,1,0.041131147540983584,0.04600000000000026
vehicle_013_session_00799,vehicle_013,799,train,122.78770855379187,43.2,333.6,334.7,337.5,341.4,-70.06558032786887,31.885245901639344,1,0.03931147540983604,0.04800000000000004
vehicle_013_session_00800,vehicle_013,800,train,122.57013391884524,68.8,355.7,356.4,359.6,363.8,-70.05738262295083,34.0,0,0.043573770491803276,0.04500000000000082
vehicle_013_session_00801,vehicle_013,801,train,121.1349472429519,47.6,337.2,337.8,341.0,345.7,-69.98688393442623,32.63934426229508,1,0.04545901639344261,0.051000000000000156
vehicle_013_session_00802,vehicle_013,802,train,121.96241772073415,74.4,360.3,361.1,364.4,368.8,-69.96229131147541,34.36065573770492,1,0.04429508196721311,0.04600000000000026
vehicle_013_session_00803,vehicle_013,803,train,112.16818044871795,58.8,346.4,348.1,351.5,355.3,-69.78667519999999,31.84,1,0.04410666666666665,0.04800000000000004
vehicle_013_session_00804,vehicle_013,804,train,120.30243936191624,24.0,329.4,329.7,330.8,332.2,-69.92131147540984,31.721311475409838,1,0.027967213114754128,0.03100000000000014
vehicle_013_session_00805,vehicle_013,805,train,118.78213629767828,51.6,341.0,341.8,345.2,349.6,-69.89672278688525,35.39344262295082,1,0.04663934426229511,0.04900000000000038
vehicle_013_session_00806,vehicle_013,806,train,118.95931744492339,38.4,331.0,331.6,333.0,334.9,-45.1016493442623,30.770491803278688,1,0.025409836065573798,0.028000000000000025
vehicle_013_session_00807,vehicle_013,807,train,119.95940814989522,61.6,348.6,349.1,351.1,353.6,-45.100010000000005,32.0,0,0.03577049180327871,0.038000000000000256
vehicle_013_session_00808,vehicle_013,808,train,121.45647781317426,15.2,324.6,326.20000000000005,328.6,329.9,-69.80658789473684,28.92105263157895,1,0.030855263157894722,0.03699999999999992
vehicle_013_session_00809,vehicle_013,809,train,120.7167045898438,45.2,334.6,336.1,339.6,344.3,-71.27870131147542,29.80327868852459,1,0.04057377049180329,0.04899999999999993
vehicle_013_session_00810,vehicle_013,810,train,122.61657012648806,70.8,357.8,358.8,362.2,366.4,-71.38360475409836,32.0,0,0.04140983606557379,0.04300000000000015
vehicle_013_session_00811,vehicle_013,811,train,122.48942441907052,54.0,340.0,341.85,346.05,349.7,-60.06842565789475,29.289473684210527,1,0.04284210526315789,0.04800000000000004
vehicle_013_session_00812,vehicle_013,812,train,121.80739510233916,46.4,335.5,336.3,339.1,343.0,-59.63115409836067,28.65573770491803,1,0.037672131147540984,0.04499999999999993
vehicle_013_session_00813,vehicle_013,813,train,122.35408905780781,55.6,342.8,344.4,348.5,352.7,-70.0868937704918,28.9672131147541,1,0.04419672131147538,0.052000000000000046
vehicle_013_session_00814,vehicle_013,814,train,119.87137534153007,36.4,331.6,333.0,335.2,337.8,-70.20001098360656,25.0327868852459,2,0.03160655737704916,0.03600000000000003
vehicle_013_session_00815,vehicle_013,815,train,121.12389460784314,60.8,350.3,351.1,354.4,358.3,-70.1885349180328,28.0,0,0.04101639344262302,0.042999999999999705
vehicle_013_session_00816,vehicle_013,816,train,119.59978070175441,15.2,323.0,323.5,324.4,325.5,-22.5,30.0,0,0.02093421052631579,0.02300000000000013
vehicle_013_session_00817,vehicle_013,817,train,121.00207363948986,14.8,324.9,326.05,328.5375,330.0,-69.99733506666666,27.84,1,0.03042666666666666,0.03699999999999992
vehicle_013_session_00818,vehicle_013,818,train,119.73057170584048,10.8,323.2,324.7,327.6,329.4,-70.39342342105263,25.960526315789473,1,0.030855263157894715,0.03500000000000014
vehicle_013_session_00819,vehicle_013,819,train,122.99911254340283,43.2,333.6,335.075,338.0,341.9,-70.02000293333333,27.626666666666665,1,0.03767999999999999,0.04499999999999993
vehicle_013_session_00820,vehicle_013,820,train,120.44251130174293,62.4,349.7,350.2,352.2,354.6,-44.899989999999995,35.0,0,0.0343606557377049,0.03600000000000003
vehicle_013_session_00821,vehicle_013,821,train,119.54974571759261,41.6,333.3,333.8,335.2,337.4,-49.90162950819671,31.0,0,0.028950819672131155,0.03200000000000003
vehicle_013_session_00822,vehicle_013,822,train,121.98686432613162,65.6,352.2,352.7,354.9,357.8,-49.90162950819671,33.0,0,0.03603278688524593,0.037000000000000366
vehicle_013_session_00823,vehicle_013,823,train,119.24147676282053,14.8,326.4,326.7,327.8,328.6,-50.15410836065575,31.0,0,0.02250819672131147,0.02499999999999991
vehicle_013_session_00824,vehicle_013,824,train,119.90678832304528,35.6,332.4,332.5,333.5,334.9,-50.14099360655739,32.68852459016394,1,0.02514754098360656,0.028000000000000025
vehicle_013_session_00825,vehicle_013,825,train,119.50294823816873,5.2,321.1,321.7,323.3,325.2,-49.9918024590164,34.63934426229508,-1,0.02768852459016392,0.03200000000000003
vehicle_013_session_00826,vehicle_013,826,train,125.05497821800591,65.6,352.1,352.5,354.7,357.5,-49.904908524590155,38.0,0,0.036557377049180335,0.038000000000000256
vehicle_013_session_00827,vehicle_013,827,train,123.37462493448636,62.0,348.8,349.4,351.8,354.6,-50.09836852459017,39.0,0,0.036819672131147556,0.039000000000000146
vehicle_013_session_00828,vehicle_013,828,train,118.31894396551722,50.0,338.9,339.4,341.9,345.2,-49.899989999999995,34.63934426229508,1,0.03998360655737707,0.04400000000000004
vehicle_013_session_00829,vehicle_013,829,train,123.18338301127217,70.0,355.5,357.04999999999995,360.6,364.7,-70.06933760000001,33.85333333333333,1,0.04170666666666664,0.043999999999999595
vehicle_013_session_00830,vehicle_013,830,train,122.7428055176768,75.6,357.8,359.79999999999995,362.4,365.2,-44.6315697368421,32.0,0,0.034039473684210474,0.036000000000000476
vehicle_013_session_00831,vehicle_013,831,train,120.30974503968254,18.4,327.8,328.5,329.7,331.0,-69.99836114754099,28.65573770491803,1,0.027950819672131193,0.03500000000000014
vehicle_013_session_00832,vehicle_013,832,train,118.78613170983486,44.0,336.9,337.5,339.9,343.9,-69.93770491803278,32.131147540983605,2,0.04080327868852457,0.04800000000000004
vehicle_013_session_00833,vehicle_013,833,train,118.84955398148148,24.0,329.2,329.7,331.0,332.4,-70.14263295081967,26.42622950819672,1,0.02718032786885248,0.02900000000000036
vehicle_013_session_00834,vehicle_013,834,train,119.2376827321725,54.0,343.5,344.3,347.8,351.9,-70.14263295081966,30.39344262295082,1,0.045081967213114756,0.04900000000000038
vehicle_013_session_00835,vehicle_013,835,train,120.85900251068378,18.0,326.3,327.7,329.6,331.0,-70.24263737704918,29.262295081967213,1,0.02855737704918033,0.03399999999999981
vehicle_013_session_00836,vehicle_013,836,train,118.5426533564815,44.4,337.1,337.7,340.2,344.3,-70.23607918032786,32.68852459016394,1,0.0416393442622951,0.04899999999999993
vehicle_013_session_00837,vehicle_013,837,train,121.56996670386911,73.2,359.9,360.8,364.1,368.5,-70.25739278688523,35.0,0,0.04380327868852457,0.04600000000000026
vehicle_013_session_00838,vehicle_013,838,train,120.73182781339031,28.8,331.1,331.4,332.5,334.2,-69.90327229508198,30.016393442622952,2,0.029016393442622964,0.03200000000000003
vehicle_013_session_00839,vehicle_013,839,train,121.72965510912695,60.4,348.8,349.7,352.8,356.8,-69.88196262295082,33.81967213114754,1,0.043262295081967224,0.04599999999999982
vehicle_013_session_00840,vehicle_013,840,train,122.01585724580711,24.8,328.3,329.4,330.8,332.4,-70.0065580327869,30.868852459016395,1,0.02781967213114758,0.03000000000000025
vehicle_013_session_00841,vehicle_013,841,train,119.88441994863015,46.4,337.5,338.0,340.7,344.9,-70.00983704918033,33.59016393442623,1,0.043114754098360644,0.04899999999999993
vehicle_013_session_00842,vehicle_013,842,train,122.75656706532915,75.6,361.3,362.1,365.5,369.9,-70.07049885245902,35.85245901639344,1,0.04413114754098362,0.04500000000000082
vehicle_013_session_00843,vehicle_013,843,train,121.65799707031252,53.2,340.3,342.1,346.6,351.0,-70.07213737704919,32.131147540983605,1,0.04811475409836064,0.05300000000000038
vehicle_013_session_00844,vehicle_013,844,train,118.17493012152778,40.0,334.4,334.9,336.9,340.0,-70.16886262295083,32.81967213114754,1,0.03678688524590158,0.04300000000000015
vehicle_013_session_00845,vehicle_013,845,train,122.33817996704337,72.0,358.5,359.3,362.5,366.8,-70.1967318032787,35.442622950819676,1,0.04409836065573769,0.04600000000000026
vehicle_013_session_00846,vehicle_013,846,train,121.91842447916669,59.2,347.7,348.6,351.9,355.8,-70.21968409836064,30.918032786885245,1,0.04403278688524591,0.04700000000000015
vehicle_013_session_00847,vehicle_013,847,train,120.97739198573578,55.2,344.3,345.2,348.9,352.8,-70.08033393442624,27.278688524590162,1,0.04547540983606554,0.04999999999999982
vehicle_013_session_00848,vehicle_013,848,train,118.81356939102562,23.2,328.3,329.6,331.0,332.4,-69.49016295081968,23.475409836065573,1,0.02662295081967214,0.02900000000000036
vehicle_013_session_00849,vehicle_013,849,train,118.18978539593698,49.2,340.2,341.0,344.3,348.6,-69.50491852459017,27.442622950819672,1,0.044311475409836064,0.04700000000000015
vehicle_013_session_00850,vehicle_013,850,train,121.04489512602883,76.0,362.5,363.3,366.8,371.1,-69.58853344262296,29.983606557377048,1,0.042524590163934506,0.04400000000000048
vehicle_013_session_00851,vehicle_013,851,train,117.07330866228071,36.4,334.1,334.6,336.4,338.9,-69.27706688524592,22.918032786885245,2,0.033032786885245864,0.037000000000000366
vehicle_013_session_00852,vehicle_013,852,train,121.12631325954867,67.2,355.8,356.6,359.7,363.6,-69.20984704918034,26.0,0,0.04170491803278688,0.04300000000000015
vehicle_013_session_00853,vehicle_013,853,train,118.29986630995751,24.8,327.1,328.70000000000005,329.775,330.8,-43.158683066666676,18.0,0,0.01865333333333335,0.020999999999999908
vehicle_013_session_00854,vehicle_013,854,train,120.19858589181284,20.4,327.8,329.4,331.0,332.2,-69.93114655737706,17.40983606557377,1,0.026032786885245924,0.028999999999999915
vehicle_013_session_00855,vehicle_013,855,train,122.43957960526316,62.4,351.8,353.3,356.4,360.3,-70.05246426229509,23.639344262295083,1,0.04211475409836068,0.04300000000000015
vehicle_013_session_00856,vehicle_013,856,train,120.08981175925926,46.8,338.0,338.6,341.8,346.4,-70.86885180327869,26.098360655737704,2,0.04409836065573774,0.04900000000000038
vehicle_013_session_00857,vehicle_013,857,train,125.13615025871464,77.2,363.3,364.3,367.7,372.2,-70.89343459016393,28.40983606557377,1,0.04375409836065576,0.04500000000000082
vehicle_013_session_00858,vehicle_013,858,train,121.77279950221238,46.8,335.3,337.2,341.0,346.1,-70.84754672131147,25.983606557377048,2,0.04450819672131148,0.051000000000000156
vehicle_013_session_00859,vehicle_013,859,train,121.20032516025645,53.6,343.3,344.4,348.3,352.4,-70.04590622950819,22.80327868852459,1,0.046311475409836024,0.051000000000000156
vehicle_013_session_00860,vehicle_013,860,train,121.99079536300505,54.0,340.8,343.1,348.075,352.5,-74.22400680000001,24.573333333333334,1,0.0486933333333333,0.05500000000000016
vehicle_013_session_00861,vehicle_013,861,train,119.94025638276142,16.4,327.7,328.3,329.7,331.0,-69.48032590163935,21.0,0,0.027147540983606576,0.03399999999999981
vehicle_013_session_00862,vehicle_013,862,train,116.81027327674899,43.6,337.4,337.8,340.3,344.4,-69.50163950819672,24.672131147540984,1,0.040622950819672106,0.04700000000000015
vehicle_013_session_00863,vehicle_013,863,train,122.88979979035636,76.0,362.8,363.6,367.1,371.4,-69.55082475409836,27.770491803278688,1,0.044098360655737655,0.04500000000000082
vehicle_013_session_00864,vehicle_013,864,train,116.51299583333339,36.0,333.6,333.9,335.5,338.2,-70.30002,27.540983606557376,1,0.03378688524590161,0.038000000000000256
vehicle_013_session_00865,vehicle_013,865,train,120.12530314009665,66.0,354.1,354.9,358.0,362.2,-70.33607475409835,30.934426229508198,1,0.044081967213114706,0.04500000000000037
vehicle_013_session_00866,vehicle_013,866,train,122.0324391647641,54.4,345.3,346.4,350.5,355.0,-80.00983704918033,19.81967213114754,2,0.048114754098360656,0.052999999999999936
vehicle_013_session_00867,vehicle_013,867,train,121.73991073232324,56.8,345.5,346.1,349.1,352.4,-57.65738360655738,25.0,0,0.04214754098360657,0.04700000000000015
vehicle_013_session_00868,vehicle_013,868,train,121.542831825948,47.2,336.0,337.75,341.6,346.8,-70.00526539473684,23.36842105263158,2,0.046157894736842085,0.052000000000000046
vehicle_013_session_00869,vehicle_013,869,train,121.22765131677647,8.400001,322.2,323.6,326.4,328.8,-70.07541606557376,24.0,0,0.03136065573770486,0.03399999999999981
vehicle_013_session_00870,vehicle_013,870,train,121.49213861476606,38.0,334.1,334.6,336.1,338.6,-69.97704688524591,26.934426229508198,2,0.0338524590163934,0.0389999999999997
vehicle_013_session_00871,vehicle_013,871,train,123.43098654513891,68.4,355.8,356.6,359.7,363.8,-69.99508147540983,30.24590163934426,1,0.0442950819672131,0.04600000000000026
vehicle_013_session_00872,vehicle_013,872,train,120.18055084325394,42.4,335.0,335.7,338.02,341.9,-70.45644725806451,26.177419354838708,2,0.03912903225806451,0.04800000000000004
vehicle_013_session_00873,vehicle_013,873,train,123.88889519230769,70.8,357.8,358.6,361.9,366.1,-70.50163950819672,29.0,0,0.0450655737704918,0.04600000000000026
vehicle_013_session_00874,vehicle_013,874,train,119.76899842592597,41.6,335.3,335.8,338.2,341.8,-70.6623050819672,26.852459016393443,2,0.039098360655737664,0.04699999999999971
vehicle_013_session_00875,vehicle_013,875,train,123.17769989224136,72.0,358.9,359.7,363.0,367.4,-70.70492852459016,29.885245901639344,1,0.0455409836065574,0.0470000000000006
vehicle_013_session_00876,vehicle_013,876,train,122.10219603174608,57.6,344.9,346.8,350.5,354.7,-70.28362032786885,31.721311475409838,1,0.04621311475409834,0.05400000000000027
vehicle_013_session_00877,vehicle_013,877,train,122.90961006335283,74.8,358.8,360.25,363.6,367.5,-60.031582631578935,26.157894736842106,1,0.04090789473684201,0.04300000000000015
vehicle_013_session_00878,vehicle_013,878,train,119.06361342592592,15.2,326.4,327.1,328.6,329.7,-61.12787557377049,27.0,0,0.027180327868852473,0.03399999999999981
vehicle_013_session_00879,vehicle_013,879,train,117.45128713037631,40.4,334.9,335.3,336.9,339.4,-59.61475901639345,30.21311475409836,1,0.03350819672131145,0.039000000000000146
vehicle_013_session_00880,vehicle_013,880,train,119.70274232456143,65.2,353.0,353.6,356.0,359.3,-56.43771180327869,32.67213114754098,1,0.040786885245901655,0.04300000000000015
vehicle_013_session_00881,vehicle_013,881,train,120.29002590589391,35.2,331.4,332.5,334.7,337.2,-70.00131671052632,24.842105263157894,2,0.03306578947368423,0.03699999999999992
vehicle_013_session_00882,vehicle_013,882,train,120.3621478409091,17.2,326.4,326.7,327.8,328.8,-45.200010000000006,25.0,0,0.02245901639344261,0.027000000000000135
vehicle_013_session_00883,vehicle_013,883,train,118.35024247685186,26.0,328.5,329.6,331.0,332.5,-60.12763960526314,21.605263157894736,1,0.02517105263157895,0.027000000000000135
vehicle_013_session_00884,vehicle_013,884,train,121.24198417426219,70.0,357.1,358.5,361.3375,365.0,-60.13027144736842,26.0,0,0.0421842105263158,0.04300000000000015
vehicle_013_session_00885,vehicle_013,885,train,119.58824031690139,16.8,328.2,328.8,329.9,331.1,-70.27050262295081,21.311475409836067,1,0.027213114754098384,0.03300000000000036
vehicle_013_session_00886,vehicle_013,886,train,116.9498001246439,45.2,338.2,338.8,341.4,345.8,-70.22951770491804,24.80327868852459,2,0.04378688524590167,0.051000000000000156
vehicle_013_session_00887,vehicle_013,887,train,121.56518910256413,76.4,363.0,363.9,367.4,371.8,-70.27705557377048,27.098360655737704,1,0.046377049180327895,0.04800000000000004
vehicle_013_session_00888,vehicle_013,888,train,121.68403999732907,19.2,326.9,328.3,330.2,331.4,-70.147551147541,20.770491803278688,1,0.026770491803278704,0.03100000000000014
vehicle_013_session_00889,vehicle_013,889,train,118.22097506751543,40.4,335.3,335.8,337.8,341.0,-70.05082475409836,23.475409836065573,1,0.037065573770491744,0.04400000000000004
vehicle_013_session_00890,vehicle_013,890,train,121.72628061342594,69.2,356.9,357.7,361.0,365.0,-70.04754557377049,26.0,0,0.04537704918032787,0.0470000000000006
vehicle_013_session_00891,vehicle_013,891,train,121.51987549603176,56.4,344.9,346.6,350.8,354.9,-70.2770668852459,18.901639344262296,1,0.044557377049180315,0.052000000000000046
vehicle_013_session_00892,vehicle_013,892,train,119.95921809895837,49.2,340.5,341.3,344.9,349.4,-70.13115672131147,19.983606557377048,2,0.043999999999999984,0.04700000000000015
vehicle_013_session_00893,vehicle_013,893,train,118.86082066993465,37.2,333.6,334.1,335.8,338.6,-70.1147637704918,20.65573770491803,1,0.0321147540983606,0.03600000000000003
vehicle_013_session_00894,vehicle_013,894,train,122.22801957070708,64.8,353.2,353.9,357.2,361.3,-70.11968131147542,24.0,0,0.041868852459016365,0.04300000000000015
vehicle_013_session_00895,vehicle_013,895,train,120.44324346405226,69.6,356.3,356.9,359.1,362.2,-49.700010000000006,23.0,0,0.034967213114754085,0.03700000000000081
vehicle_013_session_00896,vehicle_013,896,train,122.10666184701489,49.6,341.0,341.8,345.5,349.9,-70.51967409836067,22.983606557377048,2,0.044213114754098365,0.04700000000000015
vehicle_013_session_00897,vehicle_013,897,train,118.16184343434344,29.2,329.2,330.8,332.5,334.4,-70.19837065573769,19.78688524590164,1,0.028032786885245936,0.03100000000000014
vehicle_013_session_00898,vehicle_013,898,train,120.46499270330112,55.6,345.7,346.6,349.9,353.9,-70.16722311475411,23.37704918032787,1,0.04295081967213112,0.04600000000000026
vehicle_013_session_00899,vehicle_013,899,train,120.94224509803924,64.4,353.0,353.5,355.8,358.6,-49.904908524590155,24.0,0,0.035426229508196745,0.037000000000000366
vehicle_013_session_00900,vehicle_013,900,train,117.55465328839867,36.4,333.9,334.2,336.3,339.3,-70.17214114754098,19.491803278688526,1,0.03281967213114751,0.0389999999999997
vehicle_013_session_00901,vehicle_013,901,train,120.43044289215683,64.0,353.6,354.4,357.5,361.6,-70.21968409836066,23.0,0,0.04211475409836062,0.04400000000000004
vehicle_013_session_00902,vehicle_013,902,train,114.88335874999999,45.2,336.1,336.6,338.2,340.5,-45.200010000000006,25.852459016393443,1,0.03145901639344257,0.038000000000000256
vehicle_013_session_00903,vehicle_013,903,train,118.48150671296301,55.6,344.7,345.2,347.5,350.2,-45.08525442622951,26.0,0,0.0381967213114754,0.04200000000000026
vehicle_013_session_00904,vehicle_013,904,train,116.23006780437353,26.0,328.9,329.1,329.9,331.0,-45.824597540983625,27.0,0,0.0206065573770492,0.02200000000000024
vehicle_013_session_00905,vehicle_013,905,train,117.79130896347739,22.0,328.8,329.1,329.7,330.7,-50.322963934426255,30.0,0,0.021311475409836064,0.02300000000000013
vehicle_013_session_00906,vehicle_013,906,train,115.2591411394033,43.6,336.0,336.3,338.0,340.3,-50.347546721311474,32.278688524590166,1,0.03260655737704913,0.038000000000000256
vehicle_013_session_00907,vehicle_013,907,train,119.66739473684213,65.2,352.5,353.0,355.3,358.2,-50.36393524590164,34.0,0,0.03742622950819677,0.039000000000000146
vehicle_013_session_00908,vehicle_013,908,train,118.13837286324791,15.2,325.7,327.2,329.4,330.7,-70.21148655737704,23.60655737704918,1,0.029311475409836054,0.03600000000000003
vehicle_013_session_00909,vehicle_013,909,train,116.77299502743485,36.0,334.1,334.4,336.1,338.8,-70.20656836065574,26.360655737704917,1,0.03363934426229502,0.03799999999999981
vehicle_013_session_00910,vehicle_013,910,train,118.30048763888891,48.8,339.7,340.5,344.1,348.6,-69.8016581967213,20.60655737704918,1,0.04611475409836067,0.050000000000000266
vehicle_013_session_00911,vehicle_013,911,train,117.72708614417989,28.0,330.3,330.7,331.6,333.9,-63.45246360655739,19.918032786885245,8,0.027442622950819687,0.03299999999999992
vehicle_013_session_00912,vehicle_013,912,train,117.22048083684955,53.2,343.9,345.0,348.5,352.5,-70.16558377049179,26.83606557377049,1,0.046688524590163906,0.04999999999999982
vehicle_013_session_00913,vehicle_013,913,train,119.38575732323234,18.0,326.7,327.1,327.7,329.1,-43.29017393442623,22.557377049180328,7,0.020196721311475426,0.02200000000000024
vehicle_013_session_00914,vehicle_013,914,train,114.20961893939396,40.0,334.2,334.6,336.0,338.0,-49.700010000000006,27.688524590163933,1,0.029409836065573743,0.03299999999999992
vehicle_013_session_00915,vehicle_013,915,train,116.96375810185188,62.0,350.2,350.7,353.0,355.7,-49.700010000000006,29.0,0,0.03785245901639347,0.040000000000000036
vehicle_013_session_00916,vehicle_013,916,train,119.61676912997906,53.6,345.2,345.8,348.5,351.3,-50.121321475409836,26.0,0,0.039081967213114736,0.04300000000000015
vehicle_013_session_00917,vehicle_013,917,train,120.04734485479794,56.0,345.3,346.6,350.5,354.6,-69.47048885245901,19.39344262295082,1,0.044836065573770525,0.052999999999999936
vehicle_013_session_00918,vehicle_013,918,train,115.24241818181818,45.2,335.7,336.1,337.8,340.3,-49.89835114754097,27.704918032786885,1,0.03267213114754095,0.039000000000000146
vehicle_013_session_00919,vehicle_013,919,train,119.88609083333333,67.2,353.2,353.6,356.0,358.8,-49.88687918032787,29.0,0,0.03555737704918034,0.037000000000000366
vehicle_013_session_00920,vehicle_013,920,train,117.55857461873636,50.0,338.5,338.9,341.4,344.9,-50.19345262295082,25.75409836065574,1,0.0394098360655738,0.04400000000000004
vehicle_013_session_00921,vehicle_013,921,train,121.10418768939394,70.8,356.1,356.6,358.9,361.9,-50.200010000000006,27.0,0,0.03547540983606552,0.037000000000000366
vehicle_013_session_00922,vehicle_013,922,train,117.33412191358025,22.0,329.6,329.9,331.0,332.4,-70.14099344262293,25.540983606557376,1,0.02668852459016397,0.028999999999999915
vehicle_013_session_00923,vehicle_013,923,train,118.46380411142681,54.4,344.7,345.7,349.1,353.0,-70.21968409836064,29.885245901639344,1,0.044163934426229484,0.04800000000000004
vehicle_013_session_00924,vehicle_013,924,train,120.46192818813132,52.8,339.3,341.1,345.8,350.3,-69.75083459016393,27.983606557377048,1,0.04706557377049178,0.051000000000000156
vehicle_013_session_00925,vehicle_013,925,train,120.66147178819446,56.4,344.4,345.5,349.6,353.6,-70.12787852459016,24.950819672131146,1,0.04460655737704918,0.052000000000000046
vehicle_013_session_00926,vehicle_013,926,train,121.55268658280923,76.8,361.9,362.8,366.4,370.5,-67.65245934426228,25.360655737704917,1,0.0410655737704918,0.04300000000000015
vehicle_013_session_00927,vehicle_013,927,train,117.28804658996684,28.8,331.4,331.7,333.0,334.9,-69.85082442622952,24.57377049180328,1,0.02914754098360657,0.03299999999999992
vehicle_013_session_00928,vehicle_013,928,train,118.5024865575397,56.0,346.4,347.2,350.5,354.4,-69.83607475409836,28.360655737704917,1,0.04368852459016391,0.04699999999999971
vehicle_013_session_00929,vehicle_013,929,train,117.85369677579368,39.2,334.7,335.2,337.1,340.0,-70.27378721311474,26.83606557377049,2,0.03503278688524586,0.040000000000000036
vehicle_013_session_00930,vehicle_013,930,train,120.74058825663349,67.6,355.2,356.1,359.3,363.3,-70.32296262295081,30.0,0,0.042786885245901636,0.044999999999999485
vehicle_013_session_00931,vehicle_013,931,train,118.08048052430556,17.6,326.6,327.9,329.4,330.7,-60.05526684210526,18.80263157894737,1,0.023315789473684206,0.027000000000000135
vehicle_013_session_00932,vehicle_013,932,train,118.15221463122606,17.6,326.0,327.4,328.55,329.4,-48.488162236842115,14.342105263157896,6,0.020302631578947364,0.02200000000000024
vehicle_013_session_00933,vehicle_013,933,train,121.00336278735631,69.6,357.4,358.2,361.3,365.7,-69.245911147541,24.0,0,0.042229508196721305,0.04499999999999993
vehicle_013_session_00934,vehicle_013,934,train,118.71786130401235,26.4,330.5,330.7,331.7,333.2,-60.80656508196722,24.459016393442624,2,0.026245901639344264,0.028999999999999915
vehicle_013_session_00935,vehicle_013,935,train,114.05631063988098,48.4,339.9,340.5,343.3,347.1,-58.79180934426231,26.83606557377049,1,0.043213114754098385,0.04600000000000026
vehicle_013_session_00936,vehicle_013,936,train,120.15417944444448,70.8,357.8,358.5,361.1,364.4,-55.91476098360656,27.57377049180328,1,0.03929508196721305,0.04100000000000037
vehicle_013_session_00937,vehicle_013,937,train,118.06592214912281,26.4,329.6,331.1,332.8,335.0,-80.13607590163936,18.540983606557376,1,0.030868852459016424,0.03300000000000036
vehicle_013_session_00938,vehicle_013,938,train,117.651970734127,49.2,341.4,342.4,346.3,351.0,-80.02787163934427,21.934426229508198,2,0.04772131147540984,0.050000000000000266
vehicle_013_session_00939,vehicle_013,939,train,115.9658812597809,38.0,334.4,334.9,336.8,339.9,-70.17214147540984,26.21311475409836,2,0.03650819672131142,0.04200000000000026
vehicle_013_session_00940,vehicle_013,940,train,118.24180250420882,66.4,355.0,355.8,359.1,363.3,-70.1327967213115,28.24590163934426,1,0.04411475409836063,0.04600000000000026
vehicle_013_session_00941,vehicle_013,941,train,120.26066708333335,14.0,325.2,326.7,329.1,330.5,-70.24919278688525,19.868852459016395,1,0.029163934426229544,0.03600000000000003
vehicle_013_session_00942,vehicle_013,942,train,116.58410172672674,44.4,337.7,338.3,340.8,344.9,-70.19181409836065,23.672131147540984,1,0.04188524590163937,0.04899999999999993
vehicle_013_session_00943,vehicle_013,943,train,122.23117503531077,74.0,361.0,361.8,365.2,369.6,-70.17214180327869,26.491803278688526,1,0.04490163934426233,0.0470000000000006
vehicle_013_session_00944,vehicle_013,944,train,119.8046128812636,20.4,328.3,328.3,329.1,329.7,-46.31147688524591,19.0327868852459,1,0.018885245901639383,0.020000000000000018
vehicle_013_session_00945,vehicle_013,945,train,119.03623310810808,36.8,331.1,332.7,335.0,337.8,-70.10164573770491,21.918032786885245,2,0.031868852459016404,0.03600000000000003
vehicle_013_session_00946,vehicle_013,946,train,121.63086984592009,66.8,354.7,355.5,358.6,362.7,-70.10164622950819,25.19672131147541,1,0.04213114754098361,0.04400000000000004
vehicle_013_session_00947,vehicle_013,947,train,122.07248084852432,70.0,357.7,358.5,361.8,366.0,-70.05082475409836,26.75409836065574,1,0.042229508196721284,0.04400000000000048
vehicle_013_session_00948,vehicle_013,948,train,119.87029432189547,51.6,340.8,341.8,345.8,350.2,-69.45573327868853,23.39344262295082,1,0.04629508196721309,0.04899999999999993
vehicle_013_session_00949,vehicle_013,949,train,119.94115989877591,55.6,342.1,344.6,349.1,353.5,-70.32131655737705,22.42622950819672,1,0.04265573770491803,0.04900000000000038
vehicle_013_session_00950,vehicle_013,950,train,117.69614606794292,36.8,333.5,333.9,335.5,338.2,-70.11476229508196,25.34426229508197,1,0.031606557377049135,0.0349999999999997
vehicle_013_session_00951,vehicle_013,951,train,122.46360853494626,66.8,354.4,355.2,358.3,362.4,-70.00492278688526,28.40983606557377,1,0.04016393442622954,0.041999999999999815
vehicle_013_session_00952,vehicle_013,952,train,118.57018775912108,50.8,340.8,341.6,345.0,349.4,-69.34263016393443,26.672131147540984,1,0.043114754098360644,0.04500000000000037
vehicle_013_session_00953,vehicle_013,953,train,123.32571152777777,77.6,363.5,364.4,367.7,372.1,-69.33935245901641,28.60655737704918,1,0.040852459016393367,0.0420000000000007
vehicle_013_session_00954,vehicle_013,954,train,122.33797737268519,70.4,358.2,358.9,362.4,367.1,-74.32460213114753,28.0,0,0.0421967213114754,0.04400000000000048
vehicle_013_session_00955,vehicle_013,955,train,117.15986342592592,26.0,329.1,329.9,331.4,333.2,-70.09509049180329,26.442622950819672,1,0.027163934426229552,0.03000000000000025
vehicle_013_session_00956,vehicle_013,956,train,118.05301210171572,47.6,338.8,339.4,342.4,346.9,-70.06885901639343,29.229508196721312,2,0.041950819672131184,0.04599999999999982
vehicle_013_session_00957,vehicle_013,957,train,122.74492534722226,75.2,361.1,362.1,364.4,367.7,-60.868857049180335,31.0,0,0.03832786885245913,0.0420000000000007
vehicle_013_session_00958,vehicle_013,958,train,117.84625254303603,47.2,338.3,338.9,342.1,346.8,-70.06066180327869,29.557377049180328,1,0.04272131147540989,0.04700000000000015
vehicle_013_session_00959,vehicle_013,959,train,121.09679292408308,54.8,342.1,344.35,348.70000000000005,353.0,-70.04737184210524,25.394736842105264,1,0.04464473684210525,0.052000000000000046
vehicle_013_session_00960,vehicle_013,960,train,121.28732208747931,57.2,346.9,347.7,351.1,355.0,-70.10164573770491,29.0,0,0.0424262295081967,0.04499999999999993
vehicle_013_session_00961,vehicle_013,961,train,118.52380844612526,25.6,327.1,329.95,331.4,333.2,-69.57632434210525,27.157894736842106,2,0.029263157894736862,0.03200000000000003
vehicle_013_session_00962,vehicle_013,962,train,117.22517631826742,30.4,330.3,331.4,333.3,335.5,-70.18197508196721,20.016393442622952,2,0.03111475409836068,0.03400000000000025
vehicle_013_session_00963,vehicle_013,963,train,117.70330068324371,54.4,345.0,346.0,349.4,353.5,-70.09017,23.37704918032787,1,0.050016393442622945,0.05300000000000038
vehicle_013_session_00964,vehicle_013,964,train,116.7615333672087,34.8,332.4,333.0,334.9,337.8,-74.12460016393443,25.34426229508197,1,0.0359672131147541,0.040999999999999925
vehicle_013_session_00965,vehicle_013,965,train,119.47407562295751,67.6,356.0,356.8,360.2,364.6,-74.14099360655737,28.42622950819672,1,0.04955737704918033,0.051000000000000156
vehicle_013_session_00966,vehicle_013,966,train,118.548502577862,58.4,348.0,348.9,352.2,356.1,-69.99508147540985,27.0,0,0.047852459016393456,0.052999999999999936
vehicle_013_session_00967,vehicle_013,967,train,118.91112979166667,54.0,340.8,343.0,347.5,351.9,-70.17050229508197,28.901639344262296,1,0.052098360655737676,0.05799999999999983
vehicle_013_session_00968,vehicle_013,968,train,121.83370641762451,74.0,360.5,361.3,364.7,369.1,-70.13279491803279,30.0,0,0.04763934426229511,0.04999999999999982
vehicle_013_session_00969,vehicle_013,969,train,119.95041319444448,62.4,350.5,351.4,354.7,358.6,-70.22623721311476,28.21311475409836,1,0.04649180327868854,0.04800000000000004
vehicle_013_session_00970,vehicle_013,970,train,118.38800865209473,18.8,327.1,328.3,329.7,331.1,-69.80001737704917,28.639344262295083,1,0.02981967213114759,0.03600000000000003
vehicle_013_session_00971,vehicle_013,971,train,116.24336101598175,43.2,336.6,337.1,339.4,343.3,-69.8196855737705,31.688524590163933,1,0.043180327868852446,0.052000000000000046
vehicle_013_session_00972,vehicle_013,972,train,123.0189259259259,72.8,359.1,359.9,363.2,367.4,-69.84263016393442,34.0,0,0.047836065573770487,0.04900000000000038
vehicle_013_session_00973,vehicle_013,973,train,117.95442396336554,22.0,328.6,329.2,330.5,331.9,-70.5836149180328,27.311475409836067,1,0.028868852459016426,0.03100000000000014
vehicle_013_session_00974,vehicle_013,974,train,118.81901611467237,50.0,340.2,341.0,344.4,348.8,-70.6016493442623,31.229508196721312,2,0.050508196721311516,0.05300000000000038
vehicle_013_session_00975,vehicle_013,975,train,117.76491196236559,30.8,329.6,330.8,332.4,334.4,-70.1065668852459,29.475409836065573,1,0.03134426229508198,0.03500000000000014
vehicle_013_session_00976,vehicle_013,976,train,119.3379131468798,55.6,344.3,345.2,348.6,352.8,-70.06230131147542,32.40983606557377,1,0.04996721311475408,0.05300000000000038
vehicle_013_session_00977,vehicle_013,977,train,117.70551179604264,34.0,332.7,333.0,334.4,336.6,-70.30002,32.52459016393443,1,0.03475409836065575,0.0389999999999997
vehicle_013_session_00978,vehicle_013,978,train,120.69716444227431,63.6,351.4,352.2,355.3,359.3,-70.32460278688527,36.0,0,0.04786885245901639,0.04900000000000038
vehicle_013_session_00979,vehicle_013,979,train,121.27445524691352,75.6,361.3,362.2,365.7,369.9,-69.69181327868853,29.0,0,0.041590163934426216,0.04300000000000015
vehicle_013_session_00980,vehicle_013,980,train,121.08866912393165,56.0,344.9,346.0,349.4,353.6,-69.96393081967213,28.60655737704918,1,0.04377049180327867,0.04800000000000004
vehicle_013_session_00981,vehicle_013,981,train,120.18694867383512,32.0,329.7,330.75,332.15,333.8,-60.005334000000005,29.346666666666668,1,0.026586666666666675,0.02900000000000036
vehicle_013_session_00982,vehicle_013,982,train,118.73311133954682,35.6,332.4,332.8,334.4,337.1,-70.61968131147542,28.540983606557376,1,0.032229508196721324,0.03600000000000003
vehicle_013_session_00983,vehicle_013,983,train,120.77273187382303,66.4,353.6,354.6,357.7,361.9,-70.64099327868851,32.0,0,0.04240983606557377,0.04300000000000015
vehicle_013_session_00984,vehicle_013,984,train,113.09505882352944,40.0,333.8,334.1,335.3,337.1,-45.28361360655739,31.0,0,0.027131147540983617,0.03000000000000025
vehicle_013_session_00985,vehicle_013,985,train,118.60836138344222,56.0,344.4,345.2,347.4,350.0,-44.899989999999995,26.0,0,0.03763934426229505,0.04100000000000037
vehicle_013_session_00986,vehicle_013,986,train,118.66232104700856,43.2,335.5,336.1,338.6,342.5,-70.10820672131148,23.360655737704917,1,0.03808196721311472,0.04600000000000026
vehicle_013_session_00987,vehicle_013,987,train,122.78959095982148,74.4,361.0,361.8,365.2,368.8,-69.11640344262294,26.0,0,0.04244262295081967,0.04400000000000048
vehicle_013_session_00988,vehicle_013,988,train,119.76146236525703,43.6,333.9,335.5,338.51,342.8,-70.06721836065573,23.262295081967213,2,0.03877049180327868,0.04700000000000015
vehicle_013_session_00989,vehicle_013,989,train,121.9529608228512,74.4,359.7,360.7,364.3,368.6,-69.89671295081968,25.40983606557377,1,0.04165573770491805,0.04300000000000015
vehicle_013_session_00990,vehicle_013,990,train,119.1534555776014,39.2,332.2,333.6,336.0,339.3,-70.23115770491803,25.19672131147541,2,0.03460655737704915,0.040999999999999925
vehicle_013_session_00991,vehicle_013,991,train,120.06119290123458,64.8,352.8,353.6,356.8,360.8,-70.1426318032787,28.0,0,0.04229508196721312,0.04400000000000004
vehicle_013_session_00992,vehicle_013,992,train,120.99829345383985,60.8,349.7,350.5,353.6,357.7,-69.2918224590164,27.475409836065573,1,0.0421147540983607,0.04400000000000004
vehicle_013_session_00993,vehicle_013,993,train,118.6433248737374,45.6,335.2,336.4,339.7,344.6,-70.65902639344263,27.557377049180328,1,0.042524590163934436,0.050000000000000266
vehicle_013_session_00994,vehicle_013,994,train,120.55044643670308,67.6,355.2,356.0,359.3,363.3,-70.66886245901638,29.901639344262296,1,0.04267213114754098,0.04400000000000048
vehicle_013_session_00995,vehicle_013,995,train,122.97048414179105,70.8,355.3,357.29999999999995,361.05,365.5,-70.23554052631579,30.0,0,0.041776315789473634,0.04400000000000048
vehicle_013_session_00996,vehicle_013,996,train,119.06517613121346,21.6,327.4,328.5,329.9,331.1,-60.04079315789475,24.0,0,0.024197368421052665,0.026000000000000245
vehicle_013_session_00997,vehicle_013,997,train,116.89499870898584,24.0,328.2,329.2,330.6,332.1,-60.029336133333324,23.4,1,0.024106666666666665,0.026000000000000245
vehicle_013_session_00998,vehicle_013,998,train,117.29495088577097,29.2,329.6,330.8,332.5,334.4,-69.95789473684209,24.907894736842106,2,0.029197368421052628,0.03200000000000003
vehicle_013_session_00999,vehicle_013,999,train,118.54880250850341,28.8,329.6,330.8,332.4,334.2,-69.9693336,23.84,2,0.029013333333333335,0.03299999999999992
vehicle_013_session_01000,vehicle_013,1000,train,119.20274626941814,13.2,324.7,326.05,328.5,330.0,-70.05466986666666,24.613333333333333,1,0.030813333333333314,0.03699999999999992
vehicle_013_session_01001,vehicle_013,1001,train,119.4147712962963,56.8,343.6,346.25,350.75,354.9,-69.91579263157895,21.105263157894736,2,0.044289473684210545,0.052000000000000046
vehicle_013_session_01002,vehicle_013,1002,train,118.65812418414922,30.4,329.9,331.05,332.75,334.9,-69.81468013333333,25.893333333333334,2,0.028853333333333318,0.03200000000000003
vehicle_013_session_01003,vehicle_013,1003,train,120.10149094083492,26.8,329.4,330.4,332.0,333.8,-74.14474342105264,27.06578947368421,2,0.0286842105263158,0.03200000000000003
vehicle_013_session_01004,vehicle_013,1004,train,117.88517152777779,30.4,330.8,331.1,332.7,334.7,-70.73771868852458,30.311475409836067,1,0.029704918032786912,0.03300000000000036
vehicle_013_session_01005,vehicle_013,1005,train,120.03627119076799,56.8,345.8,346.8,350.2,354.1,-70.75247229508197,33.540983606557376,1,0.0432295081967213,0.04600000000000026
vehicle_013_session_01006,vehicle_013,1006,train,120.27597669956141,60.8,350.0,350.8,354.1,358.0,-70.29346,27.0,0,0.041311475409836096,0.04300000000000015
vehicle_013_session_01007,vehicle_013,1007,train,120.78009421296298,48.0,337.7,338.5,341.8,346.8,-70.54754573770492,31.311475409836067,1,0.04378688524590166,0.04800000000000004
vehicle_013_session_01008,vehicle_013,1008,train,118.96849909188037,62.8,350.8,351.8,355.0,359.1,-70.67050180327867,32.40983606557377,1,0.041590163934426265,0.04300000000000015
vehicle_013_session_01009,vehicle_013,1009,train,117.05744921023965,32.0,330.7,331.6,333.3,335.5,-69.88524032786884,28.59016393442623,1,0.030262295081967264,0.03399999999999981
vehicle_013_session_01010,vehicle_013,1010,train,117.07514746732026,52.4,342.5,343.5,347.1,351.3,-69.89835114754098,31.327868852459016,1,0.04496721311475406,0.04800000000000004
vehicle_013_session_01011,vehicle_013,1011,train,119.3164892979452,51.2,339.9,341.0,345.2,349.9,-70.4540937704918,31.59016393442623,1,0.0465573770491803,0.04999999999999982
vehicle_013_session_01012,vehicle_013,1012,train,119.00141157407408,38.4,332.4,333.3,335.7,338.6,-70.19509327868852,27.704918032786885,1,0.03352459016393441,0.039000000000000146
vehicle_013_session_01013,vehicle_013,1013,train,121.59606909133707,68.8,356.1,356.8,360.0,364.3,-70.28690131147542,31.0,0,0.042180327868852424,0.04400000000000048
vehicle_013_session_01014,vehicle_013,1014,train,118.94070817307698,49.6,339.6,340.3,343.8,348.5,-70.0065580327869,32.377049180327866,1,0.04526229508196724,0.04800000000000004
vehicle_013_session_01015,vehicle_013,1015,train,119.5757650498036,18.4,326.7,328.1,329.7,331.1,-70.0355292105263,29.407894736842106,1,0.028644736842105268,0.03500000000000014
vehicle_013_session_01016,vehicle_013,1016,train,116.69395114087304,28.0,331.0,331.1,332.4,334.1,-70.02623213114754,31.672131147540984,1,0.028852459016393474,0.03100000000000014
vehicle_013_session_01017,vehicle_013,1017,train,118.69332358047382,56.0,345.5,346.3,349.7,353.8,-70.01475557377049,35.0,0,0.044344262295081954,0.04800000000000004
vehicle_013_session_01018,vehicle_013,1018,train,120.78815643353177,56.0,343.0,345.04999999999995,349.20000000000005,353.3,-70.09605921052632,33.88157894736842,1,0.04578947368421051,0.05400000000000027
vehicle_013_session_01019,vehicle_013,1019,train,120.0367136268344,62.4,348.9,350.4,353.85,358.0,-70.24080355263158,30.93421052631579,1,0.041934210526315824,0.04400000000000004
vehicle_013_session_01020,vehicle_013,1020,train,118.23555564692981,45.6,337.2,337.8,340.3,344.7,-69.93441967213116,30.39344262295082,1,0.04175409836065573,0.04800000000000004
vehicle_013_session_01021,vehicle_013,1021,train,120.94541161616165,62.4,348.6,350.7,354.4,358.8,-74.13607393442621,28.065573770491802,1,0.04340983606557378,0.04699999999999971
vehicle_013_session_01022,vehicle_013,1022,train,121.66150228026537,62.0,350.3,351.1,354.3,358.3,-69.64591163934426,34.0,0,0.04237704918032788,0.04400000000000004
vehicle_013_session_01023,vehicle_013,1023,train,121.1157852936006,66.0,350.8,351.85,354.1,356.4,-43.20533853333333,32.0,0,0.033946666666666694,0.03500000000000014
vehicle_013_session_01024,vehicle_013,1024,train,116.5865224358974,42.8,336.3,336.8,339.3,343.0,-70.40490852459017,33.59016393442623,1,0.0402950819672131,0.04899999999999993
vehicle_013_session_01025,vehicle_013,1025,train,122.06774134460542,65.6,353.5,354.3,357.5,361.6,-70.0278706557377,33.442622950819676,1,0.04336065573770493,0.04499999999999993
vehicle_013_session_01026,vehicle_013,1026,train,117.64561300287356,74.0,357.7,358.6,361.1,363.9,-45.208075322580655,36.0,0,0.03553225806451615,0.03699999999999992
vehicle_013_session_01027,vehicle_013,1027,train,115.54101966028526,32.0,331.9,332.4,333.9,336.1,-69.55738278688526,24.229508196721312,1,0.03103278688524592,0.03500000000000014
vehicle_013_session_01028,vehicle_013,1028,train,118.46495575716845,61.6,351.1,352.1,355.0,359.1,-69.56558032786884,27.65573770491803,1,0.043327868852459046,0.04500000000000037
vehicle_013_session_01029,vehicle_013,1029,train,119.24677210716638,31.2,330.7,331.65,333.5,335.7,-69.8560068,24.69333333333333,1,0.03034666666666668,0.03400000000000025
vehicle_013_session_01030,vehicle_013,1030,train,129.2229275587607,73.6,358.5,360.4,364.35,368.8,-70.08289986842105,27.92105263157895,1,0.04269736842105269,0.045999999999999375
vehicle_013_session_01031,vehicle_013,1031,train,119.36768422809833,19.6,326.7,328.3,329.9,331.4,-69.30821360655739,24.508196721311474,1,0.026819672131147557,0.029999999999999805
vehicle_013_session_01032,vehicle_013,1032,train,117.0026552177177,40.8,335.5,335.8,338.0,341.3,-69.2524742622951,27.278688524590162,1,0.036918032786885206,0.04300000000000015
vehicle_013_session_01033,vehicle_013,1033,train,122.38931800314468,70.8,357.7,358.5,361.8,366.0,-69.28854344262295,30.0,0,0.04362295081967214,0.04500000000000082
vehicle_013_session_01034,vehicle_013,1034,train,118.60926552910053,32.4,329.9,331.3,333.1,335.2,-69.9866712,27.333333333333332,1,0.03032000000000004,0.03400000000000025
vehicle_013_session_01035,vehicle_013,1035,train,116.03116625548246,31.6,331.6,331.9,333.6,335.7,-70.50163950819672,25.704918032786885,1,0.03121311475409836,0.03400000000000025
vehicle_013_session_01036,vehicle_013,1036,train,119.32474471393037,62.0,351.1,352.1,355.2,359.1,-70.60984573770493,29.278688524590162,1,0.04406557377049182,0.04600000000000026
vehicle_013_session_01037,vehicle_013,1037,train,117.81392656012177,27.2,330.2,330.7,331.7,333.5,-70.33607409836065,28.57377049180328,1,0.028934426229508235,0.03200000000000003
vehicle_013_session_01038,vehicle_013,1038,train,119.31804171296291,56.4,345.7,346.6,349.9,353.9,-70.3999906557377,32.57377049180328,1,0.0458196721311475,0.04899999999999993
vehicle_013_session_01039,vehicle_013,1039,train,121.45548443055554,70.0,356.4,357.2,360.5,364.7,-69.94917524590164,33.40983606557377,1,0.043672131147540975,0.045999999999999375
vehicle_013_session_01040,vehicle_013,1040,train,114.0826835227273,39.2,333.5,333.8,335.2,336.9,-49.90654803278688,29.065573770491802,1,0.028901639344262292,0.03200000000000003
vehicle_013_session_01041,vehicle_013,1041,train,119.94696944444443,61.2,348.8,349.4,351.6,354.4,-49.99672098360655,31.19672131147541,1,0.03821311475409837,0.040999999999999925
vehicle_013_session_01042,vehicle_013,1042,train,117.44281034820034,22.4,326.9,328.8,330.3,331.7,-69.96559,32.18032786885246,2,0.027983606557377055,0.03000000000000025
vehicle_013_session_01043,vehicle_013,1043,train,118.32179008838384,50.8,340.5,341.3,344.7,349.1,-70.27214836065572,35.68852459016394,1,0.0477704918032787,0.050000000000000266
vehicle_013_session_01044,vehicle_013,1044,train,117.21462871004567,34.4,332.7,333.0,334.4,336.6,-69.61804278688524,33.90163934426229,2,0.03201639344262295,0.03500000000000014
vehicle_013_session_01045,vehicle_013,1045,train,120.57982258597887,63.6,351.4,352.4,355.3,359.4,-69.6016493442623,37.0,0,0.04245901639344265,0.04400000000000004
vehicle_013_session_01046,vehicle_013,1046,train,118.97750831505843,13.2,325.0,325.7,327.8,329.6,-68.88851803278689,29.0,0,0.030016393442622937,0.03299999999999992
vehicle_013_session_01047,vehicle_013,1047,train,120.26509370307808,43.2,335.7,336.6,338.8,342.2,-68.89343459016393,32.47540983606557,1,0.03750819672131145,0.04400000000000004
vehicle_013_session_01048,vehicle_013,1048,train,123.59875470809787,72.8,359.3,360.2,363.3,367.5,-68.90982704918034,35.0,0,0.04270491803278695,0.04400000000000048
vehicle_013_session_01049,vehicle_013,1049,train,120.98020988175675,15.6,325.3,326.1,328.6,330.0,-70.07541737704919,32.0,0,0.031278688524590134,0.03699999999999992
vehicle_013_session_01050,vehicle_013,1050,train,118.82428573312232,45.6,337.2,337.7,340.3,344.3,-70.04426672131147,34.868852459016395,2,0.041377049180327856,0.04800000000000004
vehicle_013_session_01051,vehicle_013,1051,train,123.67511757897603,77.6,362.5,363.3,366.8,371.1,-70.03442967213114,37.0,0,0.04375409836065575,0.04500000000000082
vehicle_013_session_01052,vehicle_013,1052,train,119.7921819548093,12.8,323.9,325.0,327.7,329.6,-70.43442229508197,33.377049180327866,1,0.03229508196721312,0.03600000000000003
vehicle_013_session_01053,vehicle_013,1053,train,117.93718355429293,40.0,334.7,335.2,337.1,340.2,-70.4934419672131,36.47540983606557,1,0.03599999999999996,0.040999999999999925
vehicle_013_session_01054,vehicle_013,1054,train,120.03906770833328,58.8,347.5,348.5,351.6,355.7,-70.03442950819672,31.918032786885245,1,0.04399999999999995,0.04700000000000015
vehicle_013_session_01055,vehicle_013,1055,train,116.79141319444447,33.2,331.9,332.4,333.8,336.0,-69.83279704918034,31.75409836065574,2,0.03157377049180329,0.03400000000000025
vehicle_013_session_01056,vehicle_013,1056,train,120.4603196022727,65.6,353.0,353.8,357.1,361.0,-69.88687918032787,35.34426229508197,1,0.043426229508196704,0.04499999999999993
vehicle_013_session_01057,vehicle_013,1057,train,117.76899276212836,45.2,337.1,337.5,340.2,344.4,-69.19509196721312,31.57377049180328,1,0.04255737704918035,0.04999999999999982
vehicle_013_session_01058,vehicle_013,1058,train,117.71926671626987,35.6,331.4,332.2,334.1,336.6,-70.2672286885246,32.78688524590164,1,0.03301639344262295,0.038000000000000256
vehicle_013_session_01059,vehicle_013,1059,train,119.85244541462421,63.6,351.4,352.2,355.3,359.4,-70.16558360655739,35.868852459016395,1,0.04378688524590164,0.04599999999999982
vehicle_013_session_01060,vehicle_013,1060,train,121.51553920668555,68.0,352.8,354.6,358.18,362.4,-70.006250625,34.359375,1,0.04296874999999999,0.04499999999999993
vehicle_013_session_01061,vehicle_013,1061,train,120.64854558691754,53.6,340.7,341.3,344.3,347.5,-50.100010000000005,33.0,0,0.04334426229508197,0.04600000000000026
vehicle_013_session_01062,vehicle_013,1062,train,117.60796148989898,30.0,329.6,330.7,332.2,334.2,-70.05410360655736,36.9344262295082,1,0.030688524590163982,0.03400000000000025
vehicle_013_session_01063,vehicle_013,1063,train,119.05556006944447,52.0,341.4,342.4,345.8,350.2,-69.99672229508197,39.39344262295082,1,0.048114754098360635,0.051000000000000156
vehicle_013_session_01064,vehicle_013,1064,train,117.92396326164877,29.2,329.6,330.3,331.9,333.8,-70.6131232786885,33.32786885245902,1,0.030262295081967237,0.03400000000000025
vehicle_013_session_01065,vehicle_013,1065,train,119.38659625771609,54.0,342.8,343.6,347.4,351.4,-70.70656803278688,36.295081967213115,1,0.04780327868852458,0.051000000000000156
vehicle_013_session_01066,vehicle_013,1066,train,118.7162190277778,39.2,333.8,334.2,336.1,339.1,-70.83279704918033,41.52459016393443,1,0.03685245901639343,0.04200000000000026
vehicle_013_session_01067,vehicle_013,1067,train,120.85966690613026,69.2,355.8,356.6,359.9,364.1,-70.8901568852459,44.0,0,0.0453770491803278,0.04699999999999971
vehicle_013_session_01068,vehicle_013,1068,train,119.6002186535494,42.8,335.0,335.7,337.8,341.4,-70.05902049180328,35.24590163934426,1,0.0394918032786885,0.04700000000000015
vehicle_013_session_01069,vehicle_013,1069,train,122.25385143849203,72.0,357.8,358.6,362.1,366.3,-70.02623163934427,37.0,0,0.04490163934426236,0.04600000000000026
vehicle_013_session_01070,vehicle_013,1070,train,121.318298176148,65.200005,351.1,352.45,355.9,359.9,-70.05658226315789,33.0,0,0.043210536842105275,0.044999800000000256
vehicle_013_session_01071,vehicle_013,1071,train,118.39029444444442,23.2,329.7,330.0,331.1,332.4,-70.63443606557377,31.0,2,0.02822950819672134,0.03100000000000014
vehicle_013_session_01072,vehicle_013,1072,train,117.82686851851852,53.2,343.0,343.9,347.4,351.6,-70.68853459016393,34.75409836065574,1,0.04757377049180327,0.050000000000000266
vehicle_013_session_01073,vehicle_013,1073,train,118.78676174903103,42.4,334.9,335.3,337.7,341.1,-70.71148655737704,34.377049180327866,1,0.03895081967213114,0.04500000000000037
vehicle_013_session_01074,vehicle_013,1074,train,118.7780503472222,13.2,324.1,325.3,328.0,329.7,-70.04918524590164,32.0,0,0.03283606557377046,0.03799999999999981
vehicle_013_session_01075,vehicle_013,1075,train,117.25666935998498,34.4,332.8,333.2,334.6,336.9,-70.02787163934427,33.77049180327869,1,0.03293442622950819,0.03600000000000003
vehicle_013_session_01076,vehicle_013,1076,train,119.33753301366849,64.4,352.4,353.2,356.1,360.2,-70.06066180327869,37.0,0,0.044786885245901645,0.04600000000000026
vehicle_013_session_01077,vehicle_013,1077,train,120.08739415509258,72.4,358.6,359.6,362.8,367.2,-70.49016295081968,33.0,0,0.04444262295081975,0.04600000000000026
vehicle_013_session_01078,vehicle_013,1078,train,119.95323689159294,43.6,333.6,334.9,337.29999999999995,340.7,-60.03421315789475,27.94736842105263,1,0.03543421052631577,0.04200000000000026
vehicle_013_session_01079,vehicle_013,1079,train,119.6001333652211,44.8,334.9,336.20000000000005,339.4,343.9,-70.02133560000001,27.746666666666666,1,0.041280000000000004,0.04900000000000038
vehicle_013_session_01080,vehicle_013,1080,train,119.5847876633987,22.8,326.6,327.5,328.70000000000005,329.7,-45.005263684210526,24.355263157894736,1,0.01994736842105263,0.02200000000000024
vehicle_013_session_01081,vehicle_013,1081,train,118.74909337462468,21.2,329.6,329.9,330.8,332.1,-70.30493655737705,30.19672131147541,1,0.027262295081967237,0.029999999999999805
vehicle_013_session_01082,vehicle_013,1082,train,119.50991119123931,51.2,341.3,341.9,345.3,349.7,-70.25739278688523,33.704918032786885,1,0.04577049180327868,0.04800000000000004
vehicle_013_session_01083,vehicle_013,1083,train,118.5636256638072,37.2,332.2,333.0,334.9,337.8,-70.3393524590164,30.16393442622951,1,0.033836065573770495,0.039000000000000146
vehicle_013_session_01084,vehicle_013,1084,train,120.74141671772881,64.4,352.5,353.2,356.4,360.5,-70.40163081967212,33.0,0,0.04331147540983611,0.04500000000000037
vehicle_013_session_01085,vehicle_013,1085,train,119.60269210737178,58.8,345.7,347.7,351.3,355.5,-69.97212836065573,31.40983606557377,1,0.04224590163934424,0.04800000000000004
vehicle_013_session_01086,vehicle_013,1086,train,120.1809329922027,50.4,338.6,339.9,344.7,349.7,-74.24918918032786,32.14754098360656,1,0.04703278688524589,0.050000000000000266
vehicle_013_session_01087,vehicle_013,1087,train,122.13603915229884,71.2,357.2,358.0,360.8,364.6,-59.81640852459017,32.0,0,0.03804918032786877,0.03900000000000059
vehicle_013_session_01088,vehicle_013,1088,train,117.54945150659134,29.6,329.4,330.5,332.1,334.1,-69.90000049180327,31.721311475409838,1,0.02908196721311479,0.03200000000000003
vehicle_013_session_01089,vehicle_013,1089,train,118.19076648148149,53.2,342.5,343.3,346.9,351.1,-69.75903229508195,34.75409836065574,1,0.0453934426229508,0.04800000000000004
vehicle_013_session_01090,vehicle_013,1090,train,118.2352060688406,27.2,330.5,330.8,331.9,333.6,-69.93114868852459,27.83606557377049,2,0.028360655737704948,0.03100000000000014
vehicle_013_session_01091,vehicle_013,1091,train,117.54730676328501,54.8,344.3,345.2,348.8,352.7,-69.92459032786884,31.639344262295083,1,0.04467213114754098,0.04800000000000004
vehicle_013_session_01092,vehicle_013,1092,train,119.14624196623092,46.0,335.0,335.7,337.8,340.8,-50.001639508196725,29.40983606557377,1,0.034147540983606534,0.040999999999999925
vehicle_013_session_01093,vehicle_013,1093,train,118.05833361111111,66.4,353.3,353.8,356.0,358.9,-50.0,31.0,0,0.03577049180327872,0.037000000000000366
vehicle_013_session_01094,vehicle_013,1094,train,119.98216439061672,14.0,324.2,325.6,328.25,329.9,-70.10000644736843,29.710526315789473,1,0.03086842105263157,0.03600000000000003
vehicle_013_session_01095,vehicle_013,1095,train,120.29991669543064,30.0,329.4,330.6,332.29999999999995,334.2,-69.93683894736841,29.105263157894736,2,0.029552631578947403,0.03200000000000003
vehicle_013_session_01096,vehicle_013,1096,train,120.82491943506007,58.8,348.0,348.8,352.1,356.1,-69.77378786885247,34.540983606557376,1,0.04377049180327869,0.04700000000000015
vehicle_013_session_01097,vehicle_013,1097,train,120.83685406602258,60.4,348.9,349.9,353.0,357.1,-70.48196540983606,30.0,0,0.043295081967213156,0.04599999999999982
vehicle_013_session_01098,vehicle_013,1098,train,119.638622813786,18.8,326.7,328.0,329.9,331.1,-69.93933819672131,26.262295081967213,1,0.028573770491803263,0.03600000000000003
vehicle_013_session_01099,vehicle_013,1099,train,117.35388906926408,40.8,335.2,335.5,337.7,340.8,-69.9540937704918,29.40983606557377,1,0.03649180327868847,0.04200000000000026
vehicle_013_session_01100,vehicle_013,1100,train,122.35075389863549,72.0,358.0,358.8,362.1,366.1,-69.99508147540983,32.9344262295082,1,0.043655737704918034,0.045999999999999375
vehicle_013_session_01101,vehicle_013,1101,train,117.30757415254237,22.4,328.3,329.4,330.8,332.2,-70.62295836065573,28.24590163934426,2,0.027950819672131172,0.03000000000000025
vehicle_013_session_01102,vehicle_013,1102,train,118.52457353500763,46.0,337.8,338.5,341.1,345.5,-70.77870639344262,31.491803278688526,1,0.04365573770491805,0.050000000000000266
vehicle_013_session_01103,vehicle_013,1103,train,123.32817926954728,75.6,361.4,362.4,365.8,370.0,-70.86721295081966,34.0,0,0.04495081967213112,0.0470000000000006
vehicle_013_session_01104,vehicle_013,1104,train,120.44450320925245,38.8,332.4,333.25,335.4,338.5,-70.10132315789474,35.0921052631579,1,0.035381578947368396,0.040000000000000036
vehicle_013_session_01105,vehicle_013,1105,train,120.64494006147541,45.6,334.7,336.1,339.3,343.8,-70.18853508196722,36.73770491803279,1,0.04322950819672133,0.051000000000000156
vehicle_013_session_01106,vehicle_013,1106,train,120.35388541666666,59.2,347.5,348.9,352.4,356.3,-70.0393468852459,33.90163934426229,1,0.045000000000000026,0.04899999999999993
vehicle_013_session_01107,vehicle_013,1107,train,117.67556753716747,39.6,333.9,334.4,336.3,339.3,-69.9622937704918,39.0655737704918,2,0.03654098360655737,0.04100000000000037
vehicle_013_session_01108,vehicle_013,1108,train,119.90828563941302,9.6,321.9,323.2,326.0,328.3,-69.87213016393443,38.0,0,0.03331147540983604,0.03500000000000014
vehicle_013_session_01109,vehicle_013,1109,train,119.13097777777783,30.8,331.6,331.7,333.0,334.9,-69.82624163934426,39.39344262295082,1,0.03111475409836065,0.03399999999999981
vehicle_013_session_01110,vehicle_013,1110,train,119.1279157318376,48.0,334.1,336.1,338.5,341.9,-49.495074098360654,36.42622950819672,1,0.0374590163934426,0.04500000000000037
vehicle_013_session_01111,vehicle_013,1111,train,120.33709905303027,68.8,354.4,354.9,357.4,360.2,-49.899989999999995,37.0,0,0.037786885245901666,0.040000000000000036
vehicle_013_session_01112,vehicle_013,1112,train,117.89628962962962,25.6,329.6,329.9,331.1,332.7,-69.99508147540983,35.32786885245902,1,0.0288688524590164,0.03200000000000003
vehicle_013_session_01113,vehicle_013,1113,train,120.02528705357143,59.2,347.7,348.6,351.9,355.7,-69.93769868852459,39.0,0,0.04562295081967215,0.04800000000000004
vehicle_013_session_01114,vehicle_013,1114,train,120.54304468351555,67.2,354.7,355.5,358.8,363.0,-70.0541037704918,33.377049180327866,1,0.04470491803278689,0.04600000000000026
vehicle_013_session_01115,vehicle_013,1115,train,120.78209138007057,61.6,348.6,350.2,353.8,357.8,-70.3049268852459,29.918032786885245,1,0.04339344262295089,0.04700000000000015
vehicle_013_session_01116,vehicle_013,1116,train,119.17987573356804,19.2,326.6,328.0,329.7,331.1,-70.03606918032787,27.557377049180328,1,0.02813114754098361,0.03299999999999992
vehicle_013_session_01117,vehicle_013,1117,train,117.72661184210524,48.0,338.9,339.7,342.7,347.2,-70.00983704918033,31.40983606557377,1,0.04560655737704921,0.04900000000000038
vehicle_013_session_01118,vehicle_013,1118,train,116.89119558599698,44.0,337.1,337.7,340.2,344.3,-69.81476836065573,29.081967213114755,2,0.042147540983606534,0.04899999999999993
vehicle_013_session_01119,vehicle_013,1119,train,119.29627827380959,73.2,360.2,361.0,364.4,368.6,-69.82788049180328,31.62295081967213,1,0.04498360655737702,0.04699999999999971
vehicle_013_session_01120,vehicle_013,1120,train,119.6391117957747,44.4,336.3,336.9,339.7,344.1,-70.27050885245902,24.459016393442624,1,0.04213114754098361,0.050000000000000266
vehicle_013_session_01121,vehicle_013,1121,train,121.15567256289307,73.2,360.2,361.0,364.4,368.6,-70.34263016393443,27.0327868852459,1,0.045032786885245896,0.04600000000000026
vehicle_013_session_01122,vehicle_013,1122,train,119.72280651665133,25.2,328.8,329.9,331.35,333.0,-69.98552828947368,29.25,1,0.027697368421052648,0.03000000000000025
vehicle_013_session_01123,vehicle_013,1123,train,123.35954483858865,68.0,353.2,354.6,358.0,362.4,-70.29343631578948,37.89473684210526,1,0.04144736842105261,0.04300000000000015
vehicle_013_session_01124,vehicle_013,1124,train,120.32661787099599,40.8,332.8,334.0,336.6,339.9,-69.75201519999999,33.81333333333333,1,0.03551999999999997,0.041999999999999815
vehicle_013_session_01125,vehicle_013,1125,train,119.38263660230353,46.0,337.1,337.5,340.2,344.4,-70.83771360655739,37.91803278688525,2,0.04162295081967215,0.04800000000000004
vehicle_013_session_01126,vehicle_013,1126,train,118.93760479797986,30.0,330.3,330.7,332.1,333.9,-70.1672231147541,35.01639344262295,2,0.02957377049180332,0.03200000000000003
vehicle_013_session_01127,vehicle_013,1127,train,119.5341826041667,61.2,348.9,349.9,353.0,356.9,-70.16394475409837,38.049180327868854,1,0.042819672131147575,0.04599999999999982
vehicle_013_session_01128,vehicle_013,1128,train,121.82264636299435,49.6,336.9,338.0,341.4,345.8,-60.200012295081976,31.557377049180328,1,0.04281967213114755,0.04700000000000015
vehicle_013_session_01129,vehicle_013,1129,train,122.11043131944446,73.6,359.4,360.0,362.8,366.8,-60.11968213114754,33.0,0,0.03940983606557373,0.04100000000000037
vehicle_013_session_01130,vehicle_013,1130,train,120.85806038135591,60.4,347.2,348.8,352.1,355.5,-60.026232131147545,31.557377049180328,1,0.039196721311475426,0.042999999999999705
vehicle_013_session_01131,vehicle_013,1131,train,120.80440767045451,62.0,349.9,350.8,353.9,358.0,-70.06557983606557,33.0,0,0.04232786885245907,0.04400000000000004
vehicle_013_session_01132,vehicle_013,1132,train,118.76603946314106,51.2,338.8,339.3,341.9,345.3,-48.64262885245902,31.65573770491803,1,0.04068852459016403,0.04400000000000004
vehicle_013_session_01133,vehicle_013,1133,train,119.20425165072861,5.6,320.7,322.1,324.7,327.4,-70.31804016393443,35.0,0,0.032721311475409826,0.03600000000000003
vehicle_013_session_01134,vehicle_013,1134,train,119.56908143074583,30.4,331.6,331.7,333.0,334.7,-70.22460098360655,35.868852459016395,1,0.030213114754098373,0.03299999999999992
vehicle_013_session_01135,vehicle_013,1135,train,121.32087077702707,59.6,348.0,348.8,352.1,356.0,-70.20984754098362,39.0,0,0.043737704918032784,0.04600000000000026
vehicle_013_session_01136,vehicle_013,1136,train,121.82612678179828,60.4,348.3,349.3,352.5,356.4,-69.88033459016393,36.91803278688525,1,0.043573770491803276,0.04699999999999971
vehicle_013_session_01137,vehicle_013,1137,train,117.10519753086423,35.2,330.8,332.1,334.1,336.6,-69.51311606557377,31.75409836065574,1,0.03237704918032789,0.03600000000000003
vehicle_013_session_01138,vehicle_013,1138,train,122.35763256944442,76.4,362.1,363.0,366.3,370.7,-69.54918524590165,35.721311475409834,1,0.043819672131147555,0.04600000000000026
vehicle_013_session_01139,vehicle_013,1139,train,119.09282942019401,24.0,328.3,329.2,330.5,332.1,-70.16230459016394,33.90163934426229,1,0.028229508196721303,0.030999999999999694
vehicle_013_session_01140,vehicle_013,1140,train,117.75809856965175,49.2,339.3,340.0,343.2,347.7,-70.12459852459017,37.0,2,0.045836065573770526,0.04900000000000038
vehicle_013_session_01141,vehicle_013,1141,train,123.69691360294125,76.4,361.4,362.4,365.8,370.2,-70.12295918032787,38.950819672131146,1,0.043918032786885296,0.04500000000000082
vehicle_013_session_01142,vehicle_013,1142,train,129.55873301159534,56.0,339.3,341.9,345.25,348.3,-44.60658302631579,33.9078947368421,1,0.0415921052631579,0.04600000000000026
vehicle_013_session_01143,vehicle_013,1143,train,121.35787683691757,71.2,356.1,357.2,360.2,363.6,-56.180334426229514,38.0,0,0.03854098360655738,0.040000000000000036
vehicle_013_session_01144,vehicle_013,1144,train,120.16058903732855,16.800001,325.3,326.35,328.8,330.19998,-70.08312184415583,35.0,0,0.03170129740259741,0.03900009999999998
vehicle_013_session_01145,vehicle_013,1145,train,119.28517054268133,19.6,326.69998,327.9,329.6,331.0,-70.1052692105263,34.68421052631579,1,0.029697356578947384,0.03600000000000003
vehicle_013_session_01146,vehicle_013,1146,train,120.04668716849149,41.2,333.19998,334.19998,337.0,340.5,-70.06316168421051,34.078947368421055,2,0.037973682894736835,0.044999800000000256
vehicle_013_session_01147,vehicle_013,1147,train,118.82989624374846,26.800001,328.6,329.4,330.69998,332.1,-61.10395286842104,38.26315789473684,1,0.026368434210526343,0.02800020000000014
vehicle_013_session_01148,vehicle_013,1148,train,119.31950466549299,12.4,323.5,324.75,327.45,329.4,-70.19211381578947,35.776315789473685,1,0.03299999999999999,0.03699999999999992
vehicle_013_session_01149,vehicle_013,1149,train,117.88828840706934,14.4,324.4,325.6,328.2,329.9,-70.04737223684211,39.0,0,0.033592105263157895,0.039000000000000146
vehicle_013_session_01150,vehicle_013,1150,train,117.6994377025463,18.8,326.7,327.1,328.3,329.1,-45.16558377049181,34.57377049180328,1,0.0233770491803279,0.029999999999999805
vehicle_013_session_01151,vehicle_013,1151,train,119.66264193881382,14.8,324.4,325.7,328.2,329.9,-70.0541037704918,38.0,0,0.033606557377049165,0.039000000000000146
vehicle_013_session_01152,vehicle_013,1152,train,116.89574628665126,44.8,336.9,337.4,339.9,343.6,-70.05246426229508,41.295081967213115,1,0.04200000000000001,0.04899999999999993
vehicle_013_session_01153,vehicle_013,1153,train,119.06849193781211,24.8,327.7,328.9,330.2,331.4,-60.012001733333335,32.49333333333333,1,0.02508000000000001,0.027000000000000135
vehicle_013_session_01154,vehicle_013,1154,train,119.1330665514745,10.4,322.4,323.4,325.9,327.8,-59.817342800000006,35.0,0,0.029946666666666618,0.03200000000000003
vehicle_013_session_01155,vehicle_013,1155,train,119.07617529599273,50.4,337.1,338.1,340.875,344.1,-44.36667253333333,37.0,0,0.03945333333333333,0.04400000000000004
vehicle_013_session_01156,vehicle_013,1156,train,119.29287496408051,66.4,351.9,353.4,357.0,361.3,-70.52895026315791,37.0,0,0.04238157894736838,0.04400000000000004
vehicle_013_session_01157,vehicle_013,1157,train,117.29558492525896,23.2,327.8,329.0,330.5,331.9,-69.96133653333332,39.0,0,0.02842666666666668,0.030999999999999694
vehicle_013_session_01158,vehicle_013,1158,train,118.05084804033487,3.2,319.2,321.05,324.1,326.4,-69.83947934210526,34.0,0,0.03431578947368418,0.039000000000000146
vehicle_013_session_01159,vehicle_013,1159,train,119.50656000129801,48.4,336.4,337.75,341.5,346.4,-70.01052855263157,39.0,0,0.045592105263157906,0.051000000000000156
vehicle_013_session_01160,vehicle_013,1160,train,116.1541635367762,36.0,332.8,333.2,334.9,337.5,-70.68033786885245,38.131147540983605,1,0.0342295081967213,0.0389999999999997
vehicle_013_session_01161,vehicle_013,1161,train,120.33483224826391,2.4,318.5,319.65,322.45,324.7,-60.02894934210526,39.0,0,0.03314473684210531,0.039000000000000146
vehicle_013_session_01162,vehicle_013,1162,train,120.87559366197188,63.2,349.3,350.25,353.2,356.8,-60.043425,40.0,0,0.04009210526315793,0.04300000000000015
vehicle_013_session_01163,vehicle_013,1163,train,119.34910534369114,44.4,334.7,335.3,337.7,341.0,-60.001639508196725,39.14754098360656,1,0.03724590163934425,0.04400000000000004
vehicle_013_session_01164,vehicle_013,1164,train,121.7741632420091,68.0,354.9,355.5,358.2,361.8,-60.0,40.90163934426229,1,0.04070491803278685,0.04200000000000026
vehicle_013_session_01165,vehicle_013,1165,train,118.6736193181818,21.6,327.2,328.2,329.4,330.7,-60.27213409836065,37.0,0,0.02550819672131149,0.028999999999999915
vehicle_013_session_01166,vehicle_013,1166,train,116.0467179659498,43.6,336.0,336.3,338.2,341.3,-60.21148,39.08196721311475,1,0.036590163934426205,0.04300000000000015
vehicle_013_session_01167,vehicle_013,1167,train,121.15355974426804,68.8,354.9,355.7,358.3,361.9,-60.270497704918036,41.0,0,0.040868852459016364,0.04200000000000026
vehicle_013_session_01168,vehicle_013,1168,train,119.28069077568136,10.0,321.7,323.0,325.5,327.7,-60.28854016393444,39.0,0,0.031114754098360637,0.03300000000000036
vehicle_013_session_01169,vehicle_013,1169,train,116.39168854635888,31.2,331.4,331.7,332.7,334.2,-60.277066229508215,39.60655737704918,1,0.02818032786885247,0.03000000000000025
vehicle_013_session_01170,vehicle_013,1170,train,115.55097517033546,29.6,329.1,330.2,331.6,333.3,-59.94262639344262,33.0,0,0.026721311475409862,0.029999999999999805
vehicle_013_session_01171,vehicle_013,1171,train,117.26175011973179,50.8,340.0,340.8,343.8,347.7,-60.07213836065574,35.22950819672131,1,0.044967213114754115,0.04700000000000015
vehicle_013_session_01172,vehicle_013,1172,train,123.43332213841005,74.4,359.6,360.2,363.2,366.8,-60.091812459016396,36.885245901639344,1,0.0416065573770492,0.04300000000000015
vehicle_013_session_01173,vehicle_013,1173,train,116.90002333333335,29.2,330.3,330.3,331.3,332.4,-50.100010000000005,41.16393442622951,1,0.023491803278688557,0.0259999999999998
vehicle_013_session_01174,vehicle_013,1174,train,117.02653851010106,49.6,338.5,339.1,341.1,344.3,-50.100010000000005,43.0655737704918,1,0.03937704918032792,0.04400000000000004
vehicle_013_session_01175,vehicle_013,1175,train,118.73347100970015,54.0,342.1,343.3,347.4,351.6,-69.95901786885246,41.0,0,0.04886885245901638,0.05300000000000038
vehicle_013_session_01176,vehicle_013,1176,train,118.0660361015982,19.2,328.5,328.8,329.9,331.1,-70.15574803278689,42.47540983606557,1,0.029163934426229523,0.03200000000000003
vehicle_013_session_01177,vehicle_013,1177,train,121.06890979030504,73.2,358.9,359.9,362.8,366.9,-65.54590524590164,46.721311475409834,1,0.04406557377049177,0.04600000000000026
vehicle_013_session_01178,vehicle_013,1178,train,116.22570512152777,38.4,334.2,334.6,336.4,339.3,-70.10820311475409,40.459016393442624,1,0.03613114754098355,0.04100000000000037
vehicle_013_session_01179,vehicle_013,1179,train,121.0227414772727,70.8,357.2,358.0,361.3,365.5,-70.10328573770491,43.0,0,0.04509836065573767,0.04699999999999971
vehicle_013_session_01180,vehicle_013,1180,train,118.00328174526271,7.2,320.3,321.3,323.25,325.2,-45.00921118421053,40.0,0,0.025565789473684205,0.028000000000000025
vehicle_013_session_01181,vehicle_013,1181,train,118.55239731413401,51.6,338.6,340.2,344.7,349.4,-69.93115114754097,42.90163934426229,1,0.04954098360655736,0.05300000000000038
vehicle_013_session_01182,vehicle_013,1182,train,119.40625381944446,37.2,332.7,333.0,334.7,337.5,-70.01803426229507,39.65573770491803,1,0.03462295081967213,0.039000000000000146
vehicle_013_session_01183,vehicle_013,1183,train,120.6503611111111,65.6,352.8,353.6,356.8,360.8,-69.92459442622952,42.0,0,0.04519672131147542,0.04600000000000026
vehicle_013_session_01184,vehicle_013,1184,train,122.86425364130437,53.6,339.7,341.05,344.35,347.5,-45.016001333333335,34.12,1,0.044533333333333334,0.04800000000000004
vehicle_013_session_01185,vehicle_013,1185,train,117.12086208333335,27.2,331.3,331.6,333.0,334.9,-75.28034524590163,33.049180327868854,2,0.032098360655737734,0.03500000000000014
vehicle_013_session_01186,vehicle_013,1186,train,118.73487112713678,57.6,347.7,348.6,352.1,356.3,-75.31968622950816,37.131147540983605,1,0.04772131147540984,0.051000000000000156
vehicle_013_session_01187,vehicle_013,1187,train,116.68215966880342,32.0,330.5,331.6,333.3,335.7,-70.0081975409836,32.60655737704918,1,0.03204918032786886,0.03600000000000003
vehicle_013_session_01188,vehicle_013,1188,train,117.56031172331873,58.4,347.8,348.6,351.9,355.8,-70.00819754098362,35.63934426229508,1,0.04619672131147541,0.04899999999999993
vehicle_013_session_01189,vehicle_013,1189,train,119.5520907638889,73.2,359.6,360.5,363.8,368.2,-70.0278718032787,40.0,0,0.04614754098360659,0.04800000000000004
vehicle_013_session_01190,vehicle_013,1190,train,115.90187319624819,31.6,331.4,331.7,333.3,335.3,-71.37049393442622,32.721311475409834,1,0.0320819672131148,0.03600000000000003
vehicle_013_session_01191,vehicle_013,1191,train,117.61061235119047,62.4,350.8,351.8,354.9,359.1,-71.4540937704918,36.21311475409836,1,0.04575409836065575,0.04700000000000015
vehicle_013_session_01192,vehicle_013,1192,train,118.36250152777777,33.2,330.5,331.6,333.3,335.7,-70.02951098360657,36.01639344262295,1,0.03255737704918039,0.03600000000000003
vehicle_013_session_01193,vehicle_013,1193,train,123.11053362268518,73.6,359.7,360.5,363.8,368.2,-69.97213163934427,39.36065573770492,1,0.04626229508196718,0.04800000000000004
vehicle_013_session_01194,vehicle_013,1194,train,118.18458901681284,60.8,347.5,349.20000000000005,352.75,356.9,-70.53816171052632,37.0,0,0.04539473684210528,0.050000000000000266
vehicle_013_session_01195,vehicle_013,1195,train,117.71221075837742,46.0,337.1,337.7,340.7,345.3,-71.13279622950817,37.21311475409836,1,0.04586885245901642,0.052000000000000046
vehicle_013_session_01196,vehicle_013,1196,train,120.40848207070711,71.2,358.0,358.8,362.2,366.6,-71.29346131147541,39.0,0,0.04636065573770483,0.04800000000000004
vehicle_013_session_01197,vehicle_013,1197,train,118.66524711399711,18.8,326.7,327.8,329.6,331.0,-70.71968409836064,36.18032786885246,1,0.03118032786885247,0.038000000000000256
vehicle_013_session_01198,vehicle_013,1198,train,117.23266552579368,50.0,340.2,340.8,344.3,348.8,-70.73607918032786,39.80327868852459,1,0.04883606557377051,0.052000000000000046
vehicle_013_session_01199,vehicle_013,1199,train,117.81193495370368,46.4,335.5,337.1,340.5,345.5,-70.24426934426229,37.34426229508197,1,0.04644262295081967,0.05300000000000038
vehicle_013_session_01200,vehicle_013,1200,train,121.29839788251363,70.8,357.4,358.3,361.4,365.8,-70.13771114754098,39.0,0,0.046065573770491725,0.04800000000000004
vehicle_013_session_01201,vehicle_013,1201,train,117.87361863337574,36.8,330.3,331.4,332.8,334.4,-45.14535080000002,41.21333333333333,-1,0.026240000000000017,0.03000000000000025
vehicle_013_session_01202,vehicle_013,1202,train,118.36227540509262,53.6,340.5,342.5,347.1,351.4,-70.07049639344262,40.78688524590164,1,0.05101639344262294,0.05600000000000005
vehicle_013_session_01203,vehicle_013,1203,train,118.57640566378068,55.2,344.6,345.7,349.3,353.3,-70.6590263934426,37.90163934426229,1,0.048918032786885224,0.052000000000000046
vehicle_013_session_01204,vehicle_013,1204,train,119.30233060185188,58.8,348.0,348.9,352.2,356.1,-69.57705688524591,34.01639344262295,0,0.04704918032786883,0.05099999999999971
vehicle_013_session_01205,vehicle_013,1205,train,119.78842223790322,35.6,331.4,332.2,334.1375,336.8,-70.01733479999999,33.96,2,0.03399999999999999,0.0389999999999997
vehicle_013_session_01206,vehicle_013,1206,train,115.33226819923372,31.6,330.2,331.0,332.5,334.4,-60.52459688524592,32.60655737704918,1,0.02845901639344262,0.03200000000000003
vehicle_013_session_01207,vehicle_013,1207,train,117.60255322265627,55.2,344.3,344.9,348.0,351.4,-57.878694590163946,35.0,0,0.04460655737704916,0.04800000000000004
vehicle_013_session_01208,vehicle_013,1208,train,119.10021485871646,68.8,354.9,355.8,359.1,363.2,-69.5065580327869,34.0,0,0.042901639344262284,0.04499999999999993
vehicle_013_session_01209,vehicle_013,1209,train,116.56007693713448,30.4,330.0,330.5,331.9,333.6,-60.84754950819673,32.21311475409836,1,0.027311475409836087,0.03000000000000025
vehicle_013_session_01210,vehicle_013,1210,train,115.21626638645223,53.2,342.1,342.8,346.0,349.6,-58.275417213114764,34.80327868852459,1,0.04477049180327868,0.04700000000000015
vehicle_013_session_01211,vehicle_013,1211,train,120.56714753540304,76.0,361.0,361.6,364.3,367.7,-55.396730000000005,36.0,0,0.04008196721311479,0.041999999999999815
vehicle_013_session_01212,vehicle_013,1212,train,117.00193971994536,30.8,329.6,330.7,332.4,334.4,-69.92459442622952,30.19672131147541,1,0.030131147540983623,0.03299999999999992
vehicle_013_session_01213,vehicle_013,1213,train,118.65499869791668,55.2,343.9,344.9,348.5,352.7,-69.91475459016392,33.0,0,0.04681967213114753,0.04999999999999982
vehicle_013_session_01214,vehicle_013,1214,train,119.06998852848103,57.6,346.1,347.2,351.1,355.5,-74.32459999999999,28.19672131147541,1,0.046114754098360654,0.05300000000000038
vehicle_013_session_01215,vehicle_013,1215,train,118.1480619351852,42.0,333.3,334.4,336.9,340.3,-69.90000241935483,35.96774193548387,2,0.03588709677419352,0.04200000000000026
vehicle_013_session_01216,vehicle_013,1216,train,117.68769410331385,31.6,329.2,330.2,331.6,333.3,-60.0573837704918,31.557377049180328,1,0.02591803278688526,0.02900000000000036
vehicle_013_session_01217,vehicle_013,1217,train,119.9633953914141,62.4,348.9,349.7,352.5,356.0,-60.144266229508204,34.704918032786885,1,0.038852459016393455,0.040999999999999925
vehicle_013_session_01218,vehicle_013,1218,train,118.1458449074074,60.4,348.0,348.8,351.6,354.9,-60.01803819672132,32.704918032786885,1,0.039540983606557355,0.042999999999999705
vehicle_013_session_01219,vehicle_013,1219,train,120.6073070452311,6.4,320.19998,321.45000000000005,324.19998,326.9,-70.0236867105263,36.0,0,0.033171025,0.03799999999999981
vehicle_013_session_01220,vehicle_013,1220,train,117.9643382352941,31.2,330.3,330.7,331.3,332.4,-45.68853229508197,38.36065573770492,1,0.021229508196721317,0.02300000000000013
vehicle_013_session_01221,vehicle_013,1221,train,116.53604646164023,29.2,328.9,329.9,331.6,333.3,-70.4344268852459,37.83606557377049,1,0.02908196721311479,0.03200000000000003
vehicle_013_session_01222,vehicle_013,1222,train,117.19877022334833,54.4,341.8,342.7,346.3,350.7,-70.5311506557377,40.459016393442624,1,0.046360655737704884,0.04900000000000038
vehicle_013_session_01223,vehicle_013,1223,train,116.13043688466946,27.6,328.8,329.6,331.0,332.7,-69.90490983606557,37.91803278688525,1,0.02865573770491805,0.03100000000000014
vehicle_013_session_01224,vehicle_013,1224,train,118.33023875414592,40.4,332.8,333.3,335.2,337.8,-69.56721967213115,37.98360655737705,2,0.03413114754098363,0.038000000000000256
vehicle_013_session_01225,vehicle_013,1225,train,119.93583249158247,67.6,352.2,353.0,356.1,360.2,-69.6360755737705,40.0,0,0.04303278688524591,0.04499999999999993
vehicle_013_session_01226,vehicle_013,1226,train,119.23212313034189,58.0,342.8,343.3,345.7,348.3,-43.270497704918036,41.950819672131146,1,0.03940983606557379,0.041999999999999815
vehicle_013_session_01227,vehicle_013,1227,train,117.41014767156865,40.4,333.2,333.6,335.3,338.2,-69.67869852459017,34.67213114754098,1,0.03426229508196718,0.039000000000000146
vehicle_013_session_01228,vehicle_013,1228,train,117.96740346308484,50.4,338.2,338.8,341.8,346.1,-69.78526114754098,35.540983606557376,1,0.04445901639344266,0.050000000000000266
vehicle_013_session_01229,vehicle_013,1229,train,116.19120967741937,32.0,330.3,330.7,331.9,333.8,-70.10000852459017,35.77049180327869,1,0.029836065573770505,0.03200000000000003
vehicle_013_session_01230,vehicle_013,1230,train,118.4828011775362,56.8,342.1,342.8,346.6,350.8,-70.07213786885247,38.540983606557376,1,0.047475409836065574,0.050000000000000266
vehicle_013_session_01231,vehicle_013,1231,train,119.06707694588374,20.4,325.19998,327.0,329.29999,330.69998,-69.98026876315788,29.88157894736842,1,0.030960517105263152,0.03800019999999993
vehicle_013_session_01232,vehicle_013,1232,train,117.22663492762129,31.6,328.9,330.0,331.7,333.5,-70.10820475409835,33.47540983606557,1,0.02945901639344266,0.03299999999999992
vehicle_013_session_01233,vehicle_013,1233,train,119.11433806360712,60.0,345.5,346.4,349.9,353.8,-70.01311770491802,36.63934426229508,1,0.046327868852459,0.051000000000000156
vehicle_013_session_01234,vehicle_013,1234,train,118.8965469260621,15.6,322.8,323.9,326.4,328.5,-60.86721229508197,36.0,0,0.0312786885245901,0.03400000000000025
vehicle_013_session_01235,vehicle_013,1235,train,117.45791266835016,42.8,333.9,334.4,336.0,338.2,-61.0,38.459016393442624,1,0.032540983606557355,0.03600000000000003
vehicle_013_session_01236,vehicle_013,1236,train,120.82139150728594,69.6,352.7,353.5,356.1,359.6,-61.01967409836066,41.0,0,0.04162295081967216,0.04300000000000015
vehicle_013_session_01237,vehicle_013,1237,train,116.41963336485423,23.6,326.69998,327.74999,329.29999,330.5,-60.98421802631581,28.276315789473685,1,0.02642105131578951,0.03400010000000009
vehicle_013_session_01238,vehicle_013,1238,train,120.46278800064603,46.0,333.0,334.2,336.85,340.2,-70.24079684210525,28.894736842105264,2,0.03782894736842098,0.04499999999999993
vehicle_013_session_01239,vehicle_013,1239,train,117.51041979166668,40.8,331.3,332.4,334.4,337.1,-70.02623131147541,30.885245901639344,1,0.03432786885245899,0.038000000000000256
vehicle_013_session_01240,vehicle_013,1240,train,117.40020507392477,64.8,348.8,349.7,353.0,356.9,-69.9606586885246,33.704918032786885,1,0.046803278688524595,0.04999999999999982
vehicle_013_session_01241,vehicle_013,1241,train,120.07084606481484,51.6,335.8,337.1,340.3,345.3,-70.1114837704918,33.704918032786885,1,0.04659016393442625,0.05400000000000027
vehicle_013_session_01242,vehicle_013,1242,train,115.500004375,42.8,333.6,333.9,335.5,337.7,-60.2393462295082,32.83606557377049,1,0.031524590163934406,0.03599999999999959
vehicle_013_session_01243,vehicle_013,1243,train,117.95070284722222,62.8,346.8,347.4,350.3,353.8,-60.25246245901639,35.0,0,0.042704918032786865,0.04600000000000026
vehicle_013_session_01244,vehicle_013,1244,train,118.10337554386338,17.2,323.3,324.2,326.7,328.6,-60.0453368,32.0,0,0.03067999999999997,0.03399999999999981
vehicle_013_session_01245,vehicle_013,1245,train,120.48650725856699,54.8,337.1,338.55,342.59999,347.69998,-70.08026760526315,32.61842105263158,1,0.04718419342105262,0.05100020000000027
vehicle_013_session_01246,vehicle_013,1246,train,116.50056590413946,55.6,338.3,338.6,340.5,343.3,-44.685255573770505,36.98360655737705,1,0.038163934426229514,0.04300000000000015
vehicle_013_session_01247,vehicle_013,1247,train,118.38777213624338,11.6,321.3,322.45,324.95,327.5,-70.07105686842105,40.53947368421053,0,0.03335525526315786,0.03600000000000003
vehicle_013_session_01248,vehicle_013,1248,train,119.7256376662754,60.8,343.8,344.7,348.5,352.5,-69.96229131147541,37.885245901639344,1,0.04775409836065572,0.051000000000000156
vehicle_013_session_01249,vehicle_013,1249,train,119.23712826797386,68.0,349.9,350.5,353.3,356.9,-60.954093770491795,38.0,0,0.04191803278688527,0.04400000000000004
vehicle_013_session_01250,vehicle_013,1250,train,118.26854589420994,24.8,326.7,327.9,329.6,331.0,-70.40666373333333,36.54666666666667,1,0.030693333333333333,0.03799999999999981
vehicle_013_session_01251,vehicle_013,1251,train,116.63844774011301,30.0,329.7,329.9,331.1,332.7,-70.7852637704918,38.459016393442624,1,0.02986885245901643,0.03200000000000003
vehicle_013_session_01252,vehicle_013,1252,train,116.42911829922029,53.6,338.6,339.4,342.2,346.8,-70.81640655737704,41.377049180327866,1,0.04645901639344268,0.052000000000000046
vehicle_013_session_01253,vehicle_013,1253,train,116.76757559121621,12.4,323.6,324.1,325.8,327.5,-59.801658852459035,36.0,0,0.0312131147540983,0.03400000000000025
vehicle_013_session_01254,vehicle_013,1254,train,119.63648279671716,42.0,333.0,333.3,334.6,336.6,-59.847546721311474,38.01639344262295,1,0.030295081967213134,0.03299999999999992
vehicle_013_session_01255,vehicle_013,1255,train,121.50932150607633,68.8,350.5,351.1,353.8,357.2,-59.86393524590164,41.0,0,0.04170491803278691,0.04300000000000015
vehicle_013_session_01256,vehicle_013,1256,train,119.29608722969414,34.4,329.4,330.3,331.7,333.5,-69.93333306666668,37.78666666666667,1,0.030159999999999996,0.03300000000000036
vehicle_013_session_01257,vehicle_013,1257,train,118.66667335196479,23.6,325.3,326.20000000000005,327.74999,330.19998,-58.80909742857142,36.23376623376623,1,0.030350658441558393,0.03500009999999998
vehicle_013_session_01258,vehicle_013,1258,train,117.50408628472223,25.2,327.5,327.8,329.2,330.3,-60.772148360655756,37.704918032786885,1,0.027508196721311502,0.03399999999999981
vehicle_013_session_01259,vehicle_013,1259,train,117.30375525655867,49.2,335.8,336.3,338.2,341.1,-60.803297704918045,40.131147540983605,1,0.037213114754098324,0.04300000000000015
vehicle_013_session_01260,vehicle_013,1260,train,116.64479537671234,48.0,335.3,336.0,338.3,341.8,-70.06065983606558,38.59016393442623,1,0.040704918032786835,0.04800000000000004
vehicle_013_session_01261,vehicle_013,1261,train,120.26214044871791,71.6,352.1,353.25,356.175,359.7,-60.11600773333332,37.0,0,0.04188000000000004,0.04400000000000004
vehicle_013_session_01262,vehicle_013,1262,train,117.6303098132622,18.8,324.1,325.5,328.2,329.9,-70.34533826666666,33.906666666666666,1,0.03310666666666666,0.038000000000000256
vehicle_013_session_01263,vehicle_013,1263,train,117.85969162735849,24.0,328.2,328.6,329.7,331.1,-69.74099770491803,39.0,0,0.029081967213114776,0.03200000000000003
vehicle_013_session_01264,vehicle_013,1264,train,118.70713214869288,64.4,347.5,348.5,351.8,355.7,-69.73280016393441,43.0,0,0.046950819672131126,0.050000000000000266
vehicle_013_session_01265,vehicle_013,1265,train,117.55253756313132,20.8,324.2,325.6,328.2,329.9,-69.70667773333332,38.0,0,0.03371999999999997,0.0389999999999997
vehicle_013_session_01266,vehicle_013,1266,train,118.53755003489673,18.0,323.0,324.29999999999995,327.1,329.2,-69.91333053333334,38.46666666666667,1,0.03389333333333331,0.03699999999999992
vehicle_013_session_01267,vehicle_013,1267,train,118.2826177326998,25.6,327.1,328.3,329.9,331.3,-70.0434257894737,32.35526315789474,1,0.028802631578947368,0.03399999999999981
vehicle_013_session_01268,vehicle_013,1268,train,117.90092791226526,19.6,324.4,325.6,328.25,329.9,-70.04800493333335,35.92,1,0.03206666666666668,0.03600000000000003
vehicle_013_session_01269,vehicle_013,1269,train,119.05113251366119,11.2,320.3,321.9,324.6,327.2,-70.6606657377049,43.0,0,0.032475409836065554,0.03500000000000014
vehicle_013_session_01270,vehicle_013,1270,train,118.76077166471048,36.0,331.6,332.1,333.2,334.7,-69.13607524590165,44.32786885245902,1,0.03021311475409841,0.03200000000000003
vehicle_013_session_01271,vehicle_013,1271,train,120.86138902243587,64.8,347.5,348.5,351.4,355.2,-66.05902229508197,47.0,0,0.04198360655737703,0.04499999999999993
vehicle_013_session_01272,vehicle_013,1272,train,119.77262870833337,47.6,333.2,334.5,337.15,340.7,-69.65201,38.306666666666665,1,0.03659999999999998,0.04300000000000015
vehicle_013_session_01273,vehicle_013,1273,train,118.0573073258197,20.4,324.6,325.8,328.3,329.9,-70.01467013333335,37.84,1,0.032546666666666654,0.03799999999999981
vehicle_013_session_01274,vehicle_013,1274,train,118.44502828072395,29.6,328.3,329.15,330.7,332.2,-69.6653428,40.86666666666667,1,0.02829333333333337,0.03000000000000025
vehicle_013_session_01275,vehicle_013,1275,train,120.79090700617284,50.4,334.19998,335.19998,337.69998,341.1,-59.68421639473686,36.64473684210526,1,0.03542105131578945,0.04100020000000004
vehicle_013_session_01276,vehicle_013,1276,train,117.18751192434209,36.8,330.7,331.3,333.0,335.2,-69.9901655737705,37.16393442622951,2,0.03083606557377053,0.03400000000000025
vehicle_013_session_01277,vehicle_013,1277,train,120.32916624999999,73.6,354.6,355.2,358.0,361.4,-59.993441967213116,40.0,0,0.04003278688524588,0.04100000000000037
vehicle_013_session_01278,vehicle_013,1278,train,117.49948413461536,56.4,340.2,340.8,343.9,348.0,-60.08197540983607,34.21311475409836,1,0.04363934426229511,0.04700000000000015
vehicle_013_session_01279,vehicle_013,1279,train,116.97354710976954,16.4,323.0,324.5,327.2,329.4,-70.06267159999999,36.0,0,0.03263999999999997,0.03500000000000014
vehicle_013_session_01280,vehicle_013,1280,train,119.85311010950858,59.2,342.2,343.3,347.2,351.8,-69.55738278688526,35.32786885245902,1,0.047327868852459015,0.050000000000000266
vehicle_013_session_01281,vehicle_013,1281,train,118.03682305555556,64.4,347.2,348.0,351.4,355.3,-70.15738786885245,44.0,0,0.045688524590163926,0.04899999999999993
vehicle_013_session_01282,vehicle_013,1282,train,118.15093190298509,55.2,338.6,339.3,342.2,346.4,-59.67705918032788,31.34426229508197,1,0.043524590163934465,0.04800000000000004
vehicle_013_session_01283,vehicle_013,1283,train,119.02841509410229,42.4,331.7,332.75,334.9,337.7,-70.09200653333333,34.946666666666665,1,0.03429333333333331,0.038000000000000256
vehicle_013_session_01284,vehicle_013,1284,train,118.23836355355786,39.2,329.7,330.5,331.7,333.2,-45.6840024,31.0,0,0.023360000000000034,0.026000000000000245
vehicle_013_session_01285,vehicle_013,1285,train,117.38248624465812,36.8,330.8,331.1,332.2,333.9,-60.97212901639344,34.42622950819672,1,0.02765573770491809,0.03100000000000014
vehicle_013_session_01286,vehicle_013,1286,train,116.46971325757576,57.6,341.1,341.8,345.0,348.9,-61.07377786885246,36.950819672131146,1,0.0461967213114754,0.04900000000000038
vehicle_013_session_01287,vehicle_013,1287,train,117.97464820162838,39.6,331.0,331.9,333.8,336.4,-70.09211171052632,32.0,2,0.03265789473684212,0.03600000000000003
vehicle_013_session_01288,vehicle_013,1288,train,119.80187926848373,44.4,331.7,332.9,335.2,338.2,-70.0186688,32.46666666666667,1,0.03511999999999997,0.03999999999999959
vehicle_013_session_01289,vehicle_013,1289,train,118.65117401582049,37.2,329.9,331.1,332.8,334.9,-70.15658721052631,33.276315789473685,1,0.031381581578947396,0.03500000000000014
vehicle_013_session_01290,vehicle_013,1290,train,120.6530064017094,71.6,351.6,352.74999,355.59999,358.9,-56.77106034210528,30.789473684210527,1,0.03989473421052636,0.04100020000000004
vehicle_013_session_01291,vehicle_013,1291,train,118.31537314568561,41.2,330.7,331.1,332.45,334.1,-45.69211460526316,34.0,0,0.025434210526315826,0.028000000000000025
vehicle_013_session_01292,vehicle_013,1292,train,118.77922611832614,51.2,335.19998,336.3,339.4,343.9,-70.0592139736842,36.18421052631579,2,0.04427630789473683,0.05200009999999988
vehicle_013_session_01293,vehicle_013,1293,train,117.96926578282826,70.8,352.4,353.2,355.8,359.3,-60.38524098360656,39.0,0,0.04278688524590165,0.04400000000000004
vehicle_013_session_01294,vehicle_013,1294,train,117.83336040564376,37.6,329.6,330.5,332.1,333.9,-59.224604426229526,33.77049180327869,1,0.02808196721311478,0.03200000000000003
vehicle_013_session_01295,vehicle_013,1295,train,117.92548660015647,31.2,330.0,330.3,331.4,333.0,-69.67705918032786,34.16393442622951,1,0.029278688524590188,0.03200000000000003
vehicle_013_session_01296,vehicle_013,1296,train,117.29804523669797,60.4,343.9,344.9,348.6,352.7,-69.70164967213114,37.868852459016395,1,0.04904918032786884,0.052000000000000046
vehicle_013_session_01297,vehicle_013,1297,train,117.68829340277776,49.2,335.3,336.0,338.5,342.2,-69.9622919672131,37.31147540983606,1,0.04011475409836063,0.04700000000000015
vehicle_013_session_01298,vehicle_013,1298,train,115.6642341177984,51.2,336.4,337.1,339.1,342.4,-59.56557950819673,38.39344262295082,1,0.038360655737704925,0.04499999999999993
vehicle_013_session_01299,vehicle_013,1299,train,120.02227266771493,68.4,350.0,350.7,353.5,356.9,-59.86721295081968,41.0,0,0.04181967213114756,0.04400000000000004
vehicle_013_session_01300,vehicle_013,1300,train,119.31373288128934,10.8,319.9,321.6375,324.2,326.9,-69.90933173333332,42.6,0,0.034306666666666645,0.038000000000000256
vehicle_013_session_01301,vehicle_013,1301,train,120.12882454077065,14.0,321.7,322.8,325.7,328.2,-69.60984459016393,36.0,0,0.032803278688524576,0.03500000000000014
vehicle_013_session_01302,vehicle_013,1302,train,118.18503680555558,39.2,332.7,332.8,334.2,336.4,-69.68853459016393,37.77049180327869,1,0.03234426229508198,0.03599999999999959
vehicle_013_session_01303,vehicle_013,1303,train,118.24140977112681,67.2,350.2,351.0,354.3,358.2,-69.67214114754097,40.77049180327869,1,0.04532786885245906,0.04800000000000004
vehicle_013_session_01304,vehicle_013,1304,train,119.20399266975313,30.8,330.3,330.7,331.6,333.2,-71.29838049180329,34.950819672131146,2,0.029442622950819706,0.03200000000000003
vehicle_013_session_01305,vehicle_013,1305,train,118.53523489057238,31.6,328.6,329.7,331.1,332.8,-70.02933653333332,41.06666666666667,2,0.02989333333333335,0.03299999999999992
vehicle_013_session_01306,vehicle_013,1306,train,118.97095606163766,36.4,329.7,330.9,332.575,334.6,-70.02266986666667,39.78666666666667,1,0.03165333333333334,0.03500000000000014
vehicle_013_session_01307,vehicle_013,1307,train,119.115228016493,56.8,338.6,340.25,344.79999999999995,349.6,-69.8723672368421,38.60526315789474,1,0.05127631578947367,0.05500000000000016
vehicle_013_session_01308,vehicle_013,1308,train,115.98665801886791,61.2,344.3,345.0,348.3,351.9,-60.20328901639345,38.114754098360656,1,0.04693442622950815,0.050000000000000266
vehicle_013_session_01309,vehicle_013,1309,train,116.29597361111115,42.0,332.1,332.4,333.9,336.0,-59.80985311475411,40.22950819672131,1,0.031393442622950844,0.03500000000000014
vehicle_013_session_01310,vehicle_013,1310,train,119.03597702205884,68.0,349.6,350.3,353.0,356.4,-59.806575409836086,42.60655737704918,1,0.04385245901639345,0.04699999999999971
vehicle_013_session_01311,vehicle_013,1311,train,117.41647016059028,14.8,321.7,322.8,325.2,327.5,-58.808209016393455,38.80327868852459,1,0.030278688524590126,0.03299999999999992
vehicle_013_session_01312,vehicle_013,1312,train,117.05557418981476,40.4,332.5,332.8,334.1,336.0,-58.85246327868854,39.67213114754098,1,0.02973770491803279,0.03299999999999992
vehicle_013_session_01313,vehicle_013,1313,train,118.15632695810572,64.4,347.5,348.3,351.0,354.3,-58.71148819672132,42.0,0,0.04298360655737702,0.04699999999999971
vehicle_013_session_01314,vehicle_013,1314,train,117.69004415352853,28.0,329.2,329.6,330.7,332.1,-70.01803459016394,35.40983606557377,1,0.02903278688524593,0.03000000000000025
vehicle_013_session_01315,vehicle_013,1315,train,118.79520338660576,58.0,341.8,342.5,346.1,350.7,-70.10820672131146,39.278688524590166,1,0.04904918032786886,0.052000000000000046
vehicle_013_session_01316,vehicle_013,1316,train,115.0098467728758,36.4,327.8,328.5,329.2,329.9,-26.03734333333334,30.0,0,0.016133333333333374,0.017000000000000348
vehicle_013_session_01317,vehicle_013,1317,train,107.36698830872011,66.4,347.4,348.0,349.5,351.0,-25.849338533333324,32.0,0,0.03311999999999993,0.03500000000000014
vehicle_013_session_01318,vehicle_013,1318,train,117.97710354166668,67.2,350.0,351.0,354.3,358.2,-70.17869918032787,39.22950819672131,1,0.04613114754098363,0.04800000000000004
vehicle_013_session_01319,vehicle_013,1319,train,118.41464321944446,48.0,333.8,334.9,337.5,341.3,-69.98000373333332,35.346666666666664,1,0.039933333333333314,0.04700000000000015
vehicle_013_session_01320,vehicle_013,1320,train,117.69489460125445,57.6,340.0,340.8,343.9,348.2,-59.35738049180328,37.01639344262295,1,0.04818032786885249,0.052000000000000046
vehicle_013_session_01321,vehicle_013,1321,train,116.96472071540882,20.8,324.9,326.05,328.6,330.2,-70.08133946666666,39.92,1,0.03435999999999999,0.040999999999999925
vehicle_013_session_01322,vehicle_013,1322,train,119.2476953295207,28.8,329.7,329.9,331.3,332.7,-70.0852542622951,32.36065573770492,1,0.02932786885245904,0.03200000000000003
vehicle_013_session_01323,vehicle_013,1323,train,117.11242923711755,22.8,325.3,326.6,328.9,330.3,-69.87200266666667,37.0,0,0.03410666666666667,0.04300000000000015
vehicle_013_session_01324,vehicle_013,1324,train,121.68719444444446,3.2,314.7,316.3,319.275,323.0,-75.78401493333334,42.986666666666665,1,0.043400000000000015,0.04999999999999982
vehicle_013_session_01325,vehicle_013,1325,train,118.69565905075575,43.2,331.9,332.9,335.2,338.3,-73.69201053333333,39.89333333333333,1,0.038013333333333316,0.04300000000000015
vehicle_013_session_01326,vehicle_013,1326,train,117.2117554603495,33.2,328.9,329.95,331.6,333.3,-70.00266933333333,41.48,1,0.0312666666666667,0.03500000000000014
vehicle_013_session_01327,vehicle_013,1327,train,117.02374327522678,22.4,325.0,326.35,328.85,330.3,-69.89599973333333,41.0,0,0.03526666666666665,0.04300000000000015
vehicle_013_session_01328,vehicle_013,1328,train,117.27076117372495,34.4,329.6,330.4,332.0,333.9,-69.99736973684212,37.81578947368421,1,0.031592105263157935,0.03500000000000014
vehicle_013_session_01329,vehicle_013,1329,train,117.86356893921663,26.4,327.2,328.4,329.9,331.4,-70.19211631578948,40.0,2,0.03127631578947373,0.03699999999999992
vehicle_013_session_01330,vehicle_013,1330,train,118.27910374025342,51.2,336.1,336.6,338.6,341.9,-59.90982704918032,38.08196721311475,1,0.036557377049180294,0.04200000000000026
vehicle_013_session_01331,vehicle_013,1331,train,120.17093803418805,74.4,354.7,355.3,358.2,361.6,-59.97540737704918,40.0,0,0.040524590163934414,0.04200000000000026
vehicle_013_session_01332,vehicle_013,1332,train,118.41020716463416,33.6,329.4,330.0,331.6,333.3,-70.0066676,38.76,1,0.02942666666666668,0.03200000000000003
vehicle_013_session_01333,vehicle_013,1333,train,120.03841377314818,59.2,341.4,342.4,346.1,350.0,-60.006558032786884,38.0,0,0.04652459016393443,0.050000000000000266
vehicle_013_session_01334,vehicle_013,1334,train,117.64534700038581,28.8,326.9,329.1,330.7,332.4,-69.46229344262295,34.65573770491803,1,0.02834426229508202,0.03100000000000014
vehicle_013_session_01335,vehicle_013,1335,train,116.14106617647056,58.0,342.4,343.2,346.9,351.3,-69.92130950819673,38.14754098360656,1,0.0480327868852459,0.051000000000000156
vehicle_013_session_01336,vehicle_013,1336,train,117.61180126023157,18.800001,323.6,324.95,327.69998,329.69998,-70.07763594736842,38.0,0,0.033605275,0.03800010000000009
vehicle_013_session_01337,vehicle_013,1337,train,116.3324237288136,57.6,341.1,341.9,345.0,349.1,-60.23935819672133,41.0,0,0.046016393442622934,0.04899999999999993
vehicle_013_session_01338,vehicle_013,1338,train,116.63936731150793,38.0,331.1,331.4,332.7,334.4,-59.90982704918032,38.0,0,0.028229508196721355,0.03100000000000014
vehicle_013_session_01339,vehicle_013,1339,train,116.46103846571181,60.4,343.5,344.3,347.4,351.1,-59.92458262295081,40.0,0,0.04595081967213112,0.04899999999999993
vehicle_013_session_01340,vehicle_013,1340,train,117.43800385105409,38.0,331.4,332.14999,333.70000000000005,336.0,-70.0526347105263,36.48684210526316,1,0.03227631447368423,0.03500020000000026
vehicle_013_session_01341,vehicle_013,1341,train,117.15412416490865,27.2,328.5,328.9,330.2,331.6,-69.7869,40.39344262295082,1,0.030196721311475456,0.03699999999999992
vehicle_013_session_01342,vehicle_013,1342,train,118.64582423941803,61.6,342.1,345.0,349.6,353.8,-69.68032081967213,32.63934426229508,1,0.049540983606557364,0.057000000000000384
vehicle_013_session_01343,vehicle_013,1343,train,114.90144692556638,32.4,329.1,330.2,331.7,333.5,-69.8026764,35.36,1,0.029706666666666704,0.03299999999999992
vehicle_013_session_01344,vehicle_013,1344,train,116.24334459579774,21.2,324.9,326.4,328.8,330.5,-69.80001803278688,33.34426229508197,1,0.032655737704918045,0.039000000000000146
vehicle_013_session_01345,vehicle_013,1345,train,115.72520644841269,52.4,338.5,339.1,341.8,346.1,-69.83771360655737,37.377049180327866,1,0.0443770491803279,0.051000000000000156
vehicle_013_session_01346,vehicle_013,1346,train,115.64694298245614,18.0,324.9,325.3,327.2,328.8,-60.0688586885246,39.0,0,0.029377049180327852,0.03299999999999992
vehicle_013_session_01347,vehicle_013,1347,train,115.95101350308641,40.8,332.7,333.0,334.4,336.1,-60.113120983606564,40.47540983606557,1,0.0303770491803279,0.03400000000000025
vehicle_013_session_01348,vehicle_013,1348,train,115.54888995726495,62.4,345.3,346.1,349.3,352.7,-60.11475901639344,42.65573770491803,1,0.04516393442622947,0.04899999999999993
vehicle_013_session_01349,vehicle_013,1349,train,116.58998768583726,42.0,333.3,333.8,335.3,337.8,-69.91147770491804,42.60655737704918,1,0.03495081967213116,0.0389999999999997
vehicle_013_session_01350,vehicle_013,1350,train,118.49280593137254,61.2,341.6,343.55,348.1,352.4,-69.33600813333334,42.12,1,0.05057333333333334,0.05699999999999994
vehicle_013_session_01351,vehicle_013,1351,train,114.10273192239856,24.0,328.3,328.5,329.4,330.5,-59.49508147540983,42.0,0,0.025360655737704935,0.028000000000000025
vehicle_013_session_01352,vehicle_013,1352,train,116.36590106611898,49.2,336.0,336.3,338.2,341.0,-59.49508147540983,44.09836065573771,1,0.03667213114754095,0.04200000000000026
vehicle_013_session_01353,vehicle_013,1353,train,116.07809839829751,19.2,326.1,326.6,328.2,329.6,-60.24591622950821,33.0,0,0.02754098360655738,0.031999999999999584
vehicle_013_session_01354,vehicle_013,1354,train,117.117012767094,44.4,334.1,334.4,336.0,338.2,-60.23116065573772,35.16393442622951,1,0.03267213114754095,0.03600000000000003
vehicle_013_session_01355,vehicle_013,1355,train,119.27428358378869,70.8,352.4,353.2,355.8,359.3,-60.26395081967215,38.0,0,0.04224590163934429,0.04400000000000004
vehicle_013_session_01356,vehicle_013,1356,train,117.78498766185035,48.4,333.19998,334.29999,336.70000000000005,339.6,-59.78027194736843,38.80263157894737,1,0.03632893684210523,0.04100020000000004
vehicle_013_session_01357,vehicle_013,1357,train,116.15880448709889,7.2000003,318.0,319.64999,323.0,325.8,-70.00131586842105,38.0,0,0.03719736315789475,0.04300000000000015
vehicle_013_session_01358,vehicle_013,1358,train,115.54237319444444,51.2,336.3,336.8,338.9,342.2,-60.33935049180328,40.75409836065574,1,0.040295081967213084,0.04700000000000015
vehicle_013_session_01359,vehicle_013,1359,train,116.0638807455451,35.2,329.6,330.4,332.0,333.8,-70.00400293333335,43.76,1,0.03128000000000005,0.03500000000000014
vehicle_013_session_01360,vehicle_013,1360,train,119.97910843545759,77.2,356.8,357.8,361.0375,364.9,-64.50533573333333,46.0,0,0.04486666666666665,0.0470000000000006
vehicle_013_session_01361,vehicle_013,1361,train,122.5699592261905,38.0,331.4,331.7,332.8,334.6,-70.19673180327868,38.91803278688525,1,0.030950819672131168,0.03399999999999981
vehicle_013_session_01362,vehicle_013,1362,train,121.40694800685431,66.4,346.9,347.8,351.3,355.2,-70.19673147540983,42.59016393442623,1,0.046950819672131154,0.051000000000000156
vehicle_013_session_01363,vehicle_013,1363,train,117.31536823221248,29.2,328.0,329.2,330.7,332.2,-70.0236880263158,35.73684210526316,1,0.02867105263157897,0.03200000000000003
vehicle_013_session_01364,vehicle_013,1364,train,116.46009890046301,49.6,335.7,336.1,338.0,341.1,-60.25903229508198,35.73770491803279,1,0.037098360655737676,0.042999999999999705
vehicle_013_session_01365,vehicle_013,1365,train,119.51572042624521,74.0,354.7,355.3,358.2,361.6,-60.26722983606559,37.0,0,0.042032786885245844,0.04300000000000015
vehicle_013_session_01366,vehicle_013,1366,train,116.81544143709827,46.0,332.8,333.70000000000005,335.74999,338.5,-59.95790215789475,36.973684210526315,1,0.034302617105263125,0.0389999999999997
vehicle_013_session_01367,vehicle_013,1367,train,116.93126258487655,25.6,326.7,327.75,329.2,330.5,-61.21600786666666,35.85333333333333,1,0.027853333333333345,0.0349999999999997
vehicle_013_session_01368,vehicle_013,1368,train,117.01978800421104,22.4,325.3,326.7,329.1,330.7,-69.98157907894736,35.328947368421055,1,0.032605263157894755,0.040000000000000036
vehicle_013_session_01369,vehicle_013,1369,train,114.85684921993912,16.8,325.5,326.0,327.4,328.6,-60.657387049180336,44.0,0,0.030918032786885225,0.03500000000000014
vehicle_013_session_01370,vehicle_013,1370,train,119.61639516129036,46.0,334.4,334.7,336.3,338.6,-60.678698524590175,45.0,0,0.033590163934426175,0.03799999999999981
vehicle_013_session_01371,vehicle_013,1371,train,117.39010840235943,10.0,319.9,321.4,324.29999999999995,326.9,-70.0986728,39.946666666666665,1,0.03479999999999996,0.040000000000000036
vehicle_013_session_01372,vehicle_013,1372,train,115.1303051705918,35.2,331.1,331.4,332.4,333.9,-61.318047377049204,39.68852459016394,1,0.02813114754098364,0.03100000000000014
vehicle_013_session_01373,vehicle_013,1373,train,118.31990044348188,57.2,338.3,339.85,344.20000000000005,349.1,-70.02533760000001,39.68,1,0.05077333333333334,0.05500000000000016
vehicle_013_session_01374,vehicle_013,1374,train,115.31944861111111,38.0,331.9,332.2,333.3,335.0,-60.03115065573771,34.34426229508197,1,0.02842622950819673,0.03100000000000014
vehicle_013_session_01375,vehicle_013,1375,train,116.75050441468248,62.4,345.3,346.1,349.3,352.8,-60.02623213114754,37.0655737704918,1,0.04501639344262293,0.04899999999999993
vehicle_013_session_01376,vehicle_013,1376,train,116.81655896990738,56.8,339.6,340.5,344.1,348.6,-61.506558032786884,35.0,0,0.0473934426229508,0.05099999999999971
vehicle_013_session_01377,vehicle_013,1377,train,118.02518319917931,57.2,342.1,343.0,347.7,352.8,-86.81148377049179,39.442622950819676,1,0.05342622950819669,0.05699999999999994
vehicle_013_session_01378,vehicle_013,1378,train,118.43080251927316,6.8,317.8,319.95,323.4,326.0,-70.20401039999999,30.68,1,0.03568000000000002,0.040000000000000036
vehicle_013_session_01379,vehicle_013,1379,train,115.43020868055555,37.6,328.9,329.9,331.05,332.4,-40.97067199999999,28.88,1,0.020960000000000024,0.02300000000000013
vehicle_013_session_01380,vehicle_013,1380,train,115.83050215833333,40.8,331.4,332.2,334.2,336.8,-69.98933346666668,32.44,1,0.032999999999999995,0.03699999999999992
vehicle_013_session_01381,vehicle_013,1381,train,116.98447513683635,11.6,320.8,322.45,325.25,327.8,-69.8868444736842,33.921052631578945,1,0.03253947368421051,0.03500000000000014
vehicle_013_session_01382,vehicle_013,1382,train,116.95381113306198,28.0,328.3,329.65,331.1,332.5,-70.021336,25.32,1,0.027800000000000012,0.03000000000000025
vehicle_013_session_01383,vehicle_013,1383,train,115.98598392518939,42.0,331.7,332.8,334.9375,337.7,-70.07067160000001,30.6,1,0.03406666666666665,0.038000000000000256
vehicle_013_session_01384,vehicle_013,1384,train,113.26266914682542,8.0,319.2,320.3,323.5,326.1,-69.7229637704918,30.983606557377048,1,0.0358852459016393,0.040000000000000036
vehicle_013_session_01385,vehicle_013,1385,train,115.34787619949499,30.8,330.2,330.3,331.3,332.7,-69.72952114754098,31.262295081967213,1,0.027442622950819662,0.029999999999999805
vehicle_013_session_01386,vehicle_013,1386,train,118.39380028292179,71.6,352.1,352.7,356.0,359.9,-69.73935819672131,35.65573770491803,1,0.044163934426229505,0.04600000000000026
vehicle_013_session_01387,vehicle_013,1387,train,116.6713466036128,32.8,328.6,329.9,331.5,333.3,-70.19079926315788,29.460526315789473,1,0.028723692105263165,0.032000200000000145
vehicle_013_session_01388,vehicle_013,1388,train,116.37747663600118,41.600002,330.69998,331.20000000000005,332.59999,334.19998,-42.932898947368415,30.36842105263158,1,0.024381593421052644,0.027000200000000252
vehicle_013_session_01389,vehicle_013,1389,train,116.31277283105025,20.8,327.1,327.4,328.6,329.7,-59.93441967213114,35.0,0,0.026360655737704942,0.03000000000000025
vehicle_013_session_01390,vehicle_013,1390,train,115.50126061228481,50.0,336.8,337.2,339.1,342.2,-59.940977704918026,37.80327868852459,1,0.037393442622950815,0.04300000000000015
vehicle_013_session_01391,vehicle_013,1391,train,116.16098791053923,30.0,328.6,329.79999999999995,331.4,333.2,-73.68667693333333,30.76,1,0.03004000000000005,0.03300000000000036
vehicle_013_session_01392,vehicle_013,1392,train,116.0353686237374,68.0,351.8,352.5,355.8,359.9,-70.17050262295082,27.37704918032787,1,0.04183606557377045,0.04499999999999993
vehicle_013_session_01393,vehicle_013,1393,train,114.70889063244044,28.4,327.7,328.85,330.2,331.6,-60.84400666666667,26.85333333333333,1,0.024279999999999996,0.026000000000000245
vehicle_013_session_01394,vehicle_013,1394,train,114.99936104549433,37.2,329.19998,329.9,331.0,332.4,-43.03290010526317,29.736842105263158,1,0.021342106578947393,0.023999900000000185
vehicle_013_session_01395,vehicle_013,1395,train,113.96331321973877,18.4,323.8,324.9,327.4375,329.2,-61.630673599999994,28.906666666666666,1,0.029706666666666662,0.03399999999999981
vehicle_013_session_01396,vehicle_013,1396,train,115.64377182539685,28.0,327.7,328.5,329.9,331.1,-60.30657278688526,34.557377049180324,1,0.024311475409836088,0.026000000000000245
vehicle_013_session_01397,vehicle_013,1397,train,115.81545751953126,53.6,338.2,338.8,341.1,344.9,-60.3196849180328,37.0,0,0.038032786885245924,0.04400000000000004
vehicle_013_session_01398,vehicle_013,1398,train,118.13846001230662,66.0,347.1,349.1,352.9,357.1,-70.1131642105263,32.80263157894737,1,0.04168421052631578,0.04800000000000004
vehicle_013_session_01399,vehicle_013,1399,train,115.51739368055557,72.4,353.3,354.1,357.1,360.7,-60.25903229508198,34.0,0,0.03754098360655739,0.039000000000000146
vehicle_013_session_01400,vehicle_013,1400,train,114.91296537037036,28.8,329.9,330.0,331.3,332.7,-70.51803459016394,31.491803278688526,1,0.02796721311475412,0.03000000000000025
vehicle_013_session_01401,vehicle_013,1401,train,116.17343307648402,59.2,343.2,343.9,347.8,352.2,-70.5459062295082,35.377049180327866,1,0.044950819672131125,0.0479999999999996
vehicle_013_session_01402,vehicle_013,1402,train,115.15209911216597,51.6,336.8,337.2,339.6,343.0,-60.22460262295083,35.59016393442623,1,0.036754098360655706,0.04200000000000026
vehicle_013_session_01403,vehicle_013,1403,train,115.05048334418404,43.6,333.3,333.6,335.3,337.8,-60.232800163934435,29.229508196721312,1,0.030114754098360643,0.03299999999999992
vehicle_013_session_01404,vehicle_013,1404,train,113.87905306712963,57.2,341.6,342.4,345.5,349.6,-60.36885180327869,28.508196721311474,1,0.04245901639344265,0.04499999999999993
vehicle_013_session_01405,vehicle_013,1405,train,120.46383596744029,50.4,333.0,333.24999,333.5,333.6,-5.353952064473685,28.0,0,0.014868446052631606,0.016000100000000295
vehicle_013_session_01406,vehicle_013,1406,train,116.53674547653257,39.6,330.3,331.1,332.75,334.7,-60.518674133333334,31.826666666666668,1,0.027680000000000024,0.03100000000000014
vehicle_013_session_01407,vehicle_013,1407,train,113.6688067316308,43.6,333.8,334.2,335.8,338.2,-59.94754885245903,30.688524590163933,1,0.03095081967213114,0.03500000000000014
vehicle_013_session_01408,vehicle_013,1408,train,117.83931828703707,68.8,351.3,351.9,354.6,357.7,-56.82623459016393,33.0,0,0.03839344262295086,0.040000000000000036
vehicle_013_session_01409,vehicle_013,1409,train,115.23221539961015,56.0,340.5,342.0,345.7,350.2,-69.91579052631579,35.5,1,0.04590789473684213,0.050000000000000266
vehicle_013_session_01410,vehicle_013,1410,train,116.19986365947425,30.4,327.8,329.6,331.0,332.7,-69.77500078947367,34.73684210526316,1,0.027868421052631584,0.03200000000000003
vehicle_013_session_01411,vehicle_013,1411,train,114.18730701489532,33.6,330.7,331.0,332.2,333.9,-70.05574327868851,35.73770491803279,1,0.029491803278688566,0.03200000000000003
vehicle_013_session_01412,vehicle_013,1412,train,116.28238159133709,23.6,327.5,328.0,329.2,330.3,-61.01640213114755,33.0,0,0.025508196721311497,0.029999999999999805
vehicle_013_session_01413,vehicle_013,1413,train,115.30411273521504,47.6,335.3,335.8,337.5,340.2,-59.50820311475412,35.377049180327866,1,0.033131147540983535,0.03699999999999992
vehicle_013_session_01414,vehicle_013,1414,train,115.11947672371035,49.2,334.1,335.5,338.55,342.8,-70.14211447368422,29.36842105263158,1,0.03897368421052633,0.04600000000000026
vehicle_013_session_01415,vehicle_013,1415,train,115.91507451923077,26.0,328.0,328.6,329.9,331.1,-61.2229544262295,23.360655737704917,1,0.024442622950819688,0.028000000000000025
vehicle_013_session_01416,vehicle_013,1416,train,114.18318516621129,52.4,338.3,338.8,341.0,344.6,-59.101644098360666,26.78688524590164,1,0.03904918032786885,0.04499999999999993
vehicle_013_session_01417,vehicle_013,1417,train,113.13798161687632,44.0,334.6,334.9,336.8,339.6,-70.12459852459017,27.9672131147541,2,0.03470491803278685,0.040000000000000036
vehicle_013_session_01418,vehicle_013,1418,train,116.05970446047009,65.2,348.8,349.7,353.0,357.1,-70.08197245901638,30.737704918032787,1,0.044016393442622974,0.04700000000000015
vehicle_013_session_01419,vehicle_013,1419,train,115.88382942307695,72.0,351.1,352.9,356.05,359.4,-56.80800733333332,28.0,0,0.03809333333333333,0.040000000000000036
vehicle_013_session_01420,vehicle_013,1420,train,115.58965515689299,42.8,333.6,333.9,335.8,338.6,-70.2000106557377,27.131147540983605,2,0.03413114754098355,0.03799999999999981
vehicle_013_session_01421,vehicle_013,1421,train,115.03768679378537,64.4,348.3,349.1,352.5,356.6,-70.28854213114754,30.0,0,0.04480327868852461,0.04800000000000004
vehicle_013_session_01422,vehicle_013,1422,train,115.62913819073083,22.8,324.7,325.75,327.29999999999995,328.5,-40.998689342105266,25.0,0,0.022249999999999947,0.02699999999999969
vehicle_013_session_01423,vehicle_013,1423,train,113.23507020951041,52.0,338.3,338.9,341.6,346.0,-69.70656803278688,29.131147540983605,2,0.04339344262295085,0.050000000000000266
vehicle_013_session_01424,vehicle_013,1424,train,116.71715360725308,45.6,332.7,333.55,335.7,338.3,-60.20667266666666,29.533333333333335,1,0.032519999999999924,0.03699999999999992
vehicle_013_session_01425,vehicle_013,1425,train,117.00701987847219,67.6,349.6,350.9,353.6,356.8,-57.240796973684205,31.736842105263158,1,0.040355263157894776,0.04300000000000015
vehicle_013_session_01426,vehicle_013,1426,train,115.21064771535167,22.8,326.4,327.75,329.79999999999995,331.1,-70.03733773333332,27.44,1,0.030466666666666694,0.038000000000000256
vehicle_013_session_01427,vehicle_013,1427,train,115.38890671296296,34.4,331.7,332.1,333.2,335.0,-70.21312606557377,30.57377049180328,1,0.02995081967213116,0.03300000000000036
vehicle_013_session_01428,vehicle_013,1428,train,116.13827657828284,58.8,343.3,344.1,347.8,352.1,-70.20984704918033,33.73770491803279,1,0.046475409836065594,0.04899999999999993
