segment_id,vehicle,session_index,split,proxy_capacity_ah,soc_start,voltage_start,voltage_60,voltage_300,voltage_600,current_mean,tmax_mean,temperature_rise,cell_gap_mean,cell_gap_max
vehicle_016_session_00001,vehicle_016,1,validation,136.26434921737214,50.0,338.6,340.6,343.85,347.2,-70.19734333333332,30.826666666666668,1,0.025560000000000027,0.028000000000000025
vehicle_016_session_00002,vehicle_016,2,validation,134.7396374830623,18.0,325.3,326.3,327.8,328.9,-52.16401026666667,40.0,0,0.01935999999999998,0.02100000000000035
vehicle_016_session_00003,vehicle_016,3,validation,136.3003418044532,67.6,350.7,352.8,355.3,358.2,-51.66934346666666,43.0,0,0.02221333333333334,0.02400000000000002
vehicle_016_session_00004,vehicle_016,4,validation,133.31035872657299,33.6,329.2,329.9,330.8,331.7,-39.100010000000005,37.69736842105263,1,0.014263157894736889,0.015000000000000124
vehicle_016_session_00005,vehicle_016,5,validation,133.57221500825565,18.0,326.0,327.5,329.2,330.3,-71.68290539473685,36.51315789473684,1,0.0245789473684211,0.027000000000000135
vehicle_016_session_00006,vehicle_016,6,validation,134.68566699074077,16.0,325.0,326.79999999999995,329.2,330.5,-75.11711486842104,32.8421052631579,1,0.025394736842105282,0.027000000000000135
vehicle_016_session_00007,vehicle_016,7,validation,133.45061589330808,18.4,326.4,327.75,329.5,330.7,-74.0466728,35.53333333333333,1,0.02525333333333333,0.027000000000000135
vehicle_016_session_00008,vehicle_016,8,validation,134.6830818383488,59.2,346.8,347.4,350.5,354.4,-74.18948368421051,40.43421052631579,1,0.029328947368421038,0.03100000000000014
vehicle_016_session_00009,vehicle_016,9,validation,134.1676176706827,23.6,328.2,329.2,330.5,331.7,-70.58267479999999,30.706666666666667,1,0.02346666666666673,0.025000000000000355
vehicle_016_session_00010,vehicle_016,10,validation,134.132118597561,33.6,330.3,331.6,333.2,335.0,-70.19079973684208,30.644736842105264,1,0.02407894736842106,0.025000000000000355
vehicle_016_session_00011,vehicle_016,11,validation,135.26215054281903,8.0,319.6,320.3,321.6,322.7,-26.100010000000005,30.0,0,0.012106666666666694,0.014000000000000234
vehicle_016_session_00012,vehicle_016,12,validation,133.27743506869774,38.4,329.4,330.3,331.05,331.7,-22.384217973684212,32.0,0,0.009197368421052617,0.010999999999999677
vehicle_016_session_00013,vehicle_016,13,validation,133.04094133454103,15.6,324.2,325.1,326.7,328.0,-45.106676666666665,30.0,0,0.017039999999999982,0.018000000000000238
vehicle_016_session_00014,vehicle_016,14,validation,133.39111800411527,41.2,331.0,332.45,333.9,335.7,-44.777631710526315,34.0,0,0.017131578947368446,0.019000000000000128
vehicle_016_session_00015,vehicle_016,15,validation,132.41133792162697,13.6,322.2,322.5,323.55,324.6,-22.519738815789474,36.0,0,0.010921052631578965,0.01200000000000001
vehicle_016_session_00016,vehicle_016,16,validation,132.22523548719616,32.0,328.6,329.9,331.0,332.1,-44.942115263157895,34.0,0,0.01602631578947369,0.017000000000000348
vehicle_016_session_00017,vehicle_016,17,validation,134.34857667389207,8.0,320.0,321.05,323.0,324.9,-45.10395736842106,39.0,0,0.018039473684210532,0.019000000000000128
vehicle_016_session_00018,vehicle_016,18,validation,136.26736622884474,39.6,331.9,333.25,335.3,338.2,-74.07200666666667,38.22666666666667,2,0.02612,0.028000000000000025
vehicle_016_session_00019,vehicle_016,19,validation,134.20340880493367,40.4,332.4,333.3,335.4,338.5,-70.41315605263158,38.526315789473685,1,0.02531578947368419,0.027000000000000135
vehicle_016_session_00020,vehicle_016,20,validation,133.54334234053493,36.4,330.0,330.9,331.9,333.2,-45.114483684210526,37.9078947368421,1,0.016499999999999994,0.018000000000000238
vehicle_016_session_00021,vehicle_016,21,validation,136.4278572652954,36.4,330.3,331.0,332.2,333.5,-50.185343333333336,41.0,0,0.018453333333333332,0.020000000000000018
vehicle_016_session_00022,vehicle_016,22,validation,135.62711660343916,15.6,322.1,323.3,324.4,325.5,-25.67631687105263,41.0,0,0.012250000000000013,0.01399999999999979
vehicle_016_session_00023,vehicle_016,23,validation,134.83352668010752,29.6,329.4,330.3,331.7,333.3,-74.24268093333332,40.906666666666666,1,0.02566666666666669,0.028000000000000025
vehicle_016_session_00024,vehicle_016,24,validation,135.64574717857144,29.6,328.3,329.1,330.0,331.0,-45.20658960526317,40.0,0,0.016500000000000004,0.018000000000000238
vehicle_016_session_00025,vehicle_016,25,validation,131.9503600869381,23.2,325.7,327.0,328.3,329.1,-37.57499444736842,37.01315789473684,1,0.014394736842105273,0.016000000000000014
vehicle_016_session_00026,vehicle_016,26,validation,134.70432802325587,47.2,332.8,334.29999999999995,336.6,339.1,-37.659201657894734,38.078947368421055,1,0.017934210526315747,0.020999999999999908
vehicle_016_session_00027,vehicle_016,27,validation,135.22949880050507,11.6,322.8,324.29999999999995,327.1,329.1,-74.44737,37.93421052631579,1,0.026526315789473655,0.028000000000000025
vehicle_016_session_00028,vehicle_016,28,validation,133.09093697420636,29.6,328.8,329.65,330.7,331.7,-50.782674799999995,31.0,0,0.017946666666666663,0.019000000000000128
vehicle_016_session_00029,vehicle_016,29,validation,134.71963543028323,8.8,320.0,320.9,322.5,324.2,-39.3026507894737,38.1578947368421,0,0.016605263157894755,0.018000000000000238
vehicle_016_session_00030,vehicle_016,30,validation,132.9831891364136,26.0,327.4,328.0,328.9,329.7,-38.899989999999995,39.0,0,0.014586666666666718,0.016000000000000014
vehicle_016_session_00031,vehicle_016,31,validation,135.08999445450883,50.8,337.7,339.65,343.4,347.1,-74.19211539473683,40.11842105263158,2,0.030026315789473703,0.03299999999999992
vehicle_016_session_00032,vehicle_016,32,validation,133.84847374874877,51.2,337.1,338.70000000000005,341.4,343.8,-44.88947447368421,36.0,0,0.02101315789473684,0.02300000000000013
vehicle_016_session_00033,vehicle_016,33,validation,136.32640044560188,27.6,327.8,328.70000000000005,329.7,330.7,-49.8368447368421,36.0,0,0.017802631578947372,0.019000000000000128
vehicle_016_session_00034,vehicle_016,34,validation,133.61756358148577,12.4,323.0,323.9,325.9,327.4,-49.82238065789475,32.0,0,0.018934210526315744,0.020999999999999908
vehicle_016_session_00035,vehicle_016,35,validation,135.94074300959971,45.2,333.5,334.5,336.5,339.4,-50.3160104,32.13333333333333,1,0.021146666666666654,0.02400000000000002
vehicle_016_session_00036,vehicle_016,36,validation,133.56992931012002,14.4,323.5,324.5,326.20000000000005,327.5,-45.20132592105264,35.0,0,0.018315789473684157,0.020000000000000018
vehicle_016_session_00037,vehicle_016,37,validation,133.17726280068726,37.6,328.9,330.25,331.7,333.0,-37.61973647368421,37.0,0,0.014473684210526347,0.017000000000000348
vehicle_016_session_00038,vehicle_016,38,validation,133.56338450496588,27.2,327.8,328.675,329.6,330.3,-45.10134333333333,33.4,1,0.01650666666666669,0.018000000000000238
vehicle_016_session_00039,vehicle_016,39,validation,134.70822461456677,16.0,323.8,324.7,326.4,327.7,-44.808017600000014,37.0,0,0.01834666666666662,0.020000000000000018
vehicle_016_session_00040,vehicle_016,40,validation,133.6442806903991,16.8,323.5,324.9,326.6,327.8,-44.78157947368421,40.0,0,0.018328947368421028,0.020000000000000018
vehicle_016_session_00041,vehicle_016,41,validation,134.0198075555556,39.2,329.7,331.6,332.8,334.2,-44.75467693333334,40.0,0,0.01724000000000002,0.019000000000000128
vehicle_016_session_00042,vehicle_016,42,validation,133.80294386574076,19.2,325.5,325.8,326.9,327.2,-33.8720012,35.0,0,0.013853333333333299,0.019000000000000128
vehicle_016_session_00043,vehicle_016,43,validation,132.6885620014245,19.6,325.5,326.6,327.8,328.6,-45.10801000000001,33.986666666666665,0,0.017000000000000005,0.018999999999999684
vehicle_016_session_00044,vehicle_016,44,validation,133.12956733040437,30.4,328.3,329.2,330.2,331.1,-44.961847368421054,41.0,0,0.016513157894736834,0.017999999999999794
vehicle_016_session_00045,vehicle_016,45,validation,134.34818764906925,23.2,327.1,327.8,328.9,329.7,-49.69334333333334,34.0,0,0.017893333333333383,0.019000000000000128
vehicle_016_session_00046,vehicle_016,46,validation,135.30987136574075,21.6,326.1,327.2,328.3,329.2,-50.188321688311696,30.467532467532468,1,0.01832467532467534,0.019000000000000128
vehicle_016_session_00047,vehicle_016,47,validation,135.2975078409091,33.6,329.2,330.0,331.1,332.1,-45.200010000000006,32.35526315789474,1,0.016592105263157884,0.018000000000000238
vehicle_016_session_00048,vehicle_016,48,validation,136.24578758550996,46.0,334.4,336.05,339.5,343.6,-74.02237184210526,39.5,1,0.029500000000000016,0.03300000000000036
vehicle_016_session_00049,vehicle_016,49,validation,130.74123586839266,21.2,326.4,327.2,328.225,328.9,-45.01579105263158,39.276315789473685,1,0.01693421052631582,0.018000000000000238
vehicle_016_session_00050,vehicle_016,50,validation,135.30208396420187,61.6,347.8,348.8,350.75,353.2,-44.989473815789474,42.88157894736842,1,0.0217236842105263,0.02300000000000013
vehicle_016_session_00051,vehicle_016,51,validation,134.00180900127228,46.8,334.6,336.05,339.475,343.3,-69.99866653333333,40.45333333333333,1,0.028346666666666673,0.03200000000000003
vehicle_016_session_00052,vehicle_016,52,validation,135.2961385688237,28.0,328.9,329.9,331.1,332.7,-70.3749975,38.026315789473685,2,0.02430263157894739,0.026000000000000245
vehicle_016_session_00053,vehicle_016,53,validation,135.0103903073859,48.0,334.6,336.05,338.55,341.3,-45.00667653333334,33.70666666666666,1,0.02175999999999999,0.02499999999999991
vehicle_016_session_00054,vehicle_016,54,validation,134.88643142992424,11.6,322.7,324.15,327.0,328.9,-74.08000679999999,34.92,1,0.026986666666666655,0.028999999999999915
vehicle_016_session_00055,vehicle_016,55,validation,137.85567375000005,53.6,339.3,341.05,343.70000000000005,346.6,-54.44341539473684,36.0,0,0.024250000000000018,0.027000000000000135
vehicle_016_session_00056,vehicle_016,56,validation,134.8073526066828,16.8,325.0,326.65,328.85,330.2,-74.25527131578947,32.98684210526316,0,0.026342105263157934,0.02900000000000036
vehicle_016_session_00057,vehicle_016,57,validation,132.2204542021329,24.4,325.7,327.15,328.5,329.1,-37.29209758289473,36.0,0,0.014381578947368455,0.017000000000000348
vehicle_016_session_00058,vehicle_016,58,validation,131.93394360574342,12.4,322.1,322.9,324.6125,326.1,-39.70132592105263,33.0,0,0.017276315789473667,0.019000000000000128
vehicle_016_session_00059,vehicle_016,59,validation,132.0237563702877,25.6,326.0,327.35,328.8,329.6,-37.530253631578944,33.0,0,0.014355263157894751,0.017000000000000348
vehicle_016_session_00060,vehicle_016,60,validation,134.77119188585073,35.6,331.1,332.1,333.9,336.1,-73.95657434210526,33.8421052631579,1,0.026328947368421063,0.028000000000000025
vehicle_016_session_00061,vehicle_016,61,validation,135.9945237491097,68.4,354.4,355.9,359.1,363.0,-69.86842052631579,37.0,0,0.029736842105263162,0.031000000000000583
vehicle_016_session_00062,vehicle_016,62,validation,137.13311751760568,71.2,354.9,356.1,358.6,361.3,-49.600010000000005,36.0,0,0.023453333333333316,0.025000000000000355
vehicle_016_session_00063,vehicle_016,63,validation,134.24217979651166,30.8,329.7,330.8,332.325,334.1,-74.01200240000001,36.72,1,0.025920000000000012,0.028000000000000025
vehicle_016_session_00064,vehicle_016,64,validation,134.39010662589197,12.4,322.8,324.29999999999995,326.975,328.9,-70.4893328,38.86666666666667,1,0.026106666666666632,0.028000000000000025
vehicle_016_session_00065,vehicle_016,65,validation,136.7380146012314,60.8,346.8,348.55,351.70000000000005,355.5,-70.98157710526316,40.671052631578945,1,0.029921052631578952,0.03100000000000014
vehicle_016_session_00066,vehicle_016,66,validation,134.17907861857208,40.8,332.4,333.55,335.6,338.6,-70.37631289473684,40.80263157894737,1,0.02647368421052631,0.028999999999999915
vehicle_016_session_00067,vehicle_016,67,validation,133.70732247658268,21.6,327.1,328.1,329.6,330.7,-69.63948368421053,39.01315789473684,1,0.024578947368421075,0.026000000000000245
vehicle_016_session_00068,vehicle_016,68,validation,134.43994825032868,2.8,314.7,317.0,319.1,321.1,-39.57631536842106,40.0,0,0.019539473684210554,0.02100000000000035
vehicle_016_session_00069,vehicle_016,69,validation,135.30749815669276,40.0,332.1,333.3,335.3,338.2,-70.55467213333334,37.16,1,0.02606666666666663,0.028000000000000025
vehicle_016_session_00070,vehicle_016,70,validation,135.7573277959332,38.4,331.6,332.8,334.79999999999995,337.5,-74.66053526315788,37.26315789473684,2,0.027092105263157897,0.028999999999999915
vehicle_016_session_00071,vehicle_016,71,validation,134.475673923445,16.0,324.7,326.05,328.4,329.7,-70.39736763157896,37.0,0,0.025644736842105262,0.028000000000000025
vehicle_016_session_00072,vehicle_016,72,validation,135.06836671971453,13.2,323.0,324.29999999999995,326.9,328.8,-70.24801439999999,39.0,0,0.025906666666666644,0.028000000000000025
vehicle_016_session_00073,vehicle_016,73,validation,136.01881020727316,47.2,334.4,335.4,337.8,341.0,-50.07237552631579,37.0,0,0.023105263157894747,0.026000000000000245
vehicle_016_session_00074,vehicle_016,74,validation,132.49023845332022,27.6,328.9,330.0,331.4,333.0,-75.16580065789474,38.921052631578945,1,0.02611842105263159,0.028000000000000025
vehicle_016_session_00075,vehicle_016,75,validation,137.59367950642175,62.4,347.7,349.5,352.75,356.6,-69.51052736842105,37.828947368421055,1,0.029592105263157926,0.03100000000000014
vehicle_016_session_00076,vehicle_016,76,validation,133.0012507201646,16.4,323.0,323.5,324.6,325.7,-26.10134333333334,40.0,0,0.01367999999999998,0.015000000000000124
vehicle_016_session_00077,vehicle_016,77,validation,136.6759714171975,36.8,329.9,330.7,331.79999999999995,333.0,-45.28801960000001,37.78666666666667,1,0.017000000000000036,0.019000000000000128
vehicle_016_session_00078,vehicle_016,78,validation,134.1186805357143,40.0,330.7,331.7,333.0,334.6,-44.96185210526316,42.0,0,0.018013157894736873,0.020000000000000018
vehicle_016_session_00079,vehicle_016,79,validation,133.10084597902102,33.2,328.8,329.7,330.7,331.7,-44.62267773333334,37.0,0,0.016506666666666673,0.018000000000000238
vehicle_016_session_00080,vehicle_016,80,validation,137.13327482018852,54.8,340.3,341.6,343.9,346.3,-45.20658960526317,36.0,0,0.02184210526315793,0.02400000000000002
vehicle_016_session_00081,vehicle_016,81,validation,134.9972435546875,22.8,325.5,327.2,328.3,329.1,-44.744746842105265,34.88157894736842,1,0.016776315789473688,0.019000000000000128
vehicle_016_session_00082,vehicle_016,82,validation,132.16203646953403,22.4,326.6,327.4,328.4,329.2,-45.1342205263158,38.0,0,0.016881578947368466,0.018000000000000238
vehicle_016_session_00083,vehicle_016,83,validation,132.22973308778393,10.0,321.1,322.1,323.9,325.7,-45.200010000000006,35.0,0,0.01894736842105262,0.020000000000000018
vehicle_016_session_00084,vehicle_016,84,validation,132.9437763078704,12.8,321.9,322.9,325.0,326.7,-50.160536052631585,37.0,0,0.019973684210526248,0.02100000000000035
vehicle_016_session_00085,vehicle_016,85,validation,132.77858307372796,38.8,332.4,333.4,334.4,336.0,-50.118431052631585,39.0,0,0.01977631578947369,0.02100000000000035
vehicle_016_session_00086,vehicle_016,86,validation,133.070062389989,18.8,326.4,327.7,329.2,330.5,-69.75867933333333,34.29333333333334,1,0.024533333333333372,0.027000000000000135
vehicle_016_session_00087,vehicle_016,87,validation,131.43718034369118,28.8,327.2,330.6,332.15,333.9,-73.12105171052632,33.28947368421053,1,0.025394736842105265,0.027000000000000135
vehicle_016_session_00088,vehicle_016,88,validation,134.0279297439759,55.2,341.1,342.5,344.91249999999997,347.7,-50.638167894736846,38.0,0,0.02343421052631582,0.025000000000000355
vehicle_016_session_00089,vehicle_016,89,validation,132.27400838888886,9.2,320.3,321.4,323.5,325.5,-49.18667666666668,41.0,0,0.020386666666666695,0.02200000000000024
vehicle_016_session_00090,vehicle_016,90,validation,135.51745837012513,39.2,332.8,333.0,333.9,335.3,-49.17895736842106,41.28947368421053,1,0.019618421052631608,0.02100000000000035
vehicle_016_session_00091,vehicle_016,91,validation,135.7164654875212,20.8,326.4,327.75,329.2,330.5,-70.09734133333333,39.946666666666665,1,0.024746666666666688,0.027000000000000135
vehicle_016_session_00092,vehicle_016,92,validation,134.58043599085366,17.6,323.2,324.9,326.4,327.5,-38.63684328947369,33.0,0,0.017289473684210493,0.019000000000000128
vehicle_016_session_00093,vehicle_016,93,validation,134.0895106746032,15.6,324.2,325.9,328.5,329.9,-74.09605973684211,35.973684210526315,1,0.026513157894736843,0.028999999999999915
vehicle_016_session_00094,vehicle_016,94,validation,134.38072236290708,46.8,334.2,335.6,338.3,342.1,-60.02236999999998,38.5921052631579,1,0.026302631578947386,0.03000000000000025
vehicle_016_session_00095,vehicle_016,95,validation,134.792461962229,34.0,328.9,330.1,331.1,332.2,-44.97764171052631,34.0,0,0.016986842105263168,0.018000000000000238
vehicle_016_session_00096,vehicle_016,96,validation,134.26468341269842,50.0,334.9,335.5,337.0,338.6,-22.51973881578947,37.0,0,0.016223684210526283,0.019000000000000128
vehicle_016_session_00097,vehicle_016,97,validation,137.0687970070954,62.8,347.4,348.6,351.1,353.9,-50.44079039473685,33.0,0,0.024513157894736848,0.026000000000000245
vehicle_016_session_00098,vehicle_016,98,validation,132.94452441428177,20.4,326.0,327.0,328.2,329.1,-48.76185828947369,35.19736842105263,-1,0.018184210526315813,0.020000000000000018
vehicle_016_session_00099,vehicle_016,99,validation,134.61818861076563,19.2,326.1,327.6,329.29999999999995,330.7,-73.86800093333333,34.77333333333333,1,0.02600000000000001,0.028000000000000025
vehicle_016_session_00100,vehicle_016,100,validation,133.86088383948314,19.2,325.5,326.975,328.8375,330.2,-70.70134613333335,37.946666666666665,1,0.025840000000000002,0.028999999999999915
vehicle_016_session_00101,vehicle_016,101,validation,135.31594996925637,22.8,326.9,328.0,329.15,330.2,-60.05132,36.43421052631579,1,0.021315789473684253,0.02300000000000013
vehicle_016_session_00102,vehicle_016,102,validation,133.49507280092587,61.6,347.2,348.6,351.35,354.6,-60.06800520000001,38.0,0,0.027520000000000006,0.02900000000000036
vehicle_016_session_00103,vehicle_016,103,validation,133.37716969339624,2.0,315.0,317.15,319.6,321.7,-44.81067666666667,39.0,0,0.021640000000000027,0.02300000000000013
vehicle_016_session_00104,vehicle_016,104,validation,132.94465865446372,29.2,328.9,329.9,331.20000000000005,332.7,-69.3881519736842,39.25,1,0.024486842105263196,0.026000000000000245
vehicle_016_session_00105,vehicle_016,105,validation,132.73858258627945,15.2,323.8,325.4,328.1,329.6,-74.16800986666667,36.6,1,0.02713333333333333,0.029999999999999805
vehicle_016_session_00106,vehicle_016,106,validation,136.9654940363061,54.0,340.5,342.6,346.1,350.0,-74.23068053333333,38.92,1,0.03137333333333333,0.03300000000000036
vehicle_016_session_00107,vehicle_016,107,validation,135.25770203731597,33.2,329.9,331.0,332.4,334.1,-68.73601319999997,36.18666666666667,1,0.02470666666666667,0.027000000000000135
vehicle_016_session_00108,vehicle_016,108,validation,132.60753707613864,8.0,320.7,322.2,324.9,327.2,-69.51333466666665,40.72,0,0.026466666666666652,0.028000000000000025
vehicle_016_session_00109,vehicle_016,109,validation,133.65555493984172,30.8,329.4,330.75,332.29999999999995,334.1,-74.10800933333334,35.49333333333333,1,0.02614666666666665,0.028000000000000025
vehicle_016_session_00110,vehicle_016,110,validation,133.62129239969136,55.2,341.3,343.3,346.70000000000005,350.5,-69.96184355263158,39.0,0,0.030197368421052643,0.03200000000000003
vehicle_016_session_00111,vehicle_016,111,validation,135.7293317100695,35.6,330.7,331.6,333.25,335.2,-69.589342,35.28,1,0.02524,0.027000000000000135
vehicle_016_session_00112,vehicle_016,112,validation,131.96804411798396,20.4,324.2,325.85,327.4,328.2,-37.80525431578947,36.0,0,0.015605263157894707,0.018000000000000238
vehicle_016_session_00113,vehicle_016,113,validation,133.33912159139103,45.2,331.4,333.6,335.375,337.5,-44.634676533333334,34.29333333333334,1,0.019933333333333293,0.022999999999999687
vehicle_016_session_00114,vehicle_016,114,validation,132.19203244047623,22.4,327.1,328.5,329.9,331.1,-70.52895026315791,33.078947368421055,1,0.024118421052631588,0.026000000000000245
vehicle_016_session_00115,vehicle_016,115,validation,132.96956342418545,40.8,332.5,333.675,335.875,339.1,-70.81734653333334,34.88,1,0.02699999999999995,0.03100000000000014
vehicle_016_session_00116,vehicle_016,116,validation,134.11929629360466,30.8,329.2,330.3,331.7,333.3,-70.05867133333334,35.85333333333333,1,0.024626666666666696,0.027000000000000135
vehicle_016_session_00117,vehicle_016,117,validation,131.2943533275463,25.2,327.5,328.70000000000005,329.9,331.1,-60.11867480000001,33.96,1,0.021199999999999997,0.02300000000000013
vehicle_016_session_00118,vehicle_016,118,validation,132.8557901309115,8.400001,321.4,322.9,325.7,328.0,-69.79343565789472,33.0,0,0.02607894736842103,0.028000000000000025
vehicle_016_session_00119,vehicle_016,119,validation,135.72135174862362,55.2,341.8,344.0,347.75,351.8,-74.02500289473683,32.0,0,0.03146052631578946,0.03400000000000025
vehicle_016_session_00120,vehicle_016,120,validation,130.80096903935186,54.8,341.6,343.55,346.9,350.7,-69.98133200000001,38.0,0,0.030479999999999993,0.03200000000000003
vehicle_016_session_00121,vehicle_016,121,validation,131.0996109660218,10.4,319.6,321.65,323.5,325.0,-39.749343120000006,38.0,0,0.01784000000000002,0.020000000000000018
vehicle_016_session_00122,vehicle_016,122,validation,136.1552066459552,54.0,340.5,342.75,346.3,350.2,-74.1000088,38.50666666666667,1,0.03179999999999995,0.0349999999999997
vehicle_016_session_00123,vehicle_016,123,validation,129.57232384823848,14.8,322.2,322.75,323.70000000000005,324.7,-22.49342105263158,36.0,0,0.012710526315789488,0.014000000000000234
vehicle_016_session_00124,vehicle_016,124,validation,130.92745904776177,42.8,331.1,332.2,333.2,334.2,-25.532009999999996,31.0,0,0.013293333333333313,0.015000000000000124
vehicle_016_session_00125,vehicle_016,125,validation,131.4611956896552,56.4,342.1,343.3125,345.7,348.2,-44.93466013333333,33.0,0,0.022773333333333347,0.02400000000000002
vehicle_016_session_00126,vehicle_016,126,validation,130.02499387962965,26.0,328.6,329.79999999999995,331.20000000000005,332.7,-74.09211263157896,33.5921052631579,1,0.0254342105263158,0.027000000000000135
vehicle_016_session_00127,vehicle_016,127,validation,133.099780879884,26.8,327.7,328.70000000000005,329.7,330.7,-50.5,31.039473684210527,1,0.018394736842105287,0.020000000000000018
vehicle_016_session_00128,vehicle_016,128,validation,132.39357408581594,16.8,325.5,327.0,329.15,330.5,-74.00000315789474,31.32894736842105,1,0.026578947368421077,0.02900000000000036
vehicle_016_session_00129,vehicle_016,129,validation,129.83299677914113,22.8,327.8,329.0,330.3,331.7,-73.95921013157896,34.61842105263158,1,0.025631578947368457,0.027000000000000135
vehicle_016_session_00130,vehicle_016,130,validation,133.7197057921811,45.6,333.5,334.29999999999995,336.3,338.9,-45.03289802631579,30.56578947368421,1,0.021276315789473668,0.02400000000000002
vehicle_016_session_00131,vehicle_016,131,validation,130.3213472171533,39.2,331.9,333.1,335.1,337.8,-70.2092214473684,34.38157894736842,1,0.026828947368421032,0.028999999999999915
vehicle_016_session_00132,vehicle_016,132,validation,129.4122472770468,18.8,326.7,328.1,329.7,331.0,-74.21185407894738,32.36842105263158,1,0.026052631578947362,0.028000000000000025
vehicle_016_session_00133,vehicle_016,133,validation,130.97980768693225,31.2,329.6,330.7,332.1,333.6,-69.25734906666666,33.96,1,0.02444000000000003,0.027000000000000135
vehicle_016_session_00134,vehicle_016,134,validation,130.00329170869884,18.8,326.4,327.7,329.2,330.3,-69.84667266666666,35.44,1,0.024960000000000017,0.028000000000000025
vehicle_016_session_00135,vehicle_016,135,validation,131.09575293803417,11.6,322.5,324.2,327.0,329.1,-73.91710434210528,35.0,0,0.027276315789473676,0.028999999999999915
vehicle_016_session_00136,vehicle_016,136,validation,132.3738294388889,44.8,333.9,335.1,338.0,342.1,-70.00266693333333,34.70666666666666,1,0.02930666666666666,0.03300000000000036
vehicle_016_session_00137,vehicle_016,137,validation,130.87033253745318,59.6,346.1,347.75,351.0375,354.9,-70.7893384,35.053333333333335,1,0.03181333333333334,0.03300000000000036
vehicle_016_session_00138,vehicle_016,138,validation,130.3795489563827,23.6,327.8,328.9,330.3,331.6,-70.00266693333333,33.626666666666665,1,0.024320000000000005,0.0259999999999998
vehicle_016_session_00139,vehicle_016,139,validation,130.4976738045635,38.8,331.6,332.5,334.2,336.4,-59.975002105263144,32.94736842105263,1,0.023197368421052612,0.0259999999999998
vehicle_016_session_00140,vehicle_016,140,validation,130.31420478192007,26.4,328.0,329.0,330.2,331.4,-59.69867613333332,34.2,1,0.02130666666666667,0.02300000000000013
vehicle_016_session_00141,vehicle_016,141,validation,129.98403192107372,12.0,323.2,324.6,327.45,329.2,-73.72238065789473,34.9078947368421,1,0.027026315789473686,0.028999999999999915
vehicle_016_session_00142,vehicle_016,142,validation,129.92976207248265,20.8,324.6,326.1,327.75,328.6,-37.76315789473684,27.776315789473685,1,0.01488157894736843,0.017000000000000348
vehicle_016_session_00143,vehicle_016,143,validation,131.20912796516754,69.6,354.3,355.9,359.3,363.5,-69.68027328947367,34.0,0,0.03206578947368419,0.03300000000000036
vehicle_016_session_00144,vehicle_016,144,validation,131.50341027013252,51.2,337.2,338.6,341.85,344.7,-49.70527368421053,32.0,0,0.026039473684210515,0.028000000000000025
vehicle_016_session_00145,vehicle_016,145,validation,129.930587962963,27.6,327.2,328.3,329.2,330.0,-39.91579947368422,34.0,0,0.015236842105263151,0.016000000000000014
vehicle_016_session_00146,vehicle_016,146,validation,131.19075439085745,44.0,333.0,334.0,336.0,338.6,-49.700010789473694,30.0,0,0.022276315789473644,0.025000000000000355
vehicle_016_session_00147,vehicle_016,147,validation,130.84226573915527,36.4,330.8,332.0,333.70000000000005,335.8,-70.53290105263156,32.14473684210526,2,0.02594736842105266,0.028000000000000025
vehicle_016_session_00148,vehicle_016,148,validation,129.2886056767338,25.6,328.2,329.4,330.8,332.2,-70.56579578947368,31.30263157894737,1,0.02440789473684213,0.026000000000000245
vehicle_016_session_00149,vehicle_016,149,validation,129.8893261968954,40.8,329.9,332.29999999999995,333.8,335.5,-44.5355362631579,29.42105263157895,1,0.019026315789473686,0.02100000000000035
vehicle_016_session_00150,vehicle_016,150,validation,130.9211078300204,43.6,333.8,335.1,337.9,342.1,-70.11184999999999,31.18421052631579,2,0.029302631578947348,0.03300000000000036
vehicle_016_session_00151,vehicle_016,151,validation,129.68067266522988,26.0,328.0,329.4,330.8,332.2,-69.99341973684211,30.092105263157894,2,0.024381578947368466,0.026000000000000245
vehicle_016_session_00152,vehicle_016,152,validation,130.0369182300219,16.4,325.3,326.79999999999995,328.9,330.2,-70.31052934210527,28.105263157894736,2,0.025539473684210518,0.028000000000000025
vehicle_016_session_00153,vehicle_016,153,validation,130.76297158996687,17.2,325.5,326.79999999999995,328.9,330.2,-70.50933746666666,30.85333333333333,1,0.025653333333333344,0.028999999999999915
vehicle_016_session_00154,vehicle_016,154,validation,129.75835717666317,35.2,330.8,332.0,333.70000000000005,335.8,-70.5250055263158,28.710526315789473,1,0.02599999999999999,0.028000000000000025
vehicle_016_session_00155,vehicle_016,155,validation,129.6101347564554,33.2,329.4,330.2,331.4,332.7,-49.18001000000001,33.17333333333333,1,0.018426666666666685,0.020000000000000018
vehicle_016_session_00156,vehicle_016,156,validation,130.09672921082213,27.6,327.7,328.5,329.4,330.3,-45.16267666666667,33.0,0,0.01697333333333337,0.019000000000000128
vehicle_016_session_00157,vehicle_016,157,validation,130.08746833333333,15.6,324.7,326.20000000000005,328.55,329.9,-71.46052657894738,34.53947368421053,1,0.026052631578947372,0.028000000000000025
vehicle_016_session_00158,vehicle_016,158,validation,131.33670408411032,40.4,332.2,333.55,335.9,339.1,-73.7013259210526,31.81578947368421,2,0.028276315789473656,0.03299999999999992
vehicle_016_session_00159,vehicle_016,159,validation,129.97601763047138,32.0,329.7,330.8,332.4,334.1,-70.19334453333335,32.53333333333333,1,0.02504000000000002,0.027000000000000135
vehicle_016_session_00160,vehicle_016,160,validation,129.957938887012,23.6,328.2,329.2,330.7,332.1,-73.9559956,30.586666666666666,1,0.025320000000000006,0.027000000000000135
vehicle_016_session_00161,vehicle_016,161,validation,128.7513325163399,23.2,327.8,329.29999999999995,330.8,332.2,-73.82895421052632,29.460526315789473,1,0.02556578947368424,0.028000000000000025
vehicle_016_session_00162,vehicle_016,162,validation,130.75756382452576,9.2,321.7,323.25,325.9,328.2,-69.84267186666666,33.0,0,0.026199999999999973,0.028000000000000025
vehicle_016_session_00163,vehicle_016,163,validation,130.65976310110517,23.2,327.4,328.85,330.2,331.6,-69.94605460526316,29.355263157894736,1,0.024434210526315822,0.026000000000000245
vehicle_016_session_00164,vehicle_016,164,validation,129.69834651909724,66.0,350.7,352.0,354.5,357.2,-50.348000266666666,32.906666666666666,1,0.02729333333333334,0.028999999999999915
vehicle_016_session_00165,vehicle_016,165,validation,130.53510043534968,18.8,326.1,327.6,329.6,330.8,-74.09067266666668,31.253333333333334,1,0.02640000000000001,0.03000000000000025
vehicle_016_session_00166,vehicle_016,166,validation,132.697310518617,48.4,333.3,334.65,336.0,337.4,-22.3579047631579,30.0,0,0.01652631578947368,0.019000000000000128
vehicle_016_session_00167,vehicle_016,167,validation,128.19309743797194,15.6,324.2,325.25,327.0,328.2,-45.007895526315785,27.13157894736842,1,0.018999999999999993,0.02100000000000035
vehicle_016_session_00168,vehicle_016,168,validation,128.7437115622032,33.6,329.2,330.0,331.3,332.4,-45.02895026315789,30.210526315789473,1,0.01734210526315792,0.019000000000000128
vehicle_016_session_00169,vehicle_016,169,validation,130.05188933423912,42.4,330.7,332.45,333.9,335.5,-39.76974684210527,28.986842105263158,1,0.018144736842105293,0.020000000000000018
vehicle_016_session_00170,vehicle_016,170,validation,129.21205121527777,34.0,329.6,330.8,331.6375,332.7,-44.974676666666674,31.88,1,0.017306666666666692,0.019000000000000128
vehicle_016_session_00171,vehicle_016,171,validation,129.7952488724817,11.2,322.2,323.25,325.2,326.9,-44.94209947368421,26.0,0,0.018999999999999965,0.020999999999999908
vehicle_016_session_00172,vehicle_016,172,validation,132.38809771714347,44.0,332.5,333.5,335.2,337.4,-45.05132052631579,32.078947368421055,1,0.020710526315789485,0.02300000000000013
vehicle_016_session_00173,vehicle_016,173,validation,130.78920605682708,40.8,332.5,333.9,336.3,339.6,-70.10000697368422,27.407894736842106,1,0.02755263157894734,0.03200000000000003
vehicle_016_session_00174,vehicle_016,174,validation,131.11042061360678,32.8,329.9,331.0,332.5,334.4,-69.38946842105264,32.05263157894737,2,0.025223684210526343,0.027000000000000135
vehicle_016_session_00175,vehicle_016,175,validation,130.42921619506632,30.4,329.4,330.4,331.7,333.3,-69.49466613333333,32.626666666666665,1,0.02509333333333336,0.027000000000000135
vehicle_016_session_00176,vehicle_016,176,validation,132.277192749183,57.2,341.6,343.6,346.0,348.5,-44.84801,34.85333333333333,1,0.02473333333333335,0.027000000000000135
vehicle_016_session_00177,vehicle_016,177,validation,129.35249042145594,39.2,330.3,330.9,331.7,332.5,-26.0,31.0,0,0.013000000000000024,0.014000000000000234
vehicle_016_session_00178,vehicle_016,178,validation,130.01351709789427,23.2,326.7,327.8,328.9,329.9,-49.59474631578948,29.592105263157894,1,0.01803947368421054,0.019000000000000128
vehicle_016_session_00179,vehicle_016,179,validation,129.2440986858298,8.0,320.2,321.1,322.8,324.7,-40.10527315789474,31.0,0,0.01765789473684213,0.019000000000000128
vehicle_016_session_00180,vehicle_016,180,validation,131.4082374203822,33.2,328.8,329.4,330.3,331.3,-39.808017600000014,31.0,0,0.01580000000000002,0.017000000000000348
vehicle_016_session_00181,vehicle_016,181,validation,132.2352943860878,50.0,336.8,338.6,342.9,346.9,-70.39341828947367,31.61842105263158,1,0.03331578947368423,0.03600000000000003
vehicle_016_session_00182,vehicle_016,182,validation,130.0815808038381,23.2,326.7,327.7,328.6,329.6,-45.10260740259741,30.896103896103895,1,0.01684415584415589,0.018000000000000238
vehicle_016_session_00183,vehicle_016,183,validation,129.47465843785434,19.2,326.1,326.9,328.0,328.9,-44.50667213333333,27.24,1,0.0170666666666667,0.019000000000000128
vehicle_016_session_00184,vehicle_016,184,validation,130.65917944444445,38.0,330.5,331.20000000000005,332.5,333.9,-45.01710697368421,32.0,0,0.018644736842105283,0.020999999999999908
vehicle_016_session_00185,vehicle_016,185,validation,131.36484699812846,41.2,332.7,334.1,336.5,340.0,-74.06711157894738,29.31578947368421,2,0.029039473684210507,0.03399999999999981
vehicle_016_session_00186,vehicle_016,186,validation,129.99581129115225,31.6,329.7,331.0,332.6,334.4,-69.61316789473685,27.026315789473685,2,0.02551315789473686,0.027000000000000135
vehicle_016_session_00187,vehicle_016,187,validation,129.9938805154244,18.0,326.0,327.45,329.2,330.5,-69.45999973333333,26.506666666666668,1,0.024360000000000027,0.027000000000000135
vehicle_016_session_00188,vehicle_016,188,validation,129.05364295319532,28.4,329.1,330.4,332.0,333.6,-70.09211236842106,26.0,2,0.02534210526315792,0.028000000000000025
vehicle_016_session_00189,vehicle_016,189,validation,130.54752921130952,41.6,332.8,334.1375,336.675,340.2,-70.04267146666665,28.44,1,0.028279999999999965,0.03299999999999992
vehicle_016_session_00190,vehicle_016,190,validation,129.5213545656028,30.0,328.3,329.2,330.2,331.1,-45.10401,25.36,1,0.017093333333333387,0.018000000000000238
vehicle_016_session_00191,vehicle_016,191,validation,131.30732418981486,39.6,332.1,333.2,335.3,338.3,-70.26975381578946,29.513157894736842,1,0.027263157894736833,0.029999999999999805
vehicle_016_session_00192,vehicle_016,192,validation,130.90840534188035,10.0,321.7,323.55,326.3,328.5,-70.1400096,31.933333333333334,1,0.026879999999999984,0.028999999999999915
vehicle_016_session_00193,vehicle_016,193,validation,130.66432906901042,8.0,321.6,323.075,325.7375,328.0,-69.42933373333334,30.746666666666666,1,0.026386666666666645,0.028000000000000025
vehicle_016_session_00194,vehicle_016,194,validation,131.14068813685637,15.6,324.4,325.9,328.3,329.7,-69.49078855263157,30.0,0,0.02572368421052633,0.028999999999999915
vehicle_016_session_00195,vehicle_016,195,validation,131.4962734704067,36.4,330.8,332.0,333.8,336.1,-70.01710657894738,31.5,1,0.026157894736842123,0.028999999999999915
vehicle_016_session_00196,vehicle_016,196,validation,131.70626456456455,37.2,330.2,331.0,332.4,333.8,-49.9959996,34.026666666666664,1,0.01993333333333334,0.02300000000000013
vehicle_016_session_00197,vehicle_016,197,validation,133.6244330476442,56.0,342.4,344.5,348.0,351.9,-69.91184513157894,31.43421052631579,1,0.03348684210526316,0.03500000000000014
vehicle_016_session_00198,vehicle_016,198,validation,127.83744397660817,25.6,326.0,327.45,328.9,329.9,-37.49732373333333,28.0,0,0.014626666666666708,0.016000000000000014
vehicle_016_session_00199,vehicle_016,199,validation,130.6837950308642,25.6,327.4,328.55,329.6,330.5,-44.98421263157894,22.407894736842106,1,0.016815789473684235,0.018000000000000238
vehicle_016_session_00200,vehicle_016,200,validation,128.86914013993584,18.0,324.2,326.20000000000005,327.7,328.6,-44.568437500000016,21.0,0,0.017407894736842105,0.019999999999999574
vehicle_016_session_00201,vehicle_016,201,validation,131.4053747537879,74.4,358.8,360.6,364.20000000000005,368.6,-69.52631842105264,26.092105263157894,2,0.03503947368421051,0.038000000000000256
vehicle_016_session_00202,vehicle_016,202,validation,133.58797355744954,55.6,341.3,342.65,345.25,347.8,-44.84342907894739,27.0,0,0.025881578947368446,0.028000000000000025
vehicle_016_session_00203,vehicle_016,203,validation,131.2492909067086,55.2,341.6,344.0,347.9,351.8,-69.8526357894737,24.88157894736842,1,0.033657894736842095,0.03600000000000003
vehicle_016_session_00204,vehicle_016,204,validation,129.85397285787772,22.0,324.9,326.25,328.0,328.8,-37.66267293333333,27.546666666666667,1,0.014880000000000025,0.016999999999999904
vehicle_016_session_00205,vehicle_016,205,validation,130.06086387311677,38.4,328.9,330.75,332.7,334.1,-37.37500050394737,21.0,0,0.0165921052631579,0.020000000000000018
vehicle_016_session_00206,vehicle_016,206,validation,130.08078307581016,2.0,318.8,321.05,324.5,327.2,-73.92894184210526,20.355263157894736,1,0.03010526315789471,0.03200000000000003
vehicle_016_session_00207,vehicle_016,207,validation,130.4838922839506,27.2,328.3,329.79999999999995,331.3,332.8,-70.99333266666666,23.386666666666667,1,0.02532000000000004,0.027000000000000135
vehicle_016_session_00208,vehicle_016,208,validation,129.29196594948746,30.4,329.6,330.9,332.4,334.2,-70.069338,23.106666666666666,2,0.02496000000000001,0.027000000000000135
vehicle_016_session_00209,vehicle_016,209,validation,129.26397174397277,20.0,327.4,328.6,330.075,331.3,-69.5539527631579,23.026315789473685,2,0.0247105263157895,0.026000000000000245
vehicle_016_session_00210,vehicle_016,210,validation,131.93354690088387,43.6,331.0,332.54999999999995,334.7,336.6,-37.61315610526316,23.05263157894737,1,0.01919736842105264,0.02200000000000024
vehicle_016_session_00211,vehicle_016,211,validation,129.78086056750914,49.2,336.6,338.55,343.1,347.5,-74.96183881578948,26.36842105263158,2,0.03552631578947371,0.039000000000000146
vehicle_016_session_00212,vehicle_016,212,validation,132.45961136904765,45.6,334.6,336.20000000000005,339.6,344.3,-74.16667546666667,24.013333333333332,2,0.03337333333333334,0.038000000000000256
vehicle_016_session_00213,vehicle_016,213,validation,130.06761730410452,36.0,329.9,330.8,332.1,333.3,-44.91051736842105,22.736842105263158,1,0.01831578947368422,0.020999999999999908
vehicle_016_session_00214,vehicle_016,214,validation,131.08843882275136,55.6,341.1,344.95,348.70000000000005,352.8,-73.55921118421054,24.82894736842105,1,0.03450000000000001,0.037000000000000366
vehicle_016_session_00215,vehicle_016,215,validation,129.52149747920595,26.8,328.6,329.95,331.4,333.0,-70.27106236842106,23.736842105263158,1,0.024578947368421068,0.027000000000000135
vehicle_016_session_00216,vehicle_016,216,validation,130.81334375267096,45.6,333.6,335.0,337.45,341.0,-55.026318421052636,22.855263157894736,1,0.026684210526315772,0.03200000000000003
vehicle_016_session_00217,vehicle_016,217,validation,129.4006395909229,22.8,326.6,327.75,328.975,329.9,-52.10401,24.88,1,0.01942666666666669,0.020999999999999908
vehicle_016_session_00218,vehicle_016,218,validation,130.00107229058725,17.6,326.1,327.1,328.0,328.8,-45.10527315789474,24.0,0,0.017078947368421065,0.019000000000000128
vehicle_016_session_00219,vehicle_016,219,validation,131.37998052083336,53.6,339.1,340.9,344.1,347.1,-49.623694210526324,25.0,0,0.028184210526315805,0.03200000000000003
vehicle_016_session_00220,vehicle_016,220,validation,129.30190382145153,24.4,328.2,329.5,331.0,332.2,-69.44000093333334,21.706666666666667,2,0.023453333333333357,0.02400000000000002
vehicle_016_session_00221,vehicle_016,221,validation,129.43733822629972,10.4,322.8,324.5,327.29999999999995,329.2,-69.92630842105264,24.355263157894736,1,0.026657894736842113,0.028999999999999915
vehicle_016_session_00222,vehicle_016,222,validation,134.30481746399175,47.6,334.1,335.1,337.1,339.7,-40.12501013157895,27.0,0,0.023421052631578926,0.028000000000000025
vehicle_016_session_00223,vehicle_016,223,validation,132.3426507654672,62.4,347.8,349.65,353.0,357.1,-69.97631447368421,30.88157894736842,1,0.034815789473684244,0.03699999999999992
vehicle_016_session_00224,vehicle_016,224,validation,131.46601302460752,54.0,340.8,343.2,347.0,351.0,-70.24474868421053,25.75,1,0.03386842105263157,0.039000000000000146
vehicle_016_session_00225,vehicle_016,225,validation,129.4669067627584,28.8,327.1,328.85,329.9,331.0,-44.599992666666665,25.0,0,0.017066666666666674,0.018000000000000238
vehicle_016_session_00226,vehicle_016,226,validation,129.81307817946623,16.0,323.9,324.79999999999995,326.35,327.5,-40.203957763157895,27.07894736842105,1,0.01815789473684209,0.020000000000000018
vehicle_016_session_00227,vehicle_016,227,validation,131.34083234540347,63.2,348.8,350.75,354.1,358.0,-69.81184960526316,29.75,1,0.03501315789473685,0.03699999999999992
vehicle_016_session_00228,vehicle_016,228,validation,130.68549835349458,39.6,331.1,331.9,333.3,334.9,-44.996056710526325,28.473684210526315,1,0.019868421052631587,0.02200000000000024
vehicle_016_session_00229,vehicle_016,229,validation,132.57058566046098,51.6,337.1,338.25,341.0,343.6,-40.100010000000005,29.657894736842106,1,0.027342105263157904,0.029999999999999805
vehicle_016_session_00230,vehicle_016,230,validation,132.86499423536438,51.2,336.9,338.25,341.3,344.3,-45.005263684210526,28.342105263157894,1,0.02842105263157896,0.03100000000000014
vehicle_016_session_00231,vehicle_016,231,validation,128.8877885577631,16.0,323.9,325.4,327.2,328.5,-49.997372236842104,30.92105263157895,1,0.020381578947368386,0.02300000000000013
vehicle_016_session_00232,vehicle_016,232,validation,130.40712291322882,28.8,328.2,328.9,329.9375,331.1,-50.08800546666667,31.0,0,0.018666666666666696,0.020000000000000018
vehicle_016_session_00233,vehicle_016,233,validation,130.15994075806722,30.8,328.6,329.5,330.5,331.6,-49.22401240000001,28.8,1,0.01868,0.020000000000000018
vehicle_016_session_00234,vehicle_016,234,validation,129.56894740584937,56.4,343.3,345.6,349.3,353.2,-70.45131092105262,23.657894736842106,1,0.03469736842105262,0.03600000000000003
vehicle_016_session_00235,vehicle_016,235,validation,130.07645972752334,39.6,331.9,333.6,336.05,338.9,-69.68534333333334,23.14666666666667,2,0.02819999999999997,0.03299999999999992
vehicle_016_session_00236,vehicle_016,236,validation,130.04869730725625,38.8,331.7,333.25,335.4,338.3,-70.12369368421051,23.342105263157894,2,0.02752631578947368,0.029999999999999805
vehicle_016_session_00237,vehicle_016,237,validation,130.23928530663147,40.8,332.7,334.2,336.9,340.3,-74.18800999999999,21.28,2,0.03046666666666664,0.03500000000000014
vehicle_016_session_00238,vehicle_016,238,validation,129.90102343162908,14.8,324.6,326.05,328.5,329.9,-69.9842117105263,24.986842105263158,1,0.025842105263157895,0.028999999999999915
vehicle_016_session_00239,vehicle_016,239,validation,128.97589424957485,19.2,326.7,328.25,329.9,331.1,-70.70667733333332,24.69333333333333,1,0.024560000000000037,0.026000000000000245
vehicle_016_session_00240,vehicle_016,240,validation,131.16574319162916,68.0,353.0,354.79999999999995,358.25,362.2,-70.20134066666667,27.893333333333334,1,0.03613333333333332,0.038000000000000256
vehicle_016_session_00241,vehicle_016,241,validation,127.89772330684423,59.2,345.2,346.70000000000005,349.20000000000005,351.9,-49.85000131578947,25.736842105263158,1,0.028342105263157887,0.03000000000000025
vehicle_016_session_00242,vehicle_016,242,validation,130.7144154468795,36.0,331.0,332.0,333.70000000000005,336.0,-69.57237565789474,28.605263157894736,1,0.02665789473684212,0.028999999999999915
vehicle_016_session_00243,vehicle_016,243,validation,131.076247002924,44.4,333.6,335.1,338.0,342.2,-70.28422631578947,30.19736842105263,2,0.032052631578947346,0.037000000000000366
vehicle_016_session_00244,vehicle_016,244,validation,129.70279590736038,18.4,325.8,327.4,329.2,330.3,-70.05132065789473,29.605263157894736,1,0.0253026315789474,0.028999999999999915
vehicle_016_session_00245,vehicle_016,245,validation,133.18527279874212,66.8,349.7,352.0,354.3,356.9,-44.67500039473684,30.960526315789473,1,0.028197368421052648,0.03000000000000025
vehicle_016_session_00246,vehicle_016,246,validation,131.7690615226337,18.4,325.5,326.4,327.8,328.8,-45.096113246753255,26.948051948051948,1,0.018324675324675323,0.020999999999999908
vehicle_016_session_00247,vehicle_016,247,validation,131.92351055944965,46.4,336.1,337.45,339.6375,342.4,-45.10401,30.0,0,0.026813333333333318,0.03000000000000025
vehicle_016_session_00248,vehicle_016,248,validation,131.1718394082874,49.2,336.3,338.4,342.575,346.8,-69.98666786666668,27.533333333333335,1,0.03554666666666668,0.039000000000000146
vehicle_016_session_00249,vehicle_016,249,validation,129.66434843304845,12.4,322.7,323.70000000000005,325.7375,327.4,-44.82401440000002,20.0,0,0.01971999999999997,0.02200000000000024
vehicle_016_session_00250,vehicle_016,250,validation,129.57447439727466,60.4,348.5,348.85,350.8,353.2,-44.80002000000002,24.763157894736842,1,0.02717105263157894,0.028000000000000025
vehicle_016_session_00251,vehicle_016,251,validation,130.45836564814815,41.2,331.6,332.7,334.15,335.8,-40.04737802631579,22.43421052631579,1,0.01956578947368419,0.02200000000000024
vehicle_016_session_00252,vehicle_016,252,validation,129.8841278424776,33.2,329.9,331.35,333.1,335.0,-69.68290539473684,22.86842105263158,2,0.025921052631578973,0.028000000000000025
vehicle_016_session_00253,vehicle_016,253,validation,128.55695986689818,25.6,327.5,328.5,329.6,330.7,-49.75201520000002,24.213333333333335,1,0.018386666666666662,0.020000000000000018
vehicle_016_session_00254,vehicle_016,254,validation,129.71628881766384,30.8,327.7,328.9,330.0,330.8,-39.86533586666667,24.56,1,0.01616000000000004,0.018000000000000238
vehicle_016_session_00255,vehicle_016,255,validation,131.38029206187898,48.4,335.3,336.5,339.35,342.8,-50.102637894736844,26.394736842105264,1,0.02927631578947366,0.03399999999999981
vehicle_016_session_00256,vehicle_016,256,validation,130.5526501875,72.8,356.4,357.75,360.3,363.3,-50.0893392,29.0,0,0.03018666666666663,0.032999999999999474
vehicle_016_session_00257,vehicle_016,257,validation,129.6678773133947,22.4,327.7,328.9,330.375,331.6,-70.07600746666667,25.906666666666666,2,0.024266666666666693,0.0259999999999998
vehicle_016_session_00258,vehicle_016,258,validation,131.19655120287698,33.2,329.9,331.3,333.0,334.9,-70.8223775,25.605263157894736,1,0.02668421052631582,0.02900000000000036
vehicle_016_session_00259,vehicle_016,259,validation,132.09126019080367,48.8,336.3,338.25,342.575,347.1,-73.97600093333334,24.6,1,0.03613333333333335,0.040000000000000036
vehicle_016_session_00260,vehicle_016,260,validation,129.4692552217051,22.4,324.6,326.2125,327.8,328.8,-37.23999061733333,24.0,0,0.015080000000000015,0.017000000000000348
vehicle_016_session_00261,vehicle_016,261,validation,131.30780022018973,64.8,350.2,352.2,355.7,359.6,-69.81068239999999,27.626666666666665,1,0.03601333333333335,0.03799999999999981
vehicle_016_session_00262,vehicle_016,262,validation,129.45120843356247,20.0,326.6,328.1,329.7,331.0,-70.09600773333332,25.386666666666667,1,0.024533333333333365,0.027000000000000135
vehicle_016_session_00263,vehicle_016,263,validation,130.0576980769231,33.2,329.1,330.0,331.1,332.4,-45.07734106666667,25.88,1,0.018253333333333344,0.020000000000000018
vehicle_016_session_00264,vehicle_016,264,validation,133.33650459365617,59.2,344.7,347.2,349.3,351.8,-44.6276402631579,28.0,0,0.027960526315789463,0.03000000000000025
vehicle_016_session_00265,vehicle_016,265,validation,128.47657170314255,16.0,324.2,325.2,326.9,328.0,-45.019738815789474,27.0,0,0.019315789473684186,0.020999999999999908
vehicle_016_session_00266,vehicle_016,266,validation,132.03593601264507,60.4,346.4,348.4,351.85,355.7,-70.29068306666666,28.92,1,0.035773333333333324,0.037000000000000366
vehicle_016_session_00267,vehicle_016,267,validation,126.92272027391971,23.2,327.2,328.55,329.7,330.8,-50.09869447368421,25.61842105263158,1,0.018644736842105266,0.020000000000000018
vehicle_016_session_00268,vehicle_016,268,validation,128.10007943204366,27.6,327.7,328.85,329.9,331.0,-50.031580657894736,28.0,0,0.018750000000000017,0.02100000000000035
vehicle_016_session_00269,vehicle_016,269,validation,128.977546239891,34.4,330.3,331.4,333.0,335.2,-69.71185342105261,29.93421052631579,2,0.02689473684210528,0.02900000000000036
vehicle_016_session_00270,vehicle_016,270,validation,129.56797697545852,56.4,343.6,345.9,349.65,353.8,-74.30001157894735,27.92105263157895,1,0.03644736842105258,0.03799999999999981
vehicle_016_session_00271,vehicle_016,271,validation,127.87375654328477,56.8,343.5,345.75,349.35,353.3,-69.83816276315788,28.86842105263158,1,0.03500000000000001,0.037000000000000366
vehicle_016_session_00272,vehicle_016,272,validation,129.37085543981485,49.6,336.8,338.6,342.8,346.9,-69.12106263157894,29.67105263157895,1,0.03584210526315792,0.039000000000000146
vehicle_016_session_00273,vehicle_016,273,validation,127.28960176886794,24.4,326.7,327.9,329.0,329.9,-45.13685447368422,26.81578947368421,1,0.017092105263157912,0.018999999999999684
vehicle_016_session_00274,vehicle_016,274,validation,130.34846612871678,69.2,352.8,354.0,356.3,358.9,-44.00533386666667,26.946666666666665,1,0.02872000000000004,0.03000000000000025
vehicle_016_session_00275,vehicle_016,275,validation,128.93882414296743,47.2,335.3,336.9,340.5,344.9,-69.7210647368421,32.5,1,0.03453947368421053,0.038000000000000256
vehicle_016_session_00276,vehicle_016,276,validation,127.53691205646797,32.4,330.3,331.6,333.25,335.2,-69.87632026315788,26.473684210526315,1,0.026210526315789504,0.02900000000000036
vehicle_016_session_00277,vehicle_016,277,validation,127.64476501068374,58.4,343.8,345.1,347.6,350.2,-45.00131592105263,27.855263157894736,1,0.027842105263157862,0.02900000000000036
vehicle_016_session_00278,vehicle_016,278,validation,128.37993421052633,10.8,320.3,321.0,322.1,323.2,-22.5,28.0,0,0.013546666666666679,0.015000000000000124
vehicle_016_session_00279,vehicle_016,279,validation,128.58796296296296,42.8,331.6,332.1,333.2,334.2,-26.0,29.68421052631579,1,0.015934210526315794,0.018000000000000238
vehicle_016_session_00280,vehicle_016,280,validation,128.0092879458162,32.0,329.1,329.95,331.1,332.2,-45.200010000000006,27.0,0,0.018171052631578966,0.020000000000000018
vehicle_016_session_00281,vehicle_016,281,validation,128.40087831101192,8.0,321.4,323.25,326.0,328.3,-70.63685026315788,30.81578947368421,1,0.026828947368421025,0.028000000000000025
vehicle_016_session_00282,vehicle_016,282,validation,126.87777138888893,33.6,330.7,331.9,333.6,335.8,-70.23290421052633,24.93421052631579,2,0.02738157894736845,0.03000000000000025
vehicle_016_session_00283,vehicle_016,283,validation,128.58892733004387,36.8,330.2,331.05,332.4,333.9,-45.07500697368421,21.710526315789473,1,0.01944736842105264,0.02200000000000024
vehicle_016_session_00284,vehicle_016,284,validation,126.49863553307644,18.8,324.6,326.6,328.0,328.9,-44.68552776315789,22.513157894736842,1,0.017486842105263165,0.019999999999999574
vehicle_016_session_00285,vehicle_016,285,validation,128.4390516541281,40.0,332.7,334.1,336.4,339.4,-70.02800386666667,24.453333333333333,1,0.029319999999999985,0.03400000000000025
vehicle_016_session_00286,vehicle_016,286,validation,128.54844487799264,6.8,318.5,321.35,323.6,325.5,-49.74400986666667,26.6,1,0.02093333333333333,0.02300000000000013
vehicle_016_session_00287,vehicle_016,287,validation,130.09766845813206,42.4,331.9,332.8,334.6,336.6,-49.45866253333334,29.626666666666665,1,0.023319999999999997,0.0259999999999998
vehicle_016_session_00288,vehicle_016,288,validation,128.0571088917317,29.2,329.1,330.3,331.9,333.6,-70.48947263157896,27.81578947368421,1,0.02588157894736845,0.028000000000000025
vehicle_016_session_00289,vehicle_016,289,validation,127.40951192597949,28.4,328.5,329.29999999999995,330.5,331.6,-50.09079578947368,27.460526315789473,1,0.019223684210526337,0.02100000000000035
vehicle_016_session_00290,vehicle_016,290,validation,127.32037614889707,42.0,331.0,333.25,334.9,336.8,-39.44935200000002,17.4,1,0.021186666666666673,0.02400000000000002
vehicle_016_session_00291,vehicle_016,291,validation,127.36774454303837,28.4,329.2,330.7,332.29999999999995,333.8,-70.91065826666666,19.733333333333334,1,0.025866666666666694,0.028000000000000025
vehicle_016_session_00292,vehicle_016,292,validation,127.48992722362517,36.0,331.4,332.4,333.3,334.6,-45.20134346666668,23.16,1,0.019919999999999997,0.02200000000000024
vehicle_016_session_00293,vehicle_016,293,validation,127.3884922145563,35.2,331.3,332.6,334.6375,337.1,-74.0080044,24.573333333333334,1,0.02893333333333335,0.03200000000000003
vehicle_016_session_00294,vehicle_016,294,validation,126.75269229359569,40.4,332.8,334.4,336.9,340.2,-70.13334106666666,18.84,2,0.02986666666666662,0.03500000000000014
vehicle_016_session_00295,vehicle_016,295,validation,128.3887148430665,46.8,335.2,337.0,340.9,345.5,-70.36184671052634,23.42105263157895,1,0.036131578947368424,0.040000000000000036
vehicle_016_session_00296,vehicle_016,296,validation,126.34195102753557,29.2,329.4,330.75,332.29999999999995,334.1,-70.23685171052632,22.486842105263158,1,0.025526315789473685,0.028000000000000025
vehicle_016_session_00297,vehicle_016,297,validation,126.28489637385455,20.0,327.1,328.85,330.5,331.6,-69.87631342105264,20.644736842105264,1,0.024026315789473698,0.025000000000000355
vehicle_016_session_00298,vehicle_016,298,validation,125.99513283292484,29.6,329.4,330.6,332.2,333.9,-70.1131677631579,28.93421052631579,2,0.026184210526315845,0.028999999999999915
vehicle_016_session_00299,vehicle_016,299,validation,126.29997416173572,30.0,328.6,329.5,330.7,331.7,-50.3118585526316,32.05263157894737,1,0.01992105263157894,0.02200000000000024
vehicle_016_session_00300,vehicle_016,300,validation,125.52766053240742,38.0,331.1,332.1,333.55,335.3,-50.34533973333335,32.53333333333333,1,0.022613333333333346,0.02499999999999991
vehicle_016_session_00301,vehicle_016,301,validation,123.86402597959345,26.0,328.2,329.29999999999995,330.7,331.7,-49.90130592105263,13.986842105263158,0,0.018684210526315817,0.020000000000000018
vehicle_016_session_00302,vehicle_016,302,validation,124.23870500000002,21.6,325.5,328.25,329.6,330.5,-49.628005466666664,15.48,1,0.01817333333333335,0.020000000000000018
vehicle_016_session_00303,vehicle_016,303,validation,125.70552383633634,38.4,329.7,331.7,333.3,334.9,-44.67236855263158,21.0,0,0.021315789473684222,0.02400000000000002
vehicle_016_session_00304,vehicle_016,304,validation,124.99131590653155,23.6,327.1,328.0,329.1,330.0,-44.72895921052632,20.93421052631579,1,0.017592105263157916,0.019000000000000128
vehicle_016_session_00305,vehicle_016,305,validation,124.80159318030607,30.8,328.9,329.9,331.0,332.1,-40.12106263157895,16.11842105263158,1,0.016684210526315805,0.018000000000000238
vehicle_016_session_00306,vehicle_016,306,validation,126.55532050018772,38.4,331.9,333.55,335.65,338.5,-70.2466744,19.52,1,0.029013333333333335,0.03200000000000003
vehicle_016_session_00307,vehicle_016,307,validation,126.16332398362768,37.2,330.3,331.20000000000005,332.4375,333.8,-40.096009466666665,20.0,0,0.018586666666666703,0.02100000000000035
vehicle_016_session_00308,vehicle_016,308,validation,123.25920849389858,28.4,328.6,329.65,330.7,331.6,-39.758684533333344,17.2,1,0.01582666666666667,0.017000000000000348
vehicle_016_session_00309,vehicle_016,309,validation,122.8545385848446,20.4,327.7,329.2,330.8,332.1,-70.1546744,20.88,2,0.023973333333333388,0.025000000000000355
vehicle_016_session_00310,vehicle_016,310,validation,123.93829245745025,28.4,327.4,329.1,330.1,331.1,-44.522384078947375,26.0,0,0.017855263157894756,0.020000000000000018
vehicle_016_session_00311,vehicle_016,311,validation,126.35858434584397,45.2,334.7,336.35,339.7,344.4,-69.76448684210526,20.289473684210527,2,0.032947368421052635,0.037000000000000366
vehicle_016_session_00312,vehicle_016,312,validation,123.99912256944448,25.6,328.6,330.2,331.7,333.3,-70.15734333333333,20.906666666666666,2,0.024493333333333353,0.027000000000000135
vehicle_016_session_00313,vehicle_016,313,validation,126.13842459392657,50.4,338.5,340.35,344.775,348.8,-69.77333639999999,23.893333333333334,1,0.036680000000000004,0.040000000000000036
vehicle_016_session_00314,vehicle_016,314,validation,125.70095708883396,57.2,343.8,346.675,349.1,351.6,-44.46268346666668,18.16,1,0.027279999999999992,0.028999999999999915
vehicle_016_session_00315,vehicle_016,315,validation,125.07746962857746,44.8,334.9,336.85,340.3888888888889,344.9,-69.72001199999998,17.52,1,0.033320000000000016,0.037000000000000366
vehicle_016_session_00316,vehicle_016,316,validation,124.45059061766433,40.8,333.0,335.1,337.9,342.2,-75.35921171052631,19.526315789473685,1,0.032210526315789474,0.039000000000000146
vehicle_016_session_00317,vehicle_016,317,validation,123.5617485290751,24.8,328.8,330.1,331.6,333.2,-69.87895078947368,26.223684210526315,2,0.024421052631578975,0.027000000000000135
vehicle_016_session_00318,vehicle_016,318,validation,123.58019678300096,51.2,338.5,340.75,344.95,348.9,-70.16400893333333,28.813333333333333,1,0.03677333333333335,0.040000000000000036
vehicle_016_session_00319,vehicle_016,319,validation,122.69932409680891,30.4,330.8,331.7,333.3,335.2,-70.11867600000001,27.2,2,0.026253333333333354,0.028999999999999915
vehicle_016_session_00320,vehicle_016,320,validation,126.09045577956992,60.4,346.1,347.4,349.0,350.7,-29.684008666666664,31.333333333333332,-1,0.024586666666666625,0.0259999999999998
vehicle_016_session_00321,vehicle_016,321,validation,122.4085202655229,29.6,328.8,329.79999999999995,331.05,332.4,-49.959206447368416,24.039473684210527,1,0.019605263157894764,0.02100000000000035
vehicle_016_session_00322,vehicle_016,322,validation,123.25099652364423,64.0,349.7,351.1,353.6,356.4,-49.75868253333335,28.72,1,0.03076000000000003,0.03200000000000003
vehicle_016_session_00323,vehicle_016,323,validation,123.63439408342538,37.2,330.8,331.6,333.0,334.7,-49.21053736842106,28.986842105263158,1,0.022000000000000013,0.02400000000000002
vehicle_016_session_00324,vehicle_016,324,validation,122.75567049382718,25.6,328.8,329.95,331.4,333.0,-70.210678,29.72,1,0.025386666666666707,0.028000000000000025
vehicle_016_session_00325,vehicle_016,325,validation,124.95131880952383,55.6,342.8,344.95,348.70000000000005,352.5,-70.01447513157893,26.907894736842106,1,0.03621052631578949,0.039000000000000146
vehicle_016_session_00326,vehicle_016,326,validation,122.8263286050522,38.4,332.2,333.55,335.8,338.8,-70.77468306666667,28.386666666666667,1,0.02987999999999996,0.03400000000000025
vehicle_016_session_00327,vehicle_016,327,validation,125.29365046875004,49.6,337.8,340.4,345.6,350.3,-87.42800639999999,27.32,2,0.04168000000000001,0.04400000000000004
vehicle_016_session_00328,vehicle_016,328,validation,123.94299697078547,39.6,333.8,335.4,338.70000000000005,343.5,-89.82933906666666,22.453333333333333,2,0.03738666666666665,0.04300000000000015
vehicle_016_session_00329,vehicle_016,329,validation,121.781587975752,25.2,328.0,328.9,329.95,331.0,-45.19606263157896,19.42105263157895,1,0.017657894736842088,0.019000000000000128
vehicle_016_session_00330,vehicle_016,330,validation,125.14748796401518,53.6,340.2,342.54999999999995,346.8,350.8,-70.11579447368422,25.82894736842105,1,0.03717105263157892,0.040999999999999925
vehicle_016_session_00331,vehicle_016,331,validation,124.33911489583339,41.6,332.1,333.0,334.7,336.6,-45.200010000000006,26.736842105263158,1,0.022842105263157927,0.026000000000000245
vehicle_016_session_00332,vehicle_016,332,validation,125.20275259038804,47.2,335.7,337.25,341.05,345.5,-70.16316842105263,28.31578947368421,2,0.03647368421052633,0.040000000000000036
vehicle_016_session_00333,vehicle_016,333,validation,124.37880494681788,34.4,328.8,329.9,330.7,331.6,-30.951323947368422,28.0,0,0.015171052631578953,0.017000000000000348
vehicle_016_session_00334,vehicle_016,334,validation,122.33655490277775,48.4,336.6,338.0,340.3,343.3,-45.10395736842106,28.0,0,0.030144736842105252,0.03300000000000036
vehicle_016_session_00335,vehicle_016,335,validation,122.81322772671568,30.0,330.0,331.20000000000005,332.75,334.7,-70.11711513157896,24.44736842105263,1,0.026342105263157927,0.028999999999999915
vehicle_016_session_00336,vehicle_016,336,validation,123.99129071869491,47.2,333.9,335.9,338.3,341.4,-44.72499749999999,24.723684210526315,1,0.0284473684210526,0.03400000000000025
vehicle_016_session_00337,vehicle_016,337,validation,122.84965494237589,41.6,330.7,332.29999999999995,334.2,335.8,-37.73199986666666,26.0,0,0.020653333333333333,0.02300000000000013
vehicle_016_session_00338,vehicle_016,338,validation,124.54637338113275,66.8,351.4,353.0,355.7375,358.6,-48.5613392,20.973333333333333,1,0.031146666666666694,0.03200000000000003
vehicle_016_session_00339,vehicle_016,339,validation,123.14906625393081,34.0,329.7,330.7,332.1,333.5,-49.89604802631579,25.276315789473685,1,0.021000000000000036,0.02400000000000002
vehicle_016_session_00340,vehicle_016,340,validation,120.35512282135072,77.6,359.4,361.15,363.9,366.4,-37.6,25.0,0,0.029986666666666696,0.03200000000000003
vehicle_016_session_00341,vehicle_016,341,validation,123.27462888579267,34.8,331.0,332.45,334.4,336.9,-69.56267266666667,24.826666666666668,2,0.0278,0.03100000000000014
vehicle_016_session_00342,vehicle_016,342,validation,124.08203079691734,64.8,351.0,353.25,356.8,360.8,-70.13947986842106,24.894736842105264,1,0.03771052631578944,0.03999999999999959
vehicle_016_session_00343,vehicle_016,343,validation,122.50537351567576,29.2,329.7,331.1,332.7,334.6,-70.2815877631579,24.736842105263158,1,0.0263026315789474,0.028999999999999915
vehicle_016_session_00344,vehicle_016,344,validation,123.15831093326561,32.0,330.7,331.7,333.6,335.7,-70.01733706666667,26.6,1,0.027386666666666722,0.029999999999999805
vehicle_016_session_00345,vehicle_016,345,validation,123.2766832609954,40.0,331.6,332.7,334.2,336.0,-45.0434252631579,27.894736842105264,1,0.022421052631578956,0.025000000000000355
vehicle_016_session_00346,vehicle_016,346,validation,124.28321711495829,12.4,323.9,325.25,327.8,329.6,-70.13421960526317,32.0,0,0.026855263157894754,0.02900000000000036
vehicle_016_session_00347,vehicle_016,347,validation,124.83429100783478,4.0,320.0,321.7,324.6,327.1,-69.90533559999999,31.986666666666668,0,0.02775999999999998,0.03100000000000014
vehicle_016_session_00348,vehicle_016,348,validation,124.98483746498603,50.0,337.4,339.25,343.70000000000005,347.8,-70.11974539473685,32.28947368421053,1,0.03813157894736841,0.04200000000000026
vehicle_016_session_00349,vehicle_016,349,validation,122.28377277421653,41.2,333.5,334.95,337.75,341.6,-70.01866853333333,20.533333333333335,1,0.031573333333333335,0.0389999999999997
vehicle_016_session_00350,vehicle_016,350,validation,124.22405513775972,48.4,336.6,338.8,343.3,347.7,-70.1829047368421,22.342105263157894,1,0.038934210526315766,0.04300000000000015
vehicle_016_session_00351,vehicle_016,351,validation,123.14567939157199,27.2,329.2,330.5,332.15,333.8,-70.44736421052633,20.355263157894736,1,0.02617105263157897,0.028999999999999915
vehicle_016_session_00352,vehicle_016,352,validation,123.7302019336686,51.6,339.4,341.95000000000005,346.35,350.3,-70.11843013157896,20.026315789473685,2,0.03893421052631576,0.04300000000000015
vehicle_016_session_00353,vehicle_016,353,validation,122.89483915418228,26.4,328.2,329.1,330.0,331.0,-45.048004666666664,22.0,0,0.018120000000000018,0.020000000000000018
vehicle_016_session_00354,vehicle_016,354,validation,122.33716511529558,35.6,329.4,330.0,330.8,331.7,-25.899989999999995,21.0,0,0.014333333333333335,0.016000000000000014
vehicle_016_session_00355,vehicle_016,355,validation,120.86027753051346,33.6,331.7,333.55,336.0444444444445,339.4,-89.648004,22.426666666666666,2,0.03442666666666663,0.039000000000000146
vehicle_016_session_00356,vehicle_016,356,validation,124.47831190551346,44.8,334.2,336.20000000000005,339.4,344.1,-70.22237776315788,24.68421052631579,1,0.03542105263157893,0.040999999999999925
vehicle_016_session_00357,vehicle_016,357,validation,123.54293990855957,9.2,322.8,324.7125,327.5,329.4,-69.9333304,24.4,1,0.026840000000000006,0.028999999999999915
vehicle_016_session_00358,vehicle_016,358,validation,124.73201301136368,53.6,340.3,342.6,346.70000000000005,350.8,-70.01184657894737,29.026315789473685,2,0.03861842105263157,0.04300000000000015
vehicle_016_session_00359,vehicle_016,359,validation,123.95391462191361,36.4,331.4,332.75,334.79999999999995,337.4,-70.49333266666666,27.6,1,0.029306666666666648,0.03200000000000003
vehicle_016_session_00360,vehicle_016,360,validation,124.42363517172696,46.0,335.2,336.70000000000005,340.1,344.7,-69.8266744,27.773333333333333,1,0.03709333333333334,0.04200000000000026
vehicle_016_session_00361,vehicle_016,361,validation,123.72074903039831,34.0,330.7,332.0,333.8,336.0,-70.10527263157896,28.263157894736842,2,0.028131578947368455,0.03100000000000014
vehicle_016_session_00362,vehicle_016,362,validation,123.33398883903133,19.6,327.1,328.5,329.9,331.1,-69.56133946666667,28.293333333333333,1,0.024466666666666696,0.026000000000000245
vehicle_016_session_00363,vehicle_016,363,validation,124.13355938492066,55.6,341.6,343.25,346.0,348.5,-45.11067666666667,24.373333333333335,1,0.029253333333333333,0.03299999999999992
vehicle_016_session_00364,vehicle_016,364,validation,124.86849616907718,49.2,337.1,339.0,343.6,347.8,-70.11053618421053,28.592105263157894,1,0.036921052631578966,0.040000000000000036
vehicle_016_session_00365,vehicle_016,365,validation,123.28709654947919,14.4,325.2,326.5,328.70000000000005,330.0,-70.39078276315789,30.44736842105263,1,0.02663157894736841,0.03000000000000025
vehicle_016_session_00366,vehicle_016,366,validation,124.23901191747017,49.2,335.5,338.75,343.25,347.4,-69.65200653333333,29.653333333333332,1,0.03698666666666668,0.040999999999999925
vehicle_016_session_00367,vehicle_016,367,validation,122.28640177242193,33.2,330.5,331.7,333.5,335.7,-70.31185855263156,30.263157894736842,2,0.027473684210526345,0.029999999999999805
vehicle_016_session_00368,vehicle_016,368,validation,124.74093473557694,76.8,360.7,362.45,366.20000000000005,370.8,-69.58421815789472,30.526315789473685,1,0.039355263157894706,0.04100000000000037
vehicle_016_session_00369,vehicle_016,369,validation,122.91365267065603,19.2,327.2,328.55,329.9,331.3,-71.08290263157896,31.30263157894737,1,0.025171052631578972,0.028000000000000025
vehicle_016_session_00370,vehicle_016,370,validation,122.66682234402272,21.2,327.8,329.15,330.7,332.1,-70.2960196,28.16,2,0.024426666666666666,0.026000000000000245
vehicle_016_session_00371,vehicle_016,371,validation,124.41995713637631,18.0,324.1,326.05,327.6,328.6,-44.78801,30.0,0,0.019439999999999992,0.02300000000000013
vehicle_016_session_00372,vehicle_016,372,validation,123.2205996416489,35.2,331.1,332.29999999999995,334.2,336.6,-70.03866986666668,32.48,1,0.02853333333333333,0.03100000000000014
vehicle_016_session_00373,vehicle_016,373,validation,124.31965584887115,10.0,322.4,324.0,326.775,328.8,-70.02533786666667,33.986666666666665,0,0.027053333333333304,0.028999999999999915
vehicle_016_session_00374,vehicle_016,374,validation,123.723128640233,64.8,352.7,353.5,356.6,360.5,-70.12623622950821,24.24590163934426,1,0.037360655737704924,0.0389999999999997
vehicle_016_session_00375,vehicle_016,375,validation,122.08737746700432,25.2,328.8,330.25,331.7,333.3,-69.58421894736841,22.960526315789473,2,0.02490789473684214,0.027000000000000135
vehicle_016_session_00376,vehicle_016,376,validation,122.71553675766286,4.8,320.3,322.2,325.0,327.7,-70.18689606557376,26.524590163934427,1,0.02773770491803276,0.03100000000000014
vehicle_016_session_00377,vehicle_016,377,validation,123.08517497723133,28.4,331.3,331.6,332.5,334.1,-70.20656901639344,28.16393442622951,1,0.025934426229508215,0.028000000000000025
vehicle_016_session_00378,vehicle_016,378,validation,123.88947842668486,52.8,342.1,342.7,346.0,349.7,-70.19345344262294,31.311475409836067,1,0.0362950819672131,0.038000000000000256
vehicle_016_session_00379,vehicle_016,379,validation,130.75438514433557,77.2,362.2,363.0,366.3,370.7,-70.23771885245901,32.98360655737705,1,0.039049180327868936,0.04099999999999948
vehicle_016_session_00380,vehicle_016,380,validation,126.51345717592592,54.0,346.6,347.8,350.8,355.7,-69.5573806557377,26.852459016393443,2,0.02539344262295084,0.028000000000000025
vehicle_016_session_00381,vehicle_016,381,validation,121.3632955233135,25.6,328.9,330.0,331.6,333.0,-70.01803459016394,23.83606557377049,2,0.025245901639344263,0.028000000000000025
vehicle_016_session_00382,vehicle_016,382,validation,120.21821776212832,26.4,330.7,331.0,332.1,333.5,-70.3082142622951,27.491803278688526,1,0.02542622950819674,0.028000000000000025
vehicle_016_session_00383,vehicle_016,383,validation,123.42517201206145,55.2,344.7,345.5,348.6,352.4,-70.31968622950819,31.295081967213115,1,0.03606557377049179,0.038000000000000256
vehicle_016_session_00384,vehicle_016,384,validation,121.82957384884884,42.8,333.6,334.95,337.75,341.9,-70.94209947368421,28.63157894736842,1,0.033105263157894714,0.040000000000000036
vehicle_016_session_00385,vehicle_016,385,validation,120.19048134920635,33.6,332.4,332.7,334.1,336.1,-70.01475557377049,31.34426229508197,1,0.027524590163934444,0.02900000000000036
vehicle_016_session_00386,vehicle_016,386,validation,123.8650232204861,61.6,349.6,350.3,353.5,357.2,-70.0311506557377,34.36065573770492,1,0.03716393442622951,0.039000000000000146
vehicle_016_session_00387,vehicle_016,387,validation,121.1844312307099,34.0,331.9,332.4,333.9,336.1,-70.17705918032786,31.672131147540984,1,0.02780327868852455,0.03000000000000025
vehicle_016_session_00388,vehicle_016,388,validation,123.4945589781746,62.8,351.0,351.6,354.7,358.6,-70.17705901639343,34.31147540983606,1,0.037163934426229533,0.038000000000000256
vehicle_016_session_00389,vehicle_016,389,validation,122.53788089225586,40.0,333.8,334.2,336.3,339.4,-70.9836049180328,31.24590163934426,1,0.03081967213114751,0.03500000000000014
vehicle_016_session_00390,vehicle_016,390,validation,124.67828922526036,66.8,353.6,354.6,357.5,361.6,-71.05902229508197,33.459016393442624,1,0.038491803278688494,0.04000000000000048
vehicle_016_session_00391,vehicle_016,391,validation,123.7384363425926,54.8,342.1,344.3,347.8,351.8,-69.94590573770492,38.0,0,0.037278688524590146,0.04100000000000037
vehicle_016_session_00392,vehicle_016,392,validation,124.34831810897435,43.6,334.7,335.0,336.3,338.2,-45.200010000000006,38.65573770491803,1,0.02349180327868849,0.026000000000000245
vehicle_016_session_00393,vehicle_016,393,validation,121.00191515456991,31.6,331.3,331.6,332.8,334.6,-65.08853098360657,33.65573770491803,1,0.02570491803278691,0.028000000000000025
vehicle_016_session_00394,vehicle_016,394,validation,123.53679264322913,56.8,345.2,345.8,348.8,352.4,-65.05574262295082,36.47540983606557,1,0.03550819672131146,0.03699999999999992
vehicle_016_session_00395,vehicle_016,395,validation,122.03050900764896,58.4,345.0,346.9,350.5,354.4,-70.09181114754098,30.868852459016395,1,0.037327868852459,0.040000000000000036
vehicle_016_session_00396,vehicle_016,396,validation,121.28516824894515,40.0,334.6,334.9,336.8,339.6,-70.03770868852459,37.78688524590164,1,0.03057377049180326,0.03600000000000003
vehicle_016_session_00397,vehicle_016,397,validation,125.87789670138888,72.0,357.5,358.5,361.6,365.7,-70.03279016393444,40.0,0,0.03855737704918033,0.040000000000000036
vehicle_016_session_00398,vehicle_016,398,validation,121.59817027777778,50.4,339.7,340.7,344.1,348.0,-70.21968409836064,37.950819672131146,1,0.037557377049180336,0.040000000000000036
vehicle_016_session_00399,vehicle_016,399,validation,124.78190196397573,72.0,358.2,358.9,362.2,366.6,-70.03442967213115,36.0,0,0.039016393442622935,0.04100000000000037
vehicle_016_session_00400,vehicle_016,400,validation,123.48611073717952,20.8,327.5,328.8,330.0,331.4,-70.7819693442623,36.26229508196721,1,0.025524590163934418,0.027000000000000135
vehicle_016_session_00401,vehicle_016,401,validation,121.40580867165242,47.2,338.3,338.9,341.9,346.0,-71.01147655737705,39.39344262295082,1,0.03673770491803282,0.040000000000000036
vehicle_016_session_00402,vehicle_016,402,validation,123.53612562500003,21.2,327.5,328.8,330.0,331.4,-70.52295737704918,36.14754098360656,1,0.025360655737704935,0.027000000000000135
vehicle_016_session_00403,vehicle_016,403,validation,120.96637079420977,41.2,335.2,335.7,337.5,340.8,-70.67378049180326,38.442622950819676,1,0.031803278688524575,0.037000000000000366
vehicle_016_session_00404,vehicle_016,404,validation,126.56840007062152,70.0,356.1,356.9,360.2,364.3,-70.70000999999998,40.40983606557377,1,0.038409836065573716,0.04099999999999948
vehicle_016_session_00405,vehicle_016,405,validation,122.78250783880475,30.4,331.4,331.7,332.8,334.6,-69.88851803278689,37.49180327868852,1,0.02698360655737706,0.03000000000000025
vehicle_016_session_00406,vehicle_016,406,validation,123.06461080917876,57.2,345.8,346.6,349.7,353.5,-69.84590786885245,40.19672131147541,1,0.03704918032786879,0.039000000000000146
vehicle_016_session_00407,vehicle_016,407,validation,121.02432155257937,36.0,331.6,331.7,332.8,334.2,-50.58197540983607,38.0,0,0.022426229508196727,0.02499999999999991
vehicle_016_session_00408,vehicle_016,408,validation,123.50881851438491,58.4,345.5,346.0,348.3,351.0,-50.54918524590165,39.0,0,0.03140983606557375,0.03299999999999992
vehicle_016_session_00409,vehicle_016,409,validation,122.55992878540302,56.0,343.5,343.9,346.3,349.1,-50.550824754098365,39.0,0,0.032000000000000015,0.03400000000000025
vehicle_016_session_00410,vehicle_016,410,validation,121.41011233281894,14.0,324.4,325.8,328.3,329.7,-69.92131409836064,36.950819672131146,1,0.027278688524590172,0.03000000000000025
vehicle_016_session_00411,vehicle_016,411,validation,121.7827600538972,35.6,333.2,333.5,334.7,336.9,-69.93606950819672,38.77049180327869,1,0.028393442622950807,0.03100000000000014
vehicle_016_session_00412,vehicle_016,412,validation,125.74852028769844,62.8,350.2,351.0,353.9,357.8,-69.94754491803278,41.0,0,0.03765573770491807,0.039000000000000146
vehicle_016_session_00413,vehicle_016,413,validation,121.42578222656253,52.0,341.4,342.2,345.5,349.6,-69.96065573770491,38.0655737704918,1,0.03727868852459016,0.039000000000000146
vehicle_016_session_00414,vehicle_016,414,validation,127.55973763888889,77.6,362.5,363.3,366.8,371.0,-69.92623442622951,39.0,0,0.03952459016393449,0.041999999999999815
vehicle_016_session_00415,vehicle_016,415,validation,124.0092680555555,62.4,348.6,350.0,353.0,356.8,-64.94918442622952,39.0,0,0.03655737704918033,0.038000000000000256
vehicle_016_session_00416,vehicle_016,416,validation,119.74088007973246,44.8,335.8,336.1,338.2,341.4,-59.47541704918034,36.91803278688525,1,0.030918032786885232,0.03699999999999992
vehicle_016_session_00417,vehicle_016,417,validation,122.87261131143161,66.4,352.2,353.0,355.3,358.6,-56.62131836065574,38.0,0,0.03431147540983611,0.03600000000000003
vehicle_016_session_00418,vehicle_016,418,validation,119.39237798394097,40.4,334.2,334.6,336.3,338.9,-64.73607573770492,39.459016393442624,1,0.029262295081967194,0.03300000000000036
vehicle_016_session_00419,vehicle_016,419,validation,124.61268109434864,66.0,352.4,353.2,356.0,359.6,-64.70656459016395,41.24590163934426,1,0.03655737704918035,0.038000000000000256
vehicle_016_session_00420,vehicle_016,420,validation,122.22872677951389,20.0,328.5,328.9,329.9,331.1,-69.96557032786885,38.0,0,0.025803278688524587,0.028000000000000025
vehicle_016_session_00421,vehicle_016,421,validation,119.65639972014924,45.6,337.2,337.7,340.2,344.3,-69.96720983606556,40.50819672131148,1,0.035639344262295085,0.040000000000000036
vehicle_016_session_00422,vehicle_016,422,validation,126.12164564732147,72.4,357.8,358.6,361.9,366.1,-69.97868639344263,42.0,0,0.03931147540983606,0.04100000000000037
vehicle_016_session_00423,vehicle_016,423,validation,124.0833434027778,50.8,338.8,340.5,344.1,348.3,-70.09181016393444,32.442622950819676,1,0.03781967213114754,0.040000000000000036
vehicle_016_session_00424,vehicle_016,424,validation,126.24937582070707,75.2,360.3,361.1,364.6,368.6,-70.05738229508195,34.0,0,0.03954098360655739,0.04100000000000037
vehicle_016_session_00425,vehicle_016,425,validation,121.99678428208138,20.8,327.4,328.8,330.2,331.6,-70.10984590163935,32.9344262295082,1,0.02513114754098361,0.02699999999999969
vehicle_016_session_00426,vehicle_016,426,validation,120.97830442708336,49.6,340.2,340.8,344.3,348.2,-70.02459262295082,36.39344262295082,1,0.03783606557377051,0.040000000000000036
vehicle_016_session_00427,vehicle_016,427,validation,121.59300464527027,43.6,335.8,336.3,338.5,342.4,-70.06393901639343,34.442622950819676,1,0.033836065573770446,0.040000000000000036
vehicle_016_session_00428,vehicle_016,428,validation,122.50974924045133,67.6,353.2,354.6,358.2,362.4,-70.90326967213115,34.0,0,0.039098360655737706,0.04100000000000037
vehicle_016_session_00429,vehicle_016,429,validation,123.50150540674606,58.0,345.2,347.1,350.3,354.3,-70.30001934426228,33.47540983606557,1,0.037639344262295094,0.039000000000000146
vehicle_016_session_00430,vehicle_016,430,validation,120.85439023822082,24.0,328.2,329.4,330.8,332.2,-69.89672409836065,33.60655737704918,1,0.02527868852459019,0.027000000000000135
vehicle_016_session_00431,vehicle_016,431,validation,122.04095715890527,55.6,344.7,345.5,348.6,352.4,-69.90327950819672,37.0,0,0.0372622950819672,0.039000000000000146
vehicle_016_session_00432,vehicle_016,432,validation,120.03854123858449,37.6,333.6,333.9,335.7,338.2,-70.11804081967213,33.60655737704918,1,0.029360655737704897,0.03299999999999992
vehicle_016_session_00433,vehicle_016,433,validation,123.76489092813048,66.8,353.6,354.4,357.5,361.4,-70.08197213114754,36.39344262295082,1,0.03818032786885241,0.040000000000000036
vehicle_016_session_00434,vehicle_016,434,validation,121.6986374559083,18.4,326.6,327.8,329.6,330.8,-69.8672155737705,33.967213114754095,1,0.02596721311475411,0.03000000000000025
vehicle_016_session_00435,vehicle_016,435,validation,121.32303843390808,43.6,336.1,336.6,338.8,342.5,-69.88852721311474,36.80327868852459,1,0.033852459016393416,0.039000000000000146
vehicle_016_session_00436,vehicle_016,436,validation,124.38657921810702,67.2,353.6,354.4,357.5,361.6,-69.86885442622952,38.19672131147541,1,0.0387213114754098,0.040999999999999925
vehicle_016_session_00437,vehicle_016,437,validation,120.47385808823532,34.0,332.2,332.5,333.9,336.0,-69.88852459016393,37.049180327868854,1,0.028131147540983618,0.03100000000000014
vehicle_016_session_00438,vehicle_016,438,validation,123.42071258960569,69.6,356.1,357.1,360.2,364.4,-70.09344983606559,35.0,0,0.039393442622950775,0.041999999999999815
vehicle_016_session_00439,vehicle_016,439,validation,122.0375173148148,58.4,347.4,348.2,351.3,355.3,-70.15246901639343,35.0,0,0.0382295081967213,0.040000000000000036
vehicle_016_session_00440,vehicle_016,440,validation,123.45084967948719,64.0,349.9,351.4,354.9,358.8,-70.40655459016394,35.0,0,0.03811475409836068,0.040000000000000036
vehicle_016_session_00441,vehicle_016,441,validation,120.46481546296297,30.8,331.6,331.9,333.2,334.9,-69.94426065573771,34.32786885245902,1,0.027327868852459043,0.029999999999999805
vehicle_016_session_00442,vehicle_016,442,validation,123.22321775793651,60.8,349.3,350.0,353.2,356.9,-69.94262229508197,37.67213114754098,1,0.03790163934426231,0.039000000000000146
vehicle_016_session_00443,vehicle_016,443,validation,124.6331633624552,62.0,349.9,350.5,353.8,357.7,-70.40490852459017,34.83606557377049,1,0.03868852459016395,0.040000000000000036
vehicle_016_session_00444,vehicle_016,444,validation,123.09430860424298,44.8,334.4,335.8,338.6,343.0,-69.7114868852459,32.950819672131146,2,0.03560655737704914,0.04200000000000026
vehicle_016_session_00445,vehicle_016,445,validation,120.3429044270834,33.6,332.2,332.5,333.9,336.0,-70.74099770491803,36.540983606557376,1,0.028590163934426233,0.03100000000000014
vehicle_016_session_00446,vehicle_016,446,validation,123.50186453227126,65.6,352.7,353.5,356.6,360.5,-70.74755573770491,39.63934426229508,1,0.03877049180327869,0.040000000000000036
vehicle_016_session_00447,vehicle_016,447,validation,120.765030751634,35.6,331.1,332.2,334.2,336.8,-69.99672098360655,34.557377049180324,1,0.029016393442622995,0.03200000000000003
vehicle_016_session_00448,vehicle_016,448,validation,123.8381314988426,69.6,356.3,357.1,360.2,364.3,-69.9774170967742,37.0,0,0.03935483870967735,0.041999999999999815
vehicle_016_session_00449,vehicle_016,449,validation,121.70738809722222,13.2,325.2,325.7,326.7,327.8,-45.100010000000005,33.0,0,0.019721311475409804,0.021999999999999797
vehicle_016_session_00450,vehicle_016,450,validation,121.04672502240142,30.4,331.1,331.3,332.7,334.4,-70.1262395081967,32.49180327868852,1,0.026967213114754144,0.02900000000000036
vehicle_016_session_00451,vehicle_016,451,validation,122.74150752314819,55.6,344.4,345.2,348.3,352.2,-70.2459162295082,35.540983606557376,1,0.037918032786885235,0.040000000000000036
vehicle_016_session_00452,vehicle_016,452,validation,120.06711217043319,43.2,335.2,335.5,337.2,339.7,-55.1377149180328,33.0,0,0.028081967213114734,0.03400000000000025
vehicle_016_session_00453,vehicle_016,453,validation,121.31058484848487,49.2,336.4,337.8,341.1,344.7,-54.90162950819671,34.0,0,0.03491803278688525,0.038000000000000256
vehicle_016_session_00454,vehicle_016,454,validation,124.00853173076923,71.2,356.8,357.4,359.9,363.0,-54.908187540983604,35.0,0,0.03457377049180327,0.03700000000000081
vehicle_016_session_00455,vehicle_016,455,validation,127.15683506944451,76.8,361.0,361.6,363.9,367.1,-49.80002000000002,32.0,0,0.03367213114754103,0.03500000000000014
vehicle_016_session_00456,vehicle_016,456,validation,120.63207947530867,28.8,330.8,331.1,332.4,333.8,-70.0262331147541,35.721311475409834,1,0.02691803278688526,0.028999999999999915
vehicle_016_session_00457,vehicle_016,457,validation,123.01131569220429,56.4,345.0,346.0,349.1,352.8,-69.96229491803278,38.59016393442623,1,0.037836065573770464,0.039000000000000146
vehicle_016_session_00458,vehicle_016,458,validation,122.42713187500001,66.0,350.8,352.2,354.7,357.5,-49.80329770491805,32.114754098360656,1,0.032606557377049226,0.03400000000000025
vehicle_016_session_00459,vehicle_016,459,validation,121.6151181607744,20.0,328.8,328.9,330.0,331.1,-70.04754573770491,39.377049180327866,1,0.025000000000000005,0.026000000000000245
vehicle_016_session_00460,vehicle_016,460,validation,125.36825865610328,46.4,336.9,337.4,339.7,343.6,-70.04426672131147,42.26229508196721,1,0.034491803278688525,0.040000000000000036
vehicle_016_session_00461,vehicle_016,461,validation,124.03494607843139,19.2,328.5,328.8,329.9,331.1,-70.22952114754098,33.01639344262295,1,0.02549180327868855,0.028000000000000025
vehicle_016_session_00462,vehicle_016,462,validation,122.49022453703705,46.8,338.0,338.6,341.4,345.5,-70.18033786885245,36.36065573770492,1,0.0366393442622951,0.040000000000000036
vehicle_016_session_00463,vehicle_016,463,validation,122.92189288194446,47.2,336.4,336.8,338.8,341.8,-50.5688593442623,33.63934426229508,1,0.030754098360655707,0.03600000000000003
vehicle_016_session_00464,vehicle_016,464,validation,124.64326974400869,71.6,356.4,356.9,359.1,362.1,-50.586893934426236,35.0,0,0.033327868852458996,0.03500000000000014
vehicle_016_session_00465,vehicle_016,465,validation,120.38059472222226,54.8,342.8,343.3,345.8,348.6,-49.82132508196723,34.52459016393443,1,0.03262295081967214,0.03500000000000014
vehicle_016_session_00466,vehicle_016,466,validation,124.87710437500002,74.8,359.1,359.6,361.9,364.9,-49.832797049180336,35.0,0,0.03393442622950817,0.036000000000000476
vehicle_016_session_00467,vehicle_016,467,validation,123.66574324074078,51.6,340.5,341.4,345.2,349.3,-69.94590196721312,35.114754098360656,1,0.03942622950819672,0.04200000000000026
vehicle_016_session_00468,vehicle_016,468,validation,122.56250422008544,42.4,334.9,335.3,337.4,341.0,-69.9524606557377,35.59016393442623,1,0.03291803278688521,0.040000000000000036
vehicle_016_session_00469,vehicle_016,469,validation,124.60666997612843,68.8,354.9,355.7,358.9,363.0,-69.94918163934427,37.295081967213115,1,0.039491803278688495,0.041999999999999815
vehicle_016_session_00470,vehicle_016,470,validation,121.22007219827584,34.8,332.1,332.2,333.3,334.7,-55.02623213114754,36.0,0,0.023688524590163948,0.026000000000000245
vehicle_016_session_00471,vehicle_016,471,validation,126.48571774839745,76.8,361.4,361.9,364.6,367.8,-55.052464098360666,39.0,0,0.03572131147540991,0.038000000000000256
vehicle_016_session_00472,vehicle_016,472,validation,121.74024201907133,5.6,321.6,322.7,325.2,327.7,-69.90654803278689,34.0,0,0.028344262295081902,0.03000000000000025
vehicle_016_session_00473,vehicle_016,473,validation,122.32051127344873,32.4,332.2,332.5,333.8,335.5,-69.9163850819672,36.01639344262295,2,0.02788524590163938,0.03000000000000025
vehicle_016_session_00474,vehicle_016,474,validation,124.47474796075836,63.2,350.8,351.6,354.7,358.6,-69.92130360655737,39.0,0,0.03857377049180331,0.040000000000000036
vehicle_016_session_00475,vehicle_016,475,validation,121.59363063672437,36.4,331.4,332.5,334.6,337.2,-70.24591114754098,33.032786885245905,2,0.029393442622950836,0.03200000000000003
vehicle_016_session_00476,vehicle_016,476,validation,122.82223750000003,67.2,354.4,355.2,358.2,362.2,-70.18525590163935,36.0,0,0.0391639344262295,0.04100000000000037
vehicle_016_session_00477,vehicle_016,477,validation,121.73144685806236,34.0,330.7,331.6,333.5,335.7,-70.44917590163935,35.377049180327866,1,0.028540983606557414,0.03100000000000014
vehicle_016_session_00478,vehicle_016,478,validation,124.34027216880344,66.8,353.6,354.4,357.5,361.6,-70.47048885245901,38.0,0,0.039360655737704905,0.04200000000000026
vehicle_016_session_00479,vehicle_016,479,validation,121.6116108490566,20.8,328.3,328.5,329.2,330.0,-49.899989999999995,35.0,0,0.019344262295081998,0.02100000000000035
vehicle_016_session_00480,vehicle_016,480,validation,118.82347222222226,48.0,337.7,338.3,340.7,344.1,-55.614764098360666,34.80327868852459,1,0.03395081967213113,0.037000000000000366
vehicle_016_session_00481,vehicle_016,481,validation,123.6618277777778,68.8,354.6,355.2,357.5,360.8,-55.634436229508204,36.0,0,0.03496721311475411,0.03600000000000003
vehicle_016_session_00482,vehicle_016,482,validation,120.56877967796095,30.8,329.2,330.2,331.4,332.8,-54.68853459016394,34.0,0,0.022311475409836107,0.025000000000000355
vehicle_016_session_00483,vehicle_016,483,validation,122.15280024509809,67.2,353.5,353.9,356.4,359.4,-54.700010000000006,37.0,0,0.03429508196721314,0.03600000000000003
vehicle_016_session_00484,vehicle_016,484,validation,123.0616661900872,67.2,353.3,353.9,356.1,358.9,-49.91146655737705,37.0,0,0.033278688524590185,0.0349999999999997
vehicle_016_session_00485,vehicle_016,485,validation,123.05625360576917,69.6,355.5,356.1,358.6,361.9,-55.71804459016394,33.0,0,0.03509836065573769,0.03699999999999992
vehicle_016_session_00486,vehicle_016,486,validation,122.51462395833337,62.8,349.9,350.5,353.0,356.0,-54.777066885245915,35.0,0,0.03418032786885248,0.03500000000000014
vehicle_016_session_00487,vehicle_016,487,validation,122.14343429487182,49.6,339.7,340.5,344.1,348.2,-70.03115081967213,33.19672131147541,1,0.03888524590163936,0.040999999999999925
vehicle_016_session_00488,vehicle_016,488,validation,121.28617635995371,40.8,334.7,335.2,337.1,340.3,-69.87049590163934,35.14754098360656,2,0.031885245901639325,0.03699999999999992
vehicle_016_session_00489,vehicle_016,489,validation,124.00324335488506,69.6,356.3,357.1,360.2,364.3,-69.84098770491804,37.0,0,0.039262295081967234,0.04100000000000037
vehicle_016_session_00490,vehicle_016,490,validation,120.36101745624048,38.0,333.8,334.2,335.8,338.5,-69.91639360655736,36.80327868852459,1,0.030459016393442572,0.03299999999999992
vehicle_016_session_00491,vehicle_016,491,validation,125.34193202683612,67.6,354.1,354.9,358.0,362.1,-69.87049393442622,39.0,0,0.039442622950819635,0.04100000000000037
vehicle_016_session_00492,vehicle_016,492,validation,123.02819991582491,60.0,348.2,348.9,352.1,356.0,-70.85574098360657,38.49180327868852,1,0.03870491803278691,0.04100000000000037
vehicle_016_session_00493,vehicle_016,493,validation,121.17200528381643,20.0,327.7,328.8,330.0,331.4,-70.03770901639345,32.442622950819676,1,0.025409836065573826,0.027000000000000135
vehicle_016_session_00494,vehicle_016,494,validation,121.78379976851855,48.0,338.8,339.4,342.7,346.8,-69.9655755737705,35.721311475409834,1,0.03806557377049185,0.04100000000000037
vehicle_016_session_00495,vehicle_016,495,validation,119.45618440428377,28.8,331.0,331.1,332.4,333.9,-69.32460213114754,32.49180327868852,1,0.026704918032786885,0.03000000000000025
vehicle_016_session_00496,vehicle_016,496,validation,122.00472640931373,62.0,350.0,350.8,353.8,357.7,-69.27378721311476,36.0,0,0.038426229508196755,0.040000000000000036
vehicle_016_session_00497,vehicle_016,497,validation,124.10266966230934,74.8,359.6,360.3,363.0,366.3,-55.50491852459017,35.0,0,0.035967213114754024,0.03799999999999937
vehicle_016_session_00498,vehicle_016,498,validation,120.81138960375814,26.4,329.6,330.2,331.4,333.0,-69.62951721311475,29.59016393442623,1,0.02532786885245903,0.028000000000000025
vehicle_016_session_00499,vehicle_016,499,validation,120.74232728324915,53.6,343.3,344.3,347.4,351.3,-69.53934819672132,32.98360655737705,1,0.036770491803278675,0.039000000000000146
vehicle_016_session_00500,vehicle_016,500,validation,125.42266451149423,71.2,357.7,358.5,361.8,365.8,-70.07705426229506,35.0,0,0.03847540983606559,0.040000000000000036
vehicle_016_session_00501,vehicle_016,501,validation,121.60864107686456,39.6,334.2,334.7,336.6,339.7,-70.99672098360655,29.491803278688526,1,0.030770491803278635,0.03600000000000003
vehicle_016_session_00502,vehicle_016,502,validation,120.90363562383287,14.8,324.7,326.6,328.2,329.2,-59.553335999999994,37.0,0,0.023093333333333323,0.02699999999999969
vehicle_016_session_00503,vehicle_016,503,validation,119.8998693136071,31.2,330.0,331.1,332.5,334.6,-70.09508934426229,36.377049180327866,1,0.027229508196721326,0.03000000000000025
vehicle_016_session_00504,vehicle_016,504,validation,122.70280641103054,58.8,347.1,347.8,351.0,354.9,-70.08525229508199,39.0,0,0.03716393442622948,0.039000000000000146
vehicle_016_session_00505,vehicle_016,505,validation,121.72455462962965,19.2,326.6,327.8,329.6,330.8,-69.19017393442624,36.114754098360656,1,0.02575409836065577,0.02900000000000036
vehicle_016_session_00506,vehicle_016,506,validation,121.92373237976787,43.2,335.7,336.1,338.2,341.6,-69.19181327868853,38.77049180327869,1,0.032278688524590156,0.038000000000000256
vehicle_016_session_00507,vehicle_016,507,validation,125.2903751795978,70.4,356.0,356.8,359.9,363.9,-69.20000999999999,40.98360655737705,0,0.03819672131147539,0.040000000000000036
vehicle_016_session_00508,vehicle_016,508,validation,123.36612034853255,26.8,329.4,330.2,331.4,333.0,-70.21804655737705,39.65573770491803,1,0.02581967213114753,0.028000000000000025
vehicle_016_session_00509,vehicle_016,509,validation,121.69020042735042,48.4,338.6,339.3,342.4,346.6,-70.30165885245901,42.459016393442624,1,0.036918032786885276,0.040000000000000036
vehicle_016_session_00510,vehicle_016,510,validation,123.6403155193237,19.2,328.6,328.8,329.9,331.1,-70.19837065573769,38.31147540983606,1,0.025327868852459016,0.027000000000000135
vehicle_016_session_00511,vehicle_016,511,validation,124.58445348324516,47.2,337.7,338.2,340.8,344.7,-70.20000999999999,41.540983606557376,1,0.035065573770491805,0.040000000000000036
vehicle_016_session_00512,vehicle_016,512,validation,123.21618728127734,42.8,333.2,334.29999999999995,336.4,339.6,-59.988160789473675,38.0,0,0.029249999999999957,0.03300000000000036
vehicle_016_session_00513,vehicle_016,513,validation,120.92758735670195,34.8,332.5,332.8,334.2,336.3,-69.88361016393443,41.78688524590164,1,0.028557377049180356,0.03100000000000014
vehicle_016_session_00514,vehicle_016,514,validation,123.03600479264475,60.0,348.0,348.6,351.8,355.7,-69.8885313114754,44.0,0,0.03739344262295081,0.039000000000000146
vehicle_016_session_00515,vehicle_016,515,validation,123.89768906494527,59.2,346.9,347.8,351.0,354.9,-69.96557032786886,41.0,0,0.03801639344262296,0.040000000000000036
vehicle_016_session_00516,vehicle_016,516,validation,122.71539963107635,58.8,345.5,347.4,351.0,354.9,-71.04590557377048,37.0,0,0.03790163934426228,0.040000000000000036
vehicle_016_session_00517,vehicle_016,517,validation,119.78160376409022,48.0,338.9,339.7,343.0,347.1,-70.0081975409836,33.40983606557377,1,0.03708196721311477,0.040000000000000036
vehicle_016_session_00518,vehicle_016,518,validation,123.66854073183755,75.6,361.6,362.4,365.7,369.9,-70.02459262295082,35.01639344262295,1,0.03921311475409835,0.04100000000000037
vehicle_016_session_00519,vehicle_016,519,validation,121.16503919956142,42.0,335.3,335.8,337.8,341.4,-70.18361655737706,34.22950819672131,1,0.032311475409836046,0.0389999999999997
vehicle_016_session_00520,vehicle_016,520,validation,119.7453784722222,34.4,331.0,331.9,333.6,336.0,-70.47868836065574,36.16393442622951,1,0.028377049180327858,0.03100000000000014
vehicle_016_session_00521,vehicle_016,521,validation,122.98716469734664,56.0,344.9,345.7,348.8,352.7,-70.60000950819672,38.08196721311475,1,0.037721311475409816,0.039000000000000146
vehicle_016_session_00522,vehicle_016,522,validation,122.46860835537919,71.2,357.7,358.5,361.8,366.0,-70.21968409836064,38.0,0,0.03919672131147544,0.04100000000000037
vehicle_016_session_00523,vehicle_016,523,validation,121.73787835451974,52.8,339.7,341.9,346.1,350.0,-69.87213475409837,35.0,0,0.03819672131147538,0.04200000000000026
vehicle_016_session_00524,vehicle_016,524,validation,124.85182322668648,72.8,358.5,359.3,362.4,366.6,-69.86885918032787,36.442622950819676,1,0.03827868852459009,0.040000000000000036
vehicle_016_session_00525,vehicle_016,525,validation,122.29461111111115,52.4,341.8,342.5,346.0,349.9,-69.8491875409836,35.91803278688525,1,0.037803278688524566,0.040000000000000036
vehicle_016_session_00526,vehicle_016,526,validation,121.40404046474362,23.6,329.6,329.7,330.8,332.2,-70.6016475409836,35.0,0,0.02544262295081968,0.028000000000000025
vehicle_016_session_00527,vehicle_016,527,validation,122.13792195767192,54.8,344.1,344.9,348.2,352.1,-70.72624245901638,38.65573770491803,1,0.03701639344262293,0.039000000000000146
vehicle_016_session_00528,vehicle_016,528,validation,122.19381186868688,40.8,334.2,334.7,336.8,339.9,-70.38032770491803,38.09836065573771,1,0.03145901639344259,0.03600000000000003
vehicle_016_session_00529,vehicle_016,529,validation,124.18575792824076,67.6,354.1,355.0,358.0,362.1,-70.40819213114754,40.0,0,0.03824590163934426,0.040000000000000036
vehicle_016_session_00530,vehicle_016,530,validation,122.68657421227196,18.4,327.8,328.3,329.7,330.8,-70.0311506557377,38.540983606557376,1,0.025737704918032806,0.028000000000000025
vehicle_016_session_00531,vehicle_016,531,validation,121.31736098560911,45.2,336.9,337.4,339.9,343.8,-70.05246426229508,41.442622950819676,1,0.03406557377049182,0.039000000000000146
vehicle_016_session_00532,vehicle_016,532,validation,121.84598543739632,32.8,331.9,332.2,333.5,335.3,-69.98688639344262,38.68852459016394,1,0.027836065573770483,0.03100000000000014
vehicle_016_session_00533,vehicle_016,533,validation,124.69155266203705,60.0,347.8,348.6,351.8,355.5,-69.9606562295082,41.0,0,0.03718032786885245,0.039000000000000146
vehicle_016_session_00534,vehicle_016,534,validation,122.78400192212307,24.0,328.0,329.2,330.7,332.1,-70.66722295081966,36.31147540983606,1,0.025836065573770516,0.028000000000000025
vehicle_016_session_00535,vehicle_016,535,validation,121.97875940576651,46.8,337.5,338.2,341.1,345.2,-70.80329770491802,39.24590163934426,1,0.03636065573770493,0.040000000000000036
vehicle_016_session_00536,vehicle_016,536,validation,123.96754233047388,56.8,345.3,346.3,349.6,353.6,-70.10164786885245,42.80327868852459,1,0.03763934426229506,0.040000000000000036
vehicle_016_session_00537,vehicle_016,537,validation,123.22367714424955,66.8,352.7,353.3,355.8,358.9,-54.97540737704917,42.0,0,0.03372131147540986,0.03500000000000014
vehicle_016_session_00538,vehicle_016,538,validation,121.39423076923075,48.4,337.1,337.5,339.4,342.2,-45.0,37.78688524590164,1,0.029819672131147546,0.03400000000000025
vehicle_016_session_00539,vehicle_016,539,validation,124.17146404914533,57.6,346.3,347.1,350.2,354.1,-70.40163016393441,36.98360655737705,1,0.0378852459016393,0.039000000000000146
vehicle_016_session_00540,vehicle_016,540,validation,119.74703190504333,22.8,326.0,326.4,327.1,327.5,-19.108006933333332,33.0,0,0.01077333333333329,0.01200000000000001
vehicle_016_session_00541,vehicle_016,541,validation,122.63249339387467,52.0,338.9,340.8,345.2,349.4,-70.07377754098361,32.83606557377049,1,0.039163934426229494,0.042999999999999705
vehicle_016_session_00542,vehicle_016,542,validation,121.16379262452108,52.0,340.5,341.1,343.9,347.2,-55.0081975409836,40.0,0,0.03429508196721314,0.03600000000000003
vehicle_016_session_00543,vehicle_016,543,validation,123.39604560530678,53.6,343.8,344.7,347.8,351.8,-70.0360680327869,40.67213114754098,1,0.03762295081967211,0.040000000000000036
vehicle_016_session_00544,vehicle_016,544,validation,124.70229976851847,75.6,359.6,361.4,365.0,369.4,-70.04098868852459,35.85245901639344,1,0.03924590163934433,0.04100000000000037
vehicle_016_session_00545,vehicle_016,545,validation,124.69778870884771,59.6,347.1,347.7,349.9,352.7,-50.50327901639345,39.0,0,0.03203278688524586,0.03299999999999992
vehicle_016_session_00546,vehicle_016,546,validation,123.78793820730456,66.4,352.5,353.2,355.5,358.6,-55.0081975409836,39.0,0,0.0340819672131148,0.03600000000000003
vehicle_016_session_00547,vehicle_016,547,validation,122.43751944444445,54.0,342.2,343.3,347.1,351.0,-70.60656573770491,38.0,0,0.039049180327868846,0.04300000000000015
vehicle_016_session_00548,vehicle_016,548,validation,121.55421465909093,42.0,333.2,333.5,334.7,336.3,-39.83115819672133,41.0,0,0.022475409836065604,0.02400000000000002
vehicle_016_session_00549,vehicle_016,549,validation,122.19937385724336,41.6,334.9,335.3,337.4,340.3,-69.86229770491803,39.557377049180324,1,0.0313934426229508,0.03600000000000003
vehicle_016_session_00550,vehicle_016,550,validation,122.51411968315972,18.4,326.7,327.8,329.4,330.7,-70.1623037704918,39.0,0,0.026672131147540995,0.03200000000000003
vehicle_016_session_00551,vehicle_016,551,validation,120.98602165032683,44.4,336.3,336.8,339.1,343.0,-70.1000081967213,41.721311475409834,1,0.03409836065573771,0.040000000000000036
vehicle_016_session_00552,vehicle_016,552,validation,123.46988546358862,58.4,346.8,347.7,350.8,354.9,-70.01639508196722,41.0,0,0.03837704918032786,0.040000000000000036
vehicle_016_session_00553,vehicle_016,553,validation,121.36287413194445,42.8,334.6,334.9,336.1,338.0,-45.100010000000005,37.49180327868852,1,0.023901639344262253,0.027000000000000135
vehicle_016_session_00554,vehicle_016,554,validation,121.61018491285405,39.6,331.6,332.2,333.6,335.5,-45.12132147540984,40.278688524590166,1,0.022672131147540985,0.025000000000000355
vehicle_016_session_00555,vehicle_016,555,validation,121.68796685185187,46.0,337.2,337.8,340.3,344.4,-69.89508459016392,41.24590163934426,1,0.03577049180327868,0.040000000000000036
vehicle_016_session_00556,vehicle_016,556,validation,128.24948598008393,76.4,361.3,362.1,365.5,369.7,-69.89508327868853,43.0,0,0.039590163934426305,0.04100000000000037
vehicle_016_session_00557,vehicle_016,557,validation,122.05713423742137,26.0,328.6,329.9,331.3,332.8,-70.08689180327869,33.868852459016395,1,0.025655737704918052,0.028000000000000025
vehicle_016_session_00558,vehicle_016,558,validation,122.37740346364883,47.6,338.3,338.8,341.9,346.1,-69.98688540983606,36.59016393442623,1,0.037065573770491834,0.040000000000000036
vehicle_016_session_00559,vehicle_016,559,validation,120.54240746001686,44.4,336.3,336.8,339.3,343.2,-69.88688639344261,35.67213114754098,1,0.03460655737704916,0.040000000000000036
vehicle_016_session_00560,vehicle_016,560,validation,124.6605037477954,70.8,357.1,357.8,361.0,365.2,-69.83115360655738,37.78688524590164,1,0.03872131147540983,0.04000000000000048
vehicle_016_session_00561,vehicle_016,561,validation,124.0572978587963,66.0,353.5,354.3,357.4,361.4,-69.95410131147543,33.85245901639344,1,0.0385901639344262,0.040000000000000036
vehicle_016_session_00562,vehicle_016,562,validation,121.08321487932606,26.4,328.9,329.9,331.4,333.0,-70.0081975409836,37.21311475409836,1,0.026131147540983612,0.028999999999999915
vehicle_016_session_00563,vehicle_016,563,validation,121.38887828947371,51.2,341.0,341.8,345.2,349.1,-69.91802459016394,40.0655737704918,1,0.03822950819672132,0.040000000000000036
vehicle_016_session_00564,vehicle_016,564,validation,121.73909156746028,37.2,331.3,332.5,334.6,337.1,-70.50327901639345,37.21311475409836,1,0.029803278688524584,0.03299999999999992
vehicle_016_session_00565,vehicle_016,565,validation,123.04268789202511,65.2,352.2,353.2,356.1,360.2,-70.5541037704918,39.08196721311475,1,0.038868852459016355,0.040000000000000036
vehicle_016_session_00566,vehicle_016,566,validation,122.48737484848483,11.6,322.2,323.5,325.9,328.0,-59.90526157894736,39.0,0,0.025315789473684198,0.027000000000000135
vehicle_016_session_00567,vehicle_016,567,validation,121.8451721928795,42.8,335.2,335.7,337.7,341.1,-69.97868950819672,41.18032786885246,1,0.03286885245901634,0.039000000000000146
vehicle_016_session_00568,vehicle_016,568,validation,122.31526678240748,58.4,346.6,347.4,350.5,354.4,-70.85246327868852,40.0,0,0.03850819672131146,0.040000000000000036
vehicle_016_session_00569,vehicle_016,569,validation,124.50834958333334,58.0,344.7,345.2,347.2,349.6,-44.01147868852459,42.0,0,0.029770491803278665,0.03100000000000014
vehicle_016_session_00570,vehicle_016,570,validation,121.96204805555558,12.4,325.8,326.3,328.0,329.4,-70.05574327868852,39.0,0,0.027065573770491836,0.03000000000000025
vehicle_016_session_00571,vehicle_016,571,validation,122.3040756448412,42.4,335.5,336.0,337.8,341.1,-70.05246426229508,40.73770491803279,1,0.031721311475409804,0.03699999999999992
vehicle_016_session_00572,vehicle_016,572,validation,126.93925358796298,70.4,356.4,357.2,360.3,364.4,-70.06558032786884,42.9344262295082,1,0.0386885245901639,0.040000000000000036
vehicle_016_session_00573,vehicle_016,573,validation,121.27802692495123,48.4,337.2,337.7,339.9,343.2,-50.02623213114754,41.09836065573771,1,0.03226229508196721,0.03600000000000003
vehicle_016_session_00574,vehicle_016,574,validation,123.40400828460044,71.2,356.3,356.9,359.1,362.1,-50.02951114754099,42.0,0,0.032885245901639326,0.034000000000000696
vehicle_016_session_00575,vehicle_016,575,validation,119.14218436819168,44.0,334.7,335.0,336.8,339.1,-49.7229631147541,34.0,0,0.026688524590163885,0.03100000000000014
vehicle_016_session_00576,vehicle_016,576,validation,123.64913226608188,45.2,334.6,335.6,338.2,341.9,-59.853336266666666,39.0,0,0.032359999999999986,0.039000000000000146
vehicle_016_session_00577,vehicle_016,577,validation,123.34145300925927,60.0,346.8,348.3,351.6,355.5,-69.20000999999999,40.0,0,0.03765573770491804,0.039000000000000146
vehicle_016_session_00578,vehicle_016,578,validation,121.76405848311548,30.4,330.3,330.5,331.4,332.5,-50.23116065573772,38.50819672131148,1,0.0208688524590164,0.02300000000000013
vehicle_016_session_00579,vehicle_016,579,validation,121.38223958333336,51.2,339.4,340.0,342.5,345.7,-50.216405081967224,40.49180327868852,1,0.03350819672131147,0.03500000000000014
vehicle_016_session_00580,vehicle_016,580,validation,124.99197141617061,72.0,357.1,357.5,359.9,362.7,-50.240997704918044,41.0,0,0.032967213114754056,0.034000000000000696
vehicle_016_session_00581,vehicle_016,581,validation,123.40726950044805,53.2,338.9,340.6,344.2125,347.7,-58.16800399999999,40.84,1,0.03708000000000002,0.04200000000000026
vehicle_016_session_00582,vehicle_016,582,validation,120.70962309272302,34.0,332.5,332.8,334.2,336.3,-70.50163950819672,43.59016393442623,1,0.028459016393442633,0.03100000000000014
vehicle_016_session_00583,vehicle_016,583,validation,122.95644147625447,62.4,350.0,350.8,353.6,357.5,-67.32951934426232,46.459016393442624,1,0.03713114754098363,0.038000000000000256
vehicle_016_session_00584,vehicle_016,584,validation,124.7215759469697,64.4,349.9,350.5,352.7,355.5,-49.86885180327868,43.0,0,0.032393442622950824,0.03300000000000036
vehicle_016_session_00585,vehicle_016,585,validation,122.65850805733616,6.4,321.6,322.5,324.9,327.4,-70.26231213114754,42.0,0,0.028278688524590166,0.03000000000000025
vehicle_016_session_00586,vehicle_016,586,validation,123.69851145833336,38.0,333.6,333.9,335.3,337.7,-70.29182245901639,43.721311475409834,1,0.029081967213114724,0.03200000000000003
vehicle_016_session_00587,vehicle_016,587,validation,125.64124635976701,62.0,349.1,349.9,352.8,356.4,-67.0,46.0,0,0.03675409836065576,0.038000000000000256
vehicle_016_session_00588,vehicle_016,588,validation,124.89027930555555,75.2,359.6,360.2,362.5,365.5,-50.0,40.0,0,0.03340983606557376,0.03500000000000014
vehicle_016_session_00589,vehicle_016,589,validation,122.25050421626985,18.4,327.4,328.0,329.4,330.7,-70.05574262295082,41.39344262295082,0,0.02716393442622953,0.03200000000000003
vehicle_016_session_00590,vehicle_016,590,validation,122.14138909618578,46.8,337.5,338.0,340.8,344.9,-69.97869147540983,43.967213114754095,1,0.03654098360655737,0.040999999999999925
vehicle_016_session_00591,vehicle_016,591,validation,127.68126548611113,74.0,358.9,359.7,362.8,366.8,-66.76886081967214,45.0,0,0.038704918032786875,0.040000000000000036
vehicle_016_session_00592,vehicle_016,592,validation,120.8992023467433,28.0,329.4,330.2,331.6,333.3,-70.15082967213117,41.0,0,0.026934426229508215,0.028999999999999915
vehicle_016_session_00593,vehicle_016,593,validation,122.83290718694884,51.6,340.7,341.4,344.9,348.9,-70.09017295081968,43.18032786885246,1,0.03873770491803278,0.04100000000000037
vehicle_016_session_00594,vehicle_016,594,validation,126.66200046741454,76.8,362.1,362.8,366.1,370.5,-70.07049885245902,44.0,0,0.040163934426229585,0.041999999999999815
vehicle_016_session_00595,vehicle_016,595,validation,121.36890046296303,45.2,336.8,337.4,339.9,343.8,-69.90656229508197,38.0,2,0.03562295081967211,0.040000000000000036
vehicle_016_session_00596,vehicle_016,596,validation,123.24379440789468,71.6,357.8,358.6,361.8,366.0,-69.92459081967212,40.0,0,0.0390983606557377,0.04100000000000037
vehicle_016_session_00597,vehicle_016,597,validation,126.90341786616163,75.6,361.0,361.8,365.0,369.4,-69.96721688524589,42.36065573770492,1,0.03995081967213113,0.04100000000000037
vehicle_016_session_00598,vehicle_016,598,validation,122.46211994949495,54.0,343.3,344.1,347.5,351.4,-70.0065580327869,39.63934426229508,1,0.039049180327868846,0.04100000000000037
vehicle_016_session_00599,vehicle_016,599,validation,122.18511208731785,36.4,331.6,332.6,334.6,337.1,-70.03289736842106,41.0,0,0.030197368421052608,0.03299999999999992
vehicle_016_session_00600,vehicle_016,600,validation,125.47022851930323,74.0,359.4,360.2,363.6,368.0,-70.01475918032787,40.80327868852459,1,0.04026229508196726,0.04299999999999926
vehicle_016_session_00601,vehicle_016,601,validation,123.86274311868692,62.4,348.2,349.20000000000005,351.6,354.1,-45.309227763157914,39.51315789473684,-1,0.03144736842105262,0.03299999999999992
vehicle_016_session_00602,vehicle_016,602,validation,123.05359841536168,38.0,331.0,331.7,333.2,334.7,-45.015790789473684,38.0,0,0.022289473684210553,0.02400000000000002
vehicle_016_session_00603,vehicle_016,603,validation,122.1653404451138,17.6,328.2,328.5,329.7,330.8,-71.58361475409836,38.08196721311475,1,0.026147540983606575,0.028000000000000025
vehicle_016_session_00604,vehicle_016,604,validation,123.263456795007,50.8,340.7,341.4,344.7,348.9,-71.5459062295082,41.90163934426229,1,0.03867213114754098,0.04100000000000037
vehicle_016_session_00605,vehicle_016,605,validation,121.4715073578042,20.8,327.1,328.075,329.275,330.5,-59.954665600000006,37.906666666666666,1,0.022880000000000025,0.026000000000000245
vehicle_016_session_00606,vehicle_016,606,validation,121.72469492009134,47.6,337.8,338.5,341.3,345.7,-69.9245924590164,39.85245901639344,1,0.037622950819672145,0.04100000000000037
vehicle_016_session_00607,vehicle_016,607,validation,123.31813346219931,46.4,334.7,336.05,338.85,342.8,-60.09605921052632,39.276315789473685,1,0.034039473684210515,0.040000000000000036
vehicle_016_session_00608,vehicle_016,608,validation,122.49049305555562,67.2,353.0,353.6,355.8,358.5,-49.700010000000006,40.0,0,0.03281967213114759,0.0349999999999997
vehicle_016_session_00609,vehicle_016,609,validation,124.9306206795635,69.6,354.6,356.0,358.85,362.5,-60.18422105263158,37.0,0,0.03668421052631574,0.038000000000000256
vehicle_016_session_00610,vehicle_016,610,validation,121.16658991702747,27.6,330.8,331.1,332.1,333.5,-69.54262540983606,44.57377049180328,1,0.026967213114754172,0.028999999999999915
vehicle_016_session_00611,vehicle_016,611,validation,123.56839417735044,58.8,347.1,347.8,350.8,354.6,-68.10001000000001,47.885245901639344,1,0.03777049180327869,0.039000000000000146
vehicle_016_session_00612,vehicle_016,612,validation,120.98698197298326,32.8,332.1,332.4,333.6,335.5,-70.01475557377049,43.80327868852459,1,0.028885245901639343,0.03100000000000014
vehicle_016_session_00613,vehicle_016,613,validation,124.9366326609348,62.4,349.9,350.5,353.5,357.2,-66.83771295081968,46.01639344262295,0,0.03798360655737708,0.039000000000000146
vehicle_016_session_00614,vehicle_016,614,validation,123.60379312865498,59.2,347.7,348.5,351.8,355.7,-70.44753573770492,39.0,0,0.038754098360655735,0.040000000000000036
vehicle_016_session_00615,vehicle_016,615,validation,122.81695584045583,49.2,338.6,339.3,342.7,347.1,-70.01639508196722,38.885245901639344,1,0.03918032786885249,0.04300000000000015
vehicle_016_session_00616,vehicle_016,616,validation,119.77249595771144,35.2,332.1,332.5,334.2,336.6,-70.11476295081968,42.278688524590166,1,0.029639344262295073,0.03200000000000003
vehicle_016_session_00617,vehicle_016,617,validation,122.88662800480772,74.4,360.2,361.0,364.3,368.5,-69.86229852459016,43.0,0,0.0406885245901639,0.0420000000000007
vehicle_016_session_00618,vehicle_016,618,validation,122.13920958116323,33.2,330.5,331.6,333.2,335.3,-69.97868639344262,37.0,2,0.028393442622950852,0.03100000000000014
vehicle_016_session_00619,vehicle_016,619,validation,122.76945601851857,59.2,347.7,348.5,351.6,355.5,-69.84754672131147,39.81967213114754,1,0.03831147540983604,0.040000000000000036
vehicle_016_session_00620,vehicle_016,620,validation,120.80973161502847,40.8,334.1,334.7,336.8,339.9,-69.95245426229509,38.704918032786885,1,0.032475409836065575,0.037000000000000366
vehicle_016_session_00621,vehicle_016,621,validation,123.04399237962966,14.4,324.7,325.7,328.0,329.7,-69.88688114754099,42.967213114754095,1,0.02836065573770489,0.03100000000000014
vehicle_016_session_00622,vehicle_016,622,validation,120.09311382850241,44.4,336.4,336.9,339.1,342.7,-66.65902639344263,45.47540983606557,1,0.03372131147540979,0.039000000000000146
vehicle_016_session_00623,vehicle_016,623,validation,122.35982127882595,26.0,328.6,329.7,331.1,332.7,-70.20328967213115,39.77049180327869,1,0.02642622950819675,0.028999999999999915
vehicle_016_session_00624,vehicle_016,624,validation,122.18451766117971,47.6,337.8,338.5,341.3,345.7,-70.21476557377048,42.31147540983606,1,0.03760655737704919,0.04200000000000026
vehicle_016_session_00625,vehicle_016,625,validation,120.91176150793649,29.6,327.7,328.2,328.70000000000005,329.2,-22.31185855263157,38.63157894736842,-1,0.012539473684210553,0.014000000000000234
vehicle_016_session_00626,vehicle_016,626,validation,122.76040854917416,46.4,337.1,337.5,340.3,344.7,-69.94917524590164,41.85245901639344,1,0.03770491803278687,0.04200000000000026
vehicle_016_session_00627,vehicle_016,627,validation,127.29494254454934,76.4,361.6,362.4,365.7,369.9,-69.97704688524591,43.295081967213115,1,0.04108196721311477,0.04300000000000015
vehicle_016_session_00628,vehicle_016,628,validation,124.23072127670945,45.6,335.0,336.35,339.5,343.9,-69.9092072368421,38.73684210526316,1,0.03717105263157894,0.04200000000000026
vehicle_016_session_00629,vehicle_016,629,validation,122.25694835069443,54.4,341.1,343.1,346.4,349.9,-59.91184223684209,43.0,0,0.037394736842105224,0.04400000000000004
vehicle_016_session_00630,vehicle_016,630,validation,122.27162125651047,35.2,332.4,332.8,334.2,336.4,-71.7541137704918,39.14754098360656,1,0.02995081967213116,0.03200000000000003
vehicle_016_session_00631,vehicle_016,631,validation,123.11254758029519,61.2,348.9,349.7,352.8,356.9,-71.79673901639343,42.0,0,0.03939344262295086,0.04100000000000037
vehicle_016_session_00632,vehicle_016,632,validation,121.80225004756473,39.6,334.1,334.6,336.3,339.3,-70.74591622950818,39.60655737704918,1,0.03157377049180325,0.03600000000000003
vehicle_016_session_00633,vehicle_016,633,validation,124.30186315724214,69.2,355.7,356.4,359.7,363.8,-70.75083475409835,42.0,0,0.03957377049180325,0.04100000000000037
vehicle_016_session_00634,vehicle_016,634,validation,121.92307905982906,50.8,340.2,341.0,344.4,348.5,-70.00819754098362,41.22950819672131,1,0.039393442622950844,0.04200000000000026
vehicle_016_session_00635,vehicle_016,635,validation,127.33541270833334,77.2,362.1,363.0,366.1,370.5,-70.00983704918032,42.52459016393443,1,0.04083606557377047,0.041999999999999815
vehicle_016_session_00636,vehicle_016,636,validation,120.53846356757875,28.4,329.9,330.5,331.9,333.6,-70.10000704918033,35.377049180327866,1,0.02722950819672134,0.03000000000000025
vehicle_016_session_00637,vehicle_016,637,validation,122.2353820496633,55.6,344.7,345.5,348.8,352.7,-69.99836459016392,38.0,0,0.03896721311475413,0.04100000000000037
vehicle_016_session_00638,vehicle_016,638,validation,121.02727843291407,42.0,333.8,334.1,335.7,337.8,-50.20328901639345,33.39344262295082,1,0.026409836065573743,0.029999999999999805
vehicle_016_session_00639,vehicle_016,639,validation,122.71946972222224,63.2,350.2,350.8,353.0,355.7,-50.20656803278689,35.0,0,0.03319672131147545,0.0349999999999997
vehicle_016_session_00640,vehicle_016,640,validation,119.71257568158435,37.6,332.4,332.5,333.8,335.3,-49.001639508196725,30.229508196721312,1,0.023721311475409814,0.0259999999999998
vehicle_016_session_00641,vehicle_016,641,validation,121.26538770218004,27.6,330.7,331.0,331.9,333.5,-70.03934803278689,35.60655737704918,1,0.026836065573770492,0.02900000000000036
vehicle_016_session_00642,vehicle_016,642,validation,122.40401940359477,59.2,347.4,348.2,351.3,355.2,-70.08689393442624,39.0,0,0.03859016393442622,0.040000000000000036
vehicle_016_session_00643,vehicle_016,643,validation,120.54338949805069,8.8,322.1,323.6,326.4,328.6,-70.17050180327868,34.950819672131146,1,0.028475409836065526,0.030999999999999694
vehicle_016_session_00644,vehicle_016,644,validation,120.8357291666667,31.6,332.1,332.4,333.6,335.3,-70.18033803278688,36.32786885245902,1,0.028065573770491813,0.03000000000000025
vehicle_016_session_00645,vehicle_016,645,validation,122.24659929519075,60.8,349.4,350.0,353.2,357.1,-70.1885350819672,39.0,0,0.0383770491803279,0.040000000000000036
vehicle_016_session_00646,vehicle_016,646,validation,118.88348994408375,34.0,332.7,333.0,334.4,336.6,-70.14754885245901,33.91803278688525,2,0.02918032786885247,0.03100000000000014
vehicle_016_session_00647,vehicle_016,647,validation,123.0427449786325,64.8,352.7,353.5,356.6,360.5,-70.11640016393443,37.0,0,0.03934426229508197,0.040999999999999925
vehicle_016_session_00648,vehicle_016,648,validation,122.76076486318414,17.2,324.4,325.625,327.29999999999995,328.5,-44.66625155844158,37.0,0,0.022064935064935027,0.02499999999999991
vehicle_016_session_00649,vehicle_016,649,validation,121.09286917372881,47.6,337.7,338.3,341.3,345.5,-70.0032793442623,38.114754098360656,1,0.038590163934426214,0.04200000000000026
vehicle_016_session_00650,vehicle_016,650,validation,126.0198995409604,71.6,357.2,358.0,361.1,365.3,-69.93442983606556,39.0,0,0.04026229508196721,0.0420000000000007
vehicle_016_session_00651,vehicle_016,651,validation,121.36643961056646,41.2,332.8,334.1,336.6,340.0,-69.65738786885248,32.868852459016395,1,0.03259016393442618,0.03699999999999992
vehicle_016_session_00652,vehicle_016,652,validation,122.72775500408501,61.6,349.9,350.7,353.8,357.7,-69.65738704918031,35.0,0,0.03880327868852461,0.040000000000000036
vehicle_016_session_00653,vehicle_016,653,validation,121.73299502487562,37.6,331.9,332.8,334.9,337.7,-69.89999721311476,33.278688524590166,1,0.030524590163934405,0.03299999999999992
vehicle_016_session_00654,vehicle_016,654,validation,124.09504123263886,64.8,352.4,353.0,356.1,360.2,-69.93278081967213,35.75409836065574,1,0.03959016393442623,0.04100000000000037
vehicle_016_session_00655,vehicle_016,655,validation,121.46098760548526,40.8,333.9,334.4,336.4,339.7,-70.16230508196722,33.22950819672131,1,0.032327868852459,0.037000000000000366
vehicle_016_session_00656,vehicle_016,656,validation,124.49902579365086,72.4,358.5,359.3,362.5,366.8,-70.12460016393443,35.85245901639344,1,0.040311475409836116,0.0420000000000007
vehicle_016_session_00657,vehicle_016,657,validation,121.85487592179228,30.8,328.0,330.8,332.4,334.2,-69.25902229508198,39.049180327868854,1,0.027639344262295126,0.03000000000000025
vehicle_016_session_00658,vehicle_016,658,validation,124.16832401895942,64.8,351.9,352.8,355.8,359.9,-70.02951114754099,42.0,0,0.03932786885245903,0.04100000000000037
vehicle_016_session_00659,vehicle_016,659,validation,121.73475608766239,46.0,336.9,337.5,340.5,344.9,-69.96393213114753,39.0,0,0.03759016393442623,0.04200000000000026
vehicle_016_session_00660,vehicle_016,660,validation,127.78323175381269,77.2,362.5,363.3,366.8,371.0,-69.91311655737705,40.57377049180328,1,0.040770491803278706,0.04300000000000015
vehicle_016_session_00661,vehicle_016,661,validation,121.20020964360585,44.0,335.3,335.7,337.2,339.3,-50.0,39.75409836065574,1,0.026704918032786858,0.03100000000000014
vehicle_016_session_00662,vehicle_016,662,validation,122.7678571428572,65.2,351.6,352.1,354.4,357.1,-50.0,41.0,0,0.03304918032786889,0.0349999999999997
vehicle_016_session_00663,vehicle_016,663,validation,121.33542731794294,32.4,331.1,331.6,333.0,335.0,-70.23607967213115,39.34426229508197,1,0.028540983606557428,0.03200000000000003
vehicle_016_session_00664,vehicle_016,664,validation,122.845152672559,62.4,350.0,350.8,353.9,357.8,-70.30002,42.0,0,0.038852459016393476,0.040000000000000036
vehicle_016_session_00665,vehicle_016,665,validation,122.66720411324785,15.2,324.7,326.0,328.5,329.9,-70.00655901639344,37.91803278688525,1,0.02840983606557375,0.03299999999999992
vehicle_016_session_00666,vehicle_016,666,validation,119.81783005136985,41.2,335.2,335.5,337.4,340.7,-69.96557540983606,40.459016393442624,1,0.03214754098360653,0.03600000000000003
vehicle_016_session_00667,vehicle_016,667,validation,124.28977714646467,70.4,356.6,357.4,360.7,364.7,-69.9573768852459,42.885245901639344,1,0.0396229508196721,0.041999999999999815
vehicle_016_session_00668,vehicle_016,668,validation,122.31931822273664,26.8,329.9,330.8,331.9,333.5,-69.97213344262296,39.21311475409836,2,0.026901639344262346,0.03000000000000025
vehicle_016_session_00669,vehicle_016,669,validation,122.1062991151434,48.8,339.4,340.2,343.3,347.5,-69.89672409836065,41.81967213114754,1,0.03885245901639346,0.04100000000000037
vehicle_016_session_00670,vehicle_016,670,validation,124.5918843920765,73.6,360.0,361.0,364.1,368.3,-69.88361016393443,43.114754098360656,1,0.04040983606557375,0.0420000000000007
vehicle_016_session_00671,vehicle_016,671,validation,123.43815399948559,40.0,332.1,333.3,335.5,338.6,-70.04754573770492,38.59016393442623,1,0.03162295081967208,0.03600000000000003
vehicle_016_session_00672,vehicle_016,672,validation,123.41870736882716,61.6,349.6,350.2,353.3,357.2,-70.07869606557378,40.0,0,0.03940983606557379,0.040999999999999925
vehicle_016_session_00673,vehicle_016,673,validation,123.26761046296299,48.0,338.3,338.9,342.1,346.3,-69.70164950819671,39.52459016393443,1,0.038639344262295094,0.04200000000000026
vehicle_016_session_00674,vehicle_016,674,validation,124.45364195261438,56.4,345.5,346.3,349.6,353.5,-70.0491849180328,38.0,0,0.039672131147540944,0.041999999999999815
vehicle_016_session_00675,vehicle_016,675,validation,124.05287708333336,43.6,333.6,334.9,337.7,341.6,-69.9295037704918,34.50819672131148,1,0.03463934426229506,0.040999999999999925
vehicle_016_session_00676,vehicle_016,676,validation,125.4256115319865,70.0,356.4,357.2,360.3,364.6,-69.98688393442623,36.18032786885246,1,0.039868852459016384,0.04100000000000037
vehicle_016_session_00677,vehicle_016,677,validation,123.77931320529518,65.2,350.7,352.5,355.8,360.0,-70.12951803278689,35.83606557377049,1,0.03965573770491807,0.04100000000000037
vehicle_016_session_00678,vehicle_016,678,validation,123.20985185185181,23.6,328.3,328.6,329.4,330.5,-49.899989999999995,33.0,0,0.019852459016393462,0.02100000000000035
vehicle_016_session_00679,vehicle_016,679,validation,119.07952159090907,45.2,336.1,336.6,338.3,341.0,-49.899989999999995,35.59016393442623,1,0.029163934426229464,0.0349999999999997
vehicle_016_session_00680,vehicle_016,680,validation,122.98812942538132,66.4,353.0,353.9,356.3,359.1,-49.90654803278688,37.0,0,0.033196721311475455,0.03500000000000014
vehicle_016_session_00681,vehicle_016,681,validation,122.23815441743828,18.8,328.8,328.9,329.9,331.1,-71.20656803278688,37.90163934426229,0,0.02563934426229509,0.027000000000000135
vehicle_016_session_00682,vehicle_016,682,validation,123.21155587606842,47.6,338.3,338.9,341.8,346.0,-71.17050180327868,40.67213114754098,1,0.03755737704918039,0.041999999999999815
vehicle_016_session_00683,vehicle_016,683,validation,125.89352604166669,73.6,359.6,360.5,363.6,368.0,-71.21148655737704,42.0,0,0.04086885245901638,0.04299999999999926
vehicle_016_session_00684,vehicle_016,684,validation,123.77450980392162,68.4,354.1,354.6,356.6,359.1,-45.0,39.0,0,0.03227868852459016,0.03399999999999981
vehicle_016_session_00685,vehicle_016,685,validation,123.80037245195008,18.4,326.3,327.75,329.6,330.8,-69.8750044736842,29.38157894736842,1,0.02610526315789476,0.03100000000000014
vehicle_016_session_00686,vehicle_016,686,validation,121.26870940170939,24.8,329.9,330.2,331.3,332.7,-70.58197540983606,36.721311475409834,1,0.02644262295081968,0.028000000000000025
vehicle_016_session_00687,vehicle_016,687,validation,122.07811115775289,56.0,345.3,346.1,349.4,353.3,-70.55246426229508,40.295081967213115,1,0.03875409836065571,0.040000000000000036
vehicle_016_session_00688,vehicle_016,688,validation,123.0555422374429,52.0,341.0,341.8,345.3,349.4,-69.92458262295082,38.18032786885246,1,0.04001639344262293,0.04300000000000015
vehicle_016_session_00689,vehicle_016,689,validation,122.64623327464786,9.2,323.6,324.2,326.4,328.6,-70.06230098360656,41.0,0,0.028639344262295058,0.03100000000000014
vehicle_016_session_00690,vehicle_016,690,validation,121.87243473508228,37.6,333.9,334.2,335.8,338.3,-70.0442662295082,42.868852459016395,1,0.0299672131147541,0.03299999999999992
vehicle_016_session_00691,vehicle_016,691,validation,125.23353981854838,62.4,350.7,351.3,354.4,358.2,-67.56230049180328,45.0,0,0.03826229508196723,0.040000000000000036
vehicle_016_session_00692,vehicle_016,692,validation,123.31930468750005,66.0,351.1,353.0,356.4,360.5,-69.98688393442623,41.0,0,0.03981967213114749,0.040999999999999925
vehicle_016_session_00693,vehicle_016,693,validation,123.49575140008957,42.4,333.5,334.7,337.4,341.6,-74.38688672131147,34.47540983606557,1,0.03519672131147539,0.04100000000000037
vehicle_016_session_00694,vehicle_016,694,validation,124.88445377280269,67.2,354.7,355.5,358.9,363.3,-74.66394442622948,37.0,0,0.040721311475409805,0.0420000000000007
vehicle_016_session_00695,vehicle_016,695,validation,122.58415905448716,47.6,336.8,337.2,339.1,342.1,-50.1688624590164,39.91803278688525,1,0.031377049180327826,0.03699999999999992
vehicle_016_session_00696,vehicle_016,696,validation,126.12914043209874,68.8,354.3,354.7,356.9,359.9,-50.19017393442623,41.0,0,0.033491803278688524,0.03500000000000014
vehicle_016_session_00697,vehicle_016,697,validation,123.13506964713761,4.0,319.1,320.4,323.1,325.3,-59.9657892105263,40.421052631578945,-1,0.027105263157894743,0.03000000000000025
vehicle_016_session_00698,vehicle_016,698,validation,123.89349567610063,22.8,327.8,328.2,328.9,329.7,-45.98197049180329,39.0,0,0.018836065573770544,0.020000000000000018
vehicle_016_session_00699,vehicle_016,699,validation,123.039404998385,58.0,346.4,347.2,350.5,354.3,-70.02623196721312,40.0,0,0.03911475409836063,0.040000000000000036
vehicle_016_session_00700,vehicle_016,700,validation,121.84400010212418,44.8,334.7,336.05,339.0,343.5,-70.0493384,37.52,1,0.03684,0.04300000000000015
vehicle_016_session_00701,vehicle_016,701,validation,122.71100982905985,22.8,329.7,329.9,331.0,332.2,-70.04426606557378,33.26229508196721,1,0.025475409836065572,0.027000000000000135
vehicle_016_session_00702,vehicle_016,702,validation,121.60948304738562,48.8,339.4,340.2,343.3,347.4,-70.05902032786885,36.52459016393443,1,0.03819672131147544,0.040999999999999925
vehicle_016_session_00703,vehicle_016,703,validation,123.31202604166671,49.6,339.1,339.7,343.3,347.7,-70.20164967213114,35.967213114754095,1,0.037229508196721356,0.040000000000000036
vehicle_016_session_00704,vehicle_016,704,validation,124.50488708333334,77.6,363.5,364.3,367.7,372.1,-70.26722918032787,37.540983606557376,1,0.038000000000000006,0.03999999999999915
vehicle_016_session_00705,vehicle_016,705,validation,123.11760094150642,14.4,324.2,325.8,328.4,329.9,-69.83027092105263,34.5,1,0.027078947368421046,0.030999999999999694
vehicle_016_session_00706,vehicle_016,706,validation,121.36637119932435,43.2,335.5,336.0,338.2,341.9,-69.93442852459016,39.47540983606557,1,0.03236065573770488,0.03699999999999992
vehicle_016_session_00707,vehicle_016,707,validation,125.81340785751034,73.2,358.8,359.6,362.8,367.1,-69.90328344262294,41.622950819672134,1,0.03747540983606563,0.03900000000000059
vehicle_016_session_00708,vehicle_016,708,validation,121.33715212264156,47.6,336.3,337.7,341.6,346.4,-75.2360801639344,41.31147540983606,1,0.03854098360655739,0.04200000000000026
vehicle_016_session_00709,vehicle_016,709,validation,123.75530497685187,68.8,355.7,356.4,359.9,364.3,-75.39671360655737,42.40983606557377,1,0.039377049180327854,0.041999999999999815
vehicle_016_session_00710,vehicle_016,710,validation,121.3816479063018,26.4,328.8,329.7,331.1,332.7,-70.12951655737704,39.91803278688525,1,0.026065573770491846,0.028999999999999915
vehicle_016_session_00711,vehicle_016,711,validation,122.39534816468257,53.6,342.5,343.5,346.8,350.8,-70.09180934426229,42.80327868852459,1,0.03742622950819671,0.040000000000000036
vehicle_016_session_00712,vehicle_016,712,validation,123.39703679879149,36.0,330.7,331.5,333.2,335.0,-60.12000933333334,37.0,0,0.025333333333333343,0.028000000000000025
vehicle_016_session_00713,vehicle_016,713,validation,121.72429275518078,28.4,328.8,329.7,331.05,332.5,-59.9826684,41.04,1,0.023106666666666678,0.025000000000000355
vehicle_016_session_00714,vehicle_016,714,validation,123.39106297743055,52.8,341.6,342.5,346.1,350.2,-70.03279016393444,34.52459016393443,1,0.03808196721311475,0.040999999999999925
vehicle_016_session_00715,vehicle_016,715,validation,124.78100801282056,64.4,351.1,351.6,353.9,356.8,-49.700010000000006,37.0,0,0.030901639344262315,0.03299999999999992
vehicle_016_session_00716,vehicle_016,716,validation,123.60912146100428,67.2,354.6,355.5,358.6,362.7,-70.10328803278689,39.0,0,0.03767213114754097,0.03900000000000059
vehicle_016_session_00717,vehicle_016,717,validation,120.76952978249473,40.4,333.9,334.2,336.3,339.3,-70.0387135483871,37.53225806451613,1,0.030645161290322513,0.03400000000000025
vehicle_016_session_00718,vehicle_016,718,validation,122.8896703317901,61.6,349.3,350.2,353.2,357.1,-70.05082475409836,39.442622950819676,1,0.03681967213114757,0.038000000000000256
vehicle_016_session_00719,vehicle_016,719,validation,122.07373514957263,52.4,341.3,342.1,345.7,349.9,-70.10001000000001,41.85245901639344,1,0.0379016393442623,0.040000000000000036
vehicle_016_session_00720,vehicle_016,720,validation,122.70195693463592,26.8,326.7,328.5,329.6,330.5,-44.65131631578947,34.0,0,0.017842105263157906,0.020000000000000018
vehicle_016_session_00721,vehicle_016,721,validation,123.01408341090426,19.2,326.3,327.6,329.4,330.7,-69.90526526315789,41.078947368421055,1,0.027052631578947394,0.03200000000000003
vehicle_016_session_00722,vehicle_016,722,validation,121.63096250000002,43.2,335.5,336.0,338.0,341.6,-70.07049885245902,43.01639344262295,1,0.03244262295081962,0.038000000000000256
vehicle_016_session_00723,vehicle_016,723,validation,124.41398818226116,71.6,357.2,358.0,361.1,364.9,-67.92295180327868,44.721311475409834,1,0.037442622950819654,0.03900000000000059
vehicle_016_session_00724,vehicle_016,724,validation,123.62668887691572,15.2,325.8,326.4,328.0,329.4,-61.55410524590165,38.08196721311475,1,0.02450819672131146,0.027000000000000135
vehicle_016_session_00725,vehicle_016,725,validation,121.76433615451384,38.8,333.6,333.9,335.3,337.4,-60.090170491803285,40.42622950819672,1,0.026163934426229482,0.028999999999999915
vehicle_016_session_00726,vehicle_016,726,validation,122.9043204449153,64.4,351.3,352.1,354.6,357.5,-56.8770544262295,42.26229508196721,1,0.03277049180327871,0.03400000000000025
vehicle_016_session_00727,vehicle_016,727,validation,121.27316531635803,35.6,333.2,333.5,334.9,337.2,-70.64263295081967,35.557377049180324,1,0.028606557377049147,0.03000000000000025
vehicle_016_session_00728,vehicle_016,728,validation,124.63701388888887,64.8,352.4,353.2,356.3,360.3,-70.63935426229509,38.0,0,0.03711475409836063,0.0389999999999997
vehicle_016_session_00729,vehicle_016,729,validation,125.82699398474179,52.0,344.8,345.3,348.0,352.1,-70.27378262295082,39.47540983606557,1,0.025442622950819675,0.02900000000000036
vehicle_016_session_00730,vehicle_016,730,validation,123.44701524758456,49.2,336.3,337.75,341.3,345.5,-59.96973750000001,37.0,0,0.035157894736842096,0.039000000000000146
vehicle_016_session_00731,vehicle_016,731,validation,123.1912279380342,69.6,356.3,357.1,360.3,364.4,-70.91474557377049,41.75409836065574,1,0.03813114754098358,0.040000000000000036
vehicle_016_session_00732,vehicle_016,732,validation,122.98106255291006,50.8,337.5,339.0,342.875,346.8,-59.928005066666664,38.0,0,0.036520000000000025,0.039000000000000146
vehicle_016_session_00733,vehicle_016,733,validation,122.36625034153009,27.2,328.9,330.0,331.4,333.2,-69.79181475409837,37.049180327868854,2,0.02595081967213115,0.028000000000000025
vehicle_016_session_00734,vehicle_016,734,validation,121.4702409151446,52.0,341.4,342.2,345.8,349.9,-69.77870131147542,39.950819672131146,1,0.03742622950819671,0.040000000000000036
vehicle_016_session_00735,vehicle_016,735,validation,122.68644918382823,28.0,328.9,329.79999999999995,331.1,332.5,-60.13421973684211,33.94736842105263,1,0.022947368421052647,0.025000000000000355
vehicle_016_session_00736,vehicle_016,736,validation,119.54764994131456,41.6,335.5,336.0,338.0,341.4,-70.64591163934426,34.52459016393443,1,0.031524590163934364,0.03600000000000003
vehicle_016_session_00737,vehicle_016,737,validation,124.48346111111111,70.0,357.1,357.8,361.0,365.2,-70.65246901639343,37.0,0,0.03745901639344257,0.0389999999999997
vehicle_016_session_00738,vehicle_016,738,validation,122.63831119080143,42.0,334.4,335.0,337.4,341.1,-69.97212836065573,34.81967213114754,1,0.03218032786885247,0.037000000000000366
vehicle_016_session_00739,vehicle_016,739,validation,122.97121401014108,66.8,354.3,355.0,358.2,362.2,-69.91966409836066,37.0,0,0.03718032786885244,0.03900000000000059
vehicle_016_session_00740,vehicle_016,740,validation,122.56333830337692,44.0,333.9,335.3,338.3,342.5,-70.30657213114753,33.08196721311475,2,0.033983606557377005,0.040000000000000036
vehicle_016_session_00741,vehicle_016,741,validation,124.51187721417067,64.8,352.4,353.2,356.3,360.3,-70.3393524590164,35.0,0,0.03739344262295082,0.039000000000000146
vehicle_016_session_00742,vehicle_016,742,validation,122.64377083333335,14.4,325.5,326.3,328.5,329.9,-70.42294508196721,38.0,0,0.02727868852459016,0.03000000000000025
vehicle_016_session_00743,vehicle_016,743,validation,120.20832440476192,42.8,336.3,336.8,338.8,342.4,-70.43278016393442,40.52459016393443,1,0.03260655737704916,0.038000000000000256
vehicle_016_session_00744,vehicle_016,744,validation,122.16963759920635,32.8,331.6,331.9,333.3,335.2,-69.98688393442623,39.0,0,0.027622950819672174,0.03000000000000025
vehicle_016_session_00745,vehicle_016,745,validation,123.56480531189086,61.2,348.9,349.7,352.8,356.8,-69.94753573770492,41.75409836065574,1,0.037262295081967205,0.038000000000000256
vehicle_016_session_00746,vehicle_016,746,validation,123.633514083486,53.2,339.7,342.15,346.5,350.7,-69.87894842105263,37.9078947368421,1,0.03877631578947365,0.04400000000000004
vehicle_016_session_00747,vehicle_016,747,validation,123.23188384331603,68.4,354.9,355.8,358.9,363.2,-70.01967491803279,40.0,0,0.03801639344262298,0.040000000000000036
vehicle_016_session_00748,vehicle_016,748,validation,121.27888464052289,56.4,345.3,346.1,349.4,353.2,-69.13710677419355,39.0,0,0.037177419354838676,0.039000000000000146
vehicle_016_session_00749,vehicle_016,749,validation,121.59971360446221,45.2,334.6,336.05,339.20000000000005,343.6,-69.71579934210527,34.36842105263158,1,0.03486842105263158,0.040999999999999925
vehicle_016_session_00750,vehicle_016,750,validation,122.29918030268716,9.6,321.9,323.55,326.35,328.6,-69.94605197368419,34.0,0,0.027999999999999983,0.03000000000000025
vehicle_016_session_00751,vehicle_016,751,validation,122.91753453467155,43.2,333.2,334.2,336.5,339.6,-60.02895092105263,34.88157894736842,1,0.02910526315789471,0.03300000000000036
vehicle_016_session_00752,vehicle_016,752,validation,123.06625410108025,25.6,327.7,328.4,329.29999999999995,330.2,-43.40920144736842,32.53947368421053,1,0.017592105263157916,0.019000000000000128
vehicle_016_session_00753,vehicle_016,753,validation,121.0690582942097,52.0,341.3,342.2,345.8,349.9,-69.94262606557378,35.91803278688525,1,0.038508196721311456,0.040999999999999925
vehicle_016_session_00754,vehicle_016,754,validation,122.72287659090912,28.8,329.1,330.2,331.7,333.5,-69.21476606557377,36.50819672131148,1,0.026245901639344305,0.028999999999999915
vehicle_016_session_00755,vehicle_016,755,validation,121.23575827625571,51.2,340.5,341.3,344.7,348.8,-69.23280016393443,39.14754098360656,1,0.03770491803278686,0.040000000000000036
vehicle_016_session_00756,vehicle_016,756,validation,122.9343207236842,59.6,346.9,347.4,349.9,352.5,-49.92130360655737,37.0,0,0.031672131147540986,0.03300000000000036
vehicle_016_session_00757,vehicle_016,757,validation,122.2250346662186,59.6,346.9,347.5,350.3,353.5,-57.48688983606557,34.73770491803279,1,0.03377049180327866,0.03500000000000014
vehicle_016_session_00758,vehicle_016,758,validation,122.70107991711471,32.0,329.9,331.0,332.5,334.6,-69.80493262295083,33.80327868852459,1,0.027196721311475415,0.02900000000000036
vehicle_016_session_00759,vehicle_016,759,validation,122.50846195436512,57.2,345.7,346.4,349.7,353.6,-69.74263721311476,36.57377049180328,1,0.037360655737704904,0.039000000000000146
vehicle_016_session_00760,vehicle_016,760,validation,122.55457514880952,38.8,331.9,333.2,335.3,338.5,-70.13115655737705,33.67213114754098,1,0.030311475409836034,0.03299999999999992
vehicle_016_session_00761,vehicle_016,761,validation,124.05004373312116,40.0,332.4,333.6,335.875,338.9,-70.14934226666666,34.89333333333333,1,0.030653333333333303,0.03600000000000003
vehicle_016_session_00762,vehicle_016,762,validation,124.18554569615917,54.4,341.3,343.3,347.5,351.6,-70.63771491803278,35.0,0,0.03949180327868852,0.04400000000000004
vehicle_016_session_00763,vehicle_016,763,validation,124.63497162867998,50.8,336.8,337.9,340.8,343.9,-45.004000399999995,35.0,0,0.03236000000000003,0.03600000000000003
vehicle_016_session_00764,vehicle_016,764,validation,122.02125072557473,32.8,330.5,331.6,333.3,335.5,-69.8520044,31.386666666666667,1,0.027426666666666696,0.02900000000000036
vehicle_016_session_00765,vehicle_016,765,validation,122.10404321209016,44.0,333.9,335.0,337.5,341.0,-60.16579999999999,31.81578947368421,1,0.030473684210526326,0.03600000000000003
vehicle_016_session_00766,vehicle_016,766,validation,123.88992532206116,62.8,350.7,351.4,354.6,358.6,-70.25247426229508,33.0,0,0.037967213114754136,0.039000000000000146
vehicle_016_session_00767,vehicle_016,767,validation,121.93727250957853,67.6,354.3,355.2,358.3,362.4,-68.84590786885245,30.81967213114754,1,0.03721311475409833,0.039000000000000146
vehicle_016_session_00768,vehicle_016,768,validation,121.46200749269009,46.4,337.5,338.2,341.1,345.7,-70.68853459016393,35.24590163934426,1,0.03668852459016393,0.040000000000000036
vehicle_016_session_00769,vehicle_016,769,validation,126.27385273692816,77.2,363.0,363.8,367.4,371.8,-70.74919524590163,37.0,0,0.03927868852459016,0.04100000000000037
vehicle_016_session_00770,vehicle_016,770,validation,122.90961550564236,15.2,326.0,326.7,328.8,330.2,-69.9852468852459,36.0,0,0.026885245901639362,0.030999999999999694
vehicle_016_session_00771,vehicle_016,771,validation,119.19246825396829,40.8,335.3,335.8,337.7,341.0,-69.84426573770492,38.442622950819676,1,0.03093442622950819,0.03500000000000014
vehicle_016_session_00772,vehicle_016,772,validation,122.41158284505205,68.8,356.1,356.9,359.9,364.1,-69.83279557377048,40.77049180327869,1,0.037573770491803264,0.040000000000000036
vehicle_016_session_00773,vehicle_016,773,validation,122.33218271254206,48.0,338.2,338.9,341.9,346.3,-70.05574327868852,37.540983606557376,1,0.037327868852459055,0.040999999999999925
vehicle_016_session_00774,vehicle_016,774,validation,124.81160281635798,74.8,360.5,361.3,364.7,368.9,-70.04426672131147,39.0,0,0.03893442622950825,0.041999999999999815
vehicle_016_session_00775,vehicle_016,775,validation,122.44913947574331,60.8,348.9,349.7,352.8,356.8,-70.0065580327869,37.0,0,0.03732786885245901,0.039000000000000146
vehicle_016_session_00776,vehicle_016,776,validation,121.53303144654087,62.0,349.6,350.3,352.8,356.0,-56.754103442622956,37.0,0,0.03349180327868856,0.03500000000000014
vehicle_016_session_00777,vehicle_016,777,validation,121.98973247501299,11.2,323.2,324.4,327.29999999999995,329.1,-69.90533133333334,32.0,0,0.027453333333333337,0.029999999999999805
vehicle_016_session_00778,vehicle_016,778,validation,118.10932298218029,40.0,333.3,333.6,334.9,336.8,-49.801658852459035,31.540983606557376,1,0.024229508196721324,0.026000000000000245
vehicle_016_session_00779,vehicle_016,779,validation,122.07656876361662,61.2,348.6,349.1,351.3,354.1,-49.801658852459035,33.0,0,0.031114754098360637,0.03200000000000003
vehicle_016_session_00780,vehicle_016,780,validation,122.27924844527364,62.4,351.1,351.9,355.2,359.1,-70.20164950819671,31.885245901639344,1,0.03760655737704922,0.039000000000000146
vehicle_016_session_00781,vehicle_016,781,validation,124.02988894149834,66.4,353.9,354.6,357.8,361.9,-70.07869311475409,30.39344262295082,1,0.03798360655737703,0.040000000000000036
vehicle_016_session_00782,vehicle_016,782,validation,122.2227871472663,47.2,335.5,337.1,340.7,345.5,-70.22623721311476,32.0,2,0.03767213114754099,0.04200000000000026
vehicle_016_session_00783,vehicle_016,783,validation,123.12257340399614,72.4,358.9,359.7,363.0,367.2,-70.10656426229508,33.90163934426229,1,0.03901639344262298,0.04100000000000037
vehicle_016_session_00784,vehicle_016,784,validation,120.47358969907411,39.2,334.1,334.6,336.4,339.4,-70.17705918032789,32.57377049180328,1,0.03063934426229507,0.03500000000000014
vehicle_016_session_00785,vehicle_016,785,validation,123.40586213235294,68.0,355.5,356.3,359.6,363.6,-70.18525590163934,35.31147540983606,1,0.0379016393442623,0.03900000000000059
vehicle_016_session_00786,vehicle_016,786,validation,119.0658576388889,34.4,330.7,331.9,333.8,336.1,-70.18033803278688,32.42622950819672,1,0.028737704918032795,0.031999999999999584
vehicle_016_session_00787,vehicle_016,787,validation,122.35543464611874,55.2,344.3,345.2,348.6,352.5,-70.2541137704918,34.91803278688525,1,0.03809836065573767,0.040000000000000036
vehicle_016_session_00788,vehicle_016,788,validation,123.81512393939391,64.0,350.7,351.1,353.2,355.7,-44.899989999999995,36.0,0,0.030426229508196755,0.03200000000000003
vehicle_016_session_00789,vehicle_016,789,validation,122.64715171845576,20.0,328.2,328.3,329.1,329.9,-50.090172950819685,33.0,0,0.01932786885245902,0.020999999999999908
vehicle_016_session_00790,vehicle_016,790,validation,121.77085763888893,66.8,353.3,353.9,356.1,358.9,-50.100010000000005,37.0,0,0.031491803278688564,0.03300000000000036
vehicle_016_session_00791,vehicle_016,791,validation,122.50334161900878,55.2,343.9,344.9,348.3,352.2,-69.91967557377049,38.0,0,0.038262295081967206,0.040999999999999925
vehicle_016_session_00792,vehicle_016,792,validation,117.44660710470085,43.6,335.0,335.3,336.8,338.8,-45.09837049180329,35.885245901639344,1,0.024295081967213073,0.027000000000000135
vehicle_016_session_00793,vehicle_016,793,validation,122.68266390791476,49.2,338.3,339.1,342.5,347.2,-70.07869639344263,35.24590163934426,1,0.03886885245901642,0.04200000000000026
vehicle_016_session_00794,vehicle_016,794,validation,123.24847627314816,20.0,328.3,328.6,329.7,330.8,-70.21804459016393,40.0,0,0.02555737704918036,0.028000000000000025
vehicle_016_session_00795,vehicle_016,795,validation,123.80210124269003,48.8,338.3,338.9,341.8,345.8,-70.20000999999999,42.967213114754095,2,0.03632786885245908,0.040000000000000036
vehicle_016_session_00796,vehicle_016,796,validation,123.03913914141414,66.0,352.1,352.5,354.9,357.7,-50.46229131147541,39.0,0,0.03231147540983607,0.03400000000000025
vehicle_016_session_00797,vehicle_016,797,validation,122.78712323797681,18.0,328.0,328.5,329.6,330.8,-70.09509147540983,38.0,0,0.026163934426229538,0.028000000000000025
vehicle_016_session_00798,vehicle_016,798,validation,119.62650515873017,44.8,337.1,337.7,340.2,344.1,-70.10001000000001,40.85245901639344,1,0.0352622950819672,0.040000000000000036
vehicle_016_session_00799,vehicle_016,799,validation,124.7080972222222,72.8,359.1,359.9,363.2,367.4,-70.12623950819673,43.0,0,0.03940983606557379,0.04100000000000037
vehicle_016_session_00800,vehicle_016,800,validation,120.81205152329747,45.6,336.8,337.4,340.0,344.4,-70.5,34.278688524590166,1,0.03637704918032786,0.040999999999999925
vehicle_016_session_00801,vehicle_016,801,validation,124.49219797092016,70.4,357.1,357.8,361.1,365.3,-70.5,36.0,0,0.038704918032786854,0.040000000000000036
vehicle_016_session_00802,vehicle_016,802,validation,121.38303252151803,37.2,333.0,333.5,335.3,338.0,-70.17869754098359,28.229508196721312,1,0.029377049180327845,0.03200000000000003
vehicle_016_session_00803,vehicle_016,803,validation,124.09611111111113,66.0,353.6,354.4,357.5,361.6,-70.06721836065573,31.0327868852459,1,0.037639344262295066,0.039000000000000146
vehicle_016_session_00804,vehicle_016,804,validation,121.68383706926865,40.8,334.4,334.9,336.8,340.2,-70.27050885245902,31.852459016393443,2,0.03193442622950817,0.03699999999999992
vehicle_016_session_00805,vehicle_016,805,validation,125.6280255627395,72.8,358.9,359.7,363.0,367.4,-70.29837983606558,34.67213114754098,1,0.03926229508196723,0.04100000000000037
vehicle_016_session_00806,vehicle_016,806,validation,122.11618598484849,54.8,342.7,343.5,346.1,349.3,-50.10820672131148,29.311475409836067,1,0.033360655737704914,0.03699999999999992
vehicle_016_session_00807,vehicle_016,807,validation,122.61151328792735,41.6,332.5,333.0,334.6,336.6,-45.01967409836065,28.81967213114754,1,0.023836065573770503,0.027000000000000135
vehicle_016_session_00808,vehicle_016,808,validation,121.63629631696435,70.4,357.5,358.5,361.6,365.8,-70.34590786885245,32.0,0,0.03886885245901638,0.04099999999999948
vehicle_016_session_00809,vehicle_016,809,validation,123.4075796216475,55.2,342.2,344.3,348.3,352.5,-70.1213193442623,31.934426229508198,1,0.040426229508196694,0.04599999999999982
vehicle_016_session_00810,vehicle_016,810,validation,123.6055336681548,66.4,353.6,354.4,357.5,361.6,-70.03279016393444,36.0,0,0.038950819672131154,0.04099999999999948
vehicle_016_session_00811,vehicle_016,811,validation,121.78506933060116,51.2,339.6,340.5,344.3,348.6,-69.91639557377049,35.39344262295082,1,0.03980327868852459,0.04200000000000026
vehicle_016_session_00812,vehicle_016,812,validation,122.64863586362296,22.4,327.4,328.4,329.7,330.8,-59.81579605263158,30.0,0,0.022605263157894767,0.02499999999999991
vehicle_016_session_00813,vehicle_016,813,validation,124.2858183841766,52.8,338.6,340.3,344.5,348.3,-60.076005466666686,30.69333333333333,1,0.03852000000000002,0.04200000000000026
vehicle_016_session_00814,vehicle_016,814,validation,122.99115219618054,17.6,325.2,326.35,328.425,329.6,-60.03867000000001,32.0,0,0.02518666666666666,0.028999999999999915
vehicle_016_session_00815,vehicle_016,815,validation,120.25867230273752,29.2,331.4,331.7,333.0,334.7,-71.10328868852459,32.81967213114754,1,0.027622950819672167,0.03000000000000025
vehicle_016_session_00816,vehicle_016,816,validation,121.61701885609573,57.2,346.6,347.4,350.7,354.7,-71.19017393442623,36.0,0,0.038245901639344215,0.040000000000000036
vehicle_016_session_00817,vehicle_016,817,validation,121.43422345809796,26.8,328.5,329.9,331.3,332.8,-69.71968409836064,32.032786885245905,2,0.026032786885245924,0.028999999999999915
vehicle_016_session_00818,vehicle_016,818,validation,121.01564322916667,50.4,340.2,340.8,344.3,348.5,-69.70328901639343,34.98360655737705,2,0.038377049180327874,0.040999999999999925
vehicle_016_session_00819,vehicle_016,819,validation,127.24781308962274,76.4,361.8,362.7,366.0,370.2,-69.74099770491803,36.75409836065574,1,0.03959016393442629,0.04100000000000037
vehicle_016_session_00820,vehicle_016,820,validation,125.03409558080808,68.8,355.0,356.0,359.1,363.3,-70.03934819672132,33.278688524590166,1,0.03927868852459016,0.04100000000000037
vehicle_016_session_00821,vehicle_016,821,validation,121.45742370370372,38.0,333.0,333.5,335.5,338.5,-70.19673229508197,29.737704918032787,1,0.030754098360655707,0.03299999999999992
vehicle_016_session_00822,vehicle_016,822,validation,121.84541507285978,68.4,356.1,356.9,360.0,364.3,-70.10328606557377,32.540983606557376,1,0.03940983606557373,0.041999999999999815
vehicle_016_session_00823,vehicle_016,823,validation,121.3414287535162,39.2,333.8,334.2,336.3,339.3,-70.15246803278689,30.131147540983605,2,0.031131147540983593,0.03600000000000003
vehicle_016_session_00824,vehicle_016,824,validation,121.20102622767857,70.8,358.0,358.8,361.9,366.3,-70.0049206557377,33.0,0,0.03918032786885245,0.04100000000000037
vehicle_016_session_00825,vehicle_016,825,validation,121.14364038326299,36.8,332.1,332.7,334.6,337.2,-69.97213475409836,31.229508196721312,1,0.03006557377049179,0.03299999999999992
vehicle_016_session_00826,vehicle_016,826,validation,120.77346769323675,42.0,334.6,335.2,337.5,341.1,-70.21476491803277,30.868852459016395,2,0.0333934426229508,0.038000000000000256
vehicle_016_session_00827,vehicle_016,827,validation,123.22004191033132,69.6,356.8,357.5,360.7,364.9,-70.14099213114754,33.0,0,0.03947540983606557,0.0420000000000007
vehicle_016_session_00828,vehicle_016,828,validation,121.00187851851855,48.0,338.6,339.3,342.4,346.9,-70.24099770491803,33.59016393442623,1,0.03857377049180332,0.041999999999999815
vehicle_016_session_00829,vehicle_016,829,validation,122.5884426540799,57.2,346.8,347.7,351.0,354.9,-70.99672098360655,29.278688524590162,1,0.0387049180327869,0.041999999999999815
vehicle_016_session_00830,vehicle_016,830,validation,122.14665965413946,33.6,330.5,331.6,333.5,335.7,-70.09508836065574,29.60655737704918,1,0.028393442622950873,0.03100000000000014
vehicle_016_session_00831,vehicle_016,831,validation,123.37258099899601,54.4,343.5,344.4,347.9,351.8,-70.06229918032787,32.57377049180328,1,0.03913114754098358,0.04200000000000026
vehicle_016_session_00832,vehicle_016,832,validation,121.93020889136905,48.0,335.8,337.7,341.4,346.4,-69.22460295081967,30.557377049180328,1,0.03575409836065574,0.039000000000000146
vehicle_016_session_00833,vehicle_016,833,validation,123.70555981968815,70.4,357.4,358.2,361.4,365.5,-69.3000180327869,32.0,0,0.03604918032786888,0.038000000000000256
vehicle_016_session_00834,vehicle_016,834,validation,122.36308444327405,26.4,330.5,330.8,331.79999999999995,333.3,-70.02631842105262,28.736842105263158,1,0.025394736842105265,0.028000000000000025
vehicle_016_session_00835,vehicle_016,835,validation,124.63433777250351,52.4,340.7,341.8,346.0,350.3,-70.14918983606557,30.950819672131146,1,0.038377049180327846,0.040999999999999925
vehicle_016_session_00836,vehicle_016,836,validation,121.84079228855722,28.0,329.2,330.3,331.9,333.6,-70.0163950819672,30.278688524590162,1,0.025934426229508225,0.027000000000000135
vehicle_016_session_00837,vehicle_016,837,validation,122.9414685696248,55.2,344.3,345.2,348.6,352.5,-69.91803114754099,33.59016393442623,1,0.036377049180327845,0.040000000000000036
vehicle_016_session_00838,vehicle_016,838,validation,122.36508913690477,62.8,351.0,351.8,354.9,358.9,-70.10656426229507,34.0,0,0.03636065573770492,0.038000000000000256
vehicle_016_session_00839,vehicle_016,839,validation,123.78978688607087,13.6,325.0,325.8,328.2,329.7,-70.26395081967213,33.0,0,0.027049180327868867,0.029999999999999805
vehicle_016_session_00840,vehicle_016,840,validation,120.9742682165862,41.6,335.5,336.0,338.0,341.1,-70.29510147540984,35.68852459016394,1,0.030737704918032765,0.03500000000000014
vehicle_016_session_00841,vehicle_016,841,validation,122.7027643369176,69.2,356.4,357.1,360.3,364.4,-70.30493655737703,38.0,0,0.03663934426229507,0.03900000000000059
vehicle_016_session_00842,vehicle_016,842,validation,122.1150766882184,70.0,356.9,357.7,361.0,365.2,-70.13771278688525,36.0,0,0.03759016393442621,0.03900000000000059
vehicle_016_session_00843,vehicle_016,843,validation,123.58772130975457,63.2,348.0,349.5,351.85,354.4,-45.20134346666668,30.0,0,0.029293333333333317,0.03100000000000014
vehicle_016_session_00844,vehicle_016,844,validation,123.31550544945986,62.4,351.1,351.9,355.0,359.1,-70.25902540983607,29.0,0,0.036573770491803284,0.038000000000000256
vehicle_016_session_00845,vehicle_016,845,validation,121.31159342243184,70.0,356.4,357.1,359.4,362.4,-50.988523442622956,31.0,0,0.03083606557377045,0.03200000000000003
vehicle_016_session_00846,vehicle_016,846,validation,122.35647476295408,14.4,324.2,325.4,327.7,329.2,-60.02666933333334,30.96,1,0.024786666666666648,0.028999999999999915
vehicle_016_session_00847,vehicle_016,847,validation,123.10837316261575,45.2,333.8,335.25,337.9,341.8,-60.077637368421044,31.0,0,0.03069736842105263,0.03600000000000003
vehicle_016_session_00848,vehicle_016,848,validation,123.88627083333333,17.2,327.7,328.0,329.4,330.7,-70.10984409836065,32.39344262295082,1,0.025426229508196754,0.028000000000000025
vehicle_016_session_00849,vehicle_016,849,validation,122.35754661968953,44.0,336.4,336.9,339.1,342.8,-70.06885819672131,35.49180327868852,1,0.031852459016393414,0.03699999999999992
vehicle_016_session_00850,vehicle_016,850,validation,126.04725652777779,76.0,360.2,360.8,362.8,365.5,-45.24263721311476,35.0,0,0.029950819672131184,0.031000000000000583
vehicle_016_session_00851,vehicle_016,851,validation,125.65728234649126,74.0,359.6,360.5,363.8,368.0,-70.0065580327869,34.114754098360656,1,0.03706557377049179,0.040000000000000036
vehicle_016_session_00852,vehicle_016,852,validation,119.7994476575456,38.8,333.9,334.4,336.1,338.9,-70.05738180327869,31.59016393442623,1,0.029245901639344207,0.03299999999999992
vehicle_016_session_00853,vehicle_016,853,validation,122.0058798611111,65.6,353.5,354.1,357.2,361.3,-70.03934737704918,34.0,0,0.03599999999999997,0.037000000000000366
vehicle_016_session_00854,vehicle_016,854,validation,120.49495362523542,28.8,329.2,330.5,332.1,333.9,-69.57213754098362,28.868852459016395,1,0.02619672131147544,0.028000000000000025
vehicle_016_session_00855,vehicle_016,855,validation,121.00596974206351,52.8,342.4,343.3,346.8,351.0,-69.69837065573769,31.639344262295083,1,0.03698360655737705,0.039000000000000146
vehicle_016_session_00856,vehicle_016,856,validation,122.08435762092913,39.2,331.9,333.0,334.95,337.4,-59.99333506666666,30.253333333333334,1,0.026679999999999992,0.03000000000000025
vehicle_016_session_00857,vehicle_016,857,validation,122.22619087301585,29.2,331.4,331.7,332.8,334.6,-70.00163950819672,31.40983606557377,1,0.026131147540983612,0.028999999999999915
vehicle_016_session_00858,vehicle_016,858,validation,122.25297926587304,57.6,347.1,347.8,351.0,354.9,-70.00163950819672,34.91803278688525,1,0.035655737704918006,0.037000000000000366
vehicle_016_session_00859,vehicle_016,859,validation,123.0734500210438,56.4,344.9,346.0,349.3,353.3,-70.04754524590165,34.0,0,0.037229508196721287,0.040000000000000036
vehicle_016_session_00860,vehicle_016,860,validation,123.44304664855075,47.6,336.1,337.7,341.3,346.1,-70.14263098360655,29.80327868852459,1,0.03627868852459019,0.040000000000000036
vehicle_016_session_00861,vehicle_016,861,validation,125.62372620884767,75.6,362.1,362.7,366.1,370.5,-70.02295508196723,32.0,0,0.03740983606557386,0.03900000000000059
vehicle_016_session_00862,vehicle_016,862,validation,120.34523789682541,48.4,339.3,339.9,343.3,347.7,-69.94918114754098,30.65573770491803,1,0.03659016393442625,0.039000000000000146
vehicle_016_session_00863,vehicle_016,863,validation,124.21597298611111,74.0,360.3,361.3,364.7,368.9,-69.94754032786884,32.721311475409834,1,0.03745901639344268,0.03900000000000059
vehicle_016_session_00864,vehicle_016,864,validation,121.75742703703706,21.2,329.1,329.2,330.3,331.6,-69.2000106557377,31.049180327868854,1,0.02449180327868855,0.026000000000000245
vehicle_016_session_00865,vehicle_016,865,validation,120.11332182017551,51.2,341.4,342.1,345.7,349.7,-69.15082967213117,34.75409836065574,1,0.035852459016393404,0.03799999999999981
vehicle_016_session_00866,vehicle_016,866,validation,121.48891333333331,52.4,339.7,340.5,343.3,346.6,-49.700010000000006,34.0,0,0.03290163934426234,0.03500000000000014
vehicle_016_session_00867,vehicle_016,867,validation,123.81747175480777,72.4,357.7,358.2,360.5,363.5,-49.700010000000006,35.0,0,0.03126229508196721,0.03300000000000036
vehicle_016_session_00868,vehicle_016,868,validation,122.16419136904759,56.4,345.5,346.4,349.9,353.8,-70.03279245901639,31.131147540983605,1,0.036639344262295086,0.039000000000000146
vehicle_016_session_00869,vehicle_016,869,validation,124.64277897079776,66.4,349.6,351.85,354.3,356.9,-44.477622631578946,35.0,0,0.029039473684210552,0.03100000000000014
vehicle_016_session_00870,vehicle_016,870,validation,120.35053565917106,47.2,337.8,338.5,341.4,346.0,-69.51475557377049,32.377049180327866,1,0.035901639344262326,0.040000000000000036
vehicle_016_session_00871,vehicle_016,871,validation,123.072312562004,72.4,358.9,359.7,363.0,367.2,-69.67214114754098,34.0655737704918,1,0.03740983606557372,0.03900000000000059
vehicle_016_session_00872,vehicle_016,872,validation,121.0196116622575,52.0,341.4,342.2,345.8,349.9,-69.94425803278689,33.60655737704918,1,0.03718032786885243,0.039000000000000146
vehicle_016_session_00873,vehicle_016,873,validation,120.9614206349207,34.8,332.4,332.7,334.2,336.6,-70.20820770491802,32.557377049180324,1,0.028295081967213108,0.03100000000000014
vehicle_016_session_00874,vehicle_016,874,validation,121.00526508424407,65.6,353.8,354.4,357.5,361.6,-70.24755573770493,36.0,0,0.03649180327868845,0.038000000000000256
vehicle_016_session_00875,vehicle_016,875,validation,123.27150713470319,55.2,343.6,344.7,348.2,352.1,-70.0311506557377,34.0,0,0.03724590163934426,0.040000000000000036
vehicle_016_session_00876,vehicle_016,876,validation,122.5158002946128,48.4,338.2,339.1,342.7,347.4,-70.12460016393442,30.442622950819672,1,0.03732786885245902,0.040000000000000036
vehicle_016_session_00877,vehicle_016,877,validation,124.67322194989111,75.2,361.8,362.5,366.0,370.4,-70.17705918032786,32.0,0,0.03777049180327875,0.03900000000000059
vehicle_016_session_00878,vehicle_016,878,validation,120.41666022544281,40.8,334.7,335.2,337.2,340.3,-70.37212950819674,30.491803278688526,1,0.031016393442622928,0.03500000000000014
vehicle_016_session_00879,vehicle_016,879,validation,119.83727186981758,31.2,332.1,332.4,333.6,335.7,-70.5,31.57377049180328,1,0.0270655737704918,0.028999999999999915
vehicle_016_session_00880,vehicle_016,880,validation,119.90516609660035,58.0,347.8,348.6,351.8,355.8,-70.49836049180328,35.0,0,0.03573770491803279,0.038000000000000256
vehicle_016_session_00881,vehicle_016,881,validation,120.10684893162394,44.8,336.6,337.1,339.7,343.9,-69.76722983606557,31.42622950819672,1,0.034032786885245865,0.040000000000000036
vehicle_016_session_00882,vehicle_016,882,validation,122.84296637426903,39.2,332.1,333.3,335.7,338.6,-70.06721983606558,29.78688524590164,1,0.03011475409836063,0.03399999999999981
vehicle_016_session_00883,vehicle_016,883,validation,122.73622774621212,62.4,350.5,351.4,354.6,358.5,-69.98197278688525,32.0,0,0.037081967213114776,0.039000000000000146
vehicle_016_session_00884,vehicle_016,884,validation,123.01487141927086,58.0,347.1,348.0,351.3,355.2,-70.01148000000002,32.377049180327866,1,0.03636065573770493,0.038000000000000256
vehicle_016_session_00885,vehicle_016,885,validation,123.68533251633991,76.4,361.9,362.8,366.1,370.7,-70.07049721311475,32.0,0,0.038311475409836045,0.040000000000000036
vehicle_016_session_00886,vehicle_016,886,validation,123.41013361378208,73.2,359.7,360.5,363.9,368.2,-70.0672193442623,30.0327868852459,1,0.037819672131147564,0.03900000000000059
vehicle_016_session_00887,vehicle_016,887,validation,124.16345277777779,55.2,341.8,343.9,348.2,352.4,-70.40163409836066,30.524590163934427,1,0.038803278688524574,0.04400000000000004
vehicle_016_session_00888,vehicle_016,888,validation,121.01045571658611,38.8,333.6,333.9,335.8,338.8,-69.92950114754098,29.57377049180328,1,0.029868852459016357,0.03399999999999981
vehicle_016_session_00889,vehicle_016,889,validation,124.30340897435896,66.8,354.3,355.0,358.3,362.2,-69.89671491803279,32.0,0,0.03703278688524592,0.038000000000000256
vehicle_016_session_00890,vehicle_016,890,validation,120.13494642229256,38.4,333.6,334.1,335.8,338.6,-70.08361409836067,27.557377049180328,1,0.02998360655737703,0.03400000000000025
vehicle_016_session_00891,vehicle_016,891,validation,122.38206573439884,48.4,337.8,338.6,342.1,346.9,-70.2606718032787,28.16393442622951,2,0.037688524590163947,0.040999999999999925
vehicle_016_session_00892,vehicle_016,892,validation,121.05504754273511,36.0,331.7,332.1,333.0,334.2,-45.09345196721312,28.42622950819672,1,0.020442622950819684,0.02300000000000013
vehicle_016_session_00893,vehicle_016,893,validation,123.02394905679931,61.6,349.9,350.7,353.9,357.8,-70.07049836065573,34.18032786885246,1,0.0372459016393443,0.039000000000000146
vehicle_016_session_00894,vehicle_016,894,validation,122.05736880856762,31.2,328.9,329.9,331.0,332.2,-44.90130592105263,29.13157894736842,1,0.019013157894736846,0.020999999999999908
vehicle_016_session_00895,vehicle_016,895,validation,122.24654523809527,44.0,335.5,336.1,338.5,342.4,-69.61804278688524,33.08196721311475,1,0.0333606557377049,0.038000000000000256
vehicle_016_session_00896,vehicle_016,896,validation,120.9588529953146,34.0,332.2,332.7,333.9,336.1,-70.17869852459016,33.77049180327869,1,0.028131147540983625,0.03000000000000025
vehicle_016_session_00897,vehicle_016,897,validation,123.47169069664902,67.6,354.7,355.5,358.6,362.7,-70.17542032786885,37.0,0,0.0374426229508196,0.03900000000000059
vehicle_016_session_00898,vehicle_016,898,validation,123.27843144707212,55.2,342.7,343.5,346.1,349.1,-49.957372786885244,35.0,0,0.03288524590163935,0.03699999999999992
vehicle_016_session_00899,vehicle_016,899,validation,118.27057438568374,38.4,332.8,333.2,334.4,336.1,-50.03934819672131,34.75409836065574,1,0.023836065573770524,0.02699999999999969
vehicle_016_session_00900,vehicle_016,900,validation,118.80425176656917,42.4,334.6,334.9,336.3,338.5,-49.765590327868864,35.278688524590166,1,0.02529508196721306,0.028000000000000025
vehicle_016_session_00901,vehicle_016,901,validation,122.3868509027778,65.6,351.9,352.5,354.7,357.5,-49.77870639344264,37.0,0,0.03100000000000003,0.03200000000000003
vehicle_016_session_00902,vehicle_016,902,validation,121.36262966681063,20.4,327.2,328.6,330.0,331.4,-70.07200573333334,33.64,1,0.02529333333333334,0.028000000000000025
vehicle_016_session_00903,vehicle_016,903,validation,120.17135651154402,34.8,332.8,333.0,334.6,336.8,-70.50163950819672,33.19672131147541,1,0.028409836065573773,0.030999999999999694
vehicle_016_session_00904,vehicle_016,904,validation,120.64429179526749,32.8,330.0,331.3,332.8,334.9,-70.04262721311476,32.049180327868854,2,0.027377049180327913,0.03000000000000025
vehicle_016_session_00905,vehicle_016,905,validation,121.79900981280196,54.4,343.2,344.1,347.7,351.8,-69.95901426229507,34.704918032786885,1,0.03760655737704918,0.040000000000000036
vehicle_016_session_00906,vehicle_016,906,validation,122.855684077381,61.6,349.7,350.5,353.8,357.7,-70.28198540983607,36.0,0,0.03755737704918037,0.039000000000000146
vehicle_016_session_00907,vehicle_016,907,validation,122.25648691789218,16.0,322.8,324.9,326.7,328.0,-44.52367460526315,33.0,0,0.02157894736842102,0.02499999999999991
vehicle_016_session_00908,vehicle_016,908,validation,121.6900015733507,44.4,334.2,335.7,338.6,343.0,-70.51311606557377,31.65573770491803,1,0.034770491803278666,0.040000000000000036
vehicle_016_session_00909,vehicle_016,909,validation,122.4380935763889,70.0,357.1,357.8,361.1,365.3,-70.5852531147541,33.57377049180328,1,0.03832786885245899,0.040000000000000036
vehicle_016_session_00910,vehicle_016,910,validation,120.35134987052734,44.0,336.1,336.8,339.3,343.6,-70.0754155737705,28.508196721311474,1,0.03422950819672131,0.040000000000000036
vehicle_016_session_00911,vehicle_016,911,validation,123.56899396630234,52.8,339.6,341.8,346.4,350.8,-70.03770868852459,27.770491803278688,1,0.03985245901639349,0.04400000000000004
vehicle_016_session_00912,vehicle_016,912,validation,122.5418845129376,52.4,340.8,341.9,345.8,350.2,-69.28198540983607,29.42622950819672,1,0.03860655737704916,0.04200000000000026
vehicle_016_session_00913,vehicle_016,913,validation,118.58696739130438,37.2,333.8,334.1,335.8,338.3,-69.22624213114756,30.114754098360656,2,0.029114754098360632,0.03200000000000003
vehicle_016_session_00914,vehicle_016,914,validation,123.5411468482906,62.8,349.6,350.5,353.9,358.0,-70.1180418032787,33.0,0,0.037721311475409844,0.039000000000000146
vehicle_016_session_00915,vehicle_016,915,validation,123.95746860596711,43.6,333.6,335.25,338.075,342.2,-69.85844714285713,30.48051948051948,1,0.03328571428571426,0.039000000000000146
vehicle_016_session_00916,vehicle_016,916,validation,123.69978386752139,61.2,349.9,350.7,353.8,357.8,-69.98688459016394,33.0,0,0.0378688524590164,0.040000000000000036
vehicle_016_session_00917,vehicle_016,917,validation,119.73825685541311,28.4,330.8,331.1,332.4,334.1,-70.12787721311477,30.34426229508197,1,0.026573770491803306,0.028999999999999915
vehicle_016_session_00918,vehicle_016,918,validation,121.46329947916664,60.0,349.1,349.9,353.0,357.1,-69.98197114754097,34.0,0,0.03660655737704923,0.038000000000000256
vehicle_016_session_00919,vehicle_016,919,validation,119.32043700396827,45.6,338.0,338.6,341.4,345.8,-69.92458983606558,28.934426229508198,2,0.03522950819672133,0.039000000000000146
vehicle_016_session_00920,vehicle_016,920,validation,122.4141455808081,73.6,360.8,361.8,365.0,369.4,-69.90328262295081,31.39344262295082,1,0.037672131147541026,0.040000000000000036
vehicle_016_session_00921,vehicle_016,921,validation,120.52891933028921,21.6,330.0,330.3,331.1,332.4,-70.0,26.508196721311474,1,0.02483606557377053,0.026000000000000245
vehicle_016_session_00922,vehicle_016,922,validation,121.93255565476193,50.8,341.4,342.2,345.5,349.7,-69.96393475409836,30.491803278688526,1,0.036393442622950814,0.0389999999999997
vehicle_016_session_00923,vehicle_016,923,validation,120.21627470238097,49.6,339.9,340.7,344.1,348.3,-70.07213590163936,29.049180327868854,2,0.03742622950819669,0.040000000000000036
vehicle_016_session_00924,vehicle_016,924,validation,123.91945437499999,77.6,363.6,364.6,368.0,372.4,-70.0426255737705,31.311475409836067,1,0.03827868852459013,0.040000000000000036
vehicle_016_session_00925,vehicle_016,925,validation,121.65845343320848,56.8,342.7,344.35,347.15,349.9,-44.92665933333333,27.0,0,0.03203999999999999,0.03699999999999992
vehicle_016_session_00926,vehicle_016,926,validation,119.97639578703699,38.4,332.4,333.6,335.8,338.9,-70.00491852459017,25.049180327868854,2,0.030163934426229493,0.0349999999999997
vehicle_016_session_00927,vehicle_016,927,validation,121.78658382161454,68.8,356.4,357.2,360.5,364.6,-70.05902213114756,28.327868852459016,1,0.03775409836065567,0.03900000000000059
vehicle_016_session_00928,vehicle_016,928,validation,118.96091029228853,28.4,332.1,332.4,333.6,335.3,-70.40163016393441,21.60655737704918,1,0.026721311475409862,0.02900000000000036
vehicle_016_session_00929,vehicle_016,929,validation,118.41919974662163,55.2,346.6,347.5,350.8,354.7,-70.4688493442623,25.540983606557376,1,0.03639344262295079,0.03799999999999981
vehicle_016_session_00930,vehicle_016,930,validation,118.4561482505342,7.2,321.3,322.9,325.5,327.7,-59.93421250000001,25.75,1,0.02523684210526313,0.027000000000000135
vehicle_016_session_00931,vehicle_016,931,validation,120.68344639459664,38.8,331.7,332.9,334.9,337.4,-60.122376842105254,23.776315789473685,1,0.026868421052631552,0.029999999999999805
vehicle_016_session_00932,vehicle_016,932,validation,124.2750460967433,75.2,360.8,361.6,365.0,369.6,-70.64263295081967,29.0,0,0.03883606557377042,0.040000000000000036
vehicle_016_session_00933,vehicle_016,933,validation,121.13891541666672,75.2,360.5,361.1,363.5,366.4,-49.71148655737705,25.885245901639344,1,0.03219672131147548,0.034000000000000696
vehicle_016_session_00934,vehicle_016,934,validation,120.51261991567459,35.6,328.8,330.7,332.4,333.9,-37.61310570491802,18.983606557377048,0,0.01814754098360656,0.02200000000000024
vehicle_016_session_00935,vehicle_016,935,validation,120.05321934702242,42.4,333.8,335.4,338.25,342.4,-70.10526986842106,23.42105263157895,1,0.034236842105263156,0.040000000000000036
vehicle_016_session_00936,vehicle_016,936,validation,119.9963191439637,58.0,347.7,348.6,352.0,355.8,-69.38196262295082,24.524590163934427,1,0.03801639344262294,0.040000000000000036
vehicle_016_session_00937,vehicle_016,937,validation,120.63622071012549,58.0,346.1,348.2,351.9,356.0,-69.3409880327869,24.81967213114754,1,0.038754098360655756,0.040999999999999925
vehicle_016_session_00938,vehicle_016,938,validation,118.44934789440883,15.6,325.2,326.65,328.70000000000005,329.9,-60.05000460526314,23.0,0,0.023342105263157876,0.027000000000000135
vehicle_016_session_00939,vehicle_016,939,validation,118.54452597031967,47.6,338.5,339.1,342.2,346.8,-70.00983918032787,26.540983606557376,1,0.03760655737704924,0.04100000000000037
vehicle_016_session_00940,vehicle_016,940,validation,124.32158794070514,76.8,362.8,363.6,367.1,371.4,-69.98688786885245,28.918032786885245,1,0.039360655737704975,0.04100000000000037
vehicle_016_session_00941,vehicle_016,941,validation,117.1846117988782,18.0,326.9,328.3,330.0,331.4,-70.65162258064514,25.725806451612904,1,0.025048387096774243,0.028000000000000025
vehicle_016_session_00942,vehicle_016,942,validation,119.69012209201394,59.6,349.1,349.9,353.0,357.1,-70.69017393442623,30.983606557377048,0,0.03659016393442624,0.038000000000000256
vehicle_016_session_00943,vehicle_016,943,validation,120.78463110702613,49.2,337.2,339.3,343.9,348.6,-69.99344262295082,21.672131147540984,1,0.03913114754098358,0.04200000000000026
vehicle_016_session_00944,vehicle_016,944,validation,117.63473972222228,45.6,337.7,338.3,341.1,345.7,-70.17214114754097,24.65573770491803,1,0.03559016393442625,0.040000000000000036
vehicle_016_session_00945,vehicle_016,945,validation,121.82668164488015,75.6,362.1,363.0,366.4,370.7,-70.23607918032786,27.508196721311474,1,0.038557377049180365,0.04100000000000037
vehicle_016_session_00946,vehicle_016,946,validation,117.43234792843695,30.4,330.3,331.6,333.5,335.7,-69.71476786885246,24.442622950819672,1,0.02722950819672134,0.03000000000000025
vehicle_016_session_00947,vehicle_016,947,validation,118.9289840571205,54.4,345.5,346.3,349.7,353.6,-69.84263016393442,27.78688524590164,1,0.036901639344262306,0.039000000000000146
vehicle_016_session_00948,vehicle_016,948,validation,117.38651648009949,38.4,333.3,333.6,335.3,337.8,-60.16066229508198,26.540983606557376,1,0.02749180327868852,0.03000000000000025
vehicle_016_session_00949,vehicle_016,949,validation,121.39982589869278,65.6,353.0,353.5,356.1,359.3,-56.6819724590164,29.0,0,0.033885245901639355,0.03500000000000014
vehicle_016_session_00950,vehicle_016,950,validation,118.31526350837142,52.4,342.4,343.2,346.9,351.0,-69.86557672131147,31.60655737704918,1,0.03824590163934425,0.040999999999999925
vehicle_016_session_00951,vehicle_016,951,validation,118.06278676470589,26.4,328.9,329.6,330.7,331.9,-57.09181032786885,27.934426229508198,1,0.02208196721311477,0.02400000000000002
vehicle_016_session_00952,vehicle_016,952,validation,116.47975885416663,46.8,337.5,338.0,340.0,343.6,-55.078694098360664,30.21311475409836,1,0.03152459016393443,0.03600000000000003
vehicle_016_session_00953,vehicle_016,953,validation,120.25248393361576,70.8,356.8,357.4,359.9,363.2,-55.15574393442624,32.0,0,0.03359016393442622,0.03599999999999959
vehicle_016_session_00954,vehicle_016,954,validation,116.48611909722224,17.6,327.1,328.3,329.7,330.7,-58.47049360655739,18.295081967213115,6,0.02265573770491803,0.02400000000000002
vehicle_016_session_00955,vehicle_016,955,validation,115.0674080882353,45.6,338.8,339.4,342.4,346.8,-69.9852493442623,27.9672131147541,2,0.038295081967213186,0.04200000000000026
vehicle_016_session_00956,vehicle_016,956,validation,121.93404097222223,73.2,360.3,361.1,364.4,368.6,-69.94590819672132,29.721311475409838,1,0.0401639344262295,0.0420000000000007
vehicle_016_session_00957,vehicle_016,957,validation,115.64816537571225,47.2,339.3,339.9,343.2,347.5,-70.22951754098361,22.131147540983605,2,0.039098360655737734,0.04200000000000026
vehicle_016_session_00958,vehicle_016,958,validation,116.15225957809226,31.6,330.7,331.9,333.84,336.1,-70.04426655737704,18.885245901639344,2,0.028508196721311503,0.03100000000000014
vehicle_016_session_00959,vehicle_016,959,validation,116.92568290165164,52.8,343.8,344.6,348.2,352.2,-69.99508573770493,21.65573770491803,1,0.03960655737704919,0.041999999999999815
vehicle_016_session_00960,vehicle_016,960,validation,117.3657830120232,18.8,326.9,328.8,330.5,331.9,-69.01311606557377,18.639344262295083,1,0.02491803278688526,0.027000000000000135
vehicle_016_session_00961,vehicle_016,961,validation,115.26170138888887,45.6,338.5,339.1,342.1,346.1,-69.09673081967213,22.639344262295083,1,0.03622950819672137,0.04100000000000037
vehicle_016_session_00962,vehicle_016,962,validation,115.17909769880175,27.6,329.9,330.2,331.0,332.1,-44.79182245901641,21.885245901639344,1,0.01932786885245908,0.02100000000000035
vehicle_016_session_00963,vehicle_016,963,validation,113.15759563626132,48.0,338.6,338.9,341.1,344.1,-44.700010000000006,23.721311475409838,1,0.031803278688524596,0.03500000000000014
vehicle_016_session_00964,vehicle_016,964,validation,116.8677007797271,62.8,351.1,351.8,354.4,357.5,-57.04262852459017,21.0327868852459,1,0.03483606557377056,0.03600000000000003
vehicle_016_session_00965,vehicle_016,965,validation,116.68778605124525,14.8,327.4,327.8,329.4,330.7,-69.87213278688523,21.688524590163933,1,0.02544262295081969,0.02900000000000036
vehicle_016_session_00966,vehicle_016,966,validation,119.12195680765996,49.6,339.4,340.0,343.0,347.2,-69.86557885245902,25.639344262295083,1,0.036213114754098406,0.039000000000000146
vehicle_016_session_00967,vehicle_016,967,validation,124.11326068376067,76.0,360.8,361.6,364.9,369.3,-69.87705409836065,28.0,0,0.03888524590163935,0.04100000000000037
vehicle_016_session_00968,vehicle_016,968,validation,117.630595460199,53.2,343.5,344.4,348.0,352.1,-70.47704688524591,23.81967213114754,1,0.03970491803278688,0.04200000000000026
vehicle_016_session_00969,vehicle_016,969,validation,113.80730598958338,35.6,333.8,334.2,336.0,338.5,-70.10328737704918,23.672131147540984,1,0.03042622950819672,0.03400000000000025
vehicle_016_session_00970,vehicle_016,970,validation,119.02668860229278,67.6,355.5,356.3,359.6,363.6,-70.12951786885246,27.0,0,0.03914754098360652,0.04100000000000037
vehicle_016_session_00971,vehicle_016,971,validation,119.8265902192983,59.6,345.8,347.45,350.2,352.7,-44.657901710526325,22.526315789473685,1,0.03182894736842103,0.03399999999999981
vehicle_016_session_00972,vehicle_016,972,validation,106.12941575854693,65.6,352.1,353.76,356.6,359.7,-56.600005081967225,22.34426229508197,1,0.03462295081967216,0.03600000000000003
vehicle_016_session_00973,vehicle_016,973,validation,119.29886423611116,53.6,338.9,341.35,344.7,347.8,-45.03158921052633,22.0,0,0.03515789473684213,0.038000000000000256
vehicle_016_session_00974,vehicle_016,974,validation,112.75002500000001,36.4,332.7,332.8,333.9,335.3,-45.100010000000005,21.442622950819672,1,0.02198360655737706,0.02400000000000002
vehicle_016_session_00975,vehicle_016,975,validation,118.8477806857639,50.0,337.8,339.79999999999995,344.5,349.1,-70.08000520000002,23.666666666666668,1,0.04009333333333332,0.04300000000000015
vehicle_016_session_00976,vehicle_016,976,validation,114.11608166035353,32.8,328.0,330.5,331.7,333.2,-44.467222852459024,26.0,0,0.02021311475409832,0.022999999999999687
vehicle_016_session_00977,vehicle_016,977,validation,116.5083591666667,59.2,347.1,347.7,349.9,352.4,-45.100010000000005,28.0,0,0.030868852459016365,0.03299999999999992
vehicle_016_session_00978,vehicle_016,978,validation,117.64705882352938,54.0,341.3,341.9,344.7,347.7,-45.0,25.59016393442623,1,0.034327868852459024,0.03600000000000003
vehicle_016_session_00979,vehicle_016,979,validation,114.89585610569988,29.6,331.4,331.7,333.0,334.9,-69.27214836065573,24.737704918032787,1,0.027327868852459043,0.029999999999999805
vehicle_016_session_00980,vehicle_016,980,validation,116.22331944444444,60.4,349.6,350.3,353.5,357.4,-69.26395081967215,28.475409836065573,1,0.037672131147541005,0.039000000000000146
vehicle_016_session_00981,vehicle_016,981,validation,113.49518301971324,32.4,330.8,332.2,334.1,336.4,-69.80000426229509,21.59016393442623,1,0.028262295081967218,0.03000000000000025
vehicle_016_session_00982,vehicle_016,982,validation,115.99306298076922,57.2,347.4,348.2,351.4,355.5,-70.02951114754099,24.901639344262296,1,0.03798360655737704,0.039000000000000146
vehicle_016_session_00983,vehicle_016,983,validation,117.42104495884776,32.8,331.0,332.45,334.4,336.8,-69.97466986666666,21.56,1,0.028320000000000012,0.03100000000000014
vehicle_016_session_00984,vehicle_016,984,validation,115.75704714397492,50.0,340.3,341.1,344.7,348.9,-70.0311506557377,30.327868852459016,1,0.0390327868852459,0.04200000000000026
vehicle_016_session_00985,vehicle_016,985,validation,116.79292929292929,66.0,353.0,353.6,355.8,358.8,-50.0,29.0,0,0.03232786885245902,0.03400000000000025
vehicle_016_session_00986,vehicle_016,986,validation,118.22607943783069,13.6,324.6,325.7,327.9,329.4,-60.02368828947368,30.0,0,0.024355263157894748,0.027000000000000135
vehicle_016_session_00987,vehicle_016,987,validation,119.10248867187501,40.0,333.2,334.5,337.15,341.0,-74.15132473684211,28.105263157894736,2,0.03290789473684209,0.038000000000000256
vehicle_016_session_00988,vehicle_016,988,validation,115.76095989827857,41.6,335.7,336.1,338.2,342.1,-70.04590622950819,26.081967213114755,2,0.0330491803278688,0.039000000000000146
vehicle_016_session_00989,vehicle_016,989,validation,119.54545946969698,70.4,357.2,358.0,361.3,365.3,-70.01311606557377,28.34426229508197,1,0.03883606557377043,0.04100000000000037
vehicle_016_session_00990,vehicle_016,990,validation,115.32202485761391,26.4,328.9,330.2,331.65,333.2,-60.009213947368416,19.18421052631579,1,0.02327631578947372,0.02699999999999969
vehicle_016_session_00991,vehicle_016,991,validation,115.54096611015981,37.2,331.7,333.0,335.0,337.4,-60.31974302631579,19.644736842105264,1,0.027526315789473666,0.030999999999999694
vehicle_016_session_00992,vehicle_016,992,validation,115.86210233134922,18.0,328.6,328.9,329.6,331.1,-61.709836557377045,20.885245901639344,8,0.024213114754098364,0.028000000000000025
vehicle_016_session_00993,vehicle_016,993,validation,116.65092435185183,46.4,338.6,339.3,342.2,346.6,-69.98688393442623,28.42622950819672,1,0.038409836065573834,0.04200000000000026
vehicle_016_session_00994,vehicle_016,994,validation,121.46991115196073,76.8,362.7,363.6,367.1,371.4,-69.99016295081967,30.0,0,0.04121311475409832,0.04300000000000015
vehicle_016_session_00995,vehicle_016,995,validation,117.94728507532956,60.4,348.2,350.3,354.1,358.2,-70.11968213114754,24.80327868852459,1,0.03965573770491806,0.040999999999999925
vehicle_016_session_00996,vehicle_016,996,validation,117.03049087893866,18.8,328.3,328.8,329.7,331.3,-60.70492754098361,19.62295081967213,6,0.02334426229508198,0.028000000000000025
vehicle_016_session_00997,vehicle_016,997,validation,115.90883685587765,46.0,338.5,339.1,342.1,346.4,-70.21312606557377,28.114754098360656,2,0.03818032786885248,0.04200000000000026
vehicle_016_session_00998,vehicle_016,998,validation,116.85879055028126,32.8,330.3,331.6,333.5,335.8,-70.09342789473685,27.657894736842106,1,0.029381578947368422,0.03299999999999992
vehicle_016_session_00999,vehicle_016,999,validation,119.29203321314101,64.8,351.6,353.2,356.5,360.5,-70.07333773333335,30.786666666666665,1,0.039373333333333364,0.04100000000000037
vehicle_016_session_01000,vehicle_016,1000,validation,117.13803404466968,23.6,328.5,329.65,330.9,332.7,-59.993336933333325,18.733333333333334,7,0.02326666666666668,0.028999999999999915
vehicle_016_session_01001,vehicle_016,1001,validation,115.79862215909093,50.4,341.8,342.5,346.3,350.3,-70.1098431147541,20.40983606557377,1,0.03786885245901635,0.040000000000000036
vehicle_016_session_01002,vehicle_016,1002,validation,122.3713368736383,76.8,363.5,364.4,367.8,370.8,-65.3426286885246,22.78688524590164,1,0.03742622950819677,0.04100000000000037
vehicle_016_session_01003,vehicle_016,1003,validation,118.83868915277782,37.6,331.4,332.75,334.7,337.2,-60.11184907894736,24.144736842105264,1,0.026907894736842103,0.03000000000000025
vehicle_016_session_01004,vehicle_016,1004,validation,116.36644764855836,36.4,331.0,332.2,334.1,336.3,-60.173695921052634,24.276315789473685,1,0.026223684210526326,0.028000000000000025
vehicle_016_session_01005,vehicle_016,1005,validation,115.60697113997115,46.8,338.6,339.3,342.4,346.9,-70.04098836065575,27.59016393442623,1,0.03734426229508199,0.040000000000000036
vehicle_016_session_01006,vehicle_016,1006,validation,119.60990012254898,77.6,363.6,364.6,367.8,372.4,-70.04590786885245,30.0,0,0.03914754098360656,0.04100000000000037
vehicle_016_session_01007,vehicle_016,1007,validation,115.28065692515433,42.0,335.5,336.0,338.3,342.2,-69.89343459016393,26.459016393442624,1,0.03347540983606554,0.039000000000000146
vehicle_016_session_01008,vehicle_016,1008,validation,118.15917173721338,64.8,353.5,354.3,357.5,361.6,-69.36229639344262,25.540983606557376,1,0.03788524590163928,0.039000000000000146
vehicle_016_session_01009,vehicle_016,1009,validation,117.20981919642858,62.0,350.5,351.4,354.9,358.9,-69.99508147540983,25.0,0,0.03818032786885247,0.040000000000000036
vehicle_016_session_01010,vehicle_016,1010,validation,117.33276828703704,62.0,348.9,351.0,353.9,357.2,-57.05410508196722,22.0,0,0.03472131147540985,0.03600000000000003
vehicle_016_session_01011,vehicle_016,1011,validation,120.42181790123459,73.2,360.5,361.3,363.9,368.0,-64.68852573770492,21.0,0,0.03775409836065584,0.04000000000000048
vehicle_016_session_01012,vehicle_016,1012,validation,115.36688508909856,42.0,333.9,335.3,337.4,340.3,-58.209847868852464,17.475409836065573,6,0.031114754098360606,0.03600000000000003
vehicle_016_session_01013,vehicle_016,1013,validation,118.00013414797012,74.0,360.8,361.4,364.9,368.6,-68.43934147540983,27.262295081967213,2,0.04316393442622955,0.04500000000000082
vehicle_016_session_01014,vehicle_016,1014,validation,114.83823043699188,35.2,333.6,334.1,335.7,338.2,-69.89507344262294,22.229508196721312,1,0.030459016393442583,0.03299999999999992
vehicle_016_session_01015,vehicle_016,1015,validation,119.29019651442309,68.4,356.1,356.9,360.0,364.1,-69.90982704918032,25.131147540983605,1,0.03906557377049175,0.04099999999999948
vehicle_016_session_01016,vehicle_016,1016,validation,116.07991898148147,38.8,333.5,334.1,335.8,339.1,-61.50164393442624,21.147540983606557,7,0.03024590163934425,0.038000000000000256
vehicle_016_session_01017,vehicle_016,1017,validation,119.03430002170136,66.8,355.2,356.0,359.1,363.3,-70.05738442622952,27.639344262295083,1,0.040606557377049164,0.04200000000000026
vehicle_016_session_01018,vehicle_016,1018,validation,115.76641747181968,46.0,336.8,337.7,341.1,346.1,-70.14427032786887,22.459016393442624,1,0.03814754098360658,0.04300000000000015
vehicle_016_session_01019,vehicle_016,1019,validation,118.97175255847945,73.6,360.5,361.3,364.7,368.3,-69.70984393442623,24.78688524590164,1,0.04000000000000002,0.0420000000000007
vehicle_016_session_01020,vehicle_016,1020,validation,116.25849665300548,44.4,337.1,337.7,340.7,345.2,-70.6082055737705,21.081967213114755,2,0.037081967213114755,0.04200000000000026
vehicle_016_session_01021,vehicle_016,1021,validation,120.20778221766854,69.2,357.2,358.0,361.1,365.5,-70.64919016393442,23.098360655737704,1,0.03934426229508195,0.04100000000000037
vehicle_016_session_01022,vehicle_016,1022,validation,115.94619103009262,63.6,352.8,353.6,357.1,361.1,-70.09016967213115,22.0,0,0.03962295081967214,0.040999999999999925
vehicle_016_session_01023,vehicle_016,1023,validation,117.39790196078432,66.0,352.8,353.5,355.7,358.3,-45.100010000000005,18.83606557377049,1,0.03154098360655739,0.03299999999999992
vehicle_016_session_01024,vehicle_016,1024,validation,115.85536734617682,21.2,327.1,328.6,329.9,331.7,-60.444267377049194,19.442622950819672,6,0.02337704918032787,0.028000000000000025
vehicle_016_session_01025,vehicle_016,1025,validation,117.03405291666664,17.2,325.8,326.3,327.2,328.8,-40.27378049180328,20.540983606557376,6,0.018704918032786892,0.02200000000000024
vehicle_016_session_01026,vehicle_016,1026,validation,115.72306249999998,54.0,343.2,343.8,346.3,349.3,-49.700010000000006,28.0,0,0.03431147540983605,0.037000000000000366
vehicle_016_session_01027,vehicle_016,1027,validation,120.93631779970765,74.4,359.9,360.3,362.7,365.8,-49.700010000000006,29.0,0,0.03418032786885245,0.036000000000000476
vehicle_016_session_01028,vehicle_016,1028,validation,115.5290874565972,46.4,338.5,339.1,342.4,346.9,-70.0573824590164,26.459016393442624,2,0.04073770491803281,0.04400000000000004
vehicle_016_session_01029,vehicle_016,1029,validation,117.63801516529733,38.4,332.7,334.29999999999995,336.85,340.2,-70.02500355263157,19.86842105263158,2,0.03169736842105259,0.037000000000000366
vehicle_016_session_01030,vehicle_016,1030,validation,119.32258781067254,44.4,334.7,336.6,339.9375,344.6,-70.14000933333332,20.76,1,0.03726666666666663,0.04300000000000015
vehicle_016_session_01031,vehicle_016,1031,validation,111.88840224358981,41.2,334.7,335.0,336.4,338.3,-44.80985311475412,22.672131147540984,1,0.02345901639344258,0.026000000000000245
vehicle_016_session_01032,vehicle_016,1032,validation,116.38118821649029,63.2,351.6,352.2,354.7,357.8,-56.34426852459018,22.0,0,0.034344262295081994,0.03600000000000003
vehicle_016_session_01033,vehicle_016,1033,validation,116.11116294642862,46.4,336.4,336.9,338.6,341.4,-44.80002000000002,22.327868852459016,1,0.02822950819672131,0.03399999999999981
vehicle_016_session_01034,vehicle_016,1034,validation,117.94284722222223,16.0,328.3,328.8,329.9,331.1,-70.56066147540982,24.131147540983605,1,0.025426229508196722,0.028000000000000025
vehicle_016_session_01035,vehicle_016,1035,validation,118.45995106837607,44.0,337.1,337.5,339.7,343.6,-70.61804180327869,27.639344262295083,1,0.03337704918032785,0.039000000000000146
vehicle_016_session_01036,vehicle_016,1036,validation,114.93525131381385,33.2,333.2,333.5,334.9,337.1,-69.9950844262295,24.098360655737704,2,0.02801639344262292,0.03000000000000025
vehicle_016_session_01037,vehicle_016,1037,validation,118.53851541456233,63.2,351.8,352.5,355.7,359.7,-69.97705180327868,27.491803278688526,1,0.03698360655737707,0.038000000000000256
vehicle_016_session_01038,vehicle_016,1038,validation,114.06336165495314,36.0,334.2,334.7,336.4,339.3,-70.24263721311476,23.42622950819672,1,0.02993442622950817,0.03399999999999981
vehicle_016_session_01039,vehicle_016,1039,validation,118.72485255028734,69.6,357.4,358.2,361.4,365.7,-70.39179901639343,27.0,0,0.038278688524590106,0.040000000000000036
vehicle_016_session_01040,vehicle_016,1040,validation,121.2152965277778,74.4,361.1,361.9,365.3,368.8,-69.00820409836066,24.0,0,0.03932786885245908,0.04100000000000037
vehicle_016_session_01041,vehicle_016,1041,validation,117.0135451702509,35.2,329.9,331.3,332.7,334.1,-43.132911578947386,21.0,0,0.020434210526315822,0.02300000000000013
vehicle_016_session_01042,vehicle_016,1042,validation,118.8259908536586,47.6,335.8,337.0,339.5,342.5,-43.304018800000016,21.0,0,0.030079999999999992,0.03500000000000014
vehicle_016_session_01043,vehicle_016,1043,validation,116.09126280663783,48.8,339.3,340.2,344.1,348.6,-69.9770468852459,21.16393442622951,2,0.03947540983606559,0.04200000000000026
vehicle_016_session_01044,vehicle_016,1044,validation,115.00508341802166,33.6,332.7,333.0,334.6,336.8,-70.36885180327869,23.278688524590162,1,0.028819672131147542,0.03100000000000014
vehicle_016_session_01045,vehicle_016,1045,validation,119.92034487336603,66.4,354.3,355.0,358.2,362.4,-70.38688114754098,27.0,0,0.0383934426229508,0.04000000000000048
vehicle_016_session_01046,vehicle_016,1046,validation,118.09790496575344,53.2,342.7,343.5,347.1,351.3,-70.12460016393442,27.83606557377049,1,0.03893442622950818,0.04100000000000037
vehicle_016_session_01047,vehicle_016,1047,validation,116.32287030516432,46.4,334.7,337.4,341.1,346.0,-69.74754655737705,24.639344262295083,1,0.036672131147540976,0.041999999999999815
vehicle_016_session_01048,vehicle_016,1048,validation,120.59561979166669,74.8,361.1,362.1,365.3,369.7,-69.9688493442623,27.0,0,0.03860655737704926,0.04099999999999948
vehicle_016_session_01049,vehicle_016,1049,validation,112.99150963840997,32.8,331.1,332.7,334.7,337.2,-74.385248852459,23.40983606557377,1,0.029836065573770453,0.03299999999999992
vehicle_016_session_01050,vehicle_016,1050,validation,117.02561608935744,56.0,346.6,347.5,351.0,355.0,-74.20328803278687,26.42622950819672,1,0.038901639344262266,0.040999999999999925
vehicle_016_session_01051,vehicle_016,1051,validation,114.25967332251086,66.0,353.2,354.5,358.1,362.2,-70.20264328947368,27.82894736842105,1,0.03848684210526314,0.040000000000000036
vehicle_016_session_01052,vehicle_016,1052,validation,120.19815862037038,67.6,353.8,355.5,359.1,363.3,-70.24869907894735,26.973684210526315,1,0.038881578947368364,0.04000000000000048
vehicle_016_session_01053,vehicle_016,1053,validation,109.44647366666668,71.2,357.5,359.35,363.1,367.4,-70.28267453333332,26.14666666666667,1,0.03921333333333334,0.04100000000000037
vehicle_016_session_01054,vehicle_016,1054,validation,117.11724906400967,24.0,328.9,330.0,331.6,333.0,-70.01866986666668,27.69333333333333,1,0.02605333333333336,0.028999999999999915
vehicle_016_session_01055,vehicle_016,1055,validation,116.25186768018018,48.0,339.3,340.0,343.2,347.5,-70.3704906557377,29.34426229508197,1,0.03795081967213114,0.040000000000000036
vehicle_016_session_01056,vehicle_016,1056,validation,117.3570693239796,45.6,336.0,337.5,341.1,346.1,-69.89671754098362,27.65573770491803,1,0.038852459016393455,0.042999999999999705
vehicle_016_session_01057,vehicle_016,1057,validation,118.85764915674605,53.6,342.5,343.6,347.4,351.8,-70.0934513114754,24.39344262295082,1,0.04049180327868852,0.04400000000000004
vehicle_016_session_01058,vehicle_016,1058,validation,114.45807346132898,44.4,332.8,337.1,340.7,345.5,-69.45410360655738,22.704918032786885,1,0.03672131147540985,0.04100000000000037
vehicle_016_session_01059,vehicle_016,1059,validation,118.34560534109477,64.8,354.1,354.9,358.0,362.2,-70.19673032786886,24.688524590163933,1,0.038442622950819655,0.040000000000000036
vehicle_016_session_01060,vehicle_016,1060,validation,113.90267622716898,36.4,333.6,334.1,336.3,339.1,-70.44917524590164,23.081967213114755,2,0.029999999999999995,0.03500000000000014
vehicle_016_session_01061,vehicle_016,1061,validation,118.10735758377425,65.6,354.6,355.3,358.5,362.5,-70.44753639344262,26.75409836065574,1,0.03772131147540984,0.03900000000000059
vehicle_016_session_01062,vehicle_016,1062,validation,119.23230843098953,70.8,357.1,358.0,361.6,365.8,-70.37868491803277,26.278688524590162,1,0.0389508196721312,0.04100000000000037
vehicle_016_session_01063,vehicle_016,1063,validation,117.7943974436393,51.2,339.3,341.1,346.0,350.3,-70.091811147541,23.75409836065574,2,0.03999999999999995,0.04300000000000015
vehicle_016_session_01064,vehicle_016,1064,validation,118.75303845959598,53.6,340.5,342.6,346.6,350.3,-60.0776375,27.0,0,0.03789473684210524,0.04300000000000015
vehicle_016_session_01065,vehicle_016,1065,validation,115.27541199712645,20.8,328.0,329.4,331.0,332.5,-70.25903229508197,23.672131147540984,1,0.025360655737704935,0.027000000000000135
vehicle_016_session_01066,vehicle_016,1066,validation,113.69860755098458,44.0,338.0,338.6,341.3,345.7,-70.28854344262294,27.18032786885246,2,0.035950819672131165,0.040000000000000036
vehicle_016_session_01067,vehicle_016,1067,validation,122.7533863168725,76.0,362.4,363.3,366.8,371.1,-70.30329704918033,30.0,0,0.03945901639344256,0.041999999999999815
vehicle_016_session_01068,vehicle_016,1068,validation,119.52501434968848,54.8,341.9,344.20000000000005,348.4,352.5,-70.18667853333332,31.0,0,0.04007999999999998,0.04400000000000004
vehicle_016_session_01069,vehicle_016,1069,validation,117.85578531746033,44.4,333.6,334.79999999999995,336.8375,339.4,-45.001333466666665,22.813333333333333,1,0.02639999999999995,0.03100000000000014
vehicle_016_session_01070,vehicle_016,1070,validation,118.08187568392259,56.4,345.7,346.4,349.9,353.9,-70.14427229508198,28.80327868852459,1,0.03865573770491801,0.04100000000000037
vehicle_016_session_01071,vehicle_016,1071,validation,115.318638939951,13.6,326.6,327.2,329.1,330.5,-70.15902475409837,28.934426229508198,1,0.026426229508196723,0.03000000000000025
vehicle_016_session_01072,vehicle_016,1072,validation,115.51899074074075,40.8,335.7,336.1,338.2,341.4,-70.09672754098361,31.868852459016395,2,0.03165573770491799,0.03699999999999992
vehicle_016_session_01073,vehicle_016,1073,validation,119.67254406130267,70.8,357.7,358.3,361.6,365.7,-70.09836655737706,34.26229508196721,1,0.037852459016393426,0.040000000000000036
vehicle_016_session_01074,vehicle_016,1074,validation,117.25240771626984,24.8,328.5,329.95,331.5,333.2,-70.12534213333333,24.72,1,0.026093333333333385,0.028000000000000025
vehicle_016_session_01075,vehicle_016,1075,validation,114.59920198412699,36.8,334.1,334.4,336.3,338.9,-70.45573524590164,30.459016393442624,1,0.030245901639344243,0.03400000000000025
vehicle_016_session_01076,vehicle_016,1076,validation,119.33147530320821,65.2,353.2,353.8,357.1,361.1,-70.39672147540985,33.0,0,0.03809836065573772,0.04000000000000048
vehicle_016_session_01077,vehicle_016,1077,validation,114.69019631410258,42.0,333.9,334.4,335.8,337.8,-45.200010000000006,27.983606557377048,1,0.02501639344262292,0.028000000000000025
vehicle_016_session_01078,vehicle_016,1078,validation,116.08704388888889,28.4,331.6,331.7,333.0,334.7,-70.05738278688526,26.39344262295082,1,0.026655737704918046,0.028000000000000025
vehicle_016_session_01079,vehicle_016,1079,validation,119.29109654706791,58.8,348.2,348.9,352.2,356.0,-70.01311606557377,30.491803278688526,1,0.037196721311475396,0.039000000000000146
vehicle_016_session_01080,vehicle_016,1080,validation,114.96390370370368,40.4,335.0,335.7,337.7,341.1,-70.17869836065573,28.114754098360656,2,0.03262295081967208,0.038000000000000256
vehicle_016_session_01081,vehicle_016,1081,validation,118.69272505787039,70.4,357.5,358.2,361.6,365.8,-70.13607459016393,31.0,0,0.03878688524590166,0.04100000000000037
vehicle_016_session_01082,vehicle_016,1082,validation,117.39242662795992,68.0,354.3,356.0,359.4,363.6,-70.12951573770493,30.16393442622951,1,0.038622950819672125,0.04000000000000048
vehicle_016_session_01083,vehicle_016,1083,validation,114.22144640062602,33.2,332.8,333.2,334.6,336.8,-69.94098803278689,31.0327868852459,2,0.028377049180327876,0.03100000000000014
vehicle_016_session_01084,vehicle_016,1084,validation,117.71360353535356,61.6,350.3,351.1,354.3,358.3,-69.91311786885247,34.0,0,0.03759016393442628,0.039000000000000146
vehicle_016_session_01085,vehicle_016,1085,validation,117.67497195512821,73.2,358.9,359.4,360.7,364.1,-42.967222131147544,27.0,0,0.03170491803278684,0.034000000000000696
vehicle_016_session_01086,vehicle_016,1086,validation,117.81226891762458,54.0,343.6,344.6,348.2,352.2,-70.04590524590162,28.278688524590162,1,0.03968852459016389,0.04200000000000026
vehicle_016_session_01087,vehicle_016,1087,validation,117.37162500000001,53.2,342.2,343.3,347.5,351.8,-69.51639508196722,25.672131147540984,1,0.04108196721311477,0.04400000000000004
vehicle_016_session_01088,vehicle_016,1088,validation,120.83170488517604,57.2,344.1,345.75,349.5,353.3,-60.2842192105263,22.75,1,0.037894736842105266,0.04100000000000037
vehicle_016_session_01089,vehicle_016,1089,validation,114.87126587858928,42.0,336.8,337.2,339.6,343.6,-70.10328508196721,22.885245901639344,2,0.03493442622950818,0.040999999999999925
vehicle_016_session_01090,vehicle_016,1090,validation,116.13002062908497,41.2,336.8,337.2,339.4,343.2,-70.18525590163934,20.934426229508198,2,0.031229508196721264,0.03600000000000003
vehicle_016_session_01091,vehicle_016,1091,validation,120.40235074955908,68.8,357.1,358.0,361.1,365.3,-70.20000999999999,24.0,0,0.036032786885245915,0.03799999999999937
vehicle_016_session_01092,vehicle_016,1092,validation,116.60659262387388,39.2,334.6,334.9,337.1,340.3,-69.42458262295082,24.62295081967213,1,0.031131147540983572,0.03600000000000003
vehicle_016_session_01093,vehicle_016,1093,validation,118.99073067129628,68.8,356.9,357.7,360.8,365.0,-69.41146655737704,27.491803278688526,1,0.03791803278688522,0.040000000000000036
vehicle_016_session_01094,vehicle_016,1094,validation,119.81384085648149,50.8,340.2,341.3,345.5,350.0,-69.4049131147541,23.131147540983605,1,0.0393606557377049,0.04100000000000037
vehicle_016_session_01095,vehicle_016,1095,validation,116.93355605158729,30.4,331.9,332.2,333.6,335.5,-69.74755573770491,29.557377049180328,1,0.027327868852459043,0.02900000000000036
vehicle_016_session_01096,vehicle_016,1096,validation,119.19713365677322,58.8,348.5,349.4,352.5,356.4,-69.73771868852458,33.0,0,0.036426229508196725,0.038000000000000256
vehicle_016_session_01097,vehicle_016,1097,validation,121.85793846766856,71.2,357.7,358.5,361.8,366.0,-69.33279508196722,26.0,0,0.03800000000000001,0.03900000000000059
vehicle_016_session_01098,vehicle_016,1098,validation,119.58608552135676,15.6,325.3,326.7,328.9,330.3,-69.06133666666666,30.893333333333334,1,0.02650666666666666,0.03100000000000014
vehicle_016_session_01099,vehicle_016,1099,validation,120.0204395489549,16.8,326.1,327.45,329.6,330.8,-70.1157967105263,28.789473684210527,1,0.027078947368421074,0.03200000000000003
vehicle_016_session_01100,vehicle_016,1100,validation,121.05681407407413,43.6,334.2,335.6,338.6,342.8,-70.69467693333333,29.413333333333334,1,0.034146666666666645,0.040000000000000036
vehicle_016_session_01101,vehicle_016,1101,validation,118.91713495024877,17.6,326.4,328.1,329.79999999999995,331.1,-70.37066546666667,27.586666666666666,1,0.025426666666666674,0.02900000000000036
vehicle_016_session_01102,vehicle_016,1102,validation,119.15610321054749,47.6,338.5,339.1,342.5,347.2,-70.7901750819672,26.983606557377048,2,0.03714754098360656,0.040000000000000036
vehicle_016_session_01103,vehicle_016,1103,validation,121.36174558080808,75.2,362.1,362.8,366.3,370.7,-70.98032590163935,29.39344262295082,1,0.038000000000000006,0.040000000000000036
vehicle_016_session_01104,vehicle_016,1104,validation,119.27080166528471,17.2,326.7,328.3,329.95,331.3,-69.92894552631579,24.460526315789473,1,0.025197368421052656,0.028999999999999915
vehicle_016_session_01105,vehicle_016,1105,validation,119.9316053554614,26.8,328.6,329.6,331.0,332.4,-60.198674933333336,27.16,1,0.023226666666666677,0.025000000000000355
vehicle_016_session_01106,vehicle_016,1106,validation,120.36164629192874,23.2,328.2,329.6,331.0,332.5,-70.19836934426229,27.83606557377049,1,0.02540983606557378,0.028000000000000025
vehicle_016_session_01107,vehicle_016,1107,validation,117.85864136225265,44.8,337.5,338.0,340.7,344.9,-70.01311508196721,30.508196721311474,1,0.03508196721311476,0.039000000000000146
vehicle_016_session_01108,vehicle_016,1108,validation,123.30640104166673,74.4,360.8,361.6,364.9,369.3,-69.96229770491804,32.49180327868852,1,0.038327868852459104,0.040000000000000036
vehicle_016_session_01109,vehicle_016,1109,validation,119.81113476691422,53.2,340.8,342.6,347.15,351.4,-70.16267093333333,26.866666666666667,1,0.039013333333333323,0.04200000000000026
vehicle_016_session_01110,vehicle_016,1110,validation,121.92917666396102,65.6,351.6,353.5,357.1,361.3,-70.78033934426229,30.360655737704917,1,0.03795081967213114,0.039000000000000146
vehicle_016_session_01111,vehicle_016,1111,validation,119.03927975288599,48.4,336.9,338.65,342.75,347.4,-69.95600013333333,29.12,2,0.03853333333333334,0.041999999999999815
vehicle_016_session_01112,vehicle_016,1112,validation,120.28147506062615,58.4,345.2,347.0,350.75,354.9,-69.91973881578947,31.289473684210527,1,0.038249999999999985,0.040999999999999925
vehicle_016_session_01113,vehicle_016,1113,validation,120.82990423611113,72.8,357.4,358.0,360.3,363.3,-49.79510147540986,35.0,0,0.03132786885245893,0.03300000000000036
vehicle_016_session_01114,vehicle_016,1114,validation,119.57810180817613,39.6,333.6,333.9,334.9,336.4,-45.17377655737705,31.0,0,0.022131147540983602,0.02400000000000002
vehicle_016_session_01115,vehicle_016,1115,validation,119.78885748873873,34.8,331.6,332.7,334.7,337.2,-70.00133533333333,24.413333333333334,1,0.028733333333333336,0.03200000000000003
vehicle_016_session_01116,vehicle_016,1116,validation,119.57088435560213,20.4,327.2,328.85,330.6,331.9,-70.02895144736843,21.38157894736842,1,0.025026315789473716,0.027000000000000135
vehicle_016_session_01117,vehicle_016,1117,validation,118.79497685185187,30.0,332.2,332.5,333.8,335.5,-70.24591131147541,27.262295081967213,1,0.027409836065573824,0.029999999999999805
vehicle_016_session_01118,vehicle_016,1118,validation,121.37594941956884,61.6,351.0,351.8,354.9,358.8,-70.23279590163935,31.0,0,0.037081967213114804,0.039000000000000146
vehicle_016_session_01119,vehicle_016,1119,validation,120.6674443158436,43.6,334.4,335.8,338.9,343.3,-70.06229983606558,22.62295081967213,1,0.03508196721311473,0.040999999999999925
vehicle_016_session_01120,vehicle_016,1120,validation,121.84616367521367,65.2,354.3,354.9,358.0,362.1,-69.96885704918033,25.0,0,0.03855737704918031,0.040000000000000036
vehicle_016_session_01121,vehicle_016,1121,validation,120.63902832602339,18.8,326.7,328.2,330.0,331.3,-70.25574836065574,24.131147540983605,2,0.025655737704918045,0.02900000000000036
vehicle_016_session_01122,vehicle_016,1122,validation,117.58612814814818,41.6,336.0,336.4,338.5,341.9,-70.16230606557377,27.24590163934426,2,0.03231147540983604,0.037000000000000366
vehicle_016_session_01123,vehicle_016,1123,validation,120.21640835813491,71.6,358.6,359.4,362.7,366.9,-70.13443377049181,30.0,0,0.03831147540983605,0.040000000000000036
vehicle_016_session_01124,vehicle_016,1124,validation,121.43549305555557,55.6,345.5,346.4,349.9,353.9,-69.97213131147541,26.459016393442624,1,0.03868852459016395,0.04100000000000037
vehicle_016_session_01125,vehicle_016,1125,validation,117.32950823539888,27.6,331.4,331.7,333.0,334.7,-69.35410213114754,24.688524590163933,1,0.02618032786885248,0.028000000000000025
vehicle_016_session_01126,vehicle_016,1126,validation,118.03074191468257,58.8,349.4,350.2,353.5,357.2,-69.38851868852458,28.983606557377048,1,0.03631147540983608,0.038000000000000256
vehicle_016_session_01127,vehicle_016,1127,validation,118.81568708279498,20.8,329.7,330.0,331.0,332.4,-70.09672622950819,26.80327868852459,1,0.025131147540983678,0.027000000000000135
vehicle_016_session_01128,vehicle_016,1128,validation,120.69577332285115,22.0,328.0,329.2,330.7,332.1,-70.34426967213116,27.40983606557377,1,0.025901639344262296,0.02900000000000036
vehicle_016_session_01129,vehicle_016,1129,validation,117.39233433977455,43.6,336.8,337.2,339.6,343.5,-70.27050557377049,29.918032786885245,2,0.03470491803278687,0.040000000000000036
vehicle_016_session_01130,vehicle_016,1130,validation,121.74233810763897,71.2,358.0,358.9,362.2,366.4,-70.24427524590163,32.0,0,0.038983606557377024,0.040000000000000036
vehicle_016_session_01131,vehicle_016,1131,validation,117.49868416132483,31.6,332.1,332.4,333.9,335.8,-69.81149196721312,27.360655737704917,1,0.027754098360655753,0.03000000000000025
vehicle_016_session_01132,vehicle_016,1132,validation,120.58820781509125,63.2,351.9,352.7,355.8,359.7,-69.88687918032788,31.0,0,0.03745901639344264,0.039000000000000146
vehicle_016_session_01133,vehicle_016,1133,validation,117.56576842592594,32.4,332.5,332.8,334.2,336.3,-69.76559032786885,27.459016393442624,1,0.02768852459016394,0.02900000000000036
vehicle_016_session_01134,vehicle_016,1134,validation,120.2863150045537,68.8,356.6,357.4,360.8,364.9,-70.01147655737705,29.065573770491802,1,0.03832786885245898,0.040000000000000036
vehicle_016_session_01135,vehicle_016,1135,validation,119.01961259191174,64.8,351.6,353.0,356.4,360.5,-70.0,28.704918032786885,1,0.038213114754098366,0.040000000000000036
vehicle_016_session_01136,vehicle_016,1136,validation,121.95793275553388,46.4,334.9,336.85,340.3,344.9,-69.98800226666667,30.626666666666665,1,0.03732000000000001,0.04300000000000015
vehicle_016_session_01137,vehicle_016,1137,validation,121.11463773148145,46.4,337.4,338.2,341.1,345.8,-70.02295475409836,30.081967213114755,2,0.03709836065573772,0.04100000000000037
vehicle_016_session_01138,vehicle_016,1138,validation,118.88732596801346,32.8,330.7,331.4,333.2,335.3,-70.18525524590163,31.049180327868854,2,0.027983606557377055,0.03100000000000014
vehicle_016_session_01139,vehicle_016,1139,validation,121.41607799919488,59.2,347.7,348.5,351.8,355.7,-70.17705950819672,34.0,0,0.03808196721311477,0.039000000000000146
vehicle_016_session_01140,vehicle_016,1140,validation,121.26838413995728,64.8,350.8,352.4,356.0,360.2,-70.05574262295082,31.098360655737704,2,0.03886885245901642,0.04000000000000048
vehicle_016_session_01141,vehicle_016,1141,validation,119.41931149355885,49.2,339.3,340.0,343.5,348.0,-69.78854213114754,31.672131147540984,1,0.03849180327868853,0.040999999999999925
vehicle_016_session_01142,vehicle_016,1142,validation,122.61667756944446,76.8,362.8,363.6,367.2,371.4,-69.8409913114754,33.98360655737705,0,0.03947540983606552,0.04100000000000037
vehicle_016_session_01143,vehicle_016,1143,validation,118.38481361607144,28.8,329.6,330.7,332.2,334.1,-69.67705918032787,30.098360655737704,2,0.027098360655737733,0.02900000000000036
vehicle_016_session_01144,vehicle_016,1144,validation,118.37715373931624,51.2,341.3,342.1,345.5,349.7,-69.68525590163934,33.032786885245905,2,0.03859016393442621,0.040000000000000036
vehicle_016_session_01145,vehicle_016,1145,validation,121.74190253119968,58.4,344.6,346.75,350.8,354.9,-69.97466906666668,28.0,0,0.038933333333333334,0.04300000000000015
vehicle_016_session_01146,vehicle_016,1146,validation,119.96860271164026,49.6,340.3,341.0,344.6,348.9,-70.63279688524591,30.704918032786885,1,0.03881967213114756,0.04100000000000037
vehicle_016_session_01147,vehicle_016,1147,validation,119.27084945776255,40.8,334.7,335.2,337.2,340.7,-70.82460278688524,30.475409836065573,1,0.03280327868852456,0.038000000000000256
vehicle_016_session_01148,vehicle_016,1148,validation,121.70309631147538,70.0,357.1,357.8,361.1,365.3,-70.88524032786884,33.0,0,0.03947540983606555,0.04100000000000037
vehicle_016_session_01149,vehicle_016,1149,validation,121.47136036005435,48.8,335.8,337.45,340.9,345.0,-60.04545844155844,33.38961038961039,1,0.035870129870129885,0.040000000000000036
vehicle_016_session_01150,vehicle_016,1150,validation,120.37520529513887,38.4,333.5,333.9,335.8,338.6,-70.15902524590163,29.57377049180328,1,0.030622950819672094,0.03400000000000025
vehicle_016_session_01151,vehicle_016,1151,validation,122.2986199786325,67.6,355.0,355.8,358.9,363.2,-70.07869278688524,32.885245901639344,1,0.03803278688524589,0.03900000000000059
vehicle_016_session_01152,vehicle_016,1152,validation,121.8893120915033,49.6,336.9,338.5,342.5,347.4,-70.25082836065575,32.80327868852459,1,0.03986885245901643,0.04300000000000015
vehicle_016_session_01153,vehicle_016,1153,validation,124.00765902777775,77.2,362.5,363.5,366.9,371.3,-70.16722360655739,34.73770491803279,1,0.040311475409836046,0.041999999999999815
vehicle_016_session_01154,vehicle_016,1154,validation,118.16024025704812,30.0,330.7,331.1,332.4,334.2,-69.94262229508197,32.85245901639344,1,0.02737704918032788,0.030999999999999694
vehicle_016_session_01155,vehicle_016,1155,validation,121.01966270539904,56.8,345.7,346.4,349.9,353.9,-69.91311721311476,35.83606557377049,1,0.038065573770491794,0.040000000000000036
vehicle_016_session_01156,vehicle_016,1156,validation,121.90020717592591,72.0,357.1,358.3,361.8,366.1,-70.09509147540983,34.59016393442623,1,0.03908196721311477,0.04100000000000037
vehicle_016_session_01157,vehicle_016,1157,validation,120.90260063575903,58.4,346.8,347.8,351.4,355.5,-70.54918475409835,33.9344262295082,1,0.039327868852459036,0.04200000000000026
vehicle_016_session_01158,vehicle_016,1158,validation,121.74438921957677,64.4,351.9,352.7,356.0,359.9,-70.08853196721313,32.0,0,0.038852459016393434,0.04000000000000048
vehicle_016_session_01159,vehicle_016,1159,validation,117.44455166873963,30.4,331.9,332.2,333.3,335.2,-69.96393672131148,35.34426229508197,1,0.028049180327868902,0.03000000000000025
vehicle_016_session_01160,vehicle_016,1160,validation,119.01158032407407,57.2,346.9,347.7,351.0,354.9,-69.95410098360657,38.34426229508197,1,0.038147540983606565,0.040000000000000036
vehicle_016_session_01161,vehicle_016,1161,validation,120.34616602564103,52.0,340.5,341.3,344.4,348.2,-60.5688593442623,39.18032786885246,1,0.03763934426229511,0.040000000000000036
vehicle_016_session_01162,vehicle_016,1162,validation,120.05576829029732,48.8,338.0,338.6,341.4,345.3,-59.58033590163935,33.65573770491803,1,0.035737704918032825,0.039000000000000146
vehicle_016_session_01163,vehicle_016,1163,validation,121.61441121212123,24.4,329.9,330.2,331.4,333.0,-74.20164950819668,33.90163934426229,1,0.02755737704918032,0.029999999999999805
vehicle_016_session_01164,vehicle_016,1164,validation,119.09817961711708,46.8,338.3,338.9,342.1,346.6,-74.20656819672128,36.59016393442623,1,0.03860655737704924,0.04200000000000026
vehicle_016_session_01165,vehicle_016,1165,validation,125.42869684829064,76.8,362.5,363.5,366.9,371.6,-74.26722983606554,38.52459016393443,1,0.041229508196721235,0.04300000000000015
vehicle_016_session_01166,vehicle_016,1166,validation,122.28254763645222,57.6,346.4,347.4,350.8,354.9,-70.15902639344262,31.934426229508198,1,0.03957377049180326,0.04100000000000037
vehicle_016_session_01167,vehicle_016,1167,validation,121.07278711553914,72.0,358.3,359.79999,363.55,368.0,-70.20659021052631,21.855263157894736,1,0.03927628157894736,0.04199969999999986
vehicle_016_session_01168,vehicle_016,1168,validation,121.94633455743875,66.8,352.4,354.5,358.25,362.4,-69.95131657894736,25.05263157894737,2,0.03889473684210525,0.04000000000000048
vehicle_016_session_01169,vehicle_016,1169,validation,118.84200073099412,34.8,331.0,332.4,334.4,336.9,-69.17214114754098,24.147540983606557,2,0.028983606557377074,0.03100000000000014
vehicle_016_session_01170,vehicle_016,1170,validation,120.93190813929738,58.0,347.4,348.3,351.4,355.5,-69.20001016393442,27.0,0,0.038278688524590175,0.039000000000000146
vehicle_016_session_01171,vehicle_016,1171,validation,118.65037761674718,36.4,334.1,334.4,336.1,338.6,-70.14754934426229,24.80327868852459,2,0.02959016393442619,0.03299999999999992
vehicle_016_session_01172,vehicle_016,1172,validation,120.81128900122555,64.4,353.2,353.9,357.2,361.1,-70.14426983606558,28.016393442622952,0,0.0379672131147541,0.040000000000000036
vehicle_016_session_01173,vehicle_016,1173,validation,121.62043584303515,43.2,333.5,334.9,337.275,340.5,-60.06267160000001,26.733333333333334,1,0.031053333333333318,0.03600000000000003
vehicle_016_session_01174,vehicle_016,1174,validation,122.67956858997586,51.6,338.8,340.5,345.04999999999995,349.7,-69.92500447368421,26.19736842105263,1,0.040605263157894755,0.04400000000000004
vehicle_016_session_01175,vehicle_016,1175,validation,119.80525309244793,45.6,336.3,337.1,340.0,344.6,-70.77706295081965,31.672131147540984,1,0.03701639344262295,0.04100000000000037
vehicle_016_session_01176,vehicle_016,1176,validation,121.22087301587308,71.2,358.3,358.9,362.4,366.6,-70.82460016393443,33.85245901639344,1,0.039278688524590155,0.04100000000000037
vehicle_016_session_01177,vehicle_016,1177,validation,118.6480902777778,50.8,341.3,342.2,345.8,349.9,-70.00000065573771,29.327868852459016,1,0.038573770491803265,0.04100000000000037
vehicle_016_session_01178,vehicle_016,1178,validation,119.17889242541152,51.6,339.9,340.7,343.0,346.1,-48.78197409836066,36.68852459016394,1,0.03359016393442623,0.03500000000000014
vehicle_016_session_01179,vehicle_016,1179,validation,120.52999384171908,73.2,359.4,360.2,363.6,367.8,-69.93442032786885,38.0,0,0.03901639344262293,0.04099999999999948
vehicle_016_session_01180,vehicle_016,1180,validation,120.67362092592593,51.2,341.0,341.8,345.3,349.7,-70.1016462295082,38.18032786885246,1,0.04044262295081967,0.04200000000000026
vehicle_016_session_01181,vehicle_016,1181,validation,121.44385039605038,42.4,333.8,334.79999999999995,337.45,341.3,-70.02105486842106,33.75,1,0.03385526315789472,0.040000000000000036
vehicle_016_session_01182,vehicle_016,1182,validation,118.60945596340389,46.8,338.5,339.1,342.1,346.4,-69.8803250819672,32.42622950819672,1,0.03670491803278692,0.040000000000000036
vehicle_016_session_01183,vehicle_016,1183,validation,123.03790260122418,72.4,359.1,359.7,363.2,367.4,-69.85902,34.704918032786885,1,0.038016393442622906,0.040000000000000036
vehicle_016_session_01184,vehicle_016,1184,validation,119.99186322699653,21.2,329.2,329.6,330.5,331.9,-70.01311655737703,34.21311475409836,1,0.02578688524590163,0.027000000000000135
vehicle_016_session_01185,vehicle_016,1185,validation,118.67554212962965,46.8,338.3,338.9,341.8,346.0,-69.99672229508197,37.442622950819676,1,0.03675409836065577,0.040000000000000036
vehicle_016_session_01186,vehicle_016,1186,validation,121.31945592043316,19.6,327.2,328.3,329.9,331.3,-70.13607229508197,31.065573770491802,1,0.02619672131147544,0.03000000000000025
vehicle_016_session_01187,vehicle_016,1187,validation,122.36220578342018,68.4,355.3,356.1,359.4,363.5,-70.05574213114754,35.0,0,0.03924590163934427,0.041999999999999815
vehicle_016_session_01188,vehicle_016,1188,validation,119.60566557539686,51.6,341.1,342.1,345.7,349.9,-70.10820229508197,36.9344262295082,1,0.039737704918032794,0.04200000000000026
vehicle_016_session_01189,vehicle_016,1189,validation,117.7493088497151,34.8,332.8,333.3,334.7,337.1,-70.72788163934425,34.14754098360656,1,0.02967213114754097,0.03200000000000003
vehicle_016_session_01190,vehicle_016,1190,validation,120.00819005310457,52.8,342.2,343.2,346.8,351.0,-71.20000999999998,38.91803278688525,1,0.03985245901639343,0.041999999999999815
vehicle_016_session_01191,vehicle_016,1191,validation,120.7444416561448,18.4,326.6,328.2,329.9,331.3,-69.17706049180329,23.868852459016395,1,0.025836065573770522,0.028999999999999915
vehicle_016_session_01192,vehicle_016,1192,validation,118.10364797008546,45.2,337.8,338.3,341.0,345.0,-69.09509147540983,27.57377049180328,1,0.035786885245901644,0.040000000000000036
vehicle_016_session_01193,vehicle_016,1193,validation,120.99294464476499,71.2,358.5,359.4,362.7,366.8,-69.09509147540983,30.0,0,0.03886885245901634,0.04100000000000037
vehicle_016_session_01194,vehicle_016,1194,validation,123.55258809912856,75.6,361.8,362.7,366.1,370.5,-69.5541037704918,29.852459016393443,1,0.03996721311475406,0.04100000000000037
vehicle_016_session_01195,vehicle_016,1195,validation,120.08036077353394,22.4,328.0,329.4,330.8,332.2,-69.17420370967741,28.951612903225808,2,0.025225806451612924,0.027000000000000135
vehicle_016_session_01196,vehicle_016,1196,validation,119.77860705266954,51.6,341.8,342.5,346.0,350.2,-69.15410836065574,32.868852459016395,1,0.038573770491803244,0.040000000000000036
vehicle_016_session_01197,vehicle_016,1197,validation,118.47583800903452,35.2,332.4,332.8,334.6,336.9,-70.07541508196721,31.475409836065573,1,0.029885245901639344,0.03200000000000003
vehicle_016_session_01198,vehicle_016,1198,validation,123.86030521514168,76.4,362.2,363.2,366.4,371.0,-70.08033426229508,35.0,0,0.039967213114754034,0.041999999999999815
vehicle_016_session_01199,vehicle_016,1199,validation,120.65733285463863,47.6,335.8,337.29999999999995,340.5,344.7,-60.02266879999998,31.506666666666668,1,0.03609333333333333,0.040000000000000036
vehicle_016_session_01200,vehicle_016,1200,validation,122.23754355670106,58.8,343.9,345.4,348.2,350.8,-45.00533386666667,32.81333333333333,1,0.032759999999999984,0.03600000000000003
vehicle_016_session_01201,vehicle_016,1201,validation,118.09254058441562,45.2,337.4,338.0,340.7,344.9,-70.03115327868852,29.311475409836067,1,0.03672131147540985,0.04100000000000037
vehicle_016_session_01202,vehicle_016,1202,validation,123.13851601080252,76.0,362.4,363.2,366.6,371.0,-70.04098918032788,31.901639344262296,1,0.03998360655737704,0.041999999999999815
vehicle_016_session_01203,vehicle_016,1203,validation,118.42651507452575,45.6,337.8,338.5,341.3,345.5,-69.73771868852458,26.557377049180328,1,0.03577049180327868,0.040000000000000036
vehicle_016_session_01204,vehicle_016,1204,validation,121.68561521464648,43.6,334.1,335.5,338.5,342.7,-70.13115409836065,28.39344262295082,1,0.0352295081967213,0.040999999999999925
vehicle_016_session_01205,vehicle_016,1205,validation,120.64815588450294,70.4,357.8,358.5,361.8,366.1,-70.01639540983606,31.0,0,0.0390327868852459,0.040000000000000036
vehicle_016_session_01206,vehicle_016,1206,validation,118.35484259259262,33.6,330.3,331.7,333.6,336.1,-70.25738639344262,30.540983606557376,1,0.028786885245901693,0.03200000000000003
vehicle_016_session_01207,vehicle_016,1207,validation,120.5605340133102,58.8,348.0,348.8,352.1,356.1,-70.10000721311475,33.34426229508197,1,0.038081967213114784,0.040000000000000036
vehicle_016_session_01208,vehicle_016,1208,validation,120.21677137896828,28.8,329.1,330.2,331.7,333.6,-70.04426573770492,34.114754098360656,1,0.02729508196721312,0.03000000000000025
vehicle_016_session_01209,vehicle_016,1209,validation,122.23730404788019,57.2,345.8,346.6,350.0,354.1,-70.04262672131146,37.0,0,0.038901639344262294,0.040999999999999925
vehicle_016_session_01210,vehicle_016,1210,validation,121.01285437415314,32.0,330.0,331.5,333.3,335.5,-70.10934,28.506666666666668,1,0.02786666666666667,0.030999999999999694
vehicle_016_session_01211,vehicle_016,1211,validation,120.61210049603174,52.4,341.3,342.2,345.8,349.9,-69.87376836065573,37.557377049180324,1,0.03954098360655736,0.041999999999999815
vehicle_016_session_01212,vehicle_016,1212,validation,122.67549451121796,69.2,355.2,355.8,358.3,361.6,-56.00164606557378,32.0,0,0.035147540983606534,0.03699999999999948
vehicle_016_session_01213,vehicle_016,1213,validation,121.50176485339504,63.6,351.6,352.5,355.7,359.7,-70.2459162295082,35.24590163934426,1,0.03906557377049181,0.040999999999999925
vehicle_016_session_01214,vehicle_016,1214,validation,119.24513522281873,18.4,326.6,327.925,329.7,331.0,-69.85921592105262,32.56578947368421,1,0.02689473684210528,0.03100000000000014
vehicle_016_session_01215,vehicle_016,1215,validation,119.7963768557848,9.2,321.7,323.25,325.7,328.0,-60.08290026315789,27.0,0,0.02532894736842102,0.028000000000000025
vehicle_016_session_01216,vehicle_016,1216,validation,120.44500502558479,36.4,332.2,332.5,334.4,336.9,-70.12787737704917,31.37704918032787,1,0.03034426229508196,0.03399999999999981
vehicle_016_session_01217,vehicle_016,1217,validation,119.71760510620915,66.8,354.3,355.0,358.3,362.4,-70.11804114754098,34.0,0,0.03918032786885242,0.0420000000000007
vehicle_016_session_01218,vehicle_016,1218,validation,120.16618464294775,10.4,322.7,323.85,326.20000000000005,328.3,-60.19080065789473,31.0,0,0.02615789473684207,0.028000000000000025
vehicle_016_session_01219,vehicle_016,1219,validation,119.88762133838385,47.2,338.3,338.96,342.13,346.4,-69.96557032786886,31.721311475409838,1,0.03839344262295086,0.041999999999999815
vehicle_016_session_01220,vehicle_016,1220,validation,120.54342445856868,70.8,357.1,357.8,361.1,365.5,-70.3983524590164,29.885245901639344,1,0.03909836065573764,0.04100000000000037
vehicle_016_session_01221,vehicle_016,1221,validation,117.36295531798247,28.0,331.1,331.4,332.7,334.4,-70.19345262295082,27.80327868852459,1,0.027409836065573817,0.02900000000000036
vehicle_016_session_01222,vehicle_016,1222,validation,119.21346392746914,58.4,348.3,349.3,352.4,356.3,-70.18853459016394,31.508196721311474,1,0.03854098360655739,0.040000000000000036
vehicle_016_session_01223,vehicle_016,1223,validation,122.23146733940969,67.6,352.8,354.6,358.2,362.5,-70.67869885245902,31.295081967213115,1,0.039819672131147545,0.04100000000000037
vehicle_016_session_01224,vehicle_016,1224,validation,118.20313011188271,37.2,333.0,333.3,335.2,338.0,-70.03606918032789,29.459016393442624,1,0.030393442622950816,0.03299999999999992
vehicle_016_session_01225,vehicle_016,1225,validation,120.85869163359786,66.0,353.8,354.6,357.7,361.8,-70.03606918032789,32.26229508196721,1,0.03898360655737702,0.040999999999999925
vehicle_016_session_01226,vehicle_016,1226,validation,120.57855407475489,55.2,342.4,344.9,349.1,353.3,-70.33607409836067,30.770491803278688,1,0.041131147540983584,0.04600000000000026
vehicle_016_session_01227,vehicle_016,1227,validation,118.6627510322823,22.4,330.0,330.3,331.4,333.0,-75.26559032786882,31.78688524590164,2,0.02754098360655741,0.03000000000000025
vehicle_016_session_01228,vehicle_016,1228,validation,120.20698257080613,28.0,329.9,330.5,332.1,333.9,-70.04754573770492,32.52459016393443,1,0.026967213114754127,0.029999999999999805
vehicle_016_session_01229,vehicle_016,1229,validation,117.45366162942834,48.4,339.7,340.3,343.6,348.0,-70.05246426229508,35.18032786885246,2,0.03840983606557379,0.040999999999999925
vehicle_016_session_01230,vehicle_016,1230,validation,122.31183118736385,56.8,343.0,344.5,348.0,351.4,-58.12763844736842,35.60526315789474,1,0.03710525131578948,0.04199980000000014
vehicle_016_session_01231,vehicle_016,1231,validation,121.13564742996202,38.8,332.5,333.5,335.7,338.6,-70.19067733333333,32.24,2,0.031559999999999956,0.03500000000000014
vehicle_016_session_01232,vehicle_016,1232,validation,120.12698152689875,17.6,326.1,327.4,329.29999999999995,330.7,-69.91311459016393,35.0,0,0.027491803278688533,0.03299999999999992
vehicle_016_session_01233,vehicle_016,1233,validation,118.05919128316751,49.6,340.0,340.8,344.1,348.3,-69.87869278688525,38.68852459016394,1,0.03852459016393446,0.040000000000000036
vehicle_016_session_01234,vehicle_016,1234,validation,118.28824860074627,23.2,328.2,329.2,330.7,332.2,-70.06230098360656,35.42622950819672,1,0.02619672131147542,0.028000000000000025
vehicle_016_session_01235,vehicle_016,1235,validation,118.10736629273502,50.0,340.2,341.0,344.4,348.6,-69.9606518032787,38.34426229508197,1,0.03949180327868853,0.04200000000000026
vehicle_016_session_01236,vehicle_016,1236,validation,123.32197596153847,76.4,361.9,362.7,366.0,370.4,-69.98852344262295,39.34426229508197,1,0.0404426229508197,0.041999999999999815
vehicle_016_session_01237,vehicle_016,1237,validation,122.49515606725147,59.6,345.8,347.7,351.4,355.7,-70.30165885245903,34.81967213114754,1,0.04036065573770491,0.042999999999999705
vehicle_016_session_01238,vehicle_016,1238,validation,121.79920960849718,51.600002,336.0,336.3,336.9,337.8,-10.482900815789474,35.0,0,0.021578972368421073,0.024000199999999694
vehicle_016_session_01239,vehicle_016,1239,validation,118.34119732704404,29.6,329.9,330.8,332.4,334.2,-70.04590622950819,31.098360655737704,2,0.027918032786885264,0.03100000000000014
vehicle_016_session_01240,vehicle_016,1240,validation,117.88602267156863,50.8,341.0,341.8,345.3,349.7,-69.95901229508196,33.63934426229508,1,0.04011475409836064,0.04200000000000026
vehicle_016_session_01241,vehicle_016,1241,validation,114.97363555555553,38.8,333.2,333.5,333.6,336.0,-42.87705819672132,29.0,0,0.02291803278688525,0.025000000000000355
vehicle_016_session_01242,vehicle_016,1242,validation,119.93650313095237,27.6,327.2,327.5,328.2,328.8,-22.40132346666666,28.0,0,0.012666666666666692,0.014000000000000234
vehicle_016_session_01243,vehicle_016,1243,validation,119.55788664021163,30.4,329.9,330.8,332.5,334.4,-70.17869901639344,28.262295081967213,2,0.027770491803278695,0.03100000000000014
vehicle_016_session_01244,vehicle_016,1244,validation,120.49146576745018,55.6,344.7,345.7,349.3,353.3,-70.15738721311475,31.639344262295083,1,0.03963934426229506,0.04100000000000037
vehicle_016_session_01245,vehicle_016,1245,validation,121.64194975799663,52.0,339.9,341.6,346.3,350.8,-70.06885754098361,26.868852459016395,2,0.04022950819672129,0.04300000000000015
vehicle_016_session_01246,vehicle_016,1246,validation,120.79049325980394,48.8,336.3,337.1,339.6,342.8,-44.808214262295095,27.0,0,0.02993442622950817,0.03400000000000025
vehicle_016_session_01247,vehicle_016,1247,validation,121.72716325044804,59.2,345.8,347.7,351.4,355.7,-70.14755049180327,28.327868852459016,1,0.0375245901639344,0.040000000000000036
vehicle_016_session_01248,vehicle_016,1248,validation,121.96150156565659,75.6,360.5,362.0,365.25,369.3,-60.10921855263158,26.0,0,0.03574999999999998,0.03799999999999937
vehicle_016_session_01249,vehicle_016,1249,validation,121.17229462064677,64.4,352.8,353.8,356.9,361.0,-70.28526377049181,31.262295081967213,1,0.03688524590163934,0.039000000000000146
vehicle_016_session_01250,vehicle_016,1250,validation,121.49769360082304,42.8,333.3,334.79999,337.59999,341.6,-70.16579810526314,32.526315789473685,1,0.033026302631578956,0.03800020000000037
vehicle_016_session_01251,vehicle_016,1251,validation,120.27390651100187,11.2,323.3,324.4,327.1,329.19998,-70.03158084210527,33.96052631578947,1,0.027750011842105255,0.03000000000000025
vehicle_016_session_01252,vehicle_016,1252,validation,121.47878974454365,46.4,335.5,336.8,340.2,344.9,-69.98524442622951,35.18032786885246,1,0.035737704918032784,0.040000000000000036
vehicle_016_session_01253,vehicle_016,1253,validation,122.06625765065915,69.2,356.1,356.9,360.2,364.3,-69.95409377049181,36.91803278688525,1,0.03716393442622948,0.0389999999999997
vehicle_016_session_01254,vehicle_016,1254,validation,121.28845566716268,66.8,354.1,354.9,358.2,362.4,-70.57213737704916,35.704918032786885,1,0.03690163934426228,0.038000000000000256
vehicle_016_session_01255,vehicle_016,1255,validation,119.49421975667528,22.4,327.4,328.5,329.9,331.1,-60.07200479999998,33.906666666666666,1,0.022520000000000037,0.02400000000000002
vehicle_016_session_01256,vehicle_016,1256,validation,122.16778480392156,46.0,335.3,336.20000000000005,338.9,342.7,-60.06133719999999,30.69333333333333,1,0.031719999999999984,0.03600000000000003
vehicle_016_session_01257,vehicle_016,1257,validation,121.76029136473436,54.0,342.4,343.3,347.4,351.8,-70.74099770491802,34.0655737704918,1,0.03870491803278689,0.04100000000000037
vehicle_016_session_01258,vehicle_016,1258,validation,121.65595877525259,47.6,336.9,337.8,341.4,346.3,-69.81640852459016,28.42622950819672,1,0.03639344262295082,0.040000000000000036
vehicle_016_session_01259,vehicle_016,1259,validation,100.61751988017427,11.2,325.3,326.3,327.8,329.1,-61.3426286885246,30.0,0,0.023672131147540982,0.026000000000000245
vehicle_016_session_01260,vehicle_016,1260,validation,121.68589595734127,32.0,331.1,331.3,332.4,333.6,-60.30656196721311,31.24590163934426,1,0.022672131147541,0.02499999999999991
vehicle_016_session_01261,vehicle_016,1261,validation,122.10101659356727,63.2,348.6,349.9,352.7,356.0,-56.952468524590174,34.885245901639344,1,0.031885245901639346,0.03399999999999981
vehicle_016_session_01262,vehicle_016,1262,validation,122.0456100774573,45.6,334.7,336.35,339.5,344.1,-70.06267293333333,32.906666666666666,1,0.03522666666666666,0.040000000000000036
vehicle_016_session_01263,vehicle_016,1263,validation,118.15530336640211,26.4,330.3,330.7,331.4,332.7,-60.36558016393443,33.65573770491803,1,0.022737704918032793,0.02400000000000002
vehicle_016_session_01264,vehicle_016,1264,validation,117.72813083526233,37.6,333.9,334.2,336.0,338.6,-69.75739278688525,37.32786885245902,1,0.02942622950819667,0.03299999999999992
vehicle_016_session_01265,vehicle_016,1265,validation,120.44369690393525,66.4,354.1,354.9,358.0,362.1,-69.79674098360655,40.0,0,0.036655737704918014,0.038000000000000256
vehicle_016_session_01266,vehicle_016,1266,validation,122.25516058730163,69.6,355.0,356.35,359.9,364.3,-70.03289671052632,35.18421052631579,1,0.0376842210526316,0.040000000000000036
vehicle_016_session_01267,vehicle_016,1267,validation,119.2265444204981,13.2,325.3,326.0,327.7,329.4,-61.554102950819676,35.0,0,0.024721311475409808,0.03000000000000025
vehicle_016_session_01268,vehicle_016,1268,validation,116.81193252314813,36.4,333.3,333.6,334.9,336.9,-60.178693606557374,36.60655737704918,1,0.025409836065573774,0.027000000000000135
vehicle_016_session_01269,vehicle_016,1269,validation,119.52608747563352,60.4,348.6,349.3,351.9,355.0,-57.33771213114754,39.0,0,0.032360655737704955,0.03400000000000025
vehicle_016_session_01270,vehicle_016,1270,validation,119.1373688151042,21.2,329.4,329.6,330.7,331.9,-69.93606573770492,36.377049180327866,1,0.025508196721311504,0.027000000000000135
vehicle_016_session_01271,vehicle_016,1271,validation,118.09693676571037,46.8,338.3,338.9,341.8,345.8,-69.95409754098361,39.34426229508197,1,0.03498360655737707,0.039000000000000146
vehicle_016_session_01272,vehicle_016,1272,validation,120.90942350898692,14.0,324.4,325.7,328.3,329.9,-70.1131224590164,36.77049180327869,1,0.0279016393442623,0.031999999999999584
vehicle_016_session_01273,vehicle_016,1273,validation,117.91751617547426,41.6,335.8,336.1,338.3,341.6,-69.9786893442623,39.24590163934426,1,0.03126229508196717,0.03600000000000003
vehicle_016_session_01274,vehicle_016,1274,validation,123.09327801724147,74.4,360.7,361.4,364.7,369.1,-69.98196950819671,41.26229508196721,1,0.03734426229508195,0.0389999999999997
vehicle_016_session_01275,vehicle_016,1275,validation,120.65741550925928,16.0,326.1,326.7,328.8,330.3,-70.10984360655739,39.0,0,0.027704918032786907,0.03100000000000014
vehicle_016_session_01276,vehicle_016,1276,validation,118.69137221083788,46.4,337.8,338.5,341.1,345.3,-69.99016491803279,41.59016393442623,1,0.03508196721311477,0.039000000000000146
vehicle_016_session_01277,vehicle_016,1277,validation,120.9464666778674,70.8,357.4,358.3,361.4,365.7,-69.95574114754099,43.0,0,0.03734426229508191,0.039000000000000146
vehicle_016_session_01278,vehicle_016,1278,validation,117.68174422799427,34.0,332.8,333.2,334.6,336.8,-70.15082950819672,39.0655737704918,2,0.028065573770491806,0.03000000000000025
vehicle_016_session_01279,vehicle_016,1279,validation,119.85969547930281,64.8,353.0,353.8,356.9,360.8,-70.14918918032787,42.0,0,0.0364262295081967,0.038000000000000256
vehicle_016_session_01280,vehicle_016,1280,validation,118.36667222222225,34.8,332.7,333.0,334.4,336.6,-69.83771360655739,39.49180327868852,1,0.02862295081967213,0.03000000000000025
vehicle_016_session_01281,vehicle_016,1281,validation,120.95007568437998,64.8,352.4,353.2,356.3,360.2,-69.90982967213114,42.16393442622951,1,0.036803278688524586,0.038000000000000256
vehicle_016_session_01282,vehicle_016,1282,validation,126.90660917107584,49.2,336.3,337.29999999999995,339.9,343.2,-45.60401,37.8,1,0.03065333333333331,0.03400000000000025
vehicle_016_session_01283,vehicle_016,1283,validation,120.31773896499237,48.0,338.6,339.4,342.5,347.1,-69.88852852459017,38.26229508196721,1,0.036786885245901665,0.040000000000000036
vehicle_016_session_01284,vehicle_016,1284,validation,119.66632715395482,30.8,329.9,331.0,332.5,334.6,-70.06557885245901,37.65573770491803,1,0.02731147540983608,0.03000000000000025
vehicle_016_session_01285,vehicle_016,1285,validation,120.95425196619816,54.8,343.6,344.6,348.0,352.1,-70.17050213114754,40.47540983606557,1,0.037590163934426254,0.039000000000000146
vehicle_016_session_01286,vehicle_016,1286,validation,117.86294287367726,20.8,328.6,329.1,330.3,331.7,-70.57049885245902,39.39344262295082,1,0.02604918032786888,0.028000000000000025
vehicle_016_session_01287,vehicle_016,1287,validation,118.42703229717814,54.4,343.8,344.7,348.2,352.4,-70.5393481967213,43.83606557377049,1,0.03709836065573768,0.039000000000000146
vehicle_016_session_01288,vehicle_016,1288,validation,122.0090798611111,17.2,323.6,325.2,327.1,328.3,-45.50165786885248,40.0,0,0.02265573770491801,0.0259999999999998
vehicle_016_session_01289,vehicle_016,1289,validation,118.82186395640433,30.0,329.6,330.8,332.4,334.2,-70.0262331147541,36.90163934426229,2,0.027016393442622952,0.03000000000000025
vehicle_016_session_01290,vehicle_016,1290,validation,119.73102814814816,58.8,347.5,348.3,351.6,355.5,-69.91967639344264,40.0,0,0.036967213114754094,0.039000000000000146
vehicle_016_session_01291,vehicle_016,1291,validation,120.35637329434698,50.0,338.8,339.9,343.0,346.8,-58.534431311475416,41.09836065573771,1,0.035311475409836104,0.037000000000000366
vehicle_016_session_01292,vehicle_016,1292,validation,120.0129470996732,19.6,328.9,329.2,330.2,331.6,-71.0459062295082,38.21311475409836,1,0.025901639344262303,0.028000000000000025
vehicle_016_session_01293,vehicle_016,1293,validation,121.89414769524963,59.6,348.3,349.3,352.4,356.4,-71.19509278688524,42.442622950819676,1,0.037032786885245896,0.038000000000000256
vehicle_016_session_01294,vehicle_016,1294,validation,119.61492026515155,20.4,327.4,328.6,330.2,331.7,-70.56230311475409,30.75409836065574,1,0.025442622950819716,0.028000000000000025
vehicle_016_session_01295,vehicle_016,1295,validation,117.3938540674603,42.4,336.1,336.6,338.8,342.4,-70.83771360655737,33.868852459016395,2,0.03155737704918034,0.03600000000000003
vehicle_016_session_01296,vehicle_016,1296,validation,121.88580549863394,70.4,357.2,358.2,361.4,365.5,-70.91966409836066,37.0,0,0.03642622950819672,0.038000000000000256
vehicle_016_session_01297,vehicle_016,1297,validation,120.58308470911946,58.0,346.4,347.1,349.9,353.3,-57.329515245901646,36.77049180327869,1,0.033606557377049165,0.03600000000000003
vehicle_016_session_01298,vehicle_016,1298,validation,118.36582864357867,46.0,337.4,338.0,340.7,344.9,-69.8016575409836,34.295081967213115,1,0.03516393442622954,0.039000000000000146
vehicle_016_session_01299,vehicle_016,1299,validation,123.68457792467952,76.8,362.5,363.3,366.8,371.1,-69.8491855737705,36.47540983606557,1,0.03795081967213105,0.03900000000000059
vehicle_016_session_01300,vehicle_016,1300,validation,120.31590864071035,62.0,348.0,349.6,352.5,356.1,-59.32459950819672,39.0,0,0.03429508196721312,0.03699999999999992
vehicle_016_session_01301,vehicle_016,1301,validation,119.63414303809748,19.6,326.7,328.2375,329.775,331.1,-70.0586712,37.2,1,0.026493333333333376,0.030999999999999694
vehicle_016_session_01302,vehicle_016,1302,validation,118.87605738636367,46.0,335.3,336.70000000000005,339.95,344.4,-69.8586696,37.93333333333333,2,0.03577333333333332,0.040999999999999925
vehicle_016_session_01303,vehicle_016,1303,validation,115.86203482286638,38.0,334.4,334.9,336.6,339.4,-70.19837180327868,38.78688524590164,2,0.029344262295081944,0.03300000000000036
vehicle_016_session_01304,vehicle_016,1304,validation,120.93544641376447,65.6,353.5,354.3,357.4,361.4,-70.20656852459015,42.0,0,0.03590163934426231,0.038000000000000256
vehicle_016_session_01305,vehicle_016,1305,validation,116.0149743589744,25.6,329.9,330.2,331.4,333.0,-69.6836168852459,37.42622950819672,1,0.026163934426229538,0.02900000000000036
vehicle_016_session_01306,vehicle_016,1306,validation,118.52709037842189,56.8,345.8,346.6,350.0,354.1,-69.68689540983605,41.0,0,0.03688524590163933,0.039000000000000146
vehicle_016_session_01307,vehicle_016,1307,validation,117.35919888117287,26.8,328.6,329.9,331.4,333.2,-70.19837081967212,38.0,0,0.02634426229508197,0.028999999999999915
vehicle_016_session_01308,vehicle_016,1308,validation,118.09958656103285,48.8,338.9,339.7,342.8,347.2,-70.20000999999999,39.9344262295082,1,0.03740983606557382,0.040000000000000036
vehicle_016_session_01309,vehicle_016,1309,validation,118.98339342618601,47.2,337.2,337.8,340.3,344.1,-59.419679180327876,37.19672131147541,1,0.033180327868852465,0.037000000000000366
vehicle_016_session_01310,vehicle_016,1310,validation,116.19517470760236,25.2,330.2,330.5,331.6,333.2,-69.89343655737706,35.967213114754095,1,0.02590163934426233,0.028000000000000025
vehicle_016_session_01311,vehicle_016,1311,validation,115.43646184950772,40.8,335.3,335.8,337.8,341.1,-69.14427229508198,36.22950819672131,1,0.03090163934426225,0.03500000000000014
vehicle_016_session_01312,vehicle_016,1312,validation,118.82191443452383,27.6,329.1,330.0,331.6,333.3,-69.94261721311474,39.52459016393443,1,0.026360655737704936,0.028999999999999915
vehicle_016_session_01313,vehicle_016,1313,validation,118.4701247916666,50.4,339.9,340.7,343.9,348.3,-69.91966409836066,41.967213114754095,1,0.037442622950819675,0.039000000000000146
vehicle_016_session_01314,vehicle_016,1314,validation,117.69331928897184,29.6,331.1,331.9,333.2,334.9,-70.095091147541,39.80327868852459,1,0.02726229508196723,0.02900000000000036
vehicle_016_session_01315,vehicle_016,1315,validation,117.92255069444447,22.8,328.0,329.1,330.3,331.9,-70.07705491803279,42.557377049180324,1,0.025950819672131174,0.027000000000000135
vehicle_016_session_01316,vehicle_016,1316,validation,117.00915851220536,48.8,338.8,339.4,342.2,346.3,-65.03934737704918,45.0,0,0.035557377049180335,0.039000000000000146
vehicle_016_session_01317,vehicle_016,1317,validation,118.58602209549879,22.4,328.0,328.9,330.3,331.7,-69.93026513157895,38.96052631578947,2,0.0258026315789474,0.028000000000000025
vehicle_016_session_01318,vehicle_016,1318,validation,117.91601198257085,45.6,333.9,334.9,336.8,339.3,-45.109846065573784,40.0,0,0.026016393442622902,0.02900000000000036
vehicle_016_session_01319,vehicle_016,1319,validation,118.7694286723164,14.8,324.9,326.3,328.8,330.3,-70.14263163934426,34.131147540983605,1,0.02786885245901639,0.03100000000000014
vehicle_016_session_01320,vehicle_016,1320,validation,117.33383239087303,38.8,334.6,334.9,336.8,339.6,-69.98032852459016,36.85245901639344,2,0.029950819672131132,0.03399999999999981
vehicle_016_session_01321,vehicle_016,1321,validation,121.15761093455748,67.2,354.4,355.2,358.5,362.5,-69.97705245901639,39.81967213114754,1,0.03672131147540986,0.039000000000000146
vehicle_016_session_01322,vehicle_016,1322,validation,115.80882352941177,41.2,334.1,334.4,335.5,337.4,-45.0,40.60655737704918,1,0.023540983606557354,0.0259999999999998
vehicle_016_session_01323,vehicle_016,1323,validation,115.76243838028171,30.0,331.0,331.3,332.5,334.4,-69.62296081967212,37.75409836065574,1,0.027196721311475464,0.029999999999999805
vehicle_016_session_01324,vehicle_016,1324,validation,120.43813389821727,65.2,350.8,352.1,355.7,359.7,-70.15082573770492,39.26229508196721,1,0.03772131147540985,0.039000000000000146
vehicle_016_session_01325,vehicle_016,1325,validation,116.6510050403226,21.6,329.1,329.2,330.2,331.1,-60.200010000000006,38.52459016393443,1,0.022639344262295077,0.02400000000000002
vehicle_016_session_01326,vehicle_016,1326,validation,117.8734257741348,46.4,337.2,337.7,339.7,343.2,-60.200010000000006,41.08196721311475,1,0.03096721311475409,0.03600000000000003
vehicle_016_session_01327,vehicle_016,1327,validation,120.99724118055556,70.8,356.6,357.2,359.9,363.5,-60.200010000000006,43.0,0,0.03418032786885246,0.036000000000000476
vehicle_016_session_01328,vehicle_016,1328,validation,117.61590783292485,17.2,326.7,327.1,328.6,329.7,-59.97868639344262,36.0,0,0.0236393442622951,0.026000000000000245
vehicle_016_session_01329,vehicle_016,1329,validation,117.36248791666662,44.4,335.8,336.3,338.2,341.1,-59.949175245901635,38.77049180327869,1,0.02890163934426223,0.03300000000000036
vehicle_016_session_01330,vehicle_016,1330,validation,120.88515544484706,64.4,351.0,351.6,354.3,357.7,-59.91474688524589,40.0,0,0.03367213114754101,0.03500000000000014
vehicle_016_session_01331,vehicle_016,1331,validation,117.36650389128354,18.8,326.4,327.7,329.6,331.0,-70.02787196721312,41.114754098360656,1,0.027409836065573786,0.03100000000000014
vehicle_016_session_01332,vehicle_016,1332,validation,117.40208105635686,42.0,335.5,336.0,338.0,341.4,-70.03443049180328,43.40983606557377,1,0.032622950819672085,0.038000000000000256
vehicle_016_session_01333,vehicle_016,1333,validation,118.21196184221876,28.4,328.6,329.7,331.1,332.7,-60.03552921052633,34.89473684210526,1,0.023328947368421084,0.025000000000000355
vehicle_016_session_01334,vehicle_016,1334,validation,119.00810104166668,22.0,328.6,329.1,330.3,331.6,-69.99836049180328,38.049180327868854,1,0.025885245901639348,0.028000000000000025
vehicle_016_session_01335,vehicle_016,1335,validation,118.5712923148148,46.4,337.1,337.7,340.2,344.1,-69.98196540983606,40.83606557377049,2,0.0339672131147541,0.038000000000000256
vehicle_016_session_01336,vehicle_016,1336,validation,116.2795119863014,9.2,323.9,324.2,326.1,327.8,-60.216405081967224,40.0,0,0.025459016393442592,0.027000000000000135
vehicle_016_session_01337,vehicle_016,1337,validation,119.18741718490878,38.4,333.3,333.6,334.7,336.8,-60.213126065573775,41.0,0,0.025721311475409826,0.028000000000000025
vehicle_016_session_01338,vehicle_016,1338,validation,120.48924611318411,65.2,351.0,351.8,354.4,357.7,-60.213126065573775,43.0,0,0.0339180327868853,0.03500000000000014
vehicle_016_session_01339,vehicle_016,1339,validation,119.4824409067086,28.8,330.5,330.7,331.6,332.8,-59.998360491803275,31.262295081967213,1,0.0225081967213115,0.02499999999999991
vehicle_016_session_01340,vehicle_016,1340,validation,118.59580496704335,50.0,338.6,339.1,341.4,345.2,-59.97212836065574,33.81967213114754,1,0.03229508196721313,0.03600000000000003
vehicle_016_session_01341,vehicle_016,1341,validation,122.7908855476939,73.6,357.8,358.5,361.1,364.7,-59.99508147540984,35.557377049180324,1,0.034229508196721305,0.036000000000000476
vehicle_016_session_01342,vehicle_016,1342,validation,119.44442876344084,49.6,337.2,337.8,340.5,344.4,-59.89343459016393,34.57377049180328,1,0.033999999999999996,0.038000000000000256
vehicle_016_session_01343,vehicle_016,1343,validation,123.73173410087726,74.8,358.5,359.1,361.9,365.5,-59.94589622950819,36.0,0,0.03496721311475405,0.036000000000000476
vehicle_016_session_01344,vehicle_016,1344,validation,120.18262577160498,45.2,333.6,334.6,336.9,340.2,-59.80328475409837,30.65573770491803,1,0.029688524590163926,0.03500000000000014
vehicle_016_session_01345,vehicle_016,1345,validation,119.24495262476455,66.8,352.2,352.8,355.3,358.6,-56.67213786885246,32.68852459016394,1,0.03354098360655742,0.03500000000000014
vehicle_016_session_01346,vehicle_016,1346,validation,119.74869791666666,62.8,348.3,349.3,352.2,355.7,-59.660665737704925,33.0,0,0.03483606557377048,0.03699999999999992
vehicle_016_session_01347,vehicle_016,1347,validation,121.37690681818181,74.0,359.4,360.2,362.8,366.4,-59.99180245901639,34.18032786885246,1,0.034754098360655725,0.03699999999999992
vehicle_016_session_01348,vehicle_016,1348,validation,119.02675808457712,16.8,327.2,327.7,329.1,330.3,-69.60001000000001,32.32786885245902,1,0.0258032786885246,0.028000000000000025
vehicle_016_session_01349,vehicle_016,1349,validation,119.1910271464646,43.6,335.8,336.1,338.2,341.3,-69.5836149180328,35.34426229508197,1,0.030885245901639283,0.03500000000000014
vehicle_016_session_01350,vehicle_016,1350,validation,120.77458580395302,74.4,358.9,359.7,363.0,367.2,-69.58033590163934,38.0,0,0.03731147540983609,0.03900000000000059
vehicle_016_session_01351,vehicle_016,1351,validation,118.66493952437106,19.2,325.5,327.0,329.2,330.7,-70.09211171052631,34.81578947368421,1,0.027407894736842124,0.03200000000000003
vehicle_016_session_01352,vehicle_016,1352,validation,121.71348945068665,62.0,348.2,349.0,352.29999999999995,356.3,-70.04737289473685,39.0,0,0.03659210526315787,0.038000000000000256
vehicle_016_session_01353,vehicle_016,1353,validation,120.90666107843138,43.2,333.0,334.0,336.35,339.69998,-70.0355284473684,35.85526315789474,1,0.03175000657894737,0.03700020000000004
vehicle_016_session_01354,vehicle_016,1354,validation,118.06067064950979,47.2,336.9,337.5,340.2,344.3,-70.08361262295081,32.18032786885246,2,0.034590163934426245,0.039000000000000146
vehicle_016_session_01355,vehicle_016,1355,validation,116.1574189814815,35.6,331.9,332.2,333.6,335.3,-60.413121475409845,27.80327868852459,1,0.024983606557377042,0.027000000000000135
vehicle_016_session_01356,vehicle_016,1356,validation,117.12265415356396,60.8,347.2,348.0,350.8,353.9,-57.39180819672131,31.0,0,0.03303278688524585,0.03500000000000014
vehicle_016_session_01357,vehicle_016,1357,validation,120.01836785785487,14.0,322.7,324.1375,326.975,329.2,-69.86400400000001,34.74666666666667,1,0.027893333333333315,0.03000000000000025
vehicle_016_session_01358,vehicle_016,1358,validation,118.93672101449282,55.2,339.3,340.5,344.9,349.4,-70.7164068852459,37.81967213114754,1,0.04000000000000001,0.04200000000000026
vehicle_016_session_01359,vehicle_016,1359,validation,120.2528991666667,35.6,330.2,331.1,333.0,335.0,-70.01316342105264,36.93421052631579,1,0.028184210526315805,0.03100000000000014
vehicle_016_session_01360,vehicle_016,1360,validation,119.68582670117054,34.0,329.7,330.8,332.5,334.6,-70.02895039473684,34.921052631578945,1,0.02750000000000002,0.03100000000000014
vehicle_016_session_01361,vehicle_016,1361,validation,119.30663778359947,29.2,328.5,329.6,331.05,332.69998,-70.05789818421052,37.44736842105263,1,0.026078952631578948,0.028000199999999698
vehicle_016_session_01362,vehicle_016,1362,validation,119.78158388096571,36.0,330.3,331.5,333.5,335.7,-69.95067173333334,30.84,1,0.0280666666666667,0.03100000000000014
vehicle_016_session_01363,vehicle_016,1363,validation,119.87517518631438,50.8,335.5,337.1,340.5,345.2,-69.90921250000001,37.31578947368421,1,0.037249999999999985,0.041999999999999815
vehicle_016_session_01364,vehicle_016,1364,validation,119.46958152410878,12.400001,322.19998,323.45000000000005,326.1,328.5,-70.1197434736842,35.0,0,0.028144730263157884,0.03000000000000025
vehicle_016_session_01365,vehicle_016,1365,validation,120.67048080197138,51.6,335.7,337.45,341.1,345.8,-69.89736855263159,33.86842105263158,1,0.037197368421052666,0.04100000000000037
vehicle_016_session_01366,vehicle_016,1366,validation,120.38568469246032,9.6,320.2,322.15,324.95,327.4,-70.03333586666668,31.973333333333333,1,0.028053333333333316,0.03100000000000014
vehicle_016_session_01367,vehicle_016,1367,validation,119.44699742861305,36.8,330.7,331.5,333.2375,335.3,-69.93466706666666,31.08,2,0.027893333333333357,0.03000000000000025
vehicle_016_session_01368,vehicle_016,1368,validation,118.03820493055555,56.0,339.9,340.5,342.5,345.5,-44.122958196721314,34.57377049180328,1,0.031540983606557375,0.03399999999999981
vehicle_016_session_01369,vehicle_016,1369,validation,118.80710334274953,16.8,324.7,325.2,327.1,328.6,-60.4409893442623,38.0,0,0.025016393442622905,0.02799999999999958
vehicle_016_session_01370,vehicle_016,1370,validation,118.0740212673611,40.4,332.8,333.2,334.4,336.3,-60.47705868852459,39.77049180327869,1,0.025786885245901645,0.028999999999999915
vehicle_016_session_01371,vehicle_016,1371,validation,119.66834229892207,66.0,349.3,349.9,352.5,356.0,-60.4573862295082,42.0,0,0.03424590163934424,0.03600000000000003
vehicle_016_session_01372,vehicle_016,1372,validation,118.54099152777776,10.0,319.4,321.1,323.6,325.8,-59.66230426229509,38.0,0,0.02570491803278685,0.028999999999999915
vehicle_016_session_01373,vehicle_016,1373,validation,120.16244985875707,30.0,329.9,330.0,331.0,332.1,-59.70164950819673,38.0,0,0.022770491803278708,0.02499999999999991
vehicle_016_session_01374,vehicle_016,1374,validation,120.60608093434344,54.0,338.8,339.4,341.9,345.7,-59.70164950819673,40.295081967213115,1,0.0336393442622951,0.038000000000000256
vehicle_016_session_01375,vehicle_016,1375,validation,122.64984304269552,76.0,357.2,358.0,360.7,364.1,-59.70492852459017,41.78688524590164,1,0.03508196721311478,0.03700000000000081
vehicle_016_session_01376,vehicle_016,1376,validation,118.61942920812605,52.8,338.3,338.9,341.9,346.3,-69.78854213114754,39.47540983606557,1,0.03703278688524593,0.040000000000000036
vehicle_016_session_01377,vehicle_016,1377,validation,117.79853482587068,50.0,336.0,336.3,338.5,341.4,-59.81149065573772,38.63934426229508,1,0.030967213114754037,0.03600000000000003
vehicle_016_session_01378,vehicle_016,1378,validation,122.4425982238248,76.8,357.1,357.7,360.5,364.1,-59.82951934426231,40.0,0,0.03529508196721305,0.036000000000000476
vehicle_016_session_01379,vehicle_016,1379,validation,121.63828868348985,66.4,348.6,349.6,352.8,356.9,-70.39671229508197,38.90163934426229,1,0.03888524590163935,0.040000000000000036
vehicle_016_session_01380,vehicle_016,1380,validation,118.68562684811833,25.6,329.2,329.4,330.3,331.6,-68.81149196721313,40.0,0,0.024967213114754114,0.026000000000000245
vehicle_016_session_01381,vehicle_016,1381,validation,119.73842460996961,50.4,337.2,337.7,340.2,343.9,-68.79837983606558,42.81967213114754,1,0.03365573770491804,0.038000000000000256
vehicle_016_session_01382,vehicle_016,1382,validation,118.20092693452385,54.8,339.6,340.2,343.0,346.8,-59.267229836065596,31.327868852459016,1,0.03529508196721312,0.037000000000000366
vehicle_016_session_01383,vehicle_016,1383,validation,118.46776075268819,31.2,329.7,329.9,331.0,332.4,-60.086893934426236,31.491803278688526,1,0.023180327868852477,0.025000000000000355
vehicle_016_session_01384,vehicle_016,1384,validation,117.14914181286548,56.4,340.8,341.4,344.6,348.3,-60.09509147540984,34.36065573770492,1,0.03618032786885248,0.038000000000000256
vehicle_016_session_01385,vehicle_016,1385,validation,118.1727059073596,35.600002,329.9,331.0,332.69998,334.69998,-70.15790305263155,30.06578947368421,2,0.027605285526315762,0.03100010000000042
vehicle_016_session_01386,vehicle_016,1386,validation,119.43045138020834,13.6,321.7,323.4,326.1,328.6,-70.21867799999998,31.0,0,0.02753333333333331,0.028999999999999915
vehicle_016_session_01387,vehicle_016,1387,validation,119.44841359126985,9.6,321.0,321.7,323.9,326.1,-60.511476557377044,35.0,0,0.026491803278688532,0.03000000000000025
vehicle_016_session_01388,vehicle_016,1388,validation,120.76334369574653,38.0,331.9,332.2,333.3,334.9,-60.49508147540983,36.63934426229508,1,0.024721311475409867,0.027000000000000135
vehicle_016_session_01389,vehicle_016,1389,validation,122.59015944220432,64.0,346.8,347.4,350.3,353.8,-60.457372786885244,39.24590163934426,1,0.03472131147540982,0.03699999999999992
vehicle_016_session_01390,vehicle_016,1390,validation,118.64108518835617,26.8,329.4,329.7,330.8,332.1,-70.07049688524592,34.622950819672134,1,0.025655737704918052,0.028000000000000025
vehicle_016_session_01391,vehicle_016,1391,validation,117.98915690104168,56.0,341.3,342.1,345.5,349.7,-70.04590590163933,38.34426229508197,1,0.03837704918032786,0.040000000000000036
vehicle_016_session_01392,vehicle_016,1392,validation,117.93943738615665,36.0,331.9,332.1,333.5,335.3,-70.00328081967211,35.459016393442624,1,0.027672131147541017,0.02900000000000036
vehicle_016_session_01393,vehicle_016,1393,validation,118.46146811424101,60.4,344.9,345.7,349.1,353.2,-70.00164196721312,38.721311475409834,1,0.03808196721311477,0.040000000000000036
vehicle_016_session_01394,vehicle_016,1394,validation,118.4456738153595,27.6,329.4,329.7,330.8,332.4,-73.9524593442623,35.57377049180328,1,0.02732786885245905,0.029999999999999805
vehicle_016_session_01395,vehicle_016,1395,validation,118.4329006944445,28.0,328.6,329.1,330.5,331.9,-70.23935918032787,37.26229508196721,1,0.026196721311475428,0.02900000000000036
vehicle_016_session_01396,vehicle_016,1396,validation,119.42950101273146,58.4,342.1,342.8,346.3,350.7,-70.32951934426231,40.78688524590164,1,0.03909836065573769,0.04100000000000037
vehicle_016_session_01397,vehicle_016,1397,validation,119.00404160879629,27.2,327.8,328.8,330.3,331.7,-69.9540937704918,34.47540983606557,1,0.025737704918032806,0.028000000000000025
vehicle_016_session_01398,vehicle_016,1398,validation,117.13161356451027,51.2,337.8,338.3,341.0,345.2,-69.93933819672131,37.40983606557377,1,0.03586885245901641,0.040000000000000036
vehicle_016_session_01399,vehicle_016,1399,validation,117.93165012254899,26.8,327.8,328.2,328.9,329.9,-45.83606295081969,37.0,0,0.019590163934426256,0.02300000000000013
vehicle_016_session_01400,vehicle_016,1400,validation,118.39026340663582,18.0,326.6,327.1,328.6,329.9,-69.73935819672131,40.0,0,0.026770491803278687,0.028999999999999915
vehicle_016_session_01401,vehicle_016,1401,validation,118.88102193813131,46.8,335.7,336.1,338.0,341.3,-69.74755573770491,41.73770491803279,1,0.0320163934426229,0.03699999999999992
vehicle_016_session_01402,vehicle_016,1402,validation,122.04750091074686,73.2,355.3,356.0,359.3,363.3,-69.75083475409835,44.0,0,0.038672131147540964,0.040000000000000036
vehicle_016_session_01403,vehicle_016,1403,validation,119.6019175347222,15.6,323.8,324.4,326.3,328.2,-59.8983531147541,41.0,0,0.02557377049180323,0.027000000000000135
vehicle_016_session_01404,vehicle_016,1404,validation,117.77645374737942,38.0,331.9,332.2,333.3,334.9,-59.9393381967213,42.131147540983605,1,0.02519672131147543,0.028000000000000025
vehicle_016_session_01405,vehicle_016,1405,validation,120.06342194177353,59.2,342.5,343.3,346.4,350.0,-59.92786163934426,44.377049180327866,1,0.03626229508196723,0.038000000000000256
vehicle_016_session_01406,vehicle_016,1406,validation,119.4666164281706,37.2,330.2,331.1,332.8,334.9,-69.94000253333333,37.89333333333333,1,0.02845333333333337,0.03200000000000003
vehicle_016_session_01407,vehicle_016,1407,validation,120.49528914805957,9.2,319.2,321.05,324.1,326.6,-69.86267160000001,35.82666666666667,1,0.028973333333333316,0.03299999999999992
vehicle_016_session_01408,vehicle_016,1408,validation,120.91604527083337,57.6,338.9,340.8,345.25,349.9,-70.75467213333334,40.0,2,0.04173333333333335,0.04400000000000004
vehicle_016_session_01409,vehicle_016,1409,validation,120.64672278846155,45.6,332.5,333.85,336.20000000000005,339.6,-70.06933853333335,38.21333333333333,1,0.03251999999999997,0.03600000000000003
vehicle_016_session_01410,vehicle_016,1410,validation,120.68440215261681,62.0,342.69998,344.1,347.14999,350.0,-47.06184910526316,42.0,0,0.03527629210526312,0.039999899999999755
vehicle_016_session_01411,vehicle_016,1411,validation,117.97498013888885,54.4,338.8,339.3,341.9,345.7,-59.399989999999995,43.22950819672131,1,0.03568852459016396,0.039000000000000146
vehicle_016_session_01412,vehicle_016,1412,validation,121.03764549946582,74.8,355.5,356.1,358.8,362.4,-59.40162950819671,44.0,0,0.03609836065573767,0.038000000000000256
vehicle_016_session_01413,vehicle_016,1413,validation,119.91742468001092,36.4,329.9,330.9,332.5,334.6,-70.084006,37.986666666666665,0,0.0283066666666667,0.03100000000000014
vehicle_016_session_01414,vehicle_016,1414,validation,119.1027172880117,33.2,330.3,330.5,331.6,332.8,-60.35410213114755,37.114754098360656,1,0.023950819672131217,0.02699999999999969
vehicle_016_session_01415,vehicle_016,1415,validation,119.28820232371794,56.4,340.2,340.8,343.6,347.5,-60.34426901639346,39.34426229508197,1,0.03681967213114757,0.039000000000000146
vehicle_016_session_01416,vehicle_016,1416,validation,120.64882584422652,77.6,357.8,358.5,361.4,364.9,-60.38524032786886,40.0,0,0.03678688524590162,0.0389999999999997
vehicle_016_session_01417,vehicle_016,1417,validation,118.2451457638889,61.2,345.7,346.4,349.9,354.1,-70.35410147540983,34.47540983606557,1,0.03975409836065573,0.04200000000000026
vehicle_016_session_01418,vehicle_016,1418,validation,118.9822581375591,19.2,324.4,325.5,328.2,329.9,-70.08533906666668,34.61333333333334,1,0.02869333333333336,0.03200000000000003
vehicle_016_session_01419,vehicle_016,1419,validation,117.581716458983,30.0,328.6,329.79999,331.1,332.8,-70.04605534210526,31.973684210526315,1,0.026355255263157892,0.029000100000000195
vehicle_016_session_01420,vehicle_016,1420,validation,120.17922647849467,33.6,331.4,331.6,332.7,334.4,-70.59017278688525,35.295081967213115,1,0.02718032786885248,0.029999999999999805
vehicle_016_session_01421,vehicle_016,1421,validation,119.0722186478758,58.8,343.2,344.1,347.5,351.8,-70.6262395081967,38.59016393442623,1,0.03899999999999999,0.040999999999999925
vehicle_016_session_01422,vehicle_016,1422,validation,120.49161433966863,75.2,357.1,357.8,361.1,365.3,-70.23116065573771,35.0,0,0.03924590163934418,0.04100000000000037
vehicle_016_session_01423,vehicle_016,1423,validation,118.20811634790526,60.8,343.6,344.4,347.4,350.8,-57.8229562295082,41.0,0,0.037557377049180336,0.040000000000000036
vehicle_016_session_01424,vehicle_016,1424,validation,117.756986185,27.6,327.19998,328.4,329.69998,331.0,-60.9818262077922,38.36363636363637,1,0.023909090909090953,0.02699999999999969
vehicle_016_session_01425,vehicle_016,1425,validation,119.09970404060512,16.4,322.7,323.85,326.65,329.1,-70.021055,40.171052631578945,0,0.02910526315789472,0.03100000000000014
vehicle_016_session_01426,vehicle_016,1426,validation,120.12501445519182,30.4,328.0,329.2,330.75,332.2,-69.91599853333334,41.24,1,0.026280000000000043,0.02900000000000036
vehicle_016_session_01427,vehicle_016,1427,validation,120.4289996843435,71.2,352.1,353.55,357.15,361.6,-73.71843302631578,41.94736842105263,1,0.041065789473684174,0.04300000000000015
vehicle_016_session_01428,vehicle_016,1428,validation,116.67751474271401,32.8,330.0,330.3,331.3,332.7,-60.277065573770514,42.26229508196721,1,0.024327868852459036,0.026000000000000245
vehicle_016_session_01429,vehicle_016,1429,validation,118.43633165708813,57.2,340.8,341.6,344.6,348.3,-60.33935245901642,44.85245901639344,1,0.03752459016393444,0.039000000000000146
vehicle_016_session_01430,vehicle_016,1430,validation,119.47292531876143,23.6,327.5,327.8,328.9,329.9,-59.62623950819673,41.0,0,0.023606557377049194,0.026000000000000245
vehicle_016_session_01431,vehicle_016,1431,validation,122.23216335978836,48.0,334.7,335.0,336.4,338.9,-59.62623950819673,42.80327868852459,1,0.027868852459016373,0.03200000000000003
vehicle_016_session_01432,vehicle_016,1432,validation,124.05277052875246,73.2,353.3,354.1,356.8,360.0,-59.61640344262296,44.65573770491803,1,0.03568852459016389,0.03699999999999992
vehicle_016_session_01433,vehicle_016,1433,validation,119.49472292843696,67.2,349.6,350.3,353.0,356.4,-60.118042786885255,45.0,0,0.035852459016393466,0.037000000000000366
vehicle_016_session_01434,vehicle_016,1434,validation,119.41129420498082,55.2,336.3,337.5,340.0,343.0,-44.737339466666675,40.92,1,0.03236,0.03600000000000003
vehicle_016_session_01435,vehicle_016,1435,validation,118.28183535879629,49.2,334.1,335.2,337.5,341.0,-59.58197196721311,37.049180327868854,1,0.031999999999999966,0.03699999999999992
vehicle_016_session_01436,vehicle_016,1436,validation,118.84828203616354,73.2,354.7,355.3,357.8,361.1,-56.19508704918034,38.0,0,0.03545901639344265,0.037000000000000366
vehicle_016_session_01437,vehicle_016,1437,validation,120.5467144373994,52.0,335.5,337.0,340.4,344.9,-70.2120096,36.38666666666666,1,0.03793333333333335,0.04300000000000015
vehicle_016_session_01438,vehicle_016,1438,validation,119.57887956072352,9.2,319.7,321.35,324.29999999999995,326.9,-69.90666693333333,35.6,0,0.02999999999999994,0.03400000000000025
vehicle_016_session_01439,vehicle_016,1439,validation,118.54255021367523,40.4,331.7,332.4,334.1,336.4,-70.41311,37.0,0,0.029983606557377043,0.03299999999999992
vehicle_016_session_01440,vehicle_016,1440,validation,120.036583953373,71.6,353.8,354.6,357.7,361.8,-70.49508147540983,39.98360655737705,1,0.039081967213114736,0.040999999999999925
vehicle_016_session_01441,vehicle_016,1441,validation,120.37848926604408,51.2,335.2,336.475,339.775,344.3,-70.09867599999998,39.013333333333335,2,0.03757333333333334,0.04300000000000015
vehicle_016_session_01442,vehicle_016,1442,validation,120.00367531676412,34.4,331.0,331.1,332.2,333.5,-59.69837081967214,37.75409836065574,1,0.024065573770491833,0.026000000000000245
vehicle_016_session_01443,vehicle_016,1443,validation,120.06287943007666,57.6,341.4,342.1,344.9,348.8,-59.681977213114756,40.049180327868854,1,0.036950819672131145,0.039000000000000146
vehicle_016_session_01444,vehicle_016,1444,validation,119.93664426546391,44.4,332.4,333.25,335.5,338.5,-69.94605355263157,38.76315789473684,1,0.03156578947368418,0.0349999999999997
vehicle_016_session_01445,vehicle_016,1445,validation,120.44340490048685,4.0,316.7,318.20000000000005,321.7,324.7,-70.5866748,36.0,0,0.033160000000000016,0.03500000000000014
vehicle_016_session_01446,vehicle_016,1446,validation,118.7602777777778,58.0,341.1,342.2,346.1,350.5,-68.91310868852459,35.0,0,0.04144262295081968,0.04400000000000004
vehicle_016_session_01447,vehicle_016,1447,validation,116.9560185185185,49.6,337.2,337.7,340.2,344.1,-70.50163950819672,37.131147540983605,2,0.03604918032786884,0.04100000000000037
vehicle_016_session_01448,vehicle_016,1448,validation,119.60923817090398,52.0,335.5,336.8,340.2,344.9,-70.07377606557378,40.049180327868854,2,0.03836065573770493,0.04400000000000004
vehicle_016_session_01449,vehicle_016,1449,validation,121.00127039141415,75.6,357.1,357.8,361.1,365.3,-70.02787295081967,41.80327868852459,1,0.03970491803278691,0.04100000000000037
vehicle_016_session_01450,vehicle_016,1450,validation,118.0628071102819,30.4,330.8,331.0,332.1,333.5,-69.89671622950819,34.9344262295082,1,0.026704918032786913,0.028999999999999915
vehicle_016_session_01451,vehicle_016,1451,validation,118.20449280217724,57.2,342.5,343.3,346.9,351.1,-69.85902,38.24590163934426,1,0.03967213114754099,0.04200000000000026
vehicle_016_session_01452,vehicle_016,1452,validation,119.43381317697414,34.4,329.1,330.5,332.1,333.9,-70.01867240000001,34.8,1,0.02742666666666669,0.03000000000000025
vehicle_016_session_01453,vehicle_016,1453,validation,122.55313269335511,74.8,355.3,356.3,359.6,363.6,-68.7541137704918,38.0,0,0.03988524590163931,0.041999999999999815
vehicle_016_session_01454,vehicle_016,1454,validation,118.65053047263686,17.2,326.3,326.7,328.6,329.9,-69.80002,33.0,0,0.027000000000000034,0.03000000000000025
vehicle_016_session_01455,vehicle_016,1455,validation,119.09427926587306,44.0,334.9,335.2,336.9,339.7,-69.79838049180329,35.622950819672134,1,0.030524590163934384,0.03400000000000025
vehicle_016_session_01456,vehicle_016,1456,validation,121.76186104681075,72.4,354.9,355.7,358.8,362.8,-69.79182245901639,38.50819672131148,1,0.038491803278688556,0.04100000000000037
vehicle_016_session_01457,vehicle_016,1457,validation,116.99121810185186,38.0,332.4,332.7,334.2,336.4,-70.58033590163934,31.901639344262296,2,0.029114754098360666,0.03100000000000014
vehicle_016_session_01458,vehicle_016,1458,validation,119.05358878968254,68.0,351.9,352.7,355.8,359.9,-70.61476409836064,35.39344262295082,1,0.03877049180327871,0.040000000000000036
vehicle_016_session_01459,vehicle_016,1459,validation,118.50300782348806,20.8,326.1,326.9,328.9,330.3,-70.20656803278688,36.622950819672134,1,0.028065573770491806,0.03200000000000003
vehicle_016_session_01460,vehicle_016,1460,validation,116.92398878205134,52.4,338.8,339.4,342.2,346.8,-70.20984704918033,40.114754098360656,2,0.03790163934426232,0.04200000000000026
vehicle_016_session_01461,vehicle_016,1461,validation,119.49118792431831,53.600002,337.4,339.0,342.9,347.8,-70.09605794736842,33.578947368421055,1,0.040815781578947365,0.04500010000000021
vehicle_016_session_01462,vehicle_016,1462,validation,117.48051839668614,46.4,334.6,334.9,336.4,338.9,-59.68525131147542,36.81967213114754,1,0.029327868852458996,0.03300000000000036
vehicle_016_session_01463,vehicle_016,1463,validation,121.83082386363635,75.2,356.6,357.2,359.9,363.0,-55.94590819672132,38.90163934426229,1,0.035672131147540906,0.038000000000000256
vehicle_016_session_01464,vehicle_016,1464,validation,116.80570587606839,27.6,329.9,330.2,331.1,332.4,-69.65082967213115,34.60655737704918,1,0.02529508196721314,0.027000000000000135
vehicle_016_session_01465,vehicle_016,1465,validation,118.60906311274512,59.6,340.8,342.5,347.2,351.6,-69.98360491803278,36.950819672131146,1,0.04265573770491803,0.04600000000000026
vehicle_016_session_01466,vehicle_016,1466,validation,117.12417563587688,19.2,324.4,325.3,327.59999,329.4,-61.43421544736844,36.0,0,0.026697360526315765,0.029999899999999968
vehicle_016_session_01467,vehicle_016,1467,validation,118.72707533482145,28.4,329.4,329.7,330.7,331.7,-59.80329770491805,32.704918032786885,1,0.022803278688524612,0.02499999999999991
vehicle_016_session_01468,vehicle_016,1468,validation,116.98066103059584,55.2,340.2,340.7,343.5,347.4,-59.89507344262295,35.967213114754095,1,0.036327868852459026,0.040000000000000036
vehicle_016_session_01469,vehicle_016,1469,validation,119.09900637703251,48.4,333.9,334.95,337.7375,341.6,-70.04800466666666,34.88,1,0.0348,0.040000000000000036
vehicle_016_session_01470,vehicle_016,1470,validation,120.02774498263891,65.6,347.2,348.75,352.4,356.4,-69.90933866666667,39.0,0,0.04102666666666668,0.04499999999999993
vehicle_016_session_01471,vehicle_016,1471,validation,119.78232692307695,70.4,353.0,353.8,356.9,361.0,-70.05738114754098,42.47540983606557,1,0.03996721311475411,0.04100000000000037
vehicle_016_session_01472,vehicle_016,1472,validation,117.98996778549382,46.4,333.9,334.7,336.9,340.2,-69.9606531147541,41.52459016393443,1,0.03395081967213113,0.038000000000000256
vehicle_016_session_01473,vehicle_016,1473,validation,120.8926883838384,75.6,356.6,357.4,360.7,364.7,-69.8606581967213,43.622950819672134,1,0.04060655737704916,0.0420000000000007
vehicle_016_session_01474,vehicle_016,1474,validation,117.16957733302124,43.2,331.9,333.0,335.2,338.0,-70.18667746666667,39.16,2,0.031879999999999985,0.03500000000000014
vehicle_016_session_01475,vehicle_016,1475,validation,116.66436956790123,33.2,329.6,330.3,331.775,333.6,-69.7720128,35.666666666666664,1,0.027613333333333365,0.03000000000000025
vehicle_016_session_01476,vehicle_016,1476,validation,120.26685160416669,57.6,339.3,340.9,345.4,350.0,-70.31184618421052,39.25,1,0.043013157894736836,0.04600000000000026
vehicle_016_session_01477,vehicle_016,1477,validation,116.33000016762452,40.0,331.1,331.9,333.6,335.7,-60.19345262295082,33.26229508196721,1,0.027278688524590197,0.03000000000000025
vehicle_016_session_01478,vehicle_016,1478,validation,118.17250015346838,20.8,324.9,326.20000000000005,328.6,330.3,-69.91447355263158,36.026315789473685,1,0.028894736842105306,0.03299999999999992
vehicle_016_session_01479,vehicle_016,1479,validation,118.18924809027777,30.4,329.6,329.7,330.7,332.1,-60.073777049180336,35.704918032786885,1,0.023622950819672122,0.02499999999999991
vehicle_016_session_01480,vehicle_016,1480,validation,118.01216720920134,54.8,339.1,339.7,342.4,346.3,-60.07541672131148,38.42622950819672,1,0.03662295081967213,0.040000000000000036
vehicle_016_session_01481,vehicle_016,1481,validation,117.14801790737793,22.0,325.5,326.9,329.15,330.7,-70.3039567105263,36.89473684210526,1,0.028013157894736865,0.03200000000000003
vehicle_016_session_01482,vehicle_016,1482,validation,117.46702142728094,32.4,329.4,330.0,331.6,333.3,-69.91183765789475,36.526315789473685,1,0.025934194736842126,0.02800020000000014
vehicle_016_session_01483,vehicle_016,1483,validation,117.84988434829059,32.8,331.4,331.6,332.7,334.2,-68.93933819672131,33.16393442622951,1,0.02516393442622952,0.027000000000000135
vehicle_016_session_01484,vehicle_016,1484,validation,122.01660144335509,54.0,339.4,340.2,342.8,347.1,-68.92458393442624,35.81967213114754,2,0.03263934426229513,0.03600000000000003
vehicle_016_session_01485,vehicle_016,1485,validation,118.24233117612295,22.4,326.3,327.19998,329.1,330.3,-61.264479236842114,31.56578947368421,1,0.02419735789473687,0.02800020000000014
vehicle_016_session_01486,vehicle_016,1486,validation,118.29317463235296,20.0,327.4,327.8,329.1,330.3,-70.07377786885246,36.0,0,0.025524590163934446,0.028000000000000025
vehicle_016_session_01487,vehicle_016,1487,validation,118.70764854166669,40.8,333.3,333.6,335.0,337.2,-70.05738278688526,37.81967213114754,1,0.02755737704918032,0.029999999999999805
vehicle_016_session_01488,vehicle_016,1488,validation,118.48975806571816,32.0,329.6,330.24999,331.64999,333.5,-70.09868971052632,38.03947368421053,1,0.02644737763157898,0.029000100000000195
vehicle_016_session_01489,vehicle_016,1489,validation,120.11614269323672,5.6,316.4,318.55,322.15,325.2,-70.13290328947367,41.0,0,0.030736842105263163,0.03300000000000036
vehicle_016_session_01490,vehicle_016,1490,validation,119.06728122106482,48.8,334.1,335.25,338.0,341.9,-70.09067280000001,35.25333333333333,1,0.03251999999999996,0.037000000000000366
vehicle_016_session_01491,vehicle_016,1491,validation,119.40069201388887,12.0,320.0,322.5,325.3,327.8,-69.67705295081967,38.0,0,0.027081967213114698,0.029999999999999805
vehicle_016_session_01492,vehicle_016,1492,validation,118.24661323164688,20.8,324.4,325.75,328.4,330.2,-69.92894881578948,44.0,0,0.028657894736842104,0.031999999999999584
vehicle_016_session_01493,vehicle_016,1493,validation,117.917523591457,54.8,339.3,339.9,342.575,346.6,-64.91733586666665,47.346666666666664,1,0.034533333333333395,0.038000000000000256
vehicle_016_session_01494,vehicle_016,1494,validation,119.02694456249999,17.6,323.2,324.29999999999995,327.1,329.4,-69.90933013333334,41.733333333333334,1,0.028639999999999978,0.03100000000000014
vehicle_016_session_01495,vehicle_016,1495,validation,118.6500903760482,65.6,348.5,349.3,352.2,356.0,-64.92131081967213,45.131147540983605,1,0.03491803278688523,0.03600000000000003
vehicle_016_session_01496,vehicle_016,1496,validation,119.30266213348764,58.4,341.9,342.8,346.6,351.0,-69.89180098360656,43.0,0,0.038377049180327874,0.040000000000000036
vehicle_016_session_01497,vehicle_016,1497,validation,118.63167775355302,51.6,337.2,337.8,340.3,344.4,-69.65162193548387,42.54838709677419,1,0.03400000000000002,0.038000000000000256
vehicle_016_session_01498,vehicle_016,1498,validation,118.03273929642673,12.8,321.1,322.75,325.5,328.0,-70.04267173333332,39.0,0,0.027919999999999962,0.02900000000000036
vehicle_016_session_01499,vehicle_016,1499,validation,120.6700412375156,62.0,342.5,344.75,348.975,353.3,-70.0946736,40.77333333333333,1,0.03956,0.04400000000000004
vehicle_016_session_01500,vehicle_016,1500,validation,116.90973081140353,48.0,335.2,335.7,337.5,340.3,-60.357379836065576,41.50819672131148,1,0.029016393442622957,0.03300000000000036
vehicle_016_session_01501,vehicle_016,1501,validation,117.96550982815437,70.8,352.7,353.5,356.1,359.6,-60.35410213114755,43.0,0,0.033672131147541015,0.03500000000000014
vehicle_016_session_01502,vehicle_016,1502,validation,117.5409635416667,38.0,332.2,332.5,333.8,336.0,-69.95245426229508,39.49180327868852,1,0.02773770491803282,0.03000000000000025
vehicle_016_session_01503,vehicle_016,1503,validation,119.58958395833335,73.2,355.2,356.0,359.3,363.3,-69.99672098360655,40.0,0,0.03690163934426226,0.038000000000000256
vehicle_016_session_01504,vehicle_016,1504,validation,118.06232953195247,28.4,328.0,329.1,330.7,332.1,-69.88815197368422,37.51315789473684,1,0.02578947368421055,0.027000000000000135
vehicle_016_session_01505,vehicle_016,1505,validation,117.54596841509063,30.0,328.5,329.6,331.1,332.7,-69.64869421052632,37.578947368421055,1,0.025697368421052635,0.028000000000000025
vehicle_016_session_01506,vehicle_016,1506,validation,118.71682546750185,36.4,330.2,331.0,332.6,334.7,-70.51052736842105,37.73684210526316,1,0.02790789473684211,0.03000000000000025
vehicle_016_session_01507,vehicle_016,1507,validation,118.0955301924704,18.8,324.2,325.3,328.0,329.7,-69.16401,35.88,1,0.028066666666666674,0.03100000000000014
vehicle_016_session_01508,vehicle_016,1508,validation,118.50600917610572,46.8,333.0,334.29999999999995,337.0,340.5,-69.9052675,37.36842105263158,1,0.03197368421052632,0.03600000000000003
vehicle_016_session_01509,vehicle_016,1509,validation,117.2241287247475,41.6,332.4,332.7,334.1,336.1,-60.203284918032786,36.50819672131148,1,0.026131147540983633,0.028000000000000025
vehicle_016_session_01510,vehicle_016,1510,validation,117.73554299768523,63.6,346.3,347.1,349.9,353.3,-57.54262770491804,38.950819672131146,1,0.03426229508196717,0.03699999999999992
vehicle_016_session_01511,vehicle_016,1511,validation,116.41670709189498,36.0,330.5,331.3,332.9,335.0,-69.60790473684212,36.44736842105263,1,0.027460526315789477,0.03000000000000025
vehicle_016_session_01512,vehicle_016,1512,validation,119.50701250843697,53.600002,336.1,337.19998,340.19998,344.1,-59.22500721052631,38.473684210526315,1,0.03300001447368418,0.037999899999999975
vehicle_016_session_01513,vehicle_016,1513,validation,116.22966707516343,34.0,329.4,330.6,332.2,334.1,-70.0453368,37.14666666666667,1,0.02716000000000001,0.03000000000000025
vehicle_016_session_01514,vehicle_016,1514,validation,119.04744837526208,56.4,337.4,339.1,343.0,347.4,-60.48689131147542,39.032786885245905,1,0.036065573770491834,0.039000000000000146
vehicle_016_session_01515,vehicle_016,1515,validation,119.7069577777778,77.6,358.2,358.9,361.9,365.5,-60.66558377049181,40.0,0,0.03490163934426229,0.03699999999999992
vehicle_016_session_01516,vehicle_016,1516,validation,116.10157584422664,53.2,339.1,339.7,342.7,347.2,-69.89671885245902,42.24590163934426,1,0.03609836065573773,0.040000000000000036
vehicle_016_session_01517,vehicle_016,1517,validation,118.4301786276455,13.6,321.9,323.4,326.1,328.6,-69.99600093333333,35.89333333333333,1,0.02789333333333333,0.03000000000000025
vehicle_016_session_01518,vehicle_016,1518,validation,119.61535749764599,50.4,334.9,336.20000000000005,339.3,343.5,-69.91200493333332,37.44,1,0.034973333333333335,0.040000000000000036
vehicle_016_session_01519,vehicle_016,1519,validation,117.82495970911948,73.6,355.2,355.8,358.3,361.6,-56.07049622950821,36.557377049180324,1,0.03336065573770494,0.03500000000000014
vehicle_016_session_01520,vehicle_016,1520,validation,117.43110096153846,24.8,328.6,328.9,329.7,330.8,-60.87213639344263,38.40983606557377,1,0.02280327868852462,0.02499999999999991
vehicle_016_session_01521,vehicle_016,1521,validation,116.85146951506586,50.8,337.2,337.7,339.7,342.8,-59.10328278688525,40.967213114754095,1,0.029934426229508197,0.03400000000000025
vehicle_016_session_01522,vehicle_016,1522,validation,122.15217013888886,74.8,355.7,356.3,358.9,362.1,-56.004923606557384,42.0,0,0.032540983606557335,0.03399999999999981
vehicle_016_session_01523,vehicle_016,1523,validation,115.2327773919753,49.6,336.4,336.9,338.9,341.9,-60.16066229508198,40.09836065573771,1,0.029934426229508163,0.03500000000000014
vehicle_016_session_01524,vehicle_016,1524,validation,118.46387660751031,71.2,353.2,353.8,356.4,360.0,-60.2032855737705,42.0,0,0.034344262295082,0.03600000000000003
vehicle_016_session_01525,vehicle_016,1525,validation,119.06632926432292,24.0,328.0,328.2,329.4,330.5,-59.32132508196723,40.0,0,0.02311475409836065,0.0259999999999998
vehicle_016_session_01526,vehicle_016,1526,validation,117.94270854797982,50.0,336.8,337.1,339.1,342.1,-59.3000186885246,42.131147540983605,1,0.02954098360655737,0.03300000000000036
vehicle_016_session_01527,vehicle_016,1527,validation,119.24217168209874,71.6,352.7,353.3,356.1,359.6,-59.99672098360655,42.0,0,0.034836065573770496,0.03600000000000003
vehicle_016_session_01528,vehicle_016,1528,validation,118.51511614583336,68.8,351.3,351.9,354.7,358.0,-59.79673442622952,34.0,0,0.034409836065573796,0.03600000000000003
vehicle_016_session_01529,vehicle_016,1529,validation,116.87229064542484,41.6,333.5,333.6,334.9,337.1,-60.180333442622945,34.377049180327866,1,0.026163934426229496,0.028000000000000025
vehicle_016_session_01530,vehicle_016,1530,validation,118.19857662429378,62.4,345.8,346.6,349.4,352.8,-57.77377622950821,36.540983606557376,1,0.034524590163934395,0.03799999999999981
vehicle_016_session_01531,vehicle_016,1531,validation,116.70000333333333,53.2,338.0,338.8,341.9,346.6,-70.02295311475409,34.57377049180328,1,0.03747540983606558,0.04200000000000026
vehicle_016_session_01532,vehicle_016,1532,validation,116.21010945027197,26.4,327.8,329.1,330.7,332.1,-70.00000133333333,29.14666666666667,2,0.02568000000000002,0.028999999999999915
vehicle_016_session_01533,vehicle_016,1533,validation,118.7555871155754,32.4,330.8,331.0,331.9,333.2,-61.001639508196725,31.16393442622951,1,0.023229508196721337,0.025000000000000355
vehicle_016_session_01534,vehicle_016,1534,validation,117.51043284722223,55.2,340.2,340.7,343.5,347.4,-61.08853327868853,34.01639344262295,2,0.03429508196721314,0.037000000000000366
vehicle_016_session_01535,vehicle_016,1535,validation,118.42958312717013,38.0,330.5,331.6,333.5,335.7,-69.98400026666667,32.64,1,0.02826666666666667,0.03100000000000014
vehicle_016_session_01536,vehicle_016,1536,validation,115.29708082561727,50.4,336.3,336.8,338.8,342.2,-59.144269180327875,31.62295081967213,1,0.030819672131147526,0.03500000000000014
vehicle_016_session_01537,vehicle_016,1537,validation,117.75730100182147,72.0,353.6,354.3,356.8,360.0,-56.234432622950834,33.31147540983606,1,0.033114754098360684,0.0349999999999997
vehicle_016_session_01538,vehicle_016,1538,validation,119.2278021351575,63.6,346.6,347.4,350.3,353.8,-59.89835114754097,34.0,0,0.0355901639344262,0.038000000000000256
vehicle_016_session_01539,vehicle_016,1539,validation,119.00360207744826,61.2,345.3,346.3,349.7,353.8,-70.10968370967741,34.41935483870968,1,0.03735483870967743,0.039000000000000146
vehicle_016_session_01540,vehicle_016,1540,validation,117.46025615042893,33.6,328.9,330.3,332.0,333.9,-70.135535,30.657894736842106,1,0.026907894736842134,0.03000000000000025
vehicle_016_session_01541,vehicle_016,1541,validation,117.19117949370155,18.8,324.4,325.75,328.5,330.2,-69.957336,28.0,0,0.02786666666666663,0.03200000000000003
vehicle_016_session_01542,vehicle_016,1542,validation,117.89101544887275,68.8,351.8,352.7,355.8,359.9,-70.06558032786884,37.0,0,0.03731147540983608,0.039000000000000146
vehicle_016_session_01543,vehicle_016,1543,validation,115.5787305911681,40.0,333.0,333.5,334.9,337.4,-69.81149196721312,33.0,2,0.029032786885245892,0.03100000000000014
vehicle_016_session_01544,vehicle_016,1544,validation,118.43422244268078,71.2,354.1,354.9,358.0,362.1,-69.80657540983607,36.032786885245905,1,0.0372950819672131,0.039000000000000146
vehicle_016_session_01545,vehicle_016,1545,validation,116.80556590909092,46.0,334.7,335.2,336.9,339.3,-59.760660163934425,29.0327868852459,2,0.027999999999999973,0.03200000000000003
vehicle_016_session_01546,vehicle_016,1546,validation,117.892585428759,17.2,323.2,324.79999999999995,327.75,329.7,-69.69343263157893,29.0,0,0.028013157894736837,0.03000000000000025
vehicle_016_session_01547,vehicle_016,1547,validation,116.00921199935401,17.6,324.1,325.6,328.4,330.2,-70.04416038961038,27.0,0,0.027129870129870108,0.029999999999999805
vehicle_016_session_01548,vehicle_016,1548,validation,118.73362263576777,60.4,341.3,343.55,348.3,352.7,-70.35333253333334,32.92,1,0.040639999999999975,0.04400000000000004
vehicle_016_session_01549,vehicle_016,1549,validation,118.16738451388888,28.0,329.9,330.2,331.1,332.7,-69.7541137704918,33.98360655737705,0,0.02549180327868852,0.028000000000000025
vehicle_016_session_01550,vehicle_016,1550,validation,118.13544829198472,42.4,331.6,332.74999,334.9,337.5,-70.12895452631578,33.51315789473684,1,0.029815797368421063,0.03299999999999992
vehicle_016_session_01551,vehicle_016,1551,validation,117.96753278186279,39.6,330.8,331.65,333.6,335.8,-69.881338,34.61333333333334,1,0.028760000000000036,0.03100000000000014
vehicle_016_session_01552,vehicle_016,1552,validation,117.84168416666662,31.2,331.1,331.4,332.5,334.1,-70.70328901639343,28.524590163934427,1,0.02619672131147542,0.028999999999999915
vehicle_016_session_01553,vehicle_016,1553,validation,118.40687949346407,51.6,338.6,339.1,341.9,346.1,-70.69673131147539,31.049180327868854,2,0.034606557377049214,0.039000000000000146
vehicle_016_session_01554,vehicle_016,1554,validation,115.24816188524588,23.6,328.9,329.1,329.9,331.0,-59.901631475409836,27.0,0,0.022360655737704932,0.02300000000000013
vehicle_016_session_01555,vehicle_016,1555,validation,116.74584368908383,48.0,336.3,336.8,338.5,341.4,-59.89179573770491,29.442622950819672,1,0.02908196721311473,0.03200000000000003
vehicle_016_session_01556,vehicle_016,1556,validation,119.4394716159612,70.8,353.6,354.4,357.1,360.5,-59.90163016393442,31.672131147540984,1,0.03444262295081967,0.03600000000000003
vehicle_016_session_01557,vehicle_016,1557,validation,116.2219731570513,30.0,330.0,330.3,331.1,332.5,-59.59017229508197,24.24590163934426,1,0.021803278688524642,0.02300000000000013
vehicle_016_session_01558,vehicle_016,1558,validation,117.61919480286743,70.0,352.7,353.3,356.0,359.4,-59.615882539682545,29.666666666666668,1,0.03280952380952382,0.03400000000000025
vehicle_016_session_01559,vehicle_016,1559,validation,115.7026334422658,53.6,338.0,338.6,341.4,345.7,-60.69017393442623,29.475409836065573,1,0.03521311475409837,0.040000000000000036
vehicle_016_session_01560,vehicle_016,1560,validation,115.51825580431174,52.4,338.0,338.6,341.1,344.9,-60.57377786885246,30.524590163934427,1,0.03283606557377052,0.037000000000000366
vehicle_016_session_01561,vehicle_016,1561,validation,116.16080126633986,29.2,329.7,330.0,331.1,332.7,-69.939338852459,38.0,0,0.02654098360655738,0.028000000000000025
vehicle_016_session_01562,vehicle_016,1562,validation,116.17033217592588,50.0,336.8,337.4,339.7,343.5,-69.92458327868852,40.09836065573771,2,0.034442622950819644,0.039000000000000146
vehicle_016_session_01563,vehicle_016,1563,validation,117.91256673330528,50.4,335.0,336.175,339.3375,343.6,-69.98800306666665,33.48,1,0.03557333333333331,0.04200000000000026
vehicle_016_session_01564,vehicle_016,1564,validation,115.42789887820513,38.0,331.4,331.7,333.0,334.7,-60.5049255737705,33.34426229508197,1,0.025426229508196747,0.028000000000000025
vehicle_016_session_01565,vehicle_016,1565,validation,115.18056932870373,64.0,346.8,347.5,350.3,353.6,-57.53443278688525,36.0,0,0.03477049180327867,0.03799999999999981
vehicle_016_session_01566,vehicle_016,1566,validation,116.31582147648362,46.4,333.0,334.4,337.0,340.5,-69.9813372,32.333333333333336,1,0.032546666666666654,0.037000000000000366
vehicle_016_session_01567,vehicle_016,1567,validation,118.17510236378203,69.6,351.3,352.2,355.5,359.7,-70.2164055737705,33.0,0,0.03885245901639346,0.040000000000000036
vehicle_016_session_01568,vehicle_016,1568,validation,116.12402958984372,44.8,332.5,333.85,336.4,339.7,-69.97763486842105,31.81578947368421,1,0.03155263157894734,0.03600000000000003
vehicle_016_session_01569,vehicle_016,1569,validation,114.45514463141028,46.0,334.4,334.9,337.1,340.3,-69.68525590163935,33.60655737704918,1,0.03214754098360654,0.03600000000000003
vehicle_016_session_01570,vehicle_016,1570,validation,116.59366272929773,55.6,338.8,341.3,345.2,349.9,-69.7453348,29.76,1,0.03953333333333334,0.04200000000000026
vehicle_016_session_01571,vehicle_016,1571,validation,117.36860831971678,61.6,345.7,346.6,350.2,354.4,-70.07869360655738,29.639344262295083,1,0.0390163934426229,0.041999999999999815
vehicle_016_session_01572,vehicle_016,1572,validation,117.65090909630847,62.0,344.1,345.9,350.25,354.4,-69.89733693333334,30.0,0,0.040466666666666644,0.04499999999999993
vehicle_016_session_01573,vehicle_016,1573,validation,116.60886497513138,34.4,330.0,330.8,332.4,334.2,-70.02667,28.44,1,0.027346666666666658,0.03000000000000025
vehicle_016_session_01574,vehicle_016,1574,validation,117.82621559829062,50.8,333.8,334.475,336.1,338.0,-35.021336000000005,30.0,0,0.023813333333333322,0.026000000000000245
vehicle_016_session_01575,vehicle_016,1575,validation,117.27108442841883,40.4,331.1,332.29999999999995,334.275,336.9,-70.00000466666665,32.61333333333334,1,0.02989333333333335,0.03300000000000036
vehicle_016_session_01576,vehicle_016,1576,validation,114.66982206498952,50.0,337.4,337.8,340.3,344.4,-70.59345032786887,32.885245901639344,2,0.03498360655737703,0.040000000000000036
vehicle_016_session_01577,vehicle_016,1577,validation,116.71412511574079,67.2,350.8,351.8,354.9,358.9,-70.01935677419354,30.629032258064516,1,0.03782258064516134,0.039000000000000146
vehicle_016_session_01578,vehicle_016,1578,validation,118.33841624396136,51.6,334.7,336.3,339.20000000000005,343.0,-59.417111447368406,31.94736842105263,1,0.03305263157894736,0.038000000000000256
vehicle_016_session_01579,vehicle_016,1579,validation,114.87760840395481,46.4,335.3,335.8,338.0,341.3,-70.20656803278688,31.098360655737704,2,0.032295081967213105,0.037000000000000366
vehicle_016_session_01580,vehicle_016,1580,validation,116.9702158165709,70.0,353.0,353.9,357.1,361.1,-70.25903229508197,33.59016393442623,1,0.03759016393442621,0.039000000000000146
vehicle_016_session_01581,vehicle_016,1581,validation,118.29921759259263,55.6,338.0,339.79999999999995,344.3375,349.4,-74.43866746666667,36.54666666666667,1,0.04173333333333333,0.04499999999999993
vehicle_016_session_01582,vehicle_016,1582,validation,115.86173158670033,37.2,331.9,332.1,333.2,334.7,-58.888518032786884,35.80327868852459,1,0.02395081967213117,0.026000000000000245
vehicle_016_session_01583,vehicle_016,1583,validation,117.89644242330017,64.0,346.9,347.7,350.5,353.9,-58.909827049180315,38.90163934426229,1,0.03401639344262293,0.03600000000000003
vehicle_016_session_01584,vehicle_016,1584,validation,115.11552597489316,34.4,330.0,330.3,331.1,332.2,-45.95082,30.0,0,0.01903278688524594,0.02100000000000035
vehicle_016_session_01585,vehicle_016,1585,validation,118.01668041666667,70.8,351.9,352.4,354.3,356.6,-42.94098885245902,34.0,0,0.028803278688524614,0.03000000000000025
vehicle_016_session_01586,vehicle_016,1586,validation,115.85220880440554,22.0,325.8,327.0,329.1,330.3,-61.41316526315789,22.013157894736842,1,0.02473684210526315,0.028999999999999915
vehicle_016_session_01587,vehicle_016,1587,validation,116.3663133286648,50.0,335.8,337.15,340.4,344.9,-70.03867133333333,20.88,2,0.03595999999999998,0.04200000000000026
vehicle_016_session_01588,vehicle_016,1588,validation,114.95237813180829,30.8,329.7,330.0,331.0,332.4,-60.29838049180331,27.83606557377049,1,0.023295081967213128,0.025000000000000355
vehicle_016_session_01589,vehicle_016,1589,validation,114.97688866843038,51.2,337.4,337.8,340.2,343.6,-60.29182245901641,30.540983606557376,1,0.03245901639344263,0.037000000000000366
vehicle_016_session_01590,vehicle_016,1590,validation,119.89253211805557,76.8,357.7,358.3,361.1,364.7,-60.29674098360658,32.65573770491803,1,0.03539344262295078,0.03700000000000081
vehicle_016_session_01591,vehicle_016,1591,validation,116.67914617663213,22.4,326.1,327.7,329.79999999999995,331.1,-69.9986672,26.826666666666668,1,0.02594666666666668,0.03000000000000025
vehicle_016_session_01592,vehicle_016,1592,validation,117.73696119281044,58.0,342.4,343.3,346.9,351.3,-70.29510147540984,32.59016393442623,1,0.03557377049180329,0.03799999999999981
vehicle_016_session_01593,vehicle_016,1593,validation,116.12078549615126,21.6,325.2,326.35,328.6,329.9,-61.28133906666666,27.44,1,0.02487999999999999,0.028000000000000025
vehicle_016_session_01594,vehicle_016,1594,validation,117.82963205220312,64.4,348.0,348.9,352.4,356.4,-69.89017016393444,31.0,0,0.03601639344262294,0.038000000000000256
vehicle_016_session_01595,vehicle_016,1595,validation,116.88082990625003,17.6,324.2,325.6,328.3,330.2,-69.81601466666666,27.0,0,0.02686666666666665,0.029999999999999805
