segment_id,vehicle,session_index,split,proxy_capacity_ah,soc_start,voltage_start,voltage_60,voltage_300,voltage_600,current_mean,tmax_mean,temperature_rise,cell_gap_mean,cell_gap_max
vehicle_007_session_00001,vehicle_007,1,train,134.60029174735914,30.0,328.0,328.70000000000005,329.1,329.6,-22.404000399999997,31.0,0,0.010293333333333331,0.01200000000000001
vehicle_007_session_00002,vehicle_007,2,train,133.08789212742815,12.8,320.8,324.79999999999995,327.2,329.1,-69.68290252894737,38.0,0,0.026065789473684202,0.027000000000000135
vehicle_007_session_00003,vehicle_007,3,train,135.24387823332148,4.4,318.5,320.1,323.2,326.0,-70.06533906666667,41.0,0,0.026373333333333342,0.028000000000000025
vehicle_007_session_00004,vehicle_007,4,train,133.2563273983135,40.4,332.2,333.4,335.7,338.8,-73.39473052631578,37.25,2,0.028328947368421006,0.03100000000000014
vehicle_007_session_00005,vehicle_007,5,train,134.44329945051243,17.2,324.9,327.4,329.4,330.7,-74.54934399999998,30.6,1,0.02773333333333333,0.03000000000000025
vehicle_007_session_00006,vehicle_007,6,train,135.1432511308614,4.0,316.9,318.70000000000005,321.0,322.8,-45.0013257894737,38.0,0,0.01853947368421053,0.020999999999999908
vehicle_007_session_00007,vehicle_007,7,train,133.78813690914671,24.4,327.1,327.7,328.6,329.6,-45.001333466666665,36.0,0,0.017613333333333377,0.019000000000000128
vehicle_007_session_00008,vehicle_007,8,train,137.4740441840278,75.6,356.8,358.9,361.3,363.9,-44.88684842105263,37.973684210526315,0,0.022210526315789424,0.02400000000000002
vehicle_007_session_00009,vehicle_007,9,train,132.15372675983437,18.0,324.6,325.0,326.0,326.7,-26.002631842105263,31.0,0,0.01211842105263153,0.0129999999999999
vehicle_007_session_00010,vehicle_007,10,train,132.86095327083333,8.8,318.8,320.45,322.8,324.6,-37.40133341733333,30.786666666666665,1,0.016000000000000004,0.018000000000000238
vehicle_007_session_00011,vehicle_007,11,train,134.02497958530267,45.2,331.4,333.0,335.2,337.4,-37.238657202666666,30.8,1,0.01713333333333328,0.020999999999999908
vehicle_007_session_00012,vehicle_007,12,train,132.7558479532164,50.8,338.2,338.6,340.25,342.2,-39.0,34.0,0,0.01940789473684208,0.020999999999999908
vehicle_007_session_00013,vehicle_007,13,train,135.52926816203708,39.6,330.7,331.6,332.8,334.2,-44.82934106666668,32.48,1,0.018306666666666686,0.020000000000000018
vehicle_007_session_00014,vehicle_007,14,train,136.18024358333335,59.6,344.3,345.4,347.575,349.9,-45.11467666666667,34.0,0,0.021679999999999987,0.02300000000000013
vehicle_007_session_00015,vehicle_007,15,train,134.905626947601,11.6,323.0,324.5,327.2,329.1,-74.4789452631579,34.48684210526316,1,0.02801315789473683,0.02900000000000036
vehicle_007_session_00016,vehicle_007,16,train,133.60360969176415,50.8,335.8,336.8,338.6,340.0,-25.57734333333334,36.0,0,0.01553333333333334,0.017000000000000348
vehicle_007_session_00017,vehicle_007,17,train,135.7318378024194,50.0,337.1,339.0,342.75,346.4,-74.64343078947367,38.94736842105263,1,0.03119736842105266,0.03300000000000036
vehicle_007_session_00018,vehicle_007,18,train,131.80769721064812,44.4,331.9,332.275,333.2,334.2,-22.60134333333334,37.08,1,0.011519999999999992,0.0129999999999999
vehicle_007_session_00019,vehicle_007,19,train,133.70025998446,19.2,324.9,325.75,327.1,327.8,-40.4879988,35.8,1,0.016826666666666656,0.018000000000000238
vehicle_007_session_00020,vehicle_007,20,train,136.39258710713355,14.4,323.6,323.8,324.29999999999995,324.9,-22.600010000000008,36.80263157894737,-1,0.011394736842105247,0.0129999999999999
vehicle_007_session_00021,vehicle_007,21,train,133.42460168185764,45.6,334.1,334.5,335.25,336.3,-22.51710697368421,40.0,0,0.012039473684210539,0.014000000000000234
vehicle_007_session_00022,vehicle_007,22,train,130.78360598203506,22.8,326.6,327.4,328.3,329.1,-44.83067746666668,40.0,0,0.0178266666666667,0.019000000000000128
vehicle_007_session_00023,vehicle_007,23,train,132.57331107638888,62.4,347.8,348.3,350.2,352.5,-44.80002000000002,42.0,0,0.021719999999999975,0.02400000000000002
vehicle_007_session_00024,vehicle_007,24,train,136.9683357691855,52.4,337.5,338.3,339.9,341.3,-27.005262499999994,39.0,0,0.016092105263157904,0.017999999999999794
vehicle_007_session_00025,vehicle_007,25,train,132.5296110800166,37.2,331.1,331.3,332.1,333.2,-40.399989999999995,43.0,0,0.017103896103896152,0.018000000000000238
vehicle_007_session_00026,vehicle_007,26,train,132.83550171195654,19.2,326.1,327.4,328.9,330.0,-69.8253472,38.36,1,0.026506666666666703,0.028000000000000025
vehicle_007_session_00027,vehicle_007,27,train,137.18777492816096,53.2,338.6,339.65,341.70000000000005,343.8,-40.20132592105263,38.0,0,0.020263157894736844,0.02200000000000024
vehicle_007_session_00028,vehicle_007,28,train,133.63838604313972,45.6,331.6,333.1,335.2,337.2,-37.253325282666665,40.93333333333333,0,0.017333333333333343,0.020999999999999908
vehicle_007_session_00029,vehicle_007,29,train,134.40643993802271,25.2,328.0,329.15,330.6,331.9,-74.2066772,37.64,1,0.027946666666666717,0.029999999999999805
vehicle_007_session_00030,vehicle_007,30,train,133.68303056930694,18.0,323.6,324.4,325.4,326.3,-25.90921065789474,37.0,0,0.013486842105263117,0.015000000000000124
vehicle_007_session_00031,vehicle_007,31,train,136.36926337430057,44.0,332.4,333.0,334.7,336.8,-45.11601,39.0,0,0.019279999999999995,0.02200000000000024
vehicle_007_session_00032,vehicle_007,32,train,135.42529732335495,17.2,323.9,324.95,326.7,327.8,-49.84606039473686,38.0,0,0.020197368421052603,0.02200000000000024
vehicle_007_session_00033,vehicle_007,33,train,132.54975721552142,52.8,339.3,341.70000000000005,344.9,348.8,-74.60801026666667,41.693333333333335,1,0.03157333333333332,0.03300000000000036
vehicle_007_session_00034,vehicle_007,34,train,133.15850688686484,18.8,324.9,325.8,327.2,328.0,-45.100010000000005,40.0,0,0.018346666666666643,0.020000000000000018
vehicle_007_session_00035,vehicle_007,35,train,134.32085551130174,18.0,323.6,325.5,327.1,328.0,-44.78685223684211,34.0,0,0.018421052631578935,0.020000000000000018
vehicle_007_session_00036,vehicle_007,36,train,135.20746610654908,44.8,333.8,335.0,337.9,341.9,-70.44079065789474,35.43421052631579,1,0.029263157894736852,0.03200000000000003
vehicle_007_session_00037,vehicle_007,37,train,135.29436858861501,42.8,331.9,332.9,334.6375,336.8,-50.558672533333336,33.0,0,0.02089333333333333,0.02300000000000013
vehicle_007_session_00038,vehicle_007,38,train,132.6989728019068,52.4,339.9,340.75,342.4,344.4,-40.159750259740264,34.857142857142854,1,0.02020779220779222,0.02200000000000024
vehicle_007_session_00039,vehicle_007,39,train,133.65313162037035,14.8,322.7,323.5,325.0,326.4,-40.10401,35.29333333333334,-1,0.01733333333333327,0.019000000000000128
vehicle_007_session_00040,vehicle_007,40,train,133.18196461352656,42.4,330.7,332.2,333.6,335.2,-39.66400026666667,37.0,0,0.01721333333333335,0.019000000000000128
vehicle_007_session_00041,vehicle_007,41,train,132.64585,10.8,319.9,321.7,323.5,325.0,-38.60799933333333,39.626666666666665,-1,0.016813333333333347,0.018000000000000238
vehicle_007_session_00042,vehicle_007,42,train,135.68498737129633,39.6,329.2,331.65,333.0,334.4,-44.526676773333335,32.0,0,0.01849333333333334,0.020000000000000018
vehicle_007_session_00043,vehicle_007,43,train,133.76034559400503,28.8,326.7,327.7,328.3,328.9,-25.701306973684208,40.0,0,0.01144736842105265,0.013000000000000345
vehicle_007_session_00044,vehicle_007,44,train,135.94996435307024,61.6,346.1,347.45,349.9,352.4,-49.8759972,36.333333333333336,-1,0.02382666666666666,0.025000000000000355
vehicle_007_session_00045,vehicle_007,45,train,134.3794662975324,17.2,325.0,326.5,328.5375,329.7,-70.48799880000001,31.44,1,0.026866666666666657,0.028000000000000025
vehicle_007_session_00046,vehicle_007,46,train,133.02647316232049,40.8,332.4,333.8,336.1,339.6,-70.41315921052633,32.31578947368421,1,0.028171052631578937,0.03200000000000003
vehicle_007_session_00047,vehicle_007,47,train,132.56600055712494,14.0,323.6,324.95,327.7,329.2,-74.00263184210526,38.94736842105263,1,0.028078947368421064,0.02900000000000036
vehicle_007_session_00048,vehicle_007,48,train,137.05520488076525,57.2,343.3,344.95,348.3,352.4,-74.05526802631579,41.0,0,0.03226315789473683,0.03400000000000025
vehicle_007_session_00049,vehicle_007,49,train,133.55870387954062,16.4,325.0,326.5,328.6,330.0,-74.34605644736844,33.96052631578947,1,0.028302631578947388,0.03100000000000014
vehicle_007_session_00050,vehicle_007,50,train,134.10805272545662,12.0,322.4,324.15,326.79999999999995,328.8,-74.15395736842103,38.0,0,0.028671052631578934,0.03000000000000025
vehicle_007_session_00051,vehicle_007,51,train,134.82059787427326,30.8,329.2,330.25,331.65,333.2,-69.88532933333333,36.72,1,0.02656000000000005,0.028000000000000025
vehicle_007_session_00052,vehicle_007,52,train,133.28791449186994,17.6,325.5,327.2,329.0,330.3,-74.06579486842105,32.078947368421055,1,0.027881578947368476,0.02900000000000036
vehicle_007_session_00053,vehicle_007,53,train,134.85404847222227,31.6,329.6,330.7,332.2,333.9,-73.98815986842105,33.55263157894737,1,0.027921052631578975,0.03000000000000025
vehicle_007_session_00054,vehicle_007,54,train,133.88461210704608,17.6,325.5,327.0,328.85,330.0,-71.28422236842106,31.736842105263158,1,0.027500000000000004,0.02900000000000036
vehicle_007_session_00055,vehicle_007,55,train,134.09407916272102,29.2,328.8,329.9,331.4,333.0,-70.44868802631579,34.53947368421053,1,0.026644736842105287,0.028000000000000025
vehicle_007_session_00056,vehicle_007,56,train,135.40271978762925,65.2,350.2,352.0,355.2375,359.1,-70.65067546666667,33.49333333333333,1,0.03077333333333333,0.03200000000000003
vehicle_007_session_00057,vehicle_007,57,train,135.52538072803196,38.4,330.5,331.20000000000005,332.6,334.1,-50.04267093333333,37.0,0,0.020039999999999995,0.021999999999999797
vehicle_007_session_00058,vehicle_007,58,train,132.53854174933863,40.8,332.4,333.8,336.20000000000005,339.7,-70.5342177631579,31.355263157894736,1,0.02842105263157896,0.03200000000000003
vehicle_007_session_00059,vehicle_007,59,train,134.00685330977913,31.2,329.4,330.25,331.7,333.5,-70.34737421052631,36.8421052631579,1,0.02675000000000004,0.028000000000000025
vehicle_007_session_00060,vehicle_007,60,train,132.3458045038536,29.6,329.2,330.25,331.7,333.3,-74.74801493333334,38.49333333333333,1,0.0281466666666667,0.03000000000000025
vehicle_007_session_00061,vehicle_007,61,train,132.2437665277778,63.2,348.3,350.25,353.70000000000005,357.8,-74.3171164473684,36.55263157894737,1,0.03219736842105267,0.03300000000000036
vehicle_007_session_00062,vehicle_007,62,train,133.78916965346878,19.2,326.4,327.45,328.9,330.2,-69.96132946666667,38.0,0,0.02674666666666671,0.028000000000000025
vehicle_007_session_00063,vehicle_007,63,train,136.5435694509959,78.4,361.1,362.15,364.5,367.2,-45.02933626666666,32.973333333333336,1,0.023706666666666754,0.025000000000000355
vehicle_007_session_00064,vehicle_007,64,train,130.19437843385512,12.0,320.3,321.9,324.0,325.7,-37.538660693333334,35.0,0,0.01730666666666667,0.019000000000000128
vehicle_007_session_00065,vehicle_007,65,train,134.0678827660891,18.8,325.2,326.1,327.45,328.5,-50.553952763157895,39.0,0,0.02052631578947369,0.02200000000000024
vehicle_007_session_00066,vehicle_007,66,train,132.98503405555556,64.0,347.4,348.9,350.8,353.0,-38.9539575,36.0,0,0.021039473684210545,0.02300000000000013
vehicle_007_session_00067,vehicle_007,67,train,132.32334487202814,7.6,319.6,320.5,322.29999999999995,323.9,-40.200010000000006,35.54545454545455,-1,0.0175844155844156,0.019000000000000128
vehicle_007_session_00068,vehicle_007,68,train,133.52732503019325,50.8,336.4,337.6,340.375,342.8,-45.004000399999995,36.0,0,0.023973333333333312,0.026000000000000245
vehicle_007_session_00069,vehicle_007,69,train,136.70245780155162,55.2,340.5,342.0,344.4,347.1,-50.733348133333344,36.0,0,0.025146666666666675,0.027000000000000135
vehicle_007_session_00070,vehicle_007,70,train,133.77076844170406,10.4,320.3,321.9,323.8,325.7,-44.897378421052636,35.0,0,0.01918421052631576,0.020999999999999908
vehicle_007_session_00071,vehicle_007,71,train,131.65288685203416,36.0,329.4,330.4,331.6,332.7,-45.00667666666667,37.0,0,0.01849333333333335,0.020000000000000018
vehicle_007_session_00072,vehicle_007,72,train,131.43247926321138,2.8,315.3,316.9,319.6,321.6,-37.4840016,35.0,0,0.019586666666666683,0.021999999999999797
vehicle_007_session_00073,vehicle_007,73,train,134.05376656202432,59.2,344.9,346.4,349.6,353.5,-70.12369421052631,36.776315789473685,1,0.03131578947368421,0.03300000000000036
vehicle_007_session_00074,vehicle_007,74,train,132.0379579050233,9.6,319.9,321.1,322.8,324.6,-39.08267693333333,38.0,0,0.017053333333333344,0.018000000000000238
vehicle_007_session_00075,vehicle_007,75,train,140.0685125322998,65.2,349.7,351.35,354.79999999999995,359.1,-74.65132460526316,41.31578947368421,1,0.03253947368421055,0.03400000000000025
vehicle_007_session_00076,vehicle_007,76,train,136.47718973934553,41.2,330.5,330.9,331.6,332.4,-22.600010000000005,38.0,0,0.011773333333333351,0.014000000000000234
vehicle_007_session_00077,vehicle_007,77,train,133.38675213675214,48.0,333.3,334.15,335.6,337.2,-25.855263157894736,39.0,0,0.0169473684210526,0.020000000000000018
vehicle_007_session_00078,vehicle_007,78,train,130.62448183080807,21.2,325.3,326.7,328.0,328.8,-44.89079947368421,35.5,1,0.018039473684210567,0.020000000000000018
vehicle_007_session_00079,vehicle_007,79,train,132.72586552183978,37.6,332.2,333.3,334.9,337.4,-73.9079908,35.973333333333336,2,0.02879999999999997,0.03000000000000025
vehicle_007_session_00080,vehicle_007,80,train,130.6073132304949,24.4,328.0,329.15,330.5,332.1,-74.23290815789473,36.11842105263158,2,0.027921052631578982,0.029999999999999805
vehicle_007_session_00081,vehicle_007,81,train,133.4456001313814,54.4,339.7,340.9,343.25,345.7,-45.20132592105264,39.0,0,0.024447368421052634,0.0259999999999998
vehicle_007_session_00082,vehicle_007,82,train,133.4380952125,52.0,336.1,338.0,340.8,343.0,-37.83025676315789,33.76315789473684,1,0.02472368421052631,0.027000000000000135
vehicle_007_session_00083,vehicle_007,83,train,132.41635936124865,18.8,326.1,327.6,329.15,330.3,-72.98815631578947,34.64473684210526,1,0.02773684210526318,0.03000000000000025
vehicle_007_session_00084,vehicle_007,84,train,132.56951232638892,15.6,324.9,326.20000000000005,328.55,329.9,-74.24737986842105,34.9078947368421,1,0.0282763157894737,0.03000000000000025
vehicle_007_session_00085,vehicle_007,85,train,132.88121680916828,30.4,329.1,330.6,332.15,333.9,-74.9826676,32.88,2,0.02821333333333334,0.03000000000000025
vehicle_007_session_00086,vehicle_007,86,train,133.33826352941176,31.6,329.4,330.75,332.4,334.2,-75.15264131578947,36.56578947368421,1,0.02844736842105264,0.03000000000000025
vehicle_007_session_00087,vehicle_007,87,train,133.8971017341041,30.4,329.4,330.4,331.7,333.5,-70.18027381578946,30.789473684210527,1,0.027065789473684237,0.028999999999999915
vehicle_007_session_00088,vehicle_007,88,train,134.15872308862436,15.6,324.1,325.6,327.8,329.2,-69.97237092105263,32.85526315789474,1,0.026947368421052633,0.028999999999999915
vehicle_007_session_00089,vehicle_007,89,train,133.12766691148232,12.8,322.8,324.29999999999995,327.0,328.8,-70.05789947368422,36.93421052631579,1,0.02678947368421051,0.028000000000000025
vehicle_007_session_00090,vehicle_007,90,train,132.47632089183276,26.0,327.7,329.4,330.75,332.2,-70.79473631578946,32.71052631578947,1,0.026578947368421087,0.028000000000000025
vehicle_007_session_00091,vehicle_007,91,train,132.79213477726967,1.2,316.4,317.7,320.2,322.5,-50.5320032,34.88,1,0.02292000000000004,0.025000000000000355
vehicle_007_session_00092,vehicle_007,92,train,136.021202439693,54.0,340.5,342.29999999999995,345.5,349.3,-69.82934453333334,39.626666666666665,1,0.03174666666666667,0.03300000000000036
vehicle_007_session_00093,vehicle_007,93,train,131.81383324310153,24.8,325.2,326.65,328.2,328.9,-37.425342429333334,39.0,0,0.015786666666666685,0.017999999999999794
vehicle_007_session_00094,vehicle_007,94,train,131.97258543336002,15.6,322.2,323.975,325.8,327.2,-44.78001013333334,37.0,0,0.01946666666666662,0.020999999999999908
vehicle_007_session_00095,vehicle_007,95,train,135.59491916666667,43.6,331.3,332.9,334.6,336.4,-44.805273157894746,38.06578947368421,1,0.019618421052631597,0.02200000000000024
vehicle_007_session_00096,vehicle_007,96,train,131.8382506438781,12.8,322.1,323.0,324.79999999999995,326.4,-45.13158894736843,37.0,0,0.019131578947368364,0.020000000000000018
vehicle_007_session_00097,vehicle_007,97,train,131.56356687387995,25.2,328.2,329.2,330.7,332.1,-70.4552602631579,32.4078947368421,1,0.02668421052631582,0.028000000000000025
vehicle_007_session_00098,vehicle_007,98,train,132.89943261773828,20.8,326.7,328.0,329.4,330.7,-71.45866733333334,38.0,0,0.02718666666666671,0.028000000000000025
vehicle_007_session_00099,vehicle_007,99,train,132.99292493417587,15.2,324.1,325.7,328.1,329.6,-74.03026578947367,37.9078947368421,1,0.028394736842105257,0.03000000000000025
vehicle_007_session_00100,vehicle_007,100,train,132.28031179123715,22.0,326.9,328.25,329.7,331.0,-69.7460675,35.0,0,0.026421052631578946,0.028000000000000025
vehicle_007_session_00101,vehicle_007,101,train,131.49935933760682,16.4,322.5,324.0,325.7,326.9,-39.748685394736846,36.5,-1,0.018223684210526277,0.020000000000000018
vehicle_007_session_00102,vehicle_007,102,train,132.94685154558405,21.6,326.9,328.4,329.9,331.1,-74.42000293333334,34.306666666666665,1,0.028066666666666677,0.02900000000000036
vehicle_007_session_00103,vehicle_007,103,train,131.41020503569214,19.6,326.3,327.75,329.4,330.7,-74.52500565789474,33.8421052631579,1,0.028131578947368438,0.03000000000000025
vehicle_007_session_00104,vehicle_007,104,train,131.96027465945514,42.4,333.0,334.2,336.8,340.8,-73.9171069736842,34.578947368421055,1,0.030644736842105218,0.03600000000000003
vehicle_007_session_00105,vehicle_007,105,train,130.5143599155855,18.4,324.4,325.8,327.15,328.0,-44.543434605263165,35.86842105263158,1,0.01880263157894735,0.021999999999999797
vehicle_007_session_00106,vehicle_007,106,train,131.0882952346743,24.4,326.7,327.5,328.5,329.2,-45.10534333333334,37.0,0,0.018173333333333385,0.020000000000000018
vehicle_007_session_00107,vehicle_007,107,train,133.0662922215063,22.0,324.9,326.0,326.7,327.4,-25.776315789473685,31.0,0,0.012289473684210505,0.014000000000000234
vehicle_007_session_00108,vehicle_007,108,train,129.72908155168489,23.6,326.3,327.4,328.5,329.2,-45.08290486842106,35.0,0,0.018013157894736863,0.020000000000000018
vehicle_007_session_00109,vehicle_007,109,train,130.8091555264471,21.2,326.9,328.1,329.5,330.7,-70.21711789473683,34.86842105263158,1,0.026671052631578967,0.028000000000000025
vehicle_007_session_00110,vehicle_007,110,train,133.50376529388606,22.0,326.9,328.1,329.6,330.7,-70.25334866666665,37.0,0,0.026666666666666686,0.028000000000000025
vehicle_007_session_00111,vehicle_007,111,train,131.83196250000003,12.8,322.7,324.2,327.1,328.9,-74.01315973684211,37.0,0,0.028447368421052607,0.029999999999999805
vehicle_007_session_00112,vehicle_007,112,train,134.14949382233797,42.0,331.6,332.4,333.8,335.7,-44.98026118421052,34.25,1,0.01953947368421052,0.02100000000000035
vehicle_007_session_00113,vehicle_007,113,train,133.58963883137358,34.4,329.4,330.1,331.1,332.4,-45.101325789473684,31.0,0,0.018578947368421098,0.020000000000000018
vehicle_007_session_00114,vehicle_007,114,train,130.07873886800334,29.6,327.7,328.5,329.29999999999995,330.2,-40.01184328947369,33.0,0,0.01635526315789475,0.018000000000000238
vehicle_007_session_00115,vehicle_007,115,train,131.27692684089416,6.8,318.9,320.25,322.29999999999995,324.2,-44.788148552631576,35.0,0,0.019460526315789487,0.020999999999999908
vehicle_007_session_00116,vehicle_007,116,train,128.6879529671717,24.0,326.6,327.2,328.3,328.9,-40.100010000000005,31.0,0,0.016373333333333354,0.017000000000000348
vehicle_007_session_00117,vehicle_007,117,train,134.53701672418202,34.4,330.2,331.1,332.7,334.6,-70.16843118421052,34.39473684210526,1,0.026921052631578964,0.028999999999999915
vehicle_007_session_00118,vehicle_007,118,train,131.10788195145906,49.2,336.8,337.15,339.20000000000005,341.6,-40.15922052631579,33.86842105263158,1,0.026223684210526302,0.029999999999999805
vehicle_007_session_00119,vehicle_007,119,train,131.43254641970486,34.8,327.7,329.04999999999995,330.6,331.6,-37.54399498666667,33.0,0,0.01609333333333335,0.018999999999999684
vehicle_007_session_00120,vehicle_007,120,train,133.50760647178595,23.2,327.2,328.375,329.72499999999997,331.0,-69.96447118421054,30.736842105263158,1,0.026394736842105308,0.028000000000000025
vehicle_007_session_00121,vehicle_007,121,train,130.94746940230584,12.4,323.0,324.4,327.0,328.8,-69.8907917105263,34.0,0,0.02713157894736842,0.028999999999999915
vehicle_007_session_00122,vehicle_007,122,train,131.8599488255719,40.4,332.4,333.6888888888889,336.1,339.6,-69.88533693333335,28.76,1,0.02894666666666666,0.03299999999999992
vehicle_007_session_00123,vehicle_007,123,train,129.6702255189665,20.8,326.9,328.4,329.9,331.1,-74.03684578947369,31.473684210526315,1,0.027644736842105274,0.028999999999999915
vehicle_007_session_00124,vehicle_007,124,train,131.22531931894244,36.8,328.8,330.3,331.3375,332.5,-39.708002799999996,35.0,0,0.016866666666666662,0.019000000000000128
vehicle_007_session_00125,vehicle_007,125,train,129.90105677083335,20.0,325.7,326.7,328.0,328.9,-51.01842552631579,33.0,0,0.02044736842105266,0.02200000000000024
vehicle_007_session_00126,vehicle_007,126,train,131.3183291316527,43.6,332.2,333.2375,334.9375,337.2,-50.38932653333333,36.653333333333336,1,0.022586666666666654,0.026000000000000245
vehicle_007_session_00127,vehicle_007,127,train,131.6497779241558,13.2,323.2,324.6,327.15,328.9,-70.33289697368421,34.76315789473684,1,0.0274736842105263,0.029999999999999805
vehicle_007_session_00128,vehicle_007,128,train,132.08573195529516,43.6,333.0,334.15,336.9,340.8,-70.49868671052631,35.23684210526316,2,0.030776315789473666,0.03600000000000003
vehicle_007_session_00129,vehicle_007,129,train,134.38064292534725,69.2,351.4,353.3,355.3,357.5,-39.7426676,34.0,0,0.025266666666666684,0.027000000000000135
vehicle_007_session_00130,vehicle_007,130,train,130.7717662820513,29.2,327.8,328.55,329.5,330.3,-44.91732506666666,35.0,0,0.01808000000000001,0.019000000000000128
vehicle_007_session_00131,vehicle_007,131,train,130.40197739984885,27.2,326.6,327.1,327.7,328.3,-26.10267666666667,33.0,0,0.011826666666666697,0.013000000000000345
vehicle_007_session_00132,vehicle_007,132,train,131.02703697916667,34.4,330.2,331.3,333.0,335.2,-74.08000786666666,32.96,2,0.028200000000000003,0.03000000000000025
vehicle_007_session_00133,vehicle_007,133,train,133.82039560397556,51.2,335.7,336.35,338.0,339.7,-22.600010000000005,33.0,0,0.025919999999999947,0.028999999999999915
vehicle_007_session_00134,vehicle_007,134,train,129.44922841049384,16.8,323.0,323.8,324.79999999999995,325.8,-25.922368552631582,34.0,0,0.017539473684210487,0.019000000000000128
vehicle_007_session_00135,vehicle_007,135,train,131.47718199130887,25.6,328.0,329.1,330.5,331.9,-74.25133197368422,34.28947368421053,1,0.028131578947368462,0.02900000000000036
vehicle_007_session_00136,vehicle_007,136,train,131.24083792892154,38.0,329.2,331.0,332.2,333.6,-44.81843105263159,33.21052631578947,1,0.018986842105263177,0.020999999999999908
vehicle_007_session_00137,vehicle_007,137,train,132.52497650359626,42.8,333.0,334.15,336.6,340.3,-69.71334466666666,33.053333333333335,2,0.030733333333333307,0.03600000000000003
vehicle_007_session_00138,vehicle_007,138,train,131.05979712806027,24.0,327.7,328.8,330.1,331.4,-70.25467733333333,30.666666666666668,1,0.026586666666666706,0.028000000000000025
vehicle_007_session_00139,vehicle_007,139,train,130.06936967895575,18.8,323.3,324.79999999999995,326.65,327.5,-37.56578305263158,30.0,0,0.017421052631578934,0.020000000000000018
vehicle_007_session_00140,vehicle_007,140,train,130.29918723063975,24.8,328.2,329.2,330.5,331.7,-70.15600853333333,27.76,1,0.026333333333333382,0.028000000000000025
vehicle_007_session_00141,vehicle_007,141,train,132.29377038323048,54.4,340.8,343.1,346.8,350.8,-74.00526828947369,29.0,0,0.037355263157894704,0.040000000000000036
vehicle_007_session_00142,vehicle_007,142,train,131.02911800828974,21.2,326.6,327.9,329.4,330.7,-69.7592264473684,30.407894736842106,1,0.026526315789473696,0.028000000000000025
vehicle_007_session_00143,vehicle_007,143,train,130.15524275451557,13.6,323.3,324.95,327.5,329.1,-69.86000306666668,32.56,1,0.028079999999999987,0.03000000000000025
vehicle_007_session_00144,vehicle_007,144,train,131.42469888425927,37.6,331.1,332.2,334.0,336.6,-70.16053539473683,29.69736842105263,1,0.027723684210526307,0.03100000000000014
vehicle_007_session_00145,vehicle_007,145,train,130.18250057813358,16.4,325.3,326.65,328.8,329.9,-70.23948710526315,28.63157894736842,1,0.027605263157894754,0.03000000000000025
vehicle_007_session_00146,vehicle_007,146,train,131.41136078003876,11.6,321.6,322.5,324.6375,326.4,-49.5,32.0,0,0.021373333333333275,0.02300000000000013
vehicle_007_session_00147,vehicle_007,147,train,131.70468093480318,15.2,323.2,324.29999999999995,326.35,327.8,-54.859215921052645,33.0,0,0.023565789473684175,0.026000000000000245
vehicle_007_session_00148,vehicle_007,148,train,132.08386922547547,46.8,334.7,336.35,340.1,344.4,-73.9736844736842,36.14473684210526,1,0.035197368421052644,0.0389999999999997
vehicle_007_session_00149,vehicle_007,149,train,131.35374592164422,28.4,326.4,328.55,329.6,330.7,-49.68553631578948,32.0,0,0.019657894736842096,0.02100000000000035
vehicle_007_session_00150,vehicle_007,150,train,130.43316580740156,26.0,328.3,329.29999999999995,330.7,332.1,-70.31711644736842,34.14473684210526,1,0.026644736842105287,0.028000000000000025
vehicle_007_session_00151,vehicle_007,151,train,129.2555683825904,28.8,327.1,328.9,329.9,330.8,-44.644000399999996,27.826666666666668,1,0.018093333333333336,0.020000000000000018
vehicle_007_session_00152,vehicle_007,152,train,132.68025321875,44.0,333.6,335.04999999999995,337.9,342.4,-74.02237289473685,33.026315789473685,2,0.034,0.039000000000000146
vehicle_007_session_00153,vehicle_007,153,train,129.86942072109983,30.8,327.7,328.8,329.79999999999995,330.7,-39.96843105263158,29.0,0,0.016460526315789478,0.018000000000000238
vehicle_007_session_00154,vehicle_007,154,train,130.77353259444445,26.0,326.7,327.5,328.5,329.2,-40.15001000000001,29.0,0,0.0164868421052632,0.018000000000000238
vehicle_007_session_00155,vehicle_007,155,train,129.85980995370372,31.6,328.8,329.6,330.7625,331.9,-49.69601000000001,30.813333333333333,1,0.019906666666666684,0.02100000000000035
vehicle_007_session_00156,vehicle_007,156,train,131.13467218417048,10.0,321.9,323.4,326.35,328.5,-74.43026039473683,32.71052631578947,1,0.029973684210526305,0.03200000000000003
vehicle_007_session_00157,vehicle_007,157,train,131.8275524061415,46.4,334.2,335.9,339.35,343.6,-70.36447276315789,31.513157894736842,1,0.03401315789473684,0.03799999999999981
vehicle_007_session_00158,vehicle_007,158,train,128.60243055555551,16.8,323.3,324.95,326.7,327.7,-37.733333333333334,25.653333333333332,1,0.018319999999999982,0.020999999999999908
vehicle_007_session_00159,vehicle_007,159,train,131.81441034159164,49.2,334.9,336.0,338.4,341.0,-39.70534386666667,32.76,1,0.02805333333333334,0.03200000000000003
vehicle_007_session_00160,vehicle_007,160,train,130.36990740266398,18.8,326.1,327.45,329.1,330.3,-70.03067066666665,30.946666666666665,2,0.02749333333333333,0.03000000000000025
vehicle_007_session_00161,vehicle_007,161,train,131.31938036265436,10.0,321.7,323.70000000000005,326.6,328.6,-75.06000693333331,29.946666666666665,1,0.02901333333333333,0.03100000000000014
vehicle_007_session_00162,vehicle_007,162,train,130.2111428661616,31.6,329.2,330.1,331.6,333.0,-59.89868657894737,29.276315789473685,1,0.023578947368421057,0.025000000000000355
vehicle_007_session_00163,vehicle_007,163,train,130.48908079096046,22.0,327.2,328.55,330.0,331.4,-74.24212039473684,31.0,2,0.027657894736842114,0.02900000000000036
vehicle_007_session_00164,vehicle_007,164,train,131.04766143323295,30.8,329.2,330.3,332.0,333.8,-73.87763671052632,31.013157894736842,2,0.027894736842105278,0.02900000000000036
vehicle_007_session_00165,vehicle_007,165,train,130.35741760659945,22.4,326.9,328.3,329.7,331.0,-69.99078894736843,30.763157894736842,1,0.026302631578947386,0.028000000000000025
vehicle_007_session_00166,vehicle_007,166,train,132.77289842796094,61.2,345.7,347.0,349.6,352.4,-50.449995,35.921052631578945,1,0.02889473684210524,0.03100000000000014
vehicle_007_session_00167,vehicle_007,167,train,132.2645283736559,49.6,333.8,335.35,338.4,341.0,-37.37732445333333,31.0,0,0.028039999999999968,0.03200000000000003
vehicle_007_session_00168,vehicle_007,168,train,131.40519765624998,43.2,330.8,332.7,334.2,336.0,-39.80658907894737,31.0,0,0.019947368421052627,0.02300000000000013
vehicle_007_session_00169,vehicle_007,169,train,131.11697914710481,44.0,330.8,332.29999999999995,334.5,336.3,-37.49605239473684,29.75,1,0.019723684210526348,0.02300000000000013
vehicle_007_session_00170,vehicle_007,170,train,129.52743684611892,12.0,323.6,325.1,327.8,329.4,-74.29467573333334,28.893333333333334,1,0.028280000000000007,0.03000000000000025
vehicle_007_session_00171,vehicle_007,171,train,129.64535126028807,35.2,329.6,330.25,331.35,332.5,-40.10401,26.36,1,0.017120000000000003,0.018000000000000238
vehicle_007_session_00172,vehicle_007,172,train,129.1558518138112,32.0,329.7,331.1,332.8,334.7,-69.81711434210526,25.44736842105263,1,0.02700000000000003,0.02900000000000036
vehicle_007_session_00173,vehicle_007,173,train,129.00139155633437,32.0,328.5,329.4,330.7,331.7,-45.11711539473684,23.31578947368421,1,0.01821052631578949,0.020000000000000018
vehicle_007_session_00174,vehicle_007,174,train,133.12016877934275,45.6,331.6,334.15,336.35,339.3,-49.531583684210524,27.88157894736842,1,0.02601315789473684,0.03200000000000003
vehicle_007_session_00175,vehicle_007,175,train,128.06751947222222,17.6,326.3,327.8,329.65,330.8,-74.26185513157894,26.736842105263158,1,0.027789473684210544,0.03000000000000025
vehicle_007_session_00176,vehicle_007,176,train,132.54240298499107,24.0,326.6,327.4,328.5,329.2,-45.07792987012987,26.051948051948052,1,0.017987012987013013,0.019000000000000128
vehicle_007_session_00177,vehicle_007,177,train,130.42442015002973,22.0,326.1,326.9,328.0,328.9,-45.20134346666668,28.426666666666666,1,0.018066666666666686,0.020000000000000018
vehicle_007_session_00178,vehicle_007,178,train,130.4329365702793,23.2,327.7,328.85,330.2,331.4,-70.23868053333332,27.093333333333334,2,0.026600000000000047,0.028000000000000025
vehicle_007_session_00179,vehicle_007,179,train,129.95697978645836,17.6,325.8,327.1,328.9,330.0,-69.87067293333332,29.893333333333334,1,0.02760000000000002,0.030999999999999694
vehicle_007_session_00180,vehicle_007,180,train,130.2972031076389,16.8,325.0,326.65,328.85,330.2,-74.06448,28.763157894736842,1,0.029776315789473706,0.03300000000000036
vehicle_007_session_00181,vehicle_007,181,train,130.66939480985454,13.6,323.6,325.0,327.7375,329.2,-74.30135293333333,32.0,0,0.029266666666666677,0.03100000000000014
vehicle_007_session_00182,vehicle_007,182,train,132.6221525931014,61.2,344.1,346.0375,348.8,351.0,-37.655992319999996,26.8,1,0.027839999999999955,0.03000000000000025
vehicle_007_session_00183,vehicle_007,183,train,127.35139059943765,32.4,330.5,331.7,333.6,335.8,-74.28685973684209,26.69736842105263,1,0.02892105263157897,0.03200000000000003
vehicle_007_session_00184,vehicle_007,184,train,132.57000696296296,64.4,349.6,351.35,354.65,358.6,-70.09474539473683,32.01315789473684,1,0.035644736842105285,0.037000000000000366
vehicle_007_session_00185,vehicle_007,185,train,129.44916348541284,26.0,326.9,327.7,328.6,329.6,-39.81068346666668,29.0,0,0.016186666666666707,0.017000000000000348
vehicle_007_session_00186,vehicle_007,186,train,129.00112929598927,19.2,326.4,327.9,329.4,330.7,-69.83553328947367,27.460526315789473,1,0.026157894736842116,0.028000000000000025
vehicle_007_session_00187,vehicle_007,187,train,129.90820647961473,23.2,327.1,328.65,330.0,331.4,-70.3959976,27.466666666666665,1,0.02621333333333336,0.028000000000000025
vehicle_007_session_00188,vehicle_007,188,train,129.81797,62.0,347.1,349.35,352.6,356.6,-68.92762894736842,32.60526315789474,1,0.0353026315789474,0.03699999999999992
vehicle_007_session_00189,vehicle_007,189,train,131.8472277024766,53.6,340.2,342.29999999999995,345.9,349.9,-69.31975092105263,31.05263157894737,2,0.03831578947368421,0.04100000000000037
vehicle_007_session_00190,vehicle_007,190,train,131.53122323758421,71.2,355.0,357.29999999999995,360.9,365.2,-70.13685210526315,25.894736842105264,1,0.0364078947368421,0.03900000000000059
vehicle_007_session_00191,vehicle_007,191,train,130.16195826184642,31.6,329.9,331.0,332.6,334.6,-70.88815460526315,23.55263157894737,1,0.027828947368421078,0.03000000000000025
vehicle_007_session_00192,vehicle_007,192,train,130.14747667156865,29.6,326.4,330.4,332.1,333.8,-72.83027484210527,25.092105263157894,2,0.02693421052631581,0.02900000000000036
vehicle_007_session_00193,vehicle_007,193,train,133.70957783092405,46.8,335.0,336.5,340.1,344.7,-73.79474644736841,26.394736842105264,2,0.035092105263157904,0.039000000000000146
vehicle_007_session_00194,vehicle_007,194,train,129.35707652994796,33.6,330.0,331.35,333.25,335.3,-70.11711368421052,23.092105263157894,2,0.026500000000000034,0.02900000000000036
vehicle_007_session_00195,vehicle_007,195,train,130.1604865882464,38.8,331.7,333.1,335.25,338.0,-70.56579605263158,21.63157894736842,1,0.027881578947368413,0.03200000000000003
vehicle_007_session_00196,vehicle_007,196,train,128.10847671182984,40.4,332.7,334.6375,337.4,341.3,-73.8799992,19.013333333333332,2,0.03221333333333333,0.039000000000000146
vehicle_007_session_00197,vehicle_007,197,train,130.14603977974184,58.4,343.9,345.5,348.2,351.0,-50.40132453333333,23.04,1,0.02838666666666665,0.03100000000000014
vehicle_007_session_00198,vehicle_007,198,train,127.90385807481753,43.2,333.8,335.3,338.4,342.8,-70.01973881578947,21.355263157894736,2,0.033434210526315754,0.039000000000000146
vehicle_007_session_00199,vehicle_007,199,train,130.7914854991749,31.6,328.6,329.6,330.8,331.9,-52.11067666666667,23.04,1,0.01998666666666668,0.021999999999999797
vehicle_007_session_00200,vehicle_007,200,train,130.24847484845,25.2,328.2,329.5,330.9,332.5,-74.26448697368421,21.63157894736842,1,0.027078947368421067,0.028000000000000025
vehicle_007_session_00201,vehicle_007,201,train,130.3242043353175,41.6,331.6,332.6,334.5,336.6,-50.133343333333336,24.48,1,0.022146666666666703,0.026000000000000245
vehicle_007_session_00202,vehicle_007,202,train,129.56580956370775,23.2,326.3,327.1,328.2,328.9,-39.81201640000001,21.346666666666668,1,0.015400000000000027,0.016000000000000014
vehicle_007_session_00203,vehicle_007,203,train,131.62158414772728,49.2,335.5,337.0,340.2,343.5,-50.27369315789475,24.644736842105264,1,0.03282894736842104,0.03600000000000003
vehicle_007_session_00204,vehicle_007,204,train,130.44578017216432,36.4,329.9,330.8,332.2,333.9,-50.572375657894746,21.592105263157894,1,0.019842105263157918,0.021999999999999797
vehicle_007_session_00205,vehicle_007,205,train,130.44418517824076,20.0,326.6,328.25,329.7,330.8,-69.89999526315789,23.42105263157895,1,0.026223684210526333,0.028000000000000025
vehicle_007_session_00206,vehicle_007,206,train,131.9065218083614,52.4,337.7,339.5,342.15,344.6,-38.95658644736842,22.13157894736842,1,0.030394736842105276,0.03300000000000036
vehicle_007_session_00207,vehicle_007,207,train,130.00306784094082,18.0,326.1,327.575,329.2,330.5,-70.178676,22.906666666666666,1,0.02677333333333334,0.03000000000000025
vehicle_007_session_00208,vehicle_007,208,train,128.5083198549724,25.2,326.4,329.6,331.05,332.5,-73.21842368421052,26.61842105263158,1,0.026500000000000037,0.028000000000000025
vehicle_007_session_00209,vehicle_007,209,train,129.28470341094769,30.8,329.4,331.05,332.7,334.6,-70.06974184210526,22.789473684210527,2,0.026973684210526337,0.02900000000000036
vehicle_007_session_00210,vehicle_007,210,train,128.78066991328257,18.8,325.8,326.65,328.1,328.9,-50.127640394736844,26.157894736842106,1,0.01931578947368424,0.02100000000000035
vehicle_007_session_00211,vehicle_007,211,train,130.55594604866494,46.0,333.5,334.79999999999995,337.15,340.2,-50.0613392,22.84,1,0.02674666666666664,0.03400000000000025
vehicle_007_session_00212,vehicle_007,212,train,132.36819869791668,52.8,336.8,338.75,341.9,344.3,-37.873334,27.0,0,0.03041333333333333,0.03399999999999981
vehicle_007_session_00213,vehicle_007,213,train,130.4657521048999,32.4,328.0,329.29999999999995,330.5,331.7,-44.90263368421053,23.0,0,0.017828947368421045,0.020000000000000018
vehicle_007_session_00214,vehicle_007,214,train,131.81238586469536,48.0,334.9,336.85,340.75,345.0,-70.3631589473684,28.855263157894736,1,0.034644736842105284,0.039000000000000146
vehicle_007_session_00215,vehicle_007,215,train,129.56735026148837,32.8,329.9,331.1,332.7,334.7,-70.00131644736842,26.789473684210527,2,0.026828947368421067,0.029999999999999805
vehicle_007_session_00216,vehicle_007,216,train,130.025825270684,23.2,327.1,328.55,329.9,331.3,-70.00658210526315,28.657894736842106,1,0.025276315789473723,0.027000000000000135
vehicle_007_session_00217,vehicle_007,217,train,129.4916396979504,33.6,328.0,328.5,329.15,329.9,-26.0,30.0,0,0.01181333333333334,0.01399999999999979
vehicle_007_session_00218,vehicle_007,218,train,131.9606228021978,56.4,341.1,342.29999999999995,344.65,347.1,-40.00263184210527,28.88157894736842,1,0.02884210526315791,0.03200000000000003
vehicle_007_session_00219,vehicle_007,219,train,128.50934232781586,15.2,323.8,324.79999999999995,326.4,327.7,-44.91709697368421,26.88157894736842,1,0.019447368421052606,0.021999999999999797
vehicle_007_session_00220,vehicle_007,220,train,130.93929884920635,27.6,328.3,329.4,331.0,332.4,-69.85867293333332,27.506666666666668,1,0.025653333333333334,0.027000000000000135
vehicle_007_session_00221,vehicle_007,221,train,130.67823093723496,44.8,334.1,335.375,338.5,342.7,-69.98000133333335,28.666666666666668,1,0.03061333333333332,0.03500000000000014
vehicle_007_session_00222,vehicle_007,222,train,130.48337637762762,12.8,323.2,324.65,327.4,329.1,-70.59211315789473,29.05263157894737,1,0.02693421052631578,0.028999999999999915
vehicle_007_session_00223,vehicle_007,223,train,132.41078857638894,57.6,342.5,344.20000000000005,346.85,349.7,-49.65527315789474,30.0,0,0.027526315789473673,0.03000000000000025
vehicle_007_session_00224,vehicle_007,224,train,129.708491957827,20.8,326.4,327.9,329.4,330.7,-69.33816802631578,30.94736842105263,1,0.02503947368421055,0.02699999999999969
vehicle_007_session_00225,vehicle_007,225,train,130.20851414776467,28.4,328.5,329.79999999999995,331.3,332.8,-69.10800973333333,28.706666666666667,1,0.024800000000000016,0.027000000000000135
vehicle_007_session_00226,vehicle_007,226,train,128.26969011039887,7.6,320.7,321.7,323.8,325.7,-44.90262236842105,21.94736842105263,1,0.01886842105263155,0.020000000000000018
vehicle_007_session_00227,vehicle_007,227,train,127.97569239798428,36.0,329.7,330.6,331.79999999999995,333.3,-45.215800526315796,22.0,0,0.01835526315789476,0.020000000000000018
vehicle_007_session_00228,vehicle_007,228,train,127.86780519807061,16.4,325.3,327.15,329.1,330.3,-70.00533533333333,22.52,1,0.026613333333333364,0.029999999999999805
vehicle_007_session_00229,vehicle_007,229,train,126.00526885657318,17.2,326.4,327.8,329.6,331.0,-71.43333866666667,23.786666666666665,1,0.025800000000000024,0.027000000000000135
vehicle_007_session_00230,vehicle_007,230,train,129.37248451597748,44.4,333.9,335.25,338.25,342.7,-70.27501486842104,26.30263157894737,2,0.03190789473684211,0.037000000000000366
vehicle_007_session_00231,vehicle_007,231,train,127.59333765659042,16.4,326.0,327.45,329.4,330.7,-74.31711289473685,24.11842105263158,2,0.027776315789473687,0.03000000000000025
vehicle_007_session_00232,vehicle_007,232,train,129.39896148504275,71.6,356.1,358.1,361.6,365.8,-70.29735306666666,29.85333333333333,1,0.03500000000000002,0.03699999999999992
vehicle_007_session_00233,vehicle_007,233,train,127.8587403730159,27.6,326.6,328.6,329.9,331.0,-49.68816539473684,26.13157894736842,1,0.01846052631578947,0.020000000000000018
vehicle_007_session_00234,vehicle_007,234,train,129.28192053117047,44.8,333.9,335.6,338.8,343.3,-73.09868907894736,27.69736842105263,1,0.032907894736842094,0.037000000000000366
vehicle_007_session_00235,vehicle_007,235,train,127.404541234127,20.8,327.2,328.4,329.775,331.1,-69.62667653333335,25.56,1,0.02460000000000005,0.027000000000000135
vehicle_007_session_00236,vehicle_007,236,train,131.00741438492065,55.6,341.3,342.5,345.0,347.5,-45.136852105263166,27.710526315789473,1,0.025328947368421097,0.028000000000000025
vehicle_007_session_00237,vehicle_007,237,train,127.34687176932367,29.2,326.1,327.5,328.2,328.9,-25.602623421052627,26.0,0,0.010078947368421071,0.01100000000000012
vehicle_007_session_00238,vehicle_007,238,train,128.82311448164683,40.8,332.4,333.85,336.20000000000005,339.6,-70.20922157894735,22.25,2,0.02693421052631577,0.03000000000000025
vehicle_007_session_00239,vehicle_007,239,train,127.0710493187412,29.6,328.2,329.15,330.375,331.6,-50.13734133333334,21.69333333333333,1,0.018213333333333324,0.020000000000000018
vehicle_007_session_00240,vehicle_007,240,train,125.96212096098861,35.2,330.7,331.65,333.25,334.9,-50.103953157894736,18.513157894736842,1,0.018407894736842116,0.020000000000000018
vehicle_007_session_00241,vehicle_007,241,train,127.72551352193815,62.4,350.5,351.8,354.0,356.8,-49.99605828947369,21.67105263157895,1,0.024342105263157915,0.026000000000000245
vehicle_007_session_00242,vehicle_007,242,train,130.47403057777782,47.6,334.4,335.5,337.9,341.1,-45.2039577631579,25.0,0,0.025407894736842088,0.03100000000000014
vehicle_007_session_00243,vehicle_007,243,train,129.12147147910179,12.0,322.7,324.5,327.2,328.9,-70.0866728,27.666666666666668,1,0.025986666666666672,0.028000000000000025
vehicle_007_session_00244,vehicle_007,244,train,129.71019713606935,44.4,333.6,335.2,338.1,342.5,-70.13948131578948,28.94736842105263,2,0.029144736842105244,0.03300000000000036
vehicle_007_session_00245,vehicle_007,245,train,127.88915379415009,16.8,324.4,325.6,327.29999999999995,328.3,-50.14737802631579,29.0,0,0.01961842105263157,0.02300000000000013
vehicle_007_session_00246,vehicle_007,246,train,126.9657059688139,18.0,325.3,326.35,327.8,328.8,-49.98666786666667,26.0,0,0.01812000000000003,0.020000000000000018
vehicle_007_session_00247,vehicle_007,247,train,129.18844320776256,31.6,328.6,329.5,330.7,331.9,-50.14267573333334,27.413333333333334,1,0.018106666666666698,0.019000000000000128
vehicle_007_session_00248,vehicle_007,248,train,128.15675294795105,16.8,325.3,327.0,329.0,330.2,-70.47066373333332,23.92,1,0.025680000000000036,0.028000000000000025
vehicle_007_session_00249,vehicle_007,249,train,127.62590874925729,15.2,325.2,326.65,328.8,330.0,-71.56974394736842,26.94736842105263,1,0.026434210526315807,0.02900000000000036
vehicle_007_session_00250,vehicle_007,250,train,130.39973271144277,15.2,324.4,325.75,327.8,329.1,-61.606582631578945,26.013157894736842,1,0.023776315789473684,0.027000000000000135
vehicle_007_session_00251,vehicle_007,251,train,128.78794583916903,42.0,334.4,335.7,337.5,340.3,-59.789480789473686,29.394736842105264,1,0.025394736842105223,0.02900000000000036
vehicle_007_session_00252,vehicle_007,252,train,128.39887270488578,21.2,327.2,328.4,329.7,331.0,-69.80396355263159,27.69736842105263,1,0.024144736842105267,0.025000000000000355
vehicle_007_session_00253,vehicle_007,253,train,129.82203984222707,46.8,334.6,336.20000000000005,339.5,343.9,-69.92105263157895,30.68421052631579,1,0.030868421052631555,0.03500000000000014
vehicle_007_session_00254,vehicle_007,254,train,129.0460022940613,39.6,331.6,333.0,335.2,338.2,-70.32106526315788,28.67105263157895,1,0.02746052631578946,0.03100000000000014
vehicle_007_session_00255,vehicle_007,255,train,128.30533787011606,61.2,348.9,350.4,353.675,357.7,-74.0360052,30.96,1,0.03270666666666673,0.0349999999999997
vehicle_007_session_00256,vehicle_007,256,train,128.91481485758854,42.8,332.8,334.2,336.9,340.7,-70.09867493333333,29.8,1,0.028893333333333337,0.0349999999999997
vehicle_007_session_00257,vehicle_007,257,train,128.7255911323052,36.0,330.7,332.0,333.9,336.3,-70.44210631578947,28.723684210526315,1,0.025763157894736856,0.028000000000000025
vehicle_007_session_00258,vehicle_007,258,train,130.32527609407765,76.4,360.5,362.2,366.05,370.8,-74.35790526315787,31.263157894736842,1,0.034026315789473675,0.03599999999999959
vehicle_007_session_00259,vehicle_007,259,train,128.65445698450856,35.6,330.5,331.65,333.5,335.7,-70.12134213333333,31.173333333333332,2,0.025973333333333373,0.028000000000000025
vehicle_007_session_00260,vehicle_007,260,train,129.17995058582622,35.2,328.0,329.4,331.0,332.2,-37.57500728947369,28.710526315789473,1,0.014684210526315826,0.017000000000000348
vehicle_007_session_00261,vehicle_007,261,train,129.2442994791667,32.8,328.8,329.65,330.8,331.7,-45.20267693333334,28.0,0,0.016920000000000015,0.018000000000000238
vehicle_007_session_00262,vehicle_007,262,train,128.20611821998207,27.2,326.1,327.54999999999995,328.9,329.7,-37.557342453333334,29.0,0,0.013919999999999995,0.016000000000000014
vehicle_007_session_00263,vehicle_007,263,train,129.17534969077064,35.6,328.0,329.54999999999995,331.20000000000005,332.4,-37.27104334473684,27.026315789473685,1,0.01468421052631585,0.017000000000000348
vehicle_007_session_00264,vehicle_007,264,train,128.79665415685815,26.8,328.5,329.5,330.9,332.4,-70.26580342105262,30.92105263157895,2,0.02438157894736843,0.026000000000000245
vehicle_007_session_00265,vehicle_007,265,train,130.83431627348858,70.4,355.0,357.15,360.85,365.3,-73.92237342105263,26.539473684210527,1,0.03271052631578943,0.03500000000000014
vehicle_007_session_00266,vehicle_007,266,train,128.41073506944446,30.4,329.2,330.7,332.4,334.2,-73.80134173333333,25.69333333333333,1,0.026093333333333343,0.028000000000000025
vehicle_007_session_00267,vehicle_007,267,train,130.0483095814565,53.2,339.4,341.70000000000005,345.5,349.6,-70.11842763157892,29.855263157894736,1,0.0333157894736842,0.03600000000000003
vehicle_007_session_00268,vehicle_007,268,train,129.64900948004205,2.4,317.5,319.0,321.6,323.8,-50.20658960526317,24.960526315789473,1,0.024421052631578958,0.02699999999999969
vehicle_007_session_00269,vehicle_007,269,train,129.1957919846051,61.6,348.0,349.95,353.5,357.4,-70.03947815789475,24.960526315789473,1,0.0330789473684211,0.03500000000000014
vehicle_007_session_00270,vehicle_007,270,train,129.14136388888886,71.6,356.3,358.1,361.8,366.1,-70.70000999999998,24.17105263157895,1,0.03463157894736842,0.03700000000000081
vehicle_007_session_00271,vehicle_007,271,train,127.48026693193582,28.4,328.2,329.1,330.3,331.4,-50.16579947368422,21.460526315789473,1,0.018302631578947376,0.020000000000000018
vehicle_007_session_00272,vehicle_007,272,train,128.22423006510417,22.0,325.2,326.4,327.5,328.5,-39.79735868421053,27.0,0,0.014671052631578951,0.016000000000000014
vehicle_007_session_00273,vehicle_007,273,train,127.71668350694445,15.2,325.0,326.79999999999995,329.1,330.3,-74.07368881578947,24.776315789473685,1,0.02690789473684211,0.03000000000000025
vehicle_007_session_00274,vehicle_007,274,train,126.64206367724871,35.6,329.4,330.1,331.20000000000005,332.4,-40.005263684210526,29.0,0,0.015763157894736854,0.018000000000000238
vehicle_007_session_00275,vehicle_007,275,train,128.50040636482942,47.2,335.2,336.70000000000005,340.4,344.9,-70.34400733333332,27.093333333333334,2,0.03332000000000002,0.03699999999999992
vehicle_007_session_00276,vehicle_007,276,train,128.93056038468566,36.8,331.0,332.1,333.9,336.4,-69.44078460526316,28.67105263157895,1,0.026342105263157885,0.02900000000000036
vehicle_007_session_00277,vehicle_007,277,train,127.2964524779903,24.4,328.2,329.29999999999995,330.7625,332.2,-70.28935066666666,27.026666666666667,2,0.024853333333333363,0.026000000000000245
vehicle_007_session_00278,vehicle_007,278,train,124.97763005163816,19.6,326.4,328.85,330.4,331.7,-70.22368394736841,21.30263157894737,1,0.0262763157894737,0.028000000000000025
vehicle_007_session_00279,vehicle_007,279,train,128.09214209175082,23.6,327.7,329.1375,330.7,332.1,-74.02800280000001,22.933333333333334,2,0.026693333333333354,0.028000000000000025
vehicle_007_session_00280,vehicle_007,280,train,125.74145633498448,29.6,327.7,328.1,328.8,329.4,-27.224005733333332,24.0,0,0.011293333333333362,0.013000000000000345
vehicle_007_session_00281,vehicle_007,281,train,130.18345773809529,55.6,341.4,343.85,347.6,351.8,-70.19343118421052,25.657894736842106,1,0.034171052631578915,0.037000000000000366
vehicle_007_session_00282,vehicle_007,282,train,129.31243950508613,69.2,355.2,355.75,357.7,360.3,-45.100010000000005,26.0,0,0.026131578947368412,0.028000000000000025
vehicle_007_session_00283,vehicle_007,283,train,129.59534683019714,10.8,321.6,322.75,324.7,326.6,-45.13553631578948,26.539473684210527,1,0.01988157894736837,0.02200000000000024
vehicle_007_session_00284,vehicle_007,284,train,128.06711909722222,34.8,330.8,331.7,332.8,333.9,-45.13948368421053,29.0,0,0.017723684210526287,0.019000000000000128
vehicle_007_session_00285,vehicle_007,285,train,130.22837386551157,57.2,342.7,344.1,346.6,349.1,-45.09867653333333,27.866666666666667,1,0.02704,0.03000000000000025
vehicle_007_session_00286,vehicle_007,286,train,129.1483086593512,45.2,334.2,335.9,339.1,343.6,-69.71053986842105,24.43421052631579,1,0.031657894736842086,0.03600000000000003
vehicle_007_session_00287,vehicle_007,287,train,129.52106960470087,14.4,324.2,326.05,328.5,329.7,-69.01579315789475,17.157894736842106,1,0.026631578947368426,0.028999999999999915
vehicle_007_session_00288,vehicle_007,288,train,126.95852432355967,30.4,329.4,331.0,332.7,334.6,-70.27868133333334,18.106666666666666,2,0.026733333333333355,0.02900000000000036
vehicle_007_session_00289,vehicle_007,289,train,126.50657168055557,17.6,327.1,328.70000000000005,330.2,331.3,-69.65000855263158,17.05263157894737,2,0.02461842105263161,0.026000000000000245
vehicle_007_session_00290,vehicle_007,290,train,128.62782734213255,33.2,329.9,331.35,333.25,335.3,-70.67106131578949,19.43421052631579,1,0.025947368421052643,0.028000000000000025
vehicle_007_session_00291,vehicle_007,291,train,127.19117139924803,25.2,328.2,329.5,331.0,332.4,-69.73201319999998,20.493333333333332,1,0.025026666666666683,0.026000000000000245
vehicle_007_session_00292,vehicle_007,292,train,127.63813154822769,32.4,329.7,331.1,332.8,334.7,-70.55132052631579,24.407894736842106,1,0.026578947368421094,0.02900000000000036
vehicle_007_session_00293,vehicle_007,293,train,128.8777561892361,65.6,350.7,352.1,354.7,357.7,-50.17237842105264,18.986842105263158,1,0.028315789473684252,0.02900000000000036
vehicle_007_session_00294,vehicle_007,294,train,129.31977211047257,57.2,342.7,344.5,347.29999999999995,350.2,-49.76317421052634,23.736842105263158,1,0.029842105263157868,0.03299999999999992
vehicle_007_session_00295,vehicle_007,295,train,128.22387511990408,42.4,331.9,332.8,334.65,336.9,-49.45131092105263,27.394736842105264,1,0.022355263157894722,0.0259999999999998
vehicle_007_session_00296,vehicle_007,296,train,129.5794185185186,66.4,351.3,352.7,355.3,358.2,-49.907991333333335,21.666666666666668,1,0.025653333333333368,0.027000000000000135
vehicle_007_session_00297,vehicle_007,297,train,129.5179113168725,76.0,359.3,360.75,363.5375,366.8,-49.35200493333335,19.0,0,0.02732000000000003,0.028999999999999915
vehicle_007_session_00298,vehicle_007,298,train,127.74733972072345,42.0,333.0,334.7,337.4375,341.4,-70.08400546666667,20.413333333333334,1,0.028666666666666635,0.03400000000000025
vehicle_007_session_00299,vehicle_007,299,train,128.7205797939068,23.2,324.2,326.05,327.7,328.6,-37.745334533333335,23.373333333333335,1,0.014453333333333353,0.016000000000000014
vehicle_007_session_00300,vehicle_007,300,train,126.80968103942654,35.6,328.8,329.7,330.7,331.4,-25.866666666666667,23.0,0,0.013013333333333326,0.014000000000000234
vehicle_007_session_00301,vehicle_007,301,train,130.50663165913008,46.0,333.3,334.4,336.6,339.6,-49.55333746666666,23.426666666666666,1,0.02422666666666665,0.03100000000000014
vehicle_007_session_00302,vehicle_007,302,train,126.6603161289174,19.6,326.3,327.45,328.9,329.9,-49.70922144736843,14.605263157894736,1,0.019184210526315793,0.020999999999999908
vehicle_007_session_00303,vehicle_007,303,train,129.59766255852062,49.2,337.2,339.65,344.35,348.6,-70.63200706666667,12.68,1,0.03428000000000002,0.037000000000000366
vehicle_007_session_00304,vehicle_007,304,train,126.34580541246949,24.8,325.5,326.4,327.2,327.8,-26.01185118421053,17.0,0,0.010921052631578955,0.01200000000000001
vehicle_007_session_00305,vehicle_007,305,train,129.2924016718107,50.8,336.9,338.25,341.475,344.4,-45.17201,21.0,0,0.031266666666666686,0.03400000000000025
vehicle_007_session_00306,vehicle_007,306,train,128.001984235589,37.2,329.9,332.4,333.4,334.7,-44.518421473684214,25.0,0,0.017934210526315813,0.020000000000000018
vehicle_007_session_00307,vehicle_007,307,train,126.79444408347088,17.2,323.8,325.5,327.1,328.0,-44.47238013157896,26.05263157894737,1,0.0177894736842105,0.020000000000000018
vehicle_007_session_00308,vehicle_007,308,train,128.46962433226497,71.6,357.9,359.25,361.5,364.0,-44.58534133333333,27.96,1,0.017706666666666683,0.018000000000000238
vehicle_007_session_00309,vehicle_007,309,train,127.33928893132718,26.0,328.0,329.5,331.0,332.4,-69.60132460526316,24.855263157894736,1,0.025500000000000012,0.027000000000000135
vehicle_007_session_00310,vehicle_007,310,train,128.24501372685185,37.6,331.3,332.6,334.7,337.5,-70.26185184210527,26.592105263157894,1,0.026249999999999968,0.028999999999999915
vehicle_007_session_00311,vehicle_007,311,train,126.79922485475673,36.4,332.5,332.7,333.675,335.0,-49.700010000000006,31.0,0,0.019173333333333376,0.02100000000000035
vehicle_007_session_00312,vehicle_007,312,train,128.4734523364806,16.4,323.6,324.79999999999995,326.65,327.8,-50.194748289473694,34.0,0,0.021881578947368394,0.02499999999999991
vehicle_007_session_00313,vehicle_007,313,train,129.45373812222226,47.6,335.5,337.1,340.9,345.2,-70.39466733333333,31.84,1,0.03308000000000002,0.03600000000000003
vehicle_007_session_00314,vehicle_007,314,train,129.28087390752032,48.4,336.1,337.6,341.70000000000005,346.0,-69.7342239473684,31.56578947368421,1,0.03317105263157896,0.03600000000000003
vehicle_007_session_00315,vehicle_007,315,train,126.87815692401962,22.8,327.1,327.9,328.9,329.9,-50.2263280263158,27.31578947368421,1,0.01831578947368422,0.020000000000000018
vehicle_007_session_00316,vehicle_007,316,train,129.75875607638892,50.4,336.4,337.7,340.7,343.5,-44.17895710526317,26.723684210526315,1,0.031434210526315766,0.03500000000000014
vehicle_007_session_00317,vehicle_007,317,train,127.90297442368274,20.0,326.4,327.75,329.4,330.7,-70.52800280000001,30.68,1,0.025373333333333345,0.027000000000000135
vehicle_007_session_00318,vehicle_007,318,train,127.54505128676473,29.6,329.1,330.3,331.79999999999995,333.5,-69.59334160000002,28.466666666666665,1,0.025040000000000038,0.027000000000000135
vehicle_007_session_00319,vehicle_007,319,train,127.93903370370371,19.6,326.6,327.9,329.6,330.8,-70.36052763157895,26.61842105263158,1,0.025539473684210546,0.028000000000000025
vehicle_007_session_00320,vehicle_007,320,train,128.15905262572628,36.4,330.8,332.1,334.1,336.4,-69.305348,28.64,1,0.02647999999999999,0.028999999999999915
vehicle_007_session_00321,vehicle_007,321,train,126.58194528396123,39.2,333.5,334.7,336.8,339.9,-70.25659460526315,28.25,2,0.02847368421052629,0.03200000000000003
vehicle_007_session_00322,vehicle_007,322,train,124.5487500490196,29.6,329.9,331.35,333.25,335.2,-70.1146764,17.92,2,0.025986666666666693,0.027000000000000135
vehicle_007_session_00323,vehicle_007,323,train,130.7061733531746,69.6,352.8,354.0,356.3,358.6,-40.107904736842116,22.0,0,0.02544736842105268,0.027000000000000135
vehicle_007_session_00324,vehicle_007,324,train,128.11225422453703,40.4,332.2,333.55,335.875,339.1,-69.40265853333334,24.413333333333334,1,0.02831999999999997,0.03200000000000003
vehicle_007_session_00325,vehicle_007,325,train,128.21575924145301,61.2,347.1,349.35,352.8,356.9,-70.56316421052631,24.355263157894736,1,0.032434210526315815,0.03400000000000025
vehicle_007_session_00326,vehicle_007,326,train,129.83055530244027,54.8,340.7,343.15,347.15,351.1,-70.3684227631579,26.855263157894736,1,0.03430263157894736,0.03799999999999981
vehicle_007_session_00327,vehicle_007,327,train,125.74076788152101,32.4,328.8,330.15,331.4,332.4,-38.409327706666666,27.0,0,0.015840000000000024,0.018000000000000238
vehicle_007_session_00328,vehicle_007,328,train,123.61762862076651,22.8,325.8,327.45,328.8,329.6,-37.760526052631576,24.0,0,0.015078947368421046,0.017000000000000348
vehicle_007_session_00329,vehicle_007,329,train,126.62706379928319,35.6,331.0,332.2,334.2,336.9,-75.30000853333334,28.053333333333335,2,0.028906666666666674,0.03200000000000003
vehicle_007_session_00330,vehicle_007,330,train,128.08096436863872,45.2,333.2,334.2,336.35,339.1,-49.76401586666668,24.6,1,0.02417333333333331,0.02900000000000036
vehicle_007_session_00331,vehicle_007,331,train,126.80393337882334,8.400001,320.0,321.5,323.5,325.3,-45.00790473684211,27.986842105263158,0,0.019447368421052623,0.020999999999999908
vehicle_007_session_00332,vehicle_007,332,train,125.94406879960319,40.4,332.2,333.6,336.0,339.1,-70.46132946666667,24.826666666666668,2,0.02861333333333329,0.03200000000000003
vehicle_007_session_00333,vehicle_007,333,train,127.46596199889522,62.4,349.9,351.35,354.6,358.3,-70.50266693333333,27.28,1,0.033533333333333346,0.03500000000000014
vehicle_007_session_00334,vehicle_007,334,train,127.22583943025691,60.4,346.9,348.9,352.45,356.4,-69.9831151948052,24.285714285714285,1,0.03377922077922077,0.03500000000000014
vehicle_007_session_00335,vehicle_007,335,train,128.13777917405437,60.0,346.3,348.25,351.675,355.5,-70.00133346666667,25.026666666666667,1,0.033960000000000004,0.03500000000000014
vehicle_007_session_00336,vehicle_007,336,train,127.16792934722224,67.6,353.0,354.9,358.3,362.4,-70.00921434210527,26.17105263157895,1,0.03461842105263157,0.03699999999999992
vehicle_007_session_00337,vehicle_007,337,train,126.61938803453947,36.8,330.7,332.4,334.5,337.1,-69.95789644736841,25.63157894736842,1,0.02728947368421052,0.03100000000000014
vehicle_007_session_00338,vehicle_007,338,train,124.73091815898347,28.8,328.0,329.0,330.2,331.1,-45.19079986842106,26.0,0,0.017723684210526305,0.020000000000000018
vehicle_007_session_00339,vehicle_007,339,train,127.52683730996621,38.4,330.5,331.3,332.7,334.2,-45.09200906666666,28.013333333333332,1,0.018906666666666676,0.021999999999999797
vehicle_007_session_00340,vehicle_007,340,train,124.06197641093476,26.0,327.4,328.25,329.2,330.2,-45.20401040000001,33.0,0,0.016986666666666678,0.018999999999999684
vehicle_007_session_00341,vehicle_007,341,train,126.96767197061403,21.6,324.4,325.9,327.5,328.3,-37.30788863026316,31.0,0,0.015118421052631602,0.017000000000000348
vehicle_007_session_00342,vehicle_007,342,train,124.61892755652457,29.2,326.6,328.1,329.4,330.2,-37.756578789473686,28.276315789473685,1,0.014855263157894755,0.016999999999999904
vehicle_007_session_00343,vehicle_007,343,train,124.45827148281955,28.4,326.4,328.8,329.79999999999995,330.8,-44.90933376000001,30.0,0,0.017280000000000028,0.019000000000000128
vehicle_007_session_00344,vehicle_007,344,train,124.47494763888893,55.6,342.2,344.35,347.9,351.9,-69.65790394736841,30.31578947368421,1,0.03371052631578946,0.03699999999999992
vehicle_007_session_00345,vehicle_007,345,train,126.46759886458335,17.6,325.7,327.4,329.2,330.5,-69.88181623376623,22.792207792207794,1,0.025831168831168864,0.028000000000000025
vehicle_007_session_00346,vehicle_007,346,train,126.59067763888895,71.2,353.5,355.4,358.0,360.3,-37.66972760526315,23.80263157894737,1,0.025605263157894728,0.028000000000000025
vehicle_007_session_00347,vehicle_007,347,train,125.29325332214763,38.0,329.1,330.65,332.4,333.8,-37.53816165789474,23.05263157894737,1,0.01663157894736846,0.019000000000000128
vehicle_007_session_00348,vehicle_007,348,train,123.9183369610282,17.2,326.4,328.2,329.9,331.3,-74.98026644736842,21.67105263157895,1,0.0278947368421053,0.02900000000000036
vehicle_007_session_00349,vehicle_007,349,train,124.58111586415815,16.4,325.0,326.3,327.8,328.9,-50.23553565789475,20.0,0,0.02015789473684211,0.02300000000000013
vehicle_007_session_00350,vehicle_007,350,train,124.1548702457265,38.0,331.7,333.35,335.7,338.6,-69.3719984,19.173333333333332,2,0.027906666666666614,0.03100000000000014
vehicle_007_session_00351,vehicle_007,351,train,124.85003251215278,17.6,325.2,326.4,328.0,328.9,-50.189342133333334,19.0,0,0.019266666666666706,0.020999999999999908
vehicle_007_session_00352,vehicle_007,352,train,122.9996768312757,30.4,328.6,329.4,330.7,331.7,-45.49605171052631,22.18421052631579,1,0.01788157894736844,0.020000000000000018
vehicle_007_session_00353,vehicle_007,353,train,124.06538152488426,20.8,327.4,328.8,330.25,331.7,-70.03421355263158,21.526315789473685,1,0.025210526315789537,0.027000000000000135
vehicle_007_session_00354,vehicle_007,354,train,126.910756713948,3.6,320.0,322.0,324.9,327.4,-70.17334413333334,21.826666666666668,1,0.027706666666666612,0.03000000000000025
vehicle_007_session_00355,vehicle_007,355,train,123.48040441277475,24.8,325.3,327.9,328.975,330.0,-44.526669733333335,23.026666666666667,1,0.017093333333333346,0.019000000000000128
vehicle_007_session_00356,vehicle_007,356,train,124.75576976135365,47.2,336.1,337.9,342.0,346.4,-70.08400680000001,20.08,2,0.03466666666666668,0.039000000000000146
vehicle_007_session_00357,vehicle_007,357,train,123.17787593101345,16.0,325.5,327.35,329.4,330.7,-70.14474684210526,21.93421052631579,2,0.025921052631578973,0.028000000000000025
vehicle_007_session_00358,vehicle_007,358,train,123.4193818500906,24.0,326.9,327.8,328.85,329.7,-45.01579105263158,25.0,0,0.017105263157894762,0.019000000000000128
vehicle_007_session_00359,vehicle_007,359,train,123.5798870942572,26.4,328.6,329.7,331.175,332.7,-70.07467226666668,27.786666666666665,1,0.025413333333333357,0.027000000000000135
vehicle_007_session_00360,vehicle_007,360,train,123.99553728345283,60.8,346.0,347.2,349.5,351.8,-43.044745,33.0,0,0.02681578947368416,0.028999999999999915
vehicle_007_session_00361,vehicle_007,361,train,123.34326679417767,26.8,328.6,329.9,331.35,333.0,-69.99737078947369,31.013157894736842,2,0.02471052631578951,0.026000000000000245
vehicle_007_session_00362,vehicle_007,362,train,125.63297722349645,54.0,340.5,342.75,346.6,350.5,-70.47199826666667,32.0,0,0.034653333333333314,0.038000000000000256
vehicle_007_session_00363,vehicle_007,363,train,126.18353651357329,62.4,348.0,349.79999999999995,353.25,357.2,-70.28027855263156,31.0,0,0.031657894736842156,0.03400000000000025
vehicle_007_session_00364,vehicle_007,364,train,124.37269294238685,43.6,333.9,335.8,338.9,343.5,-70.03333613333334,18.64,1,0.03127999999999999,0.03699999999999992
vehicle_007_session_00365,vehicle_007,365,train,124.96236383500961,51.2,337.2,338.55,341.5,344.4,-43.77763460526315,28.0,0,0.031052631578947384,0.03500000000000014
vehicle_007_session_00366,vehicle_007,366,train,125.44374972794962,58.8,345.3,347.45,350.9,354.7,-69.64737828947368,28.94736842105263,1,0.03297368421052631,0.0349999999999997
vehicle_007_session_00367,vehicle_007,367,train,122.94001227800548,38.0,332.1,334.0,336.9,341.0,-89.01842736842106,27.31578947368421,2,0.03292105263157894,0.037000000000000366
vehicle_007_session_00368,vehicle_007,368,train,122.25887324754903,21.2,327.5,328.70000000000005,330.1,331.4,-73.90131842105264,32.6578947368421,1,0.0267105263157895,0.028000000000000025
vehicle_007_session_00369,vehicle_007,369,train,124.5066944325397,27.6,326.9,328.5,329.5,330.3,-44.9280108,31.68,1,0.01724000000000002,0.019000000000000128
vehicle_007_session_00370,vehicle_007,370,train,122.449891649729,23.2,326.6,327.5,328.6,329.6,-45.08816789473684,31.039473684210527,1,0.01681578947368422,0.018000000000000238
vehicle_007_session_00371,vehicle_007,371,train,124.28742934704186,36.0,330.8,332.15,333.975,336.4,-70.65334226666666,32.46666666666667,1,0.027506666666666662,0.030999999999999694
vehicle_007_session_00372,vehicle_007,372,train,123.92703265209845,24.0,329.1,329.9,331.05,332.4,-70.01447644736841,30.42105263157895,1,0.02564473684210528,0.027000000000000135
vehicle_007_session_00373,vehicle_007,373,train,121.73661994287635,40.4,332.4,333.55,335.9,339.3,-70.0368469736842,30.605263157894736,1,0.028578947368421027,0.03200000000000003
vehicle_007_session_00374,vehicle_007,374,train,125.02946014892912,64.4,350.7,352.45,355.875,359.7,-69.98133653333333,32.50666666666667,1,0.032973333333333354,0.03500000000000014
vehicle_007_session_00375,vehicle_007,375,train,123.82792308630198,45.2,333.5,334.65,336.6,339.3,-45.0960627631579,32.828947368421055,1,0.024184210526315773,0.03100000000000014
vehicle_007_session_00376,vehicle_007,376,train,123.10758544653943,15.2,322.2,323.8,325.75,327.1,-37.747366894736835,32.76315789473684,1,0.019513157894736784,0.02200000000000024
vehicle_007_session_00377,vehicle_007,377,train,123.98390084941931,26.8,329.6,330.3,331.55,333.0,-70.06447842105264,35.53947368421053,1,0.025842105263157916,0.028000000000000025
vehicle_007_session_00378,vehicle_007,378,train,123.90187274807326,28.4,329.2,330.1,331.6,333.3,-70.51579552631578,35.5,1,0.026052631578947372,0.028000000000000025
vehicle_007_session_00379,vehicle_007,379,train,120.84899257897604,41.6,333.9,335.3,336.9,339.1,-44.88852491803279,28.34426229508197,1,0.022852459016393392,0.028000000000000025
vehicle_007_session_00380,vehicle_007,380,train,120.1600006808279,31.2,329.6,331.1,333.0,335.0,-70.04426540983607,21.42622950819672,1,0.026081967213114808,0.028000000000000025
vehicle_007_session_00381,vehicle_007,381,train,123.71588781130268,71.6,358.5,359.3,362.5,366.8,-70.00656360655738,25.885245901639344,1,0.03509836065573769,0.03799999999999937
vehicle_007_session_00382,vehicle_007,382,train,122.59654277777777,75.6,362.1,362.8,366.3,369.7,-67.59508852459017,26.0,0,0.03508196721311481,0.03699999999999992
vehicle_007_session_00383,vehicle_007,383,train,125.99297389741717,52.0,337.2,340.04999999999995,343.4,346.3,-49.414680666666676,22.653333333333332,1,0.03416000000000004,0.038000000000000256
vehicle_007_session_00384,vehicle_007,384,train,120.09551034989317,34.4,329.4,330.7,332.1,333.5,-49.60328885245902,26.295081967213115,1,0.01937704918032789,0.020999999999999908
vehicle_007_session_00385,vehicle_007,385,train,122.14370550213673,56.4,344.7,345.5,348.5,352.1,-65.0000031147541,33.0,0,0.03303278688524587,0.03600000000000003
vehicle_007_session_00386,vehicle_007,386,train,120.49496071623095,28.0,329.4,329.6,330.5,331.4,-49.998360491803275,34.0,0,0.019081967213114757,0.020000000000000018
vehicle_007_session_00387,vehicle_007,387,train,120.1298756430041,48.4,337.4,337.8,339.9,343.0,-49.98688393442623,36.131147540983605,1,0.029098360655737718,0.03299999999999992
vehicle_007_session_00388,vehicle_007,388,train,122.83822260802465,44.8,334.7,335.0,336.8,339.4,-50.011476557377044,34.967213114754095,1,0.02498360655737702,0.03000000000000025
vehicle_007_session_00389,vehicle_007,389,train,123.30474605119832,66.4,352.1,352.5,354.9,357.7,-50.01475557377049,36.0,0,0.028606557377049188,0.03000000000000025
vehicle_007_session_00390,vehicle_007,390,train,121.171875,21.2,327.5,328.6,330.0,331.4,-70.5,29.672131147540984,1,0.02606557377049182,0.028000000000000025
vehicle_007_session_00391,vehicle_007,391,train,121.60506261200719,53.2,342.7,343.6,346.8,350.7,-70.49836049180328,33.68852459016394,1,0.03522950819672131,0.03799999999999981
vehicle_007_session_00392,vehicle_007,392,train,124.69453401839341,46.0,334.6,336.0,339.1,343.6,-69.9934419672131,34.68852459016394,1,0.03303278688524589,0.037000000000000366
vehicle_007_session_00393,vehicle_007,393,train,127.98097048611115,76.0,360.7,361.4,364.7,369.1,-69.89836032786886,36.67213114754098,1,0.03549180327868848,0.03700000000000081
vehicle_007_session_00394,vehicle_007,394,train,122.24365303497947,33.2,331.6,331.9,333.2,335.2,-69.92950311475408,35.77049180327869,1,0.026868852459016428,0.02900000000000036
vehicle_007_session_00395,vehicle_007,395,train,125.93630705220303,66.0,352.5,353.2,356.3,360.2,-69.8672155737705,38.0,0,0.034426229508196744,0.03600000000000003
vehicle_007_session_00396,vehicle_007,396,train,123.08528388554221,55.6,344.3,345.2,348.3,352.4,-70.71804459016394,33.0,0,0.03470491803278688,0.03699999999999992
vehicle_007_session_00397,vehicle_007,397,train,124.32367336658847,57.2,344.1,346.0,349.6,353.5,-70.18525590163935,37.0,0,0.03424590163934427,0.037000000000000366
vehicle_007_session_00398,vehicle_007,398,train,123.12036759259261,64.0,351.1,351.9,354.9,358.8,-70.0,35.0,0,0.034950819672131164,0.03799999999999981
vehicle_007_session_00399,vehicle_007,399,train,120.76573346125731,40.0,334.1,334.6,336.3,339.3,-70.67050180327868,35.81967213114754,1,0.02937704918032784,0.03200000000000003
vehicle_007_session_00400,vehicle_007,400,train,126.5416935897436,70.4,356.1,356.9,360.0,364.3,-70.71476557377048,38.01639344262295,1,0.034967213114754085,0.03700000000000081
vehicle_007_session_00401,vehicle_007,401,train,120.6775812397876,35.6,332.2,332.5,333.9,336.3,-69.94097770491803,38.557377049180324,1,0.027245901639344282,0.030999999999999694
vehicle_007_session_00402,vehicle_007,402,train,123.79628472222221,62.8,349.7,350.3,353.5,357.4,-69.91310868852459,41.0,0,0.03408196721311478,0.03600000000000003
vehicle_007_session_00403,vehicle_007,403,train,122.66102546296298,41.2,333.0,334.1,336.4,340.0,-70.38852,37.557377049180324,1,0.030819672131147516,0.03500000000000014
vehicle_007_session_00404,vehicle_007,404,train,126.07345227165727,69.2,355.3,356.1,359.3,363.3,-70.49672098360655,39.540983606557376,1,0.03606557377049177,0.038000000000000256
vehicle_007_session_00405,vehicle_007,405,train,123.62774031690142,16.0,325.5,326.4,328.6,329.9,-71.01803459016394,38.377049180327866,1,0.027852459016393463,0.03000000000000025
vehicle_007_session_00406,vehicle_007,406,train,120.99221075336702,44.4,336.3,336.9,339.3,343.0,-70.9918024590164,41.721311475409834,1,0.03245901639344261,0.03699999999999992
vehicle_007_session_00407,vehicle_007,407,train,121.25476394149837,25.6,329.9,330.2,331.1,332.5,-70.27378786885245,37.540983606557376,1,0.026278688524590203,0.028000000000000025
vehicle_007_session_00408,vehicle_007,408,train,123.95883094031534,52.0,341.0,341.8,344.9,348.9,-70.25575327868853,40.26229508196721,1,0.03572131147540986,0.03799999999999981
vehicle_007_session_00409,vehicle_007,409,train,122.38504160974503,38.4,331.7,332.7,334.7,337.4,-69.88853442622951,36.032786885245905,2,0.028393442622950793,0.03100000000000014
vehicle_007_session_00410,vehicle_007,410,train,125.18873862721416,62.8,349.7,350.3,353.5,357.4,-69.7688693442623,38.377049180327866,1,0.03465573770491807,0.03600000000000003
vehicle_007_session_00411,vehicle_007,411,train,122.59414548022599,34.4,330.3,331.4,333.2,335.3,-69.90982704918032,35.78688524590164,1,0.027098360655737726,0.029999999999999805
vehicle_007_session_00412,vehicle_007,412,train,123.98647034534531,58.4,346.3,347.1,350.2,353.9,-69.89998999999999,38.0,0,0.034918032786885225,0.03699999999999992
vehicle_007_session_00413,vehicle_007,413,train,123.26501853718639,69.2,355.8,356.6,360.0,364.6,-75.50983704918033,38.40983606557377,1,0.03801639344262294,0.040000000000000036
vehicle_007_session_00414,vehicle_007,414,train,121.52288683489827,36.4,333.0,333.3,334.9,337.2,-70.99836049180328,39.278688524590166,1,0.028573770491803284,0.03100000000000014
vehicle_007_session_00415,vehicle_007,415,train,121.33468302891936,38.4,333.3,333.6,335.3,338.0,-69.70328918032787,37.9344262295082,2,0.0291311475409836,0.03299999999999992
vehicle_007_session_00416,vehicle_007,416,train,123.99475145609316,67.6,353.9,354.7,357.8,361.8,-69.67869852459015,40.114754098360656,1,0.03586885245901639,0.037000000000000366
vehicle_007_session_00417,vehicle_007,417,train,124.32328458605673,55.2,342.2,342.8,345.0,347.5,-45.19837065573771,36.50819672131148,1,0.03091803278688525,0.03399999999999981
vehicle_007_session_00418,vehicle_007,418,train,125.60985170454546,74.0,359.3,360.0,363.3,367.7,-69.98032655737705,40.0,0,0.035885245901639315,0.038000000000000256
vehicle_007_session_00419,vehicle_007,419,train,122.86927829391888,38.8,331.7,333.0,335.2,338.2,-70.04262721311476,37.0,0,0.028967213114754045,0.03399999999999981
vehicle_007_session_00420,vehicle_007,420,train,125.7958987630208,68.8,355.2,355.8,359.1,363.0,-69.97868704918034,39.0,0,0.03555737704918034,0.037000000000000366
vehicle_007_session_00421,vehicle_007,421,train,123.22769835680757,57.2,345.2,346.0,349.1,353.0,-70.00327901639345,41.0,0,0.03542622950819672,0.03699999999999992
vehicle_007_session_00422,vehicle_007,422,train,123.5511987252664,53.6,342.1,343.0,346.1,350.0,-69.83115754098361,37.32786885245902,1,0.036147540983606556,0.039000000000000146
vehicle_007_session_00423,vehicle_007,423,train,123.51563541666665,59.6,347.8,348.6,351.8,355.5,-69.85738295081967,34.63934426229508,1,0.033967213114754105,0.03500000000000014
vehicle_007_session_00424,vehicle_007,424,train,123.13101769497862,27.2,328.8,329.7,331.1,332.7,-69.86557737704918,35.9344262295082,2,0.025836065573770516,0.027000000000000135
vehicle_007_session_00425,vehicle_007,425,train,122.66749198325165,48.0,338.0,338.6,341.8,345.8,-69.83115278688524,38.59016393442623,1,0.03398360655737707,0.037000000000000366
vehicle_007_session_00426,vehicle_007,426,train,128.98762418300652,76.0,360.7,361.4,364.7,368.9,-69.82295754098361,40.14754098360656,1,0.035147540983606604,0.03699999999999992
vehicle_007_session_00427,vehicle_007,427,train,119.0945750534188,46.4,337.1,337.4,339.4,342.4,-50.100010000000005,35.09836065573771,1,0.028081967213114754,0.03399999999999981
vehicle_007_session_00428,vehicle_007,428,train,122.10851076892111,48.4,338.5,339.1,342.4,346.4,-70.14755081967213,33.47540983606557,1,0.034950819672131185,0.038000000000000256
vehicle_007_session_00429,vehicle_007,429,train,127.573325617284,76.0,361.3,362.1,365.3,369.6,-70.1639444262295,35.0,0,0.035688524590163986,0.03700000000000081
vehicle_007_session_00430,vehicle_007,430,train,121.06425937500003,36.8,333.2,333.5,334.9,337.2,-69.73771868852458,34.75409836065574,1,0.027885245901639308,0.03100000000000014
vehicle_007_session_00431,vehicle_007,431,train,125.74731541867955,68.8,354.9,355.7,358.8,362.7,-69.75247426229508,37.90163934426229,1,0.03454098360655738,0.036000000000000476
vehicle_007_session_00432,vehicle_007,432,train,120.67476520270269,34.8,332.4,332.7,333.9,336.3,-70.26559032786885,33.36065573770492,1,0.027409836065573772,0.03000000000000025
vehicle_007_session_00433,vehicle_007,433,train,125.66020259259261,64.4,351.4,352.2,355.2,359.3,-70.29181852459017,36.459016393442624,1,0.03416393442622954,0.03600000000000003
vehicle_007_session_00434,vehicle_007,434,train,119.53593915343914,36.4,332.8,333.2,334.7,337.2,-69.94590459016393,35.52459016393443,1,0.02811475409836063,0.03100000000000014
vehicle_007_session_00435,vehicle_007,435,train,124.93872814542488,61.6,349.1,349.9,353.0,356.8,-69.95737721311474,38.0,0,0.034327868852459045,0.03600000000000003
vehicle_007_session_00436,vehicle_007,436,train,124.50676424501422,48.8,337.8,338.6,341.9,346.3,-70.98196540983606,35.18032786885246,1,0.03622950819672136,0.039000000000000146
vehicle_007_session_00437,vehicle_007,437,train,120.06634254807696,23.6,329.2,329.6,330.7,332.1,-70.5885318032787,34.22950819672131,1,0.02613114754098362,0.028000000000000025
vehicle_007_session_00438,vehicle_007,438,train,123.00467893835615,54.8,343.8,344.7,347.8,351.6,-70.62296016393442,38.22950819672131,1,0.03509836065573768,0.037000000000000366
vehicle_007_session_00439,vehicle_007,439,train,122.00248753805178,36.4,332.2,332.5,334.2,336.6,-70.07213836065574,33.68852459016394,1,0.027999999999999973,0.03100000000000014
vehicle_007_session_00440,vehicle_007,440,train,126.17331462479274,66.0,352.2,353.0,356.1,360.0,-70.09345196721311,36.67213114754098,1,0.03559016393442623,0.037000000000000366
vehicle_007_session_00441,vehicle_007,441,train,125.6356902377137,76.8,360.7,361.1,363.3,366.0,-44.92130360655737,34.0,0,0.0294590163934427,0.031000000000000583
vehicle_007_session_00442,vehicle_007,442,train,122.68486805555553,21.2,328.9,329.2,330.0,331.3,-70.11476213114754,34.39344262295082,1,0.025737704918032806,0.027000000000000135
vehicle_007_session_00443,vehicle_007,443,train,122.30903339460782,50.0,339.6,340.2,343.5,347.5,-70.04426606557377,38.0655737704918,2,0.033836065573770495,0.03600000000000003
vehicle_007_session_00444,vehicle_007,444,train,128.34832155501095,77.2,361.9,362.8,366.1,370.5,-70.02459393442624,39.90163934426229,1,0.03509836065573775,0.03699999999999992
vehicle_007_session_00445,vehicle_007,445,train,120.78748490918804,38.0,333.8,334.1,335.8,338.6,-69.9672131147541,34.39344262295082,1,0.028459016393442605,0.03100000000000014
vehicle_007_session_00446,vehicle_007,446,train,122.51965656980995,25.2,329.6,329.7,330.8,332.2,-69.85246409836066,35.01639344262295,1,0.025885245901639382,0.028000000000000025
vehicle_007_session_00447,vehicle_007,447,train,122.95190388486313,55.6,344.1,344.9,348.0,351.9,-69.83771016393442,38.0,0,0.03462295081967215,0.03600000000000003
vehicle_007_session_00448,vehicle_007,448,train,123.55534859006735,52.4,341.0,341.9,345.2,349.1,-69.91311573770491,36.0,0,0.03475409836065571,0.037000000000000366
vehicle_007_session_00449,vehicle_007,449,train,121.26226348039218,12.0,322.8,324.4,327.1,328.9,-69.87377229508196,34.0,0,0.027311475409836056,0.029999999999999805
vehicle_007_session_00450,vehicle_007,450,train,124.41889670138886,63.6,350.8,351.6,354.6,358.5,-69.84098852459016,35.98360655737705,0,0.033278688524590185,0.03500000000000014
vehicle_007_session_00451,vehicle_007,451,train,123.3026009959087,35.6,330.3,331.35,333.0,334.9,-60.11579671052632,35.11842105263158,1,0.023763157894736864,0.025000000000000355
vehicle_007_session_00452,vehicle_007,452,train,120.47363074074075,32.0,331.7,332.1,333.3,335.3,-70.71312639344261,32.60655737704918,1,0.026524590163934415,0.028000000000000025
vehicle_007_session_00453,vehicle_007,453,train,123.72212394593254,62.0,349.9,350.8,353.8,357.7,-70.73280016393441,36.0,0,0.03400000000000002,0.03500000000000014
vehicle_007_session_00454,vehicle_007,454,train,124.3708775127924,60.0,348.0,348.8,351.9,355.8,-70.41310672131146,39.0,0,0.03421311475409838,0.03600000000000003
vehicle_007_session_00455,vehicle_007,455,train,122.20452600762525,40.8,331.6,332.5,334.1,336.1,-49.88687918032787,34.0,0,0.021557377049180326,0.02499999999999991
vehicle_007_session_00456,vehicle_007,456,train,121.04268622344769,32.8,330.2,331.1,332.8,334.9,-71.26557409836066,33.81967213114754,2,0.02706557377049183,0.02900000000000036
vehicle_007_session_00457,vehicle_007,457,train,123.25390120814306,60.0,348.0,348.8,351.9,355.8,-71.49672098360655,37.0,0,0.03495081967213113,0.03600000000000003
vehicle_007_session_00458,vehicle_007,458,train,122.95526237477237,45.2,336.0,337.5,340.5,344.7,-69.99508409836066,33.77049180327869,1,0.03365573770491803,0.03799999999999981
vehicle_007_session_00459,vehicle_007,459,train,124.9201504050926,69.6,357.1,357.8,361.0,365.2,-69.90492114754099,35.721311475409834,1,0.035147540983606555,0.03699999999999992
vehicle_007_session_00460,vehicle_007,460,train,121.60436420281587,33.2,331.6,331.9,333.3,335.3,-69.86065754098362,33.31147540983606,1,0.027065573770491808,0.02900000000000036
vehicle_007_session_00461,vehicle_007,461,train,122.45161168981485,62.4,350.2,351.0,353.9,357.8,-69.8393524590164,36.0,0,0.03462295081967219,0.03600000000000003
vehicle_007_session_00462,vehicle_007,462,train,121.83494204059829,33.2,332.1,332.2,333.5,335.5,-69.52787163934427,37.31147540983606,1,0.0271803278688525,0.02900000000000036
vehicle_007_session_00463,vehicle_007,463,train,124.51086996779387,59.6,347.7,348.5,351.4,355.2,-69.50327901639345,40.0,0,0.0349672131147541,0.03600000000000003
vehicle_007_session_00464,vehicle_007,464,train,123.40471281828704,54.8,341.6,343.2,346.9,351.0,-69.49180245901638,37.0,0,0.036196721311475395,0.040000000000000036
vehicle_007_session_00465,vehicle_007,465,train,124.66782962962964,48.8,336.3,337.8,341.9,346.3,-69.99344393442624,39.0,0,0.03577049180327869,0.039000000000000146
vehicle_007_session_00466,vehicle_007,466,train,123.45187960967434,72.8,358.6,359.4,362.7,366.8,-69.91475803278689,40.0,0,0.03603278688524591,0.0389999999999997
vehicle_007_session_00467,vehicle_007,467,train,121.0548993606702,14.0,324.1,325.5,328.0,329.6,-69.9918062295082,33.0,0,0.028131147540983604,0.03100000000000014
vehicle_007_session_00468,vehicle_007,468,train,121.05726967592595,39.2,333.9,334.2,335.8,338.6,-69.92786950819671,35.721311475409834,1,0.02899999999999998,0.03200000000000003
vehicle_007_session_00469,vehicle_007,469,train,126.07748139105901,66.8,353.0,353.8,356.9,360.7,-69.93278999999998,38.01639344262295,1,0.03534426229508197,0.037000000000000366
vehicle_007_session_00470,vehicle_007,470,train,122.84144546506735,22.0,328.8,329.1,330.2,331.6,-69.90656245901638,29.16393442622951,1,0.02563934426229511,0.027000000000000135
vehicle_007_session_00471,vehicle_007,471,train,121.25092301717841,48.4,338.9,339.6,342.8,346.9,-69.8491857377049,32.67213114754098,1,0.035196721311475436,0.03799999999999981
vehicle_007_session_00472,vehicle_007,472,train,125.07266242283946,60.8,346.0,347.5,350.3,353.5,-54.83278967213115,31.0,0,0.0300983606557377,0.03200000000000003
vehicle_007_session_00473,vehicle_007,473,train,120.52758053482586,32.8,330.7,331.0,332.1,333.6,-54.8295193442623,32.16393442622951,1,0.021770491803278714,0.02400000000000002
vehicle_007_session_00474,vehicle_007,474,train,123.57581367607524,59.6,347.4,348.0,350.3,353.3,-54.872129508196714,35.0,0,0.030377049180327843,0.03200000000000003
vehicle_007_session_00475,vehicle_007,475,train,121.96976850198415,46.8,337.1,337.8,340.8,345.2,-70.22460262295081,35.22950819672131,1,0.03513114754098363,0.039000000000000146
vehicle_007_session_00476,vehicle_007,476,train,122.66797134303776,31.2,329.2,330.2,331.6,333.0,-59.830269342105254,32.21052631578947,1,0.023171052631578967,0.026000000000000245
vehicle_007_session_00477,vehicle_007,477,train,122.74318378115264,42.4,332.8,333.85,336.1,339.3,-60.05395223684211,35.0,0,0.027249999999999972,0.03200000000000003
vehicle_007_session_00478,vehicle_007,478,train,123.32020073198201,55.6,343.9,344.7,348.0,351.9,-69.90000360655739,38.47540983606557,1,0.03621311475409832,0.0389999999999997
vehicle_007_session_00479,vehicle_007,479,train,124.52731608422943,44.8,334.1,335.3,338.3,342.5,-69.91474557377049,37.557377049180324,1,0.0332950819672131,0.040000000000000036
vehicle_007_session_00480,vehicle_007,480,train,125.43554687499997,70.0,355.8,356.6,359.9,363.9,-69.94425672131148,39.0,0,0.03662295081967209,0.038000000000000256
vehicle_007_session_00481,vehicle_007,481,train,123.95886501068372,54.4,341.3,343.5,347.2,351.1,-69.43606180327869,36.67213114754098,1,0.036983606557377036,0.04100000000000037
vehicle_007_session_00482,vehicle_007,482,train,124.30198085171568,52.0,340.8,341.6,345.0,348.9,-69.97704950819671,40.114754098360656,1,0.036688524590163946,0.039000000000000146
vehicle_007_session_00483,vehicle_007,483,train,120.97280339253184,38.8,333.0,333.3,334.7,336.9,-59.701646229508206,37.16393442622951,1,0.02578688524590166,0.028999999999999915
vehicle_007_session_00484,vehicle_007,484,train,123.27917895833329,63.2,350.0,350.7,353.2,356.1,-56.627874754098364,39.0,0,0.031180327868852477,0.03299999999999992
vehicle_007_session_00485,vehicle_007,485,train,123.22050222457634,56.0,343.0,343.6,345.8,348.6,-49.79838049180329,41.0,0,0.031327868852459036,0.03400000000000025
vehicle_007_session_00486,vehicle_007,486,train,122.5366763117284,33.6,331.4,331.7,333.2,335.3,-69.82460278688524,35.459016393442624,1,0.027262295081967248,0.03000000000000025
vehicle_007_session_00487,vehicle_007,487,train,124.48186682692311,62.8,349.9,350.8,353.8,357.7,-69.78854147540983,38.36065573770492,1,0.03516393442622954,0.03699999999999992
vehicle_007_session_00488,vehicle_007,488,train,121.30617381535951,27.6,330.5,330.7,331.6,333.2,-69.86557786885245,37.0655737704918,2,0.02662295081967213,0.028000000000000025
vehicle_007_session_00489,vehicle_007,489,train,124.08096716772155,55.2,343.6,344.4,347.5,351.4,-69.89016770491804,40.0,0,0.036196721311475374,0.0389999999999997
vehicle_007_session_00490,vehicle_007,490,train,124.05719979745372,52.8,341.1,342.2,345.7,349.6,-69.49836049180328,35.22950819672131,1,0.03670491803278687,0.039000000000000146
vehicle_007_session_00491,vehicle_007,491,train,124.74943140015012,54.8,343.2,343.9,347.4,351.3,-69.98852344262293,34.9344262295082,1,0.03704918032786884,0.040000000000000036
vehicle_007_session_00492,vehicle_007,492,train,124.01011540404042,42.8,333.3,334.6,337.2,341.1,-70.18033704918034,34.40983606557377,1,0.03193442622950818,0.03699999999999992
vehicle_007_session_00493,vehicle_007,493,train,125.20152535962309,65.2,352.2,353.0,356.1,360.0,-70.10656295081967,36.0,0,0.035885245901639336,0.037000000000000366
vehicle_007_session_00494,vehicle_007,494,train,123.88891650883842,61.6,349.3,350.0,353.2,357.1,-70.30002,37.68852459016394,1,0.03608196721311478,0.038000000000000256
vehicle_007_session_00495,vehicle_007,495,train,123.59931666666667,74.8,359.4,360.2,362.7,366.1,-55.01967639344263,37.0,0,0.03178688524590168,0.03399999999999981
vehicle_007_session_00496,vehicle_007,496,train,122.96015322855753,22.0,327.2,328.5,329.9,331.3,-69.92458655737704,37.40983606557377,1,0.025983606557377092,0.027000000000000135
vehicle_007_session_00497,vehicle_007,497,train,122.15922028769842,45.2,336.6,337.1,339.4,343.5,-69.94917524590164,40.34426229508197,1,0.03354098360655735,0.038000000000000256
vehicle_007_session_00498,vehicle_007,498,train,121.33709955601097,43.2,335.3,335.8,338.0,341.6,-71.02787163934427,39.18032786885246,1,0.03254098360655735,0.037000000000000366
vehicle_007_session_00499,vehicle_007,499,train,124.91089415509259,67.6,353.8,354.6,357.7,361.8,-71.05574327868852,41.0,0,0.03652459016393444,0.038000000000000256
vehicle_007_session_00500,vehicle_007,500,train,123.84771273148152,53.6,341.9,342.8,346.3,350.3,-70.7229631147541,39.950819672131146,1,0.0370327868852459,0.039000000000000146
vehicle_007_session_00501,vehicle_007,501,train,122.39257779947918,44.0,335.5,336.0,338.3,342.2,-70.49836049180328,38.73770491803279,1,0.03331147540983606,0.039000000000000146
vehicle_007_session_00502,vehicle_007,502,train,125.20950237268518,70.0,355.7,356.4,359.6,363.6,-70.50491852459017,40.721311475409834,1,0.03685245901639344,0.038000000000000256
vehicle_007_session_00503,vehicle_007,503,train,123.48826593660971,16.8,327.5,327.8,328.9,330.0,-69.69673131147542,39.36065573770492,1,0.025459016393442665,0.027000000000000135
vehicle_007_session_00504,vehicle_007,504,train,126.68710988562097,48.4,337.8,338.5,341.1,345.2,-69.69837065573769,42.85245901639344,1,0.031065573770491812,0.03400000000000025
vehicle_007_session_00505,vehicle_007,505,train,123.3864059027778,33.6,331.6,331.9,333.3,335.2,-69.89179639344263,40.049180327868854,2,0.025868852459016427,0.028000000000000025
vehicle_007_session_00506,vehicle_007,506,train,124.40137943672842,30.4,328.9,330.2,331.7,333.5,-70.59672967213115,40.557377049180324,1,0.02557377049180328,0.027000000000000135
vehicle_007_session_00507,vehicle_007,507,train,123.78529078483243,52.0,340.3,341.3,344.7,348.6,-70.61804262295082,42.885245901639344,1,0.03339344262295082,0.03600000000000003
vehicle_007_session_00508,vehicle_007,508,train,129.04890951797398,77.2,361.8,362.7,366.0,370.2,-70.65082967213115,44.0,0,0.03418032786885237,0.036000000000000476
vehicle_007_session_00509,vehicle_007,509,train,124.82050700995806,18.0,325.3,326.9,328.8,330.3,-71.57377672131148,39.67213114754098,1,0.02693442622950826,0.03000000000000025
vehicle_007_session_00510,vehicle_007,510,train,122.63234753086421,39.2,333.9,334.2,336.0,338.8,-71.66394442622952,42.18032786885246,2,0.02788524590163934,0.03000000000000025
vehicle_007_session_00511,vehicle_007,511,train,124.41022829861117,58.8,346.4,347.2,350.3,354.3,-70.2229631147541,44.0,0,0.03259016393442623,0.03400000000000025
vehicle_007_session_00512,vehicle_007,512,train,120.5750089814815,8.8,320.5,323.2,326.0,328.3,-73.69180770491803,36.90163934426229,1,0.028131147540983625,0.03000000000000025
vehicle_007_session_00513,vehicle_007,513,train,124.51077755519947,38.8,333.8,334.1,335.8,338.5,-74.00656213114753,39.42622950819672,1,0.028770491803278658,0.03200000000000003
vehicle_007_session_00514,vehicle_007,514,train,124.79056474014335,16.4,327.5,328.0,328.9,330.0,-69.20164950819672,34.26229508196721,1,0.025786885245901676,0.027000000000000135
vehicle_007_session_00515,vehicle_007,515,train,125.52033343698173,41.6,335.0,335.5,337.2,340.3,-69.20328901639344,37.032786885245905,2,0.028459016393442584,0.03100000000000014
vehicle_007_session_00516,vehicle_007,516,train,128.22499107998084,68.8,355.2,356.0,359.1,363.2,-69.20000999999999,39.0,0,0.03291803278688523,0.0349999999999997
vehicle_007_session_00517,vehicle_007,517,train,126.00443709742346,52.8,341.0,341.9,345.5,349.4,-69.94262786885245,36.0,0,0.033918032786885224,0.037000000000000366
vehicle_007_session_00518,vehicle_007,518,train,124.8491286789021,27.6,329.2,329.7,331.0,332.7,-69.92131278688525,36.0655737704918,2,0.025032786885245902,0.02699999999999969
vehicle_007_session_00519,vehicle_007,519,train,126.3723612213404,61.6,348.9,349.7,352.8,356.6,-69.88524967213114,39.85245901639344,1,0.032377049180327896,0.03400000000000025
vehicle_007_session_00520,vehicle_007,520,train,123.73426333333336,32.4,329.6,330.8,332.4,334.4,-69.99508557377048,37.49180327868852,1,0.025704918032786878,0.027000000000000135
vehicle_007_session_00521,vehicle_007,521,train,124.97609858834247,62.4,349.9,350.5,353.6,357.7,-69.92623278688525,40.08196721311475,1,0.03262295081967217,0.03400000000000025
vehicle_007_session_00522,vehicle_007,522,train,121.66994477289795,39.2,333.9,334.4,336.0,338.8,-70.46393081967213,40.885245901639344,2,0.02788524590163928,0.03000000000000025
vehicle_007_session_00523,vehicle_007,523,train,126.37064859934083,68.8,355.2,356.0,359.1,363.2,-70.47376786885246,43.0,0,0.032704918032786835,0.034000000000000696
vehicle_007_session_00524,vehicle_007,524,train,123.2789761530398,36.8,331.0,332.4,334.4,337.1,-69.71804459016393,33.91803278688525,2,0.026590163934426207,0.028999999999999915
vehicle_007_session_00525,vehicle_007,525,train,124.77269585503473,58.4,346.8,347.5,350.5,354.6,-69.68033786885248,36.557377049180324,1,0.03242622950819671,0.03399999999999981
vehicle_007_session_00526,vehicle_007,526,train,124.61144670414463,16.4,324.9,326.1,328.5,329.9,-69.32951606557377,33.9344262295082,1,0.026344262295081956,0.028000000000000025
vehicle_007_session_00527,vehicle_007,527,train,123.30536129148624,41.6,334.9,335.3,337.1,340.0,-69.39671360655737,37.131147540983605,2,0.028114754098360603,0.03100000000000014
vehicle_007_session_00528,vehicle_007,528,train,126.8055530838042,72.4,358.0,358.8,361.9,366.1,-69.44753573770492,40.0,0,0.03322950819672132,0.03500000000000014
vehicle_007_session_00529,vehicle_007,529,train,123.74370486111114,35.6,332.2,332.5,334.1,336.1,-69.17705918032787,36.83606557377049,1,0.02636065573770495,0.028999999999999915
vehicle_007_session_00530,vehicle_007,530,train,125.89561254789272,62.0,349.6,350.3,353.3,357.2,-69.17378049180329,39.540983606557376,1,0.0326393442622951,0.03400000000000025
vehicle_007_session_00531,vehicle_007,531,train,125.65834513888892,43.6,333.6,334.9,337.7,341.6,-70.17869540983607,32.704918032786885,1,0.02991803278688525,0.03500000000000014
vehicle_007_session_00532,vehicle_007,532,train,126.77788687600645,63.6,351.3,352.1,355.2,359.1,-70.08033295081967,34.57377049180328,1,0.033016393442623006,0.03500000000000014
vehicle_007_session_00533,vehicle_007,533,train,124.2594521484375,37.6,331.3,332.4,334.4,337.1,-69.86721836065573,34.91803278688525,1,0.027344262295081963,0.029999999999999805
vehicle_007_session_00534,vehicle_007,534,train,126.6135456649832,63.2,350.8,351.6,354.7,358.5,-69.79672885245901,37.0,0,0.03329508196721313,0.03500000000000014
vehicle_007_session_00535,vehicle_007,535,train,120.803806643864,45.6,338.0,338.5,341.3,345.7,-69.8196768852459,34.721311475409834,1,0.03273770491803281,0.03600000000000003
vehicle_007_session_00536,vehicle_007,536,train,126.95152462705761,63.6,348.5,349.9,352.4,355.2,-49.821325081967224,36.0,0,0.02654098360655739,0.028000000000000025
vehicle_007_session_00537,vehicle_007,537,train,124.75290738049091,27.2,329.7,330.0,331.3,333.0,-75.32296065573769,37.81967213114754,1,0.027131147540983655,0.02900000000000036
vehicle_007_session_00538,vehicle_007,538,train,126.35911474867723,62.0,349.6,350.3,353.6,357.8,-75.39343459016393,41.26229508196721,1,0.03490163934426232,0.03600000000000003
vehicle_007_session_00539,vehicle_007,539,train,124.81335903742284,22.4,329.2,329.4,330.3,331.7,-69.9458962295082,36.704918032786885,1,0.025393442622950832,0.027000000000000135
vehicle_007_session_00540,vehicle_007,540,train,125.56954228855723,64.4,352.1,352.7,355.8,359.7,-69.94261721311474,40.26229508196721,1,0.03359016393442621,0.03599999999999959
vehicle_007_session_00541,vehicle_007,541,train,124.09724276212832,46.0,336.4,337.1,339.7,343.9,-69.72788163934426,38.75409836065574,1,0.03209836065573769,0.03600000000000003
vehicle_007_session_00542,vehicle_007,542,train,126.0484954117064,74.4,359.9,360.8,364.1,368.3,-69.74263721311476,40.49180327868852,1,0.03414754098360658,0.036000000000000476
vehicle_007_session_00543,vehicle_007,543,train,124.76494382122502,38.8,333.6,334.1,335.7,338.3,-70.4229431147541,38.65573770491803,1,0.02834426229508194,0.030999999999999694
vehicle_007_session_00544,vehicle_007,544,train,127.97195775462966,70.4,356.4,357.2,360.5,364.6,-70.44425672131148,41.0,0,0.03447540983606553,0.036000000000000476
vehicle_007_session_00545,vehicle_007,545,train,125.22085375000003,52.0,340.7,341.4,345.0,348.9,-69.69673180327868,39.032786885245905,1,0.03429508196721312,0.03699999999999992
vehicle_007_session_00546,vehicle_007,546,train,125.89120566626411,48.4,337.7,338.3,341.6,345.8,-69.90655459016394,37.704918032786885,1,0.033639344262295104,0.037000000000000366
vehicle_007_session_00547,vehicle_007,547,train,127.9237428626544,76.0,361.4,362.4,365.7,369.9,-69.87049524590164,39.377049180327866,1,0.034868852459016476,0.03699999999999992
vehicle_007_session_00548,vehicle_007,548,train,124.94792555765999,41.2,333.9,334.2,336.4,339.7,-69.88360409836065,37.950819672131146,2,0.029065573770491775,0.03300000000000036
vehicle_007_session_00549,vehicle_007,549,train,124.3420567914312,67.6,354.6,355.3,358.3,362.4,-69.83115754098361,40.0,0,0.03357377049180327,0.03500000000000014
vehicle_007_session_00550,vehicle_007,550,train,123.97323184523812,29.2,330.8,331.1,332.2,333.8,-70.6032886885246,40.557377049180324,1,0.026000000000000047,0.028000000000000025
vehicle_007_session_00551,vehicle_007,551,train,124.60620648734182,57.2,345.8,346.6,349.9,353.6,-70.6016493442623,43.721311475409834,1,0.03381967213114755,0.03500000000000014
vehicle_007_session_00552,vehicle_007,552,train,122.66943150252527,44.0,335.7,336.1,338.5,342.1,-69.80002,41.32786885245902,1,0.03067213114754096,0.03500000000000014
vehicle_007_session_00553,vehicle_007,553,train,127.7414913720539,70.4,356.3,357.1,360.2,364.3,-69.85082442622952,43.16393442622951,1,0.03411475409836066,0.036000000000000476
vehicle_007_session_00554,vehicle_007,554,train,126.27505759845891,39.6,331.3,332.29999999999995,334.2,336.4,-59.840008000000005,38.52,1,0.024293333333333323,0.028000000000000025
vehicle_007_session_00555,vehicle_007,555,train,126.85370374103942,56.4,344.3,345.0,348.3,352.2,-69.91638573770491,42.0,0,0.034459016393442614,0.03699999999999992
vehicle_007_session_00556,vehicle_007,556,train,125.69706918238992,40.4,332.4,333.3,335.5,338.6,-70.0393481967213,40.9344262295082,2,0.02865573770491802,0.03200000000000003
vehicle_007_session_00557,vehicle_007,557,train,126.23207930107526,42.4,333.0,334.1,336.4,339.9,-70.02787163934427,39.47540983606557,1,0.029655737704917976,0.03299999999999992
vehicle_007_session_00558,vehicle_007,558,train,128.16550804398148,67.6,353.8,354.6,357.7,361.6,-69.97212836065573,41.295081967213115,1,0.03418032786885243,0.03600000000000003
vehicle_007_session_00559,vehicle_007,559,train,124.3893868551588,37.6,331.3,332.7,335.0,338.2,-79.93934147540983,42.80327868852459,1,0.031147540983606527,0.03400000000000025
vehicle_007_session_00560,vehicle_007,560,train,126.22235216572504,65.6,352.4,353.0,356.1,360.0,-68.83607344262296,45.0,0,0.033442622950819685,0.03500000000000014
vehicle_007_session_00561,vehicle_007,561,train,125.99014217592591,44.4,335.2,335.7,338.0,341.9,-70.2032895081967,41.885245901639344,1,0.03160655737704916,0.037000000000000366
vehicle_007_session_00562,vehicle_007,562,train,124.54966568529608,18.8,326.3,327.4,329.15,330.3,-69.84342763157895,39.0,0,0.026881578947368433,0.03100000000000014
vehicle_007_session_00563,vehicle_007,563,train,125.87964861111114,55.6,343.8,344.6,347.8,351.8,-70.16722360655737,41.0,0,0.035147540983606534,0.038000000000000256
vehicle_007_session_00564,vehicle_007,564,train,124.89141572971786,9.6,321.3,323.0,325.7,328.0,-69.91802852459017,40.78688524590164,1,0.027131147540983596,0.028999999999999915
vehicle_007_session_00565,vehicle_007,565,train,123.67520610754985,34.8,332.5,332.7,334.1,336.1,-69.94261721311474,42.75409836065574,1,0.026885245901639324,0.028999999999999915
vehicle_007_session_00566,vehicle_007,566,train,127.17956828703704,66.0,352.8,353.6,356.8,360.5,-68.89671622950819,46.0,0,0.033393442622950825,0.03500000000000014
vehicle_007_session_00567,vehicle_007,567,train,123.63969052419353,34.4,332.4,332.7,333.9,336.1,-70.68525590163934,43.19672131147541,1,0.027491803278688547,0.029999999999999805
vehicle_007_session_00568,vehicle_007,568,train,125.14416787668353,59.6,347.7,348.5,351.4,355.3,-69.6295181967213,45.63934426229508,1,0.034245901639344274,0.03600000000000003
vehicle_007_session_00569,vehicle_007,569,train,126.11801766175478,32.0,329.6,330.5,332.15,333.9,-69.94533586666665,39.013333333333335,2,0.026266666666666712,0.02900000000000036
vehicle_007_session_00570,vehicle_007,570,train,123.6193481638418,24.8,329.9,330.0,331.1,332.4,-70.48032590163935,35.131147540983605,2,0.025508196721311535,0.027000000000000135
vehicle_007_session_00571,vehicle_007,571,train,122.02495813204509,48.4,339.3,339.9,343.0,347.2,-70.49016295081968,38.34426229508197,1,0.03413114754098361,0.03699999999999992
vehicle_007_session_00572,vehicle_007,572,train,126.2437369791667,54.8,341.3,343.2,346.9,351.0,-70.02295475409838,43.73770491803279,1,0.03568852459016393,0.040999999999999925
vehicle_007_session_00573,vehicle_007,573,train,124.37620163255357,49.6,339.3,339.9,343.3,347.4,-70.40490852459017,40.950819672131146,1,0.03480327868852463,0.037000000000000366
vehicle_007_session_00574,vehicle_007,574,train,126.49989577641166,12.0,322.4,323.8,326.6,328.6,-69.91147754098358,39.0,0,0.028065573770491764,0.03000000000000025
vehicle_007_session_00575,vehicle_007,575,train,122.97145050860722,36.4,333.0,333.3,334.9,337.2,-69.82623524590166,40.885245901639344,1,0.027475409836065577,0.030999999999999694
vehicle_007_session_00576,vehicle_007,576,train,125.57946857864357,64.8,352.2,353.0,356.1,359.9,-69.85902196721312,43.0,0,0.03449180327868853,0.03699999999999948
vehicle_007_session_00577,vehicle_007,577,train,126.02460168650795,45.2,335.7,336.3,338.6,342.7,-69.71804459016393,39.442622950819676,1,0.03227868852459011,0.03799999999999981
vehicle_007_session_00578,vehicle_007,578,train,126.25658740421463,68.4,354.9,355.7,358.9,363.2,-71.51475557377049,40.0,0,0.03562295081967213,0.037000000000000366
vehicle_007_session_00579,vehicle_007,579,train,127.03610410974497,23.2,327.2,328.5,329.9,331.4,-70.54754786885245,37.22950819672131,1,0.02572131147540987,0.028000000000000025
vehicle_007_session_00580,vehicle_007,580,train,125.35644344042836,48.0,338.2,338.6,341.6,345.8,-70.66558377049179,40.278688524590166,1,0.034393442622950875,0.038000000000000256
vehicle_007_session_00581,vehicle_007,581,train,127.24199349279834,64.0,350.3,351.85,355.25,359.6,-73.86710921052632,43.0,0,0.035328947368421085,0.037000000000000366
vehicle_007_session_00582,vehicle_007,582,train,123.98405054012346,28.0,328.5,329.7,331.0,332.7,-70.3803237704918,42.18032786885246,1,0.026180327868852504,0.028000000000000025
vehicle_007_session_00583,vehicle_007,583,train,124.14368299549548,56.4,344.7,345.5,348.6,352.5,-69.33935245901641,45.0,0,0.03501639344262293,0.03699999999999992
vehicle_007_session_00584,vehicle_007,584,train,128.1333341666667,21.6,327.1,328.0,329.4,330.7,-69.939338852459,39.57377049180328,1,0.026442622950819707,0.028999999999999915
vehicle_007_session_00585,vehicle_007,585,train,124.48575168918924,42.0,334.7,335.0,336.9,339.9,-69.82132049180328,41.967213114754095,2,0.0301475409836065,0.03300000000000036
vehicle_007_session_00586,vehicle_007,586,train,125.26621637088473,71.6,357.2,358.2,361.3,365.3,-69.82131786885246,44.0,0,0.03580327868852455,0.038000000000000256
vehicle_007_session_00587,vehicle_007,587,train,123.81583385157546,44.4,335.8,336.3,338.6,342.4,-71.09837016393442,42.49180327868852,1,0.032245901639344224,0.037000000000000366
vehicle_007_session_00588,vehicle_007,588,train,127.54482411616164,71.2,357.1,357.8,361.0,365.2,-70.47705918032786,44.67213114754098,1,0.035622950819672206,0.03700000000000081
vehicle_007_session_00589,vehicle_007,589,train,124.68386202485382,35.6,330.5,331.6,333.3,335.8,-69.6000086885246,40.0,0,0.027213114754098343,0.03000000000000025
vehicle_007_session_00590,vehicle_007,590,train,124.36619951499122,58.4,346.6,347.4,350.3,354.3,-69.6360755737705,42.0,0,0.03493442622950817,0.03600000000000003
vehicle_007_session_00591,vehicle_007,591,train,126.59265215108405,57.2,345.2,346.0,349.3,353.3,-70.27214836065573,39.81967213114754,1,0.035655737704917985,0.039000000000000146
vehicle_007_session_00592,vehicle_007,592,train,126.29837942538131,66.4,352.2,352.7,354.6,357.1,-45.218044590163935,44.0,0,0.02714754098360659,0.028000000000000025
vehicle_007_session_00593,vehicle_007,593,train,126.56662557647796,35.2,329.9,330.8,332.4,334.2,-59.922668000000016,38.28,1,0.023306666666666694,0.025000000000000355
vehicle_007_session_00594,vehicle_007,594,train,123.33334666218639,33.2,331.9,332.2,333.5,335.7,-70.55738262295081,35.540983606557376,1,0.027032786885245932,0.02900000000000036
vehicle_007_session_00595,vehicle_007,595,train,123.52934886695908,58.0,347.2,348.0,351.0,354.9,-70.6246,38.622950819672134,1,0.03467213114754098,0.03600000000000003
vehicle_007_session_00596,vehicle_007,596,train,125.8794405924479,48.4,337.5,339.3,342.7,347.1,-69.85246262295082,38.47540983606557,1,0.03606557377049184,0.039000000000000146
vehicle_007_session_00597,vehicle_007,597,train,124.75817068713454,74.4,361.1,361.9,365.2,369.4,-69.93769868852458,40.0,0,0.03660655737704917,0.038000000000000256
vehicle_007_session_00598,vehicle_007,598,train,125.79407936274508,28.8,328.8,329.9,331.3,332.8,-70.05658342105262,32.9078947368421,1,0.0259605263157895,0.028000000000000025
vehicle_007_session_00599,vehicle_007,599,train,125.39314694940475,54.8,342.4,343.0,345.5,348.3,-49.801658852459035,36.0,0,0.03219672131147542,0.03500000000000014
vehicle_007_session_00600,vehicle_007,600,train,126.56616312295755,16.0,323.8,325.3,327.8,329.4,-69.92666573333332,37.0,0,0.028480000000000002,0.03100000000000014
vehicle_007_session_00601,vehicle_007,601,train,126.43745399305558,61.6,347.7,349.5,352.8,356.9,-69.82632184210527,33.88157894736842,1,0.03461842105263161,0.03600000000000003
vehicle_007_session_00602,vehicle_007,602,train,127.47829412615742,54.0,342.7,343.6,347.2,351.1,-69.86721360655739,33.59016393442623,1,0.036918032786885234,0.040000000000000036
vehicle_007_session_00603,vehicle_007,603,train,125.88789544753087,25.2,329.7,330.0,331.1,332.5,-71.41146721311476,35.22950819672131,1,0.026229508196721336,0.028000000000000025
vehicle_007_session_00604,vehicle_007,604,train,123.87904171358855,50.8,340.7,341.4,344.9,349.1,-71.32460278688524,38.295081967213115,1,0.036180327868852453,0.0389999999999997
vehicle_007_session_00605,vehicle_007,605,train,124.90678957382038,38.0,333.2,333.6,335.0,337.7,-70.59345196721311,40.885245901639344,2,0.028770491803278658,0.03200000000000003
vehicle_007_session_00606,vehicle_007,606,train,126.2944440359477,67.2,354.1,354.9,358.0,362.1,-70.59673098360656,43.39344262295082,1,0.0358032786885246,0.038000000000000256
vehicle_007_session_00607,vehicle_007,607,train,126.30668886251759,15.6,326.7,327.2,328.6,329.9,-70.39179704918033,37.0,0,0.027278688524590203,0.029999999999999805
vehicle_007_session_00608,vehicle_007,608,train,123.02593096405226,47.2,338.3,339.1,341.9,346.1,-70.42786229508197,40.32786885245902,1,0.035409836065573796,0.039000000000000146
vehicle_007_session_00609,vehicle_007,609,train,124.9639560630342,74.4,360.8,361.6,364.9,369.1,-70.48852344262295,42.0,0,0.037622950819672187,0.03900000000000059
vehicle_007_session_00610,vehicle_007,610,train,124.46105301616916,27.6,329.9,330.2,331.3,332.7,-70.28034590163934,42.60655737704918,1,0.026360655737704942,0.028000000000000025
vehicle_007_session_00611,vehicle_007,611,train,126.2595233534946,54.4,343.0,343.8,347.1,351.1,-70.01147655737705,45.83606557377049,1,0.03657377049180326,0.039000000000000146
vehicle_007_session_00612,vehicle_007,612,train,127.21801618806309,35.2,331.0,331.6,333.2,335.3,-70.58197524590163,39.540983606557376,1,0.027704918032786928,0.03000000000000025
vehicle_007_session_00613,vehicle_007,613,train,126.85895144071313,65.2,352.1,352.8,356.0,359.9,-70.65410836065573,42.0,0,0.03668852459016396,0.0389999999999997
vehicle_007_session_00614,vehicle_007,614,train,124.34120930555561,36.8,333.2,333.5,335.0,337.5,-70.46393081967213,43.42622950819672,1,0.02873770491803278,0.03100000000000014
vehicle_007_session_00615,vehicle_007,615,train,126.61395479681076,67.2,354.3,354.9,358.2,362.1,-70.17050180327868,45.91803278688525,1,0.036065573770491834,0.038000000000000256
vehicle_007_session_00616,vehicle_007,616,train,127.54750781250002,67.2,353.8,354.6,357.7,361.8,-71.1016493442623,43.42622950819672,1,0.03737704918032783,0.039000000000000146
vehicle_007_session_00617,vehicle_007,617,train,127.74978304211471,64.8,351.4,352.2,355.5,359.4,-70.00000262295082,42.0,0,0.03675409836065577,0.038000000000000256
vehicle_007_session_00618,vehicle_007,618,train,125.36541487424924,24.0,328.9,329.9,331.0,332.2,-71.39015950819672,40.721311475409834,1,0.02660655737704919,0.028000000000000025
vehicle_007_session_00619,vehicle_007,619,train,124.32998036024306,53.6,343.6,344.6,347.8,351.8,-71.27704934426231,44.39344262295082,1,0.036934426229508203,0.039000000000000146
vehicle_007_session_00620,vehicle_007,620,train,128.92801890432102,66.4,352.4,353.3,356.6,360.8,-70.37212950819672,31.0,0,0.03557377049180329,0.037000000000000366
vehicle_007_session_00621,vehicle_007,621,train,126.41844385893242,56.0,342.4,344.3,348.2,352.2,-70.05574295081966,34.967213114754095,1,0.03775409836065574,0.04300000000000015
vehicle_007_session_00622,vehicle_007,622,train,127.79979846698122,76.4,362.1,362.8,366.1,370.5,-69.94032483870969,36.0,0,0.03761290322580652,0.03900000000000059
vehicle_007_session_00623,vehicle_007,623,train,127.47687129629631,60.8,348.5,349.4,352.4,356.3,-69.6032886885246,37.08196721311475,1,0.03603278688524593,0.038000000000000256
vehicle_007_session_00624,vehicle_007,624,train,127.63847625000002,51.6,336.8,339.5,344.0,348.5,-69.68158276315789,34.8421052631579,1,0.03860526315789473,0.04200000000000026
vehicle_007_session_00625,vehicle_007,625,train,123.98646473898465,32.8,331.7,331.9,333.3,335.2,-69.9606518032787,35.295081967213115,1,0.027147540983606566,0.02900000000000036
vehicle_007_session_00626,vehicle_007,626,train,125.09861171296293,58.8,347.5,348.3,351.4,355.3,-69.99180245901638,38.0,0,0.0357704918032787,0.03699999999999992
vehicle_007_session_00627,vehicle_007,627,train,126.83162511574078,19.6,326.3,327.5,329.2,330.5,-70.17378032786885,35.950819672131146,1,0.0278032786885246,0.03299999999999992
vehicle_007_session_00628,vehicle_007,628,train,125.26777133534134,44.0,335.8,336.3,338.5,342.1,-70.28690393442622,38.721311475409834,1,0.03222950819672127,0.03699999999999992
vehicle_007_session_00629,vehicle_007,629,train,123.84030443376072,35.2,332.2,332.5,333.9,336.3,-70.24427672131148,36.24590163934426,1,0.028377049180327858,0.03200000000000003
vehicle_007_session_00630,vehicle_007,630,train,124.72631416847048,61.2,349.6,350.3,353.5,357.4,-70.26722983606557,39.0,0,0.036360655737704944,0.038000000000000256
vehicle_007_session_00631,vehicle_007,631,train,126.39499336013644,74.8,360.0,361.0,364.3,368.6,-69.89015819672132,39.0,0,0.03780327868852461,0.040000000000000036
vehicle_007_session_00632,vehicle_007,632,train,124.21313071581199,34.0,332.1,332.4,333.8,336.0,-70.90655,38.09836065573771,1,0.028196721311475405,0.03100000000000014
vehicle_007_session_00633,vehicle_007,633,train,125.46873936631944,60.4,348.8,349.6,352.7,356.6,-70.9229431147541,40.57377049180328,1,0.03627868852459019,0.038000000000000256
vehicle_007_session_00634,vehicle_007,634,train,125.92954110360364,54.4,343.2,344.1,347.4,351.3,-70.6016493442623,40.459016393442624,1,0.03765573770491805,0.040000000000000036
vehicle_007_session_00635,vehicle_007,635,train,126.41130247535844,39.2,331.4,332.7,334.7,337.5,-70.16394426229509,36.67213114754098,1,0.0292622950819672,0.03299999999999992
vehicle_007_session_00636,vehicle_007,636,train,127.79060272435899,64.0,351.1,351.9,354.9,358.9,-70.02787180327869,39.0,0,0.03639344262295082,0.038000000000000256
vehicle_007_session_00637,vehicle_007,637,train,126.09004206511844,67.2,353.9,354.9,358.0,362.1,-69.95737278688524,32.278688524590166,1,0.03640983606557376,0.038000000000000256
vehicle_007_session_00638,vehicle_007,638,train,126.19761574074076,21.2,328.9,329.2,330.2,331.4,-70.00819983606559,36.57377049180328,1,0.026131147540983633,0.028000000000000025
vehicle_007_session_00639,vehicle_007,639,train,122.79044960585591,44.0,336.8,337.2,339.6,343.6,-69.98688704918034,39.40983606557377,1,0.03357377049180329,0.039000000000000146
vehicle_007_session_00640,vehicle_007,640,train,127.41816232638885,74.0,360.3,361.1,364.4,368.6,-69.96721573770493,41.622950819672134,1,0.03781967213114758,0.040000000000000036
vehicle_007_session_00641,vehicle_007,641,train,124.70560436228483,26.0,329.7,329.9,331.0,332.4,-70.04754573770492,39.868852459016395,1,0.026491803278688563,0.028000000000000025
vehicle_007_session_00642,vehicle_007,642,train,124.17322448671497,54.4,343.2,343.9,347.4,351.1,-70.08361459016395,43.0,0,0.037557377049180315,0.040000000000000036
vehicle_007_session_00643,vehicle_007,643,train,127.29678819444442,56.4,344.6,345.5,348.8,352.5,-69.7459162295082,39.0,0,0.03811475409836065,0.040999999999999925
vehicle_007_session_00644,vehicle_007,644,train,124.58098893596988,34.0,331.6,332.1,333.3,335.3,-70.55246393442624,37.21311475409836,1,0.027573770491803307,0.03000000000000025
vehicle_007_session_00645,vehicle_007,645,train,125.41667892156866,57.6,346.0,346.8,349.9,353.9,-70.5704980327869,39.47540983606557,1,0.03686885245901639,0.038000000000000256
vehicle_007_session_00646,vehicle_007,646,train,127.94748565251577,61.2,348.0,349.1,352.4,356.3,-69.71640524590165,41.0,0,0.03672131147540985,0.038000000000000256
vehicle_007_session_00647,vehicle_007,647,train,126.23460821026725,35.2,332.2,332.5,334.1,336.3,-74.89835180327869,42.31147540983606,1,0.0299672131147541,0.03299999999999992
vehicle_007_session_00648,vehicle_007,648,train,126.35147260199655,67.2,353.6,354.4,357.5,361.6,-70.57049885245902,45.0655737704918,1,0.03755737704918033,0.039000000000000146
vehicle_007_session_00649,vehicle_007,649,train,126.7115465811966,66.0,353.2,353.9,357.4,361.8,-76.01147655737705,38.131147540983605,1,0.03893442622950822,0.04100000000000037
vehicle_007_session_00650,vehicle_007,650,train,128.11820901416118,40.8,337.9,339.2,341.3,344.3,-70.82295836065575,35.049180327868854,2,0.02329508196721311,0.026000000000000245
vehicle_007_session_00651,vehicle_007,651,train,121.49138771281359,61.6,354.1,355.1,358.2,362.4,-70.80820475409836,37.967213114754095,1,0.03088524590163932,0.03299999999999992
vehicle_007_session_00652,vehicle_007,652,train,126.38802786568216,49.6,337.7,338.6,342.4,347.1,-70.12132147540983,34.16393442622951,2,0.0368688524590164,0.040000000000000036
vehicle_007_session_00653,vehicle_007,653,train,126.86785289902997,20.0,327.7,328.3,329.4,330.7,-70.59837032786886,39.57377049180328,1,0.027540983606557386,0.03200000000000003
vehicle_007_session_00654,vehicle_007,654,train,122.5924534534535,45.2,337.1,337.5,340.0,344.3,-70.61804278688524,42.67213114754098,1,0.034590163934426224,0.040000000000000036
vehicle_007_session_00655,vehicle_007,655,train,124.68749696969698,74.8,361.0,361.8,365.0,368.0,-67.77541901639346,44.47540983606557,1,0.03709836065573777,0.03900000000000059
vehicle_007_session_00656,vehicle_007,656,train,127.37449236111112,65.2,351.9,352.7,356.0,359.9,-69.79346196721312,42.0,0,0.036885245901639344,0.0389999999999997
vehicle_007_session_00657,vehicle_007,657,train,127.43891708333335,56.0,342.7,343.3,345.5,348.2,-45.200010000000006,41.0,0,0.031557377049180324,0.03400000000000025
vehicle_007_session_00658,vehicle_007,658,train,125.5964035947712,32.8,330.0,330.3,331.1,332.2,-44.98688393442623,34.557377049180324,1,0.018803278688524595,0.020000000000000018
vehicle_007_session_00659,vehicle_007,659,train,125.15380205314011,22.4,328.6,328.9,330.0,331.4,-70.1606657377049,34.40983606557377,1,0.026229508196721336,0.028000000000000025
vehicle_007_session_00660,vehicle_007,660,train,123.71457713122604,50.0,340.2,341.0,344.4,348.5,-70.18853459016393,37.885245901639344,1,0.037459016393442617,0.040000000000000036
vehicle_007_session_00661,vehicle_007,661,train,126.4748355108286,73.6,360.0,360.8,364.1,368.3,-70.21312606557377,39.0,0,0.037622950819672124,0.03900000000000059
vehicle_007_session_00662,vehicle_007,662,train,128.79887525720167,53.2,339.3,341.0,345.3,349.6,-70.07377786885245,38.91803278688525,1,0.0390327868852459,0.04300000000000015
vehicle_007_session_00663,vehicle_007,663,train,126.64465945512823,69.2,354.6,354.9,356.9,359.6,-45.17050180327869,42.0,0,0.029032786885245916,0.03000000000000025
vehicle_007_session_00664,vehicle_007,664,train,125.25189334577114,50.4,339.6,340.3,343.9,348.0,-70.2311606557377,41.34426229508197,1,0.037491803278688514,0.040000000000000036
vehicle_007_session_00665,vehicle_007,665,train,126.43146992607531,64.4,349.7,351.4,354.9,358.9,-70.62132049180329,41.83606557377049,1,0.03657377049180329,0.039000000000000146
vehicle_007_session_00666,vehicle_007,666,train,124.30797497605361,30.0,330.0,330.2,331.0,332.1,-50.19017393442623,38.0,0,0.019950819672131158,0.02100000000000035
vehicle_007_session_00667,vehicle_007,667,train,123.05054733187137,43.6,335.8,336.4,338.6,342.4,-70.11148508196723,34.295081967213115,1,0.032688524590163914,0.038000000000000256
vehicle_007_session_00668,vehicle_007,668,train,125.01552294146823,74.0,360.2,361.1,364.4,368.6,-70.19181327868853,37.0,0,0.0374590163934427,0.03900000000000059
vehicle_007_session_00669,vehicle_007,669,train,125.97286014660499,33.2,329.9,330.7,332.2,334.2,-69.99508147540983,36.9344262295082,1,0.027098360655737733,0.02900000000000036
vehicle_007_session_00670,vehicle_007,670,train,126.52776545383409,54.8,342.8,343.8,347.2,351.1,-69.93441967213116,39.0,0,0.037999999999999985,0.040999999999999925
vehicle_007_session_00671,vehicle_007,671,train,125.72310841049382,24.4,327.8,328.8,330.2,331.6,-69.97213262295082,37.049180327868854,1,0.026229508196721336,0.028000000000000025
vehicle_007_session_00672,vehicle_007,672,train,124.91133748759918,50.0,339.6,340.2,343.6,347.8,-69.95738049180328,39.77049180327869,1,0.03798360655737705,0.04100000000000037
vehicle_007_session_00673,vehicle_007,673,train,126.01350189989518,72.8,358.8,359.6,362.8,367.1,-69.9327893442623,41.0,0,0.038196721311475404,0.040000000000000036
vehicle_007_session_00674,vehicle_007,674,train,124.19272585720486,34.0,332.1,332.4,333.8,336.0,-70.60492786885244,31.37704918032787,1,0.02819672131147542,0.03100000000000014
vehicle_007_session_00675,vehicle_007,675,train,126.87186584595959,60.0,348.9,349.6,352.8,356.8,-70.70000999999998,34.40983606557377,1,0.036557377049180335,0.038000000000000256
vehicle_007_session_00676,vehicle_007,676,train,123.46954522792021,31.2,331.6,331.7,333.0,334.9,-70.39999721311474,35.721311475409834,1,0.027491803278688554,0.02900000000000036
vehicle_007_session_00677,vehicle_007,677,train,124.97894802188554,62.4,350.8,351.8,354.7,358.6,-70.42622278688523,39.0,0,0.03672131147540987,0.039000000000000146
vehicle_007_session_00678,vehicle_007,678,train,127.32304881143158,26.4,326.1,328.2,329.4,330.5,-49.509836229508196,32.39344262295082,1,0.019459016393442635,0.02100000000000035
vehicle_007_session_00679,vehicle_007,679,train,125.63247777777777,21.2,327.1,328.0,329.6,330.8,-69.98688393442623,35.131147540983605,1,0.026901639344262304,0.02900000000000036
vehicle_007_session_00680,vehicle_007,680,train,123.49849849849852,47.2,337.7,338.5,341.3,345.5,-70.0,38.21311475409836,1,0.03632786885245902,0.040999999999999925
vehicle_007_session_00681,vehicle_007,681,train,126.51484102668842,76.8,362.5,363.5,366.8,371.0,-70.00491852459017,40.0,0,0.03880327868852456,0.040000000000000036
vehicle_007_session_00682,vehicle_007,682,train,125.53575000000002,50.8,339.6,340.3,343.9,348.0,-70.30002,35.90163934426229,1,0.03850819672131149,0.04100000000000037
vehicle_007_session_00683,vehicle_007,683,train,125.24243245545073,76.0,361.8,362.5,366.0,370.4,-70.30329770491802,37.21311475409836,1,0.03888524590163944,0.040000000000000036
vehicle_007_session_00684,vehicle_007,684,train,127.68664230685762,48.8,336.0,337.4,341.1,346.0,-69.9672144262295,37.31147540983606,1,0.03744262295081969,0.04200000000000026
vehicle_007_session_00685,vehicle_007,685,train,127.55396199156746,74.8,360.5,361.3,364.7,368.9,-70.1377149180328,39.0,0,0.03863934426229515,0.040000000000000036
vehicle_007_session_00686,vehicle_007,686,train,125.81338252314816,74.4,359.6,360.2,362.7,365.8,-51.899989999999995,37.0,0,0.03204918032786885,0.03399999999999981
vehicle_007_session_00687,vehicle_007,687,train,129.23880889423074,71.6,356.6,357.4,360.7,364.9,-70.20656803278688,33.0,0,0.0370327868852459,0.0389999999999997
vehicle_007_session_00688,vehicle_007,688,train,125.56809307484568,45.6,337.5,338.0,340.7,344.7,-70.00491852459017,36.49180327868852,1,0.0351147540983607,0.040000000000000036
vehicle_007_session_00689,vehicle_007,689,train,124.62395603813556,38.8,333.3,333.6,335.3,338.0,-70.57869639344263,36.98360655737705,2,0.02985245901639338,0.03299999999999992
vehicle_007_session_00690,vehicle_007,690,train,125.94006847426476,62.4,349.9,350.8,353.9,357.8,-70.57213836065574,39.18032786885246,1,0.03709836065573776,0.039000000000000146
vehicle_007_session_00691,vehicle_007,691,train,127.82700208333333,65.6,351.0,352.75,356.20000000000005,360.3,-69.92763328947368,34.0,0,0.03651315789473683,0.0389999999999997
vehicle_007_session_00692,vehicle_007,692,train,127.41698216230935,68.0,353.6,354.1,356.4,359.3,-50.30985245901641,36.0,0,0.030163934426229527,0.03100000000000014
vehicle_007_session_00693,vehicle_007,693,train,125.47278445512819,24.4,328.6,328.8,329.6,330.5,-49.7147655737705,30.9672131147541,1,0.019688524590163944,0.020999999999999908
vehicle_007_session_00694,vehicle_007,694,train,119.47184568643166,45.2,336.4,336.8,338.6,341.3,-49.700010000000006,33.31147540983606,1,0.027606557377049146,0.03299999999999992
vehicle_007_session_00695,vehicle_007,695,train,122.98059138888891,66.0,353.0,353.6,355.8,358.6,-49.73116065573772,34.98360655737705,0,0.03031147540983609,0.03200000000000003
vehicle_007_session_00696,vehicle_007,696,train,127.98867471205959,28.4,330.0,330.3,331.3,332.8,-69.34099131147542,38.40983606557377,1,0.02677049180327871,0.028000000000000025
vehicle_007_session_00697,vehicle_007,697,train,126.93508173798801,61.6,348.8,349.6,352.7,356.4,-69.30493655737706,41.42622950819672,1,0.03719672131147543,0.039000000000000146
vehicle_007_session_00698,vehicle_007,698,train,125.36927161574073,19.2,327.4,328.0,329.2,330.5,-70.12295983606559,37.0,0,0.027508196721311495,0.03100000000000014
vehicle_007_session_00699,vehicle_007,699,train,124.4592593443627,49.2,339.1,339.9,343.0,347.2,-70.04262704918033,40.49180327868852,1,0.03754098360655742,0.04100000000000037
vehicle_007_session_00700,vehicle_007,700,train,126.48104039797009,76.8,362.4,363.2,366.6,370.8,-70.03278967213114,42.0,0,0.038934426229508254,0.04100000000000037
vehicle_007_session_00701,vehicle_007,701,train,127.37588218782452,48.8,336.3,337.75,341.70000000000005,346.3,-69.91052842105263,37.94736842105263,1,0.03830263157894739,0.04300000000000015
vehicle_007_session_00702,vehicle_007,702,train,126.95908966861603,49.2,336.0,336.6,339.1,342.4,-50.100010000000005,36.0,0,0.030999999999999958,0.037000000000000366
vehicle_007_session_00703,vehicle_007,703,train,126.01217773846957,18.0,324.6,326.0,327.7,328.9,-54.93114393442623,32.0,0,0.02296721311475411,0.02699999999999969
vehicle_007_session_00704,vehicle_007,704,train,121.35245036429875,39.2,333.3,333.6,334.9,336.9,-54.952454262295085,34.19672131147541,1,0.02444262295081966,0.027000000000000135
vehicle_007_session_00705,vehicle_007,705,train,124.9659489379085,63.6,351.0,351.4,353.9,357.1,-54.960652459016394,36.377049180327866,1,0.03145901639344265,0.03300000000000036
vehicle_007_session_00706,vehicle_007,706,train,124.90626377314815,47.2,337.4,338.0,340.8,345.2,-70.07541737704919,36.39344262295082,1,0.03698360655737708,0.042999999999999705
vehicle_007_session_00707,vehicle_007,707,train,126.16415441919193,71.6,357.8,358.5,361.8,366.0,-70.10820639344263,38.0,0,0.03883606557377057,0.04100000000000037
vehicle_007_session_00708,vehicle_007,708,train,124.70075699955913,35.2,331.7,332.2,333.6,335.8,-70.25247426229508,35.704918032786885,1,0.02842622950819675,0.03200000000000003
vehicle_007_session_00709,vehicle_007,709,train,126.65938279727092,60.4,348.5,349.3,352.4,356.3,-70.23443967213115,38.0,0,0.036885245901639364,0.038000000000000256
vehicle_007_session_00710,vehicle_007,710,train,124.56035114538243,45.6,336.4,337.1,339.6,343.6,-70.10820606557378,37.26229508196721,1,0.03568852459016393,0.04200000000000026
vehicle_007_session_00711,vehicle_007,711,train,125.31347195844103,23.2,328.2,329.1,330.0,331.1,-59.96316039473684,38.0,0,0.023355263157894747,0.025000000000000355
vehicle_007_session_00712,vehicle_007,712,train,125.91285900950298,37.2,331.9,332.4,334.1,336.8,-70.29018229508196,37.032786885245905,1,0.02942622950819672,0.03299999999999992
vehicle_007_session_00713,vehicle_007,713,train,127.99718126006441,48.0,336.9,337.5,340.5,345.0,-69.5,36.278688524590166,1,0.03718032786885251,0.04200000000000026
vehicle_007_session_00714,vehicle_007,714,train,124.99358346193412,75.6,361.4,362.2,365.7,369.9,-69.51147655737707,38.0,0,0.038983606557377065,0.040000000000000036
vehicle_007_session_00715,vehicle_007,715,train,125.22652606837606,13.2,323.3,324.9,327.5,329.4,-69.76395081967213,33.0,0,0.029147540983606543,0.03200000000000003
vehicle_007_session_00716,vehicle_007,716,train,121.75441447368426,39.2,334.6,334.9,336.8,339.6,-69.78034590163934,36.14754098360656,2,0.03124590163934422,0.03500000000000014
vehicle_007_session_00717,vehicle_007,717,train,124.51447318989071,70.0,357.1,357.8,361.0,365.2,-69.79018295081967,39.0,0,0.03863934426229502,0.04099999999999948
vehicle_007_session_00718,vehicle_007,718,train,125.41224122474749,41.6,332.4,333.6,336.0,339.3,-69.91638901639344,38.26229508196721,1,0.031672131147540965,0.03500000000000014
vehicle_007_session_00719,vehicle_007,719,train,124.85955529643451,64.0,351.0,351.8,354.9,358.8,-69.98524442622951,40.0,0,0.037950819672131174,0.040000000000000036
vehicle_007_session_00720,vehicle_007,720,train,122.26633661786788,28.0,330.8,331.1,332.2,333.8,-70.04426655737706,32.75409836065574,1,0.027311475409836087,0.028999999999999915
vehicle_007_session_00721,vehicle_007,721,train,122.51408314564563,57.6,347.1,347.8,351.0,354.9,-70.04426672131147,36.049180327868854,1,0.03785245901639345,0.040000000000000036
vehicle_007_session_00722,vehicle_007,722,train,121.94003791887123,30.4,331.1,331.4,332.7,334.4,-70.02131360655737,35.68852459016394,1,0.02736065573770496,0.03000000000000025
vehicle_007_session_00723,vehicle_007,723,train,123.4038467948718,56.0,344.9,345.7,348.9,352.8,-70.00327901639345,38.75409836065574,1,0.03813114754098362,0.040000000000000036
vehicle_007_session_00724,vehicle_007,724,train,125.68577049946583,76.8,362.1,362.8,366.3,370.7,-70.01803459016394,37.0,0,0.0399672131147541,0.041999999999999815
vehicle_007_session_00725,vehicle_007,725,train,121.69777300995024,44.8,336.1,336.6,338.9,342.8,-69.06558032786887,37.52459016393443,1,0.03440983606557375,0.040000000000000036
vehicle_007_session_00726,vehicle_007,726,train,124.3988104423868,71.6,357.5,358.3,361.4,365.7,-69.08853344262296,39.459016393442624,1,0.038147540983606544,0.040000000000000036
vehicle_007_session_00727,vehicle_007,727,train,123.83791473277077,49.2,338.8,339.6,342.8,347.1,-69.04918524590164,33.540983606557376,1,0.038311475409836114,0.04100000000000037
vehicle_007_session_00728,vehicle_007,728,train,124.96712468998015,71.6,356.9,357.4,359.7,362.5,-49.4393381967213,31.0,0,0.03137704918032789,0.03200000000000047
vehicle_007_session_00729,vehicle_007,729,train,123.11089995659721,53.6,340.5,342.5,346.9,351.1,-70.07377704918032,29.049180327868854,2,0.04054098360655736,0.04500000000000037
vehicle_007_session_00730,vehicle_007,730,train,124.74404612814466,16.0,324.4,325.8,328.2,329.7,-70.00806919354838,34.0,0,0.02891935483870965,0.03200000000000003
vehicle_007_session_00731,vehicle_007,731,train,120.35791100427349,37.2,333.5,333.8,335.3,337.7,-69.96393885245902,36.19672131147541,1,0.02963934426229506,0.03200000000000003
vehicle_007_session_00732,vehicle_007,732,train,123.64118356318467,14.4,323.2,324.1,326.0,327.5,-45.00263184210527,33.0,0,0.020828947368421037,0.02300000000000013
vehicle_007_session_00733,vehicle_007,733,train,124.30972423611114,49.6,338.8,339.9,342.2,345.2,-44.95657460526316,36.0,0,0.030513157894736864,0.03399999999999981
vehicle_007_session_00734,vehicle_007,734,train,124.50005000000003,23.6,328.5,328.6,329.2,330.2,-49.80002000000002,34.19672131147541,1,0.019147540983606576,0.020999999999999908
vehicle_007_session_00735,vehicle_007,735,train,121.98110921717179,47.6,337.1,337.5,339.4,342.4,-49.80002000000002,37.18032786885246,1,0.027540983606557372,0.03300000000000036
vehicle_007_session_00736,vehicle_007,736,train,124.90444937500006,70.0,355.3,355.8,358.0,361.0,-49.80002000000002,38.540983606557376,1,0.02927868852459013,0.03100000000000014
vehicle_007_session_00737,vehicle_007,737,train,124.80168349811679,70.4,356.4,357.4,360.7,364.9,-70.1065637704918,34.26229508196721,1,0.03690163934426225,0.0389999999999997
vehicle_007_session_00738,vehicle_007,738,train,123.27740046296296,42.4,333.9,334.7,337.2,341.0,-69.86229885245902,32.39344262295082,1,0.03157377049180329,0.037000000000000366
vehicle_007_session_00739,vehicle_007,739,train,123.46952287581698,24.0,328.6,328.8,329.4,330.3,-50.100010000000005,36.63934426229508,1,0.01978688524590165,0.02100000000000035
vehicle_007_session_00740,vehicle_007,740,train,121.74200860042733,44.4,335.2,335.5,337.1,339.3,-50.09345196721312,38.622950819672134,1,0.024540983606557338,0.027000000000000135
vehicle_007_session_00741,vehicle_007,741,train,124.5833576388889,70.4,355.5,356.1,358.5,361.1,-50.0918124590164,40.0,0,0.02945901639344258,0.030999999999999694
vehicle_007_session_00742,vehicle_007,742,train,124.86968397901065,26.4,328.0,329.0,330.5,331.9,-69.86710828947369,36.85526315789474,1,0.026250000000000037,0.028000000000000025
vehicle_007_session_00743,vehicle_007,743,train,123.02586673062868,50.4,339.7,340.5,343.8,348.0,-69.0,38.80327868852459,1,0.03675409836065573,0.039000000000000146
vehicle_007_session_00744,vehicle_007,744,train,125.46097653256707,57.2,343.2,345.2,348.9,353.2,-69.85410360655737,35.77049180327869,1,0.03696721311475408,0.041999999999999815
vehicle_007_session_00745,vehicle_007,745,train,123.330535472973,29.2,330.5,330.8,331.9,333.6,-70.65902639344262,37.377049180327866,1,0.02686885245901642,0.028000000000000025
vehicle_007_session_00746,vehicle_007,746,train,123.52028105974125,59.2,347.2,348.0,351.3,355.2,-70.67050180327868,40.75409836065574,1,0.03601639344262294,0.03799999999999981
vehicle_007_session_00747,vehicle_007,747,train,126.25970818014706,62.0,349.3,350.0,353.2,357.1,-69.96557606557377,42.0,0,0.03645901639344266,0.038000000000000256
vehicle_007_session_00748,vehicle_007,748,train,126.40066453853045,51.6,339.9,340.8,344.9,349.1,-70.10492672131147,32.557377049180324,1,0.038967213114754075,0.042999999999999705
vehicle_007_session_00749,vehicle_007,749,train,124.54307229166666,76.8,362.7,363.6,367.1,371.4,-70.08689229508195,34.0,0,0.03885245901639336,0.040000000000000036
vehicle_007_session_00750,vehicle_007,750,train,123.8934817216981,59.2,344.9,347.2,350.8,354.9,-70.07705639344262,29.918032786885245,1,0.03557377049180327,0.039000000000000146
vehicle_007_session_00751,vehicle_007,751,train,124.11432264957261,58.4,346.8,347.5,350.7,354.6,-70.00000327868852,32.0,0,0.036032786885245915,0.03799999999999981
vehicle_007_session_00752,vehicle_007,752,train,123.64015576784688,20.0,326.1,327.2,328.6,329.9,-59.965790657894736,33.0,0,0.02344736842105267,0.026000000000000245
vehicle_007_session_00753,vehicle_007,753,train,127.04972106481482,60.8,347.8,348.8,352.1,356.1,-69.82951868852459,34.0,0,0.03655737704918032,0.03799999999999981
vehicle_007_session_00754,vehicle_007,754,train,127.14361289186509,69.6,353.6,355.1,358.25,361.8,-59.99342618421053,32.973684210526315,1,0.0333552631578947,0.03500000000000014
vehicle_007_session_00755,vehicle_007,755,train,122.58450381944446,35.2,330.5,331.6,333.6,336.0,-71.03279081967213,34.14754098360656,1,0.028327868852459033,0.03100000000000014
vehicle_007_session_00756,vehicle_007,756,train,124.60143695023152,59.2,347.7,348.5,351.6,355.7,-71.14099360655739,36.377049180327866,1,0.03686885245901642,0.038000000000000256
vehicle_007_session_00757,vehicle_007,757,train,121.2139664797009,39.2,333.2,333.5,334.6,336.3,-50.14427229508197,39.0,0,0.022573770491803275,0.02499999999999991
vehicle_007_session_00758,vehicle_007,758,train,122.67296781517096,60.0,347.4,348.0,350.2,352.8,-50.18525590163935,40.032786885245905,1,0.030065573770491776,0.031999999999999584
vehicle_007_session_00759,vehicle_007,759,train,122.79801933043117,39.6,333.5,333.8,335.8,338.6,-69.30001606557379,36.34426229508197,1,0.030262295081967164,0.03399999999999981
vehicle_007_session_00760,vehicle_007,760,train,122.7612768101093,35.2,330.7,331.7,333.6,336.1,-70.02623262295081,30.983606557377048,2,0.028229508196721334,0.03100000000000014
vehicle_007_session_00761,vehicle_007,761,train,123.54232979559751,71.6,358.3,359.1,362.4,366.6,-70.00492213114754,34.049180327868854,1,0.0381475409836066,0.040000000000000036
vehicle_007_session_00762,vehicle_007,762,train,123.38567150821598,61.6,349.6,350.3,353.6,357.4,-69.8623,34.91803278688525,1,0.03731147540983609,0.039000000000000146
vehicle_007_session_00763,vehicle_007,763,train,127.26037956154687,17.2,324.9,326.1,328.5,329.9,-70.22952327868853,32.90163934426229,1,0.028590163934426233,0.03200000000000003
vehicle_007_session_00764,vehicle_007,764,train,122.45097833994711,38.0,333.5,333.8,335.3,338.0,-70.31640852459017,35.26229508196721,1,0.029672131147540935,0.03200000000000003
vehicle_007_session_00765,vehicle_007,765,train,123.68751203703708,18.8,327.4,328.0,329.4,330.7,-69.91639098360655,33.68852459016394,1,0.027557377049180345,0.03200000000000003
vehicle_007_session_00766,vehicle_007,766,train,120.08554006011616,42.8,335.8,336.4,338.6,342.2,-69.78690196721311,36.67213114754098,1,0.03288524590163934,0.038000000000000256
vehicle_007_session_00767,vehicle_007,767,train,123.64474531525576,69.6,356.6,357.4,360.5,364.6,-69.79673639344261,39.0,0,0.037491803278688514,0.03900000000000059
vehicle_007_session_00768,vehicle_007,768,train,123.68872474128544,77.2,361.1,362.7,366.4,371.0,-70.42950114754098,38.868852459016395,1,0.03822950819672127,0.040000000000000036
vehicle_007_session_00769,vehicle_007,769,train,121.5267420343137,26.0,330.2,330.3,331.4,333.0,-70.4081875409836,31.147540983606557,1,0.026590163934426272,0.028999999999999915
vehicle_007_session_00770,vehicle_007,770,train,123.22690007215007,53.2,342.8,343.6,347.1,351.1,-70.4065486885246,34.59016393442623,1,0.038114754098360605,0.040000000000000036
vehicle_007_session_00771,vehicle_007,771,train,125.14230680783243,58.4,346.4,347.2,350.5,354.6,-70.02131360655737,30.721311475409838,1,0.0363934426229508,0.0389999999999997
vehicle_007_session_00772,vehicle_007,772,train,124.17000817849102,57.2,343.8,345.9,349.7,353.6,-70.09606,30.92105263157895,1,0.03813157894736839,0.04300000000000015
vehicle_007_session_00773,vehicle_007,773,train,126.07366156045748,74.0,360.2,361.0,364.4,368.6,-69.94589754098362,30.0,0,0.03863934426229511,0.040000000000000036
vehicle_007_session_00774,vehicle_007,774,train,125.1699161706349,72.8,358.5,359.3,362.5,366.9,-70.20984704918033,32.459016393442624,1,0.03721311475409834,0.03900000000000059
vehicle_007_session_00775,vehicle_007,775,train,122.42822503753756,22.4,328.9,329.2,330.3,331.7,-70.0770557377049,27.57377049180328,1,0.02654098360655739,0.028000000000000025
vehicle_007_session_00776,vehicle_007,776,train,120.13694982394367,52.0,342.5,343.3,346.9,350.8,-70.16394442622949,31.40983606557377,1,0.038737704918032786,0.041999999999999815
vehicle_007_session_00777,vehicle_007,777,train,120.7680727777778,29.6,331.0,331.1,332.5,334.2,-70.14099360655739,31.065573770491802,2,0.02721311475409839,0.02900000000000036
vehicle_007_session_00778,vehicle_007,778,train,122.83855923202616,59.6,348.8,349.6,352.5,356.6,-70.12460016393443,34.40983606557377,1,0.0367049180327869,0.038000000000000256
vehicle_007_session_00779,vehicle_007,779,train,124.43310584021525,39.2,331.9,333.25,335.6,338.6,-70.2329047368421,30.30263157894737,2,0.029078947368421017,0.03200000000000003
vehicle_007_session_00780,vehicle_007,780,train,121.4811945291328,37.6,333.5,333.8,335.3,338.0,-69.98852344262293,30.901639344262296,2,0.028245901639344238,0.030999999999999694
vehicle_007_session_00781,vehicle_007,781,train,124.50170673798799,19.6,328.3,328.6,329.9,331.1,-69.8065681967213,29.770491803278688,1,0.025409836065573774,0.027000000000000135
vehicle_007_session_00782,vehicle_007,782,train,124.11833531873225,62.4,350.8,351.6,354.7,358.5,-69.85246327868852,34.50819672131148,1,0.03349180327868858,0.03600000000000003
vehicle_007_session_00783,vehicle_007,783,train,124.36868686868685,24.0,328.6,328.9,329.6,330.5,-50.0,30.918032786885245,1,0.018704918032786892,0.020000000000000018
vehicle_007_session_00784,vehicle_007,784,train,119.39571150097467,46.0,336.6,336.9,338.6,341.4,-50.0,33.49180327868852,1,0.025049180327868837,0.02900000000000036
vehicle_007_session_00785,vehicle_007,785,train,123.92042078189299,64.8,350.7,351.3,353.5,356.3,-50.16230508196722,34.0,0,0.02773770491803281,0.02900000000000036
vehicle_007_session_00786,vehicle_007,786,train,124.14930790441183,25.6,330.3,330.5,331.4,333.0,-69.87704803278689,31.147540983606557,1,0.025377049180327897,0.02699999999999969
vehicle_007_session_00787,vehicle_007,787,train,123.89957500000004,53.2,342.8,343.6,347.1,351.0,-69.8704913114754,34.78688524590164,1,0.03493442622950818,0.037000000000000366
vehicle_007_session_00788,vehicle_007,788,train,122.98226851851854,50.4,340.0,340.8,344.4,348.6,-70.60164770491804,32.32786885245902,1,0.03550819672131147,0.03799999999999981
vehicle_007_session_00789,vehicle_007,789,train,124.13891300505051,75.6,361.9,362.7,366.1,370.5,-70.64427229508196,34.0,0,0.03581967213114764,0.03699999999999992
vehicle_007_session_00790,vehicle_007,790,train,126.26456406250006,65.2,352.4,353.0,356.3,360.2,-69.95245426229509,33.0,0,0.035081967213114754,0.03699999999999992
vehicle_007_session_00791,vehicle_007,791,train,121.47244401041665,38.4,333.8,334.1,335.8,338.6,-69.98852672131147,32.31147540983606,1,0.02834426229508196,0.03100000000000014
vehicle_007_session_00792,vehicle_007,792,train,124.35938159722222,64.4,352.1,352.7,355.8,359.9,-69.96393606557378,35.0,0,0.033852459016393464,0.03500000000000014
vehicle_007_session_00793,vehicle_007,793,train,124.15605949074074,37.2,330.8,331.65,333.3,335.5,-60.013158815789474,33.0,0,0.024092105263157925,0.026000000000000245
vehicle_007_session_00794,vehicle_007,794,train,126.56442711925293,53.6,342.2,343.9,347.7,351.8,-70.1164,35.557377049180324,1,0.03626229508196719,0.040000000000000036
vehicle_007_session_00795,vehicle_007,795,train,123.80472243266,47.2,338.8,339.4,342.4,346.9,-70.0508263934426,29.918032786885245,2,0.03362295081967212,0.03799999999999981
vehicle_007_session_00796,vehicle_007,796,train,123.54584388888891,73.6,361.1,361.8,365.0,369.6,-70.00328262295082,32.442622950819676,1,0.034950819672131116,0.03700000000000081
vehicle_007_session_00797,vehicle_007,797,train,124.67042724358978,63.6,349.4,351.1,354.6,358.8,-69.65246836065575,30.950819672131146,1,0.034163934426229524,0.03699999999999992
vehicle_007_session_00798,vehicle_007,798,train,122.52812830687832,38.8,331.9,333.0,335.3,338.3,-70.74427786885246,30.311475409836067,1,0.028803278688524562,0.03200000000000003
vehicle_007_session_00799,vehicle_007,799,train,122.8247511744281,64.0,352.1,352.8,356.1,360.2,-70.89999262295082,33.0,0,0.034721311475409834,0.03600000000000003
vehicle_007_session_00800,vehicle_007,800,train,126.1353178323413,48.4,334.7,335.8,338.5,341.9,-50.11968213114754,33.78688524590164,1,0.027377049180327847,0.03299999999999992
vehicle_007_session_00801,vehicle_007,801,train,123.3986326388889,70.8,356.3,356.9,359.1,362.1,-50.10656737704919,35.0,0,0.02867213114754094,0.03000000000000025
vehicle_007_session_00802,vehicle_007,802,train,120.96428401104419,28.0,330.5,330.8,331.9,333.5,-69.84754606557377,34.19672131147541,1,0.02572131147540987,0.027000000000000135
vehicle_007_session_00803,vehicle_007,803,train,122.36215728648426,61.2,349.7,350.5,353.5,357.4,-69.83115819672132,37.98360655737705,0,0.03436065573770498,0.03500000000000014
vehicle_007_session_00804,vehicle_007,804,train,123.51581052559908,75.6,361.0,361.8,365.0,369.4,-69.78853049180327,34.21311475409836,1,0.03652459016393443,0.038000000000000256
vehicle_007_session_00805,vehicle_007,805,train,121.70950509559887,22.0,329.6,329.9,330.8,332.1,-69.9098355737705,28.39344262295082,1,0.025163934426229533,0.027000000000000135
vehicle_007_session_00806,vehicle_007,806,train,120.15653876366127,53.2,343.0,343.9,347.4,351.3,-69.90327934426229,32.73770491803279,1,0.03483606557377051,0.03600000000000003
vehicle_007_session_00807,vehicle_007,807,train,121.49439870459396,71.6,356.4,358.3,362.1,366.4,-70.00983770491804,27.19672131147541,1,0.035147540983606555,0.038000000000000256
vehicle_007_session_00808,vehicle_007,808,train,122.70900122549018,71.6,356.9,357.5,359.7,362.7,-49.95081475409836,33.0,0,0.02877049180327863,0.03000000000000025
vehicle_007_session_00809,vehicle_007,809,train,116.48582311320756,37.6,332.5,332.8,333.9,335.3,-44.899989999999995,30.131147540983605,1,0.019311475409836115,0.02100000000000035
vehicle_007_session_00810,vehicle_007,810,train,120.51731532485879,22.8,327.2,328.2,329.4,330.7,-61.06885770491804,32.967213114754095,1,0.022967213114754116,0.02400000000000002
vehicle_007_session_00811,vehicle_007,811,train,118.42538668430338,46.4,336.6,337.1,339.3,342.7,-59.23443311475411,35.32786885245902,1,0.02986885245901637,0.03500000000000014
vehicle_007_session_00812,vehicle_007,812,train,120.79963707729469,59.6,347.7,348.5,351.8,355.7,-70.19509311475409,34.16393442622951,1,0.0363606557377049,0.038000000000000256
vehicle_007_session_00813,vehicle_007,813,train,121.96259012230514,51.2,340.0,340.8,344.6,348.8,-70.02787163934427,35.704918032786885,1,0.03698360655737705,0.039000000000000146
vehicle_007_session_00814,vehicle_007,814,train,119.52034297839504,52.8,340.2,340.8,343.6,346.8,-49.700010000000006,36.0,0,0.03172131147540987,0.03400000000000025
vehicle_007_session_00815,vehicle_007,815,train,120.82783568615254,22.8,329.6,329.9,330.8,332.1,-69.99016295081967,33.16393442622951,1,0.025409836065573826,0.027000000000000135
vehicle_007_session_00816,vehicle_007,816,train,121.13795896464651,55.2,343.6,344.6,348.2,352.2,-70.61312459016393,33.0,0,0.03795081967213113,0.04200000000000026
vehicle_007_session_00817,vehicle_007,817,train,120.27730836187214,46.0,335.2,336.3,339.4,344.1,-69.82296327868853,32.59016393442623,1,0.03399999999999999,0.040000000000000036
vehicle_007_session_00818,vehicle_007,818,train,120.11234247344771,33.2,331.4,331.7,333.3,335.3,-70.0541018032787,30.59016393442623,1,0.027327868852459043,0.029999999999999805
vehicle_007_session_00819,vehicle_007,819,train,122.44598945473255,53.2,339.4,341.4,346.0,350.2,-70.00491852459017,31.098360655737704,1,0.037836065573770485,0.04100000000000037
vehicle_007_session_00820,vehicle_007,820,train,123.78216313014406,75.2,360.5,361.3,364.7,369.1,-70.02131360655738,32.47540983606557,1,0.03662295081967223,0.038000000000000256
vehicle_007_session_00821,vehicle_007,821,train,120.89619875478928,65.2,351.0,353.2,356.8,360.8,-70.43442688524591,26.80327868852459,1,0.035245901639344226,0.03699999999999992
vehicle_007_session_00822,vehicle_007,822,train,118.10724508101846,34.8,333.0,333.3,334.7,337.1,-70.69837065573769,27.081967213114755,2,0.027885245901639346,0.03100000000000014
vehicle_007_session_00823,vehicle_007,823,train,122.8972696078432,68.4,355.8,356.6,359.7,363.8,-70.85410213114754,31.0,0,0.03583606557377048,0.038000000000000256
vehicle_007_session_00824,vehicle_007,824,train,120.17966258818342,40.0,332.1,333.5,335.8,339.3,-69.88851803278689,32.22950819672131,2,0.029983606557377043,0.03400000000000025
vehicle_007_session_00825,vehicle_007,825,train,122.12942178961747,65.6,352.8,353.6,356.8,360.8,-69.89998999999999,34.47540983606557,1,0.03588524590163932,0.03799999999999981
vehicle_007_session_00826,vehicle_007,826,train,121.87178850494122,46.4,335.2,336.6,340.0,344.9,-70.21804459016394,29.81967213114754,1,0.035704918032786866,0.041999999999999815
vehicle_007_session_00827,vehicle_007,827,train,118.94017393162389,46.4,337.2,337.8,340.7,345.2,-70.02623213114754,33.622950819672134,1,0.035393442622950806,0.040000000000000036
vehicle_007_session_00828,vehicle_007,828,train,122.28663664874546,65.6,353.0,353.8,356.9,361.0,-70.06558000000001,31.639344262295083,1,0.0364262295081967,0.038000000000000256
vehicle_007_session_00829,vehicle_007,829,train,119.71164389124296,42.4,333.6,334.9,337.8,341.8,-70.20164983606557,26.098360655737704,2,0.03116393442622951,0.03699999999999992
vehicle_007_session_00830,vehicle_007,830,train,121.88131970749156,66.0,353.9,354.7,357.8,361.8,-70.05902147540985,28.688524590163933,1,0.03521311475409833,0.03699999999999992
vehicle_007_session_00831,vehicle_007,831,train,122.74176138117281,74.8,360.5,361.3,364.7,369.1,-69.92294704918032,27.459016393442624,1,0.03565573770491804,0.038000000000000256
vehicle_007_session_00832,vehicle_007,832,train,122.17722086419755,43.6,333.8,335.1,338.1,342.2,-69.94605447368421,32.55263157894737,1,0.03257894736842102,0.039000000000000146
vehicle_007_session_00833,vehicle_007,833,train,120.11617828525642,52.0,339.9,340.5,343.3,346.6,-49.97048885245901,29.983606557377048,1,0.03216393442622953,0.03500000000000014
vehicle_007_session_00834,vehicle_007,834,train,121.4401964655887,46.4,334.7,336.3,339.6,344.4,-71.02131360655738,32.16393442622951,1,0.035606557377049174,0.04100000000000037
vehicle_007_session_00835,vehicle_007,835,train,119.44762085137086,42.8,335.2,335.7,338.2,342.1,-71.18197836065573,33.278688524590166,1,0.032491803278688475,0.037000000000000366
vehicle_007_session_00836,vehicle_007,836,train,123.23935877634099,74.0,359.7,360.5,363.9,368.3,-71.25247426229508,35.78688524590164,1,0.03719672131147544,0.03900000000000059
vehicle_007_session_00837,vehicle_007,837,train,122.18492811213997,52.0,338.8,340.8,345.3,349.7,-69.82296000000001,33.57377049180328,1,0.038721311475409796,0.04200000000000026
vehicle_007_session_00838,vehicle_007,838,train,119.09939249131945,43.6,335.0,335.7,338.2,342.2,-70.05410360655738,33.50819672131148,1,0.032704918032786856,0.037000000000000366
vehicle_007_session_00839,vehicle_007,839,train,123.94721923611112,75.6,361.0,361.8,365.2,369.4,-69.9688493442623,36.0,0,0.03706557377049174,0.03900000000000059
vehicle_007_session_00840,vehicle_007,840,train,122.9933417009602,58.0,346.4,347.4,350.7,354.6,-70.75247426229508,33.0,0,0.037196721311475396,0.040000000000000036
vehicle_007_session_00841,vehicle_007,841,train,121.39343166264086,62.8,350.7,351.4,354.7,358.8,-70.1311568852459,32.967213114754095,1,0.035704918032786886,0.037000000000000366
vehicle_007_session_00842,vehicle_007,842,train,119.84166005036631,39.6,333.9,334.4,336.3,339.4,-69.92295278688525,31.75409836065574,1,0.030459016393442583,0.03400000000000025
vehicle_007_session_00843,vehicle_007,843,train,121.37329538323047,22.0,327.7,328.70000000000005,330.1,331.4,-69.99868486842104,30.81578947368421,1,0.026184210526315834,0.028000000000000025
vehicle_007_session_00844,vehicle_007,844,train,121.00450619060675,36.8,331.4,332.6,334.7,337.4,-69.93421078947368,30.986842105263158,2,0.029289473684210497,0.03299999999999992
vehicle_007_session_00845,vehicle_007,845,train,119.69373691239318,44.8,336.4,337.1,339.7,343.9,-70.04754459016394,30.885245901639344,2,0.035065573770491805,0.040000000000000036
vehicle_007_session_00846,vehicle_007,846,train,124.74253747379458,76.4,362.1,362.8,366.3,370.7,-69.99344426229507,33.40983606557377,1,0.03824590163934429,0.040000000000000036
vehicle_007_session_00847,vehicle_007,847,train,120.17617202818629,41.6,334.1,334.9,337.1,340.7,-70.04754524590163,27.75409836065574,1,0.03219672131147539,0.03699999999999992
vehicle_007_session_00848,vehicle_007,848,train,120.94885904113251,68.8,356.1,356.9,360.0,364.3,-70.04262721311476,30.262295081967213,1,0.03765573770491805,0.040000000000000036
vehicle_007_session_00849,vehicle_007,849,train,107.56074274952924,4.8,320.0,321.9,324.6,327.1,-70.0951672580645,30.967741935483872,1,0.028483870967741878,0.030999999999999694
vehicle_007_session_00850,vehicle_007,850,train,121.5793412773569,28.4,330.5,330.7,331.6,333.2,-70.04754508196723,32.21311475409836,1,0.026,0.028000000000000025
vehicle_007_session_00851,vehicle_007,851,train,125.12663980800657,55.2,342.1,343.0,346.4,350.3,-69.98524770491804,35.622950819672134,1,0.03734426229508196,0.040000000000000036
vehicle_007_session_00852,vehicle_007,852,train,121.44069317129635,30.4,329.6,330.75,332.4,334.2,-69.84933813333333,30.053333333333335,2,0.02554666666666669,0.028000000000000025
vehicle_007_session_00853,vehicle_007,853,train,120.48116207837299,13.2,323.8,324.9,327.4,328.9,-61.578694098360664,29.868852459016395,1,0.02531147540983601,0.028000000000000025
vehicle_007_session_00854,vehicle_007,854,train,119.41097364831349,35.6,332.7,332.8,334.2,336.1,-60.152462950819675,31.78688524590164,1,0.02383606557377051,0.0259999999999998
vehicle_007_session_00855,vehicle_007,855,train,122.13604885912699,58.4,346.6,347.2,349.9,353.0,-57.53115540983607,34.0,0,0.029868852459016357,0.03200000000000003
vehicle_007_session_00856,vehicle_007,856,train,122.7140327525252,52.4,336.0,340.5,345.2,349.6,-69.04099373770492,32.0655737704918,1,0.03624590163934428,0.039000000000000146
vehicle_007_session_00857,vehicle_007,857,train,122.19448535997734,56.8,342.5,344.79999999999995,348.9,352.8,-70.02666986666667,28.8,1,0.03626666666666664,0.040000000000000036
vehicle_007_session_00858,vehicle_007,858,train,120.94553766025645,74.0,359.1,359.7,362.1,365.3,-50.660665737704925,27.114754098360656,1,0.02796721311475409,0.029000000000000803
vehicle_007_session_00859,vehicle_007,859,train,117.84197287735853,48.4,337.7,338.2,340.3,343.6,-49.92622213114754,28.737704918032787,1,0.029098360655737697,0.03300000000000036
vehicle_007_session_00860,vehicle_007,860,train,121.12649316939896,43.2,333.8,335.0,337.8,341.9,-69.00820098360656,24.34426229508197,1,0.031278688524590134,0.03699999999999992
vehicle_007_session_00861,vehicle_007,861,train,121.79740109272872,67.6,355.3,356.0,359.3,363.2,-69.17378049180329,26.59016393442623,1,0.034836065573770496,0.036000000000000476
vehicle_007_session_00862,vehicle_007,862,train,122.37542095588235,55.6,342.2,344.4,348.6,352.8,-70.09181163934427,26.9672131147541,1,0.035901639344262326,0.040999999999999925
vehicle_007_session_00863,vehicle_007,863,train,118.60293464052288,30.8,332.1,332.2,333.5,335.5,-69.96393081967211,23.59016393442623,1,0.02642622950819673,0.028000000000000025
vehicle_007_session_00864,vehicle_007,864,train,120.66534773836338,58.4,347.8,348.8,351.9,355.7,-69.97048885245901,27.0,0,0.0341639344262295,0.03600000000000003
vehicle_007_session_00865,vehicle_007,865,train,121.70543009259261,66.0,353.5,354.3,357.4,361.6,-70.37376836065573,26.81967213114754,1,0.033672131147540994,0.03500000000000014
vehicle_007_session_00866,vehicle_007,866,train,118.37844814814818,38.4,332.2,332.4,333.6,335.2,-45.100010000000005,24.0,0,0.019819672131147565,0.02200000000000024
vehicle_007_session_00867,vehicle_007,867,train,117.18750000000001,38.0,332.5,332.8,333.8,335.3,-45.0,24.459016393442624,1,0.019704918032786907,0.02200000000000024
vehicle_007_session_00868,vehicle_007,868,train,122.40903755787036,73.6,357.7,359.7,363.5375,368.0,-69.9880032,26.866666666666667,1,0.03575999999999999,0.03900000000000059
vehicle_007_session_00869,vehicle_007,869,train,117.69148501984127,34.4,333.2,333.6,335.0,337.4,-70.19345262295082,24.934426229508198,2,0.028262295081967186,0.03100000000000014
vehicle_007_session_00870,vehicle_007,870,train,121.68324508547009,62.8,351.8,352.5,355.5,359.6,-70.19673131147539,28.0,0,0.034983606557377075,0.03699999999999948
vehicle_007_session_00871,vehicle_007,871,train,120.83523327020208,55.6,343.0,345.3,349.4,353.5,-69.82951934426231,23.688524590163933,1,0.03688524590163934,0.040999999999999925
vehicle_007_session_00872,vehicle_007,872,train,120.94967019675921,52.4,339.6,341.9,346.8,351.1,-70.12296114754098,20.147540983606557,2,0.038131147540983595,0.04200000000000026
vehicle_007_session_00873,vehicle_007,873,train,122.20727110566447,58.0,345.2,346.1,348.5,351.3,-45.100010000000005,20.18032786885246,1,0.02777049180327868,0.03100000000000014
vehicle_007_session_00874,vehicle_007,874,train,116.84564556623931,50.4,339.7,340.2,342.4,345.3,-45.100010000000005,24.0,0,0.02952459016393445,0.03300000000000036
vehicle_007_session_00875,vehicle_007,875,train,116.6190284586057,35.6,331.6,331.7,332.7,334.1,-45.07541737704919,23.442622950819672,1,0.018721311475409827,0.020999999999999908
vehicle_007_session_00876,vehicle_007,876,train,119.46568885030867,56.0,344.1,344.7,346.9,349.6,-45.08525442622951,26.0,0,0.027737704918032784,0.03100000000000014
vehicle_007_session_00877,vehicle_007,877,train,119.89486780092592,24.4,328.2,329.6,331.0,332.5,-69.96666986666668,24.453333333333333,1,0.025840000000000043,0.027000000000000135
vehicle_007_session_00878,vehicle_007,878,train,121.81163277116403,62.4,350.5,351.3,354.4,358.6,-70.07705688524591,27.0,0,0.03540983606557379,0.03699999999999992
vehicle_007_session_00879,vehicle_007,879,train,121.17732407407406,56.4,344.7,345.8,349.6,353.6,-70.11640032786885,24.868852459016395,1,0.037803278688524594,0.04200000000000026
vehicle_007_session_00880,vehicle_007,880,train,119.94996568627451,57.2,347.2,348.0,351.1,354.9,-69.90164163934426,29.0,0,0.03395081967213113,0.03600000000000003
vehicle_007_session_00881,vehicle_007,881,train,119.35524081196584,49.6,335.3,338.6,343.0,347.7,-68.73606540983606,27.672131147540984,1,0.036836065573770525,0.04100000000000037
vehicle_007_session_00882,vehicle_007,882,train,118.77097602201258,29.6,329.1,330.2,331.6,333.2,-60.959021967213125,23.18032786885246,1,0.023934426229508227,0.026000000000000245
vehicle_007_session_00883,vehicle_007,883,train,123.4296493710692,58.4,347.2,348.0,350.5,353.8,-57.64754672131148,26.0,0,0.03188524590163933,0.03399999999999981
vehicle_007_session_00884,vehicle_007,884,train,121.05389460784313,61.6,348.6,349.1,351.1,353.6,-44.899989999999995,27.0,0,0.02636065573770493,0.028000000000000025
vehicle_007_session_00885,vehicle_007,885,train,119.04490239726032,27.6,330.7,331.0,332.1,333.8,-69.95737852459017,26.262295081967213,1,0.025508196721311497,0.027000000000000135
vehicle_007_session_00886,vehicle_007,886,train,121.26992294730394,57.2,346.6,347.4,350.7,354.6,-69.85738131147541,30.0,0,0.03449180327868853,0.03699999999999992
vehicle_007_session_00887,vehicle_007,887,train,122.7761450617284,67.6,354.4,355.2,358.3,362.5,-69.68853459016393,26.688524590163933,1,0.03500000000000001,0.036000000000000476
vehicle_007_session_00888,vehicle_007,888,train,119.09723973429955,22.8,329.7,329.9,330.8,332.2,-69.20328901639344,28.42622950819672,1,0.025311475409836075,0.026000000000000245
vehicle_007_session_00889,vehicle_007,889,train,119.12853892801253,50.4,340.8,341.6,345.0,349.1,-69.20001016393442,32.114754098360656,2,0.03578688524590162,0.038000000000000256
vehicle_007_session_00890,vehicle_007,890,train,117.62577096436058,31.2,330.2,330.3,331.1,332.2,-44.899989999999995,29.0,0,0.0181311475409836,0.020000000000000018
vehicle_007_session_00891,vehicle_007,891,train,118.16542436868689,7.6,322.2,322.7,324.6,326.3,-50.59345180327869,29.0,0,0.022950819672131095,0.02499999999999991
vehicle_007_session_00892,vehicle_007,892,train,120.9134807692308,29.6,330.5,330.7,331.4,332.5,-50.57869639344262,29.65573770491803,1,0.01988524590163936,0.02100000000000035
vehicle_007_session_00893,vehicle_007,893,train,118.73543673611111,50.8,339.7,340.2,342.7,345.8,-50.58033590163935,32.0,0,0.030934426229508233,0.03300000000000036
vehicle_007_session_00894,vehicle_007,894,train,123.99673477095519,70.8,356.4,357.1,359.3,362.2,-50.590172950819685,33.0,0,0.029393442622950815,0.03100000000000014
vehicle_007_session_00895,vehicle_007,895,train,119.45097942872117,41.2,332.1,333.2,335.2,337.7,-50.95573327868852,19.672131147540984,1,0.023901639344262253,0.02699999999999969
vehicle_007_session_00896,vehicle_007,896,train,119.91254038065841,62.4,350.3,351.0,353.2,356.1,-50.94753573770491,21.016393442622952,1,0.029180327868852492,0.03100000000000014
vehicle_007_session_00897,vehicle_007,897,train,117.57041686228479,46.0,339.3,339.9,343.2,347.5,-69.84426901639344,24.918032786885245,2,0.03626229508196722,0.039000000000000146
vehicle_007_session_00898,vehicle_007,898,train,116.77648598090278,40.8,335.7,336.1,338.3,341.9,-70.06557983606557,23.40983606557377,1,0.033032786885245864,0.03699999999999992
vehicle_007_session_00899,vehicle_007,899,train,118.89634639550266,24.4,330.8,331.1,332.1,333.5,-70.16558377049179,19.688524590163933,1,0.026065573770491846,0.028000000000000025
vehicle_007_session_00900,vehicle_007,900,train,120.65180396825397,58.0,348.0,348.9,352.1,356.0,-70.17706016393446,24.557377049180328,1,0.035278688524590165,0.03699999999999992
vehicle_007_session_00901,vehicle_007,901,train,120.06214715711806,36.4,331.0,332.15,334.1,336.3,-60.055266578947354,19.11842105263158,2,0.02555263157894739,0.028999999999999915
vehicle_007_session_00902,vehicle_007,902,train,121.20851564998,42.0,333.8,335.25,338.2,342.1,-70.11053236842106,20.80263157894737,2,0.03255263157894734,0.040000000000000036
vehicle_007_session_00903,vehicle_007,903,train,121.05342585470088,40.4,332.7,334.6,337.2,341.0,-69.94342223684211,18.19736842105263,2,0.030592105263157875,0.03600000000000003
vehicle_007_session_00904,vehicle_007,904,train,121.11364848484847,56.0,345.3,346.1,348.8,352.1,-57.672137704918036,21.0,0,0.033508196721311445,0.037000000000000366
vehicle_007_session_00905,vehicle_007,905,train,120.43982678952989,49.2,339.7,340.5,344.1,348.6,-70.0901713114754,23.983606557377048,2,0.0379016393442623,0.040999999999999925
vehicle_007_session_00906,vehicle_007,906,train,119.07886281446545,17.6,325.7,326.7,328.2,329.2,-49.986883934426224,19.278688524590162,1,0.01888524590163933,0.020999999999999908
vehicle_007_session_00907,vehicle_007,907,train,116.33430208333328,38.8,333.6,333.9,335.2,337.1,-49.899989999999995,22.18032786885246,1,0.021999999999999995,0.02499999999999991
vehicle_007_session_00908,vehicle_007,908,train,121.26072471187946,41.2,332.4,334.15,336.5,339.6,-60.214483947368414,17.105263157894736,2,0.027144736842105267,0.03200000000000003
vehicle_007_session_00909,vehicle_007,909,train,121.16344030631657,60.8,348.8,349.7,353.0,357.1,-70.52131360655737,24.39344262295082,1,0.03526229508196721,0.03799999999999981
vehicle_007_session_00910,vehicle_007,910,train,120.4010808172303,57.6,346.6,347.7,351.0,354.9,-69.20000999999999,24.0,0,0.03544262295081963,0.038000000000000256
vehicle_007_session_00911,vehicle_007,911,train,119.9518990384615,52.4,340.3,341.1,343.8,347.1,-49.899989999999995,27.0,0,0.0332786885245902,0.03600000000000003
vehicle_007_session_00912,vehicle_007,912,train,121.42117923513301,44.8,335.8,336.6,339.6,344.3,-70.1590249180328,24.80327868852459,2,0.03522950819672129,0.040999999999999925
vehicle_007_session_00913,vehicle_007,913,train,120.52817175273866,50.4,340.2,341.0,344.9,349.4,-70.02295311475409,24.42622950819672,1,0.038786885245901605,0.04100000000000037
vehicle_007_session_00914,vehicle_007,914,train,118.19985596264371,33.2,329.9,330.3,331.6,333.0,-50.13935426229509,25.770491803278688,1,0.020295081967213167,0.02200000000000024
vehicle_007_session_00915,vehicle_007,915,train,123.51183138888891,76.0,360.3,361.0,363.3,366.4,-50.100010000000005,29.18032786885246,1,0.03044262295081971,0.03200000000000003
vehicle_007_session_00916,vehicle_007,916,train,121.08549516165755,56.0,343.2,345.3,349.4,353.6,-70.02623213114754,25.57377049180328,1,0.038229508196721294,0.04300000000000015
vehicle_007_session_00917,vehicle_007,917,train,120.14111078042329,38.4,331.7,333.0,335.2,338.2,-70.32132114754098,27.37704918032787,1,0.029409836065573756,0.03299999999999992
vehicle_007_session_00918,vehicle_007,918,train,120.12180107689214,63.6,351.4,352.2,355.3,359.4,-70.30329049180328,30.0,0,0.03632786885245906,0.038000000000000256
vehicle_007_session_00919,vehicle_007,919,train,120.50770486111111,42.4,334.4,335.0,337.7,341.4,-70.5393481967213,29.540983606557376,1,0.031868852459016384,0.03799999999999981
vehicle_007_session_00920,vehicle_007,920,train,122.5798703125,72.4,358.6,359.6,362.8,367.1,-70.5836149180328,32.18032786885246,1,0.036967213114754156,0.03900000000000059
vehicle_007_session_00921,vehicle_007,921,train,119.16956968557099,26.8,328.6,329.7,331.3,333.0,-70.26721819672132,28.60655737704918,1,0.026606557377049176,0.028999999999999915
vehicle_007_session_00922,vehicle_007,922,train,120.71059286971827,56.0,344.9,345.8,349.1,353.0,-70.13934934426231,32.14754098360656,1,0.03775409836065574,0.04100000000000037
vehicle_007_session_00923,vehicle_007,923,train,121.85788337138507,55.2,343.9,344.9,348.3,352.4,-69.98361016393443,32.81967213114754,1,0.037770491803278676,0.040999999999999925
vehicle_007_session_00924,vehicle_007,924,train,121.84185384615382,52.8,341.4,342.1,344.9,347.5,-44.89671229508196,18.721311475409838,1,0.03252459016393446,0.03600000000000003
vehicle_007_session_00925,vehicle_007,925,train,118.49417681112826,23.6,327.5,328.8,329.7,331.1,-48.9750030263158,17.986842105263158,6,0.01997368421052632,0.02400000000000002
vehicle_007_session_00926,vehicle_007,926,train,114.6366799355159,45.6,336.8,337.2,339.1,342.2,-49.700010000000006,20.131147540983605,1,0.029508196721311466,0.03500000000000014
vehicle_007_session_00927,vehicle_007,927,train,120.62369304220088,68.0,354.9,355.3,357.7,360.5,-49.70328901639345,22.0,0,0.029704918032786874,0.03100000000000014
vehicle_007_session_00928,vehicle_007,928,train,117.97835974049708,28.4,331.3,331.6,332.7,334.6,-70.18361737704917,26.19672131147541,1,0.028163934426229536,0.03000000000000025
vehicle_007_session_00929,vehicle_007,929,train,120.53258450704226,58.8,348.3,349.1,352.4,356.3,-70.16230459016393,29.311475409836067,1,0.037950819672131174,0.039000000000000146
vehicle_007_session_00930,vehicle_007,930,train,119.66773823302466,35.6,332.4,332.8,334.7,337.4,-70.09180885245901,22.311475409836067,1,0.02991803278688525,0.03299999999999992
vehicle_007_session_00931,vehicle_007,931,train,118.104586499183,28.8,329.2,330.5,331.9,333.6,-60.83279262295082,19.081967213114755,2,0.02409836065573776,0.026000000000000245
vehicle_007_session_00932,vehicle_007,932,train,119.8196817876344,56.4,345.8,346.4,349.3,352.4,-57.704924262295094,22.21311475409836,1,0.03393442622950821,0.03600000000000003
vehicle_007_session_00933,vehicle_007,933,train,116.07193229166663,36.4,334.2,334.6,336.3,338.9,-70.0573806557377,21.639344262295083,1,0.03004918032786881,0.03299999999999992
vehicle_007_session_00934,vehicle_007,934,train,119.23670515536729,64.4,353.5,354.3,357.4,361.3,-70.04262721311476,24.918032786885245,1,0.03688524590163929,0.0389999999999997
vehicle_007_session_00935,vehicle_007,935,train,118.89882415674604,22.8,329.9,330.0,331.0,332.4,-70.09345163934427,24.770491803278688,1,0.027508196721311495,0.02900000000000036
vehicle_007_session_00936,vehicle_007,936,train,119.03717511261257,50.8,341.3,342.2,345.7,349.7,-70.09017229508197,28.18032786885246,1,0.039278688524590176,0.04100000000000037
vehicle_007_session_00937,vehicle_007,937,train,119.42269921296298,14.0,326.7,327.4,328.9,330.3,-70.1082055737705,24.0,0,0.02744262295081972,0.03000000000000025
vehicle_007_session_00938,vehicle_007,938,train,118.12825407407409,44.0,337.2,337.8,340.2,344.3,-70.10328688524591,27.770491803278688,2,0.03427868852459017,0.040000000000000036
vehicle_007_session_00939,vehicle_007,939,train,122.50773128858029,74.0,360.7,361.4,364.9,369.3,-70.09345016393442,30.18032786885246,1,0.03837704918032791,0.040000000000000036
vehicle_007_session_00940,vehicle_007,940,train,122.78894611855156,70.8,356.0,357.7,361.3,365.7,-69.98361,24.75409836065574,1,0.03770491803278689,0.040000000000000036
vehicle_007_session_00941,vehicle_007,941,train,122.09317734245442,62.8,351.1,352.1,355.2,359.3,-69.8786855737705,27.147540983606557,1,0.03621311475409837,0.038000000000000256
vehicle_007_session_00942,vehicle_007,942,train,118.82050883838382,44.8,336.3,336.9,339.7,344.3,-70.15574540983606,27.18032786885246,1,0.0360327868852459,0.04100000000000037
vehicle_007_session_00943,vehicle_007,943,train,123.13678057795701,64.0,349.9,351.8,355.3,359.4,-70.21804393442622,26.147540983606557,1,0.03662295081967216,0.0389999999999997
vehicle_007_session_00944,vehicle_007,944,train,117.65278352072309,45.6,338.5,339.1,342.2,346.8,-69.51803459016394,19.459016393442624,1,0.03718032786885246,0.040999999999999925
vehicle_007_session_00945,vehicle_007,945,train,121.39423076923075,57.6,345.8,346.4,348.8,351.4,-45.0,21.0,0,0.030967213114754057,0.03500000000000014
vehicle_007_session_00946,vehicle_007,946,train,120.5682138586079,28.8,328.0,329.29999999999995,330.5,331.6,-48.6453428,17.106666666666666,6,0.02090666666666669,0.02300000000000013
vehicle_007_session_00947,vehicle_007,947,train,110.5197669275068,15.6,326.9,328.55,329.6,330.2,-48.7306756,12.093333333333334,7,0.019266666666666675,0.02100000000000035
vehicle_007_session_00948,vehicle_007,948,train,119.89485147691707,34.0,330.3,331.4,333.0,335.3,-59.704920819672125,17.9672131147541,7,0.02467213114754097,0.03100000000000014
vehicle_007_session_00949,vehicle_007,949,train,121.4775501612103,62.8,351.4,352.2,355.3,359.4,-69.46229131147541,26.0,0,0.03778688524590168,0.039000000000000146
vehicle_007_session_00950,vehicle_007,950,train,121.44957232021135,32.4,330.3,331.65,333.5,335.7,-70.10534106666667,20.48,1,0.029600000000000008,0.03399999999999981
vehicle_007_session_00951,vehicle_007,951,train,120.78608146081349,41.2,334.4,334.7,336.4,340.2,-61.66393770491803,20.360655737704917,8,0.030704918032786882,0.038000000000000256
vehicle_007_session_00952,vehicle_007,952,train,118.2253363715278,27.6,328.9,330.2,331.4,333.0,-57.70000639344263,17.868852459016395,7,0.023901639344262326,0.03000000000000025
vehicle_007_session_00953,vehicle_007,953,train,120.23684860220803,56.4,346.8,347.5,350.7,354.7,-69.2983804918033,27.360655737704917,1,0.03896721311475411,0.040999999999999925
vehicle_007_session_00954,vehicle_007,954,train,120.28743672839505,47.6,334.9,336.4,338.9,342.8,-49.4655793442623,21.295081967213115,6,0.03381967213114754,0.04200000000000026
vehicle_007_session_00955,vehicle_007,955,train,117.55644048996916,31.2,332.4,332.5,333.9,336.0,-69.64427229508198,20.24590163934426,2,0.02762295081967211,0.029999999999999805
vehicle_007_session_00956,vehicle_007,956,train,121.1024475308642,60.4,349.9,350.7,353.9,357.8,-69.6360755737705,24.0,0,0.036901639344262355,0.038000000000000256
vehicle_007_session_00957,vehicle_007,957,train,120.46847292843692,26.4,328.9,330.3,332.1,333.8,-69.61312459016393,19.950819672131146,2,0.025983606557377064,0.028000000000000025
vehicle_007_session_00958,vehicle_007,958,train,117.45537400793654,50.4,341.6,342.4,346.0,350.0,-69.62623950819672,23.459016393442624,1,0.03790163934426229,0.040000000000000036
vehicle_007_session_00959,vehicle_007,959,train,122.33185305555554,75.6,362.4,363.3,366.6,369.9,-66.71804196721313,25.327868852459016,1,0.0372459016393443,0.040000000000000036
vehicle_007_session_00960,vehicle_007,960,train,116.43789991830067,37.6,334.7,335.0,337.1,339.9,-69.94917524590164,24.918032786885245,2,0.030114754098360643,0.03300000000000036
vehicle_007_session_00961,vehicle_007,961,train,120.7440521935626,65.2,354.1,354.7,358.0,362.1,-69.98196540983608,28.40983606557377,1,0.03621311475409833,0.038000000000000256
vehicle_007_session_00962,vehicle_007,962,train,120.10372646103895,49.6,340.5,341.3,345.0,349.4,-70.12131967213116,23.0327868852459,2,0.03900000000000002,0.04200000000000026
vehicle_007_session_00963,vehicle_007,963,train,121.85927696397573,60.0,349.4,350.3,353.6,357.5,-70.0852524590164,20.0,0,0.0378032786885246,0.040000000000000036
vehicle_007_session_00964,vehicle_007,964,train,120.75445953282832,49.2,337.1,337.7,340.2,343.8,-49.836074754098384,24.42622950819672,1,0.03391803278688526,0.038000000000000256
vehicle_007_session_00965,vehicle_007,965,train,120.44395963541662,68.0,356.0,356.8,359.9,363.6,-68.65738049180328,18.475409836065573,1,0.038622950819672125,0.04000000000000048
vehicle_007_session_00966,vehicle_007,966,train,121.38811839634774,54.8,341.4,344.13750000000005,348.5125,352.7,-69.9749975,23.81578947368421,1,0.03977631578947366,0.04500000000000037
vehicle_007_session_00967,vehicle_007,967,train,119.27963166666667,47.6,338.0,338.8,342.2,346.9,-69.99836049180328,24.311475409836067,1,0.038721311475409845,0.04200000000000026
vehicle_007_session_00968,vehicle_007,968,train,119.89462542641327,55.2,344.1,344.9,347.7,351.0,-57.860659999999996,25.24590163934426,1,0.03580327868852454,0.039000000000000146
vehicle_007_session_00969,vehicle_007,969,train,119.59018347050757,53.2,343.2,343.9,347.5,351.8,-70.4229431147541,26.524590163934427,1,0.03978688524590162,0.042999999999999705
vehicle_007_session_00970,vehicle_007,970,train,120.09803921568633,66.4,353.2,353.6,355.7,358.2,-45.0,28.131147540983605,1,0.029426229508196764,0.03100000000000014
vehicle_007_session_00971,vehicle_007,971,train,120.10744051362686,61.6,348.6,349.3,351.4,354.1,-47.9918024590164,30.0,0,0.03040983606557377,0.03200000000000003
vehicle_007_session_00972,vehicle_007,972,train,118.31171945450893,41.2,336.0,336.6,338.9,342.7,-70.80001934426228,23.16393442622951,2,0.03424590163934427,0.040000000000000036
vehicle_007_session_00973,vehicle_007,973,train,120.99710821759255,69.2,357.4,358.3,361.4,365.7,-70.88196262295082,26.147540983606557,1,0.03909836065573765,0.041999999999999815
vehicle_007_session_00974,vehicle_007,974,train,120.74054690656567,30.8,330.8,331.0,331.6,332.7,-47.75082721311477,26.40983606557377,1,0.020065573770491837,0.02200000000000024
vehicle_007_session_00975,vehicle_007,975,train,117.33172248931626,26.8,330.5,330.8,331.9,333.6,-69.94917524590164,27.737704918032787,2,0.026491803278688563,0.028000000000000025
vehicle_007_session_00976,vehicle_007,976,train,119.90549476969055,52.8,342.7,343.6,347.1,351.1,-69.92458327868853,31.39344262295082,1,0.039163934426229494,0.041999999999999815
vehicle_007_session_00977,vehicle_007,977,train,119.58861063762626,38.8,332.2,333.8,336.3,339.6,-70.21148721311475,23.508196721311474,1,0.031918032786885216,0.037000000000000366
vehicle_007_session_00978,vehicle_007,978,train,119.63488416883682,65.2,353.9,354.9,357.8,361.9,-70.09508786885246,26.475409836065573,1,0.03921311475409834,0.040999999999999925
vehicle_007_session_00979,vehicle_007,979,train,116.82491106150795,24.0,328.6,330.3,331.9,333.6,-70.15082852459017,18.885245901639344,2,0.026852459016393493,0.029999999999999805
vehicle_007_session_00980,vehicle_007,980,train,118.93004080843818,52.4,344.1,345.0,348.3,352.4,-70.06557852459017,22.950819672131146,2,0.03988524590163932,0.04400000000000004
vehicle_007_session_00981,vehicle_007,981,train,117.24137931034481,57.2,345.3,346.0,348.2,350.7,-45.0,26.81967213114754,1,0.030852459016393392,0.03500000000000014
vehicle_007_session_00982,vehicle_007,982,train,119.59930183357703,52.0,338.8,340.6,344.65,348.6,-60.0486875,27.842105263157894,1,0.04001315789473685,0.04400000000000004
vehicle_007_session_00983,vehicle_007,983,train,116.84463402777779,32.8,332.4,332.7,334.1,336.1,-70.12132147540984,30.639344262295083,1,0.028278688524590173,0.03100000000000014
vehicle_007_session_00984,vehicle_007,984,train,120.0328589057808,65.2,352.7,353.5,356.6,360.5,-70.10492786885244,34.0,0,0.038360655737704946,0.040000000000000036
vehicle_007_session_00985,vehicle_007,985,train,115.3377922123016,33.2,332.4,332.7,334.1,336.3,-70.46393081967213,29.9672131147541,2,0.028770491803278685,0.031999999999999584
vehicle_007_session_00986,vehicle_007,986,train,119.98336546361503,61.6,349.7,350.5,353.8,357.7,-70.44097770491803,33.0,0,0.03816393442622952,0.040000000000000036
vehicle_007_session_00987,vehicle_007,987,train,118.29084027777775,58.4,347.1,347.8,351.1,355.0,-70.01803459016394,29.983606557377048,1,0.03978688524590163,0.041999999999999815
vehicle_007_session_00988,vehicle_007,988,train,116.98705379629632,46.0,337.1,337.7,340.5,345.2,-70.18525590163934,29.852459016393443,2,0.037360655737704904,0.04300000000000015
vehicle_007_session_00989,vehicle_007,989,train,124.25710501834389,76.4,361.4,362.4,365.7,370.0,-70.2082075409836,32.31147540983606,1,0.04001639344262296,0.041999999999999815
vehicle_007_session_00990,vehicle_007,990,train,116.57610376409022,53.2,342.8,343.8,347.4,351.6,-70.20328901639343,31.62295081967213,1,0.041704918032786885,0.04400000000000004
vehicle_007_session_00991,vehicle_007,991,train,117.08017397186148,47.2,338.3,338.8,341.8,346.3,-69.95573327868853,30.40983606557377,1,0.038295081967213145,0.04300000000000015
vehicle_007_session_00992,vehicle_007,992,train,117.32180136846405,50.8,340.3,341.1,345.0,349.4,-70.06721950819671,28.688524590163933,1,0.04178688524590163,0.04500000000000037
vehicle_007_session_00993,vehicle_007,993,train,116.71759756944441,58.4,345.2,347.1,351.0,355.0,-70.05902213114756,27.65573770491803,1,0.03909836065573769,0.04400000000000004
vehicle_007_session_00994,vehicle_007,994,train,117.28981653025795,21.6,327.7,328.9,330.3,331.9,-70.07541721311475,26.9672131147541,2,0.02695081967213117,0.028000000000000025
vehicle_007_session_00995,vehicle_007,995,train,116.58676293759515,44.4,336.8,337.4,339.9,343.9,-70.02951098360657,29.721311475409838,1,0.03654098360655739,0.04300000000000015
vehicle_007_session_00996,vehicle_007,996,train,123.64133436213996,74.0,359.7,360.3,363.6,368.0,-70.0426268852459,32.0,0,0.04067213114754099,0.04300000000000015
vehicle_007_session_00997,vehicle_007,997,train,115.99346294568821,32.4,331.7,332.1,333.5,335.7,-69.98196540983606,35.34426229508197,1,0.029491803278688538,0.03200000000000003
vehicle_007_session_00998,vehicle_007,998,train,118.48394539141415,59.6,348.0,348.9,352.1,356.0,-69.92622540983606,38.0,0,0.04073770491803277,0.04200000000000026
vehicle_007_session_00999,vehicle_007,999,train,114.78837917605107,36.4,333.3,333.8,335.3,338.0,-69.91638836065574,30.770491803278688,2,0.03026229508196717,0.03399999999999981
vehicle_007_session_01000,vehicle_007,1000,train,118.40909380260942,66.0,353.3,354.1,357.2,361.3,-69.89672016393442,33.67213114754098,1,0.0387868852459016,0.040000000000000036
vehicle_007_session_01001,vehicle_007,1001,train,119.48216973290602,63.6,352.4,353.2,356.3,360.3,-70.08361327868853,24.37704918032787,1,0.039721311475409825,0.04200000000000026
vehicle_007_session_01002,vehicle_007,1002,train,116.35354240117523,53.6,341.9,342.7,345.3,348.5,-49.760671803278704,22.34426229508197,1,0.0366393442622951,0.039000000000000146
vehicle_007_session_01003,vehicle_007,1003,train,119.20282409722225,74.4,359.4,360.0,362.4,365.3,-49.80002000000002,23.508196721311474,1,0.03414754098360657,0.036000000000000476
vehicle_007_session_01004,vehicle_007,1004,train,116.80467934505604,12.0,323.3,324.15,326.0,327.4,-43.7079005263158,23.0,0,0.02324999999999994,0.027000000000000135
vehicle_007_session_01005,vehicle_007,1005,train,120.16594851428957,56.0,344.3,344.79999999999995,347.1,349.7,-44.66974092105263,26.0,0,0.033144736842105234,0.03600000000000003
vehicle_007_session_01006,vehicle_007,1006,train,115.13840207326889,40.8,334.9,335.5,337.8,341.4,-70.1590263934426,21.75409836065574,2,0.033803278688524556,0.039000000000000146
vehicle_007_session_01007,vehicle_007,1007,train,120.4436269755747,68.8,356.0,356.8,359.9,363.9,-70.23280016393443,24.737704918032787,1,0.04006557377049178,0.041999999999999815
vehicle_007_session_01008,vehicle_007,1008,train,118.8312138776882,72.8,359.3,360.2,363.6,368.0,-69.96393573770492,28.40983606557377,1,0.040393442622950804,0.04300000000000015
vehicle_007_session_01009,vehicle_007,1009,train,114.53472885101013,29.6,327.2,330.8,332.5,334.6,-69.14426557377048,24.262295081967213,2,0.02654098360655739,0.02900000000000036
vehicle_007_session_01010,vehicle_007,1010,train,116.80321410472973,51.6,341.8,342.7,346.3,350.3,-69.93606672131146,27.42622950819672,1,0.03996721311475409,0.04200000000000026
vehicle_007_session_01011,vehicle_007,1011,train,114.75600451864537,32.0,332.1,332.4,333.6,335.7,-70.16066377049181,28.557377049180328,1,0.028032786885245922,0.03200000000000003
vehicle_007_session_01012,vehicle_007,1012,train,118.47686093750002,61.2,349.6,350.3,353.6,357.5,-70.0918093442623,32.09836065573771,1,0.0386393442622951,0.040999999999999925
vehicle_007_session_01013,vehicle_007,1013,train,116.85607260101011,48.8,336.9,338.3,342.4,347.4,-70.13607311475408,28.737704918032787,1,0.04085245901639345,0.04500000000000037
vehicle_007_session_01014,vehicle_007,1014,train,120.25660122410544,70.8,357.4,358.0,361.3,365.5,-70.10492524590163,30.59016393442623,1,0.04006557377049177,0.04300000000000015
vehicle_007_session_01015,vehicle_007,1015,train,119.37771173878207,70.8,356.8,357.4,359.7,362.7,-50.30002000000002,32.0,0,0.03332786885245898,0.0349999999999997
vehicle_007_session_01016,vehicle_007,1016,train,105.69350404040406,5.6,321.4,323.1,325.45,327.7,-60.08290131578948,24.0,0,0.026171052631578956,0.028000000000000025
vehicle_007_session_01017,vehicle_007,1017,train,123.29101114289908,40.8,333.9,334.2,335.7,337.8,-59.972001733333336,26.973333333333333,2,0.027266666666666654,0.030999999999999694
vehicle_007_session_01018,vehicle_007,1018,train,118.12909395424839,62.4,351.0,351.9,355.3,359.3,-70.06721901639345,25.0,0,0.039803278688524645,0.041999999999999815
vehicle_007_session_01019,vehicle_007,1019,train,116.10368273809524,22.0,328.2,329.6,331.0,332.7,-74.38033049180326,24.9672131147541,2,0.028721311475409853,0.03000000000000025
vehicle_007_session_01020,vehicle_007,1020,train,115.76922608024691,50.4,341.4,342.4,346.1,350.3,-74.16886,28.672131147540984,1,0.04322950819672129,0.04600000000000026
vehicle_007_session_01021,vehicle_007,1021,train,114.72458827683619,29.2,329.6,330.7,332.4,334.2,-70.16394409836066,27.19672131147541,2,0.027770491803278695,0.030999999999999694
vehicle_007_session_01022,vehicle_007,1022,train,117.27164227207977,52.8,342.4,343.3,346.9,351.0,-70.05410262295081,30.459016393442624,1,0.04134426229508194,0.04499999999999993
vehicle_007_session_01023,vehicle_007,1023,train,115.6259119480057,41.2,335.2,335.7,338.0,341.6,-69.81804737704918,27.62295081967213,1,0.03377049180327866,0.040000000000000036
vehicle_007_session_01024,vehicle_007,1024,train,118.36916114547164,20.8,327.4,328.6,330.0,331.4,-69.85526657894737,29.763157894736842,1,0.027381578947368472,0.02900000000000036
vehicle_007_session_01025,vehicle_007,1025,train,119.67206487911518,58.8,345.5,347.7,351.4,355.7,-70.00491836065574,26.40983606557377,1,0.041573770491803275,0.04499999999999993
vehicle_007_session_01026,vehicle_007,1026,train,117.33097962622551,53.6,342.5,343.5,347.4,351.4,-70.86557409836065,33.377049180327866,1,0.043213114754098336,0.04600000000000026
vehicle_007_session_01027,vehicle_007,1027,train,119.77116545664984,54.8,341.1,343.2,347.4,351.8,-69.80165885245901,31.21311475409836,1,0.044016393442622946,0.04800000000000004
vehicle_007_session_01028,vehicle_007,1028,train,117.44873854682344,11.6,323.3,324.9,327.5,329.4,-69.85263855263157,32.0,0,0.02972368421052629,0.03200000000000003
vehicle_007_session_01029,vehicle_007,1029,train,116.90972183333335,29.6,330.2,330.3,332.4,334.2,-66.58196901639344,30.131147540983605,2,0.02736065573770494,0.03100000000000014
vehicle_007_session_01030,vehicle_007,1030,train,114.80284610849057,30.4,330.3,330.5,331.4,332.7,-49.77870639344264,28.770491803278688,1,0.021770491803278714,0.02300000000000013
vehicle_007_session_01031,vehicle_007,1031,train,114.96331149839745,51.6,340.3,341.0,343.6,346.8,-49.757392786885255,31.0,0,0.037245901639344325,0.040000000000000036
vehicle_007_session_01032,vehicle_007,1032,train,118.92182357519157,69.2,355.8,356.6,359.9,364.1,-70.00000590163934,27.229508196721312,1,0.04216393442622947,0.04400000000000048
vehicle_007_session_01033,vehicle_007,1033,train,119.17645163995728,45.6,335.5,336.85,340.24444444444447,345.2,-70.07867146666668,28.106666666666666,2,0.04037333333333334,0.04700000000000015
vehicle_007_session_01034,vehicle_007,1034,train,115.90046800925928,30.4,332.1,332.2,333.6,335.5,-69.94754344262296,26.918032786885245,2,0.028098360655737727,0.03200000000000003
vehicle_007_session_01035,vehicle_007,1035,train,118.44024876644738,60.4,349.7,350.5,353.6,357.5,-69.94098360655738,30.80327868852459,1,0.03957377049180334,0.04100000000000037
vehicle_007_session_01036,vehicle_007,1036,train,117.50962997023811,25.2,328.6,330.0,331.5,333.2,-70.03867026666666,24.413333333333334,1,0.02678666666666672,0.02900000000000036
vehicle_007_session_01037,vehicle_007,1037,train,118.90700248282558,54.0,341.0,343.1,347.4375,351.6,-69.94666853333334,26.906666666666666,2,0.045533333333333335,0.04900000000000038
vehicle_007_session_01038,vehicle_007,1038,train,117.7554140329072,24.8,328.8,330.0,331.6,333.2,-70.0394769736842,22.80263157894737,1,0.02738157894736846,0.02900000000000036
vehicle_007_session_01039,vehicle_007,1039,train,117.6974794597124,32.8,330.7,332.0,333.9,336.3,-69.86053026315788,21.526315789473685,1,0.029815789473684223,0.03299999999999992
vehicle_007_session_01040,vehicle_007,1040,train,120.96846322412158,50.8,338.0,340.5,345.25,349.9,-70.00131802631579,21.93421052631579,2,0.04434210526315792,0.04800000000000004
vehicle_007_session_01041,vehicle_007,1041,train,116.32265200854702,34.4,331.9,332.9,334.5,336.6,-59.967103026315776,27.723684210526315,1,0.02750000000000001,0.03100000000000014
vehicle_007_session_01042,vehicle_007,1042,train,119.83329433922563,66.4,354.9,356.375,359.3625,362.8,-59.917107499999986,30.842105263157894,1,0.037697368421052625,0.039000000000000146
vehicle_007_session_01043,vehicle_007,1043,train,118.08365420086281,40.8,333.0,334.2888888888889,336.975,340.5,-69.96266759999999,27.346666666666668,1,0.034600000000000006,0.040000000000000036
vehicle_007_session_01044,vehicle_007,1044,train,116.80059523809523,38.8,334.2,334.7,336.6,339.6,-70.5,29.78688524590164,2,0.03388524590163932,0.038000000000000256
vehicle_007_session_01045,vehicle_007,1045,train,121.02990395385305,67.2,354.4,355.2,358.3,362.5,-70.50163950819672,32.19672131147541,1,0.04244262295081968,0.04400000000000048
vehicle_007_session_01046,vehicle_007,1046,train,116.63240611111111,22.4,328.9,329.4,330.5,332.1,-70.31968229508196,29.114754098360656,1,0.028114754098360683,0.02900000000000036
vehicle_007_session_01047,vehicle_007,1047,train,118.3563468710986,52.4,342.4,343.3,346.8,351.0,-70.43278016393442,32.83606557377049,1,0.04401639344262296,0.04600000000000026
vehicle_007_session_01048,vehicle_007,1048,train,118.5706007470539,57.2,346.3,347.2,350.5,354.6,-70.00655803278688,27.721311475409838,1,0.04231147540983608,0.04500000000000037
vehicle_007_session_01049,vehicle_007,1049,train,118.52397208205912,46.8,335.7,337.29999999999995,341.0375,346.0,-70.64001000000002,27.586666666666666,1,0.04066666666666667,0.04600000000000026
vehicle_007_session_01050,vehicle_007,1050,train,116.67144639756944,24.0,329.7,329.9,331.1,332.5,-70.00328163934427,30.229508196721312,1,0.027229508196721312,0.028999999999999915
vehicle_007_session_01051,vehicle_007,1051,train,119.5495310672515,56.4,345.2,346.1,349.4,353.5,-69.95082344262296,34.0,0,0.040344262295081965,0.04400000000000004
vehicle_007_session_01052,vehicle_007,1052,train,116.51302682291667,27.6,330.5,330.8,332.1,333.9,-69.89508737704917,28.40983606557377,1,0.027163934426229518,0.02900000000000036
vehicle_007_session_01053,vehicle_007,1053,train,120.2355839209402,60.0,348.6,349.3,352.5,356.4,-69.90164360655739,32.459016393442624,1,0.03849180327868854,0.040000000000000036
vehicle_007_session_01054,vehicle_007,1054,train,118.73768898327938,11.6,323.2,324.65,327.45,329.2,-69.78422894736842,30.93421052631579,1,0.030842105263157886,0.03399999999999981
vehicle_007_session_01055,vehicle_007,1055,train,119.8045348649163,52.8,341.4,342.5,346.4,350.7,-70.70000999999998,29.37704918032787,1,0.04193442622950817,0.04499999999999993
vehicle_007_session_01056,vehicle_007,1056,train,116.38185264756946,26.8,328.8,329.9,331.4,333.0,-69.65574770491803,28.59016393442623,1,0.027065573770491836,0.028999999999999915
vehicle_007_session_01057,vehicle_007,1057,train,117.3967761111111,52.4,341.9,342.7,346.1,350.3,-69.64919032786885,31.81967213114754,1,0.04122950819672128,0.04300000000000015
vehicle_007_session_01058,vehicle_007,1058,train,120.61199834712713,39.2,331.9,333.25,335.5,338.6,-70.07895328947369,29.236842105263158,2,0.03130263157894733,0.03600000000000003
vehicle_007_session_01059,vehicle_007,1059,train,119.72395542784166,28.0,329.1,330.2,331.7,333.5,-69.78401053333333,30.506666666666668,1,0.027266666666666647,0.028999999999999915
vehicle_007_session_01060,vehicle_007,1060,train,117.9240133998435,54.8,343.6,344.6,348.0,352.1,-70.0950886885246,34.26229508196721,1,0.040999999999999995,0.04400000000000004
vehicle_007_session_01061,vehicle_007,1061,train,116.37029247271828,40.4,333.3,334.2,336.8,340.2,-70.07213786885247,28.65573770491803,1,0.033491803278688496,0.040000000000000036
vehicle_007_session_01062,vehicle_007,1062,train,119.43215635683761,62.8,351.1,351.9,355.0,359.1,-69.98688393442623,31.0,0,0.039557377049180345,0.04100000000000037
vehicle_007_session_01063,vehicle_007,1063,train,119.6741469017094,52.0,341.1,342.1,345.7,349.9,-69.9934419672131,33.68852459016394,1,0.04172131147540983,0.04499999999999993
vehicle_007_session_01064,vehicle_007,1064,train,117.30427851562509,45.6,336.8,337.4,340.0,344.4,-70.74755573770491,34.75409836065574,1,0.038016393442622934,0.04400000000000004
vehicle_007_session_01065,vehicle_007,1065,train,122.70835131944446,77.6,362.4,363.5,366.8,371.1,-70.77378786885245,37.0,0,0.042311475409836014,0.04400000000000048
vehicle_007_session_01066,vehicle_007,1066,train,118.11578841145831,65.6,351.3,353.2,356.8,361.0,-70.20328524590164,33.0,0,0.039770491803278664,0.04200000000000026
vehicle_007_session_01067,vehicle_007,1067,train,119.19829114842453,53.6,340.8,343.0,347.4,351.8,-70.19345147540984,31.885245901639344,1,0.04281967213114751,0.04700000000000015
vehicle_007_session_01068,vehicle_007,1068,train,119.44886447310405,67.6,354.4,355.2,358.5,362.5,-70.16886180327867,33.16393442622951,1,0.03967213114754097,0.04100000000000037
vehicle_007_session_01069,vehicle_007,1069,train,120.86972872574954,65.6,352.4,353.3,356.4,360.5,-70.20492852459016,32.98360655737705,0,0.040540983606557404,0.04200000000000026
vehicle_007_session_01070,vehicle_007,1070,train,120.3822113957195,48.8,336.4,337.7,341.1,345.3,-60.13734279999999,33.0,0,0.03781333333333335,0.04300000000000015
vehicle_007_session_01071,vehicle_007,1071,train,119.38861068881381,53.6,342.1,343.0,346.8,350.8,-69.5,36.57377049180328,1,0.04201639344262293,0.04499999999999993
vehicle_007_session_01072,vehicle_007,1072,train,118.9560090277778,49.2,339.7,340.5,344.3,348.8,-69.43605918032786,22.131147540983605,2,0.041508196721311445,0.04499999999999993
vehicle_007_session_01073,vehicle_007,1073,train,118.62567168731233,17.6,328.6,328.9,330.0,331.3,-70.25082704918033,23.721311475409838,1,0.02796721311475407,0.03200000000000003
vehicle_007_session_01074,vehicle_007,1074,train,116.86597555175042,47.6,339.6,340.0,343.3,347.7,-70.19672901639345,27.57377049180328,1,0.040754098360655765,0.04400000000000004
vehicle_007_session_01075,vehicle_007,1075,train,121.78153205128208,76.8,363.2,363.9,367.5,371.9,-70.22131655737705,29.950819672131146,1,0.04311475409836064,0.04600000000000026
vehicle_007_session_01076,vehicle_007,1076,train,117.58338055555554,50.4,339.6,340.2,342.7,346.1,-49.80002000000002,26.21311475409836,1,0.036622950819672165,0.039000000000000146
vehicle_007_session_01077,vehicle_007,1077,train,120.02961808619287,70.4,356.3,358.1,362.1,366.9,-75.35263368421052,27.86842105263158,1,0.04247368421052629,0.04499999999999993
vehicle_007_session_01078,vehicle_007,1078,train,117.69954937982773,22.8,328.3,329.7,331.3,333.0,-75.20001213333333,23.14666666666667,2,0.028466666666666692,0.03000000000000025
vehicle_007_session_01079,vehicle_007,1079,train,121.03020727843916,55.6,343.2,345.4,349.65,353.8,-70.08421631578948,22.92105263157895,1,0.04321052631578947,0.050000000000000266
vehicle_007_session_01080,vehicle_007,1080,train,117.048620604782,27.6,330.8,331.1,332.4,333.9,-70.11967967213116,24.770491803278688,2,0.027049180327868867,0.02900000000000036
vehicle_007_session_01081,vehicle_007,1081,train,117.80436843532988,59.2,348.5,349.3,352.4,356.4,-70.0245918032787,29.0,0,0.03954098360655739,0.041999999999999815
vehicle_007_session_01082,vehicle_007,1082,train,118.66495653935186,58.8,345.2,347.2,351.0,355.0,-69.29017704918034,28.950819672131146,1,0.04083606557377049,0.04500000000000037
vehicle_007_session_01083,vehicle_007,1083,train,117.72032177921453,50.0,337.2,339.1,343.3,347.8,-65.07213721311477,25.672131147540984,1,0.041606557377049186,0.04600000000000026
vehicle_007_session_01084,vehicle_007,1084,train,120.53966937382302,73.2,359.4,360.2,363.3,367.2,-65.16886245901641,27.0,0,0.04083606557377045,0.04300000000000015
vehicle_007_session_01085,vehicle_007,1085,train,118.62874854066018,46.8,335.2,336.8,340.0,344.9,-69.7459162295082,32.049180327868854,2,0.038672131147540985,0.04499999999999993
vehicle_007_session_01086,vehicle_007,1086,train,116.6602213394539,34.8,330.7,331.9,333.9,336.4,-69.79837786885246,28.18032786885246,2,0.02949180327868851,0.03299999999999992
vehicle_007_session_01087,vehicle_007,1087,train,119.81103685515878,58.8,347.2,348.2,351.4,355.3,-69.79509754098362,31.0,0,0.040098360655737714,0.04200000000000026
vehicle_007_session_01088,vehicle_007,1088,train,120.89798545005343,54.4,343.0,343.9,347.5,351.6,-70.21148754098361,34.0,0,0.04259016393442623,0.04500000000000037
vehicle_007_session_01089,vehicle_007,1089,train,117.21700471698112,24.4,328.3,328.5,329.4,330.5,-49.700010000000006,31.0,0,0.020639344262295058,0.021999999999999797
vehicle_007_session_01090,vehicle_007,1090,train,118.51941588050315,65.6,351.8,352.4,354.6,357.4,-49.700010000000006,34.22950819672131,1,0.03386885245901639,0.03500000000000014
vehicle_007_session_01091,vehicle_007,1091,train,121.93105244883036,73.6,358.9,359.9,363.3,367.7,-70.08033327868853,33.0,0,0.04183606557377045,0.04300000000000015
vehicle_007_session_01092,vehicle_007,1092,train,121.62563914141414,71.2,357.7,358.5,361.6,366.0,-69.91311459016396,33.73770491803279,1,0.04122950819672135,0.04300000000000015
vehicle_007_session_01093,vehicle_007,1093,train,119.28915494791669,15.6,325.5,326.7,328.8,330.2,-69.5524624590164,29.983606557377048,1,0.02914754098360657,0.03399999999999981
vehicle_007_session_01094,vehicle_007,1094,train,116.86737861491628,44.8,337.1,337.7,340.2,344.3,-69.42622278688523,33.377049180327866,1,0.036786885245901645,0.04300000000000015
vehicle_007_session_01095,vehicle_007,1095,train,117.76010463747642,50.4,339.3,339.9,342.7,346.6,-59.899989999999995,37.950819672131146,1,0.03868852459016395,0.04200000000000026
vehicle_007_session_01096,vehicle_007,1096,train,122.43055090408805,74.0,358.9,359.7,362.4,366.0,-59.913106065573764,39.0,0,0.03844262295081967,0.040000000000000036
vehicle_007_session_01097,vehicle_007,1097,train,119.19369663065845,61.6,348.5,349.1,351.4,354.3,-50.100010000000005,30.327868852459016,1,0.03340983606557376,0.03500000000000014
vehicle_007_session_01098,vehicle_007,1098,train,118.59606833071284,47.6,335.8,337.4,341.1,346.0,-71.24099803278688,34.50819672131148,1,0.04083606557377053,0.04600000000000026
vehicle_007_session_01099,vehicle_007,1099,train,120.45251775313623,68.8,355.5,356.3,359.6,363.8,-71.32460147540984,36.0,0,0.0411639344262295,0.04300000000000015
vehicle_007_session_01100,vehicle_007,1100,train,117.95853969254034,40.0,332.7,333.6,336.05,339.3,-69.83815960526317,31.81578947368421,1,0.03255263157894733,0.03699999999999992
vehicle_007_session_01101,vehicle_007,1101,train,118.19536129385965,38.0,331.9,332.8,335.0,338.2,-71.9934508196721,34.47540983606557,1,0.03219672131147539,0.03600000000000003
vehicle_007_session_01102,vehicle_007,1102,train,121.71475540865387,68.8,355.0,356.0,359.3,363.6,-72.53114983606555,37.19672131147541,1,0.04163934426229506,0.04400000000000048
vehicle_007_session_01103,vehicle_007,1103,train,117.32857492404516,30.8,329.6,330.7,332.4,334.4,-70.63935311475409,34.295081967213115,1,0.029032786885245944,0.03200000000000003
vehicle_007_session_01104,vehicle_007,1104,train,119.85928240740745,56.8,345.2,346.1,349.4,353.5,-70.70164950819671,37.0,0,0.04255737704918031,0.04500000000000037
vehicle_007_session_01105,vehicle_007,1105,train,118.4218266129032,45.6,334.6,336.0,338.9,343.6,-70.04098901639344,36.57377049180328,1,0.03799999999999998,0.04500000000000037
vehicle_007_session_01106,vehicle_007,1106,train,120.73600779826964,70.4,356.4,357.2,360.5,364.6,-69.96885688524591,38.0,0,0.04127868852459017,0.04300000000000015
vehicle_007_session_01107,vehicle_007,1107,train,119.65374002347419,52.4,340.3,341.6,345.7,350.0,-69.90490918032786,33.39344262295082,1,0.04324590163934428,0.04700000000000015
vehicle_007_session_01108,vehicle_007,1108,train,117.77505364923748,20.4,327.4,327.8,328.6,329.6,-50.0,34.59016393442623,1,0.0215737704918033,0.02499999999999991
vehicle_007_session_01109,vehicle_007,1109,train,114.75566748737377,40.8,333.8,334.1,335.3,337.4,-49.96393081967213,36.59016393442623,1,0.0258360655737705,0.028999999999999915
vehicle_007_session_01110,vehicle_007,1110,train,120.20511464763368,62.8,349.3,349.9,352.1,354.9,-49.9540937704918,38.0,0,0.03416393442622953,0.03600000000000003
vehicle_007_session_01111,vehicle_007,1111,train,119.31072665975861,21.2,326.9,328.4,329.9,331.3,-69.95466186666665,31.69333333333333,1,0.02758666666666668,0.02900000000000036
vehicle_007_session_01112,vehicle_007,1112,train,116.21079018775718,10.4,322.2,323.9,326.9,328.9,-70.56230114754098,28.934426229508198,1,0.030983606557376992,0.03299999999999992
vehicle_007_session_01113,vehicle_007,1113,train,118.21913294956141,32.0,331.9,332.2,333.5,335.3,-70.68361655737705,30.704918032786885,1,0.029295081967213137,0.03200000000000003
vehicle_007_session_01114,vehicle_007,1114,train,122.02329330893392,62.8,349.9,350.7,353.8,357.7,-70.70492852459016,34.08196721311475,1,0.04137704918032791,0.04300000000000015
vehicle_007_session_01115,vehicle_007,1115,train,118.84348567209454,28.0,328.2,328.9,330.0,331.3,-46.014473947368415,27.92105263157895,1,0.01981578947368419,0.020999999999999908
vehicle_007_session_01116,vehicle_007,1116,train,119.220689628709,27.2,328.8,329.95,331.5,333.3,-70.26843789473683,31.986842105263158,2,0.02661842105263162,0.028000000000000025
vehicle_007_session_01117,vehicle_007,1117,train,119.35470585488507,28.4,329.2,330.25,331.7,333.6,-70.1907994736842,31.31578947368421,1,0.027315789473684224,0.02900000000000036
vehicle_007_session_01118,vehicle_007,1118,train,121.75851011904761,58.4,344.4,346.45000000000005,350.4,354.6,-70.56711157894738,30.36842105263158,1,0.03885526315789473,0.04400000000000004
vehicle_007_session_01119,vehicle_007,1119,train,120.95270346093048,48.4,335.0,336.35,338.85,342.1,-44.69210894736842,24.0,0,0.0303815789473684,0.03600000000000003
vehicle_007_session_01120,vehicle_007,1120,train,117.29500466133943,16.8,328.5,328.8,329.9,331.1,-70.0901713114754,25.983606557377048,1,0.02647540983606559,0.028999999999999915
vehicle_007_session_01121,vehicle_007,1121,train,116.99606390765767,46.0,338.3,338.9,341.8,346.0,-70.04098672131147,29.78688524590164,2,0.036688524590163966,0.04100000000000037
vehicle_007_session_01122,vehicle_007,1122,train,117.26500961538461,57.6,345.0,345.7,347.7,350.5,-44.80002000000002,34.0,0,0.03231147540983602,0.03600000000000003
vehicle_007_session_01123,vehicle_007,1123,train,119.89169973051408,52.4,341.0,341.9,345.8,350.2,-70.10656459016393,31.18032786885246,1,0.04201639344262293,0.04499999999999993
vehicle_007_session_01124,vehicle_007,1124,train,118.25802354048967,60.0,347.4,348.2,351.0,354.4,-60.1786986885246,36.557377049180324,1,0.03555737704918033,0.03799999999999981
vehicle_007_session_01125,vehicle_007,1125,train,117.77527651972626,60.4,348.8,350.5,353.9,358.0,-69.61312442622952,31.852459016393443,1,0.03918032786885249,0.040999999999999925
vehicle_007_session_01126,vehicle_007,1126,train,120.10119265873014,52.4,340.7,341.6,345.5,349.7,-69.9836073770492,34.14754098360656,1,0.04075409836065574,0.04400000000000004
vehicle_007_session_01127,vehicle_007,1127,train,118.07505975877194,47.2,336.1,336.8,339.4,343.3,-59.178693770491805,31.672131147540984,1,0.034163934426229475,0.040000000000000036
vehicle_007_session_01128,vehicle_007,1128,train,118.28364746732025,70.0,355.5,356.1,358.8,362.1,-55.98033540983607,33.0,0,0.03473770491803277,0.03699999999999948
vehicle_007_session_01129,vehicle_007,1129,train,119.69842660595025,24.4,328.19998,328.85,329.9625,331.1,-60.95844589610388,32.8051948051948,1,0.023610375324675338,0.025000200000000028
vehicle_007_session_01130,vehicle_007,1130,train,122.13539822285355,53.6,340.7,342.75,346.975,351.3,-69.88000573333333,33.92,1,0.041706666666666656,0.04600000000000026
vehicle_007_session_01131,vehicle_007,1131,train,121.27686092592596,53.2,341.6,342.5,346.3,350.5,-70.05410557377047,33.65573770491803,1,0.04127868852459017,0.04400000000000004
vehicle_007_session_01132,vehicle_007,1132,train,119.08115271347737,52.4,340.7,341.3,344.7,348.5,-59.36885180327869,32.295081967213115,1,0.03804918032786888,0.040000000000000036
vehicle_007_session_01133,vehicle_007,1133,train,121.87234187606025,45.2,333.5,334.4,336.4,338.9,-45.38158815789474,31.0,0,0.02606578947368419,0.03100000000000014
vehicle_007_session_01134,vehicle_007,1134,train,119.54310715499412,22.4,327.4,328.70000000000005,330.25,331.9,-70.41184171052632,30.460526315789473,1,0.02693421052631583,0.02900000000000036
vehicle_007_session_01135,vehicle_007,1135,train,119.27695534577548,20.8,327.4,328.70000000000005,330.2,331.7,-69.95394592105264,25.69736842105263,1,0.026328947368421056,0.028000000000000025
vehicle_007_session_01136,vehicle_007,1136,train,118.71239081790121,54.4,342.7,343.9,348.0,352.2,-69.94426639344263,29.098360655737704,1,0.04167213114754096,0.04599999999999982
vehicle_007_session_01137,vehicle_007,1137,train,117.79343784041394,33.2,330.3,330.7,331.7,333.2,-50.01311606557377,29.60655737704918,1,0.021737704918032816,0.02300000000000013
vehicle_007_session_01138,vehicle_007,1138,train,121.4250084027778,73.6,358.3,358.9,361.3,364.3,-50.0,32.540983606557376,1,0.033344262295081965,0.03500000000000014
vehicle_007_session_01139,vehicle_007,1139,train,119.48166629464289,37.6,331.4,332.7,334.9,337.8,-70.31640852459017,29.16393442622951,2,0.031114754098360592,0.0349999999999997
vehicle_007_session_01140,vehicle_007,1140,train,118.99456008454108,60.0,348.8,349.7,352.8,356.9,-70.35410213114754,31.81967213114754,1,0.04014754098360658,0.04200000000000026
vehicle_007_session_01141,vehicle_007,1141,train,119.6434003060264,19.2,328.3,328.6,329.4,330.5,-59.79838049180329,28.37704918032787,1,0.02293442622950824,0.025000000000000355
vehicle_007_session_01142,vehicle_007,1142,train,117.03391719276101,43.2,336.1,336.6,338.5,341.6,-59.79674098360658,31.442622950819672,1,0.03070491803278683,0.03500000000000014
vehicle_007_session_01143,vehicle_007,1143,train,119.12843755885116,69.6,356.6,357.2,359.9,363.5,-59.82296393442624,33.50819672131148,1,0.03573770491803277,0.037000000000000366
vehicle_007_session_01144,vehicle_007,1144,train,117.44834763558205,34.0,332.1,332.4,333.8,336.1,-70.6573868852459,31.327868852459016,1,0.02906557377049182,0.03299999999999992
vehicle_007_session_01145,vehicle_007,1145,train,122.37080914162111,67.6,354.6,355.5,358.6,362.8,-70.74591622950818,35.0,0,0.03922950819672128,0.04100000000000037
vehicle_007_session_01146,vehicle_007,1146,train,118.73707543572985,34.4,331.6,331.7,332.8,334.1,-47.54918606557378,34.26229508196721,1,0.021180327868852485,0.02400000000000002
vehicle_007_session_01147,vehicle_007,1147,train,120.57770571658615,20.4,328.9,329.1,330.2,331.3,-70.0836131147541,35.01639344262295,1,0.02695081967213117,0.028000000000000025
vehicle_007_session_01148,vehicle_007,1148,train,119.92637248563223,48.4,338.8,339.4,342.4,346.8,-70.02787147540984,38.36065573770492,1,0.038573770491803286,0.04300000000000015
vehicle_007_session_01149,vehicle_007,1149,train,120.4981404246794,71.6,357.8,358.6,361.9,366.1,-70.03771032786885,40.0,0,0.040344262295081985,0.04300000000000015
vehicle_007_session_01150,vehicle_007,1150,train,120.39538961693552,64.4,350.5,352.1,355.7,359.7,-70.00820065573771,38.0,0,0.03940983606557378,0.04100000000000037
vehicle_007_session_01151,vehicle_007,1151,train,120.96203769237988,64.8,350.5,351.8,354.9,358.3,-60.445896229508186,34.9344262295082,1,0.035967213114754135,0.038000000000000256
vehicle_007_session_01152,vehicle_007,1152,train,120.37458607060186,24.4,328.5,329.2,330.7,332.1,-69.96065311475411,36.9344262295082,2,0.026852459016393448,0.028000000000000025
vehicle_007_session_01153,vehicle_007,1153,train,117.27936810897435,49.2,339.4,340.0,343.3,347.5,-69.91310737704917,40.114754098360656,2,0.03975409836065575,0.04300000000000015
vehicle_007_session_01154,vehicle_007,1154,train,123.4143619470165,75.2,360.7,361.4,364.7,369.1,-69.92950180327868,41.78688524590164,1,0.04040983606557376,0.0420000000000007
vehicle_007_session_01155,vehicle_007,1155,train,119.69032437124622,54.8,343.5,344.4,347.8,351.9,-70.08852999999999,39.0,0,0.04218032786885246,0.04599999999999982
vehicle_007_session_01156,vehicle_007,1156,train,117.66341150939543,27.2,329.2,329.7,330.8,332.2,-60.80164606557376,34.08196721311475,1,0.024180327868852488,0.026000000000000245
vehicle_007_session_01157,vehicle_007,1157,train,117.87747367831538,54.4,342.8,343.5,346.4,349.9,-57.96558016393443,37.0,0,0.037983606557377037,0.040999999999999925
vehicle_007_session_01158,vehicle_007,1158,train,120.14979929193902,51.6,338.6,338.9,341.3,344.1,-44.270495245901635,36.0,0,0.03396721311475414,0.038000000000000256
vehicle_007_session_01159,vehicle_007,1159,train,122.85451304012344,72.0,356.3,356.8,358.6,361.1,-42.139346229508185,36.0,0,0.03127868852459014,0.03299999999999992
vehicle_007_session_01160,vehicle_007,1160,train,120.63911095430109,61.2,349.9,350.7,353.8,357.8,-70.47868639344263,32.81967213114754,1,0.03981967213114756,0.04100000000000037
vehicle_007_session_01161,vehicle_007,1161,train,121.27534951201203,53.2,339.9,342.0,346.5,350.8,-69.98026118421053,33.6578947368421,1,0.043539473684210496,0.04700000000000015
vehicle_007_session_01162,vehicle_007,1162,train,120.29610164141414,75.2,361.3,362.2,365.7,370.2,-70.25902426229509,28.475409836065573,1,0.04101639344262284,0.04300000000000015
vehicle_007_session_01163,vehicle_007,1163,train,118.35418392857143,6.0,322.7,323.5,325.8,328.0,-70.17869885245902,29.0,0,0.029918032786885214,0.03200000000000003
vehicle_007_session_01164,vehicle_007,1164,train,118.35195155423284,34.0,332.8,333.2,334.6,336.9,-70.17869868852458,31.60655737704918,1,0.02972131147540981,0.03399999999999981
vehicle_007_session_01165,vehicle_007,1165,train,122.08123958333333,67.6,355.0,356.0,359.1,363.2,-70.19509278688525,35.0,0,0.040098360655737665,0.04100000000000037
vehicle_007_session_01166,vehicle_007,1166,train,119.79642518464999,28.4,329.1,330.25,331.9,333.8,-69.76668333333333,26.493333333333332,1,0.027693333333333302,0.03000000000000025
vehicle_007_session_01167,vehicle_007,1167,train,119.73141811472348,8.8,322.2,323.85,326.65,328.9,-69.80395986842105,25.68421052631579,1,0.02965789473684207,0.03200000000000003
vehicle_007_session_01168,vehicle_007,1168,train,118.60155514705879,22.8,328.5,328.6,329.1,330.0,-44.89343459016393,32.0,0,0.018426229508196768,0.020000000000000018
vehicle_007_session_01169,vehicle_007,1169,train,119.0523883493877,18.4,326.4,327.9,329.65,331.0,-69.91842184210526,27.526315789473685,1,0.02851315789473685,0.03200000000000003
vehicle_007_session_01170,vehicle_007,1170,train,118.31000774134792,41.6,334.4,334.7,336.6,339.3,-59.791808360655736,34.131147540983605,1,0.02939344262295077,0.03299999999999992
vehicle_007_session_01171,vehicle_007,1171,train,119.4690792929293,66.0,352.7,353.5,355.8,359.1,-56.58033540983608,36.0,0,0.03503278688524597,0.036000000000000476
vehicle_007_session_01172,vehicle_007,1172,train,120.31444234800834,60.0,348.0,348.6,351.0,353.8,-49.899989999999995,36.98360655737705,0,0.033557377049180284,0.03500000000000014
vehicle_007_session_01173,vehicle_007,1173,train,119.81662930507319,36.0,330.8,331.6,333.24999,335.5,-60.66053210526315,32.98684210526316,2,0.026605271052631628,0.02900020000000003
vehicle_007_session_01174,vehicle_007,1174,train,119.53269695216052,61.2,349.1,349.9,353.2,357.2,-70.00491852459017,36.459016393442624,1,0.03942622950819673,0.040999999999999925
vehicle_007_session_01175,vehicle_007,1175,train,120.66600481927709,60.0,346.8,348.25,352.0,356.0,-69.93158039473684,31.855263157894736,1,0.03969736842105263,0.043999999999999595
vehicle_007_session_01176,vehicle_007,1176,train,118.67064632936504,36.4,331.6,332.1,333.6,335.7,-60.48689163934427,33.21311475409836,1,0.026918032786885288,0.03000000000000025
vehicle_007_session_01177,vehicle_007,1177,train,119.58463130144033,61.6,349.1,349.7,352.2,355.5,-57.19672885245902,35.0,0,0.03632786885245903,0.039000000000000146
vehicle_007_session_01178,vehicle_007,1178,train,118.84243412990197,24.0,329.6,329.7,330.8,332.4,-70.13771360655738,34.131147540983605,1,0.0270491803278689,0.028000000000000025
vehicle_007_session_01179,vehicle_007,1179,train,121.2234941919192,51.2,339.9,341.6,345.3,349.7,-70.08197295081968,37.32786885245902,1,0.04118032786885246,0.04400000000000004
vehicle_007_session_01180,vehicle_007,1180,train,121.27050461065572,65.6,351.3,352.7,356.1,360.3,-70.11640131147541,31.524590163934427,1,0.040295081967213126,0.042999999999999705
vehicle_007_session_01181,vehicle_007,1181,train,118.31990482519157,30.8,327.5,330.7,332.4375,334.4,-69.14800653333332,30.88,1,0.02793333333333334,0.03100000000000014
vehicle_007_session_01182,vehicle_007,1182,train,124.86126425694445,77.6,362.8,363.70000000000005,367.1375,371.4,-69.78400826666666,34.693333333333335,1,0.04172000000000009,0.04300000000000015
vehicle_007_session_01183,vehicle_007,1183,train,118.69330300422706,17.6,326.3,327.45,329.2,330.7,-70.07763934210527,33.18421052631579,1,0.029342105263157905,0.03500000000000014
vehicle_007_session_01184,vehicle_007,1184,train,120.4906040787623,63.6,348.9,350.575,354.3,358.3,-70.02267093333333,36.72,1,0.04056000000000004,0.042999999999999705
vehicle_007_session_01185,vehicle_007,1185,train,121.62333398689375,69.200005,354.3,355.4,358.24999,361.6,-56.190797342105256,36.0,0,0.03578949605263155,0.03700020000000048
vehicle_007_session_01186,vehicle_007,1186,train,118.57521404190207,38.8,333.3,333.6,335.5,338.3,-70.01475573770492,35.40983606557377,1,0.031934426229508164,0.03600000000000003
vehicle_007_session_01187,vehicle_007,1187,train,119.22908132045092,33.6,330.7,331.3,333.3,335.5,-70.07705688524591,39.131147540983605,2,0.029426229508196726,0.03299999999999992
vehicle_007_session_01188,vehicle_007,1188,train,121.56388313230995,61.6,349.4,350.2,353.3,357.4,-70.10492754098361,42.0,0,0.040655737704918087,0.04200000000000026
vehicle_007_session_01189,vehicle_007,1189,train,117.1186095377604,36.0,332.1,332.4,333.8,335.8,-59.96394,38.98360655737705,1,0.027311475409836094,0.03000000000000025
vehicle_007_session_01190,vehicle_007,1190,train,117.8058109161793,61.6,348.9,349.7,352.4,355.5,-56.80984147540983,41.0,0,0.03668852459016398,0.038000000000000256
vehicle_007_session_01191,vehicle_007,1191,train,120.18347770732694,50.0,336.8,338.25,341.85,346.0,-59.91842236842105,35.86842105263158,1,0.03921052631578949,0.04300000000000015
vehicle_007_session_01192,vehicle_007,1192,train,118.16040094339624,29.2,329.2,329.6,330.7,331.7,-50.100010000000005,37.049180327868854,1,0.021426229508196757,0.02300000000000013
vehicle_007_session_01193,vehicle_007,1193,train,125.40839924616229,38.8,331.1,332.1,333.6,335.3,-45.60264157894737,31.0,0,0.02300000000000003,0.0259999999999998
vehicle_007_session_01194,vehicle_007,1194,train,117.56624260545267,13.2,324.7,325.2,326.4,327.7,-45.560660491803276,34.0,0,0.022360655737704873,0.02499999999999991
vehicle_007_session_01195,vehicle_007,1195,train,117.36322111111113,34.8,331.7,331.9,332.7,333.9,-44.698372786885244,35.81967213114754,1,0.020852459016393446,0.02300000000000013
vehicle_007_session_01196,vehicle_007,1196,train,119.0477790257649,11.6,323.0,324.4,327.15,329.2,-69.9368447368421,36.0,0,0.030171052631578925,0.03200000000000003
vehicle_007_session_01197,vehicle_007,1197,train,118.58718682839915,25.2,328.5,329.5,331.0,332.7,-70.20132552631578,34.28947368421053,1,0.02739473684210529,0.02900000000000036
vehicle_007_session_01198,vehicle_007,1198,train,120.22148116749175,49.6,337.2,339.0,343.2375,347.8,-69.7746768,36.77333333333333,1,0.04275999999999999,0.04700000000000015
vehicle_007_session_01199,vehicle_007,1199,train,120.80720881226055,39.6,332.4,333.4,335.75,338.9,-69.72667946666665,36.48,1,0.03275999999999996,0.03699999999999992
vehicle_007_session_01200,vehicle_007,1200,train,121.04354315476189,74.8,360.2,361.0,364.4,368.8,-70.18689606557378,37.721311475409834,1,0.042377049180327864,0.04400000000000048
vehicle_007_session_01201,vehicle_007,1201,train,119.69710028326024,17.6,326.3,327.7,329.4,330.7,-70.12623786885247,34.18032786885246,1,0.029901639344262286,0.03500000000000014
vehicle_007_session_01202,vehicle_007,1202,train,117.70001902386544,48.4,339.6,340.2,343.5,347.8,-69.97705,37.950819672131146,2,0.04145901639344265,0.04500000000000037
vehicle_007_session_01203,vehicle_007,1203,train,123.31428329248374,77.2,363.0,363.8,367.1,371.4,-69.93606573770492,39.80327868852459,1,0.04277049180327869,0.04400000000000048
vehicle_007_session_01204,vehicle_007,1204,train,120.82769709507043,40.8,332.7,333.70000000000005,336.175,339.6,-69.88533426666667,33.52,1,0.033386666666666606,0.038000000000000256
vehicle_007_session_01205,vehicle_007,1205,train,118.03040263629332,12.400001,323.3,324.75,327.4,329.19998,-70.10395326315789,35.73684210526316,1,0.03093420657894734,0.03300000000000036
vehicle_007_session_01206,vehicle_007,1206,train,117.40781315852493,9.6,322.2,323.6,326.3,328.6,-70.08689327868852,38.0,0,0.030393442622950823,0.03200000000000003
vehicle_007_session_01207,vehicle_007,1207,train,117.69005847953213,32.8,332.2,332.4,333.8,335.8,-70.0,39.77049180327869,1,0.029393442622950867,0.03299999999999992
vehicle_007_session_01208,vehicle_007,1208,train,119.53640934684685,55.6,344.7,345.5,348.8,352.8,-69.98852344262295,42.622950819672134,1,0.04216393442622948,0.04500000000000037
vehicle_007_session_01209,vehicle_007,1209,train,118.67651660628017,14.4,326.7,327.1,328.8,330.0,-71.8901568852459,38.90163934426229,0,0.02960655737704919,0.03200000000000003
vehicle_007_session_01210,vehicle_007,1210,train,118.4824508101852,42.0,335.7,336.1,338.3,341.8,-71.90326967213115,41.36065573770492,1,0.03545901639344262,0.040000000000000036
vehicle_007_session_01211,vehicle_007,1211,train,119.0375341739766,32.4,331.1,331.4,332.4,334.1,-60.224596557377055,37.09836065573771,1,0.02585245901639347,0.028999999999999915
vehicle_007_session_01212,vehicle_007,1212,train,119.58822033382064,55.6,343.6,344.3,347.2,350.5,-57.7229580327869,39.32786885245902,1,0.03996721311475407,0.04300000000000015
vehicle_007_session_01213,vehicle_007,1213,train,120.24737847342473,61.2,349.1,350.69998,354.0,358.0,-69.96447407894738,39.85526315789474,1,0.040592098684210536,0.04200019999999993
vehicle_007_session_01214,vehicle_007,1214,train,120.00200168650795,54.8,342.8,343.8,346.8,350.3,-59.57705688524591,39.0,0,0.04057377049180326,0.04300000000000015
vehicle_007_session_01215,vehicle_007,1215,train,119.54604442401958,60.8,349.1,349.9,353.3,357.2,-69.90490918032786,38.01639344262295,1,0.04168852459016394,0.04400000000000004
vehicle_007_session_01216,vehicle_007,1216,train,118.67880080872007,46.8,337.5,338.2,341.0,345.5,-69.9590186885246,38.83606557377049,2,0.039901639344262316,0.04600000000000026
vehicle_007_session_01217,vehicle_007,1217,train,119.1338175843254,48.4,336.0,337.8,341.6,346.4,-69.69509213114756,35.65573770491803,1,0.04167213114754101,0.04700000000000015
vehicle_007_session_01218,vehicle_007,1218,train,119.14521281565658,70.8,357.2,358.0,361.3,365.3,-69.55738278688526,37.31147540983606,1,0.041918032786885204,0.04400000000000048
vehicle_007_session_01219,vehicle_007,1219,train,118.56934590916346,10.8,323.3,324.1,326.4,328.6,-71.71312704918033,41.0,0,0.03137704918032783,0.03299999999999992
vehicle_007_session_01220,vehicle_007,1220,train,119.47682891949152,45.6,336.9,337.4,339.6,343.2,-68.56230540983606,44.67213114754098,1,0.036688524590163966,0.04300000000000015
vehicle_007_session_01221,vehicle_007,1221,train,119.37861159003833,16.8,325.3,326.6,328.8,330.2,-70.7049293442623,38.114754098360656,2,0.031770491803278705,0.03699999999999992
vehicle_007_session_01222,vehicle_007,1222,train,116.63871576003089,40.0,334.6,335.0,336.9,340.0,-70.71804459016393,40.80327868852459,2,0.034442622950819644,0.038000000000000256
vehicle_007_session_01223,vehicle_007,1223,train,119.85396941137564,68.8,355.5,356.3,359.6,363.6,-70.75575327868853,43.0,0,0.04265573770491806,0.04400000000000048
vehicle_007_session_01224,vehicle_007,1224,train,118.64314582673806,21.2,327.8,328.6,330.0,331.4,-70.08684713157893,40.0921052631579,2,0.028105273684210556,0.031000099999999975
vehicle_007_session_01225,vehicle_007,1225,train,118.3070821813092,28.8,328.9,330.1,331.6,333.5,-70.21448526315788,40.60526315789474,1,0.028434210526315826,0.03100000000000014
vehicle_007_session_01226,vehicle_007,1226,train,118.3352783646322,54.0,342.5,343.6,347.2,351.3,-69.91474557377049,39.34426229508197,1,0.04354098360655737,0.04700000000000015
vehicle_007_session_01227,vehicle_007,1227,train,120.96872554754272,70.0,355.5,356.0,358.0,360.5,-44.899989999999995,38.0,0,0.03311475409836062,0.0349999999999997
vehicle_007_session_01228,vehicle_007,1228,train,121.40166509740261,66.8,351.9,353.55,357.0,361.0,-70.14134293333332,38.77333333333333,1,0.04106666666666666,0.04300000000000015
vehicle_007_session_01229,vehicle_007,1229,train,118.43416685692543,30.0,330.8,331.1,332.4,334.2,-69.95573655737705,34.63934426229508,1,0.0288688524590164,0.03100000000000014
vehicle_007_session_01230,vehicle_007,1230,train,119.32589171626988,59.6,347.8,348.8,351.9,355.8,-69.93442426229508,38.0,0,0.04173770491803278,0.04300000000000015
vehicle_007_session_01231,vehicle_007,1231,train,116.62590101410935,26.0,329.6,329.9,330.8,332.1,-60.437714590163935,34.40983606557377,1,0.02483606557377054,0.026000000000000245
vehicle_007_session_01232,vehicle_007,1232,train,117.86347860663084,51.2,340.5,341.1,344.1,348.0,-60.44590967213115,37.21311475409836,1,0.0406393442622951,0.04400000000000004
vehicle_007_session_01233,vehicle_007,1233,train,117.08905203150911,40.4,334.6,334.9,337.1,340.3,-70.1754204918033,34.32786885245902,1,0.03427868852459014,0.039000000000000146
vehicle_007_session_01234,vehicle_007,1234,train,120.27913394764953,67.6,354.7,355.5,358.6,362.8,-70.21148803278689,37.0,0,0.04150819672131146,0.04300000000000015
vehicle_007_session_01235,vehicle_007,1235,train,117.76817192432135,13.6,323.6,324.79999999999995,327.1,328.8,-59.96266773333334,38.0,0,0.029066666666666643,0.03299999999999992
vehicle_007_session_01236,vehicle_007,1236,train,118.01301836917561,36.8,332.1,332.5,334.4,337.1,-69.80493196721311,40.60655737704918,1,0.031754098360655736,0.03600000000000003
vehicle_007_session_01237,vehicle_007,1237,train,119.08488389459669,61.6,349.3,350.2,353.3,357.2,-69.74263721311476,43.0,0,0.042491803278688525,0.04499999999999993
vehicle_007_session_01238,vehicle_007,1238,train,118.5597275462963,48.4,338.8,339.6,342.8,347.5,-74.00164163934427,38.63934426229508,1,0.04324590163934428,0.04800000000000004
vehicle_007_session_01239,vehicle_007,1239,train,121.09681374896353,44.0,333.6,334.6,337.1,340.3,-60.056582894736856,36.28947368421053,1,0.032697368421052614,0.038000000000000256
vehicle_007_session_01240,vehicle_007,1240,train,118.99338190359477,36.8,331.0,332.0,333.8,336.1,-60.009213947368416,32.03947368421053,1,0.02784210526315789,0.03200000000000003
vehicle_007_session_01241,vehicle_007,1241,train,117.31002334104943,41.2,334.7,335.2,337.4,340.5,-70.30329770491804,36.40983606557377,1,0.03473770491803277,0.040000000000000036
vehicle_007_session_01242,vehicle_007,1242,train,119.4633968329125,53.2,341.6,342.5,346.1,350.3,-70.07705508196722,39.08196721311475,1,0.04418032786885243,0.04600000000000026
vehicle_007_session_01243,vehicle_007,1243,train,118.66667951388888,27.6,330.3,330.5,331.4,332.8,-60.51968081967214,34.67213114754098,1,0.025409836065573774,0.027000000000000135
vehicle_007_session_01244,vehicle_007,1244,train,117.04970610894097,51.6,341.1,341.8,344.7,348.3,-58.23934918032788,37.24590163934426,1,0.04101639344262295,0.04400000000000004
vehicle_007_session_01245,vehicle_007,1245,train,119.12082273860403,52.4,342.2,343.0,346.8,351.0,-70.06394016393442,30.360655737704917,1,0.043524590163934423,0.04600000000000026
vehicle_007_session_01246,vehicle_007,1246,train,120.16971004993758,52.0,340.7,341.6,345.5,349.9,-69.99672098360655,32.65573770491803,1,0.04368852459016393,0.04600000000000026
vehicle_007_session_01247,vehicle_007,1247,train,116.74841084401712,24.0,329.6,329.9,330.8,331.9,-60.62951377049181,28.918032786885245,1,0.023950819672131175,0.026000000000000245
vehicle_007_session_01248,vehicle_007,1248,train,116.7343859953704,50.0,339.9,340.5,343.3,346.9,-58.37049672131149,32.36065573770492,1,0.03834426229508198,0.04100000000000037
vehicle_007_session_01249,vehicle_007,1249,train,122.19909157135082,74.4,359.6,360.0,362.7,366.1,-55.23607213114755,34.0,0,0.03696721311475404,0.03900000000000059
vehicle_007_session_01250,vehicle_007,1250,train,117.50188203828829,46.4,337.4,338.2,340.8,345.0,-69.95901901639344,31.78688524590164,1,0.03931147540983607,0.04600000000000026
vehicle_007_session_01251,vehicle_007,1251,train,117.74697044270833,36.4,332.7,333.2,334.7,337.2,-69.94098786885245,30.360655737704917,1,0.030590163934426224,0.03400000000000025
vehicle_007_session_01252,vehicle_007,1252,train,120.2937751322752,68.4,355.0,355.8,358.9,363.2,-69.88033573770493,33.39344262295082,1,0.04091803278688526,0.0420000000000007
vehicle_007_session_01253,vehicle_007,1253,train,117.48733760322823,43.6,335.8,336.3,338.6,342.2,-69.9508218032787,36.01639344262295,2,0.03616393442622948,0.04200000000000026
vehicle_007_session_01254,vehicle_007,1254,train,122.29655397173485,73.6,358.6,359.6,362.8,367.1,-69.90984262295082,38.0,0,0.04280327868852461,0.04500000000000082
vehicle_007_session_01255,vehicle_007,1255,train,117.27914903381644,32.0,330.7,331.0,332.2,333.9,-60.23279409836065,37.0,0,0.025622950819672113,0.028000000000000025
vehicle_007_session_01256,vehicle_007,1256,train,120.47981167929294,69.2,354.7,355.3,358.0,361.1,-55.91148344262295,40.0,0,0.03639344262295078,0.0389999999999997
vehicle_007_session_01257,vehicle_007,1257,train,118.35789026580461,61.6,347.2,348.0,350.7,353.9,-57.1836118032787,38.0,0,0.03786885245901638,0.040999999999999925
vehicle_007_session_01258,vehicle_007,1258,train,115.67275824652782,45.6,336.4,336.9,339.6,343.5,-70.13607540983607,37.59016393442623,1,0.03775409836065573,0.04400000000000004
vehicle_007_session_01259,vehicle_007,1259,train,115.7404022671569,23.6,328.9,329.2,330.5,332.1,-69.97377213114754,34.24590163934426,1,0.027737704918032825,0.03000000000000025
vehicle_007_session_01260,vehicle_007,1260,train,116.03896681096684,50.8,339.7,340.3,343.6,348.0,-69.93442885245902,37.50819672131148,1,0.042196721311475394,0.04599999999999982
vehicle_007_session_01261,vehicle_007,1261,train,116.43386782786888,25.6,329.1,329.2,330.2,331.4,-60.672136393442614,37.0,0,0.02485245901639345,0.026000000000000245
vehicle_007_session_01262,vehicle_007,1262,train,114.79845013503086,36.4,331.9,332.2,333.5,335.3,-59.808214262295095,40.9344262295082,1,0.026754098360655763,0.02900000000000036
vehicle_007_session_01263,vehicle_007,1263,train,117.91918328373023,65.2,350.2,350.8,353.6,356.9,-59.80002000000002,43.0,0,0.0382131147540984,0.040000000000000036
vehicle_007_session_01264,vehicle_007,1264,train,114.14224501173713,44.8,336.0,336.4,338.8,342.5,-70.30493655737705,35.52459016393443,1,0.03640983606557373,0.04300000000000015
vehicle_007_session_01265,vehicle_007,1265,train,115.26736006944444,33.6,331.3,331.6,333.0,335.2,-69.9934419672131,35.622950819672134,1,0.029475409836065634,0.03200000000000003
vehicle_007_session_01266,vehicle_007,1266,train,117.0743209447874,59.2,343.6,344.9,348.8,353.0,-70.36557409836065,37.442622950819676,1,0.04468852459016391,0.04999999999999982
vehicle_007_session_01267,vehicle_007,1267,train,115.5880015533626,43.6,334.9,335.5,337.5,340.8,-69.86557786885245,34.59016393442623,1,0.03462295081967208,0.040000000000000036
vehicle_007_session_01268,vehicle_007,1268,train,118.83061501736107,74.0,357.5,358.5,361.8,365.8,-69.86229901639344,37.31147540983606,1,0.042295081967213155,0.04400000000000048
vehicle_007_session_01269,vehicle_007,1269,train,118.53852430555553,54.4,338.5,340.7,345.3,349.9,-70.56558032786884,31.21311475409836,2,0.045377049180327846,0.04800000000000004
vehicle_007_session_01270,vehicle_007,1270,train,121.50429352297012,76.8,359.9,360.8,364.3,368.6,-70.62951819672129,32.77049180327869,1,0.04362295081967213,0.04600000000000026
vehicle_007_session_01271,vehicle_007,1271,train,116.09555896791188,28.8,329.6,329.9,331.0,332.2,-60.75738442622952,32.622950819672134,1,0.02501639344262296,0.02699999999999969
vehicle_007_session_01272,vehicle_007,1272,train,114.42804078282828,52.4,339.4,339.9,342.7,346.4,-58.644268524590174,35.0,0,0.04001639344262298,0.04400000000000004
vehicle_007_session_01273,vehicle_007,1273,train,117.79870605066873,32.8,329.2,329.9,331.4,333.0,-60.04210986842105,36.86842105263158,1,0.02555263157894741,0.027000000000000135
vehicle_007_session_01274,vehicle_007,1274,train,117.02576553362573,18.4,324.7,325.8,328.3,329.7,-68.47540737704918,37.278688524590166,1,0.03129508196721311,0.03600000000000003
vehicle_007_session_01275,vehicle_007,1275,train,115.20735211267609,49.2,337.2,337.8,340.3,344.4,-68.48852344262295,40.63934426229508,1,0.038655737704918036,0.04600000000000026
vehicle_007_session_01276,vehicle_007,1276,train,121.39723034722219,77.6,359.4,360.0,363.3,367.5,-68.5,42.77049180327869,1,0.042967213114754106,0.04600000000000026
vehicle_007_session_01277,vehicle_007,1277,train,115.77038971280604,21.6,326.1,327.4,329.1,330.5,-70.20001213114755,39.68852459016394,1,0.030426229508196734,0.03600000000000003
vehicle_007_session_01278,vehicle_007,1278,train,115.95836267361115,45.2,335.2,335.7,337.7,341.1,-70.30493655737705,42.295081967213115,1,0.035278688524590124,0.039000000000000146
vehicle_007_session_01279,vehicle_007,1279,train,121.17572611111113,77.2,359.1,359.9,362.7,366.6,-65.63443819672133,44.85245901639344,1,0.04162295081967213,0.04400000000000048
vehicle_007_session_01280,vehicle_007,1280,train,115.12643293946928,47.6,335.7,336.0,337.8,341.0,-59.39835114754097,41.24590163934426,1,0.034016393442622916,0.040000000000000036
vehicle_007_session_01281,vehicle_007,1281,train,119.50339052672963,74.4,356.1,356.9,359.6,363.0,-59.403269672131145,43.0,0,0.04000000000000002,0.04100000000000037
vehicle_007_session_01282,vehicle_007,1282,train,118.04726368159207,26.8,327.5,328.9,330.3,331.9,-69.90327163934425,40.131147540983605,1,0.027770491803278702,0.02900000000000036
vehicle_007_session_01283,vehicle_007,1283,train,116.54931845619662,54.0,340.0,340.8,344.3,348.6,-69.84426901639344,42.9344262295082,1,0.04322950819672134,0.04600000000000026
vehicle_007_session_01284,vehicle_007,1284,train,116.74814979012346,25.6,327.69998,328.8,330.24999,331.69998,-70.07237276315789,30.92105263157895,2,0.027697369736842132,0.029999999999999805
vehicle_007_session_01285,vehicle_007,1285,train,117.61771457156308,34.4,331.1,331.4,332.5,334.1,-60.56230131147541,31.21311475409836,1,0.025557377049180374,0.028000000000000025
vehicle_007_session_01286,vehicle_007,1286,train,118.92545790692013,74.8,354.4,355.2,357.8,361.3,-60.6295180327869,35.0,0,0.03931147540983604,0.04100000000000037
vehicle_007_session_01287,vehicle_007,1287,train,113.2912818509615,14.8,324.6,324.9,326.1,327.2,-47.13279491803279,34.0,0,0.023032786885245855,0.02499999999999991
vehicle_007_session_01288,vehicle_007,1288,train,116.56943573232326,28.8,328.5,329.6,331.0,332.5,-69.95081540983607,31.65573770491803,1,0.0278032786885246,0.02900000000000036
vehicle_007_session_01289,vehicle_007,1289,train,114.48382068822555,50.8,338.0,338.6,341.4,345.8,-69.92130360655737,34.39344262295082,1,0.04111475409836069,0.04800000000000004
vehicle_007_session_01290,vehicle_007,1290,train,115.76831051587298,26.4,327.4,328.2,329.6,330.8,-60.8918093442623,34.08196721311475,1,0.02518032786885249,0.027000000000000135
vehicle_007_session_01291,vehicle_007,1291,train,115.47023287429376,60.8,344.6,345.2,348.0,351.4,-57.678693770491805,38.18032786885246,1,0.04057377049180324,0.04400000000000004
vehicle_007_session_01292,vehicle_007,1292,train,117.40598910256408,50.4,336.1,336.6,339.4,343.6,-69.99180639344262,37.01639344262295,2,0.03939344262295084,0.04700000000000015
vehicle_007_session_01293,vehicle_007,1293,train,117.55992086693551,10.8,321.0,322.4,324.9,327.5,-69.97540803278689,36.0,0,0.031360655737704864,0.03299999999999992
vehicle_007_session_01294,vehicle_007,1294,train,117.78198484848487,36.0,331.7,332.1,333.3,335.2,-69.96721180327869,37.85245901639344,2,0.029754098360655745,0.03200000000000003
vehicle_007_session_01295,vehicle_007,1295,train,119.45711566253752,62.8,346.3,347.1,350.3,354.4,-69.94426459016394,41.0,0,0.04363934426229508,0.04600000000000026
vehicle_007_session_01296,vehicle_007,1296,train,115.94162288135597,46.0,334.6,334.9,337.1,340.2,-70.35410213114754,36.80327868852459,1,0.03550819672131144,0.04100000000000037
vehicle_007_session_01297,vehicle_007,1297,train,117.09857712542085,69.6,351.8,352.5,355.7,359.7,-70.39015819672132,39.0,0,0.04327868852459018,0.04500000000000037
vehicle_007_session_01298,vehicle_007,1298,train,117.49165694444444,31.2,328.5,329.6,331.0,332.7,-69.92294508196721,38.0,0,0.028393442622950838,0.03000000000000025
vehicle_007_session_01299,vehicle_007,1299,train,117.25533322649578,51.6,337.4,337.8,340.5,344.7,-69.91475016393443,40.36065573770492,1,0.04042622950819673,0.04800000000000004
vehicle_007_session_01300,vehicle_007,1300,train,116.4434795634921,66.4,349.1,350.0,353.3,357.4,-70.72788196721311,33.75409836065574,1,0.043672131147540996,0.04600000000000026
vehicle_007_session_01301,vehicle_007,1301,train,120.53943675672747,67.2,349.4,350.2,353.3,357.2,-69.95573327868853,41.68852459016394,1,0.04298360655737704,0.04599999999999982
vehicle_007_session_01302,vehicle_007,1302,train,116.67217817982458,39.6,331.9,332.2,333.8,336.1,-69.76559032786885,38.08196721311475,1,0.03060655737704916,0.03400000000000025
vehicle_007_session_01303,vehicle_007,1303,train,117.26467569660107,33.6,328.5,329.6,330.9,332.4,-60.09869092105263,37.078947368421055,1,0.025447368421052663,0.027000000000000135
vehicle_007_session_01304,vehicle_007,1304,train,116.82065074346403,54.4,336.1,337.45,340.7375,344.9,-59.72134533333331,37.346666666666664,1,0.040199999999999986,0.04600000000000026
vehicle_007_session_01305,vehicle_007,1305,train,116.56674907002719,19.6,323.9,324.95,327.4,328.9,-59.957333866666666,38.88,1,0.028919999999999977,0.03200000000000003
vehicle_007_session_01306,vehicle_007,1306,train,115.60088453389834,24.8,326.6,328.0,329.6,331.1,-69.59836606557376,34.26229508196721,1,0.028950819672131183,0.03300000000000036
vehicle_007_session_01307,vehicle_007,1307,train,114.34583021336556,48.4,336.1,336.6,338.9,342.5,-69.70328901639343,37.295081967213115,1,0.03770491803278687,0.04400000000000004
vehicle_007_session_01308,vehicle_007,1308,train,119.72995769032927,76.0,356.9,357.5,360.8,365.0,-69.7164050819672,39.68852459016394,1,0.044114754098360645,0.04600000000000026
vehicle_007_session_01309,vehicle_007,1309,train,118.45389792976938,58.8,339.7,341.4,345.8,349.9,-68.76230721311477,44.24590163934426,1,0.04657377049180326,0.051000000000000156
vehicle_007_session_01310,vehicle_007,1310,train,114.85981263102727,12.8,321.1,322.5,325.2,327.7,-69.55574327868852,29.59016393442623,1,0.031229508196721316,0.03400000000000025
vehicle_007_session_01311,vehicle_007,1311,train,117.06036184467918,34.0,330.8,331.0,332.1,333.5,-69.58525409836065,30.868852459016395,2,0.02788524590163938,0.03000000000000025
vehicle_007_session_01312,vehicle_007,1312,train,120.20553434684686,62.4,343.5,344.4,347.7,351.8,-69.59181163934427,34.73770491803279,1,0.04467213114754098,0.04700000000000015
vehicle_007_session_01313,vehicle_007,1313,train,115.39236902777779,44.8,331.9,332.2,333.5,335.3,-44.97213065573771,37.49180327868852,0,0.02439344262295087,0.027000000000000135
vehicle_007_session_01314,vehicle_007,1314,train,116.56864311002177,64.8,345.8,346.4,348.5,351.0,-43.06393688524591,39.0,0,0.03573770491803275,0.039000000000000146
vehicle_007_session_01315,vehicle_007,1315,train,116.13365866424309,24.8,325.7,328.1,329.7,331.1,-70.1240004,35.2,2,0.029293333333333352,0.03400000000000025
vehicle_007_session_01316,vehicle_007,1316,train,115.33788928952993,51.2,336.4,337.1,339.6,343.6,-69.09509147540983,39.31147540983606,1,0.04024590163934425,0.04800000000000004
vehicle_007_session_01317,vehicle_007,1317,train,116.64285164760349,72.0,352.8,353.6,356.9,360.8,-69.10001000000001,41.0,0,0.04401639344262297,0.04500000000000037
vehicle_007_session_01318,vehicle_007,1318,train,116.79875144050298,59.6,342.5,343.5,346.6,350.2,-59.38196459016394,40.0,0,0.04390163934426226,0.04700000000000015
vehicle_007_session_01319,vehicle_007,1319,train,115.05811064369658,54.4,338.0,338.3,340.2,343.0,-44.28197032786885,37.0,0,0.034049180327868835,0.040000000000000036
vehicle_007_session_01320,vehicle_007,1320,train,116.12525964506177,53.2,336.4,338.0,341.9,346.9,-70.00164049180329,32.67213114754098,1,0.044491803278688506,0.050000000000000266
vehicle_007_session_01321,vehicle_007,1321,train,117.06784044130823,23.6,326.4,327.5,329.19998,330.69998,-70.03026497368421,36.61842105263158,1,0.03135524868421051,0.03800019999999993
vehicle_007_session_01322,vehicle_007,1322,train,115.56533531711973,4.4,317.4,319.0,322.29999,324.9,-70.12237518421053,36.0,0,0.03719734868421052,0.040000000000000036
vehicle_007_session_01323,vehicle_007,1323,train,115.59701230265784,28.8,327.8,329.0,330.5,332.1,-70.3799976,41.693333333333335,1,0.028906666666666716,0.03100000000000014
vehicle_007_session_01324,vehicle_007,1324,train,116.463496137398,17.2,323.2,324.65,327.275,329.2,-69.92266546666667,37.0,0,0.03177333333333331,0.03400000000000025
vehicle_007_session_01325,vehicle_007,1325,train,118.78041345080479,56.8,338.2,339.79999999999995,344.175,348.6,-69.94533373333333,43.0,0,0.04672000000000002,0.051000000000000156
vehicle_007_session_01326,vehicle_007,1326,train,116.22872586849509,31.6,328.9,329.69998,331.1,333.0,-69.98157784210527,37.06578947368421,2,0.02888156315789473,0.030999800000000022
vehicle_007_session_01327,vehicle_007,1327,train,116.60123651175218,57.2,340.3,341.1,344.9,349.3,-69.85410147540982,41.47540983606557,1,0.04637704918032788,0.051000000000000156
vehicle_007_session_01328,vehicle_007,1328,train,114.63634350633531,33.6,330.2,330.3,331.4,333.0,-60.4475493442623,41.032786885245905,1,0.026163934426229524,0.028999999999999915
vehicle_007_session_01329,vehicle_007,1329,train,115.32652107699803,56.4,339.9,340.5,343.3,347.1,-58.359021803278694,43.278688524590166,1,0.04213114754098364,0.04600000000000026
vehicle_007_session_01330,vehicle_007,1330,train,115.40552312631024,68.0,350.7,351.4,354.7,358.8,-70.4540937704918,39.0,0,0.045409836065573785,0.04700000000000015
vehicle_007_session_01331,vehicle_007,1331,train,120.02429201388888,58.0,341.3,342.1,345.5,349.9,-71.40654803278689,41.57377049180328,1,0.043999999999999984,0.04700000000000015
vehicle_007_session_01332,vehicle_007,1332,train,118.72235756913445,8.0,318.8,320.25,323.4,326.0,-69.87237092105264,42.0,0,0.033697368421052615,0.03699999999999992
vehicle_007_session_01333,vehicle_007,1333,train,116.36535357815445,40.4,331.0,331.9,333.9,336.4,-69.98361016393443,35.90163934426229,1,0.0318360655737705,0.03600000000000003
vehicle_007_session_01334,vehicle_007,1334,train,117.19005925707553,64.4,347.2,348.2,351.4,355.3,-69.91475672131148,38.0,0,0.04460655737704913,0.04700000000000015
vehicle_007_session_01335,vehicle_007,1335,train,117.46627298513303,23.6,327.5,328.0,329.6,330.8,-68.65410836065574,34.0,0,0.029393442622950867,0.03400000000000025
vehicle_007_session_01336,vehicle_007,1336,train,115.9923677536232,52.4,338.2,338.8,341.4,345.8,-68.6049280327869,37.622950819672134,1,0.04086885245901642,0.04700000000000015
vehicle_007_session_01337,vehicle_007,1337,train,115.5392444760101,29.2,329.7,330.0,331.0,332.5,-69.9360644262295,41.77049180327869,1,0.028278688524590194,0.03000000000000025
vehicle_007_session_01338,vehicle_007,1338,train,116.95363511029412,56.0,340.0,340.7,343.9,347.8,-67.26885278688525,44.442622950819676,1,0.042967213114754106,0.04700000000000015
vehicle_007_session_01339,vehicle_007,1339,train,115.74789587902046,17.2,322.8,324.4,327.2,329.2,-70.36229639344262,36.885245901639344,1,0.03165573770491804,0.03400000000000025
vehicle_007_session_01340,vehicle_007,1340,train,115.51052524399401,47.6,335.8,336.3,338.5,341.9,-70.32951934426231,39.60655737704918,1,0.03652459016393442,0.04200000000000026
vehicle_007_session_01341,vehicle_007,1341,train,115.81597293709152,27.2,329.4,329.6,330.7,332.1,-70.0,35.032786885245905,1,0.028508196721311482,0.030999999999999694
vehicle_007_session_01342,vehicle_007,1342,train,115.85995405092592,54.8,339.7,340.2,343.5,347.8,-70.00163950819672,38.08196721311475,2,0.04408196721311476,0.04899999999999993
vehicle_007_session_01343,vehicle_007,1343,train,116.00974104166671,72.4,352.7,353.2,355.0,357.5,-42.839351311475426,36.0,0,0.03463934426229511,0.03600000000000003
vehicle_007_session_01344,vehicle_007,1344,train,115.81303839098537,46.4,335.2,335.7,337.5,340.5,-69.58197475409837,37.459016393442624,1,0.03531147540983602,0.040000000000000036
vehicle_007_session_01345,vehicle_007,1345,train,115.91151741657023,17.2,323.5,324.79999999999995,327.575,329.4,-70.16134133333335,33.0,0,0.03229333333333332,0.0349999999999997
vehicle_007_session_01346,vehicle_007,1346,train,116.65926786485323,21.6,324.7,326.6,328.85,330.3,-69.71467386666667,34.53333333333333,1,0.03226666666666669,0.03699999999999992
vehicle_007_session_01347,vehicle_007,1347,train,115.71799708652621,37.2,330.2,331.0,332.5,334.7,-70.06721803278688,35.68852459016394,1,0.030131147540983623,0.03299999999999992
vehicle_007_session_01348,vehicle_007,1348,train,118.13911083984377,72.4,353.3,354.1,357.4,361.4,-70.00327868852459,38.77049180327869,1,0.044524590163934424,0.04600000000000026
vehicle_007_session_01349,vehicle_007,1349,train,112.22556463675213,43.6,334.4,334.7,336.6,339.4,-70.03442918032786,34.85245901639344,2,0.03434426229508193,0.038000000000000256
vehicle_007_session_01350,vehicle_007,1350,train,116.10010765250547,37.2,329.7,331.0,332.8,334.9,-69.76401639999999,35.52,1,0.029226666666666692,0.03200000000000003
vehicle_007_session_01351,vehicle_007,1351,train,115.76603226495727,54.8,339.3,339.9,342.5,346.6,-60.55902229508197,34.60655737704918,1,0.03900000000000004,0.04400000000000004
vehicle_007_session_01352,vehicle_007,1352,train,117.90209396901709,3.6,316.0,317.7,320.8,323.5,-62.65733946666666,36.93333333333333,1,0.03448000000000003,0.037000000000000366
vehicle_007_session_01353,vehicle_007,1353,train,119.05881588387577,29.6,329.7,329.9,330.7,331.7,-60.696057368421044,37.46052631578947,1,0.024289473684210545,0.026000000000000245
vehicle_007_session_01354,vehicle_007,1354,train,116.80138916666667,74.0,354.9,355.8,358.9,363.2,-69.49672098360655,40.0,0,0.04183606557377051,0.04300000000000015
vehicle_007_session_01355,vehicle_007,1355,train,116.26703236373166,14.0,323.5,324.1,326.4,328.6,-69.88360147540982,38.0,0,0.031196721311475373,0.03399999999999981
vehicle_007_session_01356,vehicle_007,1356,train,115.06605426198261,35.2,331.6,331.9,333.2,334.9,-69.8409913114754,39.57377049180328,1,0.02908196721311479,0.03100000000000014
vehicle_007_session_01357,vehicle_007,1357,train,116.15177221688035,23.6,326.0,327.2,329.15,330.5,-69.8360036,39.88,1,0.031239999999999993,0.03699999999999992
vehicle_007_session_01358,vehicle_007,1358,train,114.50781384015596,46.8,335.3,335.8,337.8,341.1,-71.20164950819671,33.32786885245902,1,0.03426229508196718,0.038000000000000256
vehicle_007_session_01359,vehicle_007,1359,train,117.50372048007249,52.0,334.7,336.5,339.775,344.4,-69.94400200000001,32.44,1,0.039053333333333363,0.04700000000000015
vehicle_007_session_01360,vehicle_007,1360,train,115.61342766203704,52.0,337.2,337.8,340.8,345.3,-70.49016295081968,39.16393442622951,1,0.04019672131147543,0.04600000000000026
vehicle_007_session_01361,vehicle_007,1361,train,115.89167249999998,34.4,331.4,331.7,332.8,334.6,-69.5377086885246,35.90163934426229,2,0.02852459016393448,0.03100000000000014
vehicle_007_session_01362,vehicle_007,1362,train,117.0419431089744,54.8,339.9,340.5,343.6,348.0,-69.55246426229508,38.52459016393443,1,0.0415409836065574,0.04500000000000037
vehicle_007_session_01363,vehicle_007,1363,train,118.13862282135084,59.2,342.4,343.3,347.1,351.3,-70.53606918032789,39.80327868852459,1,0.04398360655737703,0.04700000000000015
vehicle_007_session_01364,vehicle_007,1364,train,116.65349902033729,12.0,321.3,322.75,325.2,327.7,-70.03246974025974,39.0,0,0.03024675324675322,0.03299999999999992
vehicle_007_session_01365,vehicle_007,1365,train,117.15300470623504,42.4,331.1,332.45,334.6,337.2,-69.21867853333332,33.76,1,0.03115999999999999,0.03599999999999959
vehicle_007_session_01366,vehicle_007,1366,train,115.83508748070993,30.0,328.9,329.84,331.03000000000003,332.7,-70.20162403225807,39.53225806451613,1,0.028096774193548415,0.029999999999999805
vehicle_007_session_01367,vehicle_007,1367,train,116.90810715277779,42.0,331.4,332.45,334.6,337.4,-70.20667893333332,35.04,2,0.031479999999999994,0.03600000000000003
vehicle_007_session_01368,vehicle_007,1368,train,115.98937218660969,30.4,328.0,328.9,330.3,331.7,-61.1157942105263,34.6578947368421,1,0.024750000000000025,0.026000000000000245
vehicle_007_session_01369,vehicle_007,1369,train,115.7006613343254,55.6,339.7,340.5,343.8,348.3,-70.15246901639344,38.67213114754098,1,0.0433770491803279,0.04899999999999993
vehicle_007_session_01370,vehicle_007,1370,train,115.65425536062378,68.8,350.5,351.1,353.9,357.4,-60.06558032786886,39.0,0,0.038131147540983686,0.040000000000000036
vehicle_007_session_01371,vehicle_007,1371,train,116.73143796195653,48.8,333.6,335.1,338.075,341.9,-69.96800320000001,37.46666666666667,1,0.036653333333333336,0.041999999999999815
vehicle_007_session_01372,vehicle_007,1372,train,114.50610003591959,35.2,330.5,330.7,331.9,333.5,-60.87377163934427,36.16393442622951,1,0.025918032786885252,0.028000000000000025
vehicle_007_session_01373,vehicle_007,1373,train,116.42856498015871,58.8,341.6,342.4,345.5,349.4,-60.93278016393442,38.80327868852459,1,0.04219672131147539,0.04499999999999993
vehicle_007_session_01374,vehicle_007,1374,train,116.94381262400793,62.8,344.1,345.4,348.70000000000005,352.4,-57.80658539473683,38.35526315789474,1,0.04107894736842102,0.04899999999999993
vehicle_007_session_01375,vehicle_007,1375,train,117.00960250824457,10.4,320.7,322.29999999999995,324.9375,327.5,-73.5866748,35.0,0,0.03211999999999999,0.03500000000000014
vehicle_007_session_01376,vehicle_007,1376,train,116.65764708333336,64.4,347.7,348.6,351.9,355.8,-70.01475836065573,38.131147540983605,1,0.042786885245901636,0.04599999999999982
vehicle_007_session_01377,vehicle_007,1377,train,114.45885473251028,44.4,333.9,334.29999999999995,336.20000000000005,339.1,-70.05132078947368,41.73684210526316,1,0.033789473684210494,0.038000000000000256
vehicle_007_session_01378,vehicle_007,1378,train,115.28061158780602,31.2,328.5,329.2,330.4,331.9,-60.809214999999995,37.10526315789474,1,0.025210526315789468,0.028000000000000025
vehicle_007_session_01379,vehicle_007,1379,train,115.10774176717835,54.0,338.2,339.5,342.1375,345.8,-58.700006399999985,39.61333333333334,1,0.0393866666666667,0.04500000000000037
vehicle_007_session_01380,vehicle_007,1380,train,116.949696802935,32.0,328.0,329.1,330.5,331.9,-60.847547049180335,36.49180327868852,1,0.025032786885245933,0.027000000000000135
vehicle_007_session_01381,vehicle_007,1381,train,117.4770951388889,63.2,345.3,346.1,349.1,352.4,-57.55082524590164,38.98360655737705,1,0.04099999999999997,0.04400000000000004
vehicle_007_session_01382,vehicle_007,1382,train,115.50781950644844,36.0,329.7,330.8,332.5,334.7,-70.04918442622952,35.26229508196721,2,0.02972131147540986,0.03200000000000003
vehicle_007_session_01383,vehicle_007,1383,train,117.25216750478926,58.8,342.4,343.2,346.9,351.1,-69.95082524590165,37.885245901639344,1,0.04585245901639343,0.04899999999999993
vehicle_007_session_01384,vehicle_007,1384,train,117.80215208333334,25.6,328.5,328.9,329.9,331.3,-69.87541131147542,40.0,0,0.02849180327868853,0.03100000000000014
vehicle_007_session_01385,vehicle_007,1385,train,114.30362429269549,18.8,327.1,327.4,328.6,329.9,-69.98852344262295,42.0,0,0.02970491803278692,0.03200000000000003
vehicle_007_session_01386,vehicle_007,1386,train,117.6789913194444,40.4,332.8,333.2,334.7,336.9,-69.98852344262295,43.42622950819672,1,0.0315245901639344,0.0349999999999997
vehicle_007_session_01387,vehicle_007,1387,train,120.05173066448799,64.0,346.4,347.2,350.2,353.9,-63.8803237704918,45.540983606557376,1,0.0422295081967213,0.04400000000000004
vehicle_007_session_01388,vehicle_007,1388,train,115.01901441299793,57.6,338.5,340.0,344.1,348.2,-60.06066098360656,39.0,0,0.043901639344262326,0.04700000000000015
vehicle_007_session_01389,vehicle_007,1389,train,115.7304555342179,13.2,321.3,322.8,325.6,328.0,-70.11600786666666,40.0,0,0.03126666666666666,0.03299999999999992
vehicle_007_session_01390,vehicle_007,1390,train,117.04322928545325,46.4,332.8,334.0,336.475,339.9,-69.85333733333333,41.733333333333334,1,0.035013333333333306,0.039000000000000146
vehicle_007_session_01391,vehicle_007,1391,train,115.35149128898635,26.0,326.7,328.0,329.7,331.0,-70.03442967213115,39.47540983606557,1,0.02995081967213117,0.03500000000000014
vehicle_007_session_01392,vehicle_007,1392,train,114.04040656565658,48.8,335.8,336.3,338.5,342.1,-70.01803459016392,41.885245901639344,2,0.036803278688524566,0.04200000000000026
vehicle_007_session_01393,vehicle_007,1393,train,116.87618334582335,42.0,331.4,332.45,334.65,337.4,-69.80001786666666,38.93333333333333,2,0.03233333333333334,0.03699999999999992
vehicle_007_session_01394,vehicle_007,1394,train,115.14024715792186,33.2,328.9,330.0,331.6,333.5,-69.85200320000001,36.38666666666666,1,0.028373333333333358,0.03100000000000014
vehicle_007_session_01395,vehicle_007,1395,train,117.08681664351853,55.2,339.4,340.1,343.4,348.0,-69.80921802631578,38.26315789473684,39,0.04332894736842106,0.04800000000000004
vehicle_007_session_01396,vehicle_007,1396,train,115.26425712099811,14.4,323.2,323.6,325.7,327.7,-60.0606618032787,41.0,0,0.027950819672131127,0.03000000000000025
vehicle_007_session_01397,vehicle_007,1397,train,115.22818948412697,38.0,331.7,332.1,333.3,334.9,-60.07705688524591,42.85245901639344,1,0.026852459016393448,0.029999999999999805
vehicle_007_session_01398,vehicle_007,1398,train,116.47459251792115,63.2,346.0,346.8,349.7,353.2,-60.08525442622951,45.459016393442624,1,0.04103278688524589,0.04300000000000015
vehicle_007_session_01399,vehicle_007,1399,train,116.68783642199197,20.4,324.9,326.1,328.5,330.0,-69.93026523684212,38.5,1,0.03234208684210525,0.03700020000000004
vehicle_007_session_01400,vehicle_007,1400,train,117.37370206679894,38.8,330.19998,331.4,333.3,335.69998,-69.99740244155844,42.701298701298704,1,0.030766228571428595,0.03400010000000009
vehicle_007_session_01401,vehicle_007,1401,train,115.72186820540935,14.0,321.4,323.1,325.9,328.3,-69.83200679999999,35.0,0,0.031213333333333305,0.03300000000000036
vehicle_007_session_01402,vehicle_007,1402,train,116.01897369123931,24.0,327.7,328.2,329.6,330.8,-70.05082475409837,38.0,0,0.02981967213114757,0.03500000000000014
vehicle_007_session_01403,vehicle_007,1403,train,116.97934722222224,32.8,328.6,329.9,331.4,333.2,-69.97866986666666,37.78666666666667,1,0.028720000000000027,0.03100000000000014
vehicle_007_session_01404,vehicle_007,1404,train,116.92984374999999,31.6,328.6,329.2,330.5,331.9,-59.87868622950818,34.49180327868852,1,0.025147540983606585,0.027000000000000135
vehicle_007_session_01405,vehicle_007,1405,train,116.94144175047893,59.6,342.7,343.5,346.6,350.3,-59.890159508196724,37.91803278688525,1,0.043229508196721285,0.04600000000000026
vehicle_007_session_01406,vehicle_007,1406,train,116.77828610485484,52.0,335.2,336.70000000000005,340.2,344.7,-70.06800626666667,37.6,1,0.04165333333333333,0.050000000000000266
vehicle_007_session_01407,vehicle_007,1407,train,116.34554555733618,19.6,324.9,325.9,328.4,329.9,-69.92105447368421,35.75,1,0.03160526315789475,0.03500000000000014
vehicle_007_session_01408,vehicle_007,1408,train,115.56923907103823,34.8,330.8,331.0,331.9,333.5,-59.7229631147541,37.950819672131146,1,0.025852459016393464,0.027000000000000135
vehicle_007_session_01409,vehicle_007,1409,train,117.59129224624625,23.6,325.5,327.0,329.1,330.5,-69.99473694736842,37.4078947368421,1,0.03269737894736842,0.03800019999999993
vehicle_007_session_01410,vehicle_007,1410,train,117.83939650555557,47.6,333.0,334.5,337.29999999999995,341.4,-75.42105105263158,35.28947368421053,2,0.038723684210526285,0.04499999999999993
vehicle_007_session_01411,vehicle_007,1411,train,115.92031864004633,45.6,333.0,334.0,336.4,339.7,-69.909334,35.81333333333333,1,0.03527999999999998,0.040000000000000036
vehicle_007_session_01412,vehicle_007,1412,train,115.68528079140461,62.8,346.0,346.9,350.5,354.6,-70.09344901639344,39.0,0,0.04516393442622952,0.050000000000000266
vehicle_007_session_01413,vehicle_007,1413,train,115.79275102699532,51.6,337.5,338.2,340.8,345.2,-70.04098770491804,35.622950819672134,1,0.04131147540983613,0.04900000000000038
vehicle_007_session_01414,vehicle_007,1414,train,115.59621903594774,33.6,330.5,330.8,331.7,333.2,-60.59345196721312,38.885245901639344,1,0.024803278688524603,0.026000000000000245
vehicle_007_session_01415,vehicle_007,1415,train,114.85711384882478,38.8,331.4,331.7,333.0,334.9,-60.152464262295084,36.42622950819672,1,0.02637704918032789,0.02900000000000036
vehicle_007_session_01416,vehicle_007,1416,train,113.50191117424244,41.2,333.3,333.6,335.2,337.8,-70.22132295081968,40.622950819672134,1,0.03140983606557373,0.0349999999999997
vehicle_007_session_01417,vehicle_007,1417,train,116.84529367503158,9.6,319.6,321.20000000000005,324.15,326.7,-69.8881602631579,39.75,1,0.031973684210526286,0.03600000000000003
vehicle_007_session_01418,vehicle_007,1418,train,115.26016287393162,34.4,330.5,330.7,331.7,333.2,-60.59836639344262,40.36065573770492,1,0.025295081967213133,0.027000000000000135
vehicle_007_session_01419,vehicle_007,1419,train,116.79998648313493,60.4,342.8,343.6,346.6,350.2,-58.00492327868852,43.0,0,0.0411967213114754,0.04400000000000004
vehicle_007_session_01420,vehicle_007,1420,train,116.06833331997862,25.2,326.7,328.0,329.7,331.1,-69.91200026666665,39.21333333333333,1,0.029733333333333358,0.03500000000000014
vehicle_007_session_01421,vehicle_007,1421,train,117.21253671364379,62.0,344.6,345.3,348.5,352.1,-60.04754573770493,40.0,0,0.0411311475409836,0.04600000000000026
vehicle_007_session_01422,vehicle_007,1422,train,114.7913566231343,39.6,331.7,332.1,333.6,336.0,-70.05082442622951,36.0,0,0.03013114754098361,0.03300000000000036
vehicle_007_session_01423,vehicle_007,1423,train,117.4086342871732,29.6,328.3,329.2,330.75,332.4,-70.71185565789473,37.71052631578947,1,0.02810526315789475,0.029999999999999805
vehicle_007_session_01424,vehicle_007,1424,train,116.51494076693025,11.2,320.3,321.65,324.1,326.4,-61.611848684210514,39.0,0,0.028460526315789453,0.03100000000000014
vehicle_007_session_01425,vehicle_007,1425,train,115.14449545547384,38.0,331.6,331.7,333.0,334.7,-60.97540737704917,40.19672131147541,1,0.026524590163934447,0.028000000000000025
vehicle_007_session_01426,vehicle_007,1426,train,117.75066110159815,65.2,347.4,348.2,351.1,354.4,-60.96065180327869,43.0,0,0.039852459016393435,0.041999999999999815
vehicle_007_session_01427,vehicle_007,1427,train,117.69674265614728,30.0,328.6,329.29999,330.69998,332.4,-70.00657931578948,38.85526315789474,1,0.0277762855263158,0.02900020000000003
vehicle_007_session_01428,vehicle_007,1428,train,115.99705788336169,44.8,332.2,333.4,335.8,338.9,-69.91999679999999,30.32,2,0.03294666666666662,0.038000000000000256
vehicle_007_session_01429,vehicle_007,1429,train,116.78079877314813,54.0,335.7,337.15,340.3,344.6,-59.05658460526315,31.605263157894736,1,0.04077631578947368,0.04899999999999993
vehicle_007_session_01430,vehicle_007,1430,train,117.13458249887992,44.8,332.2,333.5,335.8,338.9,-70.06400586666665,30.786666666666665,2,0.03353333333333333,0.0389999999999997
vehicle_007_session_01431,vehicle_007,1431,train,115.19539263344231,47.2,335.8,336.3,338.5,341.8,-69.90655459016394,32.31147540983606,1,0.034918032786885225,0.040000000000000036
vehicle_007_session_01432,vehicle_007,1432,train,114.9626737421384,41.2,333.3,333.6,335.3,337.8,-69.64919032786887,31.62295081967213,1,0.031819672131147524,0.03500000000000014
vehicle_007_session_01433,vehicle_007,1433,train,116.56025005594137,25.6,327.4,328.6,330.075,331.6,-70.17734,30.866666666666667,1,0.027946666666666696,0.03200000000000003
vehicle_007_session_01434,vehicle_007,1434,train,115.75251844941958,21.2,324.9,326.6,328.9,330.5,-69.79837918032786,26.737704918032787,1,0.030442622950819682,0.03400000000000025
vehicle_007_session_01435,vehicle_007,1435,train,115.13891589506177,48.0,336.0,336.6,338.6,342.1,-69.80001868852459,29.934426229508198,2,0.03545901639344258,0.040000000000000036
vehicle_007_session_01436,vehicle_007,1436,train,118.55435643696586,76.8,357.7,358.5,361.8,366.0,-69.84754672131147,32.78688524590164,1,0.04308196721311467,0.04499999999999993
vehicle_007_session_01437,vehicle_007,1437,train,115.93646996001681,23.2,325.5,326.6,328.5,329.9,-60.22952114754099,31.0,0,0.027540983606557372,0.03200000000000003
vehicle_007_session_01438,vehicle_007,1438,train,114.54267777777783,49.6,336.3,336.8,338.6,341.8,-60.13935426229509,33.868852459016395,1,0.03367213114754094,0.038000000000000256
vehicle_007_session_01439,vehicle_007,1439,train,115.5054626299131,28.8,328.5,329.5,331.0,332.5,-69.9293316,26.373333333333335,1,0.027240000000000042,0.02900000000000036
vehicle_007_session_01440,vehicle_007,1440,train,115.27032684228651,21.2,325.2,326.5,328.6,329.9,-61.085337466666665,26.14666666666667,1,0.027426666666666655,0.03200000000000003
vehicle_007_session_01441,vehicle_007,1441,train,116.1565307824074,49.2,334.6,335.75,338.70000000000005,343.0,-69.94133493333334,29.44,1,0.03803999999999998,0.04500000000000037
vehicle_007_session_01442,vehicle_007,1442,train,115.70546384479718,57.6,341.0,341.8,344.9,348.8,-59.95573327868852,30.18032786885246,1,0.04308196721311477,0.04600000000000026
vehicle_007_session_01443,vehicle_007,1443,train,116.56658378311245,26.800001,327.8,328.70000000000005,330.19998,331.69998,-69.98552628947368,32.5921052631579,1,0.027868423684210563,0.03000019999999992
vehicle_007_session_01444,vehicle_007,1444,train,117.53972639571553,8.400001,318.0,319.4,321.9,323.8,-46.86800320000001,24.0,0,0.02852000000000003,0.03200000000000003
vehicle_007_session_01445,vehicle_007,1445,train,115.92750234018264,38.0,330.7,331.65,333.70000000000005,336.1,-69.14000999999999,23.706666666666667,1,0.030106666666666677,0.03399999999999981
vehicle_007_session_01446,vehicle_007,1446,train,116.03843687604429,36.8,329.9,331.5,333.5375,335.7,-70.0586712,21.52,1,0.02913333333333337,0.03299999999999992
vehicle_007_session_01447,vehicle_007,1447,train,116.35337209987156,12.400001,321.1,322.0,323.9,327.69998,-53.68553339473685,25.973684210526315,1,0.026289465789473665,0.03399979999999969
vehicle_007_session_01448,vehicle_007,1448,train,117.39790940701674,63.600002,347.5,349.0,352.4,356.3,-70.09079494736841,31.263157894736842,1,0.04365788026315788,0.047000199999999825
vehicle_007_session_01449,vehicle_007,1449,train,117.39334593353841,38.0,330.2,331.5,333.5,335.8,-70.05395276315788,27.789473684210527,1,0.0306842105263158,0.03399999999999981
vehicle_007_session_01450,vehicle_007,1450,train,115.80944285063752,57.6,341.3,342.1,345.8,350.3,-69.65246901639344,32.442622950819676,1,0.04590163934426233,0.04899999999999993
vehicle_007_session_01451,vehicle_007,1451,train,115.44179711328981,39.2,330.8,331.9,333.8375,336.4,-70.07600533333333,28.973333333333333,2,0.030533333333333346,0.0349999999999997
vehicle_007_session_01452,vehicle_007,1452,train,117.4395596782082,59.2,342.8,344.65,348.375,352.4,-70.05867053333334,31.413333333333334,1,0.04495999999999999,0.04800000000000004
vehicle_007_session_01453,vehicle_007,1453,train,118.22604299242425,75.6,356.6,357.4,360.2,363.8,-59.80165819672133,28.0,0,0.039770491803278685,0.04100000000000037
vehicle_007_session_01454,vehicle_007,1454,train,117.69551462912085,14.8,321.6,322.78000000000003,325.15999999999997,327.5,-60.054102950819676,33.0,0,0.028229508196721296,0.029999999999999805
vehicle_007_session_01455,vehicle_007,1455,train,118.15530037878793,51.6,336.9,337.4,339.4,342.7,-59.998360491803275,36.16393442622951,1,0.03504918032786885,0.040999999999999925
vehicle_007_session_01456,vehicle_007,1456,train,119.32349629629628,74.0,354.6,355.0,357.8,361.3,-59.98196540983606,38.0,0,0.03999999999999999,0.04199999999999937
vehicle_007_session_01457,vehicle_007,1457,train,117.10514000706218,52.4,336.8,337.2,339.7,343.6,-60.2836249180328,32.83606557377049,1,0.03718032786885243,0.04400000000000004
vehicle_007_session_01458,vehicle_007,1458,train,117.3296136752137,42.8,332.5,333.8,335.2,337.4,-59.68853459016393,33.36065573770492,1,0.028983606557377025,0.03299999999999992
vehicle_007_session_01459,vehicle_007,1459,train,119.01124049145301,69.2,351.8,352.4,355.0,358.5,-59.68197721311476,36.0,0,0.039524590163934434,0.040999999999999925
vehicle_007_session_01460,vehicle_007,1460,train,115.80636565247802,25.2,325.7,327.6,329.2,330.3,-60.640007600000004,31.373333333333335,1,0.026440000000000026,0.03200000000000003
vehicle_007_session_01461,vehicle_007,1461,train,117.79408669704868,66.0,348.2,349.1,351.9,355.3,-60.30329770491805,35.0,0,0.041081967213114766,0.04400000000000004
vehicle_007_session_01462,vehicle_007,1462,train,117.24283521657253,60.0,341.9,343.0,346.9,350.7,-59.18853557377051,30.0,0,0.044999999999999984,0.04899999999999993
vehicle_007_session_01463,vehicle_007,1463,train,116.1171197916667,63.2,345.2,346.8,350.7,354.9,-70.21640639344263,33.622950819672134,1,0.04662295081967213,0.05400000000000027
vehicle_007_session_01464,vehicle_007,1464,train,116.31211117788465,29.6,329.6,329.7,330.8,332.2,-60.05902442622952,25.934426229508198,1,0.025163934426229526,0.027000000000000135
vehicle_007_session_01465,vehicle_007,1465,train,113.91694444444447,50.8,337.5,338.0,340.2,343.8,-60.04590754098362,28.639344262295083,1,0.03744262295081966,0.04400000000000004
vehicle_007_session_01466,vehicle_007,1466,train,115.38603329248363,60.8,345.2,346.1,349.6,353.6,-70.04426508196721,31.360655737704917,1,0.045213114754098324,0.04800000000000004
vehicle_007_session_01467,vehicle_007,1467,train,116.13274260018211,52.0,336.6,337.1,339.4,343.0,-60.00491852459017,30.0,2,0.03745901639344261,0.04400000000000004
vehicle_007_session_01468,vehicle_007,1468,train,116.12326774131945,17.6,323.6,325.25,328.075,329.9,-70.0280036,26.773333333333333,1,0.03138666666666663,0.03600000000000003
vehicle_007_session_01469,vehicle_007,1469,train,117.37080362021861,47.6,333.5,334.7,337.5,341.3,-70.18525655737704,31.57377049180328,1,0.03699999999999999,0.04300000000000015
vehicle_007_session_01470,vehicle_007,1470,train,117.2822616525424,72.4,354.3,355.0,358.3,362.4,-70.0704986885246,34.0,0,0.044131147540983524,0.04599999999999982
vehicle_007_session_01471,vehicle_007,1471,train,117.77578657316275,46.8,333.2,334.4,337.1,340.7,-70.00259935064936,30.649350649350648,1,0.036207792207792196,0.04200000000000026
vehicle_007_session_01472,vehicle_007,1472,train,116.14266116557735,34.0,329.9,330.7,332.4,334.2,-69.96316131578948,29.80263157894737,1,0.02765789473684215,0.03000000000000025
vehicle_007_session_01473,vehicle_007,1473,train,115.44116268214937,57.6,340.7,341.4,344.7,348.5,-58.626239508196726,34.09836065573771,1,0.03932786885245902,0.04200000000000026
vehicle_007_session_01474,vehicle_007,1474,train,117.90145230263157,58.4,341.1,342.2,346.4,350.8,-70.08361360655738,35.377049180327866,1,0.0431311475409836,0.04600000000000026
vehicle_007_session_01475,vehicle_007,1475,train,116.40452033775253,36.4,329.4,330.75,332.45,334.7,-70.02237184210526,31.789473684210527,1,0.02851315789473686,0.03100000000000014
vehicle_007_session_01476,vehicle_007,1476,train,116.60793846153848,66.0,347.8,348.6,351.6,355.2,-60.28526442622952,34.31147540983606,1,0.038032786885245924,0.040999999999999925
vehicle_007_session_01477,vehicle_007,1477,train,116.81768113333334,42.0,331.4,332.7,334.9,337.7,-70.33026881578947,31.039473684210527,2,0.03069736842105263,0.0349999999999997
vehicle_007_session_01478,vehicle_007,1478,train,114.96850430812762,45.6,334.4,334.9,336.9,339.9,-69.85082442622951,32.50819672131148,1,0.0331475409836065,0.03699999999999992
vehicle_007_session_01479,vehicle_007,1479,train,118.9566542813142,12.400001,319.9,321.64999,324.5,326.69998,-62.25000715789474,23.81578947368421,1,0.027513147368421014,0.03200000000000003
vehicle_007_session_01480,vehicle_007,1480,train,116.80144784193841,24.0,326.6,327.9,329.79999,331.1,-70.17895489473683,26.36842105263158,1,0.029815797368421052,0.03600000000000003
vehicle_007_session_01481,vehicle_007,1481,train,116.88150705835332,41.2,330.8,331.9,333.8,336.1,-60.218427894736855,26.32894736842105,1,0.026921061842105274,0.03100019999999981
vehicle_007_session_01482,vehicle_007,1482,train,115.37998233989198,40.4,329.4,330.2,331.4,332.8,-41.03067200000001,25.706666666666667,1,0.019466666666666684,0.021999999999999797
vehicle_007_session_01483,vehicle_007,1483,train,117.86993409455133,56.8,340.2,340.8,343.9,348.5,-70.05246442622952,33.24590163934426,1,0.040114754098360676,0.04400000000000004
vehicle_007_session_01484,vehicle_007,1484,train,116.45132794479608,34.4,329.2,330.6,332.4,334.4,-70.11334066666666,27.973333333333333,2,0.027933333333333334,0.03100000000000014
vehicle_007_session_01485,vehicle_007,1485,train,118.47247872872876,53.2,336.3,337.74999,341.5,346.6,-70.1486925263158,31.460526315789473,1,0.04153947631578948,0.04700020000000027
vehicle_007_session_01486,vehicle_007,1486,train,116.7451869123932,50.0,336.0,336.6,339.4,343.6,-69.97868639344263,27.491803278688526,1,0.03818032786885243,0.04599999999999982
vehicle_007_session_01487,vehicle_007,1487,train,117.65470960648152,11.2,320.5,322.2,324.9,327.5,-69.14401000000001,32.0,0,0.030293333333333314,0.03300000000000036
