segment_id,vehicle,session_index,split,proxy_capacity_ah,soc_start,voltage_start,voltage_60,voltage_300,voltage_600,current_mean,tmax_mean,temperature_rise,cell_gap_mean,cell_gap_max
vehicle_006_session_00001,vehicle_006,1,train,133.3365093069172,42.4,332.4,333.4,335.125,337.4,-51.94266093333333,38.53333333333333,1,0.023426666666666655,0.027000000000000135
vehicle_006_session_00002,vehicle_006,2,train,132.05295138888886,14.8,322.8,323.4,324.2,325.2,-22.5,40.0,0,0.015120000000000005,0.017000000000000348
vehicle_006_session_00003,vehicle_006,3,train,130.89000324208652,22.8,326.0,327.75,328.675,329.6,-44.713343333333334,38.0,0,0.017720000000000027,0.019000000000000128
vehicle_006_session_00004,vehicle_006,4,train,135.6298131320225,28.4,329.1,330.4,331.7,333.3,-74.60264144736843,36.10526315789474,2,0.027789473684210576,0.03000000000000025
vehicle_006_session_00005,vehicle_006,5,train,132.60173731617647,30.4,329.6,330.7,332.1,333.6,-69.9578905263158,40.828947368421055,1,0.02682894736842109,0.028999999999999915
vehicle_006_session_00006,vehicle_006,6,train,135.46704437309742,41.2,332.8,333.9,336.1,339.7,-73.40788552631578,41.98684210526316,2,0.031592105263157866,0.03699999999999992
vehicle_006_session_00007,vehicle_006,7,train,134.0776472289644,17.2,326.1,327.45,329.2,330.5,-74.07467293333333,35.906666666666666,1,0.02933333333333337,0.03500000000000014
vehicle_006_session_00008,vehicle_006,8,train,133.17281334656087,14.4,323.6,324.65,326.3,327.7,-45.163168157894745,36.0,0,0.022421052631578908,0.025000000000000355
vehicle_006_session_00009,vehicle_006,9,train,133.7115790110153,50.8,338.5,340.6,344.1,347.8,-75.41733613333332,38.626666666666665,1,0.0351466666666667,0.039000000000000146
vehicle_006_session_00010,vehicle_006,10,train,133.26250563271606,30.8,330.0,330.9,332.4,334.1,-74.4026244736842,38.078947368421055,2,0.028368421052631605,0.03000000000000025
vehicle_006_session_00011,vehicle_006,11,train,133.44194002777778,44.0,333.5,334.95,337.7375,341.6,-69.959996,35.026666666666664,2,0.032799999999999996,0.03699999999999992
vehicle_006_session_00012,vehicle_006,12,train,131.57633512731485,40.0,333.0,333.25,334.15,335.7,-45.09871116883117,33.4025974025974,1,0.020870129870129855,0.02300000000000013
vehicle_006_session_00013,vehicle_006,13,train,134.28284112251245,46.0,333.5,334.4,336.3,338.6,-40.11734333333333,30.0,0,0.02443999999999998,0.030999999999999694
vehicle_006_session_00014,vehicle_006,14,train,131.51038630589431,32.8,330.0,331.5,333.0,334.9,-70.61053592105263,29.63157894736842,1,0.027302631578947384,0.02900000000000036
vehicle_006_session_00015,vehicle_006,15,train,133.21230108081429,18.0,326.6,327.9,329.6,330.8,-74.34666533333333,32.026666666666664,1,0.029000000000000026,0.03400000000000025
vehicle_006_session_00016,vehicle_006,16,train,131.66217104010616,26.0,327.8,328.55,329.6,330.3,-45.226679333333344,33.0,0,0.018373333333333353,0.020000000000000018
vehicle_006_session_00017,vehicle_006,17,train,132.70267656351527,12.0,321.7,322.5,323.85,325.2,-32.17500618421053,36.0,0,0.01971052631578947,0.02200000000000024
vehicle_006_session_00018,vehicle_006,18,train,134.22657338090855,27.2,328.9,330.2,331.4,333.0,-74.69737973684211,41.14473684210526,1,0.028460526315789495,0.03000000000000025
vehicle_006_session_00019,vehicle_006,19,train,133.60081265913053,10.8,321.6,322.4,324.1,325.7,-40.447994800000004,36.0,0,0.02230666666666665,0.02400000000000002
vehicle_006_session_00020,vehicle_006,20,train,135.19662340991695,56.8,342.4,343.5,345.5,347.5,-40.31601520000002,38.0,0,0.02448000000000001,0.026000000000000245
vehicle_006_session_00021,vehicle_006,21,train,133.63274380530973,54.4,339.4,341.0,342.4,343.8,-25.738667866666667,33.0,0,0.021333333333333346,0.02300000000000013
vehicle_006_session_00022,vehicle_006,22,train,133.80666251845142,16.4,324.9,326.35,328.6,329.9,-70.03066973333334,39.0,0,0.03012000000000001,0.03500000000000014
vehicle_006_session_00023,vehicle_006,23,train,135.50931525181727,56.8,342.7,343.70000000000005,345.8,348.2,-45.10934333333334,39.0,0,0.02632000000000002,0.028000000000000025
vehicle_006_session_00024,vehicle_006,24,train,134.93412147626677,26.8,328.8,329.79999999999995,331.1,332.5,-72.27106171052633,41.0,0,0.027684210526315815,0.02900000000000036
vehicle_006_session_00025,vehicle_006,25,train,134.39430589626738,35.6,331.0,332.15,333.85,336.1,-73.56267120000001,37.89333333333333,2,0.02974666666666672,0.03200000000000003
vehicle_006_session_00026,vehicle_006,26,train,134.71912196626985,29.6,329.6,330.6,332.0,333.6,-74.82105842105263,42.56578947368421,1,0.029039473684210552,0.03100000000000014
vehicle_006_session_00027,vehicle_006,27,train,135.55928660848352,40.4,332.2,333.3,335.3,338.2,-69.76053552631579,41.578947368421055,1,0.030671052631578943,0.03500000000000014
vehicle_006_session_00028,vehicle_006,28,train,134.98395181063688,17.6,325.3,326.9,329.1,330.3,-74.28134933333332,43.16,1,0.03189333333333333,0.037000000000000366
vehicle_006_session_00029,vehicle_006,29,train,134.89618439456183,42.8,333.2,334.4,336.9,340.8,-70.50131592105264,41.51315789473684,1,0.03357894736842103,0.040000000000000036
vehicle_006_session_00030,vehicle_006,30,train,134.3743267309287,19.2,325.7,325.9,326.6,327.1,-26.100010000000008,38.0,0,0.016828947368420992,0.020999999999999908
vehicle_006_session_00031,vehicle_006,31,train,134.6210212575172,22.0,327.4,328.70000000000005,330.1,331.4,-74.09211184210527,40.89473684210526,1,0.02840789473684212,0.03100000000000014
vehicle_006_session_00032,vehicle_006,32,train,133.36481518199238,41.2,331.4,332.2,333.5,335.0,-40.30002000000002,38.0,0,0.02056578947368423,0.02300000000000013
vehicle_006_session_00033,vehicle_006,33,train,134.26294510995373,32.4,330.2,331.1,332.7,334.4,-70.95526342105263,37.21052631578947,2,0.028381578947368463,0.03000000000000025
vehicle_006_session_00034,vehicle_006,34,train,133.1625698010511,32.4,329.9,331.0,332.4,334.1,-69.73685578947368,39.0,0,0.027842105263157915,0.03000000000000025
vehicle_006_session_00035,vehicle_006,35,train,132.79382043845317,38.0,330.7,331.4,332.5,333.9,-45.09606210526316,36.88157894736842,1,0.02117105263157894,0.02300000000000013
vehicle_006_session_00036,vehicle_006,36,train,132.27411976533705,14.8,323.6,324.65,326.3,327.7,-45.212011200000006,34.0,0,0.02373333333333329,0.026000000000000245
vehicle_006_session_00037,vehicle_006,37,train,132.51365286624207,16.4,324.1,324.95,326.7,327.8,-45.20264184210527,38.0,0,0.02448684210526313,0.028000000000000025
vehicle_006_session_00038,vehicle_006,38,train,133.74153691773506,21.6,327.2,328.70000000000005,330.1,331.6,-74.07733973333335,34.0,0,0.028453333333333344,0.03000000000000025
vehicle_006_session_00039,vehicle_006,39,train,133.384815172956,36.0,331.3,332.29999999999995,333.9,336.4,-74.03421552631579,40.64473684210526,1,0.030710526315789487,0.03300000000000036
vehicle_006_session_00040,vehicle_006,40,train,132.47689538871956,30.0,329.1,330.5,331.79999999999995,333.5,-70.12400879999998,34.25333333333333,1,0.027600000000000034,0.03000000000000025
vehicle_006_session_00041,vehicle_006,41,train,134.3721629109978,59.6,344.4,345.4,347.45,349.7,-39.30791236842107,36.0,0,0.026605263157894698,0.028000000000000025
vehicle_006_session_00042,vehicle_006,42,train,133.07650762392242,6.8,321.1,322.75,325.7,328.0,-74.35526368421054,35.973684210526315,1,0.0341315789473684,0.03600000000000003
vehicle_006_session_00043,vehicle_006,43,train,132.1682771717172,24.0,325.7,327.15,328.5,329.2,-37.69866330666667,34.0,0,0.017066666666666706,0.019000000000000128
vehicle_006_session_00044,vehicle_006,44,train,132.7352139158951,36.8,329.9,330.7,331.65,332.8,-38.792124473684225,35.0,0,0.01867105263157897,0.02100000000000035
vehicle_006_session_00045,vehicle_006,45,train,132.5617070045406,16.4,325.5,326.79999999999995,328.85,330.2,-70.96447065789474,37.05263157894737,1,0.03059210526315792,0.03699999999999992
vehicle_006_session_00046,vehicle_006,46,train,134.21242971914342,18.4,326.1,327.6,329.29999999999995,330.7,-74.30395631578948,38.14473684210526,1,0.030947368421052654,0.03699999999999992
vehicle_006_session_00047,vehicle_006,47,train,132.85790927739376,12.8,321.0,322.29999999999995,324.5,326.0,-37.59737815789474,39.0,0,0.02296052631578946,0.026000000000000245
vehicle_006_session_00048,vehicle_006,48,train,133.4146915686776,34.4,329.9,330.7,331.9,333.2,-50.69201133333334,35.693333333333335,1,0.022306666666666704,0.02499999999999991
vehicle_006_session_00049,vehicle_006,49,train,131.1182606958763,21.2,327.4,328.5,329.775,331.0,-69.43466013333334,38.026666666666664,1,0.02749333333333333,0.029999999999999805
vehicle_006_session_00050,vehicle_006,50,train,134.98533755425353,61.2,346.1,347.25,349.3375,351.4,-40.296019600000015,33.0,0,0.027973333333333333,0.029999999999999805
vehicle_006_session_00051,vehicle_006,51,train,130.51451964003945,32.0,327.8,329.04999999999995,330.7,331.6,-37.36532381333333,32.0,0,0.017560000000000003,0.020000000000000018
vehicle_006_session_00052,vehicle_006,52,train,134.5417790151014,49.2,336.9,338.675,342.4375,346.0,-70.02933626666666,32.64,1,0.03881333333333335,0.04300000000000015
vehicle_006_session_00053,vehicle_006,53,train,131.64382435064934,37.6,330.3,331.1,332.1,333.3,-40.30002000000002,41.0,0,0.019828947368421085,0.02200000000000024
vehicle_006_session_00054,vehicle_006,54,train,132.02169485441766,27.6,326.6,327.4,327.8,328.5,-22.290779736842097,38.0,0,0.012447368421052651,0.014000000000000234
vehicle_006_session_00055,vehicle_006,55,train,135.13261165150627,42.8,333.3,334.5,337.1,341.1,-73.90394355263156,39.19736842105263,1,0.03606578947368419,0.04300000000000015
vehicle_006_session_00056,vehicle_006,56,train,134.79325055511325,36.8,331.0,332.29999999999995,334.1,336.6,-74.10132381578947,36.14473684210526,2,0.031184210526315773,0.03500000000000014
vehicle_006_session_00057,vehicle_006,57,train,134.13111988826233,46.4,334.9,336.6,340.5,344.6,-74.85526250000001,36.26315789473684,1,0.039539473684210506,0.04400000000000004
vehicle_006_session_00058,vehicle_006,58,train,132.5633575905797,7.6,323.0,324.15,326.65,328.6,-74.27764934210525,33.0,0,0.033842105263157875,0.03699999999999992
vehicle_006_session_00059,vehicle_006,59,train,130.9822424596661,18.8,324.2,325.65,327.4,328.2,-37.357325573333334,30.76,1,0.019466666666666643,0.02400000000000002
vehicle_006_session_00060,vehicle_006,60,train,136.80529323201281,75.2,359.1,360.9,364.35,368.6,-69.63026947368421,33.75,1,0.03653947368421055,0.038000000000000256
vehicle_006_session_00061,vehicle_006,61,train,133.93285448940526,37.2,331.3,332.4,334.1375,336.6,-69.53867253333334,30.72,1,0.030266666666666667,0.03299999999999992
vehicle_006_session_00062,vehicle_006,62,train,135.1619189680233,48.0,335.7,337.29999999999995,341.1,344.7,-69.34533973333333,35.38666666666666,1,0.0387866666666667,0.04300000000000015
vehicle_006_session_00063,vehicle_006,63,train,133.26439268884639,21.2,327.2,328.55,329.9,331.1,-71.49200546666667,34.46666666666667,1,0.028373333333333382,0.03100000000000014
vehicle_006_session_00064,vehicle_006,64,train,132.36610351933282,20.0,326.9,328.25,329.7,331.0,-70.28934586666666,36.0,0,0.02852000000000004,0.03200000000000003
vehicle_006_session_00065,vehicle_006,65,train,134.16826399399403,25.6,328.3,329.4,330.7,332.1,-70.49737460526316,37.921052631578945,1,0.028250000000000015,0.03000000000000025
vehicle_006_session_00066,vehicle_006,66,train,132.25699511752137,36.0,329.4,329.9,330.5,331.3,-26.10132578947369,40.0,0,0.01494736842105262,0.016999999999999904
vehicle_006_session_00067,vehicle_006,67,train,134.2750764327906,30.0,327.4,329.15,330.2,331.1,-44.81185223684211,37.0,0,0.019960526315789484,0.02200000000000024
vehicle_006_session_00068,vehicle_006,68,train,133.2735712119626,20.0,326.7,328.1,329.6,330.8,-69.84342249999999,35.13157894736842,1,0.028723684210526356,0.03299999999999992
vehicle_006_session_00069,vehicle_006,69,train,134.7629723835126,37.6,331.1,332.4,334.2,336.4,-70.05200813333335,37.586666666666666,1,0.03098666666666667,0.03500000000000014
vehicle_006_session_00070,vehicle_006,70,train,133.22517428121756,14.0,323.9,325.2,327.575,329.2,-70.0920068,39.0,0,0.03241333333333334,0.03600000000000003
vehicle_006_session_00071,vehicle_006,71,train,134.3590604637897,43.6,333.5,334.79999999999995,337.4,341.3,-70.40932586666668,38.013333333333335,1,0.03693333333333332,0.04400000000000004
vehicle_006_session_00072,vehicle_006,72,train,133.36672647264103,20.0,326.0,326.7,327.9,328.8,-45.20134346666668,39.0,0,0.022186666666666657,0.02699999999999969
vehicle_006_session_00073,vehicle_006,73,train,134.82135191200658,38.8,331.9,333.1,334.95,337.8,-74.37763355263158,40.23684210526316,2,0.033605263157894714,0.038000000000000256
vehicle_006_session_00074,vehicle_006,74,train,134.27878079611477,38.4,330.8,331.6,332.8,334.1,-45.00131592105263,41.0,0,0.022578947368421073,0.025000000000000355
vehicle_006_session_00075,vehicle_006,75,train,131.32025520000002,32.4,329.1,329.79999999999995,330.8,331.9,-45.27106973684212,35.0,0,0.02069736842105264,0.02300000000000013
vehicle_006_session_00076,vehicle_006,76,train,133.17772463675212,47.2,333.2,335.2,337.29999999999995,340.3,-44.67763223684211,36.0,0,0.03196052631578945,0.038000000000000256
vehicle_006_session_00077,vehicle_006,77,train,134.75199392682612,56.4,341.3,343.5,345.75,348.3,-44.81974684210527,35.0,0,0.031407894736842114,0.03299999999999992
vehicle_006_session_00078,vehicle_006,78,train,134.0221250119732,64.0,347.2,348.95000000000005,351.3375,353.5,-37.74532501333333,37.0,0,0.02878666666666667,0.03100000000000014
vehicle_006_session_00079,vehicle_006,79,train,130.9988448258901,26.4,326.3,327.65,329.1,329.9,-37.27235921447368,34.0,0,0.017592105263157933,0.020000000000000018
vehicle_006_session_00080,vehicle_006,80,train,130.54217130170315,30.8,327.4,328.75,329.95,330.8,-37.88684186842105,35.69736842105263,1,0.017855263157894728,0.020000000000000018
vehicle_006_session_00081,vehicle_006,81,train,132.85459435125063,7.2,319.9,321.1,323.25,325.3,-50.494736315789474,37.526315789473685,-1,0.02890789473684212,0.03100000000000014
vehicle_006_session_00082,vehicle_006,82,train,134.29686858076565,52.0,338.9,341.25,345.1,349.3,-74.29870407894735,34.43421052631579,1,0.04200000000000002,0.04700000000000015
vehicle_006_session_00083,vehicle_006,83,train,130.44763118439423,19.2,324.4,325.9,327.5,328.3,-37.36532381333333,30.0,0,0.01953333333333331,0.02499999999999991
vehicle_006_session_00084,vehicle_006,84,train,131.07910487315354,12.0,321.7,322.6,324.2,325.8,-39.30133539473686,35.0,0,0.024592105263157908,0.027000000000000135
vehicle_006_session_00085,vehicle_006,85,train,133.15316559376836,24.0,328.3,329.2,330.7,332.1,-74.14400986666666,35.77333333333333,1,0.029493333333333364,0.03100000000000014
vehicle_006_session_00086,vehicle_006,86,train,134.06051261284728,35.6,330.8,331.79999999999995,333.5,335.7,-70.37236671052632,36.80263157894737,1,0.030355263157894788,0.03300000000000036
vehicle_006_session_00087,vehicle_006,87,train,132.46428938108534,22.0,324.9,326.45000000000005,328.0,328.8,-37.596049236842106,31.67105263157895,1,0.01836842105263158,0.021999999999999797
vehicle_006_session_00088,vehicle_006,88,train,129.34095464444448,24.0,326.9,327.7,328.6,329.4,-39.30133539473686,34.0,0,0.01853947368421053,0.020999999999999908
vehicle_006_session_00089,vehicle_006,89,train,135.33688951288246,44.4,332.5,333.70000000000005,335.3,337.5,-45.1052730263158,34.0,0,0.027039473684210513,0.03200000000000003
vehicle_006_session_00090,vehicle_006,90,train,131.73573607357355,38.4,329.4,331.3,332.6,333.9,-44.62500065789474,34.0,0,0.022618421052631593,0.02499999999999991
vehicle_006_session_00091,vehicle_006,91,train,137.27234690883196,68.4,351.6,353.9,356.0,358.5,-44.45000015789474,36.0,0,0.030421052631578974,0.03200000000000003
vehicle_006_session_00092,vehicle_006,92,train,130.3972513252315,20.0,325.7,326.65,327.8,328.8,-45.208010800000004,33.29333333333334,1,0.022053333333333338,0.02699999999999969
vehicle_006_session_00093,vehicle_006,93,train,132.4063336888889,43.2,331.1,333.0,334.65,336.6,-44.58289578947368,35.0,0,0.02552631578947367,0.029999999999999805
vehicle_006_session_00094,vehicle_006,94,train,131.09271427172362,30.8,328.5,329.1,329.9375,330.8,-40.176010000000005,37.0,0,0.01884000000000002,0.020000000000000018
vehicle_006_session_00095,vehicle_006,95,train,130.77575603417506,12.4,320.3,322.0,324.1,325.7,-37.36447324078947,37.0,0,0.02459210526315789,0.027000000000000135
vehicle_006_session_00096,vehicle_006,96,train,135.0563210828993,48.4,336.0,337.6,341.8,345.8,-73.9733328,35.266666666666666,1,0.04246666666666669,0.04700000000000015
vehicle_006_session_00097,vehicle_006,97,train,130.86262963339283,8.400001,319.1,321.4,323.3,325.2,-44.690799342105265,37.0,0,0.026736842105263198,0.028000000000000025
vehicle_006_session_00098,vehicle_006,98,train,130.5641415335086,11.6,322.7,323.85,326.20000000000005,328.2,-60.13948236842104,35.0,0,0.030565789473684168,0.03299999999999992
vehicle_006_session_00099,vehicle_006,99,train,131.39574637366312,24.8,328.2,328.9,329.6,330.3,-46.38933813333333,37.0,0,0.020333333333333356,0.02200000000000024
vehicle_006_session_00100,vehicle_006,100,train,133.596727362507,20.0,326.4,327.6,329.2,330.5,-70.21734613333332,38.86666666666667,1,0.03028000000000004,0.03699999999999992
vehicle_006_session_00101,vehicle_006,101,train,130.27540705310457,25.6,325.7,327.15,328.6,329.4,-37.32762750263158,37.0,0,0.01785526315789474,0.020000000000000018
vehicle_006_session_00102,vehicle_006,102,train,133.06763773936171,5.6,318.6,319.7,321.9,323.8,-45.200010000000006,39.78947368421053,1,0.029078947368421093,0.03300000000000036
vehicle_006_session_00103,vehicle_006,103,train,131.42623596792671,22.0,326.4,327.4,328.5,329.2,-45.19201,34.0,0,0.02089333333333338,0.02300000000000013
vehicle_006_session_00104,vehicle_006,104,train,132.25132615054144,5.2,318.3,320.04999999999995,322.2,323.9,-45.02801,34.0,0,0.028826666666666702,0.03300000000000036
vehicle_006_session_00105,vehicle_006,105,train,131.3257630306604,34.8,328.8,330.35,331.5,332.7,-44.876326315789484,38.0,0,0.021763157894736835,0.02400000000000002
vehicle_006_session_00106,vehicle_006,106,train,131.12758780959226,17.6,325.3,326.79999999999995,328.85,330.2,-69.50131592105264,36.23684210526316,1,0.03160526315789475,0.039000000000000146
vehicle_006_session_00107,vehicle_006,107,train,131.09656042361112,36.8,329.9,330.8,331.7,332.8,-40.10401013333334,38.666666666666664,1,0.0206666666666667,0.02200000000000024
vehicle_006_session_00108,vehicle_006,108,train,130.71251243489584,28.4,329.2,330.2,331.6,333.2,-70.67334373333333,35.53333333333333,1,0.029053333333333337,0.03100000000000014
vehicle_006_session_00109,vehicle_006,109,train,136.0993501935337,50.8,337.4,339.20000000000005,343.1,346.8,-69.13334333333333,38.24,1,0.04242666666666672,0.04700000000000015
vehicle_006_session_00110,vehicle_006,110,train,135.3984082009181,52.4,339.3,341.45000000000005,345.25,349.3,-74.36266773333334,33.78666666666667,1,0.043346666666666686,0.04900000000000038
vehicle_006_session_00111,vehicle_006,111,train,129.7916761335662,19.2,324.2,325.75,327.4,328.2,-37.63599128,32.0,0,0.02114666666666663,0.026000000000000245
vehicle_006_session_00112,vehicle_006,112,train,134.31310090277776,31.6,328.9,329.7,330.8,332.1,-51.14534120000001,36.0,0,0.023013333333333358,0.02499999999999991
vehicle_006_session_00113,vehicle_006,113,train,135.80160553847907,50.8,336.6,337.9,340.8,343.3,-45.20527368421053,39.0,0,0.03631578947368421,0.03999999999999959
vehicle_006_session_00114,vehicle_006,114,train,132.07514344691623,49.6,336.8,338.70000000000005,342.75,346.4,-69.22267893333333,30.906666666666666,1,0.04236000000000001,0.04700000000000015
vehicle_006_session_00115,vehicle_006,115,train,132.46157896783,46.8,335.2,336.85,340.6,345.0,-74.0592169736842,32.86842105263158,2,0.042815789473684175,0.04800000000000004
vehicle_006_session_00116,vehicle_006,116,train,131.15861505636067,40.8,331.1,332.0,333.3,334.7,-40.0,34.0,0,0.022973684210526334,0.025000000000000355
vehicle_006_session_00117,vehicle_006,117,train,132.61497646901714,16.4,323.0,324.9,326.65,328.0,-44.96001720000002,33.48,0,0.027119999999999932,0.030999999999999694
vehicle_006_session_00118,vehicle_006,118,train,134.1726422846585,56.4,341.4,342.2,343.70000000000005,345.2,-26.100010000000008,35.0,0,0.026973684210526348,0.02900000000000036
vehicle_006_session_00119,vehicle_006,119,train,133.59405532407405,72.8,357.2,358.8,362.4375,366.9,-74.3106824,37.946666666666665,1,0.04030666666666663,0.0420000000000007
vehicle_006_session_00120,vehicle_006,120,train,130.50924022740358,12.0,321.3,323.0,324.9,326.6,-44.85527315789474,36.9078947368421,1,0.027052631578947352,0.02900000000000036
vehicle_006_session_00121,vehicle_006,121,train,132.59518504549808,18.4,326.4,327.75,329.4,330.7,-69.86973592105262,32.973684210526315,1,0.030934210526315817,0.039000000000000146
vehicle_006_session_00122,vehicle_006,122,train,133.23296174389927,41.6,334.1,335.6,337.7,341.1,-69.88026013157895,35.60526315789474,1,0.03622368421052628,0.04400000000000004
vehicle_006_session_00123,vehicle_006,123,train,131.8381195629409,36.8,330.2,330.9,332.15,333.5,-45.765793421052635,33.13157894736842,1,0.02272368421052633,0.02499999999999991
vehicle_006_session_00124,vehicle_006,124,train,134.89965974490508,20.0,326.0,327.4,329.1,330.3,-69.86316052631578,35.1578947368421,1,0.030960526315789466,0.03799999999999981
vehicle_006_session_00125,vehicle_006,125,train,132.5811054731639,55.2,342.1,344.20000000000005,347.7,351.9,-74.0842169736842,36.0,0,0.04228947368421052,0.04600000000000026
vehicle_006_session_00126,vehicle_006,126,train,136.3919464874752,54.8,340.7,342.45,345.7375,348.9,-60.08133866666666,34.0,0,0.038253333333333334,0.04300000000000015
vehicle_006_session_00127,vehicle_006,127,train,132.75125670351474,54.8,340.7,342.29999999999995,345.0,347.8,-49.90393776315789,31.0,0,0.03500000000000001,0.039000000000000146
vehicle_006_session_00128,vehicle_006,128,train,128.80902469654532,18.0,325.2,326.0,327.2,328.2,-39.90132346666667,33.0,0,0.022626666666666625,0.027000000000000135
vehicle_006_session_00129,vehicle_006,129,train,129.54414636948528,20.0,325.8,326.7,328.0,328.9,-45.12001,30.826666666666668,1,0.021933333333333332,0.02499999999999991
vehicle_006_session_00130,vehicle_006,130,train,130.54505009416198,25.2,327.4,328.1,329.1,329.9,-45.19869434210528,35.0,0,0.020789473684210538,0.02200000000000024
vehicle_006_session_00131,vehicle_006,131,train,131.16657567460317,24.8,327.4,328.70000000000005,329.9,331.1,-60.084005733333335,31.0,0,0.025333333333333367,0.027000000000000135
vehicle_006_session_00132,vehicle_006,132,train,132.410975933642,59.2,345.5,347.29999999999995,350.8,354.9,-74.15527315789473,36.0,0,0.04168421052631579,0.04300000000000015
vehicle_006_session_00133,vehicle_006,133,train,130.74381582924838,7.2,321.3,323.1,326.0,328.3,-73.57632328947368,34.0,0,0.03557894736842102,0.03799999999999981
vehicle_006_session_00134,vehicle_006,134,train,129.83263031862748,14.4,323.0,323.85,325.5,326.9,-40.100010000000005,33.88,1,0.026293333333333297,0.02900000000000036
vehicle_006_session_00135,vehicle_006,135,train,132.18574358134924,43.6,331.9,333.3,334.95,336.9,-45.03027328947369,34.0,0,0.027118421052631583,0.031999999999999584
vehicle_006_session_00136,vehicle_006,136,train,129.9848172329696,18.8,325.5,326.4,327.7,328.6,-45.205343866666674,32.92,1,0.024999999999999994,0.03299999999999992
vehicle_006_session_00137,vehicle_006,137,train,131.85911254050924,50.4,336.4,337.7,340.7,343.5,-45.08553434210526,32.25,1,0.03723684210526313,0.040999999999999925
vehicle_006_session_00138,vehicle_006,138,train,130.22042651054343,32.0,327.8,329.65,330.75,331.7,-44.838971948051956,34.0,0,0.021220779220779248,0.02300000000000013
vehicle_006_session_00139,vehicle_006,139,train,129.00879899553578,30.0,328.5,329.2,330.2625,331.4,-45.30521324675327,33.0,0,0.02101298701298703,0.02300000000000013
vehicle_006_session_00140,vehicle_006,140,train,131.34668296604048,13.6,323.8,325.3,328.0,329.7,-73.92500144736842,34.94736842105263,1,0.03448684210526316,0.039000000000000146
vehicle_006_session_00141,vehicle_006,141,train,131.23523499103942,22.0,325.8,326.9,328.1,329.1,-45.00790473684211,34.56578947368421,1,0.021894736842105283,0.026000000000000245
vehicle_006_session_00142,vehicle_006,142,train,132.52896868781093,58.4,343.2,343.8,345.3,346.8,-26.100010000000005,35.0,0,0.027226666666666705,0.028999999999999915
vehicle_006_session_00143,vehicle_006,143,train,129.37307972222226,13.6,323.0,323.9,325.8,327.4,-45.196062631578954,32.9078947368421,1,0.02744736842105256,0.03000000000000025
vehicle_006_session_00144,vehicle_006,144,train,128.84744623655914,18.8,324.9,325.3,326.1,326.7,-22.5,30.0,0,0.01924999999999992,0.02300000000000013
vehicle_006_session_00145,vehicle_006,145,train,130.3620501002674,10.4,320.8,322.4,324.4,326.1,-44.46711513157896,34.05263157894737,0,0.027289473684210506,0.02900000000000036
vehicle_006_session_00146,vehicle_006,146,train,129.582700627302,22.8,327.7,328.9,330.3,331.7,-70.05790052631578,32.1578947368421,1,0.028565789473684242,0.03000000000000025
vehicle_006_session_00147,vehicle_006,147,train,130.2172048009259,30.0,328.2,329.0,330.2,331.1,-45.03467666666667,33.0,0,0.02078666666666667,0.02300000000000013
vehicle_006_session_00148,vehicle_006,148,train,131.48314032706094,19.6,326.4,327.75,329.6,330.7,-70.73067973333333,29.653333333333332,1,0.03054666666666667,0.037000000000000366
vehicle_006_session_00149,vehicle_006,149,train,133.0539931888328,55.2,339.7,341.1,342.7,344.3,-25.968010000000007,29.0,0,0.029413333333333357,0.03299999999999992
vehicle_006_session_00150,vehicle_006,150,train,133.3761620053272,63.2,346.6,349.1,351.35,353.9,-44.63553592105263,32.93421052631579,1,0.03199999999999998,0.03399999999999981
vehicle_006_session_00151,vehicle_006,151,train,129.9950010400884,9.6,322.4,324.29999999999995,327.29999999999995,329.2,-74.50789552631579,26.407894736842106,1,0.034815789473684196,0.038000000000000256
vehicle_006_session_00152,vehicle_006,152,train,130.5876569700461,10.8,322.1,324.0,326.79999999999995,328.8,-69.89466946666667,29.0,0,0.03381333333333331,0.03699999999999992
vehicle_006_session_00153,vehicle_006,153,train,130.12413163475978,23.6,328.0,329.15,330.5,331.9,-69.81842776315789,29.38157894736842,1,0.028605263157894776,0.03000000000000025
vehicle_006_session_00154,vehicle_006,154,train,131.76659125315658,40.8,332.5,333.8,336.0,338.9,-69.78934426666666,29.64,1,0.03485333333333331,0.040999999999999925
vehicle_006_session_00155,vehicle_006,155,train,131.13509098895582,30.0,329.6,330.7,332.2,333.9,-73.97466920000001,30.453333333333333,1,0.031000000000000038,0.03400000000000025
vehicle_006_session_00156,vehicle_006,156,train,130.23770457670298,9.2,322.4,323.9,326.79999999999995,328.9,-74.01467186666667,30.213333333333335,1,0.035413333333333324,0.038000000000000256
vehicle_006_session_00157,vehicle_006,157,train,129.57385221836418,13.2,322.7,324.0,326.0,327.7,-50.09869381578948,31.0,0,0.02889473684210523,0.03200000000000003
vehicle_006_session_00158,vehicle_006,158,train,131.91784777706184,4.8,318.3,319.95,322.8,325.2,-59.96184355263157,37.0,0,0.03606578947368423,0.040999999999999925
vehicle_006_session_00159,vehicle_006,159,train,134.4766379385965,54.4,339.9,341.20000000000005,343.70000000000005,346.3,-45.200010000000006,38.0,0,0.03593333333333335,0.04100000000000037
vehicle_006_session_00160,vehicle_006,160,train,130.4749436535494,54.8,341.9,343.85,347.575,351.8,-74.52533693333334,33.653333333333336,1,0.04392000000000001,0.04899999999999993
vehicle_006_session_00161,vehicle_006,161,train,131.27257694627195,21.6,326.3,327.15,328.5,329.4,-49.76935026666668,33.0,0,0.023186666666666696,0.027000000000000135
vehicle_006_session_00162,vehicle_006,162,train,130.7702907178875,34.8,330.2,331.3,332.75,334.6,-60.00526671052631,32.223684210526315,1,0.027828947368421075,0.03000000000000025
vehicle_006_session_00163,vehicle_006,163,train,132.56104555288462,56.0,343.0,344.79999999999995,348.5,352.4,-74.26801266666665,36.0,0,0.043253333333333345,0.04700000000000015
vehicle_006_session_00164,vehicle_006,164,train,132.78763623599343,50.4,334.7,336.45000000000005,339.7,342.4,-37.36973731973685,31.473684210526315,1,0.03639473684210528,0.04100000000000037
vehicle_006_session_00165,vehicle_006,165,train,131.6999901582046,37.2,331.3,332.29999999999995,334.15,336.4,-69.74668133333333,33.32,1,0.03222666666666668,0.03500000000000014
vehicle_006_session_00166,vehicle_006,166,train,130.0224595439189,23.6,325.7,329.29999999999995,330.8,332.2,-73.69199719999999,30.24,1,0.02996000000000002,0.03200000000000003
vehicle_006_session_00167,vehicle_006,167,train,128.58441272749042,28.8,327.4,328.70000000000005,329.7,330.7,-40.09870144736844,30.0,0,0.019407894736842107,0.020999999999999908
vehicle_006_session_00168,vehicle_006,168,train,130.56198035929955,33.2,330.5,331.7,333.55,335.7,-74.13290315789472,27.30263157894737,2,0.03226315789473687,0.03500000000000014
vehicle_006_session_00169,vehicle_006,169,train,131.28666929909562,46.4,334.9,336.6,340.2,344.9,-73.89474157894738,31.473684210526315,1,0.04397368421052632,0.04999999999999982
vehicle_006_session_00170,vehicle_006,170,train,131.12556176994303,15.6,324.4,325.3,327.1,328.2,-45.101325789473684,30.0,0,0.0265526315789473,0.03200000000000003
vehicle_006_session_00171,vehicle_006,171,train,131.7965061947601,46.8,335.8,337.75,339.7,342.5,-44.79869171052631,32.723684210526315,1,0.03556578947368421,0.039000000000000146
vehicle_006_session_00172,vehicle_006,172,train,130.71110025343233,28.0,328.8,330.0,331.4,333.2,-70.87466426666666,26.813333333333333,1,0.029573333333333375,0.03100000000000014
vehicle_006_session_00173,vehicle_006,173,train,126.34194901216622,24.8,327.4,328.2375,328.6,329.1,-25.739989999999995,30.0,0,0.014240000000000055,0.016000000000000014
vehicle_006_session_00174,vehicle_006,174,train,130.649457164171,36.8,331.3,332.45,334.5,337.1,-74.24080078947368,30.157894736842106,2,0.03403947368421051,0.0389999999999997
vehicle_006_session_00175,vehicle_006,175,train,133.41430251298962,44.0,332.1,333.5,335.2,337.4,-44.960536315789476,29.11842105263158,1,0.028355263157894734,0.03399999999999981
vehicle_006_session_00176,vehicle_006,176,train,130.36693452020202,31.2,328.0,329.4,330.5,331.6,-45.106597763157914,27.894736842105264,1,0.02131578947368423,0.02300000000000013
vehicle_006_session_00177,vehicle_006,177,train,132.08781475051444,54.4,341.1,343.25,347.0,351.0,-70.36052828947369,29.486842105263158,1,0.0434473684210526,0.04899999999999993
vehicle_006_session_00178,vehicle_006,178,train,130.58298370071688,35.6,331.0,332.29999999999995,334.2,336.6,-73.97500078947367,29.38157894736842,1,0.03334210526315791,0.03699999999999992
vehicle_006_session_00179,vehicle_006,179,train,130.51862514656617,18.0,324.9,325.8,327.5,328.6,-50.0,32.0,0,0.026473684210526306,0.03100000000000014
vehicle_006_session_00180,vehicle_006,180,train,129.31463655092588,12.8,321.1,323.2,324.9,326.4,-39.75734328,32.0,0,0.026533333333333308,0.02900000000000036
vehicle_006_session_00181,vehicle_006,181,train,131.4491049479167,50.0,335.8,337.1,339.9,342.8,-45.2039577631579,31.289473684210527,1,0.038855263157894754,0.04300000000000015
vehicle_006_session_00182,vehicle_006,182,train,130.50429266364137,16.8,323.5,325.1,326.9,328.0,-44.95658960526317,30.0,0,0.027039473684210523,0.03100000000000014
vehicle_006_session_00183,vehicle_006,183,train,129.1812860096754,11.2,322.2,323.24444444444447,325.0,326.7,-45.10801000000001,29.0,0,0.028239999999999987,0.03000000000000025
vehicle_006_session_00184,vehicle_006,184,train,130.00775188271604,12.4,323.2,324.79999999999995,327.575,329.2,-69.8040188,30.533333333333335,1,0.03435999999999999,0.038000000000000256
vehicle_006_session_00185,vehicle_006,185,train,130.23372792570675,30.0,328.6,329.2,330.3,331.3,-45.00263184210526,32.0,0,0.021131578947368425,0.02300000000000013
vehicle_006_session_00186,vehicle_006,186,train,130.44456902811493,15.2,323.5,324.6,326.6,328.0,-50.32106473684212,28.973684210526315,1,0.028644736842105206,0.03299999999999992
vehicle_006_session_00187,vehicle_006,187,train,130.44683319978634,35.2,329.9,330.8,332.0,333.5,-49.90130592105263,30.157894736842106,1,0.024381578947368417,0.02699999999999969
vehicle_006_session_00188,vehicle_006,188,train,128.49152249278498,14.0,323.0,324.0,325.9,327.4,-45.00533386666667,32.0,0,0.02815999999999995,0.03100000000000014
vehicle_006_session_00189,vehicle_006,189,train,132.4947303385417,47.6,333.5,335.75,338.3,341.8,-51.8226768,31.653333333333332,1,0.03719999999999999,0.04400000000000004
vehicle_006_session_00190,vehicle_006,190,train,131.25191687567425,38.4,330.7,331.5,332.8,334.2,-45.18801013333334,30.0,0,0.024293333333333382,0.027000000000000135
vehicle_006_session_00191,vehicle_006,191,train,129.7395073961156,20.4,326.3,327.4,328.675,329.7,-52.11334333333333,23.30666666666667,1,0.024186666666666686,0.028999999999999915
vehicle_006_session_00192,vehicle_006,192,train,129.02491370204288,7.2,320.3,321.79999999999995,324.0,326.0,-50.818435000000015,27.0,0,0.029407894736842067,0.03200000000000003
vehicle_006_session_00193,vehicle_006,193,train,129.01082911590322,23.2,327.8,329.2,330.5,331.9,-69.91067026666666,32.56,1,0.028879999999999986,0.03000000000000025
vehicle_006_session_00194,vehicle_006,194,train,131.71973897733233,55.2,341.9,344.0,347.75,351.8,-71.09067293333334,27.92,1,0.04326666666666667,0.04800000000000004
vehicle_006_session_00195,vehicle_006,195,train,129.60235630161412,25.2,328.5,329.7,331.20000000000005,332.7,-74.18422052631577,27.67105263157895,1,0.03039473684210528,0.03200000000000003
vehicle_006_session_00196,vehicle_006,196,train,127.89567537445537,16.4,325.5,327.29999999999995,329.4,330.7,-74.0250025,29.092105263157894,1,0.032026315789473715,0.039000000000000146
vehicle_006_session_00197,vehicle_006,197,train,127.94537572185676,12.8,322.8,323.85,325.5,326.9,-40.303966184210545,28.0,0,0.026486842105263114,0.02900000000000036
vehicle_006_session_00198,vehicle_006,198,train,131.88036428410118,48.8,334.7,335.9,338.3,341.4,-44.82764434210528,31.513157894736842,1,0.03646052631578943,0.04200000000000026
vehicle_006_session_00199,vehicle_006,199,train,131.32224188184665,40.8,331.4,332.29999999999995,333.8,335.3,-44.808017600000014,28.92,1,0.025786666666666676,0.02900000000000036
vehicle_006_session_00200,vehicle_006,200,train,129.03871909239967,11.6,321.7,322.9,324.9,326.6,-44.85525578947368,31.0,0,0.028013157894736806,0.03000000000000025
vehicle_006_session_00201,vehicle_006,201,train,133.81279752415455,52.8,338.9,341.475,345.7375,349.9,-75.43599893333335,33.22666666666667,2,0.047253333333333356,0.05300000000000038
vehicle_006_session_00202,vehicle_006,202,train,130.8302456267218,49.2,335.2,338.45000000000005,343.0,347.4,-73.70132355263156,30.842105263157894,1,0.04647368421052634,0.052000000000000046
vehicle_006_session_00203,vehicle_006,203,train,128.6025622991558,16.4,324.4,325.4,327.1,328.3,-45.22237855263159,29.0,0,0.026684210526315772,0.03100000000000014
vehicle_006_session_00204,vehicle_006,204,train,126.74972238181503,18.4,326.1,327.15,328.5,329.4,-50.014667466666666,27.186666666666667,1,0.023626666666666695,0.027000000000000135
vehicle_006_session_00205,vehicle_006,205,train,131.20219091852806,17.2,324.4,325.4,327.29999999999995,328.5,-50.08400546666667,25.706666666666667,1,0.028079999999999994,0.03299999999999992
vehicle_006_session_00206,vehicle_006,206,train,130.03044046685918,56.0,344.1,344.65,346.8,349.6,-50.07895250000001,30.0,0,0.03603947368421053,0.038000000000000256
vehicle_006_session_00207,vehicle_006,207,train,129.96048118589746,45.6,334.7,336.35,339.8125,344.4,-70.33333480000002,25.666666666666668,1,0.04341333333333334,0.04900000000000038
vehicle_006_session_00208,vehicle_006,208,train,130.3624183917298,5.2,318.5,320.25,322.7,324.6,-49.23468013333334,27.0,0,0.031786666666666706,0.037000000000000366
vehicle_006_session_00209,vehicle_006,209,train,130.1097202620416,8.8,320.5,321.65,323.6,325.5,-45.13158894736843,28.0,0,0.02827631578947366,0.03000000000000025
vehicle_006_session_00210,vehicle_006,210,train,128.69566752173913,16.8,323.0,325.7,327.2,328.3,-44.55264084210526,26.88157894736842,1,0.02568421052631577,0.03100000000000014
vehicle_006_session_00211,vehicle_006,211,train,129.61804715633906,14.4,324.6,326.35,329.0,330.5,-74.06974394736842,24.63157894736842,1,0.034500000000000024,0.040000000000000036
vehicle_006_session_00212,vehicle_006,212,train,131.17394567169544,51.2,337.8,340.25,344.65,348.6,-70.33734426666666,22.52,1,0.04680000000000001,0.05300000000000038
vehicle_006_session_00213,vehicle_006,213,train,127.65892293475117,20.8,327.5,329.0,330.4,331.7,-70.0320032,21.85333333333333,2,0.029213333333333348,0.03100000000000014
vehicle_006_session_00214,vehicle_006,214,train,129.09053357175927,33.6,330.7,331.79999999999995,333.6,335.7,-69.87600093333334,23.52,1,0.03176000000000004,0.0349999999999997
vehicle_006_session_00215,vehicle_006,215,train,129.82336916436466,25.2,328.2,329.7,331.35,332.8,-74.07763934210527,22.592105263157894,1,0.030578947368421063,0.03200000000000003
vehicle_006_session_00216,vehicle_006,216,train,131.2069033032203,52.4,339.3,341.70000000000005,346.05,350.3,-74.26974421052633,26.157894736842106,1,0.04803947368421047,0.05400000000000027
vehicle_006_session_00217,vehicle_006,217,train,128.81198257151743,17.2,325.3,326.65,328.4,329.2,-50.19079973684211,19.0,0,0.02528947368421051,0.03100000000000014
vehicle_006_session_00218,vehicle_006,218,train,130.73231197725892,61.2,347.4,349.65,353.1,357.1,-70.26185013157894,26.19736842105263,1,0.04157894736842107,0.04400000000000004
vehicle_006_session_00219,vehicle_006,219,train,131.82178494097224,57.6,343.9,346.3,349.9,353.9,-69.97866626666666,24.546666666666667,1,0.043026666666666664,0.04600000000000026
vehicle_006_session_00220,vehicle_006,220,train,128.15932322604166,17.6,323.5,325.25,327.2,328.0,-37.73199992,23.0,0,0.02183999999999997,0.026000000000000245
vehicle_006_session_00221,vehicle_006,221,train,131.42608565555554,43.2,330.8,332.7,334.7,336.6,-37.696046973684204,22.81578947368421,1,0.026289473684210536,0.030999999999999694
vehicle_006_session_00222,vehicle_006,222,train,128.52023570804195,40.8,331.7,332.7,334.2,336.1,-45.10527315789474,21.67105263157895,1,0.027289473684210558,0.03100000000000014
vehicle_006_session_00223,vehicle_006,223,train,130.1628167206269,13.6,323.9,325.75,328.4,329.9,-70.68290486842105,23.0,0,0.03440789473684211,0.040000000000000036
vehicle_006_session_00224,vehicle_006,224,train,129.0258769893791,20.4,327.5,329.0,330.7,332.1,-74.13948131578947,22.56578947368421,1,0.03075000000000002,0.03300000000000036
vehicle_006_session_00225,vehicle_006,225,train,132.6304227476647,45.6,333.6,334.65,336.8,339.7,-50.085532368421056,28.05263157894737,1,0.03403947368421051,0.041999999999999815
vehicle_006_session_00226,vehicle_006,226,train,128.81331515502245,18.4,325.5,326.4,328.1,329.1,-50.07105789473684,23.394736842105264,1,0.024605263157894727,0.029999999999999805
vehicle_006_session_00227,vehicle_006,227,train,129.46769302910053,13.6,323.0,324.29999999999995,326.4,328.0,-50.122376447368424,24.855263157894736,1,0.029276315789473668,0.03300000000000036
vehicle_006_session_00228,vehicle_006,228,train,127.24692941966777,18.4,325.5,326.7,328.3,329.2,-50.5934302631579,24.81578947368421,1,0.02369736842105266,0.028000000000000025
vehicle_006_session_00229,vehicle_006,229,train,128.49153264325648,30.0,329.9,331.20000000000005,333.0,334.9,-73.82368802631579,23.394736842105264,1,0.031763157894736875,0.0349999999999997
vehicle_006_session_00230,vehicle_006,230,train,128.99647881944443,18.4,326.3,327.75,329.6,330.8,-70.76054236842104,25.513157894736842,1,0.030736842105263184,0.03699999999999992
vehicle_006_session_00231,vehicle_006,231,train,129.68518194007692,34.0,330.5,331.79999999999995,333.8,336.0,-74.43732706666667,27.36,1,0.033133333333333334,0.03600000000000003
vehicle_006_session_00232,vehicle_006,232,train,130.0386360960145,28.0,328.0,328.9,330.1,331.3,-50.18159026315791,27.592105263157894,1,0.022868421052631604,0.02400000000000002
vehicle_006_session_00233,vehicle_006,233,train,129.75721403975098,40.0,331.3,332.15,333.70000000000005,335.7,-50.37499855263158,27.842105263157894,1,0.027552631578947374,0.030999999999999694
vehicle_006_session_00234,vehicle_006,234,train,130.7959558121981,42.4,333.0,334.4,337.0,340.7,-70.0250025,29.44736842105263,1,0.03847368421052629,0.04700000000000015
vehicle_006_session_00235,vehicle_006,235,train,128.49412529645872,29.6,329.2,330.75,332.29999999999995,333.9,-70.0829002631579,24.36842105263158,1,0.03055263157894738,0.03300000000000036
vehicle_006_session_00236,vehicle_006,236,train,132.2696551496914,49.6,334.2,335.4,337.0,338.5,-22.393343280000003,28.0,0,0.030453333333333284,0.03500000000000014
vehicle_006_session_00237,vehicle_006,237,train,131.5067680167055,40.4,331.3,332.2,333.8,335.8,-50.14737789473685,27.86842105263158,1,0.027447368421052637,0.03100000000000014
vehicle_006_session_00238,vehicle_006,238,train,127.93157572190837,16.8,324.9,325.75,327.4,328.3,-45.004000399999995,26.253333333333334,1,0.02518666666666662,0.03000000000000025
vehicle_006_session_00239,vehicle_006,239,train,131.45347243860712,60.0,345.5,346.70000000000005,348.975,351.4,-45.100010000000005,30.0,0,0.034746666666666606,0.03699999999999992
vehicle_006_session_00240,vehicle_006,240,train,133.38389102914394,73.2,356.4,357.7,360.3,363.5,-49.12632605263158,30.0,0,0.034565789473684216,0.036000000000000476
vehicle_006_session_00241,vehicle_006,241,train,130.4740341547711,11.2,322.4,323.8,326.65,328.8,-70.34342802631579,31.0,0,0.03507894736842104,0.03799999999999981
vehicle_006_session_00242,vehicle_006,242,train,130.36521073402034,60.4,347.2,348.55,351.1,353.9,-50.211853289473694,29.69736842105263,1,0.035039473684210516,0.03600000000000003
vehicle_006_session_00243,vehicle_006,243,train,132.67338626157402,59.6,343.5,345.15,348.0,350.3,-37.39604334210526,28.0,0,0.032644736842105206,0.03500000000000014
vehicle_006_session_00244,vehicle_006,244,train,129.15624675076455,23.6,326.1,327.45,328.6,329.6,-45.05467680000001,30.0,0,0.021253333333333357,0.02400000000000002
vehicle_006_session_00245,vehicle_006,245,train,130.9794947800149,35.6,329.9,331.0,332.4,333.9,-52.19474723684211,23.907894736842106,1,0.025907894736842168,0.028999999999999915
vehicle_006_session_00246,vehicle_006,246,train,132.03608689236108,72.8,354.7,356.6,359.4,362.1,-37.49473647368421,23.263157894736842,1,0.0311315789473684,0.03300000000000036
vehicle_006_session_00247,vehicle_006,247,train,130.4777210909498,47.2,335.5,337.15,340.9,345.3,-69.94342315789473,24.276315789473685,2,0.045223684210526305,0.051000000000000156
vehicle_006_session_00248,vehicle_006,248,train,129.1721786816578,32.0,328.8,329.7,330.8,331.9,-45.010667733333335,23.0,0,0.022240000000000027,0.025000000000000355
vehicle_006_session_00249,vehicle_006,249,train,129.31516679258246,24.8,326.7,327.9,329.2,330.2,-49.29468080000001,21.466666666666665,1,0.022506666666666675,0.02400000000000002
vehicle_006_session_00250,vehicle_006,250,train,132.3021125931572,54.4,338.5,341.5,344.4,346.9,-44.680009733333335,27.0,0,0.03857333333333336,0.04499999999999993
vehicle_006_session_00251,vehicle_006,251,train,128.98754378035824,11.2,321.7,323.1333333333333,324.9625,326.7,-45.06316789473684,24.93421052631579,1,0.02871052631578942,0.03100000000000014
vehicle_006_session_00252,vehicle_006,252,train,131.0236762379227,4.0,317.8,319.0,322.15,324.2,-51.709343200000006,27.946666666666665,1,0.03489333333333339,0.040000000000000036
vehicle_006_session_00253,vehicle_006,253,train,130.96379949885454,43.2,333.2,336.1,337.8,340.5,-51.57764157894737,31.0,0,0.03259210526315783,0.039000000000000146
vehicle_006_session_00254,vehicle_006,254,train,130.75128836279464,44.8,333.2,334.29999999999995,336.4,339.1,-49.700010000000006,22.69333333333333,1,0.03282666666666664,0.040000000000000036
vehicle_006_session_00255,vehicle_006,255,train,130.50297144146265,26.0,326.0,327.9,329.1,329.9,-44.73027315789474,28.67105263157895,1,0.020828947368421086,0.02300000000000013
vehicle_006_session_00256,vehicle_006,256,train,130.88766839668614,45.6,333.6,334.7,336.85,339.4,-44.990789078947365,25.486842105263158,1,0.03326315789473682,0.040999999999999925
vehicle_006_session_00257,vehicle_006,257,train,131.84980500315658,40.8,330.3,332.1,333.6,335.3,-44.561350400000016,25.0,0,0.026013333333333347,0.03000000000000025
vehicle_006_session_00258,vehicle_006,258,train,129.63301202697266,14.8,324.6,326.05,328.55,329.9,-70.02533453333334,25.133333333333333,1,0.033293333333333314,0.040000000000000036
vehicle_006_session_00259,vehicle_006,259,train,129.45746505821083,16.0,324.7,326.4,328.8,330.2,-70.04933879999999,27.96,1,0.033453333333333335,0.040000000000000036
vehicle_006_session_00260,vehicle_006,260,train,130.5895975597994,40.0,332.1,333.70000000000005,336.05,339.1,-74.09067466666667,23.546666666666667,1,0.036879999999999975,0.04300000000000015
vehicle_006_session_00261,vehicle_006,261,train,130.479252572601,41.2,331.7,332.75,334.5,336.4,-49.39867460526315,21.855263157894736,1,0.02861842105263158,0.03200000000000003
vehicle_006_session_00262,vehicle_006,262,train,128.89783942152104,14.4,323.0,324.5,326.35,327.7,-44.955848701298706,23.0,0,0.028506493506493452,0.03200000000000003
vehicle_006_session_00263,vehicle_006,263,train,128.9516358490566,31.2,329.1,329.9,331.05,332.2,-45.20264184210527,22.67105263157895,1,0.02252631578947371,0.02400000000000002
vehicle_006_session_00264,vehicle_006,264,train,127.83945944955695,32.4,329.6,330.5,331.7,333.2,-50.154676,21.0,0,0.02438666666666668,0.026000000000000245
vehicle_006_session_00265,vehicle_006,265,train,129.2294344984568,25.6,328.3,329.6,331.07500000000005,332.5,-70.35658144736844,26.42105263157895,1,0.02969736842105263,0.03100000000000014
vehicle_006_session_00266,vehicle_006,266,train,129.3399132333853,32.8,330.2,331.5,333.3,335.3,-70.69734613333333,26.76,1,0.03198666666666669,0.03600000000000003
vehicle_006_session_00267,vehicle_006,267,train,126.20567303030303,75.6,363.2,364.1,367.45,371.9,-70.90788552631578,31.473684210526315,1,0.042644736842105256,0.04400000000000048
vehicle_006_session_00268,vehicle_006,268,train,129.73708475992063,18.4,326.1,327.7,329.5,330.8,-70.37105236842106,28.486842105263158,1,0.031171052631578967,0.03699999999999992
vehicle_006_session_00269,vehicle_006,269,train,130.1852585653634,13.2,322.2,323.5,325.5,327.2,-49.29212394736844,28.0,0,0.02988157894736836,0.03200000000000003
vehicle_006_session_00270,vehicle_006,270,train,130.13550807682682,15.6,323.3,324.2,326.1,327.7,-45.12534333333333,28.0,0,0.0287866666666666,0.03200000000000003
vehicle_006_session_00271,vehicle_006,271,train,127.30251479731912,28.0,328.3,329.2,330.2375,331.3,-45.124010000000006,23.586666666666666,1,0.021319999999999992,0.02300000000000013
vehicle_006_session_00272,vehicle_006,272,train,129.45123663541668,16.4,321.7,323.55,325.8,327.2,-37.37105279342105,26.0,0,0.026749999999999923,0.03100000000000014
vehicle_006_session_00273,vehicle_006,273,train,129.02840707442067,17.2,325.8,327.4,329.4,330.7,-69.99473631578947,24.736842105263158,1,0.031578947368421054,0.038000000000000256
vehicle_006_session_00274,vehicle_006,274,train,130.17099771474943,24.0,328.0,329.1,330.5,331.7,-70.10000746666665,25.8,1,0.029360000000000004,0.03200000000000003
vehicle_006_session_00275,vehicle_006,275,train,127.71758685432275,24.8,328.6,329.79999999999995,331.1,332.5,-70.05333666666667,26.373333333333335,1,0.029413333333333343,0.03200000000000003
vehicle_006_session_00276,vehicle_006,276,train,130.71239424283158,48.0,334.7,335.8,337.9,340.8,-40.20001,28.0,0,0.036144736842105236,0.04300000000000015
vehicle_006_session_00277,vehicle_006,277,train,131.72512492816094,62.0,347.1,348.4,351.0,353.6,-45.200010000000006,23.506666666666668,1,0.03457333333333331,0.03699999999999992
vehicle_006_session_00278,vehicle_006,278,train,126.5709460397898,18.4,324.4,325.1,326.1,326.9,-25.990667066666663,27.0,0,0.019386666666666573,0.022999999999999687
vehicle_006_session_00279,vehicle_006,279,train,128.982886519711,18.8,326.1,327.4,329.2,330.5,-70.09869092105262,29.81578947368421,1,0.03163157894736844,0.038000000000000256
vehicle_006_session_00280,vehicle_006,280,train,130.8252607962963,37.6,329.6,330.0,330.8,331.6,-27.810672399999998,37.0,0,0.01782666666666664,0.020000000000000018
vehicle_006_session_00281,vehicle_006,281,train,128.98692810457516,22.0,326.1,326.79999999999995,328.0,328.8,-40.0,29.0,0,0.020800000000000006,0.02400000000000002
vehicle_006_session_00282,vehicle_006,282,train,130.8355853237548,39.6,329.2,330.9,332.5,333.9,-37.75921018421053,29.157894736842106,1,0.022947368421052664,0.026000000000000245
vehicle_006_session_00283,vehicle_006,283,train,129.07534008537758,5.6,317.4,319.0,321.7,323.5,-37.5,30.82894736842105,1,0.028552631578947402,0.03300000000000036
vehicle_006_session_00284,vehicle_006,284,train,129.6236952682462,36.4,331.1,332.5,334.65,337.2,-74.1723777631579,26.67105263157895,1,0.03461842105263159,0.0389999999999997
vehicle_006_session_00285,vehicle_006,285,train,128.86862934347306,32.8,329.2,330.2,331.4,332.7,-50.38666386666667,25.0,0,0.024560000000000037,0.027000000000000135
vehicle_006_session_00286,vehicle_006,286,train,130.4068726010101,36.4,329.9,331.20000000000005,332.6,334.1,-52.075013289473695,30.86842105263158,1,0.026763157894736867,0.03000000000000025
vehicle_006_session_00287,vehicle_006,287,train,128.45519386096794,16.0,326.3,327.15,328.0,328.6,-45.06185210526316,29.88157894736842,1,0.022157894736842113,0.02499999999999991
vehicle_006_session_00288,vehicle_006,288,train,129.21675603741502,38.8,332.1,333.4,335.5,338.5,-70.27895513157895,23.13157894736842,2,0.03572368421052631,0.040999999999999925
vehicle_006_session_00289,vehicle_006,289,train,127.53669090398205,28.8,328.2,329.2,330.5,331.6,-49.857897368421064,21.86842105263158,1,0.02315789473684212,0.025000000000000355
vehicle_006_session_00290,vehicle_006,290,train,128.7740114501953,30.8,326.7,328.375,329.9,330.8,-37.8693428,24.0,0,0.019613333333333382,0.02200000000000024
vehicle_006_session_00291,vehicle_006,291,train,130.55601977237657,18.4,325.5,327.0,329.1,330.3,-69.71843289473684,24.894736842105264,1,0.0320263157894737,0.039000000000000146
vehicle_006_session_00292,vehicle_006,292,train,129.05648605818183,8.400001,318.6,320.0,321.3,322.4,-22.38948363157895,24.0,0,0.02211842105263157,0.02499999999999991
vehicle_006_session_00293,vehicle_006,293,train,128.1532282220102,30.0,326.9,329.79999999999995,331.0,332.2,-49.61185331578948,25.644736842105264,1,0.023763157894736864,0.027000000000000135
vehicle_006_session_00294,vehicle_006,294,train,129.30020126553362,34.0,330.3,331.6,333.375,335.5,-70.1293428,26.08,2,0.03220000000000003,0.03500000000000014
vehicle_006_session_00295,vehicle_006,295,train,127.3605988917691,10.8,320.7,325.1,327.9,329.6,-69.37501010526316,23.0,0,0.03430263157894737,0.039000000000000146
vehicle_006_session_00296,vehicle_006,296,train,130.97212630482463,59.6,345.8,347.9,351.4,355.5,-70.00789763157896,29.710526315789473,1,0.04314473684210527,0.04600000000000026
vehicle_006_session_00297,vehicle_006,297,train,127.68516376811596,16.4,325.2,327.4,329.4,330.7,-69.85000078947368,24.80263157894737,1,0.03136842105263159,0.039000000000000146
vehicle_006_session_00298,vehicle_006,298,train,131.3032807167659,40.0,332.7,334.0,336.4,339.6,-70.18934386666666,22.906666666666666,2,0.03696,0.04400000000000004
vehicle_006_session_00299,vehicle_006,299,train,127.43602206253713,18.0,326.9,328.6,330.5,331.7,-74.01316,18.31578947368421,1,0.031250000000000014,0.03500000000000014
vehicle_006_session_00300,vehicle_006,300,train,129.71301990740744,15.2,322.8,324.6,326.4,327.8,-44.65201546666668,22.0,0,0.028293333333333254,0.03200000000000003
vehicle_006_session_00301,vehicle_006,301,train,128.30122465737674,24.0,328.0,329.6,331.1,332.5,-70.16185223684211,20.355263157894736,1,0.02976315789473686,0.03200000000000003
vehicle_006_session_00302,vehicle_006,302,train,129.95505961633177,41.2,332.8,334.15,336.6,339.9,-69.8710507894737,21.355263157894736,1,0.03752631578947367,0.04500000000000037
vehicle_006_session_00303,vehicle_006,303,train,128.7888549365259,9.6,322.1,324.25,327.15,329.2,-70.09334,18.933333333333334,2,0.03610666666666665,0.039000000000000146
vehicle_006_session_00304,vehicle_006,304,train,130.2223803338002,50.0,336.9,339.20000000000005,343.6,348.0,-71.11334079999999,25.6,1,0.048346666666666684,0.05300000000000038
vehicle_006_session_00305,vehicle_006,305,train,131.62469644607845,43.2,330.7,333.0,334.6,336.6,-44.697343333333336,27.266666666666666,1,0.028440000000000007,0.03299999999999992
vehicle_006_session_00306,vehicle_006,306,train,129.64976054459066,6.8,319.6,321.05,323.3,325.3,-50.28001746666668,31.0,0,0.0333866666666667,0.038000000000000256
vehicle_006_session_00307,vehicle_006,307,train,125.95297597721226,30.8,328.3,330.4,331.7,333.2,-49.551332500000015,17.710526315789473,1,0.024157894736842146,0.027000000000000135
vehicle_006_session_00308,vehicle_006,308,train,128.60691247244273,47.2,335.8,337.75,341.85,346.6,-70.1394827631579,20.289473684210527,2,0.04776315789473686,0.05400000000000027
vehicle_006_session_00309,vehicle_006,309,train,128.30361750559288,38.0,331.9,333.25,335.3,338.2,-70.20001092105262,24.263157894736842,2,0.0353815789473684,0.040999999999999925
vehicle_006_session_00310,vehicle_006,310,train,128.25806775880167,28.0,329.7,331.05,332.5,334.1,-70.11067493333333,21.48,1,0.030173333333333326,0.03299999999999992
vehicle_006_session_00311,vehicle_006,311,train,129.04102846185742,17.2,325.5,327.1,329.2,330.5,-69.9546664,25.893333333333334,1,0.03297333333333333,0.040000000000000036
vehicle_006_session_00312,vehicle_006,312,train,128.0047514343585,30.4,329.7,331.0,332.7,334.6,-69.6157994736842,22.92105263157895,2,0.030565789473684244,0.03299999999999992
vehicle_006_session_00313,vehicle_006,313,train,126.02258594548215,28.0,329.9,331.3,333.0,334.7,-70.20000999999998,14.894736842105264,2,0.030789473684210564,0.03300000000000036
vehicle_006_session_00314,vehicle_006,314,train,127.5288537356322,18.8,326.9,328.70000000000005,330.3,331.6,-69.64806194805195,19.727272727272727,2,0.02874025974025977,0.03299999999999992
vehicle_006_session_00315,vehicle_006,315,train,129.34633748543126,36.8,331.6,333.0,335.075,337.5,-70.09200866666667,20.893333333333334,2,0.03411999999999997,0.039000000000000146
vehicle_006_session_00316,vehicle_006,316,train,130.86919345946714,58.4,344.7,346.85,350.4,354.4,-70.0560056,26.773333333333333,1,0.04365333333333332,0.04700000000000015
vehicle_006_session_00317,vehicle_006,317,train,127.50807265211641,30.4,329.9,331.1,332.75,334.7,-70.35395118421052,23.63157894736842,1,0.0312105263157895,0.03400000000000025
vehicle_006_session_00318,vehicle_006,318,train,129.80912241631054,19.6,325.2,326.20000000000005,327.7,328.6,-46.40800293333334,23.453333333333333,1,0.02465333333333333,0.028999999999999915
vehicle_006_session_00319,vehicle_006,319,train,125.53308228999735,14.8,325.8,327.45,329.6,330.8,-70.77896421052631,21.75,1,0.031565789473684235,0.039000000000000146
vehicle_006_session_00320,vehicle_006,320,train,129.73899289749176,44.0,333.6,334.95,337.7,341.6,-70.01184368421053,30.61842105263158,1,0.04040789473684206,0.04999999999999982
vehicle_006_session_00321,vehicle_006,321,train,129.73897549212597,46.8,335.0,336.5,339.79999999999995,344.6,-69.69474684210525,28.223684210526315,2,0.04502631578947368,0.051000000000000156
vehicle_006_session_00322,vehicle_006,322,train,128.7240673556858,46.4,334.9,336.70000000000005,340.2,344.9,-70.8671019736842,29.18421052631579,2,0.04521052631578947,0.051000000000000156
vehicle_006_session_00323,vehicle_006,323,train,129.08353379629634,53.2,339.6,341.85,346.05,350.0,-69.67764157894736,32.328947368421055,1,0.047105263157894754,0.05400000000000027
vehicle_006_session_00324,vehicle_006,324,train,127.05175912226002,30.4,329.7,330.9,332.45,334.2,-69.7671219736842,30.30263157894737,2,0.030907894736842148,0.03400000000000025
vehicle_006_session_00325,vehicle_006,325,train,127.98969043209877,22.0,327.1,328.5,329.9,331.3,-69.7413476,31.69333333333333,1,0.02965333333333333,0.03399999999999981
vehicle_006_session_00326,vehicle_006,326,train,126.68871937157067,32.8,330.3,331.7,333.6,335.8,-70.65395618421051,25.407894736842106,1,0.03218421052631583,0.03600000000000003
vehicle_006_session_00327,vehicle_006,327,train,126.9464230724299,35.2,329.7,330.5,331.5,332.7,-40.13158894736842,26.0,0,0.022236842105263187,0.02400000000000002
vehicle_006_session_00328,vehicle_006,328,train,127.62571018975392,6.4,321.1,322.9,325.8,328.3,-69.6736942105263,24.894736842105264,1,0.035684210526315784,0.039000000000000146
vehicle_006_session_00329,vehicle_006,329,train,126.68734227352351,53.6,340.8,343.4,347.5125,351.6,-70.26668173333333,22.906666666666666,1,0.047000000000000014,0.05500000000000016
vehicle_006_session_00330,vehicle_006,330,train,128.89853121778353,58.8,345.8,348.1,351.8,355.7,-69.79211605263158,21.11842105263158,1,0.043276315789473704,0.04700000000000015
vehicle_006_session_00331,vehicle_006,331,train,128.53228510995373,49.6,336.9,339.0,343.55,347.8,-70.09211144736841,25.092105263157894,2,0.048092105263157915,0.05300000000000038
vehicle_006_session_00332,vehicle_006,332,train,128.23456416191834,51.2,337.2,340.25,344.79999999999995,349.1,-70.75657552631579,25.86842105263158,2,0.048223684210526335,0.053999999999999826
vehicle_006_session_00333,vehicle_006,333,train,129.9890092031426,58.0,344.3,346.45000000000005,350.1,353.9,-69.59867399999999,28.653333333333332,1,0.04398666666666664,0.04700000000000015
vehicle_006_session_00334,vehicle_006,334,train,130.48718852376862,58.8,344.9,346.9,350.575,354.4,-70.27200413333334,27.866666666666667,1,0.043706666666666665,0.04800000000000004
vehicle_006_session_00335,vehicle_006,335,train,126.26792300240055,39.2,332.7,333.9,336.4,339.7,-73.97333466666667,26.453333333333333,1,0.03774666666666666,0.04499999999999993
vehicle_006_session_00336,vehicle_006,336,train,127.04691236730363,35.2,329.7,330.7,331.9,333.3,-45.11053631578948,28.0,0,0.024052631578947384,0.026000000000000245
vehicle_006_session_00337,vehicle_006,337,train,127.58358812125546,16.0,324.2,325.5,327.275,328.6,-50.070673600000006,25.0,0,0.02911999999999998,0.0349999999999997
vehicle_006_session_00338,vehicle_006,338,train,128.5227410557314,66.4,351.8,353.70000000000005,357.15,361.4,-70.77370157894735,30.0,0,0.042723684210526296,0.04400000000000004
vehicle_006_session_00339,vehicle_006,339,train,125.63316756796691,22.8,326.9,328.1,329.29999999999995,330.3,-50.26842934210527,23.539473684210527,1,0.023013157894736867,0.0259999999999998
vehicle_006_session_00340,vehicle_006,340,train,129.86334297385625,50.0,337.2,339.1,343.5375,347.8,-70.5813404,24.413333333333334,1,0.047999999999999994,0.05300000000000038
vehicle_006_session_00341,vehicle_006,341,train,128.97530875100648,70.0,355.0,357.0,360.75,364.9,-70.38947210526315,25.88157894736842,1,0.04239473684210526,0.04400000000000048
vehicle_006_session_00342,vehicle_006,342,train,126.96091237641247,26.8,328.8,330.2,331.6,333.2,-69.93199960000001,27.173333333333332,2,0.030133333333333373,0.03299999999999992
vehicle_006_session_00343,vehicle_006,343,train,127.18178360914106,41.2,333.0,334.6375,337.2,340.8,-69.97466413333333,25.69333333333333,1,0.03831999999999996,0.04700000000000015
vehicle_006_session_00344,vehicle_006,344,train,126.37045926245209,40.0,332.4,334.0,336.35,339.6,-70.42799653333333,24.773333333333333,2,0.037239999999999954,0.04499999999999993
vehicle_006_session_00345,vehicle_006,345,train,128.36413268407537,39.2,332.1,333.4,335.5,338.5,-70.32632157894737,28.039473684210527,2,0.036026315789473656,0.041999999999999815
vehicle_006_session_00346,vehicle_006,346,train,128.09959591290507,40.4,332.7,334.15,336.70000000000005,339.7,-69.94800053333334,23.813333333333333,2,0.036666666666666646,0.04300000000000015
vehicle_006_session_00347,vehicle_006,347,train,126.7130510056342,12.8,324.1,325.6,328.3,329.9,-70.64934293333333,25.8,1,0.034666666666666665,0.040999999999999925
vehicle_006_session_00348,vehicle_006,348,train,126.87059428286578,16.8,324.7,325.75,327.4,328.5,-45.101325789473684,22.0,0,0.02602631578947363,0.03100000000000014
vehicle_006_session_00349,vehicle_006,349,train,130.6905076951952,68.0,353.2,354.95,358.55,362.7,-70.10400866666669,26.813333333333333,1,0.04254666666666664,0.04400000000000048
vehicle_006_session_00350,vehicle_006,350,train,129.42365919993003,50.0,336.0,337.2,340.1,343.2,-44.47763750000001,29.0,0,0.04165789473684207,0.04600000000000026
vehicle_006_session_00351,vehicle_006,351,train,117.44536197632063,59.2,347.4,348.85,352.2,356.1,-70.01973907894735,34.0,0,0.043631578947368445,0.04499999999999993
vehicle_006_session_00352,vehicle_006,352,train,128.22600695183215,47.6,336.0,337.6,341.5,346.1,-70.58421710526314,30.539473684210527,1,0.04709210526315791,0.052000000000000046
vehicle_006_session_00353,vehicle_006,353,train,129.78671197174742,50.8,335.3,337.8,340.9,343.9,-44.469729736842105,32.921052631578945,1,0.04202631578947368,0.04599999999999982
vehicle_006_session_00354,vehicle_006,354,train,127.95866713982443,20.4,326.6,328.075,329.7,331.0,-70.93199306666666,31.786666666666665,1,0.03061333333333333,0.03699999999999992
vehicle_006_session_00355,vehicle_006,355,train,128.48218520114943,44.8,334.4,336.20000000000005,339.5,344.1,-71.16843092105262,29.026315789473685,2,0.04478947368421051,0.052000000000000046
vehicle_006_session_00356,vehicle_006,356,train,125.6591034920635,25.2,328.9,329.95,331.4,332.8,-70.32134333333333,26.533333333333335,1,0.029933333333333353,0.03200000000000003
vehicle_006_session_00357,vehicle_006,357,train,128.02233242220134,44.4,334.2,335.6,338.55,343.0,-69.88816197368422,30.026315789473685,2,0.04310526315789472,0.052000000000000046
vehicle_006_session_00358,vehicle_006,358,train,126.99452929410465,22.4,327.7,329.0,330.4,331.7,-70.3105394736842,31.342105263157894,1,0.029710526315789496,0.03200000000000003
vehicle_006_session_00359,vehicle_006,359,train,124.95103622096673,26.8,329.1,330.6,332.1,333.6,-69.99599959999999,24.52,1,0.030226666666666693,0.03200000000000003
vehicle_006_session_00360,vehicle_006,360,train,127.14348126423043,48.8,336.4,338.45000000000005,342.75,347.4,-70.11448355263158,23.17105263157895,2,0.04855263157894737,0.05300000000000038
vehicle_006_session_00361,vehicle_006,361,train,127.86480810299781,44.4,334.2,336.05,339.20000000000005,343.8,-70.1342192105263,22.605263157894736,1,0.044328947368421044,0.052000000000000046
vehicle_006_session_00362,vehicle_006,362,train,125.14584680907171,33.2,330.3,332.0,333.85,336.0,-71.05600559999999,21.426666666666666,1,0.03294666666666668,0.03600000000000003
vehicle_006_session_00363,vehicle_006,363,train,127.53884118923614,60.4,347.4,349.9,353.55,357.5,-70.21201133333332,18.293333333333333,1,0.042960000000000026,0.04599999999999982
vehicle_006_session_00364,vehicle_006,364,train,125.2906981530733,41.6,332.2,333.0,334.7,336.8,-45.293432368421065,22.644736842105264,1,0.029355263157894735,0.03299999999999992
vehicle_006_session_00365,vehicle_006,365,train,126.406238651028,46.8,335.5,337.04999999999995,340.6,344.9,-65.0853392,21.56,1,0.046480000000000014,0.052000000000000046
vehicle_006_session_00366,vehicle_006,366,train,125.38668710816268,26.0,328.9,330.2,331.6,333.0,-69.91066826666666,22.2,2,0.029773333333333363,0.03200000000000003
vehicle_006_session_00367,vehicle_006,367,train,124.45582059210525,20.8,327.4,328.75,330.3,331.7,-70.11842894736841,23.94736842105263,1,0.0295263157894737,0.03300000000000036
vehicle_006_session_00368,vehicle_006,368,train,126.14508085495677,30.8,329.9,331.20000000000005,332.8,334.7,-70.19869342105262,22.44736842105263,1,0.03098684210526323,0.03400000000000025
vehicle_006_session_00369,vehicle_006,369,train,125.04145931003585,35.6,331.1,332.6,334.65,337.2,-69.64343105263156,24.68421052631579,1,0.033697368421052636,0.03799999999999981
vehicle_006_session_00370,vehicle_006,370,train,128.20888612255803,61.2,346.3,347.75,350.1,352.5,-43.0210577631579,26.0,0,0.03434210526315785,0.03600000000000003
vehicle_006_session_00371,vehicle_006,371,train,125.27098484611375,12.4,324.1,325.9,328.55,330.0,-69.14211499999999,21.0,0,0.03360526315789472,0.039000000000000146
vehicle_006_session_00372,vehicle_006,372,train,123.4237156137993,29.2,329.7,331.20000000000005,333.0,334.9,-70.1697472368421,22.36842105263158,1,0.03117105263157895,0.0349999999999997
vehicle_006_session_00373,vehicle_006,373,train,125.53404597222224,31.6,329.7,331.1,332.75,334.7,-70.22237921052631,25.61842105263158,1,0.03155263157894739,0.03500000000000014
vehicle_006_session_00374,vehicle_006,374,train,128.71626426183133,76.0,362.2,363.1,366.35,370.7,-70.13200946666666,30.0,0,0.04314666666666672,0.04499999999999993
vehicle_006_session_00375,vehicle_006,375,train,127.6936783841941,69.2,354.6,356.3,359.75,363.9,-70.16185223684211,28.407894736842106,1,0.04249999999999996,0.04400000000000048
vehicle_006_session_00376,vehicle_006,376,train,124.387313401084,21.2,326.3,327.65,328.9,329.6,-37.47200058666667,29.0,0,0.018026666666666726,0.02100000000000035
vehicle_006_session_00377,vehicle_006,377,train,119.65480163043479,70.0,353.8,355.25,357.7,360.0,-37.54605723684211,33.0,0,0.0308815789473684,0.03300000000000036
vehicle_006_session_00378,vehicle_006,378,train,129.87858748342296,72.8,354.3,356.15,358.9,361.4,-37.37105279342105,28.0,0,0.03147368421052629,0.03399999999999981
vehicle_006_session_00379,vehicle_006,379,train,125.3001998855745,26.0,328.6,329.79999999999995,331.20000000000005,332.7,-69.35658197368421,31.736842105263158,1,0.02951315789473688,0.03200000000000003
vehicle_006_session_00380,vehicle_006,380,train,123.25061300849131,13.2,324.7,326.45000000000005,328.8,330.2,-70.12500921052633,27.0,0,0.033473684210526315,0.040000000000000036
vehicle_006_session_00381,vehicle_006,381,train,126.08954065972223,49.6,336.8,338.70000000000005,343.1,347.5,-70.13421947368423,28.513157894736842,1,0.047710526315789474,0.052999999999999936
vehicle_006_session_00382,vehicle_006,382,train,125.44474885706023,49.6,336.9,339.1,343.55,348.0,-69.9119912,26.573333333333334,1,0.048266666666666666,0.053999999999999826
vehicle_006_session_00383,vehicle_006,383,train,124.33712743263474,30.8,329.9,331.20000000000005,332.9,334.9,-70.2131672368421,25.605263157894736,1,0.031289473684210575,0.03400000000000025
vehicle_006_session_00384,vehicle_006,384,train,125.12189057385876,46.0,335.5,337.0,340.5,345.2,-70.15067346666666,24.36,1,0.04604000000000001,0.052000000000000046
vehicle_006_session_00385,vehicle_006,385,train,123.80154744077835,18.8,326.7,328.2,329.9,331.1,-70.07895513157895,28.30263157894737,1,0.03015789473684211,0.03500000000000014
vehicle_006_session_00386,vehicle_006,386,train,123.81450340521445,29.6,329.4,330.6,332.1,333.6,-65.15264131578947,26.513157894736842,1,0.029513157894736877,0.03299999999999992
vehicle_006_session_00387,vehicle_006,387,train,123.26919158680555,17.6,325.5,326.5,327.875,328.8,-45.12934346666667,26.88,1,0.024066666666666674,0.028999999999999915
vehicle_006_session_00388,vehicle_006,388,train,124.03996284521519,28.4,328.0,328.9,330.0,331.0,-44.41841289473684,28.0,0,0.02172368421052633,0.02400000000000002
vehicle_006_session_00389,vehicle_006,389,train,125.69723848882852,52.8,339.4,341.85,346.05,350.2,-70.08685013157894,32.75,1,0.047618421052631546,0.05400000000000027
vehicle_006_session_00390,vehicle_006,390,train,125.59725534611998,47.2,335.7,337.45,341.3,345.8,-69.81868106666666,31.493333333333332,1,0.04684000000000002,0.052000000000000046
vehicle_006_session_00391,vehicle_006,391,train,123.65243276728879,20.8,327.7,328.85,330.2,331.6,-69.4679968,31.173333333333332,1,0.029320000000000023,0.03300000000000036
vehicle_006_session_00392,vehicle_006,392,train,125.81462536525976,66.8,353.0,354.79999999999995,358.2,362.2,-70.11600800000001,27.653333333333332,1,0.04178666666666666,0.04400000000000048
vehicle_006_session_00393,vehicle_006,393,train,122.7139434291748,28.4,329.6,330.75,332.2,334.1,-70.03947657894737,30.36842105263158,1,0.030763157894736878,0.03400000000000025
vehicle_006_session_00394,vehicle_006,394,train,126.19336975260416,65.6,351.6,353.55,357.0,361.0,-70.04933666666666,30.0,0,0.04217333333333336,0.04400000000000004
vehicle_006_session_00395,vehicle_006,395,train,123.56084048032406,30.8,329.7,331.05,332.7,334.6,-69.88266186666668,29.69333333333333,1,0.03144000000000001,0.03400000000000025
vehicle_006_session_00396,vehicle_006,396,train,127.41113305196367,74.4,358.6,360.6,364.20000000000005,368.6,-69.32369710526315,32.9078947368421,1,0.042565789473684223,0.04400000000000048
vehicle_006_session_00397,vehicle_006,397,train,124.67861920261284,8.400001,321.9,323.4,326.05,328.3,-69.55658460526315,37.0,0,0.03618421052631578,0.039000000000000146
vehicle_006_session_00398,vehicle_006,398,train,125.33443134369493,47.2,334.2,336.0,338.4,341.4,-44.652014933333355,27.226666666666667,1,0.03811999999999996,0.04500000000000037
vehicle_006_session_00399,vehicle_006,399,train,124.38426546253827,54.0,343.6,345.75,349.20000000000005,353.2,-70.21974881578947,26.407894736842106,1,0.044500000000000005,0.051000000000000156
vehicle_006_session_00400,vehicle_006,400,train,124.49447634180794,54.4,341.1,343.3,347.4,351.3,-70.1032862295082,29.934426229508198,1,0.046934426229508185,0.05500000000000016
vehicle_006_session_00401,vehicle_006,401,train,121.60579910714289,36.8,334.2,334.6,336.1,338.9,-69.88033000000001,28.83606557377049,2,0.03563934426229505,0.040000000000000036
vehicle_006_session_00402,vehicle_006,402,train,126.15072656250004,68.0,356.3,357.1,360.2,364.3,-69.86229786885245,32.0,0,0.042639344262295036,0.04400000000000048
vehicle_006_session_00403,vehicle_006,403,train,124.95543374624629,17.6,327.5,328.0,329.6,330.8,-70.10656426229508,35.0,0,0.03160655737704919,0.039000000000000146
vehicle_006_session_00404,vehicle_006,404,train,123.01538819444447,47.6,338.6,339.3,342.2,346.3,-70.07377737704918,37.721311475409834,1,0.04498360655737708,0.04800000000000004
vehicle_006_session_00405,vehicle_006,405,train,125.88637569444445,75.6,361.8,362.5,365.8,370.2,-70.06557967213115,39.0,0,0.04313114754098359,0.04499999999999993
vehicle_006_session_00406,vehicle_006,406,train,126.41928745039687,57.6,343.8,346.0,349.7,353.6,-70.7213255737705,35.21311475409836,1,0.045,0.050000000000000266
vehicle_006_session_00407,vehicle_006,407,train,125.8924335613599,50.0,339.3,340.2,343.8,348.0,-70.18361672131147,35.459016393442624,1,0.04788524590163935,0.052000000000000046
vehicle_006_session_00408,vehicle_006,408,train,128.56347691993471,77.2,363.0,363.9,367.2,371.6,-70.27214836065573,37.0,0,0.04354098360655737,0.04500000000000082
vehicle_006_session_00409,vehicle_006,409,train,125.57002228009262,20.8,328.8,329.1,330.3,331.4,-70.0065580327869,32.57377049180328,1,0.02978688524590167,0.03500000000000014
vehicle_006_session_00410,vehicle_006,410,train,123.3846141025641,50.0,340.2,341.0,344.3,348.2,-69.99180245901638,36.47540983606557,1,0.045573770491803264,0.04800000000000004
vehicle_006_session_00411,vehicle_006,411,train,127.72890059156383,76.0,362.1,362.8,366.1,370.4,-69.99016295081968,38.0,0,0.042327868852459045,0.043999999999999595
vehicle_006_session_00412,vehicle_006,412,train,126.0837676767677,51.2,341.1,342.1,345.3,349.3,-70.09017262295082,36.09836065573771,1,0.04606557377049184,0.04900000000000038
vehicle_006_session_00413,vehicle_006,413,train,124.91079850427352,14.4,324.7,326.0,328.3,329.9,-70.13771295081968,34.868852459016395,1,0.03508196721311474,0.04200000000000026
vehicle_006_session_00414,vehicle_006,414,train,121.67380507990869,40.4,335.0,335.5,337.2,340.3,-69.89836163934427,37.42622950819672,1,0.03695081967213112,0.04400000000000004
vehicle_006_session_00415,vehicle_006,415,train,124.6251985825723,22.4,329.9,330.0,331.0,332.2,-70.05574213114754,34.67213114754098,1,0.0295737704918033,0.03200000000000003
vehicle_006_session_00416,vehicle_006,416,train,126.33295611496918,52.0,341.8,342.4,345.7,349.6,-70.03934950819674,38.24590163934426,1,0.04531147540983606,0.04800000000000004
vehicle_006_session_00417,vehicle_006,417,train,124.99680277777779,24.8,330.3,330.5,331.4,332.8,-70.0737755737705,33.21311475409836,1,0.029704918032786912,0.03200000000000003
vehicle_006_session_00418,vehicle_006,418,train,126.07329414682536,69.6,354.9,356.6,360.0,364.3,-70.36557409836067,37.721311475409834,1,0.04280327868852458,0.04400000000000048
vehicle_006_session_00419,vehicle_006,419,train,125.50904368055555,41.2,332.7,333.9,336.4,339.7,-70.59345081967213,35.885245901639344,1,0.03831147540983602,0.04600000000000026
vehicle_006_session_00420,vehicle_006,420,train,127.13467829106283,61.6,349.4,350.3,353.5,357.4,-70.595091147541,37.80327868852459,1,0.04349180327868855,0.04499999999999993
vehicle_006_session_00421,vehicle_006,421,train,125.27145890151517,22.0,327.2,328.6,330.2,331.6,-70.79180573770492,32.09836065573771,1,0.029868852459016444,0.03299999999999992
vehicle_006_session_00422,vehicle_006,422,train,123.54076046176048,44.0,336.3,336.9,339.1,343.0,-70.9606518032787,34.80327868852459,2,0.04193442622950819,0.050000000000000266
vehicle_006_session_00423,vehicle_006,423,train,128.12959676362684,75.2,361.0,361.8,365.0,369.3,-71.00491852459017,37.0,0,0.043573770491803325,0.04499999999999993
vehicle_006_session_00424,vehicle_006,424,train,125.56730598290602,57.6,345.5,346.4,349.9,353.8,-69.99508196721311,37.9344262295082,1,0.04431147540983607,0.04800000000000004
vehicle_006_session_00425,vehicle_006,425,train,122.99370128038194,28.0,331.0,331.3,332.4,334.1,-69.9918024590164,35.278688524590166,1,0.030377049180327888,0.03300000000000036
vehicle_006_session_00426,vehicle_006,426,train,123.06191267361113,54.0,344.1,344.9,348.2,351.9,-69.95245426229509,38.75409836065574,1,0.04422950819672128,0.04800000000000004
vehicle_006_session_00427,vehicle_006,427,train,123.31721598228658,36.8,333.5,333.8,335.3,337.7,-70.40982704918032,37.26229508196721,1,0.0343606557377049,0.0389999999999997
vehicle_006_session_00428,vehicle_006,428,train,126.46359296085858,64.8,352.2,353.0,356.1,360.2,-70.45737278688524,39.721311475409834,1,0.04311475409836071,0.04500000000000037
vehicle_006_session_00429,vehicle_006,429,train,124.68701889880958,45.6,336.8,337.4,339.7,343.8,-69.82787655737705,41.36065573770492,1,0.043327868852459005,0.04900000000000038
vehicle_006_session_00430,vehicle_006,430,train,126.13148166666669,54.0,343.0,343.9,347.2,351.1,-69.5,34.98360655737705,1,0.04606557377049179,0.051000000000000156
vehicle_006_session_00431,vehicle_006,431,train,123.24500215365686,41.2,335.2,335.7,337.7,341.1,-73.80492524590161,36.49180327868852,1,0.03960655737704916,0.04899999999999993
vehicle_006_session_00432,vehicle_006,432,train,124.48564748116759,48.4,338.3,338.9,342.2,346.4,-70.05410344262295,37.295081967213115,1,0.04665573770491808,0.050000000000000266
vehicle_006_session_00433,vehicle_006,433,train,127.82986836557538,72.0,358.3,359.1,362.4,366.6,-70.03279016393444,39.0,0,0.043032786885245894,0.04400000000000048
vehicle_006_session_00434,vehicle_006,434,train,124.0894140258216,41.6,333.3,334.6,336.9,340.7,-70.0836149180328,34.65573770491803,1,0.039327868852458994,0.04800000000000004
vehicle_006_session_00435,vehicle_006,435,train,126.26481221539159,70.0,357.1,357.8,361.1,365.2,-70.1032886885246,37.0,0,0.04319672131147541,0.04499999999999993
vehicle_006_session_00436,vehicle_006,436,train,125.74999807692306,58.4,345.2,345.7,347.4,349.7,-39.99508147540983,37.0,0,0.035426229508196676,0.03699999999999992
vehicle_006_session_00437,vehicle_006,437,train,123.5604776716821,23.2,329.9,330.0,331.0,332.4,-70.01475606557378,35.868852459016395,1,0.02983606557377054,0.03200000000000003
vehicle_006_session_00438,vehicle_006,438,train,124.5191227644597,52.4,342.2,343.2,346.4,350.3,-70.00000163934426,39.31147540983606,1,0.04585245901639341,0.04900000000000038
vehicle_006_session_00439,vehicle_006,439,train,123.89700651636228,16.4,327.5,328.0,329.4,330.7,-69.27050885245903,31.0,0,0.030770491803278708,0.03600000000000003
vehicle_006_session_00440,vehicle_006,440,train,124.75596518132717,47.2,338.9,339.7,342.8,347.1,-69.9081875409836,34.19672131147541,1,0.04537704918032788,0.04900000000000038
vehicle_006_session_00441,vehicle_006,441,train,122.8834719202899,55.2,344.4,345.2,348.5,352.4,-70.14591163934426,35.83606557377049,1,0.04537704918032784,0.04999999999999982
vehicle_006_session_00442,vehicle_006,442,train,121.47651250000003,48.0,338.3,338.9,342.1,346.3,-70.60328803278689,35.47540983606557,1,0.046590163934426256,0.050000000000000266
vehicle_006_session_00443,vehicle_006,443,train,122.15922792658729,34.4,331.6,332.1,333.5,335.7,-69.96557524590165,36.98360655737705,1,0.03322950819672135,0.03699999999999992
vehicle_006_session_00444,vehicle_006,444,train,124.62821030982906,62.8,349.9,350.7,353.8,357.7,-69.9262337704918,39.40983606557377,1,0.043836065573770525,0.04599999999999982
vehicle_006_session_00445,vehicle_006,445,train,122.41364268092106,23.6,328.2,329.2,330.8,332.2,-70.88360147540982,35.295081967213115,1,0.030065573770491804,0.03200000000000003
vehicle_006_session_00446,vehicle_006,446,train,121.92306901709398,54.4,343.6,344.4,347.7,351.6,-70.87868491803277,38.75409836065574,1,0.04593442622950817,0.04999999999999982
vehicle_006_session_00447,vehicle_006,447,train,122.71762544412148,41.2,334.7,335.0,337.2,340.7,-70.03934819672132,32.75409836065574,1,0.03934426229508193,0.04800000000000004
vehicle_006_session_00448,vehicle_006,448,train,122.94842275377232,14.4,326.0,326.6,328.6,330.0,-70.29674098360655,32.83606557377049,1,0.03390163934426231,0.040000000000000036
vehicle_006_session_00449,vehicle_006,449,train,121.40445687134505,46.8,338.0,338.5,341.3,345.3,-70.29838049180329,36.31147540983606,1,0.04421311475409837,0.04899999999999993
vehicle_006_session_00450,vehicle_006,450,train,127.40267013888898,77.2,362.4,363.3,366.6,371.0,-70.31313081967214,38.24590163934426,1,0.0433114754098361,0.04499999999999993
vehicle_006_session_00451,vehicle_006,451,train,120.1375111111111,33.6,330.2,331.1,332.7,334.4,-60.07049770491803,37.0,0,0.02927868852459021,0.03200000000000003
vehicle_006_session_00452,vehicle_006,452,train,124.061896076998,65.6,351.6,352.4,355.3,358.8,-59.94262442622951,32.0,0,0.039344262295081985,0.040999999999999925
vehicle_006_session_00453,vehicle_006,453,train,121.46455117394183,47.2,338.3,338.9,341.9,346.0,-69.6032886885246,34.57377049180328,1,0.046360655737704946,0.051000000000000156
vehicle_006_session_00454,vehicle_006,454,train,123.20408661265434,32.4,330.0,331.3,332.8,334.9,-69.87868885245902,34.0,0,0.03232786885245904,0.03600000000000003
vehicle_006_session_00455,vehicle_006,455,train,123.53684249614196,54.4,343.5,344.3,347.5,351.4,-69.97540737704918,35.9344262295082,1,0.04581967213114754,0.04999999999999982
vehicle_006_session_00456,vehicle_006,456,train,123.55575126689192,50.4,339.4,340.3,343.9,348.2,-70.05574278688525,34.721311475409834,1,0.04895081967213118,0.05400000000000027
vehicle_006_session_00457,vehicle_006,457,train,120.41578183621935,44.4,336.9,337.5,340.0,344.3,-70.6327968852459,36.622950819672134,1,0.04437704918032786,0.051000000000000156
vehicle_006_session_00458,vehicle_006,458,train,125.00505290404043,75.6,361.4,362.2,365.7,369.9,-70.67214114754097,39.0,0,0.044016393442622946,0.04499999999999993
vehicle_006_session_00459,vehicle_006,459,train,122.29815683851226,11.2,323.0,324.6,327.2,329.4,-70.26558229508196,35.868852459016395,1,0.03657377049180326,0.040999999999999925
vehicle_006_session_00460,vehicle_006,460,train,120.77316314814816,34.8,333.2,333.5,334.9,336.9,-70.15410836065573,37.40983606557377,1,0.03350819672131147,0.03600000000000003
vehicle_006_session_00461,vehicle_006,461,train,124.57936133879788,65.2,352.4,353.3,356.3,360.3,-70.1393524590164,40.0655737704918,1,0.04324590163934428,0.04400000000000004
vehicle_006_session_00462,vehicle_006,462,train,122.73222829861115,20.0,328.2,328.6,329.9,331.3,-69.80985180327869,34.9344262295082,1,0.030754098360655773,0.03600000000000003
vehicle_006_session_00463,vehicle_006,463,train,119.67849400252524,45.6,337.5,338.0,340.7,344.9,-69.81640852459017,37.52459016393443,1,0.04468852459016394,0.050000000000000266
vehicle_006_session_00464,vehicle_006,464,train,124.76095659722225,76.4,361.9,362.8,366.1,370.4,-69.91310606557376,39.0,0,0.04349180327868856,0.04499999999999993
vehicle_006_session_00465,vehicle_006,465,train,121.07586246744793,40.0,334.2,334.7,336.6,339.6,-70.19673147540983,37.885245901639344,2,0.037836065573770464,0.04300000000000015
vehicle_006_session_00466,vehicle_006,466,train,124.57350103648426,66.0,353.0,353.8,356.8,361.0,-70.12787639344262,40.0,0,0.04375409836065572,0.04500000000000037
vehicle_006_session_00467,vehicle_006,467,train,120.72965896118724,27.2,331.0,331.3,332.2,333.8,-70.11804262295082,37.131147540983605,1,0.030737704918032807,0.03299999999999992
vehicle_006_session_00468,vehicle_006,468,train,123.14699072609001,56.4,345.5,346.4,349.6,353.5,-70.11312360655737,40.0,0,0.044163934426229505,0.04700000000000015
vehicle_006_session_00469,vehicle_006,469,train,120.81395932539687,29.2,330.5,331.0,332.4,334.1,-70.16230524590165,33.40983606557377,1,0.03152459016393445,0.03500000000000014
vehicle_006_session_00470,vehicle_006,470,train,123.59793648909987,60.0,348.6,349.4,352.4,356.4,-70.10492590163935,37.0,0,0.04396721311475414,0.04600000000000026
vehicle_006_session_00471,vehicle_006,471,train,120.95422090365685,33.6,330.5,331.7,333.6,335.7,-70.20492983606557,33.14754098360656,1,0.0330491803278689,0.03600000000000003
vehicle_006_session_00472,vehicle_006,472,train,123.05991417100698,65.2,352.7,353.5,356.6,360.7,-70.18853540983608,36.0,0,0.04354098360655737,0.04499999999999993
vehicle_006_session_00473,vehicle_006,473,train,122.76215204420973,36.4,332.2,332.7,334.6,336.9,-69.68853524590162,33.967213114754095,2,0.03449180327868852,0.038000000000000256
vehicle_006_session_00474,vehicle_006,474,train,123.43116168981483,65.2,352.4,353.2,356.3,360.3,-69.74427672131148,37.0,0,0.043475409836065564,0.04500000000000037
vehicle_006_session_00475,vehicle_006,475,train,125.630383613782,75.6,360.3,361.0,363.3,366.3,-50.30002000000002,36.0,0,0.037344262295081976,0.03900000000000059
vehicle_006_session_00476,vehicle_006,476,train,123.43407707355239,56.8,345.0,346.0,349.4,353.3,-70.5,37.0,0,0.046311475409836066,0.051000000000000156
vehicle_006_session_00477,vehicle_006,477,train,123.30874291087964,58.8,347.4,348.3,351.6,355.5,-71.0,35.377049180327866,1,0.045327868852459034,0.04800000000000004
vehicle_006_session_00478,vehicle_006,478,train,123.37986301100631,59.6,346.9,347.4,349.3,351.8,-43.172134590163935,35.0,0,0.03626229508196718,0.038000000000000256
vehicle_006_session_00479,vehicle_006,479,train,120.77431087962962,40.4,334.4,334.9,336.8,339.7,-70.02459163934427,36.459016393442624,1,0.0381967213114754,0.04499999999999993
vehicle_006_session_00480,vehicle_006,480,train,120.4804189987562,38.4,334.2,334.6,336.4,339.3,-70.04262704918033,32.459016393442624,1,0.03696721311475405,0.04200000000000026
vehicle_006_session_00481,vehicle_006,481,train,123.52811621093745,65.6,353.3,354.3,357.2,361.3,-70.0098419672131,35.0,0,0.04345901639344262,0.04499999999999993
vehicle_006_session_00482,vehicle_006,482,train,122.84276423611114,56.0,345.0,345.8,349.1,353.0,-70.33443590163935,37.78688524590164,1,0.04601639344262293,0.04999999999999982
vehicle_006_session_00483,vehicle_006,483,train,118.4592741290019,37.2,333.3,333.6,334.7,336.4,-54.988523442622956,31.83606557377049,1,0.029311475409836085,0.03299999999999992
vehicle_006_session_00484,vehicle_006,484,train,123.39743589743593,60.8,348.6,349.3,351.6,354.7,-55.0,34.24590163934426,1,0.038508196721311505,0.040999999999999925
vehicle_006_session_00485,vehicle_006,485,train,123.68053976034858,20.4,328.5,328.6,329.4,330.3,-54.39343459016393,33.0,0,0.0245081967213115,0.026000000000000245
vehicle_006_session_00486,vehicle_006,486,train,123.70868360871646,41.2,334.4,334.6,336.0,338.0,-54.390156885245894,35.16393442622951,1,0.030622950819672135,0.03500000000000014
vehicle_006_session_00487,vehicle_006,487,train,126.36488143939391,64.8,351.1,351.8,354.1,357.2,-54.377046065573765,37.0,0,0.037901639344262314,0.039000000000000146
vehicle_006_session_00488,vehicle_006,488,train,122.33073146081351,46.4,336.8,338.2,341.3,345.7,-69.99672295081966,36.19672131147541,2,0.04640983606557381,0.052000000000000046
vehicle_006_session_00489,vehicle_006,489,train,123.75672754256276,68.8,356.4,357.2,360.3,364.4,-69.93278737704918,37.9344262295082,1,0.043803278688524634,0.04600000000000026
vehicle_006_session_00490,vehicle_006,490,train,122.07877777777779,61.6,349.4,350.0,352.5,355.5,-55.0,34.0,0,0.039295081967213145,0.04200000000000026
vehicle_006_session_00491,vehicle_006,491,train,125.10351146488468,72.0,357.4,358.0,360.7,363.9,-54.93442295081967,34.0,0,0.038655737704917974,0.04100000000000037
vehicle_006_session_00492,vehicle_006,492,train,124.06303851010101,66.8,354.3,355.2,358.3,362.4,-69.84426721311475,32.540983606557376,1,0.043573770491803256,0.04499999999999993
vehicle_006_session_00493,vehicle_006,493,train,119.05082162858427,50.8,339.6,340.2,342.4,345.2,-45.16230508196722,39.0,0,0.04172131147540989,0.04499999999999993
vehicle_006_session_00494,vehicle_006,494,train,122.11502546296295,38.4,332.8,333.2,334.4,336.3,-55.091811967213125,36.08196721311475,1,0.030770491803278684,0.03399999999999981
vehicle_006_session_00495,vehicle_006,495,train,121.80733115583807,61.2,348.6,349.4,351.8,354.9,-55.04098770491803,38.0,0,0.03939344262295084,0.041999999999999815
vehicle_006_session_00496,vehicle_006,496,train,119.400897875817,46.8,336.6,337.1,338.6,341.1,-45.200010000000006,34.98360655737705,0,0.03659016393442619,0.04400000000000004
vehicle_006_session_00497,vehicle_006,497,train,123.67950197649573,64.4,352.5,353.3,356.4,360.5,-70.08361475409836,33.42622950819672,1,0.04408196721311475,0.04500000000000037
vehicle_006_session_00498,vehicle_006,498,train,122.01712439814814,38.8,333.9,334.2,336.1,338.9,-70.4688493442623,31.540983606557376,1,0.03585245901639344,0.040999999999999925
vehicle_006_session_00499,vehicle_006,499,train,125.3047191091954,69.2,356.0,356.8,360.0,364.1,-70.49672098360655,34.78688524590164,1,0.04236065573770488,0.04400000000000004
vehicle_006_session_00500,vehicle_006,500,train,123.56412397875818,14.4,326.3,326.9,328.6,329.9,-69.92130491803279,33.0,0,0.032557377049180325,0.03799999999999981
vehicle_006_session_00501,vehicle_006,501,train,122.74898908077488,41.6,335.0,335.5,337.2,340.2,-69.95081475409836,35.704918032786885,1,0.03560655737704914,0.040999999999999925
vehicle_006_session_00502,vehicle_006,502,train,126.72294941331415,72.0,357.5,358.5,361.6,365.7,-69.99016295081968,38.68852459016394,1,0.0417213114754098,0.04300000000000015
vehicle_006_session_00503,vehicle_006,503,train,125.65431472439236,63.6,349.3,351.3,354.7,358.8,-70.10820573770492,34.0,0,0.04224590163934426,0.04400000000000004
vehicle_006_session_00504,vehicle_006,504,train,122.12984333804147,58.0,347.1,348.0,351.1,354.9,-69.61968213114754,36.98360655737705,1,0.043409836065573755,0.04600000000000026
vehicle_006_session_00505,vehicle_006,505,train,119.8428752942561,37.6,333.2,333.5,334.7,336.4,-55.050824754098365,31.147540983606557,1,0.02918032786885247,0.03200000000000003
vehicle_006_session_00506,vehicle_006,506,train,123.81250332341271,60.0,348.5,349.3,352.5,356.4,-70.35737983606558,35.59016393442623,1,0.04345901639344265,0.04600000000000026
vehicle_006_session_00507,vehicle_006,507,train,121.59173620248536,42.4,335.2,335.7,338.0,341.8,-70.38032704918034,36.75409836065574,1,0.04083606557377045,0.04900000000000038
vehicle_006_session_00508,vehicle_006,508,train,125.88128459901435,72.8,359.3,360.2,363.5,367.7,-70.43278081967213,39.0,0,0.04290163934426234,0.04400000000000048
vehicle_006_session_00509,vehicle_006,509,train,124.22454282407408,56.8,345.3,346.3,349.6,353.6,-70.05574295081966,39.0,0,0.04455737704918034,0.04899999999999993
vehicle_006_session_00510,vehicle_006,510,train,121.48696091403906,21.2,329.1,329.4,330.3,331.7,-69.9836086885246,37.26229508196721,1,0.029819672131147563,0.03200000000000003
vehicle_006_session_00511,vehicle_006,511,train,121.44874077119883,50.8,340.7,341.4,344.7,348.8,-69.97541180327869,40.622950819672134,1,0.04581967213114758,0.04900000000000038
vehicle_006_session_00512,vehicle_006,512,train,119.34954453703705,30.8,331.6,331.9,333.2,334.9,-70.10000655737706,39.42622950819672,1,0.031852459016393456,0.0349999999999997
vehicle_006_session_00513,vehicle_006,513,train,120.18948849206353,37.6,333.5,333.9,335.5,338.0,-70.04426475409835,39.75409836065574,1,0.034622950819672066,0.03799999999999981
vehicle_006_session_00514,vehicle_006,514,train,123.61516643518519,65.6,352.7,353.5,356.4,360.5,-70.03606836065573,42.47540983606557,1,0.04221311475409837,0.04400000000000004
vehicle_006_session_00515,vehicle_006,515,train,120.42915402777776,36.8,331.6,332.7,334.7,337.5,-69.93769868852458,31.21311475409836,1,0.03437704918032786,0.0389999999999997
vehicle_006_session_00516,vehicle_006,516,train,122.82423095383987,56.8,346.1,346.9,350.0,353.9,-69.90490852459017,33.59016393442623,1,0.04347540983606558,0.04600000000000026
vehicle_006_session_00517,vehicle_006,517,train,124.63512731481484,59.2,347.5,348.2,350.8,353.8,-57.21640016393444,34.0,0,0.039393442622950796,0.042999999999999705
vehicle_006_session_00518,vehicle_006,518,train,122.77224944444447,20.4,327.7,327.8,328.6,329.4,-45.100010000000005,35.0,0,0.022934426229508264,0.027000000000000135
vehicle_006_session_00519,vehicle_006,519,train,117.44794270833336,40.4,333.9,334.1,335.2,336.9,-45.100010000000005,36.91803278688525,1,0.02755737704918035,0.030999999999999694
vehicle_006_session_00520,vehicle_006,520,train,121.13880590717298,42.8,335.3,336.0,338.2,341.9,-70.00656163934427,39.16393442622951,1,0.04106557377049178,0.050000000000000266
vehicle_006_session_00521,vehicle_006,521,train,125.93930986590047,74.4,360.7,361.3,364.7,368.9,-69.90164262295083,41.0,0,0.042967213114754085,0.04499999999999993
vehicle_006_session_00522,vehicle_006,522,train,124.00051651785722,59.6,347.8,348.6,352.1,355.8,-69.80165885245901,34.0,0,0.04326229508196721,0.04599999999999982
vehicle_006_session_00523,vehicle_006,523,train,122.44668365575399,18.4,328.3,328.6,329.9,331.1,-69.86229639344262,36.0,0,0.03059016393442625,0.03600000000000003
vehicle_006_session_00524,vehicle_006,524,train,122.74990451388892,52.4,342.2,343.0,346.3,350.3,-69.86066213114755,39.65573770491803,1,0.045360655737704925,0.04800000000000004
vehicle_006_session_00525,vehicle_006,525,train,124.32828200676646,55.6,344.4,345.2,348.6,352.5,-69.80002,35.0655737704918,1,0.0448360655737705,0.04900000000000038
vehicle_006_session_00526,vehicle_006,526,train,121.840295625,40.0,333.6,333.8,334.9,336.1,-44.906564754098376,42.31147540983606,1,0.026311475409836072,0.028999999999999915
vehicle_006_session_00527,vehicle_006,527,train,122.53472943376065,58.4,346.0,347.7,351.1,355.0,-69.99344196721312,38.032786885245905,1,0.04432786885245901,0.04800000000000004
vehicle_006_session_00528,vehicle_006,528,train,121.25214615384616,18.4,328.6,328.9,329.9,331.1,-70.08033426229508,42.0,0,0.030344262295081945,0.03299999999999992
vehicle_006_session_00529,vehicle_006,529,train,120.7772504807692,44.4,336.9,337.4,339.6,343.2,-68.11967672131148,44.75409836065574,1,0.04080327868852458,0.04800000000000004
vehicle_006_session_00530,vehicle_006,530,train,125.73174498456792,70.4,356.8,357.5,360.7,364.6,-67.48360868852458,46.09836065573771,1,0.041688524590163895,0.04300000000000015
vehicle_006_session_00531,vehicle_006,531,train,124.01581303418808,64.8,351.1,351.6,353.6,356.1,-45.29674098360658,40.0,0,0.03419672131147543,0.03500000000000014
vehicle_006_session_00532,vehicle_006,532,train,121.10258759746588,25.2,328.8,329.7,331.0,332.5,-70.03771,39.59016393442623,1,0.030229508196721332,0.03200000000000003
vehicle_006_session_00533,vehicle_006,533,train,120.6781356797138,48.0,338.6,339.3,342.2,346.4,-69.93934573770493,41.885245901639344,2,0.04595081967213122,0.050000000000000266
vehicle_006_session_00534,vehicle_006,534,train,126.91548529693493,74.4,360.2,361.0,364.3,368.5,-69.92951213114755,43.24590163934426,1,0.0429016393442623,0.04400000000000048
vehicle_006_session_00535,vehicle_006,535,train,123.21083115079365,58.0,346.6,347.4,350.7,354.6,-70.18361655737705,42.0,0,0.04457377049180326,0.04700000000000015
vehicle_006_session_00536,vehicle_006,536,train,121.9766600241546,31.2,330.0,331.1,332.7,334.7,-70.07213803278688,35.14754098360656,2,0.032000000000000056,0.03400000000000025
vehicle_006_session_00537,vehicle_006,537,train,123.79998521675088,59.2,347.8,348.6,351.9,355.7,-70.02951114754099,38.32786885245902,1,0.043311475409836035,0.04499999999999993
vehicle_006_session_00538,vehicle_006,538,train,120.71078656045752,30.4,331.1,331.4,332.7,334.6,-69.97705114754099,35.557377049180324,1,0.0320819672131148,0.03500000000000014
vehicle_006_session_00539,vehicle_006,539,train,123.99840647257837,58.0,346.9,347.7,350.8,354.7,-69.86394180327868,38.459016393442624,1,0.04393442622950818,0.04600000000000026
vehicle_006_session_00540,vehicle_006,540,train,123.95834780982912,63.6,349.9,351.6,355.0,359.1,-70.5245955737705,34.885245901639344,1,0.04278688524590163,0.04499999999999993
vehicle_006_session_00541,vehicle_006,541,train,123.30880357998085,59.6,347.4,348.0,350.5,353.6,-55.073777540983606,40.63934426229508,1,0.0391639344262295,0.041999999999999815
vehicle_006_session_00542,vehicle_006,542,train,125.00900012860085,64.0,351.0,351.4,353.9,357.1,-54.918030491803286,37.0,0,0.03836065573770496,0.040000000000000036
vehicle_006_session_00543,vehicle_006,543,train,123.54665832407409,61.2,348.9,349.7,352.8,356.9,-70.90163081967212,43.0,0,0.04429508196721318,0.04600000000000026
vehicle_006_session_00544,vehicle_006,544,train,122.82766813380283,18.8,328.5,328.8,329.9,331.3,-71.35574098360657,39.50819672131148,1,0.03137704918032789,0.03600000000000003
vehicle_006_session_00545,vehicle_006,545,train,122.56786217948724,47.6,338.6,339.1,342.1,346.4,-71.3393524590164,43.24590163934426,1,0.04537704918032791,0.050000000000000266
vehicle_006_session_00546,vehicle_006,546,train,126.06823216230936,74.0,359.7,360.5,363.8,367.8,-68.72788163934426,45.0,0,0.04234426229508193,0.04400000000000048
vehicle_006_session_00547,vehicle_006,547,train,117.87410344601678,40.8,333.9,334.2,335.3,337.1,-45.68853163934426,40.721311475409834,1,0.027868852459016366,0.030999999999999694
vehicle_006_session_00548,vehicle_006,548,train,120.7291913580247,28.8,330.2,330.3,331.3,332.4,-50.20164950819673,36.0,0,0.024114754098360672,0.026000000000000245
vehicle_006_session_00549,vehicle_006,549,train,119.23057986111108,50.4,340.0,340.5,343.2,346.3,-50.20492852459017,38.0,0,0.04232786885245905,0.04500000000000037
vehicle_006_session_00550,vehicle_006,550,train,123.65105219907407,63.2,349.6,350.3,353.0,356.3,-55.17214049180329,35.0,0,0.038278688524590175,0.040000000000000036
vehicle_006_session_00551,vehicle_006,551,train,118.57266579861107,32.8,329.2,330.8,332.2,333.8,-54.79344163934426,33.01639344262295,1,0.027426229508196773,0.03100000000000014
vehicle_006_session_00552,vehicle_006,552,train,121.35044109623018,55.2,343.8,344.4,347.1,350.2,-54.977046885245905,35.47540983606557,1,0.04155737704918032,0.04700000000000015
vehicle_006_session_00553,vehicle_006,553,train,121.24258374477485,8.400001,322.4,323.8,326.6,328.8,-70.24919295081968,32.0,0,0.03622950819672127,0.039000000000000146
vehicle_006_session_00554,vehicle_006,554,train,120.55182075825824,36.8,333.9,334.2,335.8,338.3,-70.20165081967212,34.540983606557376,1,0.034409836065573754,0.03799999999999981
vehicle_006_session_00555,vehicle_006,555,train,122.91554252049187,66.4,354.1,354.9,358.0,362.1,-70.17541852459017,37.540983606557376,1,0.042426229508196696,0.04400000000000048
vehicle_006_session_00556,vehicle_006,556,train,123.40712754216268,42.0,333.2,334.4,337.1,340.5,-70.13279540983606,35.52459016393443,1,0.039393442622950796,0.04700000000000015
vehicle_006_session_00557,vehicle_006,557,train,121.83134901433694,16.4,325.7,327.1,329.1,330.5,-69.27542737704918,37.868852459016395,1,0.034245901639344274,0.04300000000000015
vehicle_006_session_00558,vehicle_006,558,train,120.26590307539689,41.6,335.5,336.1,338.0,341.3,-69.26722983606558,40.59016393442623,1,0.03875409836065568,0.04600000000000026
vehicle_006_session_00559,vehicle_006,559,train,120.63183496732027,30.8,330.7,330.8,331.4,332.4,-45.200010000000006,40.0,0,0.022508196721311508,0.025000000000000355
vehicle_006_session_00560,vehicle_006,560,train,122.00282039875961,21.6,327.8,328.9,330.3,331.6,-69.92237171052632,38.28947368421053,1,0.030328947368421084,0.03299999999999992
vehicle_006_session_00561,vehicle_006,561,train,121.71170140817902,24.8,328.5,329.6,331.05,332.5,-69.9276322368421,34.5921052631579,1,0.030026315789473713,0.03200000000000003
vehicle_006_session_00562,vehicle_006,562,train,121.59015054143121,46.8,336.8,337.2,339.4,342.8,-54.95081606557376,34.09836065573771,1,0.039540983606557355,0.04600000000000026
vehicle_006_session_00563,vehicle_006,563,train,122.12673170405988,70.4,356.4,357.1,359.6,362.8,-54.94917655737705,35.85245901639344,1,0.03675409836065568,0.038000000000000256
vehicle_006_session_00564,vehicle_006,564,train,122.72148883258262,54.0,344.6,345.5,348.6,352.7,-70.67869852459015,41.885245901639344,1,0.04462295081967211,0.04900000000000038
vehicle_006_session_00565,vehicle_006,565,train,120.05789699074077,49.2,337.8,338.3,340.3,343.2,-45.100010000000005,39.114754098360656,1,0.03878688524590163,0.04300000000000015
vehicle_006_session_00566,vehicle_006,566,train,120.95803388047139,18.8,328.8,329.1,330.0,331.1,-70.10000950819672,40.0,0,0.03013114754098361,0.0349999999999997
vehicle_006_session_00567,vehicle_006,567,train,120.98910287698413,45.2,337.2,337.7,340.2,344.1,-70.09673098360656,42.50819672131148,1,0.041622950819672114,0.04800000000000004
vehicle_006_session_00568,vehicle_006,568,train,123.98187681100214,68.0,355.0,355.8,358.96,363.2,-70.39192790322579,41.0,0,0.04267741935483871,0.04499999999999993
vehicle_006_session_00569,vehicle_006,569,train,123.64163531144781,54.8,343.3,344.1,347.5,351.4,-69.92623606557378,41.0,0,0.04627868852459015,0.05099999999999971
vehicle_006_session_00570,vehicle_006,570,train,124.100227789751,60.4,349.1,349.9,353.2,357.2,-74.0573837704918,42.442622950819676,1,0.044704918032786894,0.04800000000000004
vehicle_006_session_00571,vehicle_006,571,train,123.07213798076926,41.2,332.7,333.8,336.1,339.3,-69.80165163934426,42.31147540983606,1,0.037393442622950794,0.04300000000000015
vehicle_006_session_00572,vehicle_006,572,train,125.72504202943618,67.2,353.8,354.6,357.7,361.4,-68.368861147541,44.557377049180324,1,0.04231147540983607,0.04400000000000004
vehicle_006_session_00573,vehicle_006,573,train,124.01804885477583,53.6,340.0,342.2,346.4,350.7,-70.68853475409836,42.16393442622951,1,0.04888524590163934,0.05600000000000005
vehicle_006_session_00574,vehicle_006,574,train,125.48940919811321,76.8,362.1,363.0,366.3,370.7,-70.70000999999998,43.0,0,0.04309836065573768,0.04499999999999993
vehicle_006_session_00575,vehicle_006,575,train,120.79438626126124,5.6,321.4,322.4,324.9,327.4,-71.35246262295081,44.0,0,0.037704918032786854,0.041999999999999815
vehicle_006_session_00576,vehicle_006,576,train,122.57261859668117,35.2,333.0,333.3,334.6,336.6,-68.67869852459016,45.36065573770492,1,0.03250819672131145,0.03500000000000014
vehicle_006_session_00577,vehicle_006,577,train,126.5839806186869,66.8,353.5,354.3,357.4,361.3,-68.67869852459016,48.0,0,0.041836065573770495,0.04300000000000015
vehicle_006_session_00578,vehicle_006,578,train,119.86647019230769,35.6,332.5,333.0,334.6,336.9,-69.67705918032786,35.98360655737705,0,0.03386885245901642,0.03699999999999992
vehicle_006_session_00579,vehicle_006,579,train,121.01773910440617,61.6,350.0,350.8,353.9,357.8,-69.69509196721312,38.459016393442624,1,0.04245901639344264,0.04400000000000004
vehicle_006_session_00580,vehicle_006,580,train,120.87572844516596,21.6,328.9,329.4,330.5,331.7,-70.52623213114754,39.57377049180328,1,0.030819672131147554,0.03400000000000025
vehicle_006_session_00581,vehicle_006,581,train,120.9098351236979,52.4,341.9,342.8,346.3,350.3,-70.51147655737707,43.34426229508197,1,0.04672131147540984,0.050000000000000266
vehicle_006_session_00582,vehicle_006,582,train,121.92177221331912,22.8,329.9,330.2,331.0,332.4,-70.80001999999999,42.16393442622951,1,0.030196721311475425,0.03200000000000003
vehicle_006_session_00583,vehicle_006,583,train,121.27316531635806,25.6,330.7,331.0,331.9,333.3,-70.6377149180328,39.21311475409836,1,0.03050819672131153,0.03200000000000003
vehicle_006_session_00584,vehicle_006,584,train,121.2331383101852,54.4,344.3,345.0,348.3,352.4,-70.61312475409837,42.90163934426229,1,0.044655737704918,0.04899999999999993
vehicle_006_session_00585,vehicle_006,585,train,118.86689866979657,29.6,331.1,331.4,332.7,334.4,-70.66558377049179,38.52459016393443,1,0.03170491803278692,0.03400000000000025
vehicle_006_session_00586,vehicle_006,586,train,123.39002971813726,58.0,346.8,347.4,350.7,354.6,-70.64263295081966,41.868852459016395,1,0.04386885245901637,0.04700000000000015
vehicle_006_session_00587,vehicle_006,587,train,121.95024863215488,29.2,329.4,330.5,331.9,333.6,-70.6541081967213,40.40983606557377,1,0.031311475409836115,0.03500000000000014
vehicle_006_session_00588,vehicle_006,588,train,123.00221959688353,56.0,344.6,345.3,348.6,352.7,-70.67705918032786,43.16393442622951,1,0.045245901639344256,0.050000000000000266
vehicle_006_session_00589,vehicle_006,589,train,119.22853287760415,35.6,333.0,333.2,334.7,336.9,-69.11640344262295,39.721311475409834,1,0.033459016393442606,0.03699999999999992
vehicle_006_session_00590,vehicle_006,590,train,121.90147266313934,61.2,349.3,350.0,353.2,356.9,-69.11476409836064,42.0,0,0.042803278688524606,0.04499999999999993
vehicle_006_session_00591,vehicle_006,591,train,122.7527454462659,68.8,355.2,356.0,359.3,363.5,-70.17049918032785,40.0,0,0.04240983606557376,0.04400000000000004
vehicle_006_session_00592,vehicle_006,592,train,122.23215211640208,42.8,335.0,335.5,337.7,341.4,-70.0885313114754,40.47540983606557,1,0.04054098360655735,0.04899999999999993
vehicle_006_session_00593,vehicle_006,593,train,126.85601126834386,76.4,362.1,362.8,366.3,370.5,-70.04262688524588,43.0,0,0.043000000000000045,0.04400000000000048
vehicle_006_session_00594,vehicle_006,594,train,123.31232291666669,55.6,342.7,344.7,348.6,352.7,-69.96721606557377,40.0,0,0.04683606557377048,0.05400000000000027
vehicle_006_session_00595,vehicle_006,595,train,124.12869916449648,67.6,354.7,355.5,358.6,362.8,-70.03607000000001,39.0,0,0.04321311475409833,0.04500000000000037
vehicle_006_session_00596,vehicle_006,596,train,123.69756855936824,49.6,337.5,338.0,340.3,343.6,-50.47048885245901,38.73770491803279,1,0.04157377049180326,0.04600000000000026
vehicle_006_session_00597,vehicle_006,597,train,124.10180332809233,70.4,355.3,356.0,358.2,361.3,-50.4770468852459,39.0,0,0.036278688524590146,0.03799999999999981
vehicle_006_session_00598,vehicle_006,598,train,119.84093570788531,40.0,333.6,333.9,335.3,337.2,-51.44753573770491,37.114754098360656,1,0.030393442622950823,0.03500000000000014
vehicle_006_session_00599,vehicle_006,599,train,121.53088754145936,12.0,324.9,325.7,327.8,329.4,-70.00163950819672,41.0,0,0.035180327868852446,0.039000000000000146
vehicle_006_session_00600,vehicle_006,600,train,122.01796464646465,39.2,334.6,334.9,336.6,339.3,-69.99836049180328,43.14754098360656,1,0.03547540983606555,0.040000000000000036
vehicle_006_session_00601,vehicle_006,601,train,126.70271154835397,70.4,356.6,357.4,360.5,364.3,-67.2983804918033,45.63934426229508,1,0.04142622950819674,0.04300000000000015
vehicle_006_session_00602,vehicle_006,602,train,121.10036189358371,43.6,335.0,335.7,338.3,342.2,-69.59509098360655,41.0655737704918,2,0.0421967213114754,0.05099999999999971
vehicle_006_session_00603,vehicle_006,603,train,124.1101820268362,72.0,358.3,359.1,362.4,366.6,-69.5688593442623,43.0,0,0.042983606557377006,0.04400000000000048
vehicle_006_session_00604,vehicle_006,604,train,121.3180107550612,22.8,327.5,328.5,329.7,331.0,-59.91710697368419,42.0,0,0.027065789473684244,0.03000000000000025
vehicle_006_session_00605,vehicle_006,605,train,123.30233693088431,27.2,328.5,329.29999999999995,330.5888888888889,331.7,-60.05600453333332,39.12,1,0.027013333333333354,0.02900000000000036
vehicle_006_session_00606,vehicle_006,606,train,122.75491029249447,24.0,327.8,328.70000000000005,330.0,331.3,-60.11067546666666,40.46666666666667,1,0.027053333333333367,0.02900000000000036
vehicle_006_session_00607,vehicle_006,607,train,121.58998644868831,35.2,332.7,333.2,334.6,337.1,-75.48196540983608,41.459016393442624,1,0.03572131147540983,0.039000000000000146
vehicle_006_session_00608,vehicle_006,608,train,125.18288674768517,64.4,351.8,352.5,355.8,359.6,-74.06557262295081,44.18032786885246,1,0.044409836065573784,0.04600000000000026
vehicle_006_session_00609,vehicle_006,609,train,123.90233534946239,59.2,347.7,348.5,351.6,355.5,-70.0344286885246,39.459016393442624,1,0.0445409836065574,0.0479999999999996
vehicle_006_session_00610,vehicle_006,610,train,121.78891583333336,54.0,341.9,342.4,344.7,347.4,-45.200010000000006,42.0,0,0.04021311475409837,0.04300000000000015
vehicle_006_session_00611,vehicle_006,611,train,122.0293047839506,34.8,332.1,332.4,333.9,336.1,-69.89507344262294,41.39344262295082,1,0.033983606557377095,0.038000000000000256
vehicle_006_session_00612,vehicle_006,612,train,123.00516836873639,63.6,351.4,352.2,355.3,359.1,-69.92786163934426,44.0,0,0.043163934426229546,0.04499999999999993
vehicle_006_session_00613,vehicle_006,613,train,121.01787058531748,28.0,329.4,330.3,331.7,333.5,-70.10984327868853,35.26229508196721,1,0.030950819672131154,0.03299999999999992
vehicle_006_session_00614,vehicle_006,614,train,122.41636253156564,56.0,345.2,346.1,349.3,353.2,-70.07705524590165,38.78688524590164,1,0.04514754098360654,0.04900000000000038
vehicle_006_session_00615,vehicle_006,615,train,119.23480083857442,42.4,334.9,335.0,336.6,338.6,-50.0,34.39344262295082,1,0.031606557377049156,0.03600000000000003
vehicle_006_session_00616,vehicle_006,616,train,122.12889427777779,52.8,341.4,342.4,346.4,350.5,-70.0131173770492,38.0,0,0.04908196721311473,0.05300000000000038
vehicle_006_session_00617,vehicle_006,617,train,124.3052778411395,42.8,333.3,334.29999999999995,336.5,339.6,-60.03026565789474,36.078947368421055,1,0.03636842105263153,0.04400000000000004
vehicle_006_session_00618,vehicle_006,618,train,123.73451047026475,38.0,331.4,332.5,334.29999999999995,336.6,-60.05867093333334,33.0,0,0.03229333333333333,0.03600000000000003
vehicle_006_session_00619,vehicle_006,619,train,121.47865362466126,18.4,328.5,328.9,329.9,331.3,-69.9606518032787,32.0,0,0.03019672131147545,0.03400000000000025
vehicle_006_session_00620,vehicle_006,620,train,120.34942471340386,51.2,341.9,342.8,346.1,350.3,-69.97048885245901,36.295081967213115,1,0.046393442622950816,0.050000000000000266
vehicle_006_session_00621,vehicle_006,621,train,122.17342713365542,46.0,336.1,337.1,340.2,344.9,-70.18033786885245,34.78688524590164,1,0.046491803278688536,0.05300000000000038
vehicle_006_session_00622,vehicle_006,622,train,123.28898431069955,73.6,360.3,361.1,364.4,368.8,-70.15082950819672,36.91803278688525,1,0.043327868852458956,0.04499999999999993
vehicle_006_session_00623,vehicle_006,623,train,125.06330855978264,60.8,345.7,347.5,349.9,352.5,-45.140805921052646,33.0,0,0.03665789473684209,0.040000000000000036
vehicle_006_session_00624,vehicle_006,624,train,119.83262363591273,42.4,333.8,334.2,335.8,338.0,-49.809851803278704,29.721311475409838,1,0.03185245901639342,0.03600000000000003
vehicle_006_session_00625,vehicle_006,625,train,121.45879299554187,19.6,329.1,329.2,330.3,331.4,-69.80329639344262,38.0,0,0.029983606557377043,0.03200000000000003
vehicle_006_session_00626,vehicle_006,626,train,121.16733401864035,52.0,342.1,343.0,346.4,350.3,-69.77542606557377,41.26229508196721,1,0.046393442622950816,0.04899999999999993
vehicle_006_session_00627,vehicle_006,627,train,124.49014290935675,70.0,356.8,357.5,360.8,364.9,-69.91475852459016,39.0,0,0.04370491803278683,0.04500000000000037
vehicle_006_session_00628,vehicle_006,628,train,121.99268808621937,30.0,330.7,331.0,332.4,334.2,-70.42950442622951,38.16393442622951,1,0.032000000000000035,0.03500000000000014
vehicle_006_session_00629,vehicle_006,629,train,122.20204119744743,60.8,349.4,350.2,353.3,357.2,-70.46229131147541,41.34426229508197,1,0.043934426229508244,0.04600000000000026
vehicle_006_session_00630,vehicle_006,630,train,123.55818954918031,64.0,351.0,351.9,355.0,359.1,-70.08033540983607,43.0,0,0.04334426229508202,0.04500000000000037
vehicle_006_session_00631,vehicle_006,631,train,122.94588966049383,20.4,326.7,328.0,329.7,331.1,-70.16722,37.0,0,0.03172131147540988,0.038000000000000256
vehicle_006_session_00632,vehicle_006,632,train,119.89103910256415,45.6,337.1,337.7,340.2,344.3,-70.13115672131148,39.442622950819676,1,0.04375409836065574,0.051000000000000156
vehicle_006_session_00633,vehicle_006,633,train,123.52679668898809,71.6,357.8,358.6,361.9,366.0,-70.11639852459017,41.0,0,0.04298360655737706,0.04499999999999993
vehicle_006_session_00634,vehicle_006,634,train,124.28486603057891,50.0,336.4,337.45,340.2,343.5,-45.10264157894737,39.21052631578947,1,0.04218421052631578,0.04699999999999971
vehicle_006_session_00635,vehicle_006,635,train,120.5606431818182,19.2,328.2,328.3,328.9,329.9,-50.244276721311486,39.0,0,0.023475409836065594,0.026000000000000245
vehicle_006_session_00636,vehicle_006,636,train,122.42449878167643,41.2,334.2,334.6,335.8,337.5,-50.24263721311476,41.0,0,0.028442622950819656,0.03100000000000014
vehicle_006_session_00637,vehicle_006,637,train,124.01851556299603,64.0,350.8,351.3,353.5,356.1,-50.23116065573772,43.0,0,0.035672131147540996,0.03699999999999992
vehicle_006_session_00638,vehicle_006,638,train,125.31541392622464,60.4,344.6,346.8,349.175,351.8,-44.7453372,40.0,0,0.036799999999999965,0.040999999999999925
vehicle_006_session_00639,vehicle_006,639,train,122.13723108416254,28.0,330.8,331.1,332.2,333.8,-71.02459262295082,42.442622950819676,1,0.031754098360655764,0.03400000000000025
vehicle_006_session_00640,vehicle_006,640,train,122.80554123931626,55.2,343.9,344.9,348.0,351.9,-68.4081875409836,45.622950819672134,1,0.045688524590163905,0.050000000000000266
vehicle_006_session_00641,vehicle_006,641,train,120.25009919294294,21.6,328.9,329.4,330.5,331.7,-70.05902098360657,36.967213114754095,1,0.03039344262295083,0.03500000000000014
vehicle_006_session_00642,vehicle_006,642,train,121.70830463303378,51.2,341.3,342.1,345.5,349.6,-69.99180508196721,40.377049180327866,1,0.047508196721311506,0.050000000000000266
vehicle_006_session_00643,vehicle_006,643,train,118.91255250000002,36.8,331.6,331.7,333.0,334.4,-45.30002000000002,35.83606557377049,1,0.026196721311475414,0.028999999999999915
vehicle_006_session_00644,vehicle_006,644,train,121.43060875,56.8,344.4,345.0,347.2,349.9,-45.30002000000002,37.0,0,0.03898360655737701,0.04300000000000015
vehicle_006_session_00645,vehicle_006,645,train,120.45357801649307,33.6,332.1,332.4,333.8,336.0,-70.68853459016393,34.442622950819676,1,0.033360655737704914,0.03699999999999992
vehicle_006_session_00646,vehicle_006,646,train,122.37656283068783,59.2,348.0,348.8,352.1,356.0,-70.71148655737704,37.0,0,0.044459016393442616,0.04800000000000004
vehicle_006_session_00647,vehicle_006,647,train,119.91367971096098,42.4,336.1,336.6,338.8,342.5,-70.59837049180328,33.26229508196721,2,0.041295081967213085,0.04899999999999993
vehicle_006_session_00648,vehicle_006,648,train,122.73129096045201,72.0,359.1,360.0,363.3,367.5,-70.6327968852459,36.0,0,0.043131147540983635,0.04400000000000048
vehicle_006_session_00649,vehicle_006,649,train,123.27154376021241,59.2,347.8,348.8,352.1,356.0,-71.36557409836067,38.0,0,0.04518032786885247,0.04800000000000004
vehicle_006_session_00650,vehicle_006,650,train,119.89068430930931,33.6,332.8,333.2,334.6,336.8,-70.58197459016394,33.83606557377049,2,0.033721311475409854,0.03699999999999992
vehicle_006_session_00651,vehicle_006,651,train,123.62822978855722,63.6,352.2,353.0,356.1,360.2,-70.60656573770493,37.131147540983605,1,0.043245901639344275,0.04400000000000004
vehicle_006_session_00652,vehicle_006,652,train,120.06433486519609,27.6,330.7,331.0,332.1,333.6,-69.99508147540983,37.26229508196721,1,0.03113114754098366,0.03400000000000025
vehicle_006_session_00653,vehicle_006,653,train,120.49443833333335,54.8,344.3,345.2,348.5,352.4,-69.9688493442623,40.557377049180324,1,0.0466065573770492,0.051000000000000156
vehicle_006_session_00654,vehicle_006,654,train,121.70930476364524,19.6,326.9,328.3,329.9,331.3,-70.7459068852459,37.47540983606557,1,0.03175409836065578,0.038000000000000256
vehicle_006_session_00655,vehicle_006,655,train,118.5920256748826,42.8,336.1,336.6,338.8,342.4,-70.92950114754098,40.21311475409836,2,0.0414262295081967,0.050000000000000266
vehicle_006_session_00656,vehicle_006,656,train,123.74775845654125,71.2,357.7,358.6,361.9,366.0,-70.91474557377049,42.0,0,0.0435901639344262,0.04500000000000037
vehicle_006_session_00657,vehicle_006,657,train,122.27318161962368,47.2,335.5,337.1,340.7,345.5,-69.97376786885246,38.0,0,0.047737704918032794,0.05400000000000027
vehicle_006_session_00658,vehicle_006,658,train,122.86899947033902,72.0,358.6,359.4,362.7,366.9,-69.99836049180328,39.0,0,0.04370491803278687,0.04500000000000082
vehicle_006_session_00659,vehicle_006,659,train,120.72224898989901,65.6,351.1,351.8,353.6,356.1,-45.100010000000005,44.78688524590164,-1,0.03544262295081971,0.037000000000000366
vehicle_006_session_00660,vehicle_006,660,train,118.98130393145166,56.8,345.7,346.4,349.9,353.9,-70.32460278688524,33.0,0,0.04644262295081966,0.051000000000000156
vehicle_006_session_00661,vehicle_006,661,train,117.00441109006732,31.2,330.5,331.4,333.2,335.2,-69.90819147540982,32.885245901639344,2,0.03244262295081969,0.03500000000000014
vehicle_006_session_00662,vehicle_006,662,train,119.22823763888893,57.6,346.9,347.7,351.0,354.9,-69.9606518032787,36.0,0,0.044459016393442616,0.04800000000000004
vehicle_006_session_00663,vehicle_006,663,train,120.58418178104574,53.6,340.2,342.5,346.9,351.1,-70.26722983606557,35.85245901639344,1,0.050131147540983544,0.05699999999999994
vehicle_006_session_00664,vehicle_006,664,train,120.42224125,74.0,360.2,361.0,364.4,368.6,-70.30329770491802,37.0,0,0.04427868852459013,0.04600000000000026
vehicle_006_session_00665,vehicle_006,665,train,117.77994140625002,2.8,319.2,321.0,324.1,326.6,-71.37377032786884,41.75409836065574,0,0.04059016393442623,0.04700000000000015
vehicle_006_session_00666,vehicle_006,666,train,119.1176340277778,28.4,331.3,331.4,332.5,334.2,-71.41474557377049,42.34426229508197,1,0.03175409836065575,0.03400000000000025
vehicle_006_session_00667,vehicle_006,667,train,120.86053148148146,62.4,349.7,350.5,353.3,357.2,-66.84263016393444,45.950819672131146,1,0.04236065573770493,0.04400000000000004
vehicle_006_session_00668,vehicle_006,668,train,117.6639569672131,48.8,338.8,339.3,341.8,345.2,-52.200010000000006,40.47540983606557,1,0.042327868852459025,0.04600000000000026
vehicle_006_session_00669,vehicle_006,669,train,120.00599772509578,7.2,321.6,323.0,325.8,328.3,-70.10656524590165,38.85245901639344,1,0.03703278688524585,0.039000000000000146
vehicle_006_session_00670,vehicle_006,670,train,118.1240135416667,30.8,331.9,332.2,333.5,335.2,-70.04426655737706,39.78688524590164,1,0.03203278688524593,0.03500000000000014
vehicle_006_session_00671,vehicle_006,671,train,120.21727142857141,58.8,347.4,348.3,351.3,355.2,-70.03607131147541,43.0,0,0.044147540983606556,0.04700000000000015
vehicle_006_session_00672,vehicle_006,672,train,117.53474447859745,30.4,329.9,331.0,332.7,334.7,-70.22952114754098,34.26229508196721,1,0.032770491803278706,0.03600000000000003
vehicle_006_session_00673,vehicle_006,673,train,120.08775009137426,54.8,344.6,345.3,348.8,352.7,-70.27214836065573,37.01639344262295,1,0.04680327868852459,0.052000000000000046
vehicle_006_session_00674,vehicle_006,674,train,120.26743262670567,70.0,355.7,357.2,360.8,365.2,-70.49344196721312,37.9344262295082,1,0.043590163934426246,0.04499999999999993
vehicle_006_session_00675,vehicle_006,675,train,120.75561988973709,45.2,334.2,334.95,337.1,339.7,-47.00131592105263,41.0,0,0.03518421052631576,0.041999999999999815
vehicle_006_session_00676,vehicle_006,676,train,119.72064666488602,16.8,325.3,326.7,328.6,329.9,-60.06842578947368,37.89473684210526,1,0.03239473684210525,0.040999999999999925
vehicle_006_session_00677,vehicle_006,677,train,117.8240773358586,29.2,331.1,331.4,332.7,334.7,-70.02951065573771,33.81967213114754,1,0.03188524590163939,0.03500000000000014
vehicle_006_session_00678,vehicle_006,678,train,117.58303557769729,55.6,345.3,346.3,349.6,353.5,-69.97541131147541,37.21311475409836,1,0.04554098360655737,0.050000000000000266
vehicle_006_session_00679,vehicle_006,679,train,120.31886702856023,56.8,346.0,346.9,350.3,354.6,-74.09016885245902,42.0,0,0.04747540983606556,0.052999999999999936
vehicle_006_session_00680,vehicle_006,680,train,118.107908974359,12.8,323.8,325.3,328.0,329.7,-69.96557639344263,39.0,0,0.037163934426229506,0.04300000000000015
vehicle_006_session_00681,vehicle_006,681,train,116.1910928613465,38.8,334.6,334.9,336.6,339.4,-69.9622962295082,41.377049180327866,1,0.03626229508196716,0.040999999999999925
vehicle_006_session_00682,vehicle_006,682,train,120.27721248861567,62.4,350.5,351.1,354.4,358.3,-69.96065754098362,43.52459016393443,1,0.04354098360655746,0.04600000000000026
vehicle_006_session_00683,vehicle_006,683,train,116.00535844017094,35.6,333.2,333.6,335.2,337.5,-70.69509196721312,42.540983606557376,1,0.03531147540983606,0.039000000000000146
vehicle_006_session_00684,vehicle_006,684,train,120.57322125455377,61.6,349.6,350.3,353.3,356.9,-66.11804278688525,45.0,0,0.04291803278688526,0.04499999999999993
vehicle_006_session_00685,vehicle_006,685,train,118.88751886878659,46.4,337.5,338.3,341.1,345.3,-69.95081983606556,38.52459016393443,1,0.04559016393442622,0.051000000000000156
vehicle_006_session_00686,vehicle_006,686,train,122.11093232662193,38.0,329.9,330.6,331.4,332.2,-22.48948368421053,40.0,0,0.018210526315789496,0.020000000000000018
vehicle_006_session_00687,vehicle_006,687,train,119.5696253000686,57.2,346.1,347.1,350.3,354.4,-70.02787163934427,39.0,0,0.04544262295081965,0.051000000000000156
vehicle_006_session_00688,vehicle_006,688,train,118.477459241453,30.8,329.6,330.5,331.9,333.6,-60.00131684210527,38.94736842105263,1,0.028828947368421075,0.03299999999999992
vehicle_006_session_00689,vehicle_006,689,train,119.9454358315296,53.2,340.2,341.9,346.3,350.5,-70.34426901639345,42.704918032786885,1,0.049819672131147574,0.05699999999999994
vehicle_006_session_00690,vehicle_006,690,train,121.2699332308743,46.0,335.2,336.4,339.7,344.4,-70.09017016393443,35.77049180327869,1,0.046229508196721336,0.05400000000000027
vehicle_006_session_00691,vehicle_006,691,train,122.82929537037036,70.8,357.2,358.0,361.3,365.5,-70.0360693442623,37.49180327868852,1,0.043262295081967245,0.04499999999999993
vehicle_006_session_00692,vehicle_006,692,train,117.61862297453706,25.6,330.7,330.8,331.9,333.3,-70.88687918032787,38.09836065573771,1,0.03119672131147541,0.03299999999999992
vehicle_006_session_00693,vehicle_006,693,train,120.75067639866978,54.4,343.5,344.4,347.8,351.9,-70.92130360655737,41.59016393442623,1,0.046409836065573765,0.050000000000000266
vehicle_006_session_00694,vehicle_006,694,train,117.64462442922374,35.2,332.8,333.2,334.7,336.9,-70.27378786885247,41.0655737704918,2,0.03418032786885246,0.038000000000000256
vehicle_006_session_00695,vehicle_006,695,train,120.51076003787881,64.4,351.8,352.5,355.7,359.7,-70.29509950819673,44.0,0,0.04339344262295086,0.04499999999999993
vehicle_006_session_00696,vehicle_006,696,train,119.85935287571223,10.0,324.2,324.9,327.2,329.1,-71.19345278688523,39.85245901639344,-1,0.03621311475409833,0.039000000000000146
vehicle_006_session_00697,vehicle_006,697,train,119.39076398148154,41.6,335.5,336.0,338.0,341.3,-71.24755573770491,41.78688524590164,1,0.038442622950819634,0.04499999999999993
vehicle_006_session_00698,vehicle_006,698,train,117.43729961917566,26.0,329.6,329.7,330.5,331.4,-49.69673131147542,38.40983606557377,1,0.023672131147540982,0.025000000000000355
vehicle_006_session_00699,vehicle_006,699,train,118.78417691256831,50.8,339.4,339.9,342.4,345.5,-49.681977213114756,40.73770491803279,1,0.04237704918032792,0.04500000000000037
vehicle_006_session_00700,vehicle_006,700,train,117.67292694444446,35.2,332.2,332.5,333.5,334.9,-49.606567049180335,39.21311475409836,1,0.026213114754098394,0.02900000000000036
vehicle_006_session_00701,vehicle_006,701,train,120.97689670138892,55.2,343.2,343.8,346.3,349.3,-49.5,41.0,0,0.040770491803278706,0.04400000000000004
vehicle_006_session_00702,vehicle_006,702,train,119.9435899884259,61.6,349.3,349.9,353.2,357.2,-70.09345081967213,36.22950819672131,1,0.04368852459016394,0.04700000000000015
vehicle_006_session_00703,vehicle_006,703,train,119.58810207888175,54.8,341.6,344.0,348.0888888888889,352.1,-69.91600013333334,38.86666666666667,1,0.048560000000000006,0.057000000000000384
vehicle_006_session_00704,vehicle_006,704,train,120.00767338564214,55.6,344.1,344.9,348.3,352.4,-70.04098770491804,41.885245901639344,1,0.046770491803278684,0.052000000000000046
vehicle_006_session_00705,vehicle_006,705,train,120.40562443369708,41.6,333.0,334.2,336.83,340.3,-70.43934081967213,39.75409836065574,1,0.03970491803278683,0.04800000000000004
vehicle_006_session_00706,vehicle_006,706,train,124.205742125496,75.6,360.8,361.8,365.0,369.4,-70.50163950819672,42.0,0,0.04359016393442623,0.04500000000000082
vehicle_006_session_00707,vehicle_006,707,train,117.36568419312174,30.4,331.7,332.1,333.3,335.2,-71.80657475409836,42.868852459016395,2,0.03316393442622954,0.03500000000000014
vehicle_006_session_00708,vehicle_006,708,train,120.30284830373407,64.0,351.4,352.2,355.2,359.1,-67.22296311475411,46.16393442622951,1,0.04244262295081967,0.04400000000000004
vehicle_006_session_00709,vehicle_006,709,train,118.09276165674602,13.2,323.8,325.2,327.8,329.7,-70.04262721311476,39.950819672131146,1,0.037573770491803285,0.042999999999999705
vehicle_006_session_00710,vehicle_006,710,train,119.8245359259259,54.4,343.3,344.1,347.5,351.4,-70.00163950819672,43.885245901639344,1,0.04665573770491803,0.050000000000000266
vehicle_006_session_00711,vehicle_006,711,train,116.50113831811261,40.8,334.9,335.5,337.5,340.8,-69.98524442622951,40.49180327868852,1,0.03909836065573768,0.04700000000000015
vehicle_006_session_00712,vehicle_006,712,train,121.5338694566277,70.0,356.4,357.2,360.5,364.6,-69.9606518032787,43.0,0,0.04318032786885242,0.04400000000000048
vehicle_006_session_00713,vehicle_006,713,train,117.73164521267363,28.8,329.6,330.6,332.15,333.9,-69.99210618421053,34.85526315789474,1,0.03175000000000003,0.03400000000000025
vehicle_006_session_00714,vehicle_006,714,train,120.67227867559525,70.0,355.0,356.6,360.075,364.4,-69.87867066666666,37.42666666666667,1,0.043319999999999984,0.04500000000000082
vehicle_006_session_00715,vehicle_006,715,train,120.95600976851853,61.2,349.7,350.5,353.6,357.7,-70.39015688524589,40.0,0,0.04375409836065578,0.04699999999999971
vehicle_006_session_00716,vehicle_006,716,train,123.24578326288245,66.0,352.8,353.5,356.8,360.8,-70.10984196721311,38.0,0,0.04347540983606559,0.04500000000000037
vehicle_006_session_00717,vehicle_006,717,train,118.05089469818378,19.6,327.8,328.9,330.3,331.7,-69.54590721311476,32.36065573770492,1,0.030049180327868876,0.03600000000000003
vehicle_006_session_00718,vehicle_006,718,train,116.69629942810461,40.4,335.5,335.8,337.8,341.0,-69.6639444262295,34.9344262295082,2,0.03747540983606554,0.04400000000000004
vehicle_006_session_00719,vehicle_006,719,train,122.4224367947049,68.0,355.2,356.0,359.1,363.2,-69.70000999999999,37.540983606557376,1,0.04163934426229505,0.042999999999999705
vehicle_006_session_00720,vehicle_006,720,train,120.30782645566244,51.2,337.7,339.7,344.4,348.8,-70.3245955737705,36.868852459016395,1,0.050360655737704936,0.05500000000000016
vehicle_006_session_00721,vehicle_006,721,train,121.58964558080807,72.0,358.2,358.9,362.2,366.4,-70.45245491803279,38.0,0,0.043344262295081905,0.04500000000000082
vehicle_006_session_00722,vehicle_006,722,train,118.57108498116762,21.6,327.8,328.8,330.3,331.7,-69.95245426229508,34.68852459016394,1,0.030688524590163954,0.03500000000000014
vehicle_006_session_00723,vehicle_006,723,train,117.61238258406436,45.2,337.1,337.7,340.2,344.3,-69.95081475409836,37.42622950819672,1,0.04436065573770491,0.052000000000000046
vehicle_006_session_00724,vehicle_006,724,train,124.023700708061,75.6,361.1,361.9,365.2,369.4,-69.96720983606556,39.34426229508197,1,0.0435081967213115,0.04500000000000082
vehicle_006_session_00725,vehicle_006,725,train,119.51090853174604,6.4,321.3,322.8,325.5,328.0,-70.3950793442623,34.09836065573771,0,0.037327868852458965,0.040000000000000036
vehicle_006_session_00726,vehicle_006,726,train,119.51269503630049,34.4,333.2,333.5,334.7,337.1,-70.47540737704918,36.24590163934426,1,0.033721311475409826,0.03699999999999992
vehicle_006_session_00727,vehicle_006,727,train,123.08248844588122,70.0,356.6,357.4,360.5,364.7,-70.40982704918034,39.09836065573771,1,0.04283606557377045,0.04499999999999993
vehicle_006_session_00728,vehicle_006,728,train,116.83974473741324,35.2,332.1,332.7,334.4,336.8,-69.92787278688525,36.377049180327866,1,0.03478688524590166,0.040000000000000036
vehicle_006_session_00729,vehicle_006,729,train,119.12612783674004,60.8,349.3,349.9,353.18,356.9,-69.88853180327868,39.0,0,0.044311475409836105,0.04600000000000026
vehicle_006_session_00730,vehicle_006,730,train,119.71044357638887,56.8,346.0,346.9,350.0,353.9,-69.9770493442623,32.16393442622951,1,0.04513114754098358,0.050000000000000266
vehicle_006_session_00731,vehicle_006,731,train,118.34440287842187,40.8,334.9,335.3,337.4,340.7,-69.99508147540983,39.63934426229508,1,0.03947540983606556,0.04600000000000026
vehicle_006_session_00732,vehicle_006,732,train,123.0070607914462,68.8,355.5,356.3,359.4,363.6,-69.99016295081967,42.0,0,0.04339344262295077,0.04499999999999993
vehicle_006_session_00733,vehicle_006,733,train,117.70835937500006,46.8,336.8,337.1,338.6,341.3,-45.200010000000006,37.0,0,0.03619672131147539,0.04300000000000015
vehicle_006_session_00734,vehicle_006,734,train,119.27036501141554,12.8,326.1,326.7,328.6,330.0,-70.02131360655737,33.0,0,0.03391803278688524,0.040000000000000036
vehicle_006_session_00735,vehicle_006,735,train,118.89709418402775,42.4,336.1,336.6,338.6,342.2,-70.04262721311476,35.68852459016394,1,0.039475409836065574,0.04700000000000015
vehicle_006_session_00736,vehicle_006,736,train,123.21944310428843,71.6,357.8,358.6,361.9,366.1,-70.09673098360656,38.131147540983605,1,0.04296721311475406,0.04400000000000048
vehicle_006_session_00737,vehicle_006,737,train,119.98281280982906,18.0,325.8,327.0,328.8,330.0,-59.9697422368421,37.0,0,0.031407894736842114,0.040000000000000036
vehicle_006_session_00738,vehicle_006,738,train,121.38065643274857,58.4,346.9,347.7,351.0,354.9,-70.41966409836066,37.0,0,0.04547540983606555,0.04899999999999993
vehicle_006_session_00739,vehicle_006,739,train,119.17023824786324,32.0,331.9,332.2,333.5,335.3,-70.09017065573771,35.22950819672131,1,0.03288524590163939,0.03600000000000003
vehicle_006_session_00740,vehicle_006,740,train,121.44545704525092,63.2,351.1,351.9,355.2,359.1,-70.04098639344262,38.59016393442623,1,0.0433770491803279,0.04500000000000037
vehicle_006_session_00741,vehicle_006,741,train,119.40128566468253,26.4,328.9,329.9,331.4,333.0,-70.32623836065575,35.0,0,0.031098360655737716,0.03299999999999992
vehicle_006_session_00742,vehicle_006,742,train,120.48143817371476,54.8,343.8,344.7,348.2,352.2,-70.43278016393442,38.14754098360656,1,0.04731147540983608,0.052000000000000046
vehicle_006_session_00743,vehicle_006,743,train,121.56455895969495,56.0,343.5,344.1,346.4,348.9,-43.639349016393446,33.0,0,0.040836065573770494,0.04600000000000026
vehicle_006_session_00744,vehicle_006,744,train,119.13248030598957,36.4,331.1,332.5,334.6,337.2,-70.35574032786884,30.9672131147541,2,0.035606557377049174,0.039000000000000146
vehicle_006_session_00745,vehicle_006,745,train,121.65442820813767,62.0,350.2,351.0,354.3,358.2,-70.39507409836065,33.885245901639344,1,0.04442622950819675,0.04600000000000026
vehicle_006_session_00746,vehicle_006,746,train,120.42947735042739,24.0,329.9,330.0,331.1,332.7,-70.89835180327869,37.67213114754098,1,0.031065573770491853,0.03300000000000036
vehicle_006_session_00747,vehicle_006,747,train,118.18996860119046,50.0,340.2,341.0,344.3,348.6,-70.89507606557378,40.721311475409834,1,0.04827868852459019,0.052000000000000046
vehicle_006_session_00748,vehicle_006,748,train,125.09769738700568,74.0,359.6,360.3,363.6,368.0,-69.93442032786885,38.77049180327869,1,0.043606557377049236,0.04500000000000082
vehicle_006_session_00749,vehicle_006,749,train,118.94645239400585,45.6,337.2,337.7,340.3,344.7,-69.9934419672131,36.032786885245905,2,0.04557377049180328,0.052000000000000046
vehicle_006_session_00750,vehicle_006,750,train,125.00837454989714,76.0,361.8,362.7,366.0,370.4,-69.98852344262295,38.0,0,0.04388524590163938,0.04499999999999993
vehicle_006_session_00751,vehicle_006,751,train,119.60069469246034,7.6,324.2,324.7,326.7,328.6,-70.4934419672131,34.0,0,0.03665573770491798,0.03999999999999959
vehicle_006_session_00752,vehicle_006,752,train,120.69738125978088,36.0,333.3,333.6,335.2,337.2,-70.51639508196722,35.65573770491803,1,0.033377049180327856,0.03699999999999992
vehicle_006_session_00753,vehicle_006,753,train,124.30914644607849,64.4,351.6,352.4,355.5,359.6,-70.56230131147542,38.98360655737705,1,0.042639344262295084,0.04400000000000004
vehicle_006_session_00754,vehicle_006,754,train,120.93263189019099,44.4,334.6,336.0,338.9,343.5,-70.11804196721312,35.442622950819676,1,0.04488524590163936,0.05300000000000038
vehicle_006_session_00755,vehicle_006,755,train,121.5684058968927,70.0,357.2,358.0,361.4,365.7,-70.07213836065574,37.0,0,0.04372131147540982,0.04500000000000037
vehicle_006_session_00756,vehicle_006,756,train,121.65834021057351,35.6,331.3,332.45,334.5,336.9,-69.97600386666666,32.48,1,0.035040000000000016,0.039000000000000146
vehicle_006_session_00757,vehicle_006,757,train,119.79167219287949,22.8,329.9,330.2,331.1,332.4,-70.01148,32.65573770491803,1,0.029868852459016416,0.03200000000000003
vehicle_006_session_00758,vehicle_006,758,train,119.86204245370371,51.2,341.4,342.2,345.5,349.7,-69.99836278688525,36.32786885245902,1,0.047557377049180304,0.051000000000000156
vehicle_006_session_00759,vehicle_006,759,train,119.04200989023299,42.8,335.7,336.1,338.3,341.8,-70.07377590163935,36.90163934426229,2,0.04129508196721307,0.04999999999999982
vehicle_006_session_00760,vehicle_006,760,train,121.10206481481485,64.0,351.8,352.7,355.8,359.7,-70.5836149180328,34.47540983606557,1,0.04465573770491804,0.04600000000000026
vehicle_006_session_00761,vehicle_006,761,train,119.60780844092334,40.8,332.5,333.9,336.4,339.9,-70.52951540983605,35.47540983606557,1,0.03931147540983604,0.04600000000000026
vehicle_006_session_00762,vehicle_006,762,train,123.70951888678461,69.2,356.0,356.8,360.2,364.3,-70.80001934426228,38.0,0,0.044426229508196705,0.04599999999999982
vehicle_006_session_00763,vehicle_006,763,train,121.97581833526237,45.2,334.7,336.1,339.1,343.6,-70.23116065573771,37.868852459016395,1,0.04562295081967214,0.05400000000000027
vehicle_006_session_00764,vehicle_006,764,train,125.60525897988512,74.4,360.3,361.1,364.6,368.8,-70.29346131147541,40.0,0,0.04442622950819672,0.045999999999999375
vehicle_006_session_00765,vehicle_006,765,train,120.03330396412038,39.6,332.1,333.3,335.8,338.8,-70.32132508196722,37.622950819672134,1,0.03808196721311473,0.04400000000000004
vehicle_006_session_00766,vehicle_006,766,train,123.1004480235043,68.4,355.3,356.1,359.3,363.5,-70.32296393442623,40.0,0,0.044311475409836015,0.04700000000000015
vehicle_006_session_00767,vehicle_006,767,train,115.1896919056153,7.6,321.9,323.3,326.0,328.5,-70.74263721311476,34.967213114754095,1,0.0373934426229508,0.040000000000000036
vehicle_006_session_00768,vehicle_006,768,train,121.30013370253162,44.8,336.6,337.1,339.3,343.0,-70.770508852459,37.19672131147541,1,0.04096721311475408,0.04899999999999993
vehicle_006_session_00769,vehicle_006,769,train,127.0512568134173,76.4,361.4,362.2,365.7,370.0,-70.78854344262294,39.0,0,0.04367213114754094,0.045999999999999375
vehicle_006_session_00770,vehicle_006,770,train,115.64031624999996,46.4,336.8,337.1,338.8,341.4,-45.27870639344264,34.01639344262295,1,0.036803278688524586,0.04300000000000015
vehicle_006_session_00771,vehicle_006,771,train,119.05012901785719,28.0,329.2,330.2,331.7,333.6,-69.72460426229507,32.81967213114754,1,0.03149180327868858,0.03400000000000025
vehicle_006_session_00772,vehicle_006,772,train,120.48869163602943,56.0,345.2,346.1,349.4,353.5,-69.79837983606558,36.0,0,0.04673770491803277,0.052000000000000046
vehicle_006_session_00773,vehicle_006,773,train,119.83177660047744,14.8,324.9,326.35,328.8,330.2,-70.24400973333331,33.86666666666667,1,0.036399999999999995,0.04499999999999993
vehicle_006_session_00774,vehicle_006,774,train,118.27186847785283,28.4,331.1,331.4,332.5,334.2,-70.01803459016394,35.22950819672131,1,0.03157377049180331,0.03399999999999981
vehicle_006_session_00775,vehicle_006,775,train,119.7605768034826,58.0,346.9,347.7,351.0,354.9,-70.02459262295082,38.85245901639344,1,0.0451967213114754,0.04899999999999993
vehicle_006_session_00776,vehicle_006,776,train,118.71835237949347,30.8,330.8,331.0,332.2,333.6,-60.763939508196735,33.377049180327866,1,0.028704918032786957,0.03100000000000014
vehicle_006_session_00777,vehicle_006,777,train,119.73184759615384,58.0,346.1,346.8,349.4,352.7,-57.76394131147541,36.0,0,0.041868852459016344,0.04600000000000026
vehicle_006_session_00778,vehicle_006,778,train,120.69245118856837,14.8,325.5,326.9,329.1,330.7,-70.06558032786884,27.81967213114754,1,0.03398360655737707,0.04200000000000026
vehicle_006_session_00779,vehicle_006,779,train,118.01624402573529,36.0,333.9,334.4,336.0,338.5,-70.0393481967213,30.40983606557377,1,0.03495081967213113,0.040000000000000036
vehicle_006_session_00780,vehicle_006,780,train,119.28316173835121,63.6,352.4,353.2,356.3,360.5,-70.02951114754099,33.40983606557377,1,0.042983606557377034,0.04400000000000004
vehicle_006_session_00781,vehicle_006,781,train,119.79490129886837,56.0,344.3,344.9,347.4,350.3,-50.04754573770493,33.0,0,0.041950819672131136,0.04700000000000015
vehicle_006_session_00782,vehicle_006,782,train,118.58266362847222,32.4,332.1,332.4,333.6,335.7,-69.85737983606558,31.672131147540984,1,0.03339344262295081,0.03600000000000003
vehicle_006_session_00783,vehicle_006,783,train,121.81791649114777,61.6,349.9,350.8,353.9,357.8,-69.88524032786884,34.9344262295082,1,0.04427868852459021,0.04600000000000026
vehicle_006_session_00784,vehicle_006,784,train,118.90685243055555,17.2,327.4,327.5,328.5,329.4,-50.113124754098365,33.0,0,0.02500000000000005,0.02900000000000036
vehicle_006_session_00785,vehicle_006,785,train,125.10834069444445,76.0,360.8,361.4,363.6,366.8,-50.17869852459017,38.0,0,0.03654098360655738,0.03799999999999981
vehicle_006_session_00786,vehicle_006,786,train,118.7452426215278,17.2,328.2,328.6,329.7,331.0,-70.17378049180329,33.19672131147541,1,0.030967213114754116,0.03600000000000003
vehicle_006_session_00787,vehicle_006,787,train,118.6133679435484,49.2,340.2,340.7,343.9,348.3,-70.14099360655737,37.39344262295082,1,0.04718032786885248,0.051000000000000156
vehicle_006_session_00788,vehicle_006,788,train,124.62303714037705,74.4,360.5,361.3,364.6,368.8,-70.13443590163935,39.0,0,0.0430819672131148,0.04499999999999993
vehicle_006_session_00789,vehicle_006,789,train,119.1401439133987,32.8,332.5,332.8,334.2,336.4,-70.80821360655737,35.032786885245905,2,0.03378688524590169,0.03600000000000003
vehicle_006_session_00790,vehicle_006,790,train,121.93552114898993,67.2,355.0,355.7,358.9,363.0,-70.80821360655737,38.0,0,0.043754098360655726,0.04500000000000037
vehicle_006_session_00791,vehicle_006,791,train,120.76026106093452,28.4,327.1,329.0,330.0,331.1,-44.577632105263156,36.0,0,0.02260526315789475,0.02499999999999991
vehicle_006_session_00792,vehicle_006,792,train,117.82080986111104,27.2,329.9,330.0,331.0,331.9,-49.90162950819671,33.85245901639344,1,0.02422950819672133,0.026000000000000245
vehicle_006_session_00793,vehicle_006,793,train,116.1887022058824,47.2,337.4,337.8,339.7,342.7,-49.899989999999995,36.01639344262295,1,0.03921311475409836,0.04600000000000026
vehicle_006_session_00794,vehicle_006,794,train,122.61057638888894,68.0,353.8,354.4,356.6,359.4,-49.908187540983604,37.0,0,0.03663934426229511,0.038000000000000256
vehicle_006_session_00795,vehicle_006,795,train,117.28158838383838,50.8,339.4,340.0,342.5,345.8,-51.60820672131148,37.0,0,0.04390163934426233,0.04700000000000015
vehicle_006_session_00796,vehicle_006,796,train,117.26538020833333,27.2,330.7,330.8,332.1,333.6,-69.96557459016394,33.21311475409836,1,0.03101639344262294,0.03299999999999992
vehicle_006_session_00797,vehicle_006,797,train,119.3557143132716,55.2,344.3,345.0,348.5,352.5,-69.9327893442623,36.540983606557376,1,0.04677049180327867,0.051000000000000156
vehicle_006_session_00798,vehicle_006,798,train,119.22046902233114,28.8,330.2,330.3,331.0,331.9,-45.96885737704919,36.0,0,0.022704918032786927,0.02400000000000002
vehicle_006_session_00799,vehicle_006,799,train,117.91296638888889,23.2,329.2,329.7,330.8,332.4,-69.96885344262296,33.80327868852459,1,0.03032786885245905,0.03200000000000003
vehicle_006_session_00800,vehicle_006,800,train,117.01682624217533,53.2,343.0,343.8,347.4,351.4,-69.97049475409835,37.42622950819672,1,0.047852459016393435,0.052000000000000046
vehicle_006_session_00801,vehicle_006,801,train,117.97178976851852,26.4,330.7,331.0,332.1,333.6,-70.7852644262295,36.83606557377049,2,0.031557377049180345,0.03399999999999981
vehicle_006_session_00802,vehicle_006,802,train,120.55891319444447,56.8,345.7,346.6,349.9,353.9,-70.78198540983607,40.67213114754098,1,0.04616393442622949,0.050000000000000266
vehicle_006_session_00803,vehicle_006,803,train,118.35541502890172,28.8,328.6,331.175,332.875,334.9,-69.56666733333334,28.373333333333335,1,0.031746666666666666,0.03500000000000014
vehicle_006_session_00804,vehicle_006,804,train,117.94309242957745,20.8,329.6,329.9,330.8,332.1,-69.70656803278688,31.688524590163933,1,0.029934426229508218,0.03200000000000003
vehicle_006_session_00805,vehicle_006,805,train,118.07999252136754,49.2,340.3,341.0,344.3,348.5,-69.70000999999999,35.42622950819672,1,0.04796721311475412,0.051000000000000156
vehicle_006_session_00806,vehicle_006,806,train,118.71246640390392,37.6,332.7,333.2,335.0,337.8,-69.91475540983606,34.39344262295082,1,0.03634426229508195,0.040999999999999925
vehicle_006_session_00807,vehicle_006,807,train,121.98505914548018,67.6,354.4,355.0,358.3,362.4,-69.86885639344263,37.0,0,0.04375409836065568,0.04499999999999993
vehicle_006_session_00808,vehicle_006,808,train,117.5351683368495,31.6,331.7,331.9,333.5,335.5,-70.00655983606556,29.049180327868854,2,0.03298360655737708,0.03600000000000003
vehicle_006_session_00809,vehicle_006,809,train,121.42086156045751,63.6,351.6,352.4,355.5,359.6,-69.9918080327869,32.73770491803279,1,0.0439672131147541,0.04599999999999982
vehicle_006_session_00810,vehicle_006,810,train,119.53020791245795,64.4,352.2,353.2,356.4,360.5,-70.05738065573769,31.83606557377049,1,0.04385245901639344,0.04599999999999982
vehicle_006_session_00811,vehicle_006,811,train,117.81916424086758,6.4,323.0,323.8,326.1,328.5,-69.99344426229509,30.016393442622952,0,0.03670491803278686,0.040000000000000036
vehicle_006_session_00812,vehicle_006,812,train,117.10854884893457,35.6,333.6,334.1,335.5,337.8,-69.9590206557377,32.704918032786885,1,0.03426229508196718,0.03799999999999981
vehicle_006_session_00813,vehicle_006,813,train,121.26787893178106,64.8,352.7,353.5,356.6,360.7,-69.95410098360657,36.0,0,0.04296721311475412,0.04500000000000037
vehicle_006_session_00814,vehicle_006,814,train,121.34064891812865,60.0,346.4,348.45000000000005,352.15,356.3,-69.939475,31.88157894736842,1,0.04548684210526316,0.052000000000000046
vehicle_006_session_00815,vehicle_006,815,train,116.6383485082304,40.4,333.8,334.1,335.3,337.1,-44.899989999999995,28.918032786885245,1,0.02909836065573773,0.03200000000000003
vehicle_006_session_00816,vehicle_006,816,train,121.19232101677149,62.4,349.6,350.0,352.1,354.6,-44.899989999999995,30.0,0,0.03575409836065573,0.038000000000000256
vehicle_006_session_00817,vehicle_006,817,train,119.48820138888892,58.0,346.4,347.4,350.8,354.9,-70.1672231147541,33.0,0,0.046622950819672104,0.0519999999999996
vehicle_006_session_00818,vehicle_006,818,train,119.4700977866722,16.4,325.8,327.4,329.4,330.8,-70.10921828947369,29.69736842105263,1,0.03388157894736843,0.042999999999999705
vehicle_006_session_00819,vehicle_006,819,train,120.48049746621628,55.2,343.9,344.9,348.6,352.7,-70.1655837704918,34.0,0,0.04863934426229508,0.05500000000000016
vehicle_006_session_00820,vehicle_006,820,train,117.8205021367521,47.2,338.3,338.9,341.9,346.4,-70.38360147540982,35.32786885245902,1,0.04822950819672134,0.052999999999999936
vehicle_006_session_00821,vehicle_006,821,train,117.63702509259261,14.4,325.7,326.4,328.6,330.2,-69.42950114754098,36.0,0,0.035983606557377035,0.043999999999999595
vehicle_006_session_00822,vehicle_006,822,train,123.58088946759261,72.0,358.2,358.9,362.2,366.3,-69.4458962295082,41.278688524590166,1,0.0437540983606557,0.04500000000000037
vehicle_006_session_00823,vehicle_006,823,train,118.12212355324078,34.0,330.7,331.9,333.8,336.1,-69.20000999999999,32.81967213114754,1,0.034262295081967216,0.03699999999999992
vehicle_006_session_00824,vehicle_006,824,train,121.65984390782835,63.2,351.3,352.1,355.2,359.1,-69.19509196721312,36.0,0,0.04427868852459019,0.04600000000000026
vehicle_006_session_00825,vehicle_006,825,train,119.17720396675088,63.2,351.6,352.4,355.5,359.3,-69.10328786885245,31.0,0,0.04359016393442625,0.04600000000000026
vehicle_006_session_00826,vehicle_006,826,train,115.04945793269235,45.2,336.1,336.6,338.3,341.0,-49.79182245901641,34.36065573770492,1,0.03695081967213111,0.04499999999999993
vehicle_006_session_00827,vehicle_006,827,train,120.0259192538126,66.0,352.5,353.0,355.3,358.0,-49.801658852459035,36.0,0,0.03726229508196724,0.039000000000000146
vehicle_006_session_00828,vehicle_006,828,train,120.63987538580245,65.2,352.5,353.3,356.6,360.8,-70.89179573770491,33.377049180327866,1,0.04436065573770496,0.04600000000000026
vehicle_006_session_00829,vehicle_006,829,train,118.46239168739636,29.6,331.3,331.4,332.7,334.6,-70.09017262295082,35.18032786885246,1,0.03221311475409838,0.03400000000000025
vehicle_006_session_00830,vehicle_006,830,train,118.15403129756473,56.4,345.5,346.4,349.7,353.8,-70.16066573770493,38.22950819672131,1,0.04667213114754098,0.052000000000000046
vehicle_006_session_00831,vehicle_006,831,train,119.69686988536155,44.0,332.5,334.15,336.0,338.2,-43.24800066666667,35.0,0,0.03237333333333332,0.03699999999999992
vehicle_006_session_00832,vehicle_006,832,train,129.87429345238095,68.8,354.1,355.25,357.4,359.9,-43.453947368421055,36.0,0,0.035171052631578936,0.03699999999999992
vehicle_006_session_00833,vehicle_006,833,train,120.2033799603175,51.6,340.8,341.8,345.5,349.9,-70.05902032786886,34.90163934426229,1,0.05073770491803279,0.05500000000000016
vehicle_006_session_00834,vehicle_006,834,train,118.4815788152357,30.8,329.6,330.8,332.29999999999995,334.1,-59.90131907894736,29.69736842105263,1,0.029565789473684243,0.03299999999999992
vehicle_006_session_00835,vehicle_006,835,train,120.77567450657895,42.8,333.3,334.5,336.85,340.0,-60.23947934210526,30.539473684210527,1,0.038289473684210484,0.04600000000000026
vehicle_006_session_00836,vehicle_006,836,train,118.10492601834575,26.8,328.5,329.5,330.8,332.2,-60.207905,32.30263157894737,1,0.027973684210526328,0.03000000000000025
vehicle_006_session_00837,vehicle_006,837,train,117.36019018518519,44.0,336.4,336.8,339.3,343.2,-70.03934704918032,33.52459016393443,1,0.04386885245901636,0.052999999999999936
vehicle_006_session_00838,vehicle_006,838,train,119.24524738160297,53.2,340.2,342.2,346.9,351.3,-70.76886934426228,32.47540983606557,1,0.05201639344262295,0.05900000000000016
vehicle_006_session_00839,vehicle_006,839,train,122.58891069444444,77.6,363.5,364.4,368.0,371.3,-70.35575688524591,33.47540983606557,1,0.04473770491803282,0.04600000000000026
vehicle_006_session_00840,vehicle_006,840,train,118.31604065535825,24.8,327.1,329.9,331.35,333.0,-69.53290118421052,29.61842105263158,1,0.03036842105263159,0.03300000000000036
vehicle_006_session_00841,vehicle_006,841,train,116.91019610719874,37.6,334.1,334.6,336.1,338.9,-69.89507344262294,31.442622950819672,1,0.03599999999999995,0.040999999999999925
vehicle_006_session_00842,vehicle_006,842,train,120.47756813524593,66.4,354.1,354.9,358.0,362.1,-69.93441967213116,34.16393442622951,1,0.042459016393442614,0.04400000000000004
vehicle_006_session_00843,vehicle_006,843,train,117.94171220400729,30.0,329.7,331.0,332.7,334.6,-70.00983704918032,28.75409836065574,1,0.03209836065573775,0.03500000000000014
vehicle_006_session_00844,vehicle_006,844,train,117.94166453703701,54.4,344.3,345.2,348.8,352.7,-69.99508147540983,31.901639344262296,1,0.04668852459016388,0.051000000000000156
vehicle_006_session_00845,vehicle_006,845,train,118.74206269841271,55.6,345.2,346.1,349.6,353.5,-69.97868639344262,31.9672131147541,1,0.04555737704918032,0.050000000000000266
vehicle_006_session_00846,vehicle_006,846,train,119.2736303571429,53.6,341.4,342.1,344.9,348.0,-49.770508852459024,33.0,0,0.0446065573770492,0.04800000000000004
vehicle_006_session_00847,vehicle_006,847,train,115.52349181079666,29.2,330.3,330.5,331.4,332.5,-49.83279704918035,27.885245901639344,1,0.024688524590163945,0.027000000000000135
vehicle_006_session_00848,vehicle_006,848,train,118.1557509920635,58.8,347.7,348.5,351.9,356.0,-70.42458524590164,32.0,0,0.04477049180327869,0.04899999999999993
vehicle_006_session_00849,vehicle_006,849,train,118.13281233818769,44.8,336.9,337.5,340.0,344.1,-69.9229444262295,33.59016393442623,1,0.0437049180327869,0.051000000000000156
vehicle_006_session_00850,vehicle_006,850,train,120.48005384700176,65.2,353.0,353.8,356.9,361.1,-69.84426901639345,30.262295081967213,1,0.04309836065573763,0.04400000000000004
vehicle_006_session_00851,vehicle_006,851,train,116.78965528549384,25.6,329.9,330.3,331.6,333.3,-69.50164475409836,30.278688524590162,1,0.0306065573770492,0.03200000000000003
vehicle_006_session_00852,vehicle_006,852,train,118.40748878566068,54.4,344.3,345.2,348.6,352.5,-69.69673131147539,33.75409836065574,1,0.04663934426229504,0.051000000000000156
vehicle_006_session_00853,vehicle_006,853,train,118.72360667626467,38.8,332.2,333.55,335.9,338.9,-69.91973460526316,28.973684210526315,2,0.03736842105263153,0.04300000000000015
vehicle_006_session_00854,vehicle_006,854,train,119.14016237373738,42.0,333.0,334.1,336.4,339.4,-60.008201639344264,29.475409836065573,1,0.03611475409836062,0.04200000000000026
vehicle_006_session_00855,vehicle_006,855,train,120.56838130341882,56.8,343.6,346.0,350.7,355.2,-80.05738229508196,31.770491803278688,1,0.050409836065573754,0.05900000000000016
vehicle_006_session_00856,vehicle_006,856,train,120.92911877394636,57.2,345.2,345.8,348.3,351.3,-50.0,31.901639344262296,1,0.04040983606557373,0.04500000000000037
vehicle_006_session_00857,vehicle_006,857,train,119.69478663720537,60.8,345.7,347.75,350.4,353.0,-44.91448368421053,33.0,0,0.03673684210526312,0.040999999999999925
vehicle_006_session_00858,vehicle_006,858,train,119.08706436314364,50.8,340.5,341.1,344.7,349.1,-69.97705098360656,35.868852459016395,1,0.0489016393442623,0.052000000000000046
vehicle_006_session_00859,vehicle_006,859,train,116.26921620783732,40.4,334.9,335.5,337.5,340.8,-69.98524442622951,33.21311475409836,2,0.038524590163934384,0.04499999999999993
vehicle_006_session_00860,vehicle_006,860,train,120.28108845899473,67.6,353.5,354.3,357.5,361.6,-69.97540803278689,35.63934426229508,1,0.042737704918032735,0.04400000000000004
vehicle_006_session_00861,vehicle_006,861,train,119.25418569254184,56.8,344.4,344.9,346.9,349.4,-40.0,33.0,0,0.038065573770491815,0.04200000000000026
vehicle_006_session_00862,vehicle_006,862,train,117.88891237373737,21.2,328.8,328.9,329.6,330.7,-50.19837065573771,31.0,0,0.02306557377049182,0.02499999999999991
vehicle_006_session_00863,vehicle_006,863,train,109.99660661429873,66.8,352.5,353.8,356.3,359.1,-50.19345262295082,35.0,0,0.03596721311475411,0.03799999999999981
vehicle_006_session_00864,vehicle_006,864,train,117.84663635828625,28.4,331.4,331.6,332.8,334.6,-70.02131360655737,31.327868852459016,1,0.0315737704918033,0.03400000000000025
vehicle_006_session_00865,vehicle_006,865,train,117.52170587384256,52.4,342.7,343.6,347.1,351.1,-70.00983704918033,34.49180327868852,1,0.04729508196721309,0.051000000000000156
vehicle_006_session_00866,vehicle_006,866,train,118.06823586601313,19.6,328.2,328.6,330.0,331.4,-70.15738704918031,30.19672131147541,1,0.03104918032786887,0.03600000000000003
vehicle_006_session_00867,vehicle_006,867,train,119.08132474922843,54.0,343.6,344.6,348.0,352.1,-70.15738704918031,34.49180327868852,1,0.04718032786885243,0.051000000000000156
vehicle_006_session_00868,vehicle_006,868,train,119.12107011815921,49.2,337.2,339.3,343.8,348.6,-70.08033262295083,23.934426229508198,2,0.051573770491803284,0.05699999999999994
vehicle_006_session_00869,vehicle_006,869,train,121.59917136059677,76.0,363.0,363.8,367.4,371.8,-70.06394016393442,26.24590163934426,1,0.044393442622950766,0.04600000000000026
vehicle_006_session_00870,vehicle_006,870,train,116.33652935010483,36.4,332.8,333.0,334.1,335.5,-45.30002000000002,26.114754098360656,1,0.026557377049180337,0.029999999999999805
vehicle_006_session_00871,vehicle_006,871,train,120.30961822916669,66.0,353.5,354.3,357.7,361.8,-69.84590770491805,28.0,0,0.04404918032786878,0.04600000000000026
vehicle_006_session_00872,vehicle_006,872,train,115.25652606757878,33.6,333.0,333.3,334.9,337.2,-70.38688114754098,26.459016393442624,1,0.0345245901639344,0.03799999999999981
vehicle_006_session_00873,vehicle_006,873,train,119.03522222222219,60.4,349.9,350.7,353.8,357.8,-70.38524098360656,29.9672131147541,1,0.0445081967213115,0.04700000000000015
vehicle_006_session_00874,vehicle_006,874,train,116.44024814162756,44.4,336.9,337.5,340.0,344.3,-70.03443180327871,30.65573770491803,1,0.04511475409836065,0.052000000000000046
vehicle_006_session_00875,vehicle_006,875,train,121.7772753986625,72.8,359.4,360.3,363.6,368.0,-70.03279245901638,32.98360655737705,1,0.044147540983606515,0.045999999999999375
vehicle_006_session_00876,vehicle_006,876,train,119.06378636363638,65.2,351.9,352.5,354.7,357.5,-50.13771491803279,30.0,0,0.03777049180327872,0.039000000000000146
vehicle_006_session_00877,vehicle_006,877,train,118.86310130442945,47.6,338.0,338.8,342.1,346.8,-69.20164950819672,27.918032786885245,2,0.049393442622950826,0.05400000000000027
vehicle_006_session_00878,vehicle_006,878,train,118.97570929783951,17.6,328.5,328.9,330.0,331.4,-70.08525442622951,27.491803278688526,1,0.030967213114754137,0.037000000000000366
vehicle_006_session_00879,vehicle_006,879,train,116.3635601539039,46.4,339.1,339.7,342.5,347.1,-70.07377786885246,31.295081967213115,1,0.046868852459016425,0.051000000000000156
vehicle_006_session_00880,vehicle_006,880,train,121.6916628472222,76.4,362.8,363.6,367.1,371.4,-70.07377786885246,33.49180327868852,1,0.04370491803278686,0.04500000000000082
vehicle_006_session_00881,vehicle_006,881,train,119.14482362397128,44.0,334.4,335.8,338.9,343.5,-70.11148213114754,26.704918032786885,1,0.04521311475409836,0.05400000000000027
vehicle_006_session_00882,vehicle_006,882,train,118.35134579613096,65.6,354.1,354.9,358.0,362.2,-70.30002,28.950819672131146,1,0.04444262295081966,0.04699999999999971
vehicle_006_session_00883,vehicle_006,883,train,116.53815796019904,47.2,339.4,340.2,343.5,348.0,-69.8311581967213,22.57377049180328,1,0.05009836065573774,0.05400000000000027
vehicle_006_session_00884,vehicle_006,884,train,116.9903288751715,31.6,333.0,333.3,334.7,336.8,-69.60001000000001,24.672131147540984,1,0.03437704918032788,0.03699999999999992
vehicle_006_session_00885,vehicle_006,885,train,119.88356655982908,64.4,354.1,354.9,358.0,362.1,-69.69673131147539,28.0,0,0.044229508196721265,0.04600000000000026
vehicle_006_session_00886,vehicle_006,886,train,118.36113576388894,50.0,337.7,339.7,343.6,348.2,-58.33444032786886,17.39344262295082,7,0.05070491803278687,0.05500000000000016
vehicle_006_session_00887,vehicle_006,887,train,119.9266453853047,70.0,358.2,358.9,362.2,366.6,-69.87212950819672,25.262295081967213,1,0.045639344262295135,0.0470000000000006
vehicle_006_session_00888,vehicle_006,888,train,118.932075731982,54.0,344.4,345.3,349.1,353.2,-70.19837081967212,21.442622950819672,1,0.048999999999999995,0.05400000000000027
vehicle_006_session_00889,vehicle_006,889,train,116.19418232570806,32.4,330.5,331.7,333.3,335.5,-58.15245967213115,16.83606557377049,7,0.030377049180327874,0.03600000000000003
vehicle_006_session_00890,vehicle_006,890,train,117.47026180555558,52.8,343.8,344.7,348.2,352.2,-69.20001163934428,25.639344262295083,1,0.04940983606557375,0.05400000000000027
vehicle_006_session_00891,vehicle_006,891,train,117.39900220959598,18.8,327.5,329.1,330.8,332.1,-70.85410213114754,18.557377049180328,1,0.031229508196721368,0.03500000000000014
vehicle_006_session_00892,vehicle_006,892,train,117.93950656392698,54.4,345.2,346.1,349.6,353.6,-70.84754672131146,23.78688524590164,1,0.04740983606557378,0.052000000000000046
vehicle_006_session_00893,vehicle_006,893,train,119.77412897919925,7.6,321.4,323.4,325.9,328.3,-60.16185131578945,19.0,0,0.03492105263157892,0.037000000000000366
vehicle_006_session_00894,vehicle_006,894,train,121.04005580849889,37.2,331.3,332.75,334.7,337.1,-60.37895157894736,20.44736842105263,1,0.03302631578947366,0.03699999999999992
vehicle_006_session_00895,vehicle_006,895,train,116.84564556623936,44.8,336.1,336.4,338.2,340.5,-45.100010000000005,21.950819672131146,1,0.03460655737704913,0.040000000000000036
vehicle_006_session_00896,vehicle_006,896,train,121.5780042162699,73.2,360.7,361.4,364.9,368.6,-69.35410245901639,25.147540983606557,1,0.04421311475409841,0.04600000000000026
vehicle_006_session_00897,vehicle_006,897,train,120.76727688425927,37.6,331.9,333.45000000000005,335.8,338.8,-69.98816065789474,21.526315789473685,1,0.03752631578947366,0.04300000000000015
vehicle_006_session_00898,vehicle_006,898,train,120.71434610518952,46.0,335.5,337.29999999999995,341.05,346.1,-70.1329025,21.25,2,0.0487894736842105,0.05600000000000005
vehicle_006_session_00899,vehicle_006,899,train,116.21753805916306,35.2,333.9,334.2,336.0,338.3,-70.0311506557377,28.278688524590162,2,0.03527868852459011,0.03999999999999959
vehicle_006_session_00900,vehicle_006,900,train,117.1892975714632,12.4,324.2,325.8,328.5375,330.0,-70.0426704,26.813333333333333,1,0.03619999999999999,0.043999999999999595
vehicle_006_session_00901,vehicle_006,901,train,121.29697698917137,60.4,347.4,349.1,353.0,357.1,-70.04918524590165,28.950819672131146,1,0.045524590163934425,0.050000000000000266
vehicle_006_session_00902,vehicle_006,902,train,119.88993710691824,32.0,331.3,331.6,332.4,333.6,-50.0,28.59016393442623,1,0.025393442622950818,0.027000000000000135
vehicle_006_session_00903,vehicle_006,903,train,121.47849053539422,67.6,355.3,356.1,359.3,363.6,-69.99508147540983,27.18032786885246,1,0.04340983606557376,0.045999999999999375
vehicle_006_session_00904,vehicle_006,904,train,119.59119074820788,24.8,328.9,330.2,331.7,333.3,-70.72459999999998,24.688524590163933,1,0.031344262295081984,0.03300000000000036
vehicle_006_session_00905,vehicle_006,905,train,117.70264259893455,50.0,341.3,342.2,345.7,349.9,-70.70164950819671,28.34426229508197,1,0.049245901639344246,0.052000000000000046
vehicle_006_session_00906,vehicle_006,906,train,119.79972725442832,53.6,341.6,343.2,347.5,351.9,-69.91147704918033,25.262295081967213,1,0.05145901639344261,0.05799999999999983
vehicle_006_session_00907,vehicle_006,907,train,118.44123467592597,32.4,331.7,332.1,333.8,335.8,-70.28362491803279,27.18032786885246,1,0.033459016393442634,0.03699999999999992
vehicle_006_session_00908,vehicle_006,908,train,120.05725410798128,62.4,351.3,352.1,355.3,359.3,-70.28690393442622,30.62295081967213,1,0.04365573770491803,0.04600000000000026
vehicle_006_session_00909,vehicle_006,909,train,122.64758072109174,63.2,348.8,350.65,353.85,357.4,-60.09869026315787,27.5,1,0.04069736842105264,0.043999999999999595
vehicle_006_session_00910,vehicle_006,910,train,119.80667143246194,51.2,337.7,338.9,342.4,346.0,-49.71148655737705,28.885245901639344,1,0.04673770491803282,0.050000000000000266
vehicle_006_session_00911,vehicle_006,911,train,121.71600111111111,71.6,357.7,358.2,360.5,363.5,-49.70492852459017,30.0,0,0.03673770491803275,0.0389999999999997
vehicle_006_session_00912,vehicle_006,912,train,120.02236629001878,44.8,334.6,336.1,339.3,343.9,-69.34426901639344,30.524590163934427,1,0.04522950819672133,0.05300000000000038
vehicle_006_session_00913,vehicle_006,913,train,121.42133287795998,68.4,356.3,357.1,360.3,364.4,-69.38360344262297,32.0,0,0.0434262295081967,0.04500000000000082
vehicle_006_session_00914,vehicle_006,914,train,119.22070538612785,26.8,328.3,329.65,331.0,332.5,-60.12106157894737,27.44736842105263,1,0.027578947368421095,0.03000000000000025
vehicle_006_session_00915,vehicle_006,915,train,124.2664987599207,74.4,360.7,361.4,364.9,369.4,-70.9311406557377,32.557377049180324,1,0.04385245901639347,0.04500000000000082
vehicle_006_session_00916,vehicle_006,916,train,116.00856020299146,30.4,331.4,331.6,332.7,335.0,-61.51967573770493,19.57377049180328,9,0.031180327868852532,0.03699999999999992
vehicle_006_session_00917,vehicle_006,917,train,117.98945785768649,56.4,347.4,348.3,351.6,355.5,-69.64591163934426,27.049180327868854,1,0.046459016393442625,0.04999999999999982
vehicle_006_session_00918,vehicle_006,918,train,117.03237727765033,32.8,333.0,333.5,335.0,337.4,-70.11804114754099,19.60655737704918,1,0.035475409836065536,0.039000000000000146
vehicle_006_session_00919,vehicle_006,919,train,117.8791113387978,28.8,329.2,330.5,331.9,333.9,-60.35246540983608,20.081967213114755,6,0.02996721311475414,0.03600000000000003
vehicle_006_session_00920,vehicle_006,920,train,117.51839583333332,53.2,343.9,345.0,348.5,352.5,-70.17377950819672,28.0,0,0.04947540983606554,0.053999999999999826
vehicle_006_session_00921,vehicle_006,921,train,123.03487823888891,47.6,333.2,334.7,336.0,337.4,-22.02535178666666,22.0,0,0.02816,0.03200000000000003
vehicle_006_session_00922,vehicle_006,922,train,119.72657648533952,20.8,327.2,328.9,330.5,332.1,-70.12787688524591,23.868852459016395,1,0.0307540983606558,0.03399999999999981
vehicle_006_session_00923,vehicle_006,923,train,119.98861023009951,61.6,350.8,351.6,354.7,358.8,-70.09836688524591,29.0,0,0.04396721311475414,0.04600000000000026
vehicle_006_session_00924,vehicle_006,924,train,118.77726959325398,16.0,325.5,327.2,329.4,330.8,-69.89671426229508,24.147540983606557,1,0.03339344262295083,0.041999999999999815
vehicle_006_session_00925,vehicle_006,925,train,115.23480502589453,38.4,334.7,335.2,337.1,339.9,-69.91474557377049,27.081967213114755,2,0.037049180327868844,0.04300000000000015
vehicle_006_session_00926,vehicle_006,926,train,119.5296619844276,62.0,351.0,351.9,355.0,358.9,-69.93769868852458,30.0,0,0.043491803278688575,0.04500000000000037
vehicle_006_session_00927,vehicle_006,927,train,121.42125682674201,67.2,354.9,355.8,359.1,363.5,-70.36721295081966,27.475409836065573,1,0.04395081967213113,0.04500000000000037
vehicle_006_session_00928,vehicle_006,928,train,121.14541034544166,53.6,343.6,344.6,348.3,352.4,-70.72132393442622,23.885245901639344,2,0.049704918032786885,0.05400000000000027
vehicle_006_session_00929,vehicle_006,929,train,121.0838427336277,37.2,332.5,334.0,336.35,339.4,-70.08553210526316,18.513157894736842,1,0.03755263157894733,0.04300000000000015
vehicle_006_session_00930,vehicle_006,930,train,120.73175032150209,70.4,358.2,358.9,362.1,366.3,-67.50492344262295,21.0,0,0.043704918032786894,0.04500000000000037
vehicle_006_session_00931,vehicle_006,931,train,119.5110830048799,57.2,347.2,347.8,351.4,355.5,-65.94426786885246,22.704918032786885,6,0.04668852459016395,0.04999999999999982
vehicle_006_session_00932,vehicle_006,932,train,120.57063755020083,47.6,338.0,338.5,341.9,346.9,-65.72951721311476,22.737704918032787,7,0.04960655737704919,0.05600000000000005
vehicle_006_session_00933,vehicle_006,933,train,120.24263826530613,44.8,335.2,337.15,340.75,345.3,-70.10400733333333,16.706666666666667,1,0.04664000000000001,0.05600000000000005
vehicle_006_session_00934,vehicle_006,934,train,119.53794569965278,7.6,322.7,324.65,327.54999999999995,329.7,-70.10527078947368,17.80263157894737,1,0.037868421052631565,0.040999999999999925
vehicle_006_session_00935,vehicle_006,935,train,118.85365202837733,37.2,331.7,333.375,335.2,337.8,-58.70800786666667,17.0,7,0.03390666666666665,0.041999999999999815
vehicle_006_session_00936,vehicle_006,936,train,120.3351160163139,62.0,351.8,352.4,355.8,359.7,-70.2114862295082,26.0,0,0.04618032786885249,0.04800000000000004
vehicle_006_session_00937,vehicle_006,937,train,117.11905699404767,47.6,339.6,340.2,343.5,347.8,-70.24918786885246,28.39344262295082,1,0.049868852459016386,0.054999999999999716
vehicle_006_session_00938,vehicle_006,938,train,117.5,42.0,334.4,334.7,336.0,337.8,-45.0,21.0327868852459,1,0.03122950819672131,0.03500000000000014
vehicle_006_session_00939,vehicle_006,939,train,121.36617267628206,48.0,335.2,336.6,339.4,343.0,-49.890156885245894,18.21311475409836,1,0.04324590163934422,0.051000000000000156
vehicle_006_session_00940,vehicle_006,940,train,120.15602106342035,31.2,329.9,330.9,332.45,334.2,-60.20395815789472,22.644736842105264,1,0.02959210526315791,0.03299999999999992
vehicle_006_session_00941,vehicle_006,941,train,120.68988974056607,38.8,332.2,333.6,336.1,339.3,-69.75739278688525,22.327868852459016,2,0.038196721311475376,0.04400000000000004
vehicle_006_session_00942,vehicle_006,942,train,121.23613231837604,60.4,349.7,350.5,353.8,357.8,-69.80985311475409,25.0,0,0.04549180327868856,0.04899999999999993
vehicle_006_session_00943,vehicle_006,943,train,120.11984773035233,15.6,328.2,328.6,330.3,331.4,-70.24426950819671,18.557377049180328,1,0.030540983606557392,0.03799999999999981
vehicle_006_session_00944,vehicle_006,944,train,119.08582708333334,48.8,340.2,340.8,343.8,348.2,-70.19672967213114,23.081967213114755,2,0.04513114754098363,0.04899999999999993
vehicle_006_session_00945,vehicle_006,945,train,123.06605771750522,76.8,363.0,363.9,367.4,370.7,-66.90656754098362,25.885245901639344,1,0.04086885245901649,0.04300000000000015
vehicle_006_session_00946,vehicle_006,946,train,120.60299970657279,57.6,347.2,348.2,351.4,355.5,-70.07377475409835,27.42622950819672,1,0.04570491803278686,0.052000000000000046
vehicle_006_session_00947,vehicle_006,947,train,118.15734321563856,25.2,329.1,330.5,332.1375,333.8,-70.12134160000001,19.266666666666666,2,0.030866666666666695,0.03300000000000036
vehicle_006_session_00948,vehicle_006,948,train,119.30080310457515,22.8,328.5,329.6,331.0,332.5,-70.12459983606557,24.459016393442624,1,0.030704918032786917,0.03300000000000036
vehicle_006_session_00949,vehicle_006,949,train,116.75321378205128,43.2,336.8,337.2,339.4,343.3,-70.04754573770492,27.114754098360656,2,0.04267213114754097,0.051000000000000156
vehicle_006_session_00950,vehicle_006,950,train,119.61054456018519,69.2,356.8,357.5,360.8,364.9,-70.0541037704918,29.049180327868854,1,0.04337704918032788,0.04499999999999993
vehicle_006_session_00951,vehicle_006,951,train,118.50562126068375,13.2,324.2,325.5,327.2,329.1,-52.22787409836065,19.868852459016395,5,0.032557377049180304,0.03699999999999992
vehicle_006_session_00952,vehicle_006,952,train,118.32426330128207,34.0,332.8,333.2,334.4,336.1,-60.45410475409837,26.59016393442623,1,0.03137704918032789,0.03400000000000025
vehicle_006_session_00953,vehicle_006,953,train,119.95834524176955,60.4,349.4,350.2,352.7,355.8,-57.36066049180328,29.0,0,0.04103278688524591,0.04400000000000004
vehicle_006_session_00954,vehicle_006,954,train,118.59626830861582,26.8,328.9,330.0,331.5,333.0,-60.07867293333334,22.64,1,0.02845333333333335,0.03000000000000025
vehicle_006_session_00955,vehicle_006,955,train,116.0590359722222,39.2,333.5,333.6,334.7,336.1,-45.21967524590164,22.918032786885245,1,0.026573770491803293,0.02900000000000036
vehicle_006_session_00956,vehicle_006,956,train,118.08319320306828,36.4,329.7,331.5,333.0,334.6,-43.945340666666674,24.0,0,0.026426666666666675,0.029999999999999805
vehicle_006_session_00957,vehicle_006,957,train,117.5111030574846,65.2,353.8,354.6,358.0,362.4,-70.1229580327869,24.065573770491802,1,0.043049180327868856,0.04499999999999993
vehicle_006_session_00958,vehicle_006,958,train,116.22165769675931,43.6,334.1,335.8,338.8,343.2,-70.24755114754099,26.049180327868854,2,0.04462295081967212,0.05400000000000027
vehicle_006_session_00959,vehicle_006,959,train,117.18639280913973,67.6,355.3,356.1,359.4,363.6,-70.16722081967214,28.16393442622951,1,0.0442459016393443,0.04600000000000026
vehicle_006_session_00960,vehicle_006,960,train,117.84589097628331,29.2,329.2,330.2375,331.7,333.3,-60.062672,26.6,1,0.028946666666666676,0.03100000000000014
vehicle_006_session_00961,vehicle_006,961,train,116.52302416938994,34.8,331.7,332.8,334.9,337.4,-69.56066180327868,24.57377049180328,1,0.03514754098360657,0.040000000000000036
vehicle_006_session_00962,vehicle_006,962,train,116.37520872456965,55.6,345.7,346.6,350.0,353.9,-69.56230131147541,27.21311475409836,1,0.0466229508196721,0.052000000000000046
vehicle_006_session_00963,vehicle_006,963,train,117.83237010168651,73.6,360.2,361.1,364.6,369.1,-70.11968147540982,28.57377049180328,1,0.04385245901639356,0.04600000000000026
vehicle_006_session_00964,vehicle_006,964,train,117.22631321486931,57.6,346.9,347.7,351.3,355.2,-70.0147593442623,27.0,0,0.04668852459016393,0.051000000000000156
vehicle_006_session_00965,vehicle_006,965,train,118.41887683773713,64.8,350.8,352.9,356.6,360.8,-69.9973368,27.0,0,0.044266666666666656,0.04600000000000026
vehicle_006_session_00966,vehicle_006,966,train,116.37152268917626,55.6,345.3,346.3,349.7,353.8,-69.87540786885246,28.24590163934426,1,0.04719672131147539,0.052999999999999936
vehicle_006_session_00967,vehicle_006,967,train,116.23167409336419,43.6,336.4,337.1,339.7,344.1,-74.34099131147539,28.885245901639344,2,0.04634426229508197,0.05500000000000016
vehicle_006_session_00968,vehicle_006,968,train,115.31891081871348,51.6,341.9,342.7,346.4,350.7,-70.1245993442623,28.524590163934427,1,0.049803278688524626,0.05300000000000038
vehicle_006_session_00969,vehicle_006,969,train,117.2587180395913,57.6,347.2,348.2,351.4,355.5,-70.1770593442623,28.0,0,0.04601639344262297,0.050000000000000266
vehicle_006_session_00970,vehicle_006,970,train,113.58342103040539,34.0,332.4,333.0,334.7,337.4,-69.96557032786885,24.278688524590162,2,0.035459016393442615,0.040000000000000036
vehicle_006_session_00971,vehicle_006,971,train,116.73507768449421,63.6,352.5,353.3,356.6,360.5,-69.97704688524591,28.049180327868854,1,0.044147540983606536,0.04500000000000037
vehicle_006_session_00972,vehicle_006,972,train,113.64688095978443,32.0,332.4,332.7,333.8,335.5,-60.41967901639345,25.229508196721312,1,0.03009836065573771,0.03399999999999981
vehicle_006_session_00973,vehicle_006,973,train,115.03537705761315,58.8,348.0,348.6,351.3,354.6,-57.44098803278688,28.0,0,0.041081967213114745,0.04400000000000004
vehicle_006_session_00974,vehicle_006,974,train,114.45835871212127,55.6,345.2,345.8,348.0,350.7,-45.100010000000005,25.0,0,0.04054098360655734,0.04499999999999993
vehicle_006_session_00975,vehicle_006,975,train,118.6903051388889,77.6,363.0,363.5,365.7,368.5,-45.100010000000005,26.0,0,0.03596721311475413,0.038000000000000256
vehicle_006_session_00976,vehicle_006,976,train,113.37641402777781,37.2,331.9,332.4,333.6,335.5,-45.100010000000005,23.0,0,0.02857377049180333,0.03100000000000014
vehicle_006_session_00977,vehicle_006,977,train,112.97943362713673,40.4,333.8,334.1,335.3,337.1,-45.0,27.37704918032787,1,0.028754098360655744,0.03200000000000003
vehicle_006_session_00978,vehicle_006,978,train,117.74570103727149,57.2,346.1,347.1,350.7,354.6,-70.07705573770492,28.62295081967213,1,0.04680327868852459,0.05300000000000038
vehicle_006_session_00979,vehicle_006,979,train,113.89195477320675,21.6,328.2,329.4,331.0,332.4,-70.39343786885246,28.16393442622951,2,0.030459016393442638,0.03200000000000003
vehicle_006_session_00980,vehicle_006,980,train,115.8459497316919,53.2,343.5,344.4,348.0,352.1,-70.42130360655737,32.63934426229508,1,0.0469016393442623,0.051000000000000156
vehicle_006_session_00981,vehicle_006,981,train,112.33388956971679,39.2,333.5,333.6,334.9,336.6,-45.22459540983607,29.0,0,0.028442622950819677,0.03200000000000003
vehicle_006_session_00982,vehicle_006,982,train,117.51867144097223,56.4,346.1,347.1,350.7,354.9,-74.07705360655737,35.0,0,0.04719672131147541,0.052000000000000046
vehicle_006_session_00983,vehicle_006,983,train,117.66826923076924,54.0,342.1,342.7,345.5,348.6,-49.5,28.80327868852459,1,0.04377049180327871,0.04800000000000004
vehicle_006_session_00984,vehicle_006,984,train,119.7501441312637,75.2,360.0,360.5,363.0,365.8,-49.5,29.37704918032787,1,0.03595081967213118,0.038000000000000256
vehicle_006_session_00985,vehicle_006,985,train,112.80369331964003,27.2,331.6,331.9,333.2,334.9,-69.44261721311474,25.491803278688526,1,0.030475409836065594,0.03300000000000036
vehicle_006_session_00986,vehicle_006,986,train,116.42932558028922,55.6,346.3,347.1,350.3,354.4,-69.50327901639345,29.540983606557376,1,0.0440327868852459,0.04800000000000004
vehicle_006_session_00987,vehicle_006,987,train,118.08393794014086,54.4,343.8,344.6,348.3,352.4,-70.16558377049179,32.83606557377049,1,0.047278688524590155,0.052000000000000046
vehicle_006_session_00988,vehicle_006,988,train,114.78658491625819,25.2,329.1,330.3,331.9,333.6,-70.20656885245901,26.491803278688526,1,0.030245901639344295,0.03200000000000003
vehicle_006_session_00989,vehicle_006,989,train,115.97031741898151,52.4,343.0,343.9,347.4,351.6,-70.29673967213115,30.049180327868854,2,0.04672131147540981,0.05099999999999971
vehicle_006_session_00990,vehicle_006,990,train,115.56288386330414,47.2,338.2,338.6,341.4,345.7,-65.18525622950821,32.31147540983606,1,0.04504918032786888,0.050000000000000266
vehicle_006_session_00991,vehicle_006,991,train,118.35138885653902,33.2,330.7,332.0,333.9,336.1,-69.97733466666668,28.493333333333332,1,0.03369333333333335,0.03699999999999992
vehicle_006_session_00992,vehicle_006,992,train,119.67431737869202,66.0,352.4,354.5,358.1,362.4,-69.89605328947368,28.19736842105263,1,0.042434210526315755,0.04400000000000004
vehicle_006_session_00993,vehicle_006,993,train,114.82597623181215,26.4,329.9,330.5,332.1,333.9,-70.47376786885246,27.475409836065573,1,0.030885245901639366,0.03400000000000025
vehicle_006_session_00994,vehicle_006,994,train,117.52701663773148,60.0,349.4,350.2,353.3,357.4,-70.55082475409837,31.639344262295083,1,0.043000000000000024,0.04599999999999982
vehicle_006_session_00995,vehicle_006,995,train,112.73101135149574,36.0,332.7,332.8,333.8,335.2,-44.899989999999995,32.967213114754095,1,0.02560655737704918,0.028000000000000025
vehicle_006_session_00996,vehicle_006,996,train,117.93544108606555,65.6,354.4,355.2,358.3,362.4,-68.91146655737705,24.540983606557376,1,0.041426229508196716,0.04300000000000015
vehicle_006_session_00997,vehicle_006,997,train,114.07412500000005,38.0,333.3,333.5,334.7,336.3,-44.80002000000002,18.18032786885246,1,0.027901639344262322,0.03000000000000025
vehicle_006_session_00998,vehicle_006,998,train,117.61478858024692,19.6,329.9,330.2,331.1,332.4,-70.10492688524592,21.360655737704917,1,0.029803278688524597,0.03200000000000003
vehicle_006_session_00999,vehicle_006,999,train,117.17675083137713,48.4,340.7,341.4,344.6,348.9,-70.05738278688526,25.0327868852459,2,0.04719672131147544,0.051000000000000156
vehicle_006_session_01000,vehicle_006,1000,train,116.42314530285493,38.8,334.7,335.2,337.2,340.3,-70.19345295081966,25.42622950819672,1,0.03796721311475408,0.04499999999999993
vehicle_006_session_01001,vehicle_006,1001,train,120.27547910879632,68.0,356.1,356.9,360.2,364.3,-70.14263196721312,28.37704918032787,1,0.04259016393442621,0.04499999999999993
vehicle_006_session_01002,vehicle_006,1002,train,117.9311994949495,23.2,328.6,329.9,331.6,333.2,-70.27049836065575,19.80327868852459,1,0.030262295081967237,0.03200000000000003
vehicle_006_session_01003,vehicle_006,1003,train,113.3636474747475,45.2,338.6,339.3,342.1,346.6,-70.17213737704917,23.049180327868854,2,0.04581967213114757,0.051000000000000156
vehicle_006_session_01004,vehicle_006,1004,train,116.06627478780865,22.8,329.7,330.2,331.6,333.2,-74.33115426229506,24.81967213114754,2,0.03168852459016396,0.03300000000000036
vehicle_006_session_01005,vehicle_006,1005,train,117.44954687500004,51.6,342.7,343.5,347.2,351.8,-74.2131250819672,28.737704918032787,1,0.048491803278688496,0.052000000000000046
vehicle_006_session_01006,vehicle_006,1006,train,118.87182877959934,71.2,358.3,359.1,362.7,367.4,-74.32459836065571,29.229508196721312,1,0.04422950819672127,0.04600000000000026
vehicle_006_session_01007,vehicle_006,1007,train,116.92613583896397,40.0,332.7,334.1,336.8,340.2,-70.37049065573771,26.049180327868854,2,0.03878688524590161,0.04600000000000026
vehicle_006_session_01008,vehicle_006,1008,train,119.6510903337813,69.6,357.1,357.8,361.1,365.5,-70.43933819672132,29.0,0,0.0430655737704918,0.04400000000000048
vehicle_006_session_01009,vehicle_006,1009,train,116.83533402777778,24.4,330.8,331.0,332.1,333.5,-70.1032886885246,26.327868852459016,1,0.029901639344262314,0.03299999999999992
vehicle_006_session_01010,vehicle_006,1010,train,118.41834038142622,52.8,343.0,343.9,347.4,351.4,-70.09837032786885,30.18032786885246,2,0.04654098360655734,0.04999999999999982
vehicle_006_session_01011,vehicle_006,1011,train,119.00131202919025,72.4,359.7,360.7,364.1,368.3,-70.12951639344261,30.049180327868854,1,0.04344262295081964,0.04499999999999993
vehicle_006_session_01012,vehicle_006,1012,train,116.6979976171024,18.8,328.0,328.3,328.9,329.7,-46.31967327868853,32.42622950819672,1,0.02216393442622955,0.02400000000000002
vehicle_006_session_01013,vehicle_006,1013,train,118.86433360881546,43.6,333.9,335.6,338.6,342.8,-70.09079565789472,31.43421052631579,1,0.04318421052631579,0.052000000000000046
vehicle_006_session_01014,vehicle_006,1014,train,115.05855106209151,32.0,331.1,331.4,332.4,333.6,-50.0,26.62295081967213,1,0.02606557377049184,0.028000000000000025
vehicle_006_session_01015,vehicle_006,1015,train,116.38374485596708,52.4,341.6,342.2,344.9,348.2,-50.0,29.0,0,0.04375409836065573,0.04699999999999971
vehicle_006_session_01016,vehicle_006,1016,train,114.38097306695691,70.8,357.1,359.0,362.8,367.2,-70.01974065789473,24.82894736842105,1,0.042263157894736905,0.04400000000000048
vehicle_006_session_01017,vehicle_006,1017,train,118.32268693423205,23.2,328.6,329.6,331.0,332.5,-70.1506764,27.92,1,0.03082666666666669,0.03300000000000036
vehicle_006_session_01018,vehicle_006,1018,train,119.87845603975538,54.4,341.0,343.25,347.7,352.1,-70.13027197368419,30.723684210526315,1,0.04998684210526318,0.058000000000000274
vehicle_006_session_01019,vehicle_006,1019,train,116.0470106837607,54.0,342.7,343.3,345.8,348.8,-48.00327901639345,31.0,0,0.042508196721311474,0.04699999999999971
vehicle_006_session_01020,vehicle_006,1020,train,116.99258308966859,38.8,334.1,334.6,336.4,339.3,-70.10164868852459,31.918032786885245,2,0.03713114754098356,0.042999999999999705
vehicle_006_session_01021,vehicle_006,1021,train,119.75432696759256,62.0,350.2,351.0,354.3,358.2,-70.0786962295082,34.131147540983605,1,0.043803278688524606,0.04600000000000026
vehicle_006_session_01022,vehicle_006,1022,train,115.77601763668432,28.8,329.7,330.8,332.4,334.4,-70.02131360655738,27.83606557377049,2,0.03198360655737707,0.03600000000000003
vehicle_006_session_01023,vehicle_006,1023,train,118.35709338450292,54.4,343.9,344.9,348.3,352.5,-70.02623213114754,31.19672131147541,1,0.04734426229508196,0.051000000000000156
vehicle_006_session_01024,vehicle_006,1024,train,115.84430555555555,24.4,330.2,330.3,331.6,333.2,-70.04754573770491,30.721311475409838,1,0.03042622950819674,0.03299999999999992
vehicle_006_session_01025,vehicle_006,1025,train,116.73909454365081,55.2,345.2,346.0,349.4,353.5,-70.05246426229508,34.42622950819672,1,0.045622950819672096,0.051000000000000156
vehicle_006_session_01026,vehicle_006,1026,train,118.78017264344263,60.4,346.6,348.8,352.4,356.6,-70.01147655737707,33.24590163934426,1,0.044983606557377036,0.050000000000000266
vehicle_006_session_01027,vehicle_006,1027,train,118.5712368827161,49.2,337.5,339.3,343.5,348.3,-70.37868491803279,29.459016393442624,1,0.05062295081967214,0.05500000000000016
vehicle_006_session_01028,vehicle_006,1028,train,116.00170761268348,41.2,333.3,333.8,335.5,337.7,-50.03442967213114,26.62295081967213,1,0.031704918032786876,0.03600000000000003
vehicle_006_session_01029,vehicle_006,1029,train,118.34180445542802,19.2,325.8,326.9,328.25,329.4,-46.88665866666666,30.52,1,0.024666666666666684,0.028999999999999915
vehicle_006_session_01030,vehicle_006,1030,train,117.78008617063493,42.0,332.5,333.55,335.3,337.5,-44.90656960526316,29.223684210526315,1,0.030934210526315772,0.03599999999999959
vehicle_006_session_01031,vehicle_006,1031,train,115.43910810467483,43.2,336.8,337.2,339.7,343.6,-71.86065885245901,29.049180327868854,2,0.0433606557377049,0.051000000000000156
vehicle_006_session_01032,vehicle_006,1032,train,118.73878861714975,51.2,338.2,339.95,344.20000000000005,348.3,-60.190677733333324,24.72,1,0.04924,0.053999999999999826
vehicle_006_session_01033,vehicle_006,1033,train,118.10656419171742,10.0,323.5,325.1,327.9,329.7,-70.02368671052632,24.210526315789473,1,0.035934210526315805,0.040999999999999925
vehicle_006_session_01034,vehicle_006,1034,train,118.13847038864525,75.2,359.7,361.5,365.5,370.0,-70.00395,28.94736842105263,1,0.04338157894736846,0.04500000000000082
vehicle_006_session_01035,vehicle_006,1035,train,117.05003729166667,71.2,356.8,357.4,359.7,363.0,-50.236079180327884,29.016393442622952,0,0.03670491803278685,0.038000000000000256
vehicle_006_session_01036,vehicle_006,1036,train,117.65215950186585,8.400001,322.1,323.2,325.3,327.2,-49.84263016393444,26.75409836065574,1,0.03244262295081961,0.03500000000000014
vehicle_006_session_01037,vehicle_006,1037,train,113.98831549564265,50.8,340.8,341.4,343.9,347.1,-49.819686229508214,30.327868852459016,1,0.04281967213114759,0.04500000000000037
vehicle_006_session_01038,vehicle_006,1038,train,121.13876221707824,71.2,357.4,358.0,360.3,363.3,-49.85082442622951,31.0,0,0.03563934426229507,0.037000000000000366
vehicle_006_session_01039,vehicle_006,1039,train,116.26672482810781,38.0,330.2,330.7,331.4,332.4,-22.399989999999995,23.746666666666666,1,0.019440000000000037,0.02100000000000035
vehicle_006_session_01040,vehicle_006,1040,train,120.42397643126179,50.4,337.69998,339.64999,344.1,348.9,-70.10526913157894,25.986842105263158,2,0.0511184263157895,0.05600000000000005
vehicle_006_session_01041,vehicle_006,1041,train,117.25786739798112,20.0,327.1,328.5,329.95,331.3,-61.148688315789464,23.36842105263158,1,0.027921044736842104,0.03200000000000003
vehicle_006_session_01042,vehicle_006,1042,train,119.88240660436136,54.8,342.4,345.04999,349.69998,353.9,-70.07368855263157,18.86842105263158,2,0.05027632631578947,0.06000020000000017
vehicle_006_session_01043,vehicle_006,1043,train,83.48575861291489,50.8,346.9,348.6,352.4,356.4,-70.15574540983604,26.934426229508198,1,0.04281967213114755,0.04800000000000004
vehicle_006_session_01044,vehicle_006,1044,train,114.57699168622844,36.0,334.2,334.6,336.1,338.8,-70.16230590163936,26.065573770491802,2,0.034557377049180306,0.039000000000000146
vehicle_006_session_01045,vehicle_006,1045,train,118.5352698183761,64.8,353.3,354.1,357.2,361.3,-70.12951688524592,29.21311475409836,1,0.04116393442622946,0.04200000000000026
vehicle_006_session_01046,vehicle_006,1046,train,115.46472050989345,24.4,330.2,330.7,332.1,333.8,-70.18853344262297,22.459016393442624,1,0.030049180327868876,0.03200000000000003
vehicle_006_session_01047,vehicle_006,1047,train,117.01220448001357,53.6,344.7,345.7,349.1,353.2,-70.10984229508198,26.721311475409838,1,0.04465573770491801,0.04800000000000004
vehicle_006_session_01048,vehicle_006,1048,train,116.3671107026144,59.6,347.2,349.1,352.7,356.9,-70.09017032786886,28.83606557377049,1,0.043770491803278716,0.04899999999999993
vehicle_006_session_01049,vehicle_006,1049,train,117.24789789653788,51.2,340.8,341.9,345.8,350.3,-70.21804032786886,27.78688524590164,1,0.04883606557377049,0.052000000000000046
vehicle_006_session_01050,vehicle_006,1050,train,118.83377711640216,62.4,350.5,351.4,354.7,358.8,-69.99836180327868,29.0,0,0.042950819672131185,0.04599999999999982
vehicle_006_session_01051,vehicle_006,1051,train,117.54194543650797,54.8,344.7,345.7,349.3,353.3,-70.08197311475409,28.540983606557376,1,0.04645901639344261,0.052000000000000046
vehicle_006_session_01052,vehicle_006,1052,train,118.50856362179493,59.6,348.6,349.7,353.2,357.2,-70.24591180327869,28.475409836065573,1,0.042967213114754134,0.04800000000000004
vehicle_006_session_01053,vehicle_006,1053,train,113.25491190843624,38.4,332.8,333.2,334.2,336.0,-45.18033786885247,28.229508196721312,1,0.027163934426229552,0.03000000000000025
vehicle_006_session_01054,vehicle_006,1054,train,118.91562459935895,60.4,347.5,348.5,350.8,353.5,-45.200010000000006,30.0,0,0.035344262295081946,0.039000000000000146
vehicle_006_session_01055,vehicle_006,1055,train,118.60957090329605,44.0,333.3,334.15,336.1,338.3,-43.41709697368421,29.486842105263158,1,0.031289473684210485,0.03500000000000014
vehicle_006_session_01056,vehicle_006,1056,train,116.34260989278751,34.4,331.1,332.2,334.2,336.8,-69.70492852459016,30.34426229508197,1,0.03414754098360656,0.03799999999999981
vehicle_006_session_01057,vehicle_006,1057,train,118.8550406295094,57.6,346.8,347.7,351.0,354.9,-69.70000999999999,33.0,0,0.04427868852459016,0.04800000000000004
vehicle_006_session_01058,vehicle_006,1058,train,116.25516975308645,26.8,329.1,329.4,330.2,331.3,-45.200010000000006,29.0,0,0.022213114754098397,0.02400000000000002
vehicle_006_session_01059,vehicle_006,1059,train,114.89520361635225,48.4,338.0,338.3,340.3,343.2,-45.200010000000006,31.688524590163933,1,0.03795081967213116,0.04300000000000015
vehicle_006_session_01060,vehicle_006,1060,train,119.93227586805556,62.8,350.7,351.3,354.1,357.5,-59.89179639344261,31.0,0,0.03893442622950823,0.040999999999999925
vehicle_006_session_01061,vehicle_006,1061,train,116.8031057504873,38.8,332.1,333.0,334.9,337.5,-59.92786163934426,32.32786885245902,1,0.03316393442622951,0.03699999999999992
vehicle_006_session_01062,vehicle_006,1062,train,119.62459309895839,47.2,336.0,337.4,340.8,345.7,-69.75083344262295,34.0,2,0.047180327868852456,0.05300000000000038
vehicle_006_session_01063,vehicle_006,1063,train,120.68184109848485,73.2,359.4,360.3,363.6,368.0,-69.81313081967214,36.0,0,0.04213114754098353,0.04400000000000048
vehicle_006_session_01064,vehicle_006,1064,train,113.9192184193122,49.6,340.8,341.6,344.9,349.3,-69.83279704918033,31.65573770491803,1,0.04667213114754099,0.050000000000000266
vehicle_006_session_01065,vehicle_006,1065,train,119.52242819706501,74.8,361.3,361.9,365.3,369.7,-69.84099065573771,33.377049180327866,1,0.04090163934426236,0.0420000000000007
vehicle_006_session_01066,vehicle_006,1066,train,117.02987882599581,46.0,337.8,338.5,341.18,345.5,-69.99508491803279,32.09836065573771,2,0.04439344262295084,0.051000000000000156
vehicle_006_session_01067,vehicle_006,1067,train,119.90940136718748,67.6,355.0,355.8,359.1,363.2,-69.99508278688525,34.0,0,0.04129508196721313,0.04300000000000015
vehicle_006_session_01068,vehicle_006,1068,train,115.94778110328639,48.0,338.9,339.7,343.0,347.4,-70.15574360655738,30.34426229508197,1,0.0470327868852459,0.051000000000000156
vehicle_006_session_01069,vehicle_006,1069,train,122.99267511792458,76.4,362.4,363.3,366.8,371.1,-70.14754606557378,32.19672131147541,1,0.041819672131147546,0.04400000000000048
vehicle_006_session_01070,vehicle_006,1070,train,119.57981155838038,52.8,339.7,342.1,346.6,351.1,-70.11148295081966,31.540983606557376,1,0.04980327868852462,0.05500000000000016
vehicle_006_session_01071,vehicle_006,1071,train,121.71637785947706,76.8,362.7,363.6,367.1,371.4,-70.01311688524589,33.0,0,0.041770491803278735,0.04300000000000015
vehicle_006_session_01072,vehicle_006,1072,train,115.30972625,32.4,332.2,332.5,333.9,336.1,-70.33771360655737,27.557377049180328,1,0.03319672131147543,0.03600000000000003
vehicle_006_session_01073,vehicle_006,1073,train,116.85912053571424,62.4,351.1,352.1,355.2,359.3,-70.37212950819674,31.0,0,0.04209836065573773,0.04400000000000004
vehicle_006_session_01074,vehicle_006,1074,train,115.31888593189966,26.4,328.3,328.85,329.9,331.0,-44.88946842105263,30.0,0,0.02224999999999998,0.02400000000000002
vehicle_006_session_01075,vehicle_006,1075,train,121.49030797325108,76.0,358.9,359.4,360.5,361.8,-22.305351733333328,32.0,0,0.02569333333333321,0.02699999999999969
vehicle_006_session_01076,vehicle_006,1076,train,117.95139593545751,54.0,343.2,344.3,347.8,352.1,-70.00983967213115,32.52459016393443,1,0.04714754098360654,0.052000000000000046
vehicle_006_session_01077,vehicle_006,1077,train,116.9772375900206,28.8,329.6,330.8,332.4,334.2,-69.97377098360656,30.065573770491802,2,0.031213114754098367,0.03399999999999981
vehicle_006_session_01078,vehicle_006,1078,train,115.76133624387258,50.4,340.8,341.4,345.0,349.4,-69.96393475409836,32.81967213114754,1,0.04747540983606553,0.050000000000000266
vehicle_006_session_01079,vehicle_006,1079,train,116.94473702185792,22.8,329.9,330.0,331.3,332.5,-70.13770852459015,33.032786885245905,1,0.029918032786885262,0.03100000000000014
vehicle_006_session_01080,vehicle_006,1080,train,115.04735974326603,47.2,338.8,339.4,342.4,346.8,-70.10656491803279,36.01639344262295,2,0.04478688524590169,0.04900000000000038
vehicle_006_session_01081,vehicle_006,1081,train,114.0062332905251,39.2,335.0,335.5,337.32,340.3,-70.00000098360657,35.131147540983605,2,0.036655737704918,0.04300000000000015
vehicle_006_session_01082,vehicle_006,1082,train,119.61382809722227,68.4,355.8,356.6,359.7,363.9,-70.02131770491803,37.81967213114754,1,0.04152459016393446,0.04300000000000015
vehicle_006_session_01083,vehicle_006,1083,train,116.03372939435341,7.6,321.7,323.5,326.3,328.8,-70.29346196721312,34.0,0,0.03670491803278685,0.039000000000000146
vehicle_006_session_01084,vehicle_006,1084,train,115.20419773148151,32.0,332.5,332.8,334.2,336.3,-70.30165885245901,36.032786885245905,2,0.032131147540983625,0.03500000000000014
vehicle_006_session_01085,vehicle_006,1085,train,118.86751350837139,62.0,350.5,351.3,354.4,358.5,-70.24919524590163,39.0,0,0.04165573770491806,0.04400000000000004
vehicle_006_session_01086,vehicle_006,1086,train,117.18749035493828,17.2,325.7,326.9,328.8,330.0,-59.94261721311475,32.868852459016395,1,0.03047540983606558,0.03799999999999981
vehicle_006_session_01087,vehicle_006,1087,train,113.63052501177026,38.8,334.1,334.6,336.0,338.3,-59.93278016393442,34.90163934426229,1,0.03193442622950814,0.03500000000000014
vehicle_006_session_01088,vehicle_006,1088,train,119.32990562810944,62.4,350.2,350.8,353.5,356.8,-59.94753573770491,37.0,0,0.03873770491803281,0.040999999999999925
vehicle_006_session_01089,vehicle_006,1089,train,119.52766043871253,59.6,348.3,349.3,352.5,356.6,-69.9606518032787,32.75409836065574,1,0.043196721311475436,0.04700000000000015
vehicle_006_session_01090,vehicle_006,1090,train,118.01183878113028,62.4,350.5,351.3,354.4,358.5,-69.40818754098359,36.26229508196721,1,0.04240983606557374,0.04499999999999993
vehicle_006_session_01091,vehicle_006,1091,train,117.47638652777778,46.0,334.2,335.2,337.4,340.0,-44.99180245901639,33.31147540983606,1,0.03427868852459016,0.04100000000000037
vehicle_006_session_01092,vehicle_006,1092,train,118.4838117766204,47.2,337.7,338.3,341.6,346.3,-70.22131901639345,32.721311475409834,1,0.04678688524590165,0.051000000000000156
vehicle_006_session_01093,vehicle_006,1093,train,119.10500610632181,69.2,356.1,356.8,359.6,363.3,-59.890156885245894,26.19672131147541,1,0.038770491803278656,0.040000000000000036
vehicle_006_session_01094,vehicle_006,1094,train,115.88864420430949,38.8,332.8,334.4,336.9,340.3,-70.20657,19.40983606557377,2,0.0375901639344262,0.04400000000000004
vehicle_006_session_01095,vehicle_006,1095,train,115.2276397707231,38.0,332.7,334.1,336.6,339.6,-70.11968196721311,21.131147540983605,2,0.03644262295081962,0.041999999999999815
vehicle_006_session_01096,vehicle_006,1096,train,117.07773754084968,63.2,352.5,353.3,356.4,360.5,-70.2082075409836,24.065573770491802,1,0.04160655737704919,0.04300000000000015
vehicle_006_session_01097,vehicle_006,1097,train,121.63458438155135,75.6,361.4,362.4,365.8,369.3,-68.3852468852459,25.0,0,0.041770491803278735,0.04400000000000048
vehicle_006_session_01098,vehicle_006,1098,train,115.93922876821492,54.0,341.8,343.8,348.5,353.0,-70.68689540983605,22.770491803278688,1,0.04947540983606554,0.05699999999999994
vehicle_006_session_01099,vehicle_006,1099,train,118.433342,62.8,349.4,351.20000000000005,354.9,358.9,-70.00921381578948,27.223684210526315,1,0.04280263157894739,0.04599999999999982
vehicle_006_session_01100,vehicle_006,1100,train,115.54488579059827,42.4,335.2,335.8,338.5,342.5,-70.2754168852459,26.672131147540984,1,0.04159016393442621,0.04900000000000038
vehicle_006_session_01101,vehicle_006,1101,train,116.59998462301589,31.6,330.2,331.3,333.0,335.2,-70.07705459016393,31.59016393442623,1,0.03229508196721316,0.03500000000000014
vehicle_006_session_01102,vehicle_006,1102,train,117.85613132122508,56.8,345.8,346.8,350.2,354.1,-70.02951114754099,34.47540983606557,1,0.04491803278688523,0.04900000000000038
vehicle_006_session_01103,vehicle_006,1103,train,116.8190362769486,18.8,328.9,329.4,330.3,331.7,-70.0311524590164,31.65573770491803,1,0.02998360655737709,0.03299999999999992
vehicle_006_session_01104,vehicle_006,1104,train,116.10725954861114,46.0,338.3,338.9,341.6,345.8,-69.99016885245902,34.75409836065574,2,0.04362295081967214,0.04800000000000004
vehicle_006_session_01105,vehicle_006,1105,train,121.18506661522638,75.2,361.1,361.9,365.3,369.6,-69.94426770491803,37.0,0,0.04152459016393442,0.04300000000000015
vehicle_006_session_01106,vehicle_006,1106,train,120.78416614583337,64.0,349.7,351.85,355.4,359.6,-69.67237842105263,29.05263157894737,1,0.04155263157894739,0.04499999999999993
vehicle_006_session_01107,vehicle_006,1107,train,116.4418673493409,49.2,337.4,339.1,343.3,348.2,-70.1868937704918,32.67213114754098,1,0.046393442622950844,0.050000000000000266
vehicle_006_session_01108,vehicle_006,1108,train,120.02905296717172,72.8,359.4,360.2,363.6,367.8,-70.12131901639344,34.0,0,0.03931147540983599,0.04099999999999948
vehicle_006_session_01109,vehicle_006,1109,train,116.58012916666668,46.0,337.5,338.2,341.1,345.3,-69.95082049180328,34.75409836065574,1,0.04060655737704921,0.04500000000000037
vehicle_006_session_01110,vehicle_006,1110,train,121.63715960648146,72.0,358.6,359.4,362.7,366.9,-69.96885459016393,37.0,0,0.037245901639344194,0.0389999999999997
vehicle_006_session_01111,vehicle_006,1111,train,121.50502948542804,70.0,357.1,357.8,361.3,365.5,-70.11148540983606,36.0,0,0.0375737704918033,0.039000000000000146
vehicle_006_session_01112,vehicle_006,1112,train,119.29641228198616,61.600002,347.4,348.4,350.4,352.5,-35.05921407894737,31.223684210526315,1,0.02827630657894735,0.031999999999999584
vehicle_006_session_01113,vehicle_006,1113,train,116.2196289930556,28.8,331.1,331.4,332.7,334.6,-70.12787688524593,31.295081967213115,1,0.02963934426229512,0.03200000000000003
vehicle_006_session_01114,vehicle_006,1114,train,118.79851817810457,61.2,349.6,350.3,353.6,357.5,-70.07049672131147,34.967213114754095,1,0.038295081967213124,0.040999999999999925
vehicle_006_session_01115,vehicle_006,1115,train,119.29828444220435,54.8,342.1,343.8,348.0,352.4,-70.0655780327869,33.42622950819672,1,0.04377049180327869,0.050000000000000266
vehicle_006_session_01116,vehicle_006,1116,train,118.81277160197055,40.0,332.8,333.6,335.6,338.2,-60.02266853333333,33.22666666666667,1,0.03114666666666666,0.03500000000000014
vehicle_006_session_01117,vehicle_006,1117,train,116.86212774417562,46.0,335.3,336.35,339.35,343.3,-60.060531184210525,33.0,0,0.03760526315789473,0.04400000000000004
vehicle_006_session_01118,vehicle_006,1118,train,116.64073719879518,32.8,332.1,332.4,333.9,336.1,-70.06229967213116,36.08196721311475,1,0.03139344262295083,0.03399999999999981
vehicle_006_session_01119,vehicle_006,1119,train,121.1247622147818,70.4,357.2,358.0,361.1,365.3,-70.05410213114754,39.14754098360656,1,0.037606557377049175,0.039000000000000146
vehicle_006_session_01120,vehicle_006,1120,train,118.66915016534392,49.2,336.8,338.25,341.8375,346.0,-60.016001333333335,36.2,1,0.04176000000000003,0.04600000000000026
vehicle_006_session_01121,vehicle_006,1121,train,116.21123566017317,35.2,332.7,333.0,334.7,337.2,-71.18197721311475,35.278688524590166,1,0.032672131147541014,0.03600000000000003
vehicle_006_session_01122,vehicle_006,1122,train,119.85525005341881,66.0,353.6,354.4,357.7,361.8,-71.19837065573769,38.0,0,0.038196721311475376,0.040000000000000036
vehicle_006_session_01123,vehicle_006,1123,train,118.84008778830965,13.2,324.4,326.05,328.70000000000005,330.3,-70.13027031578945,27.92105263157895,1,0.03369735921052632,0.03999999999999959
vehicle_006_session_01124,vehicle_006,1124,train,114.06795458877997,43.2,334.9,335.2,336.4,338.5,-44.78360836065574,30.491803278688526,1,0.027065573770491815,0.03000000000000025
vehicle_006_session_01125,vehicle_006,1125,train,119.16358190670293,42.4,333.8,334.7,337.1,340.3,-60.11579789473685,29.644736842105264,1,0.03319736842105261,0.039000000000000146
vehicle_006_session_01126,vehicle_006,1126,train,117.84345681818186,49.6,339.3,339.9,342.8,346.9,-60.20001016393443,33.557377049180324,1,0.041180327868852465,0.04400000000000004
vehicle_006_session_01127,vehicle_006,1127,train,118.64190638102723,71.6,358.2,358.9,361.8,365.5,-60.27706098360657,34.377049180327866,1,0.03432786885245904,0.03500000000000014
vehicle_006_session_01128,vehicle_006,1128,train,116.28421749194845,15.6,327.2,327.5,328.8,329.9,-60.498360491803275,33.0,0,0.02772131147540989,0.03299999999999992
vehicle_006_session_01129,vehicle_006,1129,train,116.65122916666665,43.2,336.0,336.4,338.2,341.1,-60.47048885245901,35.50819672131148,1,0.031950819672131064,0.03699999999999992
vehicle_006_session_01130,vehicle_006,1130,train,119.25189330808081,68.4,354.9,355.7,358.3,361.9,-60.5,37.540983606557376,1,0.03401639344262289,0.03500000000000014
vehicle_006_session_01131,vehicle_006,1131,train,118.23448542008761,12.8,321.6,323.85,325.8,327.5,-44.84080855263159,36.0,0,0.029552631578947327,0.03299999999999992
vehicle_006_session_01132,vehicle_006,1132,train,118.96057437275982,61.6,349.6,350.3,353.3,356.8,-60.0,33.73770491803279,1,0.03560655737704918,0.039000000000000146
vehicle_006_session_01133,vehicle_006,1133,train,117.61462118055559,53.2,341.1,342.1,344.9,348.2,-49.837713606557394,28.885245901639344,1,0.03940983606557381,0.04200000000000026
vehicle_006_session_01134,vehicle_006,1134,train,115.48880528846156,27.6,329.9,330.0,331.1,332.2,-49.700010000000006,27.0,0,0.02295081967213116,0.025000000000000355
vehicle_006_session_01135,vehicle_006,1135,train,113.96097680817611,48.4,338.8,339.3,341.6,344.9,-49.700010000000006,29.39344262295082,1,0.036754098360655775,0.040000000000000036
vehicle_006_session_01136,vehicle_006,1136,train,119.20720023148145,69.6,356.1,356.8,358.9,361.9,-49.700010000000006,31.0,0,0.030557377049180295,0.03200000000000003
vehicle_006_session_01137,vehicle_006,1137,train,118.98479684846073,34.8,330.8,331.79999999999995,333.6,335.8,-60.215798421052625,25.81578947368421,1,0.028934210526315805,0.03200000000000003
vehicle_006_session_01138,vehicle_006,1138,train,115.31762265114381,28.8,331.3,331.6,332.8,334.9,-70.12951819672132,32.26229508196721,1,0.02978688524590168,0.03200000000000003
vehicle_006_session_01139,vehicle_006,1139,train,117.23985165056362,56.4,346.1,346.9,350.3,354.4,-70.15410836065574,35.80327868852459,1,0.03996721311475408,0.04400000000000004
vehicle_006_session_01140,vehicle_006,1140,train,116.28256684027778,40.4,334.9,335.3,337.4,340.7,-69.58033590163934,33.42622950819672,1,0.03526229508196718,0.040000000000000036
vehicle_006_session_01141,vehicle_006,1141,train,119.81501443142365,66.4,354.1,354.7,358.0,362.1,-69.62132147540984,36.0,0,0.03736065573770489,0.039000000000000146
vehicle_006_session_01142,vehicle_006,1142,train,114.51506920903957,27.6,329.4,330.5,332.1,334.1,-70.45409836065575,31.34426229508197,1,0.03008196721311476,0.03200000000000003
vehicle_006_session_01143,vehicle_006,1143,train,116.63391035798124,51.2,341.6,342.4,346.0,350.5,-70.55082475409836,34.31147540983606,1,0.04336065573770491,0.04700000000000015
vehicle_006_session_01144,vehicle_006,1144,train,119.93134533420142,72.0,357.4,359.175,363.0,367.4,-69.760016,29.906666666666666,1,0.037640000000000014,0.03900000000000059
vehicle_006_session_01145,vehicle_006,1145,train,117.0291788194445,43.6,334.2,336.0,339.1,343.6,-70.09836786885245,27.16393442622951,2,0.039491803278688516,0.04700000000000015
vehicle_006_session_01146,vehicle_006,1146,train,118.25893541666669,63.6,352.7,353.5,356.6,360.8,-70.47540737704918,29.24590163934426,1,0.038245901639344264,0.040000000000000036
vehicle_006_session_01147,vehicle_006,1147,train,117.89907763267003,55.2,344.4,345.5,349.1,353.3,-69.76559032786885,30.737704918032787,1,0.042655737704918054,0.04800000000000004
vehicle_006_session_01148,vehicle_006,1148,train,118.19760547680411,20.0,325.2,327.1,328.4,329.4,-44.60788578947368,29.0,0,0.022236842105263156,0.026000000000000245
vehicle_006_session_01149,vehicle_006,1149,train,117.25339402173913,56.4,345.0,345.5,347.5,350.0,-39.89835114754097,30.0,0,0.03270491803278687,0.03600000000000003
vehicle_006_session_01150,vehicle_006,1150,train,119.50872969498919,64.4,349.6,351.1,354.20000000000005,357.5,-57.10921749999999,29.82894736842105,1,0.034684209210526305,0.03799999999999981
vehicle_006_session_01151,vehicle_006,1151,train,119.37104148415978,0.8,318.3,320.4,323.8,326.3,-70.03026497368421,31.0,0,0.03910525,0.044000200000000156
vehicle_006_session_01152,vehicle_006,1152,train,116.83622366522366,27.2,331.1,331.4,332.4,333.9,-70.04098770491804,29.83606557377049,1,0.028901639344262323,0.03200000000000003
vehicle_006_session_01153,vehicle_006,1153,train,119.47917013888888,58.0,346.6,347.5,350.8,354.9,-70.02131360655737,33.868852459016395,1,0.03934426229508196,0.04200000000000026
vehicle_006_session_01154,vehicle_006,1154,train,119.27654783374793,62.8,350.5,351.1,353.8,356.9,-56.92623508196721,36.0,0,0.03439344262295083,0.037000000000000366
vehicle_006_session_01155,vehicle_006,1155,train,116.22794467905405,39.2,334.2,334.7,336.6,339.9,-70.36229639344262,32.81967213114754,1,0.03490163934426225,0.039000000000000146
vehicle_006_session_01156,vehicle_006,1156,train,121.62949762426904,69.2,356.1,356.9,360.2,364.4,-70.39998999999999,35.39344262295082,1,0.03804918032786885,0.03900000000000059
vehicle_006_session_01157,vehicle_006,1157,train,119.58520529513892,59.6,347.7,348.5,351.4,354.6,-57.37705459016394,32.0,0,0.03642622950819668,0.040999999999999925
vehicle_006_session_01158,vehicle_006,1158,train,118.89493261876007,61.6,350.3,351.3,354.6,358.5,-70.05246426229508,34.65573770491803,1,0.03888524590163939,0.04100000000000037
vehicle_006_session_01159,vehicle_006,1159,train,116.18947524928775,24.0,329.9,330.2,331.4,332.8,-70.19017393442623,37.032786885245905,1,0.029147540983606595,0.03100000000000014
vehicle_006_session_01160,vehicle_006,1160,train,117.9148557200293,55.2,344.9,345.8,349.3,353.3,-70.1360755737705,40.52459016393443,1,0.041262295081967236,0.04699999999999971
vehicle_006_session_01161,vehicle_006,1161,train,117.39447041666668,21.2,328.5,328.6,329.2,330.0,-45.200010000000006,35.0,0,0.02052459016393445,0.02200000000000024
vehicle_006_session_01162,vehicle_006,1162,train,117.76958749999999,41.6,333.3,334.6,337.2,340.8,-70.11804278688525,36.40983606557377,1,0.036688524590163876,0.04300000000000015
vehicle_006_session_01163,vehicle_006,1163,train,118.03974098440547,61.6,348.6,349.3,351.8,354.4,-50.200010000000006,36.0,0,0.03314754098360655,0.03699999999999992
vehicle_006_session_01164,vehicle_006,1164,train,113.15743445216053,70.4,354.1,356.1,358.5,361.3,-44.509850983606576,35.0,0,0.02998360655737706,0.03100000000000014
vehicle_006_session_01165,vehicle_006,1165,train,118.16466080492424,9.6,323.2,324.6,327.45,329.6,-70.03947763157896,27.539473684210527,1,0.03471052631578943,0.03799999999999981
vehicle_006_session_01166,vehicle_006,1166,train,118.53054410558906,31.2,330.3,331.4,333.3,335.5,-69.95657828947367,25.842105263157894,1,0.030723684210526327,0.03300000000000036
vehicle_006_session_01167,vehicle_006,1167,train,117.92500013888889,11.6,322.1,323.8,326.0,327.8,-46.93606573770492,25.81967213114754,1,0.02926229508196718,0.03200000000000003
vehicle_006_session_01168,vehicle_006,1168,train,121.03681027777778,70.4,356.4,356.9,359.1,361.9,-48.02131360655738,31.0,0,0.03004918032786882,0.03200000000000003
vehicle_006_session_01169,vehicle_006,1169,train,117.64816490740742,37.2,332.1,333.2,335.5,338.5,-70.19837065573769,26.934426229508198,2,0.03368852459016394,0.03799999999999981
vehicle_006_session_01170,vehicle_006,1170,train,119.06958203860636,67.6,355.5,356.3,359.6,363.8,-70.20656803278688,30.0,0,0.03826229508196718,0.040000000000000036
vehicle_006_session_01171,vehicle_006,1171,train,117.52911882148693,57.2,346.8,347.5,351.0,355.0,-70.2000075409836,31.278688524590162,1,0.041393442622950805,0.04600000000000026
vehicle_006_session_01172,vehicle_006,1172,train,120.11912730696801,50.4,338.5,340.59999,344.95,349.69998,-70.19079934210524,31.276315789473685,2,0.04576314868421056,0.050000000000000266
vehicle_006_session_01173,vehicle_006,1173,train,119.60379584876547,68.8,355.69998,357.14999,360.9,365.3,-70.19211607894735,28.236842105263158,1,0.0385131460526316,0.04000019999999971
vehicle_006_session_01174,vehicle_006,1174,train,119.32976252104375,56.8,346.0,346.9,350.3,354.4,-70.00820262295082,36.77049180327869,1,0.04152459016393445,0.04599999999999982
vehicle_006_session_01175,vehicle_006,1175,train,114.89670729166669,24.8,329.6,329.9,331.3,332.8,-70.0409875409836,33.22950819672131,1,0.02931147540983612,0.03200000000000003
vehicle_006_session_01176,vehicle_006,1176,train,117.63701895645643,56.8,346.0,346.9,350.2,354.3,-70.06066180327868,37.0,0,0.04127868852459012,0.04499999999999993
vehicle_006_session_01177,vehicle_006,1177,train,116.76676817810461,6.4,321.1,322.5,325.2,327.7,-69.70984704918033,40.0,0,0.034999999999999976,0.03699999999999992
vehicle_006_session_01178,vehicle_006,1178,train,117.02191678240743,42.0,335.8,336.3,338.2,341.6,-69.72788163934426,42.442622950819676,1,0.03488524590163931,0.040000000000000036
vehicle_006_session_01179,vehicle_006,1179,train,123.4223648358586,72.0,357.8,358.6,361.6,365.3,-64.0311506557377,45.0,0,0.035245901639344206,0.03699999999999992
vehicle_006_session_01180,vehicle_006,1180,train,116.3657662037037,58.8,346.6,347.2,349.4,352.1,-45.700010000000006,36.60655737704918,1,0.03309836065573768,0.03600000000000003
vehicle_006_session_01181,vehicle_006,1181,train,118.11546486928103,54.0,341.1,343.0,347.5,351.9,-69.9114718032787,37.967213114754095,1,0.04499999999999999,0.051000000000000156
vehicle_006_session_01182,vehicle_006,1182,train,115.19908715277778,43.2,336.6,337.1,339.3,342.5,-59.311482622950834,31.0,0,0.03536065573770491,0.04200000000000026
vehicle_006_session_01183,vehicle_006,1183,train,117.70355711206898,67.2,355.5,356.1,358.6,361.9,-56.05574409836067,33.0,0,0.032918032786885223,0.03500000000000014
vehicle_006_session_01184,vehicle_006,1184,train,116.69351682859242,14.4,325.2,326.3,328.5,329.7,-60.02533613333334,30.0,0,0.03128000000000001,0.038000000000000256
vehicle_006_session_01185,vehicle_006,1185,train,116.26338219631549,13.6,324.6,325.5,327.8,329.2,-59.965786052631586,35.0,0,0.03276315789473684,0.038000000000000256
vehicle_006_session_01186,vehicle_006,1186,train,116.25775731627297,35.2,331.1,332.1375,333.9,336.1,-59.96132946666667,32.733333333333334,1,0.02933333333333336,0.03200000000000003
vehicle_006_session_01187,vehicle_006,1187,train,117.00997026604067,44.0,335.0,336.0,338.9,343.3,-70.3229568852459,34.85245901639344,1,0.04013114754098358,0.04700000000000015
vehicle_006_session_01188,vehicle_006,1188,train,120.81404243827153,72.8,359.1,359.9,363.3,367.5,-70.4147462295082,37.0,0,0.03859016393442621,0.03999999999999959
vehicle_006_session_01189,vehicle_006,1189,train,115.36817928791886,26.4,330.7,330.8,331.7,333.2,-60.375417704918036,33.704918032786885,1,0.025819672131147574,0.028000000000000025
vehicle_006_session_01190,vehicle_006,1190,train,115.46434745762714,52.0,341.6,342.4,345.2,348.8,-58.037709344262296,36.67213114754098,1,0.03968852459016394,0.04200000000000026
vehicle_006_session_01191,vehicle_006,1191,train,122.11598756944447,75.6,361.0,361.6,364.1,367.5,-55.09017016393444,38.0,0,0.03257377049180329,0.034000000000000696
vehicle_006_session_01192,vehicle_006,1192,train,115.36602083333337,41.2,334.2,334.7,336.6,339.4,-60.516401803278704,35.0,0,0.032885245901639326,0.03699999999999992
vehicle_006_session_01193,vehicle_006,1193,train,114.96427726715686,26.0,328.6,329.6,331.0,332.4,-60.19673213114754,36.98360655737705,0,0.02632786885245906,0.028000000000000025
vehicle_006_session_01194,vehicle_006,1194,train,117.19207451047363,53.6,342.7,343.5,346.6,350.2,-60.191814098360666,39.278688524590166,1,0.040721311475409847,0.04300000000000015
vehicle_006_session_01195,vehicle_006,1195,train,116.00650817799708,38.0,333.3,333.8,336.0,339.1,-71.72460262295081,34.131147540983605,2,0.03459016393442621,0.039000000000000146
vehicle_006_session_01196,vehicle_006,1196,train,119.12709703947371,68.4,355.8,356.6,359.9,364.3,-71.7705081967213,37.83606557377049,1,0.038065573770491794,0.03900000000000059
vehicle_006_session_01197,vehicle_006,1197,train,118.1430448050214,19.6,327.4,328.6,330.0,331.6,-70.27869885245903,37.0,0,0.030196721311475456,0.03600000000000003
vehicle_006_session_01198,vehicle_006,1198,train,117.56534439736349,58.0,345.7,346.4,349.4,353.0,-60.17869852459017,41.131147540983605,1,0.039065573770491795,0.04400000000000004
vehicle_006_session_01199,vehicle_006,1199,train,115.08893335769982,35.2,331.6,332.5,334.6,337.1,-69.96557032786885,39.114754098360656,2,0.03290163934426229,0.03600000000000003
vehicle_006_session_01200,vehicle_006,1200,train,116.94314071180554,58.0,347.1,348.0,351.3,355.3,-69.98852344262295,41.885245901639344,1,0.040901639344262296,0.04400000000000004
vehicle_006_session_01201,vehicle_006,1201,train,117.21031726190478,39.6,333.5,334.1,336.3,339.4,-69.49836049180328,37.26229508196721,1,0.03526229508196717,0.040000000000000036
vehicle_006_session_01202,vehicle_006,1202,train,119.56853045309651,68.0,355.0,355.8,358.9,363.0,-69.5,40.0,0,0.03834426229508198,0.040000000000000036
vehicle_006_session_01203,vehicle_006,1203,train,117.83134652960526,21.6,327.8,329.1,330.5,332.1,-70.00533533333333,39.0,0,0.029586666666666706,0.03300000000000036
vehicle_006_session_01204,vehicle_006,1204,train,116.63981212962965,33.6,331.3,331.9,333.8,336.3,-69.96393081967213,37.98360655737705,2,0.03232786885245903,0.03500000000000014
vehicle_006_session_01205,vehicle_006,1205,train,119.85498616217319,64.0,352.2,352.8,356.1,360.2,-70.00491852459017,41.0,0,0.039245901639344286,0.04100000000000037
vehicle_006_session_01206,vehicle_006,1206,train,116.71964218455746,39.2,332.5,333.6,336.0,339.3,-69.81803885245903,37.16393442622951,1,0.03504918032786885,0.040000000000000036
vehicle_006_session_01207,vehicle_006,1207,train,116.19930324074072,62.8,351.1,351.9,355.2,359.1,-69.81803737704918,39.0,0,0.03904918032786886,0.04100000000000037
vehicle_006_session_01208,vehicle_006,1208,train,119.84076478687737,73.6,359.9,360.8,364.1,368.5,-69.99836393442624,37.0,0,0.03750819672131153,0.039000000000000146
vehicle_006_session_01209,vehicle_006,1209,train,119.50995593960442,71.2,357.1,358.70000000000005,362.29999999999995,366.8,-69.84869026315789,36.48684210526316,1,0.03802631578947369,0.03900000000000059
vehicle_006_session_01210,vehicle_006,1210,train,119.792444901472,52.0,339.4,341.35,346.05,350.5,-69.93066706666667,33.42666666666667,1,0.04602666666666665,0.050000000000000266
vehicle_006_session_01211,vehicle_006,1211,train,115.47017634335155,30.0,329.4,330.3,331.7,333.5,-60.02131360655738,37.0,0,0.027229508196721333,0.02900000000000036
vehicle_006_session_01212,vehicle_006,1212,train,117.58655135779435,54.4,343.0,343.8,346.9,350.7,-60.00655803278689,39.0,0,0.04099999999999995,0.04400000000000004
vehicle_006_session_01213,vehicle_006,1213,train,118.79899572172626,67.2,354.3,355.0,358.2,362.4,-70.11148295081968,41.0,0,0.038967213114754144,0.040000000000000036
vehicle_006_session_01214,vehicle_006,1214,train,116.43750958526236,23.2,328.8,329.9,331.3,332.8,-70.169342,35.4,1,0.029373333333333366,0.03100000000000014
vehicle_006_session_01215,vehicle_006,1215,train,117.10712195586001,47.6,338.5,339.3,342.2,346.6,-69.95902016393441,39.22950819672131,1,0.04255737704918037,0.04700000000000015
vehicle_006_session_01216,vehicle_006,1216,train,124.22727246732032,77.2,362.5,363.3,366.8,371.1,-69.91147885245901,41.0,0,0.037934426229508225,0.040000000000000036
vehicle_006_session_01217,vehicle_006,1217,train,116.94401627604168,51.2,342.2,343.2,346.8,351.1,-74.03278999999998,41.114754098360656,2,0.044032786885245895,0.04700000000000015
vehicle_006_session_01218,vehicle_006,1218,train,115.09396221405227,31.2,331.1,331.3,332.1,333.0,-45.568858688524585,38.459016393442624,1,0.021704918032786905,0.02300000000000013
vehicle_006_session_01219,vehicle_006,1219,train,115.12025827850873,40.8,335.0,335.5,337.7,341.1,-70.08254666666667,37.46031746031746,39,0.0364285714285714,0.04100000000000037
vehicle_006_session_01220,vehicle_006,1220,train,119.42460980902784,71.2,358.0,358.8,362.1,366.3,-70.04918459016393,40.0,0,0.03826229508196726,0.03999999999999959
vehicle_006_session_01221,vehicle_006,1221,train,118.85834205555557,64.0,350.69998,352.0,354.69998,358.0,-62.261848631578964,40.0,0,0.036763143421052656,0.04199980000000014
vehicle_006_session_01222,vehicle_006,1222,train,114.5176147073413,14.4,325.3,326.4,328.8,330.3,-69.94918737704918,38.0,0,0.03488524590163932,0.04200000000000026
vehicle_006_session_01223,vehicle_006,1223,train,114.9574570129108,36.8,333.9,334.4,336.0,338.6,-69.96885540983607,39.68852459016394,1,0.03321311475409834,0.03699999999999992
vehicle_006_session_01224,vehicle_006,1224,train,119.08979097222222,65.6,353.3,354.1,357.2,361.3,-69.95410098360655,42.0,0,0.0387049180327869,0.040000000000000036
vehicle_006_session_01225,vehicle_006,1225,train,116.54413494008716,25.6,330.7,331.0,332.1,333.6,-70.15083,41.032786885245905,1,0.029721311475409854,0.03200000000000003
vehicle_006_session_01226,vehicle_006,1226,train,117.19566799428102,14.4,324.7,326.0,328.6,330.2,-70.05738262295081,39.0,0,0.03549180327868852,0.042999999999999705
vehicle_006_session_01227,vehicle_006,1227,train,114.71861165223669,42.0,336.0,336.4,338.6,342.1,-69.88524360655738,41.721311475409834,1,0.03596721311475403,0.04400000000000004
vehicle_006_session_01228,vehicle_006,1228,train,118.81062621252204,54.0,341.4,343.0,347.4,351.8,-70.00983704918032,40.721311475409834,1,0.04598360655737703,0.051000000000000156
vehicle_006_session_01229,vehicle_006,1229,train,117.85847355769236,61.6,350.2,350.8,353.6,357.1,-60.24427672131149,43.0,0,0.036868852459016416,0.040000000000000036
vehicle_006_session_01230,vehicle_006,1230,train,116.76214882330245,47.6,338.5,339.1,342.2,346.9,-69.98688393442623,39.18032786885246,1,0.0439836065573771,0.04800000000000004
vehicle_006_session_01231,vehicle_006,1231,train,115.94675245370372,26.4,330.0,330.3,331.6,333.2,-69.99180245901638,39.40983606557377,1,0.029606557377049224,0.03100000000000014
vehicle_006_session_01232,vehicle_006,1232,train,117.44274765390391,56.4,345.2,346.0,349.4,353.5,-69.9229444262295,42.80327868852459,1,0.04245901639344259,0.04700000000000015
vehicle_006_session_01233,vehicle_006,1233,train,115.98888592592594,34.8,332.7,333.2,334.7,337.2,-70.01639508196722,33.22950819672131,1,0.03224590163934424,0.03500000000000014
vehicle_006_session_01234,vehicle_006,1234,train,118.47755774572649,65.2,353.2,353.9,357.1,361.1,-69.94753573770492,36.557377049180324,1,0.03790163934426228,0.039000000000000146
vehicle_006_session_01235,vehicle_006,1235,train,118.97550845868591,59.600002,346.8,348.24999,351.85,356.0,-70.17237731578945,39.1578947368421,1,0.04155263552631577,0.04699979999999959
vehicle_006_session_01236,vehicle_006,1236,train,115.80897286733453,9.2,322.7,323.70000000000005,326.4,328.9,-69.93026460526316,38.94736842105263,1,0.03540789473684208,0.03799999999999981
vehicle_006_session_01237,vehicle_006,1237,train,117.68333424010791,38.4,332.1,333.4,335.7,338.6,-69.8697417105263,34.421052631578945,1,0.034263157894736856,0.038000000000000256
vehicle_006_session_01238,vehicle_006,1238,train,116.69624000471951,12.0,323.6,324.95,327.75,329.7,-69.92368184210527,33.0,0,0.03528947368421049,0.040000000000000036
vehicle_006_session_01239,vehicle_006,1239,train,116.45099684806036,6.8,321.7,323.4,326.1,328.8,-69.79474644736841,29.710526315789473,1,0.03321052631578946,0.03600000000000003
vehicle_006_session_01240,vehicle_006,1240,train,116.0312986939964,33.6,330.7,331.9,333.9,336.1,-69.90533506666667,28.88,1,0.03157333333333337,0.03400000000000025
vehicle_006_session_01241,vehicle_006,1241,train,112.6168736645299,40.8,333.9,334.2,335.3,336.9,-44.508204098360665,35.52459016393443,1,0.025459016393442616,0.028000000000000025
vehicle_006_session_01242,vehicle_006,1242,train,115.97770193685493,24.4,328.9,329.9,331.4,333.0,-70.20001055263157,29.026315789473685,2,0.029039493421052637,0.03100019999999981
vehicle_006_session_01243,vehicle_006,1243,train,117.60026892013893,57.6,343.2,345.4,349.9,354.4,-75.66400999999999,36.82666666666667,1,0.04605333333333334,0.05500000000000016
vehicle_006_session_01244,vehicle_006,1244,train,116.11111976851849,54.0,342.7,343.5,347.2,351.4,-70.00819754098362,35.131147540983605,2,0.0448524590163934,0.04800000000000004
vehicle_006_session_01245,vehicle_006,1245,train,113.14567698948956,37.2,333.6,334.1,335.7,338.3,-69.28690393442623,32.22950819672131,1,0.033032786885245885,0.03600000000000003
vehicle_006_session_01246,vehicle_006,1246,train,114.44083086785012,28.0,329.6,330.5,332.1,333.9,-70.0644775,28.32894736842105,1,0.029815777631578944,0.03299999999999992
vehicle_006_session_01247,vehicle_006,1247,train,112.97584555041155,52.0,338.9,339.4,341.9,345.2,-50.200010000000006,38.0,0,0.03859016393442627,0.04200000000000026
vehicle_006_session_01248,vehicle_006,1248,train,118.95330372474751,73.6,356.6,357.2,359.4,362.5,-50.200010000000006,39.0,0,0.032213114754098326,0.03400000000000025
vehicle_006_session_01249,vehicle_006,1249,train,113.48573674242421,35.6,332.8,333.2,334.7,336.9,-69.91474557377049,35.131147540983605,2,0.031688524590163906,0.0349999999999997
vehicle_006_session_01250,vehicle_006,1250,train,114.82815536723163,26.0,329.6,329.9,330.7,331.9,-60.20163868852459,38.0,0,0.025852459016393457,0.027000000000000135
vehicle_006_session_01251,vehicle_006,1251,train,113.2022349137931,49.6,338.2,338.6,341.0,344.6,-60.22787229508197,40.18032786885246,1,0.03754098360655739,0.04300000000000015
vehicle_006_session_01252,vehicle_006,1252,train,119.7865577185792,72.8,356.1,356.9,359.7,363.2,-60.21639836065575,42.0,0,0.035049180327868835,0.036000000000000476
vehicle_006_session_01253,vehicle_006,1253,train,113.57688204225357,37.2,333.5,333.9,335.5,337.8,-69.95574229508198,32.278688524590166,1,0.031327868852458994,0.03500000000000014
vehicle_006_session_01254,vehicle_006,1254,train,117.16729291044771,65.6,351.8,352.5,355.7,359.6,-69.97705360655738,35.31147540983606,1,0.03747540983606562,0.040000000000000036
vehicle_006_session_01255,vehicle_006,1255,train,113.60360081018516,44.4,334.1,334.6,336.8,339.6,-59.865579016393454,30.524590163934427,1,0.032229508196721275,0.03600000000000003
vehicle_006_session_01256,vehicle_006,1256,train,116.20167401960789,68.4,352.5,353.2,355.7,358.8,-56.542629344262295,33.0,0,0.03357377049180332,0.03600000000000003
vehicle_006_session_01257,vehicle_006,1257,train,116.60094886180994,34.0,329.19998,329.69998,331.9,333.6,-51.65000900000001,34.4078947368421,1,0.024763171052631587,0.029999899999999968
vehicle_006_session_01258,vehicle_006,1258,train,113.46024571330594,46.4,336.9,337.4,339.9,343.8,-70.75083475409835,34.36065573770492,1,0.038868852459016355,0.04499999999999993
vehicle_006_session_01259,vehicle_006,1259,train,115.09397048611113,60.4,345.5,346.3,349.4,353.0,-60.57049885245902,35.114754098360656,1,0.04011475409836065,0.04400000000000004
vehicle_006_session_01260,vehicle_006,1260,train,115.26606043543548,63.2,347.8,348.6,351.8,355.2,-60.70329016393443,33.0,0,0.03844262295081965,0.043999999999999595
vehicle_006_session_01261,vehicle_006,1261,train,115.58774842171715,25.2,328.0,329.1,330.5,332.1,-69.84754606557375,37.77049180327869,1,0.02954098360655741,0.03200000000000003
vehicle_006_session_01262,vehicle_006,1262,train,113.29431142832652,47.2,336.8,337.4,339.7,343.6,-69.9065486885246,40.40983606557377,1,0.03940983606557377,0.04700000000000015
vehicle_006_session_01263,vehicle_006,1263,train,113.52316689213566,50.0,337.8,338.5,341.3,345.7,-69.93278016393442,38.967213114754095,2,0.04221311475409837,0.04700000000000015
vehicle_006_session_01264,vehicle_006,1264,train,114.93546134024255,18.8,325.5,326.79999999999995,329.2,330.7,-69.8986688,34.85333333333333,1,0.03412000000000002,0.04200000000000026
vehicle_006_session_01265,vehicle_006,1265,train,118.04948400764741,55.600002,339.6,341.3,345.74999,350.3,-70.06974092105264,36.671052631578945,1,0.047184206578947376,0.051000000000000156
vehicle_006_session_01266,vehicle_006,1266,train,116.76089724513176,58.8,340.3,341.85,345.19998,348.5,-47.19079455263158,39.0,0,0.04107894473684214,0.04600000000000026
vehicle_006_session_01267,vehicle_006,1267,train,116.58823032081378,40.8,331.9,333.0,335.2,337.8,-69.8800008,34.78666666666667,1,0.034026666666666656,0.03799999999999981
vehicle_006_session_01268,vehicle_006,1268,train,115.65576297624472,24.4,327.8,329.1,330.5,331.9,-69.9973348,33.28,1,0.029293333333333362,0.03400000000000025
vehicle_006_session_01269,vehicle_006,1269,train,114.53564708333336,47.6,336.0,336.4,338.9,342.8,-69.52787163934427,31.688524590163933,1,0.039311475409836046,0.04700000000000015
vehicle_006_session_01270,vehicle_006,1270,train,117.0318935185185,21.6,326.4,327.7,329.6,331.1,-70.02131360655737,31.852459016393443,1,0.03249180327868855,0.040999999999999925
vehicle_006_session_01271,vehicle_006,1271,train,113.09502373477935,43.6,334.9,335.3,337.2,340.3,-69.95081475409836,34.36065573770492,1,0.034622950819672094,0.040000000000000036
vehicle_006_session_01272,vehicle_006,1272,train,116.85226679292931,72.8,355.5,356.4,359.7,363.8,-69.91474688524589,37.0,0,0.038508196721311436,0.040000000000000036
vehicle_006_session_01273,vehicle_006,1273,train,113.53998167122043,35.6,331.3,331.6,332.5,333.6,-50.12787885245902,31.311475409836067,1,0.02386885245901642,0.027000000000000135
vehicle_006_session_01274,vehicle_006,1274,train,115.67059040336879,55.6,338.0,339.79999999999995,343.85,348.2,-60.04605631578945,32.56578947368421,1,0.044776315789473664,0.04800000000000004
vehicle_006_session_01275,vehicle_006,1275,train,112.49406802814327,36.8,332.8,333.2,334.6,336.6,-70.32460213114754,32.90163934426229,2,0.03124590163934425,0.03299999999999992
vehicle_006_session_01276,vehicle_006,1276,train,116.2143527471405,67.2,351.3,352.1,355.2,359.3,-70.36885180327869,36.557377049180324,1,0.03895081967213117,0.04100000000000037
vehicle_006_session_01277,vehicle_006,1277,train,115.48249378527926,22.8,326.6,327.9,329.79999999999995,331.1,-69.94605342105262,32.328947368421055,1,0.03177631578947371,0.040000000000000036
vehicle_006_session_01278,vehicle_006,1278,train,116.9078609027778,56.0,338.6,340.09999,344.5,349.3,-70.14342878947366,36.76315789473684,1,0.04718418815789474,0.05100009999999999
vehicle_006_session_01279,vehicle_006,1279,train,115.92347628690756,40.4,331.4,332.7,334.6375,337.2,-70.14534160000001,33.54666666666667,1,0.03305333333333333,0.03600000000000003
vehicle_006_session_01280,vehicle_006,1280,train,117.00238040772831,57.2,339.7,341.20000000000005,345.7375,350.3,-70.0933396,36.52,1,0.04737333333333333,0.051000000000000156
vehicle_006_session_01281,vehicle_006,1281,train,116.11339029783726,12.400001,322.1,323.24999,326.0,328.5,-70.12632257894735,39.10526315789474,0,0.0362763236842105,0.03800010000000009
vehicle_006_session_01282,vehicle_006,1282,train,116.59093802957636,42.0,331.69998,332.59999,334.4,336.8,-60.519742789473696,36.03947368421053,1,0.030539467105263188,0.03299999999999992
vehicle_006_session_01283,vehicle_006,1283,train,114.66984618664718,41.6,331.7,332.7,334.9,337.7,-71.23116245901639,39.31147540983606,1,0.03403278688524589,0.03799999999999981
vehicle_006_session_01284,vehicle_006,1284,train,113.57367581018521,29.6,329.4,329.6,330.3,331.4,-60.8377118032787,41.0,0,0.02524590163934425,0.027000000000000135
vehicle_006_session_01285,vehicle_006,1285,train,116.60909711879434,41.2,331.3,332.15,333.85,336.0,-59.9546704,36.906666666666666,1,0.030160000000000013,0.03300000000000036
vehicle_006_session_01286,vehicle_006,1286,train,112.77650492424245,32.0,330.2,330.3,331.4,332.8,-59.94917524590163,37.0,0,0.026573770491803306,0.028000000000000025
vehicle_006_session_01287,vehicle_006,1287,train,112.90263641826925,54.0,338.9,339.4,342.2,346.0,-59.952454262295085,39.42622950819672,1,0.040803278688524666,0.04500000000000037
vehicle_006_session_01288,vehicle_006,1288,train,115.3087464382875,54.4,337.2,338.85,342.75,347.5,-70.028004,41.0,0,0.04629333333333338,0.051000000000000156
vehicle_006_session_01289,vehicle_006,1289,train,115.95070559003155,41.2,331.1,332.15,333.85,336.1,-60.06667079999999,33.74666666666667,1,0.030120000000000022,0.03400000000000025
vehicle_006_session_01290,vehicle_006,1290,train,114.02560557725694,43.6,334.2,334.6,336.4,339.4,-71.4934419672131,39.57377049180328,1,0.03577049180327864,0.040000000000000036
vehicle_006_session_01291,vehicle_006,1291,train,114.01995192665991,42.8,331.4,332.5,334.29999999999995,336.6,-60.05200520000001,40.946666666666665,1,0.030880000000000015,0.03400000000000025
vehicle_006_session_01292,vehicle_006,1292,train,116.13241239925159,19.2,324.2,325.7,328.3,330.0,-69.92631421052631,36.43421052631579,1,0.03584210526315789,0.041999999999999815
vehicle_006_session_01293,vehicle_006,1293,train,115.92635254789276,39.6,330.5,331.4,333.2,335.2,-59.93552842105263,37.28947368421053,1,0.029026315789473706,0.03200000000000003
vehicle_006_session_01294,vehicle_006,1294,train,113.39231911375664,53.6,338.5,339.1,341.6,345.3,-59.65410475409836,41.47540983606557,1,0.04067213114754101,0.04600000000000026
vehicle_006_session_01295,vehicle_006,1295,train,113.99256537800687,9.2,321.0,322.29999,324.4,326.6,-62.09737463157894,38.0,0,0.03435525263157893,0.03900019999999982
vehicle_006_session_01296,vehicle_006,1296,train,116.37850237797514,48.0,334.9,336.1,338.0,340.69998,-59.52237489473684,40.473684210526315,1,0.03163157105263155,0.03600000000000003
vehicle_006_session_01297,vehicle_006,1297,train,116.11993288728632,12.8,322.5,323.70000000000005,326.35,328.8,-70.15527142105262,36.96052631578947,1,0.03527631710526316,0.03800009999999965
vehicle_006_session_01298,vehicle_006,1298,train,115.33139648863961,41.600002,331.0,332.74999,334.95,337.8,-70.01316760526315,35.31578947368421,1,0.03393420657894737,0.03799999999999981
vehicle_006_session_01299,vehicle_006,1299,train,114.07652517361109,46.4,335.8,336.3,338.5,341.8,-70.01803459016394,34.52459016393443,1,0.035360655737704916,0.040999999999999925
vehicle_006_session_01300,vehicle_006,1300,train,117.81517361111104,67.6,350.7,351.6,354.7,358.6,-70.01639508196722,37.0,0,0.039147540983606566,0.04100000000000037
vehicle_006_session_01301,vehicle_006,1301,train,113.96052256944448,13.2,324.1,324.4,326.1,327.8,-59.68525590163935,38.950819672131146,-1,0.03273770491803274,0.03600000000000003
vehicle_006_session_01302,vehicle_006,1302,train,116.35724989787582,39.2,332.2,332.5,333.6,335.2,-59.66722311475411,39.80327868852459,1,0.027557377049180334,0.03000000000000025
vehicle_006_session_01303,vehicle_006,1303,train,119.1228016010803,66.4,348.2,348.8,351.6,355.0,-59.64919032786886,42.21311475409836,1,0.03768852459016393,0.040999999999999925
vehicle_006_session_01304,vehicle_006,1304,train,114.34360977929988,45.6,334.9,335.5,337.5,340.7,-69.8852455737705,40.26229508196721,1,0.036245901639344213,0.041999999999999815
vehicle_006_session_01305,vehicle_006,1305,train,118.52790965670866,76.4,356.9,357.7,361.1,365.3,-69.97376786885246,41.295081967213115,1,0.03981967213114754,0.04100000000000037
vehicle_006_session_01306,vehicle_006,1306,train,115.07234861111107,52.4,337.7,338.2,340.5,344.1,-58.90820114754099,39.0,0,0.039540983606557376,0.04600000000000026
vehicle_006_session_01307,vehicle_006,1307,train,118.31291959422653,76.8,357.1,357.7,360.3,363.6,-55.690169672131155,40.0,0,0.03519672131147535,0.037000000000000366
vehicle_006_session_01308,vehicle_006,1308,train,113.87811486486487,40.4,331.6,332.1,333.6,335.8,-60.604925737704924,38.868852459016395,1,0.03034426229508198,0.03300000000000036
vehicle_006_session_01309,vehicle_006,1309,train,117.28522334039555,70.0,351.8,352.5,355.2,358.8,-60.708207540983615,42.0,0,0.037295081967213164,0.040000000000000036
vehicle_006_session_01310,vehicle_006,1310,train,116.17458285161744,34.4,329.9,330.69998,332.14999,334.1,-70.05526618421054,39.48684210526316,1,0.03078947631578949,0.033000200000000035
vehicle_006_session_01311,vehicle_006,1311,train,114.59547619047618,40.8,331.1,331.7,333.5,335.5,-60.100010000000005,42.0,0,0.02998360655737706,0.03300000000000036
vehicle_006_session_01312,vehicle_006,1312,train,117.49690713101162,66.0,348.2,348.9,351.8,355.2,-60.09837016393444,44.0,0,0.03908196721311475,0.04300000000000015
vehicle_006_session_01313,vehicle_006,1313,train,114.34199709699453,53.6,338.0,338.5,341.3,344.9,-58.87705442622951,37.885245901639344,1,0.04134426229508199,0.04600000000000026
vehicle_006_session_01314,vehicle_006,1314,train,114.18027334943643,50.0,336.4,336.9,339.1,342.4,-60.71968442622952,38.885245901639344,1,0.037049180327868844,0.04300000000000015
vehicle_006_session_01315,vehicle_006,1315,train,119.04238215277778,77.6,358.0,358.8,361.6,365.2,-60.64427229508197,40.21311475409836,1,0.03645901639344264,0.038000000000000256
vehicle_006_session_01316,vehicle_006,1316,train,114.79996461830535,40.8,331.4,332.5,334.65,337.4,-69.93552605263157,35.421052631578945,1,0.033894736842105255,0.038000000000000256
vehicle_006_session_01317,vehicle_006,1317,train,112.35643115651706,30.4,330.7,330.8,331.9,333.5,-68.9606518032787,35.78688524590164,1,0.029311475409836113,0.03100000000000014
vehicle_006_session_01318,vehicle_006,1318,train,112.30501148504274,51.2,338.0,338.6,341.3,345.3,-68.92786229508197,38.40983606557377,1,0.04052459016393444,0.04800000000000004
vehicle_006_session_01319,vehicle_006,1319,train,114.2970489386793,58.4,342.1,342.8,346.6,350.8,-70.34590918032787,39.75409836065574,1,0.045836065573770464,0.04899999999999993
vehicle_006_session_01320,vehicle_006,1320,train,114.13708346193413,15.6,323.2,324.6,327.2,329.6,-69.88524163934427,35.295081967213115,1,0.035918032786885205,0.039000000000000146
vehicle_006_session_01321,vehicle_006,1321,train,113.23825405092592,37.2,332.5,332.8,334.2,336.3,-69.88360278688526,37.377049180327866,1,0.031180327868852463,0.03400000000000025
vehicle_006_session_01322,vehicle_006,1322,train,118.14883333333334,70.8,353.2,354.1,357.2,361.1,-69.89671622950819,41.0,0,0.03893442622950817,0.04100000000000037
vehicle_006_session_01323,vehicle_006,1323,train,113.36976349686384,22.0,327.8,328.2,329.2,330.3,-60.24755573770493,39.0,0,0.027770491803278688,0.03200000000000003
vehicle_006_session_01324,vehicle_006,1324,train,113.0914360769581,46.8,335.5,335.8,337.5,340.3,-60.213126065573775,41.36065573770492,1,0.03263934426229506,0.03600000000000003
vehicle_006_session_01325,vehicle_006,1325,train,114.35525360838783,31.6,331.0,331.1,332.4,334.1,-69.98852344262295,35.63934426229508,1,0.03047540983606558,0.03399999999999981
vehicle_006_session_01326,vehicle_006,1326,train,114.93522482638889,72.4,354.7,355.5,358.6,362.7,-69.96557032786885,39.91803278688525,1,0.039770491803278664,0.041999999999999815
vehicle_006_session_01327,vehicle_006,1327,train,114.00684953703704,28.0,329.6,329.7,330.7,331.9,-60.82788049180329,35.0,0,0.026081967213114787,0.028000000000000025
vehicle_006_session_01328,vehicle_006,1328,train,113.40394016203703,53.2,338.6,339.3,341.8,345.5,-60.84263016393444,37.73770491803279,1,0.0396065573770492,0.04500000000000037
vehicle_006_session_01329,vehicle_006,1329,train,118.9494727668846,77.2,357.7,358.5,361.3,364.9,-60.89179573770491,39.0,0,0.036606557377049154,0.038000000000000256
vehicle_006_session_01330,vehicle_006,1330,train,114.71688034188034,62.8,344.7,346.6,350.7,354.9,-70.35082311475409,33.950819672131146,1,0.04539344262295081,0.05400000000000027
vehicle_006_session_01331,vehicle_006,1331,train,114.23511693333334,36.0,330.3,331.4,333.09999,335.3,-70.13553286842105,34.73684210526316,1,0.03174997368421056,0.03500010000000042
vehicle_006_session_01332,vehicle_006,1332,train,114.09890285618282,23.2,327.1,328.1,329.9,331.3,-69.87894684210525,32.526315789473685,1,0.03282894736842105,0.04200000000000026
vehicle_006_session_01333,vehicle_006,1333,train,113.7825698519737,17.6,323.8,325.4,328.2,330.0,-69.9266684,31.85333333333333,1,0.035719999999999974,0.040999999999999925
vehicle_006_session_01334,vehicle_006,1334,train,114.54074231481479,39.2,331.0,332.15,334.2,336.6,-69.9368430263158,33.06578947368421,2,0.03286842105263157,0.03600000000000003
vehicle_006_session_01335,vehicle_006,1335,train,114.13650263188609,39.6,331.1,332.4,334.4,336.9,-69.90921144736842,31.82894736842105,1,0.03336842105263157,0.03699999999999992
vehicle_006_session_01336,vehicle_006,1336,train,113.31197001961408,22.8,326.3,327.8,329.775,331.3,-70.80935053333333,36.14666666666667,1,0.03309333333333334,0.04200000000000026
vehicle_006_session_01337,vehicle_006,1337,train,115.60645312499997,59.2,341.0,341.9,345.3,349.4,-60.31640852459017,40.622950819672134,1,0.04539344262295081,0.04899999999999993
vehicle_006_session_01338,vehicle_006,1338,train,115.28114085268672,46.8,333.3,334.6,337.15,340.7,-69.9080004,40.53333333333333,1,0.03794666666666665,0.04400000000000004
vehicle_006_session_01339,vehicle_006,1339,train,114.47985207738095,13.6,322.2,323.70000000000005,326.35,328.8,-70.09342868421054,37.921052631578945,1,0.03615789473684207,0.040000000000000036
vehicle_006_session_01340,vehicle_006,1340,train,116.99258645168793,12.8,321.1,322.75,325.5,328.2,-70.10132289473685,35.9078947368421,1,0.036526315789473636,0.039000000000000146
vehicle_006_session_01341,vehicle_006,1341,train,114.49006703974585,13.6,322.4,323.6,326.35,328.8,-69.9813348,36.906666666666666,1,0.03611999999999996,0.039000000000000146
vehicle_006_session_01342,vehicle_006,1342,train,117.30705215010683,59.6,342.5,343.8,348.0,352.4,-70.23935819672131,40.9344262295082,1,0.04804918032786886,0.05300000000000038
vehicle_006_session_01343,vehicle_006,1343,train,114.36615039488015,56.0,336.6,338.3,341.3,344.7,-44.755739180327865,34.0,0,0.04024590163934426,0.04499999999999993
vehicle_006_session_01344,vehicle_006,1344,train,114.85707535173164,52.8,338.6,339.3,342.4,346.8,-70.73280016393441,39.47540983606557,1,0.045016393442622996,0.05099999999999971
vehicle_006_session_01345,vehicle_006,1345,train,113.78408616293525,65.6,345.3,348.0,351.44,355.0,-59.46128612903225,36.53225806451613,1,0.040499999999999994,0.04700000000000015
vehicle_006_session_01346,vehicle_006,1346,train,114.36449830771302,20.0,327.8,328.2,329.4,330.7,-70.13279655737705,37.0,0,0.03049180327868856,0.03600000000000003
vehicle_006_session_01347,vehicle_006,1347,train,118.65856543427233,61.2,343.9,344.9,348.3,352.4,-70.10820672131148,41.18032786885246,1,0.0440491803278688,0.04700000000000015
vehicle_006_session_01348,vehicle_006,1348,train,111.84553839098531,53.2,337.5,338.0,339.7,342.4,-45.26394180327868,37.0,0,0.0354918032786885,0.040999999999999925
vehicle_006_session_01349,vehicle_006,1349,train,114.2586095036008,28.0,330.2,330.3,331.4,332.8,-69.97048885245901,36.60655737704918,1,0.028868852459016395,0.03100000000000014
vehicle_006_session_01350,vehicle_006,1350,train,115.85044033119654,58.4,342.8,343.6,346.6,350.3,-57.95082459016394,39.0,0,0.043065573770491763,0.04600000000000026
vehicle_006_session_01351,vehicle_006,1351,train,114.93341359289622,41.2,331.3,332.5,334.6,337.2,-70.09344852459016,33.68852459016394,1,0.0339344262295082,0.03699999999999992
vehicle_006_session_01352,vehicle_006,1352,train,114.98390816223831,65.6,348.9,349.7,353.0,357.1,-70.08525147540985,36.52459016393443,1,0.04226229508196726,0.04599999999999982
vehicle_006_session_01353,vehicle_006,1353,train,114.73723615397806,23.2,328.8,329.1,330.3,331.6,-70.12295934426228,36.0,0,0.02986885245901641,0.03299999999999992
vehicle_006_session_01354,vehicle_006,1354,train,116.13601968658624,56.0,341.1,341.8,345.0,349.6,-70.03935032786886,39.83606557377049,2,0.044819672131147514,0.04800000000000004
vehicle_006_session_01355,vehicle_006,1355,train,112.12239940200615,34.8,331.6,331.9,333.3,335.0,-70.03770819672131,39.36065573770492,1,0.03108196721311476,0.03400000000000025
vehicle_006_session_01356,vehicle_006,1356,train,117.2942240093954,64.0,347.2,348.2,351.4,355.5,-70.04754475409837,42.868852459016395,1,0.04304918032786885,0.04800000000000004
vehicle_006_session_01357,vehicle_006,1357,train,114.92607594086017,16.4,324.2,324.9,327.1,328.9,-60.001639508196725,35.0,0,0.03285245901639341,0.03600000000000003
vehicle_006_session_01358,vehicle_006,1358,train,113.0985453042328,41.2,333.5,333.8,335.2,337.1,-60.006558032786884,36.442622950819676,1,0.029852459016393416,0.03200000000000003
vehicle_006_session_01359,vehicle_006,1359,train,116.28024361559142,66.4,349.6,350.3,353.2,356.4,-60.00655803278689,39.0,0,0.03819672131147542,0.040999999999999925
vehicle_006_session_01360,vehicle_006,1360,train,115.7418275462963,38.0,332.1,332.2,333.3,335.0,-59.79674032786887,37.39344262295082,1,0.02863934426229508,0.03100000000000014
vehicle_006_session_01361,vehicle_006,1361,train,116.82795303672316,64.8,347.7,348.5,351.3,354.7,-59.77870639344263,40.0,0,0.0400327868852459,0.04400000000000004
vehicle_006_session_01362,vehicle_006,1362,train,116.89168,68.4,351.0,351.8,355.0,358.9,-70.14427081967214,41.98360655737705,1,0.04096721311475413,0.04400000000000004
vehicle_006_session_01363,vehicle_006,1363,train,116.43197286516853,25.2,326.9,327.8,329.4,330.69998,-61.223689210526324,36.0,0,0.029789463157894762,0.03900009999999998
vehicle_006_session_01364,vehicle_006,1364,train,114.62539015758547,61.6,344.9,345.7,348.8,352.4,-60.4229431147541,42.0,0,0.04227868852459014,0.04700000000000015
vehicle_006_session_01365,vehicle_006,1365,train,114.51938183421515,19.2,326.7,327.1,328.3,329.6,-60.40654803278688,39.131147540983605,-1,0.029295081967213144,0.03299999999999992
vehicle_006_session_01366,vehicle_006,1366,train,117.0019911366959,44.4,334.2,334.6,336.0,338.3,-60.399989999999995,40.885245901639344,1,0.031032786885245904,0.03500000000000014
vehicle_006_session_01367,vehicle_006,1367,train,122.14842509920638,75.2,355.8,356.6,359.3,362.8,-60.40162950819671,43.0,0,0.03686885245901639,0.039000000000000146
vehicle_006_session_01368,vehicle_006,1368,train,113.57961657664613,30.0,330.7,330.8,331.9,333.5,-70.09672918032787,40.557377049180324,1,0.029819672131147553,0.03200000000000003
vehicle_006_session_01369,vehicle_006,1369,train,115.99400680827893,73.2,354.1,355.3,358.9,363.3,-70.97704688524591,40.67213114754098,1,0.04121311475409836,0.04200000000000026
vehicle_006_session_01370,vehicle_006,1370,train,114.87753981060605,31.2,330.5,330.8,331.6,332.8,-60.03607459016394,37.295081967213115,1,0.026098360655737736,0.028000000000000025
vehicle_006_session_01371,vehicle_006,1371,train,114.60569572869105,41.6,333.6,334.1,335.8,338.3,-70.04590622950819,36.73770491803279,1,0.03403278688524587,0.03699999999999992
vehicle_006_session_01372,vehicle_006,1372,train,118.96940004208757,71.2,353.5,354.3,357.4,361.6,-70.0688593442623,39.540983606557376,1,0.04055737704918034,0.04200000000000026
vehicle_006_session_01373,vehicle_006,1373,train,117.01466319819819,23.6,326.0,327.29999999999995,329.4,331.0,-69.9680028,40.82666666666667,1,0.03518666666666668,0.04400000000000004
vehicle_006_session_01374,vehicle_006,1374,train,116.04282705761321,41.6,331.4,332.5,334.65,337.4,-69.99866866666667,38.666666666666664,1,0.034533333333333346,0.038000000000000256
vehicle_006_session_01375,vehicle_006,1375,train,114.49819936647174,46.4,333.0,334.2,336.9,340.3,-70.29673770491804,38.950819672131146,2,0.037868852459016396,0.04300000000000015
vehicle_006_session_01376,vehicle_006,1376,train,116.48839269497867,69.2,351.4,352.2,355.5,359.6,-70.34099131147539,41.0,0,0.04201639344262299,0.04499999999999993
vehicle_006_session_01377,vehicle_006,1377,train,113.13170992302543,46.8,335.7,336.1,338.3,341.8,-69.69509196721312,40.65573770491803,1,0.03804918032786882,0.04500000000000037
vehicle_006_session_01378,vehicle_006,1378,train,116.09020990285808,28.4,328.5,329.5,331.0,332.7,-74.44605460526316,36.328947368421055,1,0.03185526315789477,0.03400000000000025
vehicle_006_session_01379,vehicle_006,1379,train,114.35407528659614,25.6,328.8,329.1,330.0,331.1,-60.65574770491804,37.295081967213115,1,0.02695081967213117,0.03000000000000025
vehicle_006_session_01380,vehicle_006,1380,train,114.23893217965953,50.8,337.2,337.7,339.9,343.2,-60.69673131147542,39.967213114754095,2,0.0371311475409836,0.04400000000000004
vehicle_006_session_01381,vehicle_006,1381,train,119.19355509696018,76.0,356.6,357.2,360.2,363.6,-60.74919524590165,41.967213114754095,1,0.037344262295081955,0.0389999999999997
vehicle_006_session_01382,vehicle_006,1382,train,113.72089269713263,35.2,330.8,331.0,332.1,333.6,-60.08197540983607,43.0,0,0.027983606557377097,0.03000000000000025
vehicle_006_session_01383,vehicle_006,1383,train,116.8007612713675,60.0,343.0,343.6,346.8,350.7,-60.04918524590164,45.377049180327866,1,0.04424590163934425,0.04700000000000015
vehicle_006_session_01384,vehicle_006,1384,train,115.67371496683252,54.8,338.9,339.4,342.2,346.1,-60.0,38.68852459016394,1,0.04278688524590166,0.04800000000000004
vehicle_006_session_01385,vehicle_006,1385,train,117.14765869341562,14.0,321.3,322.7,325.2,327.5,-60.721323606557384,41.0,0,0.03414754098360654,0.03600000000000003
vehicle_006_session_01386,vehicle_006,1386,train,115.63174462365593,36.0,331.4,331.7,332.8,334.2,-60.73443967213117,41.59016393442623,1,0.027983606557377097,0.03000000000000025
vehicle_006_session_01387,vehicle_006,1387,train,116.29169285714286,60.8,343.9,344.7,347.8,351.6,-60.72624213114754,44.377049180327866,1,0.04291803278688524,0.04600000000000026
vehicle_006_session_01388,vehicle_006,1388,train,113.21517376157408,37.6,331.7,332.2,333.28000000000003,334.9,-60.21148081967213,38.26229508196721,1,0.028590163934426264,0.03100000000000014
vehicle_006_session_01389,vehicle_006,1389,train,116.395962337963,61.6,344.6,345.3,348.3,351.9,-57.659025081967215,40.9344262295082,1,0.04267213114754096,0.04700000000000015
vehicle_006_session_01390,vehicle_006,1390,train,111.59670037393161,43.2,334.1,334.2,335.8,338.2,-59.968858852459014,34.721311475409834,1,0.030934426229508167,0.03400000000000025
vehicle_006_session_01391,vehicle_006,1391,train,116.5755354042659,69.2,351.4,352.2,354.7,358.0,-56.863940491803284,37.0,0,0.03652459016393445,0.039000000000000146
vehicle_006_session_01392,vehicle_006,1392,train,115.65315300149143,22.0,325.3,326.7,329.1,330.7,-69.94868407894737,38.9078947368421,1,0.036447368421052645,0.04600000000000026
vehicle_006_session_01393,vehicle_006,1393,train,115.35267088779955,34.8,331.7,332.1,333.3,335.2,-70.00983704918032,40.68852459016394,1,0.03108196721311478,0.03400000000000025
vehicle_006_session_01394,vehicle_006,1394,train,117.13640907738099,52.8,337.7,338.5,341.4,346.0,-69.84754672131147,38.65573770491803,1,0.04452459016393443,0.04999999999999982
vehicle_006_session_01395,vehicle_006,1395,train,112.86912127057619,50.0,336.8,337.2,339.3,342.5,-59.30329770491805,39.0,0,0.03655737704918029,0.04300000000000015
vehicle_006_session_01396,vehicle_006,1396,train,116.5703944575472,71.6,353.5,354.1,356.8,360.3,-59.301658852459035,40.0,0,0.037622950819672124,0.039000000000000146
vehicle_006_session_01397,vehicle_006,1397,train,114.61618919968919,30.8,328.9,330.1,331.6,333.3,-70.01200186666667,35.08,1,0.030560000000000045,0.03299999999999992
vehicle_006_session_01398,vehicle_006,1398,train,114.37234535256412,37.2,332.2,332.5,333.9,336.0,-70.19837065573769,34.75409836065574,1,0.031836065573770514,0.03500000000000014
vehicle_006_session_01399,vehicle_006,1399,train,115.55299999999995,58.4,342.5,343.3,346.9,351.4,-70.19673131147539,37.557377049180324,1,0.046508196721311464,0.050000000000000266
vehicle_006_session_01400,vehicle_006,1400,train,117.28661315806879,52.8,335.7,337.6,341.20000000000005,346.1,-69.90658394736842,36.80263157894737,1,0.04584210526315789,0.052999999999999936
vehicle_006_session_01401,vehicle_006,1401,train,115.52039027018822,21.2,325.0,326.35,328.6,329.9,-61.58667239999999,33.0,0,0.03437333333333329,0.04300000000000015
vehicle_006_session_01402,vehicle_006,1402,train,116.5308710372397,45.600002,332.1,332.69998,334.1,336.0,-42.84342689473685,38.0,0,0.027315802631578963,0.029999999999999805
vehicle_006_session_01403,vehicle_006,1403,train,117.4810815723724,53.600002,337.69998,338.8,342.0,346.1,-58.99737542105263,34.526315789473685,1,0.04436841578947368,0.04999999999999982
vehicle_006_session_01404,vehicle_006,1404,train,116.24878965777745,5.2000003,317.19998,319.64999,323.3,326.0,-68.5486875263158,34.0,0,0.04171052631578948,0.04799980000000037
vehicle_006_session_01405,vehicle_006,1405,train,115.91570220573543,42.0,331.9,333.0,334.95,337.8,-69.30396407894736,37.86842105263158,1,0.0350394736842105,0.040000000000000036
vehicle_006_session_01406,vehicle_006,1406,train,116.61250991784046,65.2,348.8,349.7,353.2,357.1,-71.30493655737705,41.0,0,0.04313114754098362,0.04700000000000015
vehicle_006_session_01407,vehicle_006,1407,train,112.2490409827441,31.2,330.5,330.8,331.7,333.0,-59.9393381967213,34.114754098360656,1,0.02640983606557381,0.028000000000000025
vehicle_006_session_01408,vehicle_006,1408,train,112.65937613843354,57.6,342.1,342.8,346.0,349.9,-59.952454262295085,37.0,0,0.04370491803278687,0.04600000000000026
vehicle_006_session_01409,vehicle_006,1409,train,115.46898696727548,43.6,333.3,333.6,335.3,337.7,-60.988523442622956,39.98360655737705,1,0.03275409836065575,0.03600000000000003
vehicle_006_session_01410,vehicle_006,1410,train,116.20806279231265,11.6,321.1,322.7,325.3,327.8,-69.90933533333335,44.0,0,0.037106666666666656,0.039000000000000146
vehicle_006_session_01411,vehicle_006,1411,train,114.46102329059833,41.6,333.2,333.3,334.7,336.8,-60.17214114754099,33.85245901639344,1,0.030442622950819703,0.03299999999999992
vehicle_006_session_01412,vehicle_006,1412,train,116.71058045073373,68.0,350.3,351.1,353.9,357.4,-60.20328901639345,36.80327868852459,1,0.038311475409836065,0.04200000000000026
vehicle_006_session_01413,vehicle_006,1413,train,114.77105136300895,32.8,329.2,330.7,332.29999999999995,334.2,-69.9421047368421,30.63157894736842,1,0.031052631578947408,0.03400000000000025
vehicle_006_session_01414,vehicle_006,1414,train,115.01949975633529,58.8,340.0,341.6,345.8,350.2,-60.71967704918033,32.31147540983606,1,0.04827868852459018,0.052000000000000046
vehicle_006_session_01415,vehicle_006,1415,train,113.23222721734892,29.2,330.0,330.2,331.1,332.4,-59.57869639344262,35.26229508196721,1,0.026311475409836138,0.028000000000000025
vehicle_006_session_01416,vehicle_006,1416,train,112.7990757168459,52.0,338.2,338.8,341.1,344.6,-59.578696229508196,37.73770491803279,1,0.03881967213114756,0.04500000000000037
vehicle_006_session_01417,vehicle_006,1417,train,113.02302398003475,45.2,334.7,335.0,336.6,339.1,-60.2065680327869,33.85245901639344,1,0.03247540983606555,0.03600000000000003
vehicle_006_session_01418,vehicle_006,1418,train,116.40655599647266,70.8,353.0,353.6,356.4,359.9,-60.2377186885246,36.0,0,0.03719672131147544,0.039000000000000146
vehicle_006_session_01419,vehicle_006,1419,train,113.41667902777776,49.2,336.9,337.4,339.4,342.4,-60.01804,31.9672131147541,2,0.035721311475409856,0.040999999999999925
vehicle_006_session_01420,vehicle_006,1420,train,114.02791144547326,24.0,327.7,328.8,330.5,331.9,-70.04800293333334,24.88,1,0.031133333333333357,0.040000000000000036
vehicle_006_session_01421,vehicle_006,1421,train,114.40492873931626,18.8,326.0,326.6,328.3,329.9,-61.316401639344264,29.0,0,0.031000000000000045,0.03699999999999992
vehicle_006_session_01422,vehicle_006,1422,train,112.28755914548017,44.8,334.9,335.2,336.8,339.1,-59.73935081967213,31.491803278688526,1,0.031606557377049115,0.03500000000000014
vehicle_006_session_01423,vehicle_006,1423,train,115.38235837826798,43.2,332.69998,333.85,336.1,339.4,-70.16974594736841,31.473684210526315,1,0.03667105263157894,0.041000100000000206
vehicle_006_session_01424,vehicle_006,1424,train,114.44614688786008,6.8,319.19998,320.9,323.8,326.0,-62.243428210526325,28.94736842105263,1,0.037802630263157895,0.044000200000000156
vehicle_006_session_01425,vehicle_006,1425,train,115.03541898985746,21.6,325.0,326.6,328.6,330.0,-61.35527131578948,32.921052631578945,1,0.03381578947368424,0.04200000000000026
vehicle_006_session_01426,vehicle_006,1426,train,113.72533846696128,18.4,324.4,325.65,328.19998,329.9,-61.498693315789474,26.93421052631579,1,0.0339342052631579,0.04100009999999976
vehicle_006_session_01427,vehicle_006,1427,train,114.64431970791456,4.8,318.8,320.5,323.6,326.1,-70.01067,33.70666666666666,1,0.04149333333333334,0.04700000000000015
vehicle_006_session_01428,vehicle_006,1428,train,114.2988922275641,53.6,338.2,338.9,342.5,347.4,-70.14427098360656,34.78688524590164,1,0.04772131147540986,0.05300000000000038
vehicle_006_session_01429,vehicle_006,1429,train,112.554209247076,40.4,333.9,334.4,336.0,338.5,-69.48852344262295,25.704918032786885,1,0.03380327868852457,0.03799999999999981
vehicle_006_session_01430,vehicle_006,1430,train,116.64904949139277,66.8,351.0,351.9,355.2,359.3,-69.89179836065574,25.524590163934427,1,0.042737704918032804,0.04700000000000015
vehicle_006_session_01431,vehicle_006,1431,train,114.73654718137253,26.8,329.1,329.4,330.3,331.4,-59.770506229508214,33.0,0,0.026344262295082,0.028000000000000025
vehicle_006_session_01432,vehicle_006,1432,train,112.96556455761318,47.6,335.7,336.1,338.0,340.7,-59.76231131147542,35.34426229508197,1,0.03406557377049176,0.039000000000000146
vehicle_006_session_01433,vehicle_006,1433,train,116.20280916666665,69.2,351.6,352.2,354.9,358.5,-59.76395081967215,37.0,0,0.03818032786885248,0.040999999999999925
vehicle_006_session_01434,vehicle_006,1434,train,114.39697997685185,33.6,330.8,331.0,332.1,333.5,-59.88524163934426,39.0,0,0.027360655737704947,0.029999999999999805
vehicle_006_session_01435,vehicle_006,1435,train,115.79096854166669,58.0,341.3,342.1,345.0,348.9,-59.95081540983606,41.131147540983605,1,0.04424590163934428,0.04700000000000015
vehicle_006_session_01436,vehicle_006,1436,train,116.64446347222224,78.0,358.3,358.9,361.9,365.5,-60.10164885245903,42.0,0,0.03788524590163931,0.03900000000000059
vehicle_006_session_01437,vehicle_006,1437,train,116.42361131535945,63.2,346.4,347.4,350.5,354.1,-60.0,30.114754098360656,1,0.04291803278688524,0.04999999999999982
vehicle_006_session_01438,vehicle_006,1438,train,113.9473293402778,41.2,331.1,332.1,333.8,335.8,-60.363935901639344,34.98360655737705,2,0.031327868852459015,0.03500000000000014
vehicle_006_session_01439,vehicle_006,1439,train,116.12498865740741,65.2,348.2,348.8,351.9,355.3,-60.413106065573764,37.65573770491803,1,0.04127868852459017,0.04599999999999982
vehicle_006_session_01440,vehicle_006,1440,train,114.92992733585861,28.8,330.0,330.2,331.4,333.0,-70.0311506557377,34.459016393442624,1,0.03032786885245903,0.03200000000000003
vehicle_006_session_01441,vehicle_006,1441,train,112.84474181547616,50.8,338.0,338.6,341.3,345.5,-70.0065580327869,37.34426229508197,1,0.042491803278688525,0.04900000000000038
vehicle_006_session_01442,vehicle_006,1442,train,117.72012368972744,73.6,355.5,356.4,359.6,363.8,-69.98524442622951,39.0,0,0.04091803278688523,0.04300000000000015
vehicle_006_session_01443,vehicle_006,1443,train,114.5116019246689,35.2,330.0,331.20000000000005,333.0,335.2,-70.24474631578947,27.19736842105263,2,0.03231578947368424,0.03600000000000003
vehicle_006_session_01444,vehicle_006,1444,train,114.58053565852495,35.6,330.2,331.35,333.2,335.3,-69.94999907894737,28.42105263157895,1,0.03206578947368422,0.03500000000000014
vehicle_006_session_01445,vehicle_006,1445,train,114.74903180668781,24.0,325.8,326.79999999999995,328.3,329.2,-45.708011866666666,29.0,0,0.02634666666666666,0.03299999999999992
vehicle_006_session_01446,vehicle_006,1446,train,113.09434033564817,49.2,336.1,336.6,338.6,341.8,-59.22131885245902,30.852459016393443,1,0.0374262295081967,0.04500000000000037
vehicle_006_session_01447,vehicle_006,1447,train,116.09346780838045,60.0,342.4,343.3,346.8,350.5,-58.124596885245914,33.278688524590166,1,0.046852459016393434,0.051000000000000156
vehicle_006_session_01448,vehicle_006,1448,train,116.07825855654761,56.8,337.7,339.3,343.0,347.4,-59.90492065573771,34.0,0,0.04749180327868858,0.052000000000000046
vehicle_006_session_01449,vehicle_006,1449,train,114.99444165426584,48.8,333.9,334.9,337.5,340.8,-60.20328901639345,31.885245901639344,1,0.03680327868852454,0.04300000000000015
vehicle_006_session_01450,vehicle_006,1450,train,116.06230137711864,71.6,353.2,353.8,356.6,360.0,-60.28034590163936,34.0,0,0.0384754098360656,0.040000000000000036
vehicle_006_session_01451,vehicle_006,1451,train,113.19212939814815,22.8,326.9,327.5,328.9,330.3,-60.0,36.0,0,0.03081967213114756,0.040000000000000036
vehicle_006_session_01452,vehicle_006,1452,train,111.33081698994249,46.8,335.3,335.8,337.5,340.3,-59.99508147540983,38.295081967213115,1,0.03449180327868847,0.039000000000000146
vehicle_006_session_01453,vehicle_006,1453,train,115.30054644808742,70.0,352.4,353.0,355.7,359.1,-59.998360491803275,40.0,0,0.03857377049180327,0.040999999999999925
vehicle_006_session_01454,vehicle_006,1454,train,116.36827866929431,10.8,321.3,322.75,325.3,328.0,-69.96973921052631,32.0,0,0.036513157894736796,0.04100000000000037
vehicle_006_session_01455,vehicle_006,1455,train,113.82117378472223,21.6,327.8,328.2,329.2,330.3,-59.97212836065574,36.0,0,0.0279344262295082,0.03200000000000003
vehicle_006_session_01456,vehicle_006,1456,train,114.71697484276731,45.6,334.9,335.3,337.1,339.4,-59.96393081967213,38.0,0,0.032999999999999946,0.03699999999999992
vehicle_006_session_01457,vehicle_006,1457,train,117.098397471174,67.2,349.9,350.7,353.5,356.9,-59.968849344262296,40.0,0,0.03944262295081972,0.04300000000000015
vehicle_006_session_01458,vehicle_006,1458,train,114.8656017875514,50.8,336.1,336.6,338.9,342.4,-59.93605918032787,33.24590163934426,1,0.03936065573770487,0.04700000000000015
vehicle_006_session_01459,vehicle_006,1459,train,117.27714311868687,72.8,353.9,354.7,357.4,361.0,-59.97868639344263,35.0,0,0.03888524590163936,0.040000000000000036
vehicle_006_session_01460,vehicle_006,1460,train,112.022301187276,31.2,329.2,330.0,331.6,333.2,-59.4262318032787,18.442622950819672,1,0.026934426229508215,0.029999999999999805
vehicle_006_session_01461,vehicle_006,1461,train,111.44025723787165,56.0,341.4,342.2,345.3,349.4,-59.618042459016394,21.81967213114754,1,0.044836065573770505,0.04800000000000004
vehicle_006_session_01462,vehicle_006,1462,train,117.13011342757935,52.4,336.8,338.1,341.9,347.1,-70.55789934210526,24.736842105263158,1,0.04661842105263161,0.05300000000000038
vehicle_006_session_01463,vehicle_006,1463,train,114.14513361625517,18.8,325.2,326.79999999999995,329.4,331.0,-69.65395789473682,22.86842105263158,1,0.03451315789473688,0.04200000000000026
vehicle_006_session_01464,vehicle_006,1464,train,112.87501875000001,55.2,340.5,341.1,343.9,348.0,-60.200010000000006,28.475409836065573,1,0.04347540983606559,0.04700000000000015
vehicle_006_session_01465,vehicle_006,1465,train,115.6276267033543,13.2,322.1,323.2,325.7,328.0,-60.02787163934426,28.0,0,0.03427868852459014,0.03600000000000003
vehicle_006_session_01466,vehicle_006,1466,train,114.43503107344632,34.8,331.6,331.7,332.8,334.2,-60.02459262295083,29.40983606557377,1,0.027508196721311474,0.03000000000000025
vehicle_006_session_01467,vehicle_006,1467,train,115.44580797371029,21.2,328.3,328.8,330.0,331.3,-70.0,29.311475409836067,1,0.030508196721311477,0.03500000000000014
vehicle_006_session_01468,vehicle_006,1468,train,113.04286144497863,44.0,335.2,335.5,337.5,340.5,-69.96720983606556,31.80327868852459,2,0.03511475409836064,0.039000000000000146
vehicle_006_session_01469,vehicle_006,1469,train,115.46042047184169,64.8,349.1,349.9,353.2,357.2,-69.93933819672131,34.26229508196721,1,0.041852459016393444,0.04600000000000026
vehicle_006_session_01470,vehicle_006,1470,train,117.21304101153041,56.8,340.8,341.8,345.7,350.3,-69.87376836065573,31.540983606557376,1,0.048885245901639326,0.052000000000000046
vehicle_006_session_01471,vehicle_006,1471,train,114.04548480083862,37.2,330.5,331.6,333.5,335.8,-70.16230540983607,28.57377049180328,1,0.03237704918032787,0.03500000000000014
vehicle_006_session_01472,vehicle_006,1472,train,114.67473087231967,58.4,343.0,343.9,347.5,352.1,-70.24263721311476,31.491803278688526,1,0.04703278688524589,0.050000000000000266
vehicle_006_session_01473,vehicle_006,1473,train,115.50748410790602,63.2,347.5,348.5,351.9,356.0,-70.04590606557376,28.360655737704917,1,0.043918032786885226,0.050000000000000266
vehicle_006_session_01474,vehicle_006,1474,train,116.63825473484849,49.2,334.7,336.1,339.1,343.5,-69.97212836065573,27.065573770491802,2,0.04180327868852457,0.050000000000000266
vehicle_006_session_01475,vehicle_006,1475,train,115.66690672892717,71.6,354.6,355.3,358.6,362.8,-69.99836049180328,29.0,0,0.04119672131147544,0.042999999999999705
vehicle_006_session_01476,vehicle_006,1476,train,114.74856328529,34.0,330.5,331.3,332.9,334.9,-70.04079186842105,27.75,1,0.03164473815789479,0.03400010000000009
