segment_id,vehicle,session_index,split,proxy_capacity_ah,soc_start,voltage_start,voltage_60,voltage_300,voltage_600,current_mean,tmax_mean,temperature_rise,cell_gap_mean,cell_gap_max
vehicle_002_session_00001,vehicle_002,1,train,134.14537179580896,44.4,332.7,334.0,336.05,338.8,-52.06316802631581,37.85526315789474,1,0.02380263157894736,0.028000000000000025
vehicle_002_session_00002,vehicle_002,2,train,133.7607800178063,20.8,326.6,327.5,328.6,329.6,-52.21974881578948,37.0,0,0.018684210526315814,0.020000000000000018
vehicle_002_session_00003,vehicle_002,3,train,133.11072070456214,34.0,329.7,330.5,331.65,333.0,-52.13290486842105,36.56578947368421,1,0.019289473684210547,0.021999999999999797
vehicle_002_session_00004,vehicle_002,4,train,133.00623286906995,26.4,327.5,328.25,329.1,330.0,-45.1131680263158,36.0,0,0.016434210526315808,0.018000000000000238
vehicle_002_session_00005,vehicle_002,5,train,133.43978789215686,15.6,322.8,324.6,326.20000000000005,327.5,-44.706668,35.0,0,0.018999999999999944,0.020999999999999908
vehicle_002_session_00006,vehicle_002,6,train,133.43072517655366,43.6,331.6,332.1375,333.0,334.1,-25.700009999999995,37.0,0,0.014066666666666675,0.016000000000000014
vehicle_002_session_00007,vehicle_002,7,train,135.09010771387588,14.4,323.6,325.25,327.6,329.1,-70.53816565789472,36.9078947368421,1,0.025789473684210508,0.028000000000000025
vehicle_002_session_00008,vehicle_002,8,train,132.5268909774832,10.8,320.8,322.0,323.6,325.2,-39.10264157894737,38.44736842105263,-1,0.01781578947368424,0.019000000000000128
vehicle_002_session_00009,vehicle_002,9,train,131.52346489932393,23.2,328.2,329.2,330.6,331.9,-73.6736939473684,30.736842105263158,1,0.024894736842105303,0.027000000000000135
vehicle_002_session_00010,vehicle_002,10,train,132.51733746246248,10.8,323.2,324.65,327.4,329.1,-74.43199533333332,31.0,0,0.027026666666666664,0.029999999999999805
vehicle_002_session_00011,vehicle_002,11,train,135.57142410326088,7.6,318.8,320.75,322.7,324.7,-44.89079947368421,29.0,0,0.0195263157894737,0.02200000000000024
vehicle_002_session_00012,vehicle_002,12,train,133.38891847741436,49.2,335.7,336.85,339.6,342.1,-45.20264184210527,35.0,0,0.026434210526315775,0.02900000000000036
vehicle_002_session_00013,vehicle_002,13,train,133.91111708788705,50.0,336.0,337.6,340.3,342.7,-45.01067666666667,31.0,0,0.026626666666666687,0.02900000000000036
vehicle_002_session_00014,vehicle_002,14,train,135.65949085317462,57.6,342.2,343.9,346.1,348.5,-44.703990399999995,34.0,0,0.02624,0.028000000000000025
vehicle_002_session_00015,vehicle_002,15,train,133.90534632936507,26.8,326.3,327.4,328.0,328.5,-25.90134333333334,33.0,0,0.010720000000000028,0.01200000000000001
vehicle_002_session_00016,vehicle_002,16,train,133.58054810665618,14.8,323.5,324.29999999999995,326.0,327.4,-45.148010000000006,33.0,0,0.019093333333333292,0.02100000000000035
vehicle_002_session_00017,vehicle_002,17,train,134.77659077490213,8.8,321.3,322.6,325.5,327.5,-70.23159328947368,40.3421052631579,1,0.026986842105263125,0.02900000000000036
vehicle_002_session_00018,vehicle_002,18,train,135.26692180555557,45.6,333.2,333.9,335.7,337.8,-40.5,38.96,1,0.021893333333333286,0.0259999999999998
vehicle_002_session_00019,vehicle_002,19,train,135.65496689636754,47.6,335.3,336.9,340.75,344.6,-74.32106105263156,40.68421052631579,1,0.035026315789473704,0.039000000000000146
vehicle_002_session_00020,vehicle_002,20,train,133.22831803706444,32.0,329.9,331.0,332.5,334.2,-74.12534106666668,36.56,1,0.026933333333333358,0.029999999999999805
vehicle_002_session_00021,vehicle_002,21,train,131.6006991840278,18.8,323.9,325.0,326.0,326.7,-25.86579942105264,39.4078947368421,-1,0.01385526315789466,0.016000000000000014
vehicle_002_session_00022,vehicle_002,22,train,132.9214795066045,33.2,329.1,329.65,330.7,331.7,-45.19869421052633,38.0,0,0.01739473684210527,0.019000000000000128
vehicle_002_session_00023,vehicle_002,23,train,134.42737317058248,8.8,321.1,322.8,325.75,328.0,-74.18158934210527,40.0,0,0.028263157894736827,0.03000000000000025
vehicle_002_session_00024,vehicle_002,24,train,132.8619931272645,26.0,328.3,329.4,330.8,332.4,-70.4749975,37.526315789473685,1,0.02468421052631582,0.027000000000000135
vehicle_002_session_00025,vehicle_002,25,train,132.11150387499998,47.2,332.8,334.25,336.6,339.1,-37.415782552631576,43.0,0,0.023328947368421015,0.028999999999999915
vehicle_002_session_00026,vehicle_002,26,train,130.1047686212121,11.2,319.9,321.35,323.3,324.9,-37.811991973333335,42.0,0,0.018119999999999994,0.020000000000000018
vehicle_002_session_00027,vehicle_002,27,train,134.12505056299602,36.0,331.1,331.1,331.7,332.7,-39.91972881578947,43.0,0,0.016736842105263213,0.019000000000000128
vehicle_002_session_00028,vehicle_002,28,train,130.67162800925925,38.4,329.6,331.20000000000005,332.4,333.6,-39.65000184210526,38.38157894736842,1,0.01775000000000001,0.020000000000000018
vehicle_002_session_00029,vehicle_002,29,train,133.32651835400517,13.6,321.3,323.3,324.9,326.4,-39.54736981578947,38.0,0,0.018276315789473658,0.020000000000000018
vehicle_002_session_00030,vehicle_002,30,train,133.8092530953591,33.6,329.1,329.6,330.7,331.6,-40.399989999999995,39.0,0,0.016328947368421082,0.018000000000000238
vehicle_002_session_00031,vehicle_002,31,train,130.87248484256634,21.2,326.1,326.9,327.8,328.5,-40.306684666666676,38.0,0,0.015680000000000006,0.017000000000000348
vehicle_002_session_00032,vehicle_002,32,train,132.42493504728134,24.0,328.0,329.0,330.3,331.6,-71.90266933333335,36.88,1,0.02497333333333338,0.026000000000000245
vehicle_002_session_00033,vehicle_002,33,train,130.69444444444446,21.6,326.3,326.9,327.8,328.6,-40.0,37.0,0,0.01556578947368422,0.017000000000000348
vehicle_002_session_00034,vehicle_002,34,train,134.5509744868486,9.2,321.1,322.6,325.4,327.7,-70.71317078947368,39.0,0,0.02774999999999996,0.03000000000000025
vehicle_002_session_00035,vehicle_002,35,train,131.91784680219536,35.6,329.7,330.25,331.3,332.4,-40.09334266666667,37.0,0,0.016773333333333352,0.019000000000000128
vehicle_002_session_00036,vehicle_002,36,train,133.94029369429595,24.8,327.1,327.9,329.0,329.9,-50.98420894736842,35.11842105263158,1,0.018750000000000027,0.020000000000000018
vehicle_002_session_00037,vehicle_002,37,train,133.07229789496526,60.4,345.0,346.35,348.9,351.8,-50.688168157894744,37.0,0,0.030565789473684192,0.03200000000000003
vehicle_002_session_00038,vehicle_002,38,train,131.17042089033995,20.8,326.1,327.0,328.0,328.8,-44.90920144736842,38.0,0,0.017342105263157884,0.019000000000000128
vehicle_002_session_00039,vehicle_002,39,train,131.90048807539685,28.4,328.9,329.95,331.4,333.0,-74.6276405263158,35.671052631578945,1,0.026605263157894746,0.028999999999999915
vehicle_002_session_00040,vehicle_002,40,train,136.57956266534396,66.0,349.7,350.6,352.6,354.9,-40.30801760000001,38.0,0,0.027773333333333365,0.02900000000000036
vehicle_002_session_00041,vehicle_002,41,train,136.0019187203229,52.8,339.4,341.5,344.9,348.8,-74.13067453333333,37.026666666666664,1,0.03742666666666668,0.04100000000000037
vehicle_002_session_00042,vehicle_002,42,train,132.95685221253234,63.2,347.4,348.8,351.05,353.5,-44.866657333333336,35.0,0,0.029093333333333315,0.03100000000000014
vehicle_002_session_00043,vehicle_002,43,train,134.0317144236111,39.6,330.8,331.65,333.0,334.6,-45.07467666666667,33.0,0,0.020293333333333326,0.022999999999999687
vehicle_002_session_00044,vehicle_002,44,train,133.4503600365324,15.2,324.4,325.75,328.0,329.4,-70.37763039473684,34.0,0,0.026486842105263156,0.029999999999999805
vehicle_002_session_00045,vehicle_002,45,train,131.3707577623457,26.4,328.3,329.4,330.8,332.2,-70.45921394736843,33.35526315789474,1,0.02485526315789477,0.027000000000000135
vehicle_002_session_00046,vehicle_002,46,train,134.02126847993836,61.6,345.8,346.85,348.85,351.1,-39.77238565789475,37.0,0,0.027855263157894706,0.02900000000000036
vehicle_002_session_00047,vehicle_002,47,train,133.3722549342106,48.0,333.8,335.2,337.29999999999995,339.9,-39.56401986666668,40.0,0,0.0263333333333333,0.030999999999999694
vehicle_002_session_00048,vehicle_002,48,train,132.07637209805,34.4,328.8,330.0,331.1,332.2,-44.88400973333333,38.08,1,0.018586666666666675,0.020999999999999908
vehicle_002_session_00049,vehicle_002,49,train,135.12406475449924,42.8,332.8,334.2,336.8,340.7,-74.13734026666667,38.93333333333333,2,0.03359999999999998,0.040000000000000036
vehicle_002_session_00050,vehicle_002,50,train,130.57425491234062,20.4,326.0,326.7,327.8,328.6,-45.20527368421053,37.0,0,0.01790789473684211,0.020999999999999908
vehicle_002_session_00051,vehicle_002,51,train,134.32133560317462,30.0,328.3,329.1,330.075,331.1,-50.70267693333334,41.0,0,0.01948000000000001,0.020999999999999908
vehicle_002_session_00052,vehicle_002,52,train,132.0505712191358,41.6,330.7,332.4,333.8,335.7,-44.788168026315795,39.0,0,0.021776315789473706,0.02499999999999991
vehicle_002_session_00053,vehicle_002,53,train,134.52696869461488,34.4,329.1,329.9,331.05,332.2,-45.01184328947369,34.0,0,0.01840789473684213,0.020000000000000018
vehicle_002_session_00054,vehicle_002,54,train,134.0309406693263,43.2,331.1,333.0,334.7,336.8,-44.81317065789474,36.0,0,0.022986842105263156,0.02699999999999969
vehicle_002_session_00055,vehicle_002,55,train,131.46836716690208,9.2,320.5,321.4,323.3,325.0,-45.20132592105264,43.0,0,0.02110526315789473,0.02300000000000013
vehicle_002_session_00056,vehicle_002,56,train,133.42928878703702,56.4,342.8,343.6,345.6,348.0,-45.16843105263158,45.0,0,0.029539473684210532,0.03200000000000003
vehicle_002_session_00057,vehicle_002,57,train,130.63686338002876,37.2,329.6,329.95,330.7,331.4,-25.91051736842105,41.0,0,0.013197368421052603,0.015000000000000124
vehicle_002_session_00058,vehicle_002,58,train,132.35319930739274,24.0,326.3,326.7,327.4,328.0,-26.098694078947375,35.0,0,0.011407894736842112,0.013000000000000345
vehicle_002_session_00059,vehicle_002,59,train,132.3857637626263,2.8,317.1,318.6,321.0,322.8,-45.11334400000001,32.986666666666665,-1,0.02402666666666668,0.026000000000000245
vehicle_002_session_00060,vehicle_002,60,train,130.85389433910737,15.2,323.5,324.475,326.1,327.5,-45.03066973333333,32.0,0,0.020453333333333282,0.02300000000000013
vehicle_002_session_00061,vehicle_002,61,train,131.59389579174984,28.0,326.7,328.55,329.6,330.5,-44.606494415584415,34.922077922077925,1,0.017272727272727263,0.019000000000000128
vehicle_002_session_00062,vehicle_002,62,train,133.0413702450774,55.2,339.4,341.15,343.55,345.7,-37.238657149333335,37.0,0,0.02748000000000002,0.029999999999999805
vehicle_002_session_00063,vehicle_002,63,train,133.14347009318618,5.2,317.2,318.85,321.1,322.8,-37.573701000000014,40.0,0,0.0213289473684211,0.025000000000000355
vehicle_002_session_00064,vehicle_002,64,train,132.2254310357565,61.6,346.0,347.45,349.65,352.1,-45.018431052631584,38.0,0,0.0307236842105263,0.03299999999999992
vehicle_002_session_00065,vehicle_002,65,train,130.95949330632715,27.2,326.7,328.3,329.4,330.2,-44.64605526315789,36.0,0,0.01735526315789476,0.019000000000000128
vehicle_002_session_00066,vehicle_002,66,train,134.02844064078283,11.6,322.4,323.85,326.5,328.5,-69.78934586666666,34.0,0,0.02777333333333334,0.03000000000000025
vehicle_002_session_00067,vehicle_002,67,train,131.51643441898148,18.8,323.8,325.2,326.9,327.8,-37.80921513157895,32.0,0,0.01790789473684206,0.02200000000000024
vehicle_002_session_00068,vehicle_002,68,train,134.4700725431332,35.2,328.3,329.2,330.0,330.8,-25.87467661333334,33.70666666666666,0,0.012706666666666677,0.014000000000000234
vehicle_002_session_00069,vehicle_002,69,train,133.24144222443857,24.4,328.2,329.2,330.6,331.9,-70.41842078947369,30.75,1,0.02477631578947373,0.02699999999999969
vehicle_002_session_00070,vehicle_002,70,train,129.0971783033546,26.4,328.6,329.4,330.2,331.3,-50.55132092105263,30.986842105263158,0,0.019210526315789445,0.020999999999999908
vehicle_002_session_00071,vehicle_002,71,train,133.3861904497034,17.2,325.2,326.1,327.5,328.5,-45.145343333333344,30.96,1,0.019999999999999993,0.02400000000000002
vehicle_002_session_00072,vehicle_002,72,train,133.87800285993305,10.0,322.2,323.70000000000005,326.6,328.6,-74.1223752631579,37.8421052631579,1,0.02940789473684209,0.03200000000000003
vehicle_002_session_00073,vehicle_002,73,train,132.53690442223632,21.2,327.4,328.55,329.9,331.3,-74.27501710526315,38.56578947368421,1,0.02685526315789476,0.028999999999999915
vehicle_002_session_00074,vehicle_002,74,train,135.11585786229546,48.0,335.5,337.15,341.05,344.9,-69.80401719999999,36.626666666666665,1,0.0388,0.04300000000000015
vehicle_002_session_00075,vehicle_002,75,train,131.2259839988426,33.6,329.1,330.2,331.20000000000005,332.2,-44.88533386666666,35.38666666666666,1,0.019160000000000014,0.02200000000000024
vehicle_002_session_00076,vehicle_002,76,train,135.2632820652174,44.4,331.9,332.8,333.8,334.9,-25.88157894736842,36.68421052631579,1,0.01875,0.02100000000000035
vehicle_002_session_00077,vehicle_002,77,train,131.54019525343645,22.0,326.7,327.4,328.4,329.2,-45.20790552631579,33.0,0,0.017815789473684236,0.019000000000000128
vehicle_002_session_00078,vehicle_002,78,train,131.83425705515302,21.6,328.3,329.1,330.2,331.4,-69.60132407894736,35.73684210526316,1,0.02535526315789479,0.027000000000000135
vehicle_002_session_00079,vehicle_002,79,train,124.70789328461858,72.8,358.2,361.70000000000005,365.1,369.3,-69.5513117631579,39.0,0,0.043065789473684266,0.04500000000000082
vehicle_002_session_00080,vehicle_002,80,train,131.1078610369318,9.6,321.9,323.25,326.05,328.2,-70.96842315789475,39.71052631578947,1,0.029644736842105248,0.03200000000000003
vehicle_002_session_00081,vehicle_002,81,train,132.9292189478585,28.0,328.5,329.7,331.05,332.5,-69.89473421052631,36.63157894736842,1,0.026065789473684254,0.028999999999999915
vehicle_002_session_00082,vehicle_002,82,train,133.4230938664338,32.8,330.3,331.3,332.8,334.9,-74.10921881578946,35.88157894736842,2,0.029052631578947413,0.03200000000000003
vehicle_002_session_00083,vehicle_002,83,train,130.62415134506472,16.0,324.9,326.20000000000005,328.3,329.7,-69.90394039473684,37.85526315789474,1,0.028263157894736837,0.03299999999999992
vehicle_002_session_00084,vehicle_002,84,train,131.56122712912088,40.4,332.7,333.85,336.3,339.6,-74.6240088,32.28,2,0.033839999999999947,0.040000000000000036
vehicle_002_session_00085,vehicle_002,85,train,130.9885427438447,38.8,331.6,332.9,335.0,338.0,-74.64667546666666,36.733333333333334,1,0.03289333333333334,0.03699999999999992
vehicle_002_session_00086,vehicle_002,86,train,134.42032305727736,51.2,337.4,338.70000000000005,341.5,344.1,-45.031582105263155,33.43421052631579,1,0.03546052631578949,0.040000000000000036
vehicle_002_session_00087,vehicle_002,87,train,133.62119988995144,26.4,327.7,328.3,329.2,330.0,-45.15527315789474,34.03947368421053,1,0.018355263157894767,0.020000000000000018
vehicle_002_session_00088,vehicle_002,88,train,133.4480242825312,24.8,325.7,326.7,327.4,328.0,-25.877641605263165,35.0,0,0.012934210526315791,0.014000000000000234
vehicle_002_session_00089,vehicle_002,89,train,131.52373321303594,36.0,330.2,330.9,332.1,333.3,-46.303966184210545,31.0,0,0.02109210526315791,0.02400000000000002
vehicle_002_session_00090,vehicle_002,90,train,130.98020158045975,46.0,334.6,335.9,339.1,343.3,-70.1039552631579,38.18421052631579,1,0.03972368421052632,0.04600000000000026
vehicle_002_session_00091,vehicle_002,91,train,132.78089646650326,69.2,355.2,356.4,359.79999999999995,363.8,-70.12667653333334,39.0,0,0.043973333333333295,0.04600000000000026
vehicle_002_session_00092,vehicle_002,92,train,136.71090415509263,63.6,349.3,350.9,354.3,358.3,-74.20667826666667,39.81333333333333,1,0.044226666666666706,0.04600000000000026
vehicle_002_session_00093,vehicle_002,93,train,132.37160210542928,11.6,322.8,324.5,327.2,329.1,-74.04079355263157,38.0,0,0.030526315789473676,0.03399999999999981
vehicle_002_session_00094,vehicle_002,94,train,131.5255002993295,57.2,343.9,345.6,348.975,353.0,-74.3093436,41.0,0,0.04385333333333332,0.04500000000000037
vehicle_002_session_00095,vehicle_002,95,train,135.51523020833335,54.8,340.7,341.8,343.6,345.8,-40.202641842105265,38.71052631578947,1,0.03332894736842109,0.03500000000000014
vehicle_002_session_00096,vehicle_002,96,train,131.27545498784724,46.0,332.4,333.8,336.0,338.2,-37.62500139473685,38.0,0,0.026605263157894746,0.03299999999999992
vehicle_002_session_00097,vehicle_002,97,train,133.67598231865284,22.8,326.3,327.1,328.2,328.9,-45.11334333333333,36.0,0,0.018840000000000016,0.021999999999999797
vehicle_002_session_00098,vehicle_002,98,train,131.36363636363637,36.8,330.3,330.8,332.1,333.3,-45.0,34.0,0,0.02127631578947371,0.02400000000000002
vehicle_002_session_00099,vehicle_002,99,train,132.47581468685303,35.2,330.5,331.7,333.5,335.7,-69.63027302631578,34.88157894736842,1,0.029578947368421038,0.03299999999999992
vehicle_002_session_00100,vehicle_002,100,train,130.1053870059085,20.4,324.4,325.85,327.4,328.2,-37.18025745131579,38.0,0,0.018526315789473655,0.02300000000000013
vehicle_002_session_00101,vehicle_002,101,train,131.38495586232474,53.6,340.5,342.4,345.9,349.9,-74.01579276315789,40.0,0,0.04450000000000001,0.04899999999999993
vehicle_002_session_00102,vehicle_002,102,train,132.4395384259259,64.8,349.9,351.8,355.25,359.4,-73.8039625,37.94736842105263,1,0.04453947368421054,0.04600000000000026
vehicle_002_session_00103,vehicle_002,103,train,132.18368274405168,8.400001,321.3,322.6,325.5,327.8,-74.350005,38.85526315789474,1,0.031855263157894706,0.03500000000000014
vehicle_002_session_00104,vehicle_002,104,train,132.59202073078586,22.4,327.5,328.8,330.2,331.4,-74.30001999999999,34.078947368421055,2,0.0274868421052632,0.02900000000000036
vehicle_002_session_00105,vehicle_002,105,train,131.05207202932104,19.6,326.1,327.2,328.55,329.7,-60.09079578947369,33.14473684210526,1,0.024842105263157888,0.030999999999999694
vehicle_002_session_00106,vehicle_002,106,train,130.81612041396104,35.6,330.5,331.7,333.5,335.7,-70.15395736842103,34.43421052631579,1,0.02972368421052635,0.03299999999999992
vehicle_002_session_00107,vehicle_002,107,train,133.152204031033,22.8,327.4,328.5,329.775,331.1,-70.06267293333333,37.0,0,0.026119999999999994,0.02900000000000036
vehicle_002_session_00108,vehicle_002,108,train,135.27971304278415,64.8,349.6,351.05,354.1,357.2,-59.99866959999999,34.89333333333333,1,0.04009333333333336,0.041999999999999815
vehicle_002_session_00109,vehicle_002,109,train,135.96430541904084,52.8,337.5,339.3,342.0,344.6,-44.884210657894734,34.0,0,0.036657894736842146,0.04100000000000037
vehicle_002_session_00110,vehicle_002,110,train,132.69358506531086,53.6,340.7,342.575,346.175,350.0,-74.04533826666669,34.89333333333333,1,0.044453333333333275,0.04800000000000004
vehicle_002_session_00111,vehicle_002,111,train,133.59350288945745,31.2,328.6,329.2,330.2,331.1,-45.001333466666665,33.733333333333334,1,0.019373333333333336,0.02100000000000035
vehicle_002_session_00112,vehicle_002,112,train,130.74741773692813,22.4,327.4,328.6,329.95,331.3,-72.84001173333333,36.13333333333333,2,0.02712000000000001,0.028999999999999915
vehicle_002_session_00113,vehicle_002,113,train,131.78508082848836,11.6,321.6,322.9,325.3,327.2,-59.85467239999999,36.0,0,0.02778666666666661,0.029999999999999805
vehicle_002_session_00114,vehicle_002,114,train,130.24422275848767,24.4,325.7,327.0,328.3,329.1,-37.40393792105262,36.0,0,0.01676315789473686,0.020000000000000018
vehicle_002_session_00115,vehicle_002,115,train,132.8196990254104,29.2,329.1,330.2,331.7,333.3,-74.28290315789472,32.026315789473685,2,0.028394736842105285,0.03100000000000014
vehicle_002_session_00116,vehicle_002,116,train,130.8216710135708,40.0,330.8,331.65,333.0,334.7,-45.003947763157896,32.0,0,0.02384210526315792,0.027000000000000135
vehicle_002_session_00117,vehicle_002,117,train,131.2270002,35.2,329.6,330.25,331.4,332.7,-45.00657960526316,32.0,0,0.021144736842105296,0.02400000000000002
vehicle_002_session_00118,vehicle_002,118,train,138.42757717592596,46.0,333.3,334.2,336.1,338.6,-45.20790552631579,35.0,0,0.0305394736842105,0.03699999999999992
vehicle_002_session_00119,vehicle_002,119,train,132.62387199845682,50.0,336.0,337.1,339.775,342.5,-45.10801000000001,36.0,0,0.03770666666666668,0.04100000000000037
vehicle_002_session_00120,vehicle_002,120,train,130.95284214256537,13.2,323.6,324.79999999999995,327.4,328.9,-69.64211381578949,33.0,0,0.029605263157894718,0.03299999999999992
vehicle_002_session_00121,vehicle_002,121,train,130.9388825358669,24.4,327.1,329.0,330.4,331.7,-73.82533946666666,32.906666666666666,1,0.027493333333333383,0.03000000000000025
vehicle_002_session_00122,vehicle_002,122,train,130.2135763052209,14.0,323.0,323.9,325.8,327.4,-50.609343200000005,33.84,0,0.025693333333333294,0.02900000000000036
vehicle_002_session_00123,vehicle_002,123,train,131.37940395299148,11.6,321.6,322.8,324.9,326.7,-50.34079776315791,32.0,0,0.024605263157894703,0.026000000000000245
vehicle_002_session_00124,vehicle_002,124,train,129.4846402013889,27.2,326.1,327.35,328.9,329.7,-37.398674684210526,30.68421052631579,1,0.016697368421052645,0.019000000000000128
vehicle_002_session_00125,vehicle_002,125,train,131.92403398752012,39.6,331.6,332.8,334.9,337.7,-70.00526578947368,32.671052631578945,1,0.03299999999999997,0.0389999999999997
vehicle_002_session_00126,vehicle_002,126,train,130.44849092551073,5.6,319.9,321.5,324.29999999999995,326.9,-69.68685355263158,32.0,0,0.03255263157894735,0.03699999999999992
vehicle_002_session_00127,vehicle_002,127,train,132.0613643202862,42.0,331.9,332.7,334.5,336.4,-50.10000934210527,33.0,0,0.02726315789473689,0.03100000000000014
vehicle_002_session_00128,vehicle_002,128,train,128.53314559792844,23.2,326.7,327.4,328.3,329.1,-40.19601,33.0,0,0.017426666666666712,0.020000000000000018
vehicle_002_session_00129,vehicle_002,129,train,131.93644826940036,44.4,331.4,332.5,333.6,334.9,-25.909220526315792,32.0,0,0.020802631578947378,0.02400000000000002
vehicle_002_session_00130,vehicle_002,130,train,130.61942908531748,20.4,326.7,327.8,329.2,330.5,-69.94868486842105,32.61842105263158,1,0.02681578947368423,0.03200000000000003
vehicle_002_session_00131,vehicle_002,131,train,131.6794370298032,37.2,329.9,330.6,331.7,333.2,-45.036004,35.0,0,0.02162666666666669,0.02400000000000002
vehicle_002_session_00132,vehicle_002,132,train,132.8857893784153,50.0,335.8,336.9,339.7,342.5,-45.114483684210526,34.0,0,0.03685526315789471,0.040000000000000036
vehicle_002_session_00133,vehicle_002,133,train,131.02000458553792,34.4,331.4,332.4,333.8,335.7,-69.49342039473683,32.921052631578945,2,0.029855263157894763,0.03299999999999992
vehicle_002_session_00134,vehicle_002,134,train,131.6950052448831,64.4,349.9,351.6,354.9,358.9,-70.1160072,33.093333333333334,1,0.04398666666666668,0.04500000000000037
vehicle_002_session_00135,vehicle_002,135,train,129.62862701797386,27.2,327.5,328.2,329.1,329.9,-40.20001,34.671052631578945,1,0.0176447368421053,0.019000000000000128
vehicle_002_session_00136,vehicle_002,136,train,132.66520879553735,46.0,332.2,333.55,335.8,337.8,-37.32000408000002,34.0,0,0.027213333333333325,0.03399999999999981
vehicle_002_session_00137,vehicle_002,137,train,131.22477709722222,38.0,328.9,330.25,331.79999999999995,333.0,-37.71466490666667,32.266666666666666,1,0.01962666666666671,0.02300000000000013
vehicle_002_session_00138,vehicle_002,138,train,129.63932599896023,20.0,326.4,327.9,329.5,330.8,-70.29738236842105,31.42105263157895,1,0.026434210526315827,0.03000000000000025
vehicle_002_session_00139,vehicle_002,139,train,132.94418466435187,54.0,339.6,340.3,341.9,343.3,-26.100010000000005,29.0,0,0.03262666666666665,0.03600000000000003
vehicle_002_session_00140,vehicle_002,140,train,130.51833892118864,26.0,326.1,327.8,328.9,329.7,-44.843431447368424,30.93421052631579,1,0.018763157894736857,0.020999999999999908
vehicle_002_session_00141,vehicle_002,141,train,128.91077105274374,17.6,325.7,327.0,328.6,329.7,-59.91052684210525,25.05263157894737,1,0.02355263157894737,0.028000000000000025
vehicle_002_session_00142,vehicle_002,142,train,130.59442476415106,76.4,360.2,361.5,364.9,368.8,-59.906671599999996,26.733333333333334,1,0.04216000000000006,0.04499999999999993
vehicle_002_session_00143,vehicle_002,143,train,130.98975774524527,44.4,333.9,335.25,338.2,342.4,-70.14737842105262,31.539473684210527,1,0.03898684210526317,0.04700000000000015
vehicle_002_session_00144,vehicle_002,144,train,132.47260290887192,58.4,344.3,346.1,349.475,353.3,-69.50267120000002,32.373333333333335,1,0.043359999999999975,0.04499999999999993
vehicle_002_session_00145,vehicle_002,145,train,130.05875086899403,23.6,327.4,328.8,330.1,331.4,-70.6934327631579,28.38157894736842,1,0.025947368421052667,0.028000000000000025
vehicle_002_session_00146,vehicle_002,146,train,130.13604431074393,27.2,328.2,329.5,330.925,332.4,-69.43246805194805,29.948051948051948,1,0.026051948051948066,0.02900000000000036
vehicle_002_session_00147,vehicle_002,147,train,129.37583710720486,34.0,330.5,331.4,333.0,335.2,-69.64343065789473,33.68421052631579,1,0.029184210526315802,0.03299999999999992
vehicle_002_session_00148,vehicle_002,148,train,128.6374055727448,17.2,326.0,327.29999999999995,329.0,330.3,-70.22896105263158,30.355263157894736,1,0.027631578947368434,0.03399999999999981
vehicle_002_session_00149,vehicle_002,149,train,130.34056135698196,24.0,327.5,329.0,330.3,331.7,-73.77866826666667,30.826666666666668,1,0.026866666666666664,0.028999999999999915
vehicle_002_session_00150,vehicle_002,150,train,132.7306794198496,48.4,334.2,336.05,338.55,341.6,-44.40527342105264,35.81578947368421,1,0.03436842105263154,0.039000000000000146
vehicle_002_session_00151,vehicle_002,151,train,129.11145982517766,25.2,326.4,327.9,328.9,329.7,-45.01600826666667,30.813333333333333,1,0.018546666666666715,0.020000000000000018
vehicle_002_session_00152,vehicle_002,152,train,130.77304755047055,11.2,321.4,323.55,326.3,328.3,-69.56001599999999,33.93333333333333,1,0.0296933333333333,0.03300000000000036
vehicle_002_session_00153,vehicle_002,153,train,131.35803235143445,47.6,335.2,336.85,340.575,344.9,-70.19067733333333,32.946666666666665,1,0.04173333333333334,0.04700000000000015
vehicle_002_session_00154,vehicle_002,154,train,131.5764311073909,52.8,339.6,342.0,345.6,349.6,-70.05000447368421,29.92105263157895,1,0.04397368421052633,0.04900000000000038
vehicle_002_session_00155,vehicle_002,155,train,131.98311334259262,60.0,346.6,348.6,352.1,356.1,-74.0934269736842,30.94736842105263,1,0.044513157894736845,0.04600000000000026
vehicle_002_session_00156,vehicle_002,156,train,132.37793727413703,56.4,341.6,343.25,345.9,348.8,-49.992104473684215,30.0,0,0.03726315789473683,0.040000000000000036
vehicle_002_session_00157,vehicle_002,157,train,132.50351805555556,44.8,333.0,333.9,335.8,338.5,-49.93683578947368,34.0,0,0.029749999999999978,0.03500000000000014
vehicle_002_session_00158,vehicle_002,158,train,130.62495534517976,34.8,327.8,329.15,330.7,331.7,-37.45525928947368,31.0,0,0.017894736842105272,0.02100000000000035
vehicle_002_session_00159,vehicle_002,159,train,109.32149942042611,44.4,328.4,330.04999999999995,331.9,333.3,-37.32632413157896,32.73684210526316,1,0.019078947368421074,0.02200000000000024
vehicle_002_session_00160,vehicle_002,160,train,131.82935887435403,37.2,331.0,332.1,333.9,336.1,-69.8693352,30.14666666666667,2,0.030186666666666674,0.03500000000000014
vehicle_002_session_00161,vehicle_002,161,train,130.4590341530415,32.8,329.9,331.0,332.5,334.6,-70.63027184210526,32.30263157894737,1,0.02889473684210528,0.03200000000000003
vehicle_002_session_00162,vehicle_002,162,train,131.8844441902282,47.2,335.0,336.70000000000005,340.4,345.0,-74.11579934210526,31.236842105263158,2,0.04296052631578948,0.04800000000000004
vehicle_002_session_00163,vehicle_002,163,train,128.61798095953526,14.8,324.6,326.20000000000005,328.55,329.9,-74.5960589473684,31.67105263157895,1,0.030026315789473696,0.0349999999999997
vehicle_002_session_00164,vehicle_002,164,train,131.15180728145427,8.0,321.1,322.75,325.7,328.0,-74.12821512820511,30.94871794871795,1,0.03196153846153842,0.03400000000000025
vehicle_002_session_00165,vehicle_002,165,train,130.16482447065633,16.0,324.2,325.8,328.3,329.6,-70.06800573333332,31.0,0,0.02876,0.03399999999999981
vehicle_002_session_00166,vehicle_002,166,train,128.84746446581195,16.0,324.2,325.2,326.79999999999995,327.8,-45.11334333333333,29.0,0,0.022226666666666617,0.026000000000000245
vehicle_002_session_00167,vehicle_002,167,train,131.57577851047552,50.4,336.8,338.9,343.5,347.5,-73.91066786666666,29.813333333333333,1,0.04530666666666667,0.04900000000000038
vehicle_002_session_00168,vehicle_002,168,train,127.95741112891737,29.2,327.7,328.4,329.4,330.3,-39.9039377631579,31.0,0,0.017644736842105265,0.019000000000000128
vehicle_002_session_00169,vehicle_002,169,train,130.52211366567462,41.6,333.0,334.29999999999995,337.0,341.0,-74.09474249999998,31.144736842105264,2,0.037657894736842085,0.04700000000000015
vehicle_002_session_00170,vehicle_002,170,train,129.27052674501428,11.2,320.2,321.3,322.5,323.8,-25.94134333333334,30.68,-1,0.018373333333333335,0.020999999999999908
vehicle_002_session_00171,vehicle_002,171,train,129.27791849232455,19.2,324.9,326.5,327.8,328.6,-44.764475000000004,27.56578947368421,1,0.02081578947368424,0.027000000000000135
vehicle_002_session_00172,vehicle_002,172,train,130.34135259452162,27.6,328.6,329.79999999999995,331.1,332.8,-73.12369368421054,31.17105263157895,1,0.027776315789473704,0.030999999999999694
vehicle_002_session_00173,vehicle_002,173,train,131.1083553623432,48.0,335.2,336.5,339.79999999999995,343.6,-60.17734493333333,31.346666666666668,1,0.04046666666666664,0.04699999999999971
vehicle_002_session_00174,vehicle_002,174,train,129.14076940740745,22.8,325.0,327.1,328.2,329.1,-44.85001000000001,27.06578947368421,1,0.018210526315789483,0.020999999999999908
vehicle_002_session_00175,vehicle_002,175,train,131.48592065238654,42.0,332.5,333.6,335.8,338.8,-59.95658092105263,29.855263157894736,1,0.03121052631578944,0.03699999999999992
vehicle_002_session_00176,vehicle_002,176,train,130.06664099639588,24.0,327.8,328.9,330.2,331.6,-69.75791052631578,29.986842105263158,2,0.025842105263157923,0.028000000000000025
vehicle_002_session_00177,vehicle_002,177,train,130.97966277993112,46.0,333.8,334.79999999999995,337.0,340.2,-50.007897368421055,30.460526315789473,1,0.032789473684210486,0.040999999999999925
vehicle_002_session_00178,vehicle_002,178,train,131.36820555555553,56.0,342.5,344.54999999999995,348.25,352.2,-73.56184828947369,31.38157894736842,1,0.04385526315789473,0.04600000000000026
vehicle_002_session_00179,vehicle_002,179,train,127.25307118592498,20.0,326.6,327.4,328.6,329.6,-49.948685789473686,25.513157894736842,1,0.019894736842105257,0.02300000000000013
vehicle_002_session_00180,vehicle_002,180,train,132.9072652138158,47.6,334.4,335.7,338.2,341.6,-50.05131881578948,27.039473684210527,1,0.03549999999999998,0.04300000000000015
vehicle_002_session_00181,vehicle_002,181,train,129.5981893669738,11.2,321.7,322.9,325.1,326.9,-50.17369421052632,26.80263157894737,1,0.024578947368421023,0.027000000000000135
vehicle_002_session_00182,vehicle_002,182,train,130.0208811616162,22.8,327.4,328.4,329.9,331.1,-69.90658013157895,28.81578947368421,1,0.02577631578947371,0.028000000000000025
vehicle_002_session_00183,vehicle_002,183,train,131.6497421334877,61.6,347.1,348.9,352.4,356.3,-70.50133346666667,30.84,1,0.04400000000000001,0.04599999999999982
vehicle_002_session_00184,vehicle_002,184,train,131.3052872874761,51.2,337.8,339.79999999999995,344.0,347.8,-70.89066053333333,32.42666666666667,1,0.04208,0.04600000000000026
vehicle_002_session_00185,vehicle_002,185,train,131.03476167147966,43.6,332.5,333.6,335.5,338.0,-50.072373815789476,32.0,0,0.027960526315789446,0.03200000000000003
vehicle_002_session_00186,vehicle_002,186,train,129.716256148228,28.0,328.6,329.775,331.1,332.7,-70.7573404,29.826666666666668,1,0.026413333333333327,0.028999999999999915
vehicle_002_session_00187,vehicle_002,187,train,131.6890856655093,49.6,336.4,338.1,342.2,346.3,-69.73027565789472,32.93421052631579,1,0.041236842105263155,0.04499999999999993
vehicle_002_session_00188,vehicle_002,188,train,131.22747142857145,19.2,325.5,326.79999999999995,328.8,330.0,-69.88666706666667,31.72,1,0.02688000000000002,0.03200000000000003
vehicle_002_session_00189,vehicle_002,189,train,132.42924131249998,46.4,334.7,336.05,339.3375,343.9,-73.9826696,35.22666666666667,2,0.04029333333333331,0.04600000000000026
vehicle_002_session_00190,vehicle_002,190,train,129.42721465786795,12.0,323.5,324.79999999999995,327.4,329.1,-70.6908,31.789473684210527,1,0.02909210526315787,0.03299999999999992
vehicle_002_session_00191,vehicle_002,191,train,128.57281016483518,24.8,328.5,329.6,331.0,332.5,-74.01316039473686,29.18421052631579,2,0.026894736842105315,0.02900000000000036
vehicle_002_session_00192,vehicle_002,192,train,130.28020975298872,34.4,329.1,329.9,331.0375,332.2,-44.61999253333333,30.14666666666667,1,0.019853333333333337,0.02300000000000013
vehicle_002_session_00193,vehicle_002,193,train,131.77942846534657,57.2,342.2,343.70000000000005,346.20000000000005,348.8,-45.00131710526316,31.0,0,0.03439473684210526,0.03699999999999992
vehicle_002_session_00194,vehicle_002,194,train,128.33260206736915,24.0,328.3,329.4,330.8,332.1,-70.20801146666666,27.613333333333333,1,0.025746666666666734,0.028000000000000025
vehicle_002_session_00195,vehicle_002,195,train,130.66207662760416,11.6,321.6,322.45,324.2,325.8,-39.899989999999995,24.986666666666668,1,0.020919999999999994,0.02200000000000024
vehicle_002_session_00196,vehicle_002,196,train,129.89117622316917,18.4,326.3,327.75,329.6,330.7,-69.9526305263158,22.93421052631579,2,0.02655263157894736,0.03299999999999992
vehicle_002_session_00197,vehicle_002,197,train,132.89020105229594,47.6,335.7,337.29999999999995,341.175,345.5,-69.93199906666666,24.186666666666667,2,0.04036,0.04499999999999993
vehicle_002_session_00198,vehicle_002,198,train,129.25777801777778,27.2,325.7,327.25,328.70000000000005,329.6,-37.63421084210527,25.0,0,0.0159342105263158,0.018999999999999684
vehicle_002_session_00199,vehicle_002,199,train,131.18658178710936,33.2,330.0,331.20000000000005,332.8,334.7,-69.93466746666668,24.16,2,0.027733333333333356,0.03100000000000014
vehicle_002_session_00200,vehicle_002,200,train,127.89155326343503,19.6,324.7,326.3,327.45,328.3,-39.96448381578947,26.0,0,0.01768421052631578,0.020999999999999908
vehicle_002_session_00201,vehicle_002,201,train,130.96558523558843,23.2,326.9,328.4,329.9,331.1,-69.36052710526316,26.763157894736842,1,0.02531578947368424,0.028000000000000025
vehicle_002_session_00202,vehicle_002,202,train,130.37438403787147,19.2,326.1,327.6,329.2,330.5,-69.83867293333333,27.626666666666665,1,0.026640000000000004,0.03200000000000003
vehicle_002_session_00203,vehicle_002,203,train,131.78015391609392,54.4,341.1,343.55,347.4375,351.6,-74.26801373333333,26.613333333333333,1,0.04344000000000001,0.04700000000000015
vehicle_002_session_00204,vehicle_002,204,train,130.01162372388418,4.0,319.4,321.54999999999995,324.79999999999995,327.5,-75.22106657894737,24.894736842105264,1,0.03223684210526311,0.03600000000000003
vehicle_002_session_00205,vehicle_002,205,train,130.02648381470962,21.2,326.0,327.0,328.3,329.2,-50.003947763157896,22.710526315789473,1,0.01911842105263161,0.02300000000000013
vehicle_002_session_00206,vehicle_002,206,train,129.41914053919223,26.0,328.3,329.65,331.1,332.7,-69.77633289473683,22.80263157894737,1,0.025355263157894783,0.027000000000000135
vehicle_002_session_00207,vehicle_002,207,train,130.22487616545894,51.6,338.2,340.85,345.04999999999995,349.1,-70.47368157894736,24.144736842105264,2,0.042894736842105256,0.04700000000000015
vehicle_002_session_00208,vehicle_002,208,train,126.54359833066243,22.0,328.0,329.6,331.05,332.4,-69.91199866666666,21.106666666666666,2,0.024880000000000006,0.027000000000000135
vehicle_002_session_00209,vehicle_002,209,train,131.57053346321038,33.2,329.9,331.05,332.7,334.6,-69.97066893333334,28.32,1,0.027933333333333376,0.03200000000000003
vehicle_002_session_00210,vehicle_002,210,train,128.6492888763084,42.4,333.3,334.79999999999995,337.7,341.8,-70.52133986666665,22.573333333333334,1,0.035239999999999994,0.04300000000000015
vehicle_002_session_00211,vehicle_002,211,train,129.24079017720305,34.4,330.5,331.65,333.5,335.5,-70.41841394736842,23.32894736842105,2,0.02851315789473686,0.03200000000000003
vehicle_002_session_00212,vehicle_002,212,train,128.55071770404663,32.8,327.5,329.9,331.1,332.4,-44.59066826666667,19.106666666666666,1,0.01828000000000001,0.020000000000000018
vehicle_002_session_00213,vehicle_002,213,train,130.81539287307382,42.8,332.2,333.25,334.95,337.2,-50.001333466666665,24.04,1,0.025373333333333335,0.028000000000000025
vehicle_002_session_00214,vehicle_002,214,train,132.0784734722222,49.2,334.6,336.4,339.20000000000005,342.4,-44.81973855263158,24.0,0,0.03194736842105262,0.03699999999999992
vehicle_002_session_00215,vehicle_002,215,train,128.69072091369048,13.6,321.6,323.4,325.75,327.1,-37.450665173333334,20.466666666666665,1,0.019626666666666594,0.021999999999999797
vehicle_002_session_00216,vehicle_002,216,train,129.47028940972226,24.8,326.9,327.9,329.1,330.0,-50.18422052631579,24.842105263157894,1,0.018855263157894774,0.020999999999999908
vehicle_002_session_00217,vehicle_002,217,train,130.00886313379428,8.0,319.4,321.35,323.3,325.3,-44.80658197368421,24.526315789473685,1,0.021644736842105262,0.02400000000000002
vehicle_002_session_00218,vehicle_002,218,train,124.16971626016263,38.0,333.3,333.6,334.65,336.3,-45.0,26.644736842105264,1,0.023394736842105274,0.026000000000000245
vehicle_002_session_00219,vehicle_002,219,train,129.83622746362437,19.6,324.2,325.8,327.4,328.3,-44.82763407894737,25.93421052631579,1,0.019434210526315786,0.02300000000000013
vehicle_002_session_00220,vehicle_002,220,train,129.99596528405286,28.8,329.1,330.2,331.65,333.3,-69.86052815789473,27.407894736842106,2,0.025907894736842133,0.02900000000000036
vehicle_002_session_00221,vehicle_002,221,train,128.50232025518343,14.0,324.2,325.75,328.2,329.6,-70.37105131578947,29.0,0,0.02792105263157895,0.03200000000000003
vehicle_002_session_00222,vehicle_002,222,train,127.63518324556327,21.6,324.9,326.9,328.0,328.8,-39.70534336,28.933333333333334,1,0.015866666666666664,0.018000000000000238
vehicle_002_session_00223,vehicle_002,223,train,130.57630458400106,35.6,328.0,329.4,330.8,332.1,-37.573335039999996,29.013333333333332,1,0.016613333333333362,0.019000000000000128
vehicle_002_session_00224,vehicle_002,224,train,129.97337518678162,39.6,330.2,330.7,331.6,332.5,-25.704010399999994,27.0,0,0.014773333333333352,0.016999999999999904
vehicle_002_session_00225,vehicle_002,225,train,131.91912403681508,26.4,327.8,329.29999999999995,330.75,332.1,-73.88552907894739,25.907894736842106,2,0.025407894736842122,0.027000000000000135
vehicle_002_session_00226,vehicle_002,226,train,131.38374006625162,19.2,326.3,327.5,329.2,330.5,-69.9578952631579,27.13157894736842,1,0.025500000000000002,0.03000000000000025
vehicle_002_session_00227,vehicle_002,227,train,129.72841387614682,54.0,342.7,344.35,347.45,351.4,-69.97763407894736,31.776315789473685,1,0.03896052631578946,0.04100000000000037
vehicle_002_session_00228,vehicle_002,228,train,131.03767827403604,10.0,321.7,323.3,326.05,328.3,-70.00658039473684,28.94736842105263,1,0.02809210526315788,0.03100000000000014
vehicle_002_session_00229,vehicle_002,229,train,131.0677042027417,36.0,330.5,331.65,333.3,335.7,-69.69211460526317,30.355263157894736,1,0.028092105263157904,0.03100000000000014
vehicle_002_session_00230,vehicle_002,230,train,130.30235221503835,28.0,328.2,329.9,331.3,333.0,-73.98000439999998,29.72,1,0.02636000000000004,0.02900000000000036
vehicle_002_session_00231,vehicle_002,231,train,130.94168745854066,44.0,333.5,334.79999999999995,337.54999999999995,341.8,-70.28685,28.63157894736842,1,0.03459210526315788,0.04200000000000026
vehicle_002_session_00232,vehicle_002,232,train,131.26981909402204,6.0,319.7,321.5,324.6,327.2,-74.05867226666666,31.8,1,0.030813333333333304,0.0349999999999997
vehicle_002_session_00233,vehicle_002,233,train,131.20076883680557,20.0,324.9,326.0,327.4375,328.5,-45.189346266666675,27.133333333333333,1,0.01872000000000001,0.02200000000000024
vehicle_002_session_00234,vehicle_002,234,train,131.38359405254093,45.2,333.0,335.575,337.1,339.3,-44.663168131578956,30.0,0,0.026565789473684154,0.03100000000000014
vehicle_002_session_00235,vehicle_002,235,train,128.72500025252526,35.6,328.5,330.3,331.6,332.8,-39.66266746666667,20.466666666666665,1,0.01768000000000003,0.020000000000000018
vehicle_002_session_00236,vehicle_002,236,train,128.60123142261907,27.6,327.8,328.85,329.95,331.1,-50.171062500000005,21.57894736842105,1,0.018881578947368423,0.020999999999999908
vehicle_002_session_00237,vehicle_002,237,train,129.60114305555555,14.0,323.0,323.9,326.0,327.4,-45.112010000000005,22.96,1,0.020893333333333278,0.02300000000000013
vehicle_002_session_00238,vehicle_002,238,train,129.9623412644676,49.6,336.6,338.70000000000005,343.1,347.2,-70.19211342105262,24.842105263157894,1,0.04003947368421053,0.04400000000000004
vehicle_002_session_00239,vehicle_002,239,train,131.08274482860523,60.0,346.1,348.25,351.8,355.7,-69.58948210526314,23.539473684210527,1,0.03890789473684212,0.040999999999999925
vehicle_002_session_00240,vehicle_002,240,train,130.53118400478292,26.8,328.0,329.4,330.9,332.2,-70.06974157894739,24.907894736842106,1,0.024815789473684242,0.027000000000000135
vehicle_002_session_00241,vehicle_002,241,train,129.1765105350379,26.8,327.7,328.6,329.65,330.8,-49.98157868421053,24.736842105263158,1,0.018763157894736884,0.020000000000000018
vehicle_002_session_00242,vehicle_002,242,train,131.0864317720474,29.2,328.9,329.95,331.4,333.0,-70.04868894736842,25.539473684210527,1,0.025394736842105282,0.028000000000000025
vehicle_002_session_00243,vehicle_002,243,train,129.78177339365882,25.6,325.7,327.45,328.5,329.2,-39.8039575,27.67105263157895,1,0.01600000000000005,0.018000000000000238
vehicle_002_session_00244,vehicle_002,244,train,132.22949311965814,12.8,322.1,323.2,325.25,327.1,-50.09737526315789,27.0,0,0.022486842105263107,0.02400000000000002
vehicle_002_session_00245,vehicle_002,245,train,130.15255632626847,28.4,328.5,329.9,331.35,332.8,-70.61711526315788,27.55263157894737,1,0.025828947368421066,0.028999999999999915
vehicle_002_session_00246,vehicle_002,246,train,130.7815676257969,42.4,333.2,334.4,336.9,340.5,-69.90394881578946,27.710526315789473,1,0.03368421052631577,0.04100000000000037
vehicle_002_session_00247,vehicle_002,247,train,131.5565661658951,39.6,329.2,330.65,332.4375,333.8,-37.390659119999995,27.0,0,0.01914666666666669,0.022999999999999687
vehicle_002_session_00248,vehicle_002,248,train,130.61172915918345,4.8,317.5,320.95000000000005,324.1,326.7,-69.96667213333335,26.733333333333334,1,0.030266666666666626,0.03400000000000025
vehicle_002_session_00249,vehicle_002,249,train,129.57728188492064,21.2,325.2,326.3,327.75,328.6,-45.005263684210526,23.0,0,0.0175394736842105,0.020000000000000018
vehicle_002_session_00250,vehicle_002,250,train,131.12339592080156,45.2,333.8,335.25,338.25,342.5,-69.49342039473684,24.907894736842106,2,0.034986842105263136,0.04200000000000026
vehicle_002_session_00251,vehicle_002,251,train,129.81771899112655,40.0,332.1,333.5,335.75,338.8,-70.0800056,23.413333333333334,1,0.0301333333333333,0.03500000000000014
vehicle_002_session_00252,vehicle_002,252,train,129.94523539825337,28.8,327.8,328.6,329.7,330.7,-45.101325789473684,24.513157894736842,1,0.017328947368421065,0.019000000000000128
vehicle_002_session_00253,vehicle_002,253,train,132.19856187865503,59.6,344.4,345.8,348.5,351.3,-49.66843105263158,29.0,0,0.03292105263157892,0.03400000000000025
vehicle_002_session_00254,vehicle_002,254,train,130.36027626553366,36.0,328.9,329.95,331.1,332.4,-39.60001131578948,25.907894736842106,1,0.017684210526315806,0.020000000000000018
vehicle_002_session_00255,vehicle_002,255,train,128.86889177225478,25.2,326.7,327.6,328.55,329.4,-39.802685866666685,26.92,1,0.01570666666666672,0.017000000000000348
vehicle_002_session_00256,vehicle_002,256,train,131.5646218478261,42.0,331.1,332.75,334.4,336.4,-44.78933466666667,25.2,1,0.023279999999999995,0.027000000000000135
vehicle_002_session_00257,vehicle_002,257,train,133.6202382142857,64.8,347.7,348.85,350.3,351.9,-25.857895,29.0,0,0.025486842105263155,0.028000000000000025
vehicle_002_session_00258,vehicle_002,258,train,132.4360494808522,56.4,341.3,342.5,344.9,347.2,-39.702641842105265,30.86842105263158,1,0.030723684210526337,0.03299999999999992
vehicle_002_session_00259,vehicle_002,259,train,129.0346718275745,15.6,324.7,326.35,328.6,329.9,-70.39466413333334,25.893333333333334,1,0.02636000000000001,0.03000000000000025
vehicle_002_session_00260,vehicle_002,260,train,130.25021292679398,2.0,316.3,317.7,320.25,322.7,-49.885522763157894,31.94736842105263,1,0.027407894736842138,0.02900000000000036
vehicle_002_session_00261,vehicle_002,261,train,129.22404593405432,45.2,334.7,336.20000000000005,339.6,344.3,-69.69079960526315,22.30263157894737,2,0.036605263157894724,0.04200000000000026
vehicle_002_session_00262,vehicle_002,262,train,131.68346959064328,10.4,322.2,324.0,326.9,328.9,-70.7693464,26.14666666666667,1,0.02730666666666665,0.03000000000000025
vehicle_002_session_00263,vehicle_002,263,train,128.64439051038295,56.4,345.7,347.29999999999995,350.375,354.3,-70.91332466666667,32.413333333333334,1,0.03988,0.041999999999999815
vehicle_002_session_00264,vehicle_002,264,train,128.90477833733016,42.0,332.7,333.9,336.35,339.7,-69.27895855263158,28.473684210526315,1,0.03259210526315786,0.039000000000000146
vehicle_002_session_00265,vehicle_002,265,train,127.61644040316357,26.4,326.3,328.70000000000005,329.79999999999995,330.8,-51.602676666666675,26.56,1,0.019400000000000042,0.02100000000000035
vehicle_002_session_00266,vehicle_002,266,train,129.5615515583664,61.6,346.3,347.45,349.9,352.4,-45.04474131578947,30.0,0,0.03240789473684208,0.03400000000000025
vehicle_002_session_00267,vehicle_002,267,train,126.54960343137255,20.4,325.7,326.65,327.8,328.8,-44.99473763157894,29.0,0,0.0183157894736842,0.020999999999999908
vehicle_002_session_00268,vehicle_002,268,train,126.45491264782727,16.8,326.0,327.44444444444446,329.275,330.5,-70.02533586666667,25.906666666666666,1,0.026013333333333354,0.030999999999999694
vehicle_002_session_00269,vehicle_002,269,train,126.41940306093191,35.6,328.3,329.85,331.3375,332.7,-37.55334205333334,28.293333333333333,1,0.01778666666666669,0.02100000000000035
vehicle_002_session_00270,vehicle_002,270,train,125.48449006150797,23.2,327.5,328.9,330.4,331.9,-70.24401453333331,27.64,1,0.025186666666666694,0.027000000000000135
vehicle_002_session_00271,vehicle_002,271,train,124.76937343304843,19.6,324.6,325.75,326.6,327.2,-25.827632631578947,24.0,0,0.01274999999999995,0.015000000000000124
vehicle_002_session_00272,vehicle_002,272,train,126.55957227501628,29.2,329.2,330.6,332.2,334.1,-74.1644842105263,22.67105263157895,1,0.027934210526315832,0.03100000000000014
vehicle_002_session_00273,vehicle_002,273,train,125.29131493261016,20.0,326.9,328.3,329.9,331.1,-69.6263257894737,21.723684210526315,1,0.024381578947368424,0.027000000000000135
vehicle_002_session_00274,vehicle_002,274,train,124.79181461226852,14.4,324.6,325.7,327.4,328.5,-50.19474631578948,22.0,0,0.021618421052631554,0.02499999999999991
vehicle_002_session_00275,vehicle_002,275,train,125.66257575940863,35.6,331.3,332.29999999999995,334.2,336.8,-70.37500013157894,23.68421052631579,1,0.02936842105263159,0.03299999999999992
vehicle_002_session_00276,vehicle_002,276,train,127.56219178240742,58.0,344.4,346.6,350.25,354.1,-70.31711592105263,26.44736842105263,1,0.03742105263157896,0.039000000000000146
vehicle_002_session_00277,vehicle_002,277,train,127.15640953380706,45.2,334.6,335.95000000000005,339.3,343.9,-70.19343157894737,23.69736842105263,1,0.03532894736842104,0.040999999999999925
vehicle_002_session_00278,vehicle_002,278,train,128.38102897758526,51.6,338.0,339.75,343.25,346.4,-50.230270000000004,17.960526315789473,1,0.03327631578947373,0.03600000000000003
vehicle_002_session_00279,vehicle_002,279,train,123.26732388016288,18.8,326.0,327.4,328.70000000000005,329.7,-50.30790342105265,18.13157894736842,1,0.01769736842105267,0.020999999999999908
vehicle_002_session_00280,vehicle_002,280,train,127.4168150898079,44.4,334.1,335.6,338.6,343.0,-70.24211644736842,25.263157894736842,2,0.03459210526315791,0.040999999999999925
vehicle_002_session_00281,vehicle_002,281,train,126.05744221590909,31.6,330.0,331.35,333.2,335.2,-70.26185118421051,18.842105263157894,2,0.026157894736842123,0.028999999999999915
vehicle_002_session_00282,vehicle_002,282,train,124.74366382875543,26.4,328.6,330.1,331.7,333.2,-70.09467533333334,20.333333333333332,1,0.024480000000000023,0.027000000000000135
vehicle_002_session_00283,vehicle_002,283,train,126.91996917989415,40.4,332.4,333.85,336.20000000000005,339.4,-69.5421075,24.17105263157895,2,0.0305394736842105,0.03600000000000003
vehicle_002_session_00284,vehicle_002,284,train,127.01375645254635,59.2,346.6,349.0,352.6,356.8,-74.2671177631579,23.67105263157895,1,0.039223684210526355,0.04100000000000037
vehicle_002_session_00285,vehicle_002,285,train,127.25878176388893,37.6,331.4,332.5,334.6,337.2,-69.74211947368421,26.18421052631579,2,0.028723684210526325,0.03200000000000003
vehicle_002_session_00286,vehicle_002,286,train,124.7307701851852,25.6,328.9,330.25,331.7,333.3,-70.09869407894739,22.894736842105264,2,0.024828947368421072,0.028000000000000025
vehicle_002_session_00287,vehicle_002,287,train,127.36502547123015,69.6,354.9,357.0,360.6,365.2,-74.38683657894737,28.907894736842106,1,0.040499999999999994,0.04300000000000015
vehicle_002_session_00288,vehicle_002,288,train,127.3713136099727,48.8,336.4,338.3,342.6,346.9,-70.58027157894735,28.38157894736842,1,0.038907894736842114,0.04300000000000015
vehicle_002_session_00289,vehicle_002,289,train,127.40274147569447,50.0,337.4,339.0,343.25,347.2,-69.67334373333334,32.653333333333336,1,0.039746666666666666,0.04300000000000015
vehicle_002_session_00290,vehicle_002,290,train,128.91864826388894,68.0,352.8,354.9,358.5375,362.5,-70.3320104,24.85333333333333,1,0.03882666666666663,0.04099999999999948
vehicle_002_session_00291,vehicle_002,291,train,127.04915659079222,54.4,341.9,345.04999999999995,349.5,353.5,-69.75791052631578,12.789473684210526,2,0.03913157894736843,0.04100000000000037
vehicle_002_session_00292,vehicle_002,292,train,126.90871786966892,58.0,345.3,347.7375,351.475,355.5,-70.4986664,16.653333333333332,1,0.03890666666666668,0.04100000000000037
vehicle_002_session_00293,vehicle_002,293,train,124.61493196850935,16.8,325.3,326.4,328.0,328.9,-50.006667333333326,18.973333333333333,1,0.018546666666666673,0.02200000000000024
vehicle_002_session_00294,vehicle_002,294,train,127.00784661660211,63.2,349.7,351.70000000000005,355.2,359.3,-70.14001040000001,20.346666666666668,1,0.03914666666666671,0.040999999999999925
vehicle_002_session_00295,vehicle_002,295,train,124.92495893132715,39.2,333.0,333.6,335.65,338.5,-69.4749975,22.144736842105264,2,0.029802631578947348,0.03400000000000025
vehicle_002_session_00296,vehicle_002,296,train,128.248213015873,69.6,356.6,357.4,360.6,364.7,-69.50789552631579,25.0,0,0.04021052631578942,0.0420000000000007
vehicle_002_session_00297,vehicle_002,297,train,124.9055560033394,24.8,328.3,329.7,331.20000000000005,332.7,-69.98289657894736,19.80263157894737,1,0.024828947368421065,0.027000000000000135
vehicle_002_session_00298,vehicle_002,298,train,126.1473294657591,57.6,344.7,346.85,350.4,354.4,-70.24474736842106,23.19736842105263,1,0.03927631578947368,0.04100000000000037
vehicle_002_session_00299,vehicle_002,299,train,127.3215766203704,56.8,343.5,346.05,349.7,353.6,-70.25601026666666,25.333333333333332,1,0.039733333333333336,0.04200000000000026
vehicle_002_session_00300,vehicle_002,300,train,124.78884868993995,23.6,328.0,329.5,331.05,332.4,-70.17467773333333,20.786666666666665,2,0.024133333333333392,0.027000000000000135
vehicle_002_session_00301,vehicle_002,301,train,126.0005241866867,8.8,322.5,324.0,326.9,328.8,-70.06933839999999,23.946666666666665,1,0.02712000000000001,0.028999999999999915
vehicle_002_session_00302,vehicle_002,302,train,127.03705201755997,6.8,321.0,322.7,325.5,327.8,-69.61579684210524,27.0,0,0.02830263157894737,0.03100000000000014
vehicle_002_session_00303,vehicle_002,303,train,125.82964650133954,18.8,326.9,328.25,329.79999999999995,331.0,-70.3657897368421,22.92105263157895,2,0.02438157894736843,0.027000000000000135
vehicle_002_session_00304,vehicle_002,304,train,126.30537960069445,49.6,337.5,339.79999999999995,344.35,348.6,-70.18401039999999,18.133333333333333,2,0.03931999999999999,0.04200000000000026
vehicle_002_session_00305,vehicle_002,305,train,125.59104804602394,77.6,362.1,363.9,367.9,369.7,-60.56053157894737,19.894736842105264,1,0.03751315789473689,0.0420000000000007
vehicle_002_session_00306,vehicle_002,306,train,124.63324640605045,28.0,329.2,330.7,332.29999999999995,333.9,-70.03733600000001,20.746666666666666,1,0.02544000000000002,0.028999999999999915
vehicle_002_session_00307,vehicle_002,307,train,127.04126296854089,64.4,351.1,352.9,356.5,360.8,-74.13290118421051,24.894736842105264,1,0.04032894736842105,0.04200000000000026
vehicle_002_session_00308,vehicle_002,308,train,127.66825636330414,59.6,346.9,349.0,352.7,356.9,-74.29869013157894,21.86842105263158,1,0.03978947368421054,0.041999999999999815
vehicle_002_session_00309,vehicle_002,309,train,124.43788676282053,20.0,327.2,328.6,330.2,331.4,-70.28801773333333,21.493333333333332,1,0.02397333333333335,0.0259999999999998
vehicle_002_session_00310,vehicle_002,310,train,126.37216772513443,72.8,357.2,358.70000000000005,361.5,364.6,-50.25600760000001,20.0,0,0.03353333333333328,0.03599999999999959
vehicle_002_session_00311,vehicle_002,311,train,124.43448169237448,14.4,324.6,325.6,327.2,328.3,-45.050005,18.736842105263158,1,0.019210526315789456,0.02300000000000013
vehicle_002_session_00312,vehicle_002,312,train,127.27129209876541,62.0,346.1,348.3,350.7375,353.3,-44.78157947368421,24.18421052631579,1,0.03161842105263155,0.03399999999999981
vehicle_002_session_00313,vehicle_002,313,train,128.05547863511663,65.2,350.7,352.75,356.4,360.5,-70.79601213333333,23.933333333333334,1,0.038960000000000015,0.040000000000000036
vehicle_002_session_00314,vehicle_002,314,train,127.06518722222225,71.6,356.9,358.65,362.29999999999995,366.6,-69.87105710526316,22.842105263157894,1,0.039552631578947346,0.041999999999999815
vehicle_002_session_00315,vehicle_002,315,train,126.7153480913697,34.0,330.3,331.5,333.3,335.5,-70.01973960526315,26.05263157894737,2,0.027526315789473687,0.03100000000000014
vehicle_002_session_00316,vehicle_002,316,train,127.85712545304237,55.6,342.7,344.79999999999995,348.6,352.5,-69.30268533333333,23.866666666666667,1,0.03958666666666664,0.04300000000000015
vehicle_002_session_00317,vehicle_002,317,train,123.90312590875865,14.4,326.1,327.75,329.9,331.0,-70.30667546666666,14.88,1,0.024293333333333333,0.028000000000000025
vehicle_002_session_00318,vehicle_002,318,train,124.80352982402913,13.2,325.3,327.15,329.2,330.5,-70.08553434210528,16.0,2,0.025381578947368432,0.03000000000000025
vehicle_002_session_00319,vehicle_002,319,train,124.01101241319445,18.0,326.7,328.25,329.9,331.1,-70.00789644736842,19.263157894736842,1,0.023802631578947395,0.027000000000000135
vehicle_002_session_00320,vehicle_002,320,train,128.4480689376877,53.2,337.1,339.20000000000005,342.575,345.2,-37.73733373333333,22.6,1,0.03325333333333335,0.037000000000000366
vehicle_002_session_00321,vehicle_002,321,train,124.8567573873874,23.6,326.1,327.7,328.55,329.4,-39.76578973684211,27.0,0,0.01623684210526317,0.018000000000000238
vehicle_002_session_00322,vehicle_002,322,train,126.5493224972944,36.0,330.5,332.0,333.85,336.3,-70.19869552631579,30.013157894736842,2,0.029039473684210542,0.03299999999999992
vehicle_002_session_00323,vehicle_002,323,train,125.8439614249466,14.4,324.9,326.35,328.70000000000005,330.2,-74.13684986842105,27.263157894736842,1,0.027644736842105264,0.03200000000000003
vehicle_002_session_00324,vehicle_002,324,train,127.42889905443948,52.4,339.1,341.25,345.4,349.6,-69.87368210526314,28.82894736842105,1,0.04028947368421055,0.04400000000000004
vehicle_002_session_00325,vehicle_002,325,train,127.1094664419935,29.6,329.1,330.25,331.7,333.5,-70.2906852,27.546666666666667,1,0.025813333333333337,0.028999999999999915
vehicle_002_session_00326,vehicle_002,326,train,126.86880727237654,47.6,335.5,337.0,340.9,345.2,-70.22667666666666,30.8,1,0.03849333333333335,0.04300000000000015
vehicle_002_session_00327,vehicle_002,327,train,127.63354667457091,48.4,336.1,337.6,341.70000000000005,346.1,-69.60132565789473,28.67105263157895,1,0.039328947368421054,0.04300000000000015
vehicle_002_session_00328,vehicle_002,328,train,126.54275713168997,21.2,327.2,328.4,329.9,331.0,-69.3093468,30.266666666666666,1,0.024813333333333337,0.027000000000000135
vehicle_002_session_00329,vehicle_002,329,train,127.48903063806382,46.4,335.0,336.5,339.95,344.4,-69.77238565789473,30.473684210526315,1,0.03815789473684211,0.04300000000000015
vehicle_002_session_00330,vehicle_002,330,train,126.96402339438853,38.0,331.4,332.7,334.7,337.5,-69.69474710526315,25.026315789473685,2,0.02938157894736838,0.03299999999999992
vehicle_002_session_00331,vehicle_002,331,train,124.83300990247423,24.4,328.3,329.54999999999995,330.9,332.4,-70.85132039473685,28.539473684210527,1,0.02526315789473687,0.028000000000000025
vehicle_002_session_00332,vehicle_002,332,train,124.76800763337744,20.0,327.1,328.5,329.9,331.1,-70.11067440000001,27.76,1,0.024653333333333353,0.028000000000000025
vehicle_002_session_00333,vehicle_002,333,train,125.78103880471382,45.2,334.6,336.20000000000005,338.0,340.5,-44.832000533333336,29.0,0,0.02874666666666663,0.03400000000000025
vehicle_002_session_00334,vehicle_002,334,train,126.37580389924089,33.2,329.4,330.3,331.6,332.7,-45.100010000000005,22.67105263157895,1,0.019184210526315828,0.02200000000000024
vehicle_002_session_00335,vehicle_002,335,train,125.61825454375749,23.2,328.2,329.4,330.8,332.4,-74.17763986842105,25.25,2,0.026078947368421063,0.028999999999999915
vehicle_002_session_00336,vehicle_002,336,train,126.2757008757149,43.2,333.5,334.95,337.75,341.8,-70.18534426666666,25.813333333333333,2,0.03498666666666666,0.04300000000000015
vehicle_002_session_00337,vehicle_002,337,train,125.74720746527778,33.6,329.9,330.7,332.1,333.5,-50.65467586666668,27.333333333333332,1,0.021693333333333367,0.02499999999999991
vehicle_002_session_00338,vehicle_002,338,train,127.60842985792559,10.4,322.2,323.70000000000005,326.6,328.6,-70.3626716,26.973333333333333,1,0.027853333333333296,0.029999999999999805
vehicle_002_session_00339,vehicle_002,339,train,127.24753733187136,59.6,346.1,348.0,351.4,355.2,-69.16534333333333,30.16,1,0.040066666666666674,0.04200000000000026
vehicle_002_session_00340,vehicle_002,340,train,127.446201295406,76.8,361.1,363.0,366.70000000000005,371.1,-70.26447802631579,26.960526315789473,1,0.0421315789473684,0.043999999999999595
vehicle_002_session_00341,vehicle_002,341,train,127.4505185679612,56.4,343.2,345.6,349.5,353.3,-69.94533000000001,21.413333333333334,1,0.04033333333333334,0.04300000000000015
vehicle_002_session_00342,vehicle_002,342,train,127.42859196428574,38.8,331.7,333.2,335.2,338.0,-70.62369144736842,25.736842105263158,1,0.030381578947368405,0.03400000000000025
vehicle_002_session_00343,vehicle_002,343,train,124.72697822627316,20.8,327.5,328.70000000000005,330.1,331.4,-70.30527526315788,27.0,2,0.024868421052631567,0.026000000000000245
vehicle_002_session_00344,vehicle_002,344,train,127.93241908524907,62.8,346.8,348.9,351.3,353.9,-44.79467666666667,30.0,0,0.03262666666666665,0.03400000000000025
vehicle_002_session_00345,vehicle_002,345,train,125.97195891373913,16.0,324.9,326.4,328.5,329.7,-65.39341934210525,26.276315789473685,1,0.025434210526315792,0.03000000000000025
vehicle_002_session_00346,vehicle_002,346,train,124.58796928661617,31.6,330.0,331.20000000000005,332.8,334.9,-70.02763434210527,27.092105263157894,2,0.0276447368421053,0.03100000000000014
vehicle_002_session_00347,vehicle_002,347,train,124.5729355448718,20.0,327.2,328.5,329.9375,331.3,-70.18001,24.346666666666668,1,0.023786666666666706,0.026000000000000245
vehicle_002_session_00348,vehicle_002,348,train,126.04095142441861,11.6,321.9,323.25,325.2,326.9,-45.10922052631579,23.0,0,0.02084210526315784,0.02200000000000024
vehicle_002_session_00349,vehicle_002,349,train,126.45315304608586,39.6,330.3,332.0,333.5,335.3,-44.88027315789474,25.736842105263158,1,0.02153947368421054,0.02400000000000002
vehicle_002_session_00350,vehicle_002,350,train,125.28131597941858,20.4,325.0,325.6,326.475,327.1,-26.116010000000006,25.053333333333335,1,0.012839999999999942,0.015000000000000124
vehicle_002_session_00351,vehicle_002,351,train,125.09955515164401,19.2,325.3,325.8,326.7,327.4,-30.325005657894735,27.0,0,0.014355263157894682,0.016999999999999904
vehicle_002_session_00352,vehicle_002,352,train,127.63131703397616,49.2,336.4,338.25,342.4,346.6,-69.86267106666666,31.746666666666666,1,0.039560000000000005,0.04300000000000015
vehicle_002_session_00353,vehicle_002,353,train,126.83362906746035,41.6,333.0,334.4,337.0,340.5,-70.00666733333334,27.14666666666667,2,0.03255999999999998,0.040000000000000036
vehicle_002_session_00354,vehicle_002,354,train,128.39064301963603,51.2,337.1,338.55,342.0,345.2,-50.54737315789474,29.973684210526315,1,0.03485526315789476,0.03799999999999981
vehicle_002_session_00355,vehicle_002,355,train,125.37970366753476,21.2,326.4,327.4,328.6,329.4,-46.27763539473684,26.93421052631579,1,0.017671052631578983,0.020000000000000018
vehicle_002_session_00356,vehicle_002,356,train,129.15751726364525,52.0,337.7,339.20000000000005,342.45,345.8,-49.922360657894735,30.0,0,0.035486842105263185,0.0389999999999997
vehicle_002_session_00357,vehicle_002,357,train,127.82453773098477,4.4,319.2,321.20000000000005,324.15,326.9,-70.11184934210526,27.0,0,0.029789473684210494,0.03300000000000036
vehicle_002_session_00358,vehicle_002,358,train,125.20563577770871,17.2,325.5,326.4,328.0,328.9,-50.16134,24.0,0,0.019746666666666676,0.02300000000000013
vehicle_002_session_00359,vehicle_002,359,train,128.4058364839672,38.0,329.1,331.20000000000005,332.6,334.1,-44.68553631578948,25.736842105263158,1,0.020486842105263157,0.02300000000000013
vehicle_002_session_00360,vehicle_002,360,train,127.14491333622686,2.0,318.6,320.5,323.75,326.4,-70.52237171052631,23.657894736842106,1,0.030960526315789424,0.03300000000000036
vehicle_002_session_00361,vehicle_002,361,train,125.1007832209233,29.2,330.0,331.4,333.2,334.9,-70.14134186666668,17.14666666666667,2,0.02573333333333334,0.028999999999999915
vehicle_002_session_00362,vehicle_002,362,train,128.98678797743057,48.0,336.0,337.9,342.15,346.8,-69.99474026315788,21.513157894736842,1,0.039092105263157886,0.04400000000000004
vehicle_002_session_00363,vehicle_002,363,train,128.28150197649575,45.6,334.1,335.75,338.9,343.5,-70.10134040000001,26.92,2,0.03650666666666666,0.04400000000000004
vehicle_002_session_00364,vehicle_002,364,train,128.699805174458,64.8,349.4,351.20000000000005,353.8375,356.8,-50.096009599999995,22.253333333333334,1,0.03309333333333336,0.03500000000000014
vehicle_002_session_00365,vehicle_002,365,train,126.53231628595603,18.8,326.4,327.7,329.5,330.7,-70.33158999999999,23.894736842105264,1,0.024815789473684235,0.028000000000000025
vehicle_002_session_00366,vehicle_002,366,train,127.14392619047618,38.8,330.3,331.65,333.2,334.9,-44.99601,21.76,1,0.021546666666666672,0.02400000000000002
vehicle_002_session_00367,vehicle_002,367,train,125.90798276195498,32.4,327.7,329.9,331.20000000000005,332.5,-44.68026934210526,19.38157894736842,1,0.018500000000000044,0.02100000000000035
vehicle_002_session_00368,vehicle_002,368,train,124.44832377586454,19.2,327.4,328.70000000000005,330.3,331.6,-70.28949263157894,19.81578947368421,1,0.024013157894736858,0.027000000000000135
vehicle_002_session_00369,vehicle_002,369,train,126.96342496279765,41.6,332.8,334.0,336.5,339.6,-64.90933493333334,23.76,1,0.03069333333333333,0.03699999999999992
vehicle_002_session_00370,vehicle_002,370,train,127.52866688397583,38.8,331.9,333.0,335.25,338.2,-70.15132552631579,28.013157894736842,2,0.0295657894736842,0.03299999999999992
vehicle_002_session_00371,vehicle_002,371,train,127.83185807959403,35.2,330.5,331.65,333.6,335.8,-70.46973381578947,27.18421052631579,2,0.02781578947368422,0.03100000000000014
vehicle_002_session_00372,vehicle_002,372,train,126.77946905030032,38.8,331.7,333.0,335.2,338.2,-70.93947500000002,31.67105263157895,1,0.030013157894736804,0.03399999999999981
vehicle_002_session_00373,vehicle_002,373,train,127.69743660765693,20.4,326.6,327.9,329.525,330.7,-69.9693348,29.36,1,0.024720000000000006,0.028000000000000025
vehicle_002_session_00374,vehicle_002,374,train,127.9407693072357,48.0,336.4,337.7,339.79999999999995,342.7,-44.04474552631579,26.276315789473685,1,0.03086842105263159,0.03500000000000014
vehicle_002_session_00375,vehicle_002,375,train,128.57153757978722,3.6,317.2,318.85,321.4,323.6,-50.692115526315796,30.0,0,0.025223684210526325,0.028000000000000025
vehicle_002_session_00376,vehicle_002,376,train,126.75394554343558,12.8,323.6,324.95,327.7,329.2,-70.13290368421053,29.394736842105264,1,0.02709210526315787,0.029999999999999805
vehicle_002_session_00377,vehicle_002,377,train,127.76519427437641,38.8,329.6,331.65,333.3,334.9,-44.652641578947375,25.039473684210527,1,0.02121052631578945,0.02499999999999991
vehicle_002_session_00378,vehicle_002,378,train,126.26383260942762,13.6,322.8,323.85,325.7,327.2,-45.100010000000005,27.0,0,0.0212894736842105,0.02400000000000002
vehicle_002_session_00379,vehicle_002,379,train,129.21789570462167,51.2,337.2,339.45000000000005,343.85,348.2,-70.2039544736842,28.657894736842106,1,0.039750000000000014,0.04400000000000004
vehicle_002_session_00380,vehicle_002,380,train,124.94196919642859,13.6,323.8,324.29999999999995,325.2,326.1,-26.070673733333336,29.0,0,0.014946666666666648,0.016999999999999904
vehicle_002_session_00381,vehicle_002,381,train,130.07896262731484,73.6,356.1,356.9,358.6,360.5,-30.02894934210526,29.0,0,0.027552631578947356,0.02900000000000036
vehicle_002_session_00382,vehicle_002,382,train,126.2812141385768,26.4,328.3,329.5,331.0,332.4,-70.0842175,31.44736842105263,1,0.02543421052631581,0.028000000000000025
vehicle_002_session_00383,vehicle_002,383,train,126.86633980955389,44.8,334.2,335.4,338.4,342.8,-70.0868505263158,31.092105263157894,2,0.03585526315789474,0.04300000000000015
vehicle_002_session_00384,vehicle_002,384,train,125.84303074494953,22.4,326.4,327.29999999999995,328.5,329.4,-46.85658921052633,31.0,0,0.018250000000000034,0.020999999999999908
vehicle_002_session_00385,vehicle_002,385,train,126.64577127296147,48.4,336.9,337.9,339.9,342.7,-45.1552697368421,33.86842105263158,1,0.0319078947368421,0.03600000000000003
vehicle_002_session_00386,vehicle_002,386,train,125.8226029610829,18.8,325.7,326.4,327.8,328.8,-46.238168947368436,32.0,0,0.02051315789473687,0.026000000000000245
vehicle_002_session_00387,vehicle_002,387,train,125.60410001240078,36.4,331.0,332.29999999999995,334.15,336.6,-69.99066573333333,32.2,2,0.029333333333333343,0.03200000000000003
vehicle_002_session_00388,vehicle_002,388,train,125.21695683569904,12.0,322.2,323.25,325.2,326.9,-46.219738026315795,31.276315789473685,1,0.021605263157894707,0.02400000000000002
vehicle_002_session_00389,vehicle_002,389,train,126.45002305333927,22.4,326.4,327.29999999999995,328.4,329.2,-46.81842868421054,32.0,0,0.018434210526315803,0.020999999999999908
vehicle_002_session_00390,vehicle_002,390,train,126.32012361308121,41.2,330.2,331.75,333.8,335.3,-37.46133290666666,25.533333333333335,1,0.02069333333333334,0.02400000000000002
vehicle_002_session_00391,vehicle_002,391,train,126.49852393349556,42.8,330.7,332.54999999999995,334.5,336.3,-37.88947321052631,22.61842105263158,1,0.021763157894736842,0.0259999999999998
vehicle_002_session_00392,vehicle_002,392,train,126.58083960262346,61.2,350.2,351.0,354.1,357.8,-70.02951114754099,25.983606557377048,1,0.03988524590163936,0.04100000000000037
vehicle_002_session_00393,vehicle_002,393,train,126.92654638671873,54.8,344.3,345.2,348.5,352.4,-70.04754475409837,25.0,0,0.03909836065573774,0.04100000000000037
vehicle_002_session_00394,vehicle_002,394,train,122.94154251126128,26.4,330.3,330.7,331.7,333.3,-70.07705475409837,22.40983606557377,1,0.025262295081967232,0.028000000000000025
vehicle_002_session_00395,vehicle_002,395,train,123.11849457465279,56.4,346.8,347.7,350.7,354.6,-70.01639459016393,26.295081967213115,1,0.038852459016393406,0.040000000000000036
vehicle_002_session_00396,vehicle_002,396,train,125.78860380576083,16.4,324.4,325.5,327.29999999999995,328.5,-50.20132565789474,28.0,0,0.0216052631578947,0.02499999999999991
vehicle_002_session_00397,vehicle_002,397,train,126.91866939484132,63.6,351.3,352.1,355.2,359.3,-70.1688624590164,29.459016393442624,1,0.03929508196721312,0.040999999999999925
vehicle_002_session_00398,vehicle_002,398,train,125.07201080246911,24.4,328.2,329.1,330.3,331.9,-69.95573327868853,35.08196721311475,2,0.024999999999999998,0.027000000000000135
vehicle_002_session_00399,vehicle_002,399,train,123.47944864004633,46.0,337.1,337.7,340.2,344.3,-69.95737278688524,37.721311475409834,1,0.036393442622950814,0.040999999999999925
vehicle_002_session_00400,vehicle_002,400,train,127.73044008838384,74.8,360.5,361.1,364.6,368.6,-69.99508147540983,39.0655737704918,1,0.0405573770491803,0.0420000000000007
vehicle_002_session_00401,vehicle_002,401,train,123.20482760642138,33.2,331.9,332.2,333.6,335.5,-69.34263016393443,33.77049180327869,1,0.02767213114754098,0.03000000000000025
vehicle_002_session_00402,vehicle_002,402,train,125.60594982078854,64.0,352.1,352.7,355.8,359.7,-69.37704606557378,36.0,0,0.03904918032786891,0.04100000000000037
vehicle_002_session_00403,vehicle_002,403,train,124.88407323717946,46.4,336.6,337.2,340.2,344.7,-70.37540721311476,29.475409836065573,1,0.03708196721311473,0.04100000000000037
vehicle_002_session_00404,vehicle_002,404,train,126.64756967592594,72.4,358.8,359.6,363.0,367.2,-70.47704688524591,31.18032786885246,1,0.040540983606557376,0.0420000000000007
vehicle_002_session_00405,vehicle_002,405,train,123.99746205007828,36.4,332.7,333.0,334.6,336.8,-70.05574180327869,34.59016393442623,1,0.029377049180327873,0.03299999999999992
vehicle_002_session_00406,vehicle_002,406,train,125.60991550925921,64.8,352.1,352.8,356.0,359.9,-70.06066016393443,37.0,0,0.03975409836065575,0.04200000000000026
vehicle_002_session_00407,vehicle_002,407,train,125.23888882902298,50.8,340.5,341.3,344.7,348.8,-69.72952114754096,30.83606557377049,1,0.039819672131147565,0.04200000000000026
vehicle_002_session_00408,vehicle_002,408,train,126.13627334770112,74.0,360.5,361.3,364.6,368.8,-69.74919524590163,32.63934426229508,1,0.04065573770491809,0.0420000000000007
vehicle_002_session_00409,vehicle_002,409,train,128.39381094348659,73.2,358.6,359.4,362.7,366.9,-69.94754278688525,37.0,0,0.04004918032786886,0.041999999999999815
vehicle_002_session_00410,vehicle_002,410,train,126.65938693957119,16.8,324.7,326.1,328.5,329.7,-69.31640721311477,36.78688524590164,1,0.027655737704918044,0.03200000000000003
vehicle_002_session_00411,vehicle_002,411,train,124.85832817192194,39.6,334.1,334.4,336.1,338.8,-69.29346131147543,39.14754098360656,1,0.030606557377049152,0.03400000000000025
vehicle_002_session_00412,vehicle_002,412,train,126.70364891353044,69.6,355.8,356.6,359.7,363.8,-69.32951934426231,41.377049180327866,1,0.04009836065573768,0.0420000000000007
vehicle_002_session_00413,vehicle_002,413,train,124.64060439213569,41.2,334.2,334.7,336.8,340.0,-70.51147655737705,39.83606557377049,2,0.03275409836065571,0.038000000000000256
vehicle_002_session_00414,vehicle_002,414,train,126.2441265491453,28.4,330.3,330.5,331.6,333.2,-69.92787016393443,37.59016393442623,1,0.026163934426229538,0.028000000000000025
vehicle_002_session_00415,vehicle_002,415,train,126.67209516059026,54.8,343.2,344.1,347.2,351.0,-69.89508327868855,40.81967213114754,1,0.03939344262295082,0.041999999999999815
vehicle_002_session_00416,vehicle_002,416,train,125.60256025641026,35.6,331.9,332.2,333.6,335.8,-70.00163950819672,41.31147540983606,1,0.028918032786885272,0.03200000000000003
vehicle_002_session_00417,vehicle_002,417,train,127.81201855022829,62.0,348.8,349.6,352.7,356.4,-69.9458962295082,43.0,0,0.04021311475409838,0.04200000000000026
vehicle_002_session_00418,vehicle_002,418,train,125.13768335769983,42.8,334.7,335.0,336.8,339.3,-59.68197147540984,36.47540983606557,1,0.029426229508196677,0.03400000000000025
vehicle_002_session_00419,vehicle_002,419,train,124.91444599454361,65.6,352.1,352.7,355.3,358.5,-56.66066196721312,38.0,0,0.03563934426229513,0.037000000000000366
vehicle_002_session_00420,vehicle_002,420,train,126.0129562633547,7.6,320.7,322.4,324.9,327.4,-69.90655786885246,38.0,0,0.028360655737704875,0.030999999999999694
vehicle_002_session_00421,vehicle_002,421,train,126.0619257330247,28.4,330.8,331.1,332.1,333.6,-69.90983754098362,38.868852459016395,1,0.026655737704918067,0.028999999999999915
vehicle_002_session_00422,vehicle_002,422,train,126.93288459967324,55.6,342.1,343.8,347.5,351.4,-70.1082055737705,39.85245901639344,1,0.04018032786885243,0.04300000000000015
vehicle_002_session_00423,vehicle_002,423,train,127.19724388888888,76.4,361.3,362.2,365.5,369.9,-70.0590218032787,40.67213114754098,1,0.04145901639344269,0.04300000000000015
vehicle_002_session_00424,vehicle_002,424,train,127.76196451184641,69.2,355.3,356.1,359.4,363.6,-70.0393481967213,38.59016393442623,1,0.04072131147540976,0.0420000000000007
vehicle_002_session_00425,vehicle_002,425,train,126.44870582561731,45.2,336.0,336.4,338.9,343.0,-70.12460016393443,37.67213114754098,1,0.036016393442622925,0.04200000000000026
vehicle_002_session_00426,vehicle_002,426,train,129.3929885656131,74.4,359.7,360.5,363.8,368.0,-70.10492688524592,39.67213114754098,1,0.041098360655737715,0.04300000000000015
vehicle_002_session_00427,vehicle_002,427,train,125.88799040032679,43.2,334.6,335.2,337.7,341.8,-71.18197803278689,31.934426229508198,2,0.03477049180327866,0.041999999999999815
vehicle_002_session_00428,vehicle_002,428,train,125.33771992607531,70.4,357.4,358.2,361.4,365.7,-71.30657278688524,34.0,0,0.041295081967213036,0.04300000000000015
vehicle_002_session_00429,vehicle_002,429,train,127.9436907310957,60.0,348.2,348.9,352.2,356.4,-74.26722409836063,34.0,0,0.04114754098360658,0.04300000000000015
vehicle_002_session_00430,vehicle_002,430,train,127.70606807832424,47.6,335.5,337.1,340.8,345.7,-74.2950895081967,36.80327868852459,1,0.039836065573770466,0.04400000000000004
vehicle_002_session_00431,vehicle_002,431,train,126.21254232804235,40.0,332.1,333.3,335.7,338.8,-69.81968295081967,31.21311475409836,2,0.031114754098360623,0.03600000000000003
vehicle_002_session_00432,vehicle_002,432,train,127.27175233494361,65.6,352.8,353.6,356.8,360.7,-69.83935049180329,33.622950819672134,1,0.04036065573770494,0.04200000000000026
vehicle_002_session_00433,vehicle_002,433,train,125.05464312704248,19.6,328.0,328.3,329.6,330.7,-69.99016622950819,35.21311475409836,1,0.02539344262295085,0.028999999999999915
vehicle_002_session_00434,vehicle_002,434,train,122.4822361043028,46.8,337.4,338.0,340.7,344.7,-69.93770770491804,38.59016393442623,1,0.03763934426229505,0.041999999999999815
vehicle_002_session_00435,vehicle_002,435,train,126.75000587121212,67.2,353.6,354.6,357.7,361.6,-69.90328213114755,40.0,0,0.0408852459016393,0.042999999999999705
vehicle_002_session_00436,vehicle_002,436,train,124.47867391748366,28.0,330.8,331.0,332.1,333.5,-69.64099360655739,33.26229508196721,1,0.026262295081967254,0.028999999999999915
vehicle_002_session_00437,vehicle_002,437,train,124.85981198515329,55.6,344.4,345.2,348.3,352.1,-69.64263295081969,36.704918032786885,1,0.03995081967213114,0.04100000000000037
vehicle_002_session_00438,vehicle_002,438,train,124.29429709507042,34.4,330.2,331.4,333.2,335.2,-69.45245426229509,34.09836065573771,1,0.02814754098360658,0.03100000000000014
vehicle_002_session_00439,vehicle_002,439,train,126.59090525042085,62.8,350.2,350.8,354.1,357.8,-69.44425672131148,37.0,0,0.04001639344262298,0.041999999999999815
vehicle_002_session_00440,vehicle_002,440,train,124.88553325737846,26.8,330.0,330.3,331.4,332.8,-71.0459062295082,37.16393442622951,1,0.02634426229508202,0.02900000000000036
vehicle_002_session_00441,vehicle_002,441,train,125.07189686032861,52.8,341.9,342.7,346.0,349.9,-71.02459262295082,40.21311475409836,1,0.04101639344262296,0.04300000000000015
vehicle_002_session_00442,vehicle_002,442,train,124.04558805199427,16.8,327.8,328.2,329.2,330.3,-70.02623213114754,36.0,0,0.025459016393442658,0.028000000000000025
vehicle_002_session_00443,vehicle_002,443,train,124.87027522183642,48.0,338.3,338.9,341.8,345.8,-69.99344327868853,39.32786885245902,1,0.03855737704918037,0.04200000000000026
vehicle_002_session_00444,vehicle_002,444,train,128.09496834935896,76.8,362.2,362.8,366.3,370.5,-69.97705295081967,41.0,0,0.042590163934426224,0.04400000000000048
vehicle_002_session_00445,vehicle_002,445,train,125.58412970430109,44.0,335.5,336.0,338.3,342.1,-70.0803344262295,37.540983606557376,1,0.03567213114754099,0.04100000000000037
vehicle_002_session_00446,vehicle_002,446,train,127.250757936508,69.2,355.5,356.3,359.4,363.5,-70.08689327868852,39.0,0,0.0411803278688524,0.04300000000000015
vehicle_002_session_00447,vehicle_002,447,train,124.41693348665224,32.0,331.3,331.6,332.8,334.7,-71.4458962295082,36.73770491803279,1,0.028327868852459012,0.03100000000000014
vehicle_002_session_00448,vehicle_002,448,train,125.59077936070263,63.2,350.3,351.1,354.4,358.3,-71.44097770491803,40.0,0,0.04098360655737708,0.04300000000000015
vehicle_002_session_00449,vehicle_002,449,train,125.03585285746814,41.6,332.7,333.9,336.3,339.7,-69.9458962295082,33.65573770491803,1,0.03237704918032787,0.038000000000000256
vehicle_002_session_00450,vehicle_002,450,train,124.85362098311543,66.0,353.2,353.8,357.1,361.0,-69.98852344262295,36.0,0,0.04059016393442621,0.04200000000000026
vehicle_002_session_00451,vehicle_002,451,train,122.24615181992338,29.2,331.3,331.4,332.5,334.1,-70.90326901639344,36.0,2,0.027426229508196728,0.03000000000000025
vehicle_002_session_00452,vehicle_002,452,train,125.60961855158732,64.0,351.8,352.5,355.7,359.6,-70.92622213114754,39.77049180327869,1,0.04129508196721312,0.04300000000000015
vehicle_002_session_00453,vehicle_002,453,train,126.56679899162866,54.4,342.8,343.8,347.2,351.3,-69.64755098360656,36.0,0,0.04116393442622949,0.04499999999999993
vehicle_002_session_00454,vehicle_002,454,train,122.34515395833334,40.4,333.0,333.2,334.4,336.0,-46.042625409836056,33.31147540983606,1,0.023262295081967234,0.0259999999999998
vehicle_002_session_00455,vehicle_002,455,train,124.30966802832243,56.0,343.3,343.9,346.0,348.6,-45.18361655737705,38.0,0,0.0328360655737705,0.03500000000000014
vehicle_002_session_00456,vehicle_002,456,train,124.95817143574297,52.8,341.9,343.0,346.6,350.8,-73.94918163934425,34.967213114754095,1,0.041721311475409834,0.04400000000000004
vehicle_002_session_00457,vehicle_002,457,train,126.85356985294122,61.6,349.4,350.2,353.5,357.2,-70.11148524590165,35.0,0,0.04039344262295088,0.042999999999999705
vehicle_002_session_00458,vehicle_002,458,train,125.91786419025162,17.6,325.5,326.7,328.9,330.2,-70.1737824590164,36.9344262295082,1,0.02800000000000001,0.03399999999999981
vehicle_002_session_00459,vehicle_002,459,train,121.74284509408602,38.8,333.9,334.2,336.0,338.6,-70.13279524590165,39.26229508196721,1,0.03109836065573768,0.03400000000000025
vehicle_002_session_00460,vehicle_002,460,train,125.25550570066333,63.6,351.1,351.8,354.9,358.8,-70.09836721311477,41.50819672131148,1,0.04060655737704921,0.04200000000000026
vehicle_002_session_00461,vehicle_002,461,train,125.37300999579125,63.6,350.7,351.4,354.7,358.6,-70.06066180327869,37.0,0,0.04024590163934433,0.04200000000000026
vehicle_002_session_00462,vehicle_002,462,train,125.46382861733005,38.0,332.4,333.0,334.7,337.5,-70.00819868852459,32.52459016393443,1,0.030409836065573785,0.03500000000000014
vehicle_002_session_00463,vehicle_002,463,train,126.58840360169496,65.2,352.5,353.3,356.4,360.3,-69.88525032786886,35.0,0,0.0407213114754098,0.04300000000000015
vehicle_002_session_00464,vehicle_002,464,train,124.21507586279463,12.4,325.2,326.0,328.0,329.4,-69.87213409836065,33.0,0,0.027196721311475415,0.03100000000000014
vehicle_002_session_00465,vehicle_002,465,train,122.6473322916667,38.8,334.4,334.7,336.4,339.1,-69.83443278688526,35.65573770491803,1,0.03136065573770487,0.03600000000000003
vehicle_002_session_00466,vehicle_002,466,train,125.86079049059144,66.8,354.3,355.2,358.3,362.2,-69.84263081967214,38.0,0,0.040967213114754084,0.04300000000000015
vehicle_002_session_00467,vehicle_002,467,train,125.11980717592591,73.6,359.3,360.0,363.3,367.7,-70.03606918032787,37.0,0,0.041393442622950805,0.04300000000000015
vehicle_002_session_00468,vehicle_002,468,train,126.06499956597224,64.0,351.6,352.4,355.5,359.4,-69.98360721311475,37.0,0,0.040836065573770494,0.04300000000000015
vehicle_002_session_00469,vehicle_002,469,train,122.41645713975693,32.8,329.9,330.3,331.7,333.3,-55.01803459016394,34.0,0,0.02303278688524597,0.026000000000000245
vehicle_002_session_00470,vehicle_002,470,train,121.28909678819447,45.6,336.6,336.9,338.8,341.9,-55.27050819672132,35.59016393442623,1,0.03226229508196721,0.038000000000000256
vehicle_002_session_00471,vehicle_002,471,train,125.497720090156,68.0,354.3,354.9,357.4,360.5,-55.236079180327884,37.0,0,0.03683606557377049,0.039000000000000146
vehicle_002_session_00472,vehicle_002,472,train,123.05358859126986,29.6,331.3,331.6,332.7,334.4,-71.70000999999998,36.24590163934426,1,0.028409836065573794,0.03100000000000014
vehicle_002_session_00473,vehicle_002,473,train,124.25927581908834,57.6,346.9,347.7,350.8,354.7,-71.69509229508195,39.08196721311475,1,0.04152459016393442,0.04300000000000015
vehicle_002_session_00474,vehicle_002,474,train,124.61868614969136,32.8,330.5,330.8,331.7,332.8,-49.96065180327869,36.0,0,0.02121311475409837,0.02400000000000002
vehicle_002_session_00475,vehicle_002,475,train,124.12096472953218,54.8,342.5,343.0,345.5,348.3,-49.93441967213114,38.0,0,0.035606557377049174,0.038000000000000256
vehicle_002_session_00476,vehicle_002,476,train,126.18367361111113,58.4,346.4,347.4,350.5,354.4,-70.65082967213115,38.0,0,0.04129508196721312,0.04300000000000015
vehicle_002_session_00477,vehicle_002,477,train,123.67911868248456,35.6,332.4,332.7,334.1,336.4,-70.08853114754098,37.60655737704918,1,0.02970491803278686,0.03299999999999992
vehicle_002_session_00478,vehicle_002,478,train,124.00940216503274,64.4,351.6,352.4,355.5,359.4,-70.06229967213116,40.0,0,0.04137704918032786,0.04300000000000015
vehicle_002_session_00479,vehicle_002,479,train,124.93205054563494,25.2,328.6,329.2,330.5,331.9,-69.98853032786884,34.22950819672131,1,0.025573770491803295,0.028000000000000025
vehicle_002_session_00480,vehicle_002,480,train,124.28797722222225,53.2,341.9,342.8,346.1,350.2,-69.92295852459016,37.42622950819672,1,0.04175409836065571,0.04300000000000015
vehicle_002_session_00481,vehicle_002,481,train,126.47328229166675,66.4,353.0,353.9,357.2,361.3,-70.0950881967213,29.0,0,0.040868852459016405,0.042999999999999705
vehicle_002_session_00482,vehicle_002,482,train,124.15579025025407,15.2,324.1,325.25,327.45,328.9,-60.10790197368421,36.8421052631579,1,0.026276315789473693,0.028999999999999915
vehicle_002_session_00483,vehicle_002,483,train,122.87888194444446,48.4,338.3,338.9,342.1,346.3,-70.3622963934426,38.01639344262295,2,0.04100000000000004,0.04400000000000004
vehicle_002_session_00484,vehicle_002,484,train,127.04419943181819,75.6,361.0,361.9,365.2,369.6,-70.37868491803277,39.704918032786885,1,0.043934426229508175,0.04600000000000026
vehicle_002_session_00485,vehicle_002,485,train,125.16412843055555,42.4,332.1,335.25,337.1,339.7,-59.10789552631578,41.078947368421055,1,0.030986842105263118,0.03600000000000003
vehicle_002_session_00486,vehicle_002,486,train,126.3438127591211,54.8,343.0,343.9,347.1,351.1,-70.04754573770491,42.622950819672134,1,0.042836065573770524,0.04500000000000037
vehicle_002_session_00487,vehicle_002,487,train,125.75112658292481,52.8,340.7,341.4,345.3,349.4,-69.96557491803279,40.75409836065574,1,0.043081967213114726,0.04600000000000026
vehicle_002_session_00488,vehicle_002,488,train,124.27532455357144,34.8,331.9,332.2,333.6,335.8,-70.77706295081965,38.65573770491803,1,0.029983606557377068,0.03300000000000036
vehicle_002_session_00489,vehicle_002,489,train,125.50528663793105,63.2,350.3,351.1,354.3,358.3,-70.80165426229507,41.0655737704918,1,0.042344262295082,0.04400000000000004
vehicle_002_session_00490,vehicle_002,490,train,125.22571216475096,60.8,348.3,349.1,352.2,356.3,-70.65410836065571,43.31147540983606,1,0.042426229508196744,0.04400000000000004
vehicle_002_session_00491,vehicle_002,491,train,123.0974638409962,23.6,328.0,328.9,330.2,331.7,-69.9508218032787,38.950819672131146,1,0.02588524590163937,0.028000000000000025
vehicle_002_session_00492,vehicle_002,492,train,121.99887894144145,46.8,337.5,338.2,340.8,345.0,-69.92787016393443,40.90163934426229,1,0.040295081967213105,0.04499999999999993
vehicle_002_session_00493,vehicle_002,493,train,126.22577823637327,76.4,361.8,362.7,366.0,370.2,-69.86885672131147,42.0,0,0.04440983606557376,0.04600000000000026
vehicle_002_session_00494,vehicle_002,494,train,125.5832306372549,42.0,332.4,333.5,335.5,338.3,-59.572375657894725,39.0,0,0.030144736842105245,0.0349999999999997
vehicle_002_session_00495,vehicle_002,495,train,124.05115048466436,31.6,329.2,330.3,331.7,333.5,-60.037336666666654,33.81333333333333,1,0.024573333333333374,0.027000000000000135
vehicle_002_session_00496,vehicle_002,496,train,125.9071283482143,15.6,324.6,325.8,328.3,329.7,-70.40328114754098,32.90163934426229,1,0.028672131147540993,0.03299999999999992
vehicle_002_session_00497,vehicle_002,497,train,122.58384672619046,38.4,333.8,334.1,335.8,338.3,-70.60001000000001,35.278688524590166,1,0.03178688524590162,0.03500000000000014
vehicle_002_session_00498,vehicle_002,498,train,124.75192237903231,66.4,353.5,354.3,357.4,361.4,-70.67705918032786,38.0,0,0.0427868852459017,0.04400000000000048
vehicle_002_session_00499,vehicle_002,499,train,126.11718530701755,21.6,329.1,329.4,330.3,331.6,-70.89998999999999,35.0,0,0.02618032786885245,0.028000000000000025
vehicle_002_session_00500,vehicle_002,500,train,123.10090216173838,44.8,336.9,337.4,339.9,343.9,-70.90326901639344,37.47540983606557,1,0.03868852459016393,0.04400000000000004
vehicle_002_session_00501,vehicle_002,501,train,125.80853273809522,70.0,356.8,357.5,360.8,364.9,-70.9458962295082,39.0,0,0.043770491803278674,0.04600000000000026
vehicle_002_session_00502,vehicle_002,502,train,124.48535711567732,57.2,345.8,346.8,349.9,353.6,-69.99180655737705,36.049180327868854,1,0.042377049180327864,0.04400000000000004
vehicle_002_session_00503,vehicle_002,503,train,124.98943763640874,19.2,325.8,327.1,328.6,329.7,-59.93947671052632,35.13157894736842,1,0.024723684210526328,0.03100000000000014
vehicle_002_session_00504,vehicle_002,504,train,123.26244449926904,30.4,331.6,331.7,333.0,334.7,-73.81804229508197,35.52459016393443,1,0.0297049180327869,0.03299999999999992
vehicle_002_session_00505,vehicle_002,505,train,123.16067499048707,40.8,334.4,334.7,336.8,339.9,-69.98524426229508,36.442622950819676,1,0.03408196721311476,0.039000000000000146
vehicle_002_session_00506,vehicle_002,506,train,122.87237751279241,31.6,331.4,331.6,332.8,334.7,-69.33443590163937,37.50819672131148,1,0.028508196721311503,0.03100000000000014
vehicle_002_session_00507,vehicle_002,507,train,124.66078005464483,62.0,350.0,350.8,353.8,357.7,-69.30002,40.0,0,0.042409836065573775,0.04400000000000004
vehicle_002_session_00508,vehicle_002,508,train,125.1282554323477,62.8,348.9,349.7,352.2,355.3,-55.03442967213115,35.0,0,0.03768852459016395,0.039000000000000146
vehicle_002_session_00509,vehicle_002,509,train,124.76903777356904,62.4,349.7,350.5,353.8,357.8,-70.42950114754098,38.32786885245902,1,0.04254098360655737,0.04400000000000004
vehicle_002_session_00510,vehicle_002,510,train,125.68273767605635,50.0,339.9,340.5,344.1,348.3,-71.76067180327868,37.442622950819676,1,0.04362295081967214,0.04600000000000026
vehicle_002_session_00511,vehicle_002,511,train,123.93082612683438,34.4,330.3,331.3,333.2,335.2,-70.10656459016393,36.80327868852459,1,0.029475409836065634,0.03300000000000036
vehicle_002_session_00512,vehicle_002,512,train,125.31087912326392,55.6,343.9,344.9,348.0,351.9,-70.03770983606557,39.0,0,0.043426229508196704,0.04500000000000037
vehicle_002_session_00513,vehicle_002,513,train,108.12825517557651,58.8,346.8,347.8,350.2,353.0,-51.904908524590155,40.91803278688525,1,0.037655737704918,0.040000000000000036
vehicle_002_session_00514,vehicle_002,514,train,125.50063907828282,48.8,336.1,337.7,341.4,346.1,-70.00164180327869,40.24590163934426,1,0.04259016393442626,0.04700000000000015
vehicle_002_session_00515,vehicle_002,515,train,125.85938423859132,71.2,357.1,357.8,361.1,365.2,-69.98688770491805,41.60655737704918,1,0.04418032786885246,0.04600000000000026
vehicle_002_session_00516,vehicle_002,516,train,125.8135038780664,48.4,337.8,338.5,341.4,345.8,-70.12623786885247,40.295081967213115,1,0.04188524590163935,0.04599999999999982
vehicle_002_session_00517,vehicle_002,517,train,124.14602669857356,34.4,332.1,332.5,333.8,335.8,-70.00492131147541,39.78688524590164,1,0.030524590163934412,0.03399999999999981
vehicle_002_session_00518,vehicle_002,518,train,124.59073850182155,64.4,351.6,352.4,355.5,359.4,-70.01311836065574,42.557377049180324,1,0.04373770491803287,0.04500000000000037
vehicle_002_session_00519,vehicle_002,519,train,126.87500389863546,45.6,334.4,335.5,338.5,342.8,-69.91311459016393,39.68852459016394,1,0.039131147540983575,0.04800000000000004
vehicle_002_session_00520,vehicle_002,520,train,127.84149545717598,68.8,354.9,355.8,358.9,363.0,-69.86885491803278,41.0,0,0.044278688524590167,0.04600000000000026
vehicle_002_session_00521,vehicle_002,521,train,126.25401161858976,39.2,331.7,332.8,334.9,337.5,-70.03606786885246,40.24590163934426,1,0.032557377049180346,0.03699999999999992
vehicle_002_session_00522,vehicle_002,522,train,125.74533471024908,60.4,348.0,348.8,351.9,355.8,-70.02459229508197,42.0,0,0.043803278688524565,0.04599999999999982
vehicle_002_session_00523,vehicle_002,523,train,123.26389447463768,30.4,331.3,331.6,332.7,334.4,-69.98852721311476,38.78688524590164,1,0.028852459016393453,0.03100000000000014
vehicle_002_session_00524,vehicle_002,524,train,123.49214998861565,58.0,346.8,347.5,350.7,354.4,-70.00000426229508,41.98360655737705,1,0.04363934426229506,0.04499999999999993
vehicle_002_session_00525,vehicle_002,525,train,125.79412275985665,12.0,323.3,324.9,327.7,329.6,-75.3360681967213,33.91803278688525,1,0.030836065573770458,0.03400000000000025
vehicle_002_session_00526,vehicle_002,526,train,122.67740234969557,37.2,333.9,334.4,336.1,338.9,-75.40490852459014,36.557377049180324,1,0.0340983606557377,0.038000000000000256
vehicle_002_session_00527,vehicle_002,527,train,122.79589402173916,66.4,354.6,355.3,358.8,363.2,-75.5,39.39344262295082,1,0.04586885245901642,0.0470000000000006
vehicle_002_session_00528,vehicle_002,528,train,125.14498452729048,27.6,330.2,330.5,331.6,333.0,-69.88196918032787,35.68852459016394,1,0.026967213114754144,0.029999999999999805
vehicle_002_session_00529,vehicle_002,529,train,123.25281081211423,50.8,340.2,341.0,344.4,348.5,-69.84590655737705,38.52459016393443,1,0.04377049180327869,0.04600000000000026
vehicle_002_session_00530,vehicle_002,530,train,126.06991902777779,54.0,341.8,342.8,346.8,350.8,-69.79181327868851,37.26229508196721,1,0.04532786885245898,0.04800000000000004
vehicle_002_session_00531,vehicle_002,531,train,125.75149826388885,46.4,334.2,336.3,339.6,344.3,-69.90164426229508,33.114754098360656,2,0.040311475409836074,0.04700000000000015
vehicle_002_session_00532,vehicle_002,532,train,123.33205253343625,74.4,360.7,361.4,364.7,369.1,-70.06558032786884,35.0,0,0.045344262295082066,0.0470000000000006
vehicle_002_session_00533,vehicle_002,533,train,124.45691227213541,33.6,330.2,331.1,332.8,334.9,-69.95081475409836,34.39344262295082,1,0.029393442622950842,0.03200000000000003
vehicle_002_session_00534,vehicle_002,534,train,123.83578133169937,59.2,347.7,348.3,351.6,355.3,-69.9229431147541,37.0,0,0.04368852459016395,0.04499999999999993
vehicle_002_session_00535,vehicle_002,535,train,125.81898921296296,50.0,338.9,339.7,343.3,347.5,-70.05246426229508,36.21311475409836,1,0.043901639344262285,0.04700000000000015
vehicle_002_session_00536,vehicle_002,536,train,122.88766034411279,38.0,332.8,333.3,335.0,337.7,-70.22787918032789,32.75409836065574,1,0.03191803278688526,0.03500000000000014
vehicle_002_session_00537,vehicle_002,537,train,125.96518185763885,64.8,352.2,353.0,356.1,360.0,-70.11804065573772,35.704918032786885,1,0.04360655737704923,0.04500000000000037
vehicle_002_session_00538,vehicle_002,538,train,123.2999282625786,30.0,330.5,330.8,331.6,332.7,-55.03279016393442,40.24590163934426,1,0.023344262295081988,0.0259999999999998
vehicle_002_session_00539,vehicle_002,539,train,127.61409449404759,64.8,351.8,352.4,354.9,357.8,-55.03934819672131,43.0,0,0.03926229508196725,0.04100000000000037
vehicle_002_session_00540,vehicle_002,540,train,124.39871727430557,29.2,328.9,329.95,331.5,333.2,-69.92368394736842,35.71052631578947,1,0.026894736842105287,0.03000000000000025
vehicle_002_session_00541,vehicle_002,541,train,127.01413279166665,69.2,354.3,356.05,359.65,363.8,-69.89342065789474,37.30263157894737,1,0.04193421052631579,0.04400000000000048
vehicle_002_session_00542,vehicle_002,542,train,125.82361930555551,46.4,336.6,337.2,339.9,344.3,-70.05246426229508,40.278688524590166,1,0.03877049180327869,0.04400000000000004
vehicle_002_session_00543,vehicle_002,543,train,127.82119798344021,76.8,362.1,362.8,366.3,370.5,-70.04098754098361,42.14754098360656,1,0.043508196721311516,0.04499999999999993
vehicle_002_session_00544,vehicle_002,544,train,123.49901347054886,18.0,327.7,328.2,329.4,330.7,-70.61476409836065,37.295081967213115,1,0.02667213114754101,0.029999999999999805
vehicle_002_session_00545,vehicle_002,545,train,123.3675907600309,51.2,341.0,341.8,345.2,349.3,-70.63443622950818,41.24590163934426,1,0.04221311475409835,0.04400000000000004
vehicle_002_session_00546,vehicle_002,546,train,125.03880984477127,28.8,329.6,330.0,331.4,333.0,-69.97049229508197,39.24590163934426,1,0.02711475409836066,0.03000000000000025
vehicle_002_session_00547,vehicle_002,547,train,125.18538859463274,56.4,344.7,345.5,348.8,352.7,-69.99016770491804,42.60655737704918,1,0.041786885245901614,0.04400000000000004
vehicle_002_session_00548,vehicle_002,548,train,125.86058979700853,52.4,340.8,341.6,345.2,349.3,-70.13115393442624,41.18032786885246,1,0.04275409836065574,0.04500000000000037
vehicle_002_session_00549,vehicle_002,549,train,125.38082910013306,30.8,328.6,330.3,331.9,333.6,-69.67237,37.11842105263158,1,0.02735526315789476,0.030999999999999694
vehicle_002_session_00550,vehicle_002,550,train,122.22123005952383,37.6,333.3,333.8,335.3,337.8,-69.99836049180328,41.98360655737705,2,0.03159016393442622,0.03500000000000014
vehicle_002_session_00551,vehicle_002,551,train,124.40094296296297,37.2,332.5,333.6,335.5,338.0,-69.60492688524587,41.967213114754095,2,0.031573770491803266,0.03500000000000014
vehicle_002_session_00552,vehicle_002,552,train,123.2782799329502,67.2,355.3,356.1,359.3,363.3,-69.30656737704918,44.19672131147541,1,0.042409836065573775,0.04400000000000048
vehicle_002_session_00553,vehicle_002,553,train,127.41535593323589,60.0,347.5,348.5,351.4,355.3,-69.2524742622951,43.0,0,0.04178688524590162,0.04400000000000004
vehicle_002_session_00554,vehicle_002,554,train,122.87592713365541,34.8,332.1,332.5,333.8,335.8,-70.70984704918033,43.78688524590164,1,0.030360655737704922,0.03300000000000036
vehicle_002_session_00555,vehicle_002,555,train,126.2505503205128,62.4,349.6,350.3,353.3,357.2,-69.22132360655738,47.0,0,0.042262295081967244,0.04300000000000015
vehicle_002_session_00556,vehicle_002,556,train,124.8931648504274,10.4,321.9,323.3,326.05,328.3,-70.0000017105263,41.0,0,0.02949999999999998,0.03100000000000014
vehicle_002_session_00557,vehicle_002,557,train,119.85404343086195,31.2,330.5,331.6,332.9,334.7,-70.03684565789473,39.578947368421055,1,0.02875000000000001,0.03100000000000014
vehicle_002_session_00558,vehicle_002,558,train,123.40392258652098,38.4,333.6,334.1,335.7,338.3,-69.93442934426227,38.22950819672131,1,0.03199999999999997,0.03699999999999992
vehicle_002_session_00559,vehicle_002,559,train,123.69605229700855,62.8,350.8,351.6,354.7,358.6,-69.92787196721312,40.91803278688525,1,0.04203278688524589,0.04400000000000004
vehicle_002_session_00560,vehicle_002,560,train,124.06634850823045,10.4,321.9,323.3,326.1,328.5,-70.93278213114755,38.0,0,0.029737704918032758,0.03200000000000003
vehicle_002_session_00561,vehicle_002,561,train,124.74517277105736,32.0,331.7,332.1,333.3,335.0,-70.9540937704918,39.18032786885246,1,0.02942622950819675,0.03200000000000003
vehicle_002_session_00562,vehicle_002,562,train,124.01677552083332,56.8,345.8,346.8,349.9,353.8,-70.9458962295082,42.0,0,0.042852459016393445,0.04499999999999993
vehicle_002_session_00563,vehicle_002,563,train,126.84470446987481,66.0,352.4,353.2,356.3,360.5,-70.5918124590164,40.0,0,0.042721311475409834,0.04400000000000004
vehicle_002_session_00564,vehicle_002,564,train,124.92242803030298,37.6,332.4,332.8,334.7,337.4,-71.3622931147541,38.36065573770492,1,0.03180327868852458,0.03599999999999959
vehicle_002_session_00565,vehicle_002,565,train,125.6494804758652,68.8,355.3,356.3,359.6,363.6,-71.47704688524591,41.0,0,0.0438852459016393,0.04600000000000026
vehicle_002_session_00566,vehicle_002,566,train,125.07944817971376,46.0,336.4,336.9,339.7,344.3,-72.0311506557377,39.36065573770492,1,0.039836065573770486,0.04600000000000026
vehicle_002_session_00567,vehicle_002,567,train,124.94409575094164,72.4,358.8,359.6,363.0,367.4,-72.06394049180328,41.78688524590164,1,0.04421311475409839,0.04500000000000082
vehicle_002_session_00568,vehicle_002,568,train,123.68006641865078,22.8,329.2,329.6,330.5,331.7,-70.05574327868852,37.50819672131148,1,0.026278688524590168,0.028000000000000025
vehicle_002_session_00569,vehicle_002,569,train,123.21759953703705,50.8,340.5,341.3,344.7,348.6,-70.03606918032787,40.885245901639344,1,0.042770491803278715,0.04499999999999993
vehicle_002_session_00570,vehicle_002,570,train,125.07076077290766,11.6,324.1,324.7,327.1,328.9,-69.52787163934427,37.0,0,0.028918032786885213,0.03100000000000014
vehicle_002_session_00571,vehicle_002,571,train,122.27648654513888,42.4,335.7,336.1,338.3,341.6,-69.55574327868852,40.34426229508197,1,0.03563934426229502,0.041999999999999815
vehicle_002_session_00572,vehicle_002,572,train,126.41597763653486,68.4,355.2,356.0,359.1,363.2,-69.56066180327869,42.0,0,0.04344262295081967,0.04500000000000082
vehicle_002_session_00573,vehicle_002,573,train,123.74999142156862,36.8,333.0,333.9,335.7,338.2,-70.46393081967213,41.377049180327866,1,0.03216393442622948,0.03599999999999959
vehicle_002_session_00574,vehicle_002,574,train,124.06800848765432,64.0,352.8,353.6,356.8,360.8,-70.43442032786885,43.0,0,0.04354098360655736,0.04500000000000037
vehicle_002_session_00575,vehicle_002,575,train,123.70009391276042,34.8,329.9,331.7,333.6,336.0,-69.79508704918034,34.78688524590164,1,0.029475409836065582,0.03399999999999981
vehicle_002_session_00576,vehicle_002,576,train,123.03009664351849,60.4,348.9,349.7,352.7,356.6,-69.92951032786885,37.90163934426229,1,0.042508196721311474,0.04400000000000004
vehicle_002_session_00577,vehicle_002,577,train,125.73383582089552,48.0,335.8,337.5,341.3,346.0,-70.49344196721312,36.81967213114754,1,0.04159016393442626,0.04700000000000015
vehicle_002_session_00578,vehicle_002,578,train,127.24561212121215,75.2,361.3,362.1,365.5,369.9,-70.5885331147541,38.80327868852459,1,0.044639344262295086,0.0470000000000006
vehicle_002_session_00579,vehicle_002,579,train,124.87876773504276,28.0,329.9,330.2,331.3,332.8,-69.74591622950818,42.40983606557377,1,0.02737704918032789,0.029999999999999805
vehicle_002_session_00580,vehicle_002,580,train,123.3109322649573,54.0,342.4,343.2,346.6,350.3,-68.29346196721313,45.21311475409836,1,0.0433934426229508,0.04500000000000037
vehicle_002_session_00581,vehicle_002,581,train,126.04508572404372,14.8,323.6,325.2,327.8,329.6,-70.50819754098362,42.0,0,0.030032786885245886,0.03299999999999992
vehicle_002_session_00582,vehicle_002,582,train,123.0677426046176,39.6,334.2,334.6,336.3,338.9,-69.72295672131148,44.557377049180324,1,0.033131147540983584,0.03799999999999981
vehicle_002_session_00583,vehicle_002,583,train,124.95529320245734,58.0,346.0,346.8,349.9,353.8,-69.3082142622951,40.85245901639344,1,0.04327868852459013,0.04499999999999993
vehicle_002_session_00584,vehicle_002,584,train,124.17562584175084,52.4,341.3,342.1,345.7,349.9,-71.07541737704918,42.39344262295082,1,0.04418032786885247,0.04600000000000026
vehicle_002_session_00585,vehicle_002,585,train,125.85490283764368,64.8,351.8,352.5,355.7,359.7,-70.60820672131148,44.0,0,0.04377049180327873,0.04599999999999982
vehicle_002_session_00586,vehicle_002,586,train,127.31289981995887,72.4,357.5,358.5,361.8,366.0,-70.04426672131147,42.0,0,0.043885245901639315,0.04600000000000026
vehicle_002_session_00587,vehicle_002,587,train,124.246521875,56.8,344.9,345.8,349.1,353.0,-69.94917524590164,42.0,0,0.04370491803278685,0.04500000000000037
vehicle_002_session_00588,vehicle_002,588,train,123.59907248263887,35.6,330.7,331.7,333.6,336.0,-71.18197737704917,41.9344262295082,1,0.030967213114754123,0.03500000000000014
vehicle_002_session_00589,vehicle_002,589,train,124.09462080712792,64.4,351.6,352.4,355.5,359.6,-71.20164950819671,44.0,0,0.04421311475409834,0.04500000000000037
vehicle_002_session_00590,vehicle_002,590,train,126.74700748910675,14.8,324.1,325.3,327.8,329.6,-70.51639508196722,39.90163934426229,1,0.030196721311475383,0.03399999999999981
vehicle_002_session_00591,vehicle_002,591,train,123.41419453957384,35.6,332.8,333.2,334.7,336.9,-70.51311606557377,41.885245901639344,2,0.031442622950819676,0.03500000000000014
vehicle_002_session_00592,vehicle_002,592,train,124.52211275252529,65.2,352.7,353.5,356.4,360.5,-70.2737724590164,44.16393442622951,1,0.04393442622950825,0.04599999999999982
vehicle_002_session_00593,vehicle_002,593,train,125.28942186391843,47.6,335.3,336.85,340.25,344.9,-69.92133826666667,39.92,1,0.04114666666666666,0.04700000000000015
vehicle_002_session_00594,vehicle_002,594,train,125.41593721590912,51.2,337.8,339.75,344.20000000000005,348.3,-69.8693368,37.693333333333335,1,0.04434666666666669,0.04800000000000004
vehicle_002_session_00595,vehicle_002,595,train,125.33038105158731,47.2,336.6,337.4,340.2,344.6,-69.81149065573771,39.47540983606557,1,0.040639344262295075,0.04700000000000015
vehicle_002_session_00596,vehicle_002,596,train,125.41000767895304,75.2,360.8,361.6,364.9,369.1,-69.79345016393442,41.22950819672131,1,0.045114754098360695,0.0470000000000006
vehicle_002_session_00597,vehicle_002,597,train,125.45471270928462,42.0,334.2,334.9,337.4,341.6,-79.96720983606556,38.78688524590164,1,0.03867213114754097,0.04600000000000026
vehicle_002_session_00598,vehicle_002,598,train,125.70151641949148,71.6,358.0,358.9,362.5,367.4,-79.89999590163936,41.0,0,0.047852459016393456,0.051000000000000156
vehicle_002_session_00599,vehicle_002,599,train,125.59765024509804,52.4,340.3,341.4,345.3,349.6,-70.16886245901638,37.9344262295082,1,0.044704918032786894,0.04700000000000015
vehicle_002_session_00600,vehicle_002,600,train,124.46675081447192,18.0,325.5,326.7,328.9,330.2,-70.0491862295082,33.91803278688525,1,0.028737704918032812,0.0349999999999997
vehicle_002_session_00601,vehicle_002,601,train,125.29464174836602,64.0,351.6,352.4,355.5,359.6,-70.19345262295082,38.032786885245905,1,0.04337704918032787,0.04500000000000037
vehicle_002_session_00602,vehicle_002,602,train,125.388279229798,72.0,357.7,358.5,361.9,366.4,-70.2934606557377,34.0,0,0.04367213114754104,0.04600000000000026
vehicle_002_session_00603,vehicle_002,603,train,125.61477049180328,58.0,344.4,346.4,350.0,354.1,-69.81313016393443,34.950819672131146,1,0.043147540983606555,0.04600000000000026
vehicle_002_session_00604,vehicle_002,604,train,124.28948222429518,44.4,335.7,336.1,338.6,342.7,-70.92786163934426,34.83606557377049,2,0.03790163934426227,0.04599999999999982
vehicle_002_session_00605,vehicle_002,605,train,125.50844140625004,71.2,357.7,358.5,361.9,366.1,-70.99836049180328,37.0,0,0.044606557377049216,0.04600000000000026
vehicle_002_session_00606,vehicle_002,606,train,124.22619450644845,74.4,359.7,360.3,362.7,365.8,-51.899989999999995,35.0,0,0.0391967213114754,0.04100000000000037
vehicle_002_session_00607,vehicle_002,607,train,125.43179609094985,68.0,354.7,355.5,358.6,362.8,-69.97377196721311,35.0,0,0.042721311475409814,0.04499999999999993
vehicle_002_session_00608,vehicle_002,608,train,126.65131503739312,69.6,355.2,355.7,358.0,360.8,-50.011476557377044,36.0,0,0.036459016393442595,0.03799999999999981
vehicle_002_session_00609,vehicle_002,609,train,124.30555555555554,41.6,333.3,333.6,334.9,336.9,-50.0,38.0,0,0.026737704918032783,0.03000000000000025
vehicle_002_session_00610,vehicle_002,610,train,125.15432539682537,62.0,348.6,349.1,351.4,354.1,-50.001639508196725,39.0,0,0.0361311475409836,0.037000000000000366
vehicle_002_session_00611,vehicle_002,611,train,121.89973753805178,36.4,333.0,333.3,335.0,337.7,-70.03279016393444,31.868852459016395,2,0.03140983606557378,0.03500000000000014
vehicle_002_session_00612,vehicle_002,612,train,123.49450995024873,65.6,354.1,354.9,358.0,362.1,-70.04426672131146,35.0,0,0.042819672131147596,0.04400000000000004
vehicle_002_session_00613,vehicle_002,613,train,125.65834541666663,76.8,361.8,362.2,364.4,367.1,-45.080335901639344,33.0,0,0.036327868852459005,0.03700000000000081
vehicle_002_session_00614,vehicle_002,614,train,123.91956881313136,48.8,338.0,338.6,341.8,346.1,-70.08853327868852,39.80327868852459,1,0.04181967213114754,0.04600000000000026
vehicle_002_session_00615,vehicle_002,615,train,123.04550078282828,11.2,320.7,321.6,323.0,324.4,-32.52400546666667,38.0,0,0.018706666666666684,0.020000000000000018
vehicle_002_session_00616,vehicle_002,616,train,128.08617289839185,74.8,357.7,358.3,359.7,361.3,-25.937327066666665,39.0,0,0.02898666666666663,0.03100000000000014
vehicle_002_session_00617,vehicle_002,617,train,124.13413960537922,55.6,343.9,344.7,348.2,352.1,-69.94917524590164,40.18032786885246,1,0.042672131147540954,0.04400000000000004
vehicle_002_session_00618,vehicle_002,618,train,124.74540354938277,46.8,336.4,337.1,339.7,344.1,-70.28034590163934,41.19672131147541,1,0.0397704918032787,0.04700000000000015
vehicle_002_session_00619,vehicle_002,619,train,125.26730509696016,75.6,361.0,361.8,365.0,369.4,-70.30985311475409,43.0,0,0.044704918032786915,0.04600000000000026
vehicle_002_session_00620,vehicle_002,620,train,124.95984000563062,15.6,326.4,326.9,328.6,329.9,-70.07049688524592,39.75409836065574,0,0.027885245901639346,0.03100000000000014
vehicle_002_session_00621,vehicle_002,621,train,123.41648857821639,45.6,337.2,337.8,340.3,344.4,-69.98033049180329,42.59016393442623,1,0.03932786885245901,0.04500000000000037
vehicle_002_session_00622,vehicle_002,622,train,124.92223437500002,76.4,362.1,362.8,366.3,369.4,-67.84590442622951,44.131147540983605,1,0.04429508196721317,0.04699999999999971
vehicle_002_session_00623,vehicle_002,623,train,123.59179927039386,41.2,334.2,334.6,336.4,339.4,-70.22952114754098,43.81967213114754,1,0.03424590163934423,0.040000000000000036
vehicle_002_session_00624,vehicle_002,624,train,125.03237547080974,72.8,358.3,359.1,362.4,366.4,-68.75575262295082,46.0,0,0.043967213114754045,0.04500000000000082
vehicle_002_session_00625,vehicle_002,625,train,124.8365617217433,31.2,329.6,330.5,331.9,333.9,-69.98688393442623,37.80327868852459,1,0.02800000000000001,0.030999999999999694
vehicle_002_session_00626,vehicle_002,626,train,122.59864699074078,54.4,343.0,343.9,347.2,351.3,-69.9540937704918,40.59016393442623,1,0.0434262295081967,0.04500000000000037
vehicle_002_session_00627,vehicle_002,627,train,123.39086313225539,27.2,329.7,330.0,331.1,332.5,-70.0081975409836,39.09836065573771,1,0.026557377049180337,0.02900000000000036
vehicle_002_session_00628,vehicle_002,628,train,124.77075587606836,54.0,342.4,343.2,346.6,350.7,-70.05246426229508,42.377049180327866,1,0.043950819672131144,0.04599999999999982
vehicle_002_session_00629,vehicle_002,629,train,125.6851699432708,55.2,343.9,344.9,348.3,352.4,-70.5918124590164,36.0,0,0.04354098360655737,0.04600000000000026
vehicle_002_session_00630,vehicle_002,630,train,125.43615304082492,14.0,325.8,326.4,328.2,329.6,-69.71476557377049,34.0,0,0.027688524590163965,0.03100000000000014
vehicle_002_session_00631,vehicle_002,631,train,123.1592309538399,40.4,334.9,335.2,337.1,340.0,-69.72132360655736,36.49180327868852,1,0.03357377049180323,0.038000000000000256
vehicle_002_session_00632,vehicle_002,632,train,125.8136832175926,68.0,355.2,356.0,359.1,363.2,-69.72788163934426,39.0,0,0.04345901639344263,0.04499999999999993
vehicle_002_session_00633,vehicle_002,633,train,124.28242418981485,29.6,329.4,330.3,331.7,333.6,-70.59836885245902,33.52459016393443,1,0.027508196721311527,0.03000000000000025
vehicle_002_session_00634,vehicle_002,634,train,124.94358410493828,66.0,353.3,354.3,357.4,361.4,-70.68197721311475,37.0,0,0.04347540983606557,0.04500000000000037
vehicle_002_session_00635,vehicle_002,635,train,123.89759083017675,46.8,337.2,338.0,340.7,345.0,-70.71804459016393,35.57377049180328,1,0.04047540983606558,0.04600000000000026
vehicle_002_session_00636,vehicle_002,636,train,125.1655311342593,49.6,338.5,339.1,342.5,346.9,-70.2229631147541,36.77049180327869,1,0.042590163934426294,0.04600000000000026
vehicle_002_session_00637,vehicle_002,637,train,125.87842409844049,73.6,359.7,360.5,363.8,368.2,-70.24263721311476,38.0,0,0.04455737704918032,0.04600000000000026
vehicle_002_session_00638,vehicle_002,638,train,122.14533705357142,24.8,329.2,329.4,330.0,331.1,-50.0,34.50819672131148,1,0.019114754098360633,0.020999999999999908
vehicle_002_session_00639,vehicle_002,639,train,117.89307861635218,47.2,337.5,338.0,340.0,343.2,-49.98360491803278,37.0,0,0.031147540983606562,0.03600000000000003
vehicle_002_session_00640,vehicle_002,640,train,125.21205903729076,68.4,354.7,355.3,357.5,360.3,-49.993441967213116,38.0,0,0.03365573770491803,0.03500000000000014
vehicle_002_session_00641,vehicle_002,641,train,123.29121322115385,24.8,328.0,329.15,330.4,331.9,-69.92894815789475,36.921052631578945,1,0.025236842105263165,0.028000000000000025
vehicle_002_session_00642,vehicle_002,642,train,121.69181733091789,7.6,321.6,322.7,325.3,327.8,-69.90490983606557,36.9344262295082,1,0.028245901639344224,0.03000000000000025
vehicle_002_session_00643,vehicle_002,643,train,122.56531703154431,46.0,337.8,338.6,341.3,345.7,-69.90490983606557,40.032786885245905,2,0.0376393442622951,0.041999999999999815
vehicle_002_session_00644,vehicle_002,644,train,123.08861144713256,69.6,357.4,358.2,361.4,365.5,-69.85738049180328,41.75409836065574,1,0.04077049180327867,0.0420000000000007
vehicle_002_session_00645,vehicle_002,645,train,123.0470531315514,19.6,326.3,327.7,329.4,330.7,-70.08197540983606,35.34426229508197,1,0.025950819672131142,0.029999999999999805
vehicle_002_session_00646,vehicle_002,646,train,121.63803185763888,41.2,334.9,335.2,337.2,340.3,-70.07213836065574,37.77049180327869,1,0.032377049180327834,0.037000000000000366
vehicle_002_session_00647,vehicle_002,647,train,124.60156210154832,73.2,359.3,360.0,363.3,367.5,-70.06230098360656,40.0,0,0.04116393442622948,0.04300000000000015
vehicle_002_session_00648,vehicle_002,648,train,121.5428560398392,43.6,335.3,335.8,338.2,341.9,-70.02295311475409,39.34426229508197,1,0.03442622950819668,0.040999999999999925
vehicle_002_session_00649,vehicle_002,649,train,120.47278738584475,33.2,332.1,332.4,333.6,335.8,-69.96720983606556,33.83606557377049,1,0.0282786885245902,0.030999999999999694
vehicle_002_session_00650,vehicle_002,650,train,122.8612060185185,62.4,350.5,351.3,354.4,358.3,-69.9606518032787,37.0,0,0.03998360655737711,0.04100000000000037
vehicle_002_session_00651,vehicle_002,651,train,122.7762837244152,50.8,338.2,340.1,344.775,349.1,-69.9640016,31.946666666666665,1,0.040679999999999994,0.04300000000000015
vehicle_002_session_00652,vehicle_002,652,train,123.66140277777778,72.0,358.0,358.9,362.2,366.8,-70.60328737704918,34.0,0,0.04047540983606553,0.04300000000000015
vehicle_002_session_00653,vehicle_002,653,train,122.43823770009422,43.2,333.5,334.7,337.5,341.6,-70.2623113114754,32.80327868852459,1,0.03393442622950819,0.040999999999999925
vehicle_002_session_00654,vehicle_002,654,train,123.81090459401709,67.2,354.1,354.9,358.2,362.4,-70.33771360655739,35.0,0,0.0403606557377049,0.041999999999999815
vehicle_002_session_00655,vehicle_002,655,train,122.3083315258752,36.0,331.0,332.2,334.2,336.8,-70.61476393442624,36.21311475409836,1,0.029573770491803274,0.03299999999999992
vehicle_002_session_00656,vehicle_002,656,train,123.26292796361501,65.6,353.0,353.8,356.9,361.0,-70.69017393442623,39.0,0,0.040639344262295075,0.04200000000000026
vehicle_002_session_00657,vehicle_002,657,train,118.78611472222224,42.0,334.1,334.4,335.8,338.0,-50.03770868852459,33.98360655737705,0,0.025950819672131142,0.03000000000000025
vehicle_002_session_00658,vehicle_002,658,train,122.82150282921815,62.0,349.1,349.6,351.8,354.6,-50.0,35.885245901639344,1,0.03390163934426233,0.03600000000000003
vehicle_002_session_00659,vehicle_002,659,train,122.5101716796875,20.8,327.1,328.3,329.7,331.1,-70.03158157894737,39.13157894736842,1,0.02592105263157898,0.02900000000000036
vehicle_002_session_00660,vehicle_002,660,train,125.1203698460509,64.4,349.4,351.20000000000005,354.1,357.4,-60.072005066666655,35.0,0,0.035946666666666696,0.038000000000000256
vehicle_002_session_00661,vehicle_002,661,train,121.64632607253087,31.2,328.3,330.2,331.6,333.2,-59.56133573333334,40.0,0,0.024026666666666703,0.027000000000000135
vehicle_002_session_00662,vehicle_002,662,train,123.35013506807577,8.400001,321.0,322.45,324.7,327.1,-59.87600279999999,33.93333333333333,1,0.025173333333333308,0.028000000000000025
vehicle_002_session_00663,vehicle_002,663,train,120.12263812934027,30.4,329.6,330.5,332.1,333.9,-68.78198081967214,37.91803278688525,1,0.02678688524590166,0.03000000000000025
vehicle_002_session_00664,vehicle_002,664,train,122.89335650045537,56.0,344.6,345.5,348.8,352.5,-68.74755573770493,40.557377049180324,1,0.04014754098360654,0.04200000000000026
vehicle_002_session_00665,vehicle_002,665,train,121.18914790764792,30.0,329.4,330.3,331.9,333.9,-70.62951770491803,39.114754098360656,1,0.027311475409836108,0.03100000000000014
vehicle_002_session_00666,vehicle_002,666,train,122.55496361940304,60.8,348.9,349.7,353.0,356.9,-70.78854344262294,42.0,0,0.040803278688524625,0.04200000000000026
vehicle_002_session_00667,vehicle_002,667,train,123.23197524641571,69.6,355.8,356.8,360.0,364.3,-70.06066180327869,39.0,0,0.04062295081967213,0.04300000000000015
vehicle_002_session_00668,vehicle_002,668,train,123.34771590517245,39.6,331.6,332.7,334.65,337.1,-59.92500355263157,36.921052631578945,1,0.027723684210526334,0.03100000000000014
vehicle_002_session_00669,vehicle_002,669,train,122.68551350193478,17.2,324.4,325.5,327.2,328.3,-46.80393947368421,40.80263157894737,-1,0.023368421052631524,0.027000000000000135
vehicle_002_session_00670,vehicle_002,670,train,119.92023855251735,32.4,331.9,332.2,333.5,335.5,-69.9540937704918,38.442622950819676,1,0.02878688524590166,0.03100000000000014
vehicle_002_session_00671,vehicle_002,671,train,122.1223877797068,58.0,346.9,347.5,350.8,354.7,-69.96557032786886,41.278688524590166,1,0.04077049180327865,0.04300000000000015
vehicle_002_session_00672,vehicle_002,672,train,123.40661728009262,11.6,322.4,323.9,326.7,328.9,-69.84099065573771,41.0,0,0.029147540983606557,0.03100000000000014
vehicle_002_session_00673,vehicle_002,673,train,121.01695395738207,35.6,333.0,333.3,334.7,336.9,-69.79345868852458,42.557377049180324,1,0.030147540983606527,0.03299999999999992
vehicle_002_session_00674,vehicle_002,674,train,122.95082048611111,65.2,352.4,353.0,356.1,359.9,-67.04590622950819,45.0,0,0.04000000000000001,0.04200000000000026
vehicle_002_session_00675,vehicle_002,675,train,122.9509060597413,59.6,348.0,348.9,352.1,356.1,-69.95573327868853,36.0,0,0.040622950819672134,0.04200000000000026
vehicle_002_session_00676,vehicle_002,676,train,122.75610150049603,72.0,358.5,359.3,362.5,366.9,-71.24099770491803,43.295081967213115,1,0.0420655737704918,0.04499999999999993
vehicle_002_session_00677,vehicle_002,677,train,123.83311171139361,57.6,344.9,345.3,347.5,349.9,-43.862298524590166,37.57377049180328,1,0.033131147540983584,0.03500000000000014
vehicle_002_session_00678,vehicle_002,678,train,120.98455969982079,24.0,329.9,330.0,331.1,332.4,-70.59345196721311,37.21311475409836,1,0.026442622950819724,0.028000000000000025
vehicle_002_session_00679,vehicle_002,679,train,120.73877805190057,48.8,339.4,340.2,343.3,347.7,-70.63607557377048,40.26229508196721,1,0.04103278688524593,0.04400000000000004
vehicle_002_session_00680,vehicle_002,680,train,120.7305543676901,43.2,335.3,336.0,338.2,341.8,-70.6623050819672,38.52459016393443,1,0.035245901639344254,0.04200000000000026
vehicle_002_session_00681,vehicle_002,681,train,124.02961677631573,73.6,359.3,360.2,363.3,367.7,-70.68033786885245,40.73770491803279,1,0.04249180327868848,0.043999999999999595
vehicle_002_session_00682,vehicle_002,682,train,123.45435099206348,9.6,321.6,323.2,326.0,328.2,-69.91474622950821,38.0,0,0.028950819672131124,0.03000000000000025
vehicle_002_session_00683,vehicle_002,683,train,121.97559250356126,38.0,333.6,334.1,335.5,338.2,-69.91310672131146,40.14754098360656,1,0.0312622950819672,0.03400000000000025
vehicle_002_session_00684,vehicle_002,684,train,122.60185225694447,69.2,355.8,356.6,359.7,363.9,-69.89999327868853,43.0,0,0.041770491803278686,0.04400000000000048
vehicle_002_session_00685,vehicle_002,685,train,122.66254740547842,24.8,329.6,329.7,330.8,332.1,-70.20984704918033,41.557377049180324,1,0.026540983606557454,0.02900000000000036
vehicle_002_session_00686,vehicle_002,686,train,123.03915692515432,54.0,342.4,343.2,346.4,350.3,-67.53606491803279,44.98360655737705,1,0.04108196721311475,0.04300000000000015
vehicle_002_session_00687,vehicle_002,687,train,104.09937051282051,47.2,338.9,339.6,343.2,347.7,-70.13607491803279,34.26229508196721,1,0.0410819672131148,0.04400000000000004
vehicle_002_session_00688,vehicle_002,688,train,122.85457460016839,49.2,337.7,338.5,342.4,346.9,-69.92294311475409,38.26229508196721,1,0.040590163934426216,0.04400000000000004
vehicle_002_session_00689,vehicle_002,689,train,123.02352045940175,55.6,344.3,345.2,348.8,352.7,-70.59181131147541,35.885245901639344,1,0.04188524590163932,0.04400000000000004
vehicle_002_session_00690,vehicle_002,690,train,120.468797337963,38.4,332.4,332.7,333.8,335.5,-49.801658852459035,42.80327868852459,1,0.024377049180327855,0.026000000000000245
vehicle_002_session_00691,vehicle_002,691,train,121.38076770152509,62.4,348.9,349.6,351.6,354.4,-49.80002000000002,44.459016393442624,1,0.03488524590163936,0.03699999999999992
vehicle_002_session_00692,vehicle_002,692,train,124.15559868156198,64.8,352.1,353.0,356.6,361.1,-79.92294508196721,40.78688524590164,1,0.04470491803278689,0.04600000000000026
vehicle_002_session_00693,vehicle_002,693,train,122.5927969947318,65.2,352.5,353.3,356.4,360.5,-69.97705180327868,38.0,0,0.04121311475409835,0.04200000000000026
vehicle_002_session_00694,vehicle_002,694,train,121.9596773211568,38.0,333.5,333.8,335.7,338.3,-74.1147593442623,42.77049180327869,1,0.03290163934426225,0.03699999999999992
vehicle_002_session_00695,vehicle_002,695,train,122.46455732774172,31.6,328.0,328.4,328.975,329.7,-22.502666933333334,35.0,0,0.012200000000000006,0.013000000000000345
vehicle_002_session_00696,vehicle_002,696,train,121.91143192167577,35.2,332.5,333.0,334.2,336.4,-70.00327967213114,40.459016393442624,1,0.029803278688524622,0.03200000000000003
vehicle_002_session_00697,vehicle_002,697,train,121.14828442879501,59.6,347.8,348.6,351.8,355.7,-69.98688950819671,43.0,0,0.04159016393442624,0.04300000000000015
vehicle_002_session_00698,vehicle_002,698,train,123.15130574324324,58.8,346.8,347.5,350.8,354.7,-69.7459162295082,41.0,0,0.04173770491803277,0.04300000000000015
vehicle_002_session_00699,vehicle_002,699,train,121.91992387652705,21.2,326.3,327.1,328.25,329.1,-45.6250102631579,34.14473684210526,1,0.018749999999999992,0.020999999999999908
vehicle_002_session_00700,vehicle_002,700,train,124.00608536272922,56.4,340.5,343.1,345.9,348.8,-45.337343600000004,33.0,0,0.035559999999999994,0.039000000000000146
vehicle_002_session_00701,vehicle_002,701,train,122.86671580615942,42.8,331.1,331.9,332.75,333.8,-22.27762184210526,34.0,0,0.016578947368421068,0.019000000000000128
vehicle_002_session_00702,vehicle_002,702,train,118.96661436287478,34.8,333.0,333.3,334.9,337.4,-70.08361475409836,30.704918032786885,1,0.03014754098360652,0.03299999999999992
vehicle_002_session_00703,vehicle_002,703,train,121.73244539141412,60.0,349.6,350.3,353.5,357.4,-70.09837,33.83606557377049,1,0.04109836065573771,0.04300000000000015
vehicle_002_session_00704,vehicle_002,704,train,123.71687971230156,60.0,345.7,347.4,350.6,353.9,-59.93289697368421,34.0,0,0.03788157894736845,0.040000000000000036
vehicle_002_session_00705,vehicle_002,705,train,120.88563881567939,16.4,324.9,326.1,328.075,329.4,-59.76000786666666,32.93333333333333,1,0.025399999999999975,0.03000000000000025
vehicle_002_session_00706,vehicle_002,706,train,121.40020265522871,70.0,356.8,357.5,360.8,364.9,-70.1541080327869,37.0,0,0.04257377049180323,0.04400000000000048
vehicle_002_session_00707,vehicle_002,707,train,122.34376768663199,54.0,340.3,342.4,346.8,351.0,-69.15082967213115,34.81967213114754,1,0.04299999999999997,0.04600000000000026
vehicle_002_session_00708,vehicle_002,708,train,120.37127795584048,40.4,334.1,334.6,336.6,339.4,-69.68689524590164,38.459016393442624,1,0.03291803278688521,0.037000000000000366
vehicle_002_session_00709,vehicle_002,709,train,123.01319020715628,71.6,357.7,358.5,361.8,366.0,-69.70328901639343,41.0,0,0.04260655737704919,0.04499999999999993
vehicle_002_session_00710,vehicle_002,710,train,119.81636016949155,56.0,343.8,344.6,346.9,349.7,-49.899989999999995,40.0,0,0.03690163934426229,0.039000000000000146
vehicle_002_session_00711,vehicle_002,711,train,122.19578268298062,44.4,333.9,335.2,338.0,342.2,-70.1082037704918,35.22950819672131,1,0.03613114754098361,0.04400000000000004
vehicle_002_session_00712,vehicle_002,712,train,124.17844651657704,69.6,356.1,356.8,360.2,364.3,-70.21148655737704,37.0,0,0.04231147540983609,0.043999999999999595
vehicle_002_session_00713,vehicle_002,713,train,123.52005544171217,71.6,357.8,358.6,362.1,366.3,-70.69837065573769,35.950819672131146,1,0.04322950819672127,0.04500000000000082
vehicle_002_session_00714,vehicle_002,714,train,120.64297993827157,29.6,329.9,330.2,331.0,332.2,-49.899989999999995,32.47540983606557,1,0.02075409836065578,0.02200000000000024
vehicle_002_session_00715,vehicle_002,715,train,121.9510973557692,51.6,339.9,340.5,343.0,346.3,-49.899989999999995,35.0,0,0.03688524590163937,0.039000000000000146
vehicle_002_session_00716,vehicle_002,716,train,124.67991199494946,72.8,357.8,358.3,360.8,363.6,-49.899989999999995,36.0,0,0.0364426229508196,0.038000000000000256
vehicle_002_session_00717,vehicle_002,717,train,121.47988067755253,40.8,330.7,333.3,335.4,338.0,-59.36710736842107,35.4078947368421,1,0.029315789473684177,0.03399999999999981
vehicle_002_session_00718,vehicle_002,718,train,125.07327931763288,70.0,355.7,356.85,359.5,362.7,-56.054672800000006,37.0,0,0.03815999999999995,0.04100000000000037
vehicle_002_session_00719,vehicle_002,719,train,121.6185277777778,34.0,331.6,331.9,333.5,335.7,-69.881971147541,33.67213114754098,1,0.029032786885245937,0.03200000000000003
vehicle_002_session_00720,vehicle_002,720,train,123.14161976650567,64.4,351.8,352.5,355.7,359.7,-69.86557950819672,36.52459016393443,1,0.04195081967213114,0.04400000000000004
vehicle_002_session_00721,vehicle_002,721,train,122.47927876243783,64.4,352.2,353.2,356.4,360.3,-70.02459213114756,29.9672131147541,1,0.04142622950819671,0.04300000000000015
vehicle_002_session_00722,vehicle_002,722,train,122.59399778496167,66.8,353.9,354.7,358.0,362.2,-69.95738114754099,39.704918032786885,1,0.042,0.04300000000000015
vehicle_002_session_00723,vehicle_002,723,train,119.57432986111112,58.0,346.0,346.4,348.8,351.4,-49.18853459016393,38.0,0,0.03660655737704918,0.038000000000000256
vehicle_002_session_00724,vehicle_002,724,train,122.10834604779413,32.0,331.4,331.7,333.0,334.9,-69.93769868852458,36.34426229508197,1,0.028770491803278696,0.03200000000000003
vehicle_002_session_00725,vehicle_002,725,train,123.25907377136757,59.6,347.7,348.5,351.6,355.5,-69.90327491803279,39.0,0,0.042704918032786865,0.04400000000000004
vehicle_002_session_00726,vehicle_002,726,train,123.09190988498263,18.8,328.5,328.8,329.7,331.1,-70.02787163934427,33.08196721311475,1,0.025524590163934446,0.027000000000000135
vehicle_002_session_00727,vehicle_002,727,train,120.89187083333334,44.8,336.9,337.5,339.9,343.9,-70.03442950819674,36.19672131147541,2,0.03749180327868847,0.04400000000000004
vehicle_002_session_00728,vehicle_002,728,train,123.75785142249109,72.8,359.3,360.0,363.3,367.7,-70.02951114754099,38.0,0,0.043508196721311544,0.04500000000000082
vehicle_002_session_00729,vehicle_002,729,train,121.4372105978261,63.6,352.1,352.7,355.8,359.9,-70.05902213114756,36.0,0,0.04227868852459018,0.04400000000000004
vehicle_002_session_00730,vehicle_002,730,train,121.2960244791667,27.2,330.5,330.7,331.7,333.3,-69.18197721311478,38.26229508196721,1,0.026819672131147578,0.02900000000000036
vehicle_002_session_00731,vehicle_002,731,train,122.18354940476196,59.6,347.8,348.6,351.8,355.7,-69.18853459016394,41.91803278688525,1,0.04226229508196722,0.04400000000000004
vehicle_002_session_00732,vehicle_002,732,train,122.5490196078431,50.0,337.4,338.0,340.0,343.3,-45.0,36.85245901639344,1,0.033852459016393444,0.039000000000000146
vehicle_002_session_00733,vehicle_002,733,train,115.9959971064815,38.4,333.3,333.6,334.9,336.8,-50.39179573770491,33.0,0,0.02581967213114756,0.028999999999999915
vehicle_002_session_00734,vehicle_002,734,train,121.37093107638886,60.0,348.2,348.8,351.1,353.8,-50.39507344262295,35.0,0,0.03618032786885246,0.038000000000000256
vehicle_002_session_00735,vehicle_002,735,train,123.23650759132421,58.8,346.0,346.4,348.6,351.0,-43.44426721311476,38.0,0,0.034704918032786865,0.03600000000000003
vehicle_002_session_00736,vehicle_002,736,train,124.25613769894893,51.6,336.1,337.4,339.0,340.8,-22.25263239473684,38.0,0,0.02855263157894734,0.03200000000000003
vehicle_002_session_00737,vehicle_002,737,train,123.03052732240437,67.6,354.1,355.0,358.3,362.5,-70.18033721311475,36.0,0,0.042016393442622896,0.04400000000000004
vehicle_002_session_00738,vehicle_002,738,train,121.81190800937003,7.6,321.4,322.75,325.5,328.0,-70.05395157894736,34.0,0,0.029131578947368408,0.03100000000000014
vehicle_002_session_00739,vehicle_002,739,train,124.73159592803032,58.0,343.2,345.2375,349.025,352.5,-60.06267066666665,29.626666666666665,1,0.0399733333333333,0.04400000000000004
vehicle_002_session_00740,vehicle_002,740,train,122.89428808760684,14.4,323.6,324.775,327.2,328.9,-60.069338800000004,30.69333333333333,1,0.02619999999999999,0.028999999999999915
vehicle_002_session_00741,vehicle_002,741,train,123.81691418030759,66.4,351.4,352.9,356.05,359.6,-60.11711302631579,35.0,0,0.03880263157894739,0.04000000000000048
vehicle_002_session_00742,vehicle_002,742,train,125.625,53.2,340.8,341.6,344.3,347.2,-45.0,27.0,0,0.03800000000000006,0.040000000000000036
vehicle_002_session_00743,vehicle_002,743,train,123.91353763297876,60.0,344.6,347.0,349.6,352.4,-46.56183315789473,32.276315789473685,1,0.034526315789473655,0.037000000000000366
vehicle_002_session_00744,vehicle_002,744,train,125.40883772274633,75.6,360.3,361.4,364.9,369.4,-69.1393542622951,36.0,0,0.04275409836065579,0.04499999999999993
vehicle_002_session_00745,vehicle_002,745,train,123.0370182648402,64.8,352.4,353.2,356.3,360.3,-69.9770562295082,38.0,0,0.04252459016393445,0.04400000000000048
vehicle_002_session_00746,vehicle_002,746,train,124.81360690789467,73.6,359.1,359.9,363.3,367.5,-70.07541491803278,36.721311475409834,1,0.04360655737704919,0.04500000000000082
vehicle_002_session_00747,vehicle_002,747,train,122.14870711805554,58.0,346.9,347.7,351.0,354.9,-70.06721786885245,36.442622950819676,1,0.04263934426229511,0.04499999999999993
vehicle_002_session_00748,vehicle_002,748,train,121.20450412912918,47.2,338.0,338.5,341.4,345.8,-70.19345311475409,33.32786885245902,1,0.041016393442622985,0.04600000000000026
vehicle_002_session_00749,vehicle_002,749,train,123.7819673611111,76.8,362.7,363.6,366.9,371.3,-70.18689606557376,35.114754098360656,1,0.04498360655737709,0.0470000000000006
vehicle_002_session_00750,vehicle_002,750,train,121.95753039321787,24.4,329.6,329.9,330.8,332.2,-70.07049672131149,37.14754098360656,1,0.026426229508196765,0.028999999999999915
vehicle_002_session_00751,vehicle_002,751,train,121.62153695436511,55.6,344.3,345.2,348.6,352.5,-70.06557967213115,40.67213114754098,1,0.043770491803278695,0.04599999999999982
vehicle_002_session_00752,vehicle_002,752,train,122.62666994327074,46.4,336.6,337.2,339.9,344.3,-70.02951114754099,39.75409836065574,1,0.03940983606557377,0.04500000000000037
vehicle_002_session_00753,vehicle_002,753,train,123.01019305555558,20.8,328.0,328.5,329.7,331.1,-71.00819819672132,36.32786885245902,1,0.027475409836065563,0.03299999999999992
vehicle_002_session_00754,vehicle_002,754,train,121.85435737517585,51.2,340.5,341.3,344.7,349.1,-71.07377786885246,39.68852459016394,1,0.04381967213114755,0.04600000000000026
vehicle_002_session_00755,vehicle_002,755,train,123.0349380425347,53.6,339.9,341.8,346.3,350.5,-69.9836049180328,38.721311475409834,1,0.04475409836065569,0.04800000000000004
vehicle_002_session_00756,vehicle_002,756,train,121.4141443602694,45.6,336.9,337.4,340.0,344.3,-70.37868491803277,34.80327868852459,2,0.039327868852459015,0.04600000000000026
vehicle_002_session_00757,vehicle_002,757,train,124.07871102843919,47.2,335.2,337.0,340.6,345.3,-69.91466933333334,29.72,1,0.04062666666666667,0.04700000000000015
vehicle_002_session_00758,vehicle_002,758,train,123.71901617433664,44.0,333.9,335.2,338.1,342.1,-70.04533693333333,32.346666666666664,1,0.03693333333333331,0.04499999999999993
vehicle_002_session_00759,vehicle_002,759,train,122.37510882044364,39.2,331.7,332.75,334.7,337.2,-60.18934279999998,30.253333333333334,1,0.029080000000000026,0.03299999999999992
vehicle_002_session_00760,vehicle_002,760,train,122.82593794312167,38.8,330.7,332.4,334.2,336.6,-59.65263671052632,31.960526315789473,1,0.028447368421052638,0.03299999999999992
vehicle_002_session_00761,vehicle_002,761,train,122.5905379092262,53.2,339.3,341.05,345.1,348.9,-58.5907944736842,31.276315789473685,1,0.04218421052631582,0.04599999999999982
vehicle_002_session_00762,vehicle_002,762,train,123.52910470545984,68.4,353.6,355.5,358.9,363.3,-70.14918606557374,30.885245901639344,1,0.042672131147540995,0.04600000000000026
vehicle_002_session_00763,vehicle_002,763,train,120.54028189814815,26.4,330.2,330.5,331.6,333.2,-70.02787229508198,30.098360655737704,2,0.026836065573770513,0.029999999999999805
vehicle_002_session_00764,vehicle_002,764,train,121.42136088564213,56.4,346.0,346.8,350.0,353.9,-69.94590213114753,33.85245901639344,1,0.0434918032786885,0.04499999999999993
vehicle_002_session_00765,vehicle_002,765,train,122.71666040688575,58.8,346.1,347.4,351.1,355.2,-70.02295377049181,30.9672131147541,1,0.04308196721311474,0.04600000000000026
vehicle_002_session_00766,vehicle_002,766,train,121.92405714905755,24.0,327.7,328.85,330.3,331.7,-70.18685171052631,32.94736842105263,1,0.026013157894736863,0.028000000000000025
vehicle_002_session_00767,vehicle_002,767,train,123.41166066584965,54.4,341.0,343.1,347.45,351.8,-70.33816486842105,32.53947368421053,1,0.044473684210526304,0.04900000000000038
vehicle_002_session_00768,vehicle_002,768,train,115.61668638888891,10.8,322.1,323.0,325.0,327.1,-49.916385737704914,30.016393442622952,0,0.023983606557377028,0.0259999999999998
vehicle_002_session_00769,vehicle_002,769,train,122.23424449233721,30.8,330.5,330.8,331.6,332.7,-49.80002000000002,31.442622950819672,1,0.021163934426229544,0.02300000000000013
vehicle_002_session_00770,vehicle_002,770,train,121.35610934343434,54.4,342.2,343.0,345.5,348.5,-49.80002000000002,34.0,0,0.03859016393442623,0.040000000000000036
vehicle_002_session_00771,vehicle_002,771,train,123.98718035901474,76.4,361.1,361.6,364.1,367.1,-49.80002000000002,35.0,0,0.038426229508196776,0.040000000000000036
vehicle_002_session_00772,vehicle_002,772,train,118.76339924463939,35.2,331.6,331.9,332.8,334.2,-49.988523442622956,31.80327868852459,1,0.02360655737704918,0.026000000000000245
vehicle_002_session_00773,vehicle_002,773,train,120.0,32.4,330.3,330.7,331.3,332.4,-45.0,30.442622950819672,1,0.02022950819672134,0.02200000000000024
vehicle_002_session_00774,vehicle_002,774,train,120.87264150943399,52.4,339.9,340.5,343.0,345.8,-45.0,32.91803278688525,1,0.03762295081967215,0.040000000000000036
vehicle_002_session_00775,vehicle_002,775,train,120.44272569444445,38.4,333.6,334.1,335.8,338.5,-70.70328901639343,31.950819672131146,2,0.0318524590163934,0.03600000000000003
vehicle_002_session_00776,vehicle_002,776,train,122.11807391713752,64.0,351.9,352.7,356.0,359.9,-70.70492852459016,34.26229508196721,1,0.04170491803278687,0.04300000000000015
vehicle_002_session_00777,vehicle_002,777,train,125.66737597222223,44.8,334.1,335.3,338.3,342.4,-70.21476524590163,32.885245901639344,1,0.03640983606557378,0.04400000000000004
vehicle_002_session_00778,vehicle_002,778,train,124.32509250217018,65.2,352.5,353.3,356.6,360.5,-70.02131409836065,34.59016393442623,1,0.041442622950819685,0.043999999999999595
vehicle_002_session_00779,vehicle_002,779,train,121.2692392094017,44.8,336.4,337.1,339.4,343.5,-70.06721704918033,33.0655737704918,2,0.03740983606557379,0.04400000000000004
vehicle_002_session_00780,vehicle_002,780,train,124.22675540123456,72.0,358.8,359.6,362.8,367.2,-70.0573824590164,35.0,0,0.042770491803278736,0.04499999999999993
vehicle_002_session_00781,vehicle_002,781,train,123.90752839506176,15.6,326.1,326.71999999999997,328.6,329.9,-70.23771868852458,34.16393442622951,1,0.027327868852459043,0.03100000000000014
vehicle_002_session_00782,vehicle_002,782,train,120.26590976978694,44.4,336.9,337.4,339.7,343.8,-70.22460262295081,37.459016393442624,1,0.03755737704918035,0.04300000000000015
vehicle_002_session_00783,vehicle_002,783,train,118.66666666666667,34.8,331.9,332.2,333.2,334.4,-48.0,30.918032786885245,1,0.021590163934426226,0.02400000000000002
vehicle_002_session_00784,vehicle_002,784,train,118.59107919337607,54.8,343.5,344.1,346.4,349.4,-48.0,33.0,0,0.03459016393442619,0.03600000000000003
vehicle_002_session_00785,vehicle_002,785,train,120.42854894406392,40.8,335.2,335.7,337.7,341.1,-69.94917524590164,30.491803278688526,1,0.03318032786885247,0.039000000000000146
vehicle_002_session_00786,vehicle_002,786,train,123.05170171957678,70.4,357.7,358.5,361.8,366.0,-69.92950573770491,33.21311475409836,1,0.04116393442622954,0.04300000000000015
vehicle_002_session_00787,vehicle_002,787,train,123.70321434602316,39.6,332.1,333.25,335.5,338.5,-69.93947289473685,31.07894736842105,2,0.03096052631578945,0.03500000000000014
vehicle_002_session_00788,vehicle_002,788,train,122.0417765062598,24.8,329.7,329.9,331.1,332.5,-70.10820409836066,29.42622950819672,1,0.02526229508196721,0.028000000000000025
vehicle_002_session_00789,vehicle_002,789,train,121.32247463768114,53.6,343.2,344.1,347.5,351.6,-70.07213606557377,33.032786885245905,1,0.040622950819672134,0.04200000000000026
vehicle_002_session_00790,vehicle_002,790,train,123.5309829059829,22.8,328.8,328.8,329.6,330.3,-50.0,32.0,0,0.0189344262295082,0.020000000000000018
vehicle_002_session_00791,vehicle_002,791,train,120.28769841269838,44.0,335.3,335.8,337.2,339.4,-50.0,34.049180327868854,1,0.02737704918032783,0.03100000000000014
vehicle_002_session_00792,vehicle_002,792,train,122.8137860082305,66.4,352.8,353.3,355.7,358.5,-50.0,36.0,0,0.03452459016393446,0.03600000000000003
vehicle_002_session_00793,vehicle_002,793,train,121.50992549603174,38.0,332.8,333.3,335.2,338.0,-70.00000245901639,30.950819672131146,1,0.03044262295081967,0.03399999999999981
vehicle_002_session_00794,vehicle_002,794,train,122.73423511064034,66.0,353.8,354.6,357.7,361.8,-69.94262737704918,33.83606557377049,1,0.0405901639344262,0.042999999999999705
vehicle_002_session_00795,vehicle_002,795,train,123.91542788494512,62.0,347.2,349.0,352.15,355.8,-60.038160921052636,28.0,0,0.036578947368421065,0.039000000000000146
vehicle_002_session_00796,vehicle_002,796,train,122.62600556445872,55.6,342.7,344.4,348.5,352.7,-70.19837196721312,30.131147540983605,1,0.04162295081967215,0.04500000000000037
vehicle_002_session_00797,vehicle_002,797,train,123.1160428987455,57.6,346.1,347.1,350.5,354.4,-70.02951114754099,33.0,0,0.04085245901639342,0.04200000000000026
vehicle_002_session_00798,vehicle_002,798,train,123.42195890339964,52.4,341.0,341.9,345.7,349.9,-70.07213622950817,31.311475409836067,1,0.041918032786885245,0.04400000000000004
vehicle_002_session_00799,vehicle_002,799,train,122.7766822089947,28.4,329.9,330.2,331.4,333.3,-70.09181016393443,35.278688524590166,1,0.02642622950819675,0.02900000000000036
vehicle_002_session_00800,vehicle_002,800,train,121.23003058409441,53.6,342.4,343.3,346.9,351.0,-70.04590573770493,38.34426229508197,1,0.04181967213114752,0.04300000000000015
vehicle_002_session_00801,vehicle_002,801,train,123.53734319923369,44.8,335.3,336.0,338.3,342.4,-69.90327163934425,35.50819672131148,1,0.03568852459016393,0.04200000000000026
vehicle_002_session_00802,vehicle_002,802,train,120.73560635288064,44.4,336.0,336.4,338.9,343.0,-70.06885836065574,33.19672131147541,1,0.03627868852459016,0.04300000000000015
vehicle_002_session_00803,vehicle_002,803,train,123.03580723180076,69.2,356.8,357.5,360.8,364.9,-70.0639393442623,35.0,0,0.04188524590163927,0.04400000000000048
vehicle_002_session_00804,vehicle_002,804,train,120.8641286032495,44.4,334.7,335.0,336.8,338.9,-49.85410213114754,35.0,0,0.027836065573770455,0.03200000000000003
vehicle_002_session_00805,vehicle_002,805,train,120.59760596955121,65.6,351.8,352.4,354.6,357.4,-49.877046065573765,36.24590163934426,1,0.03486885245901642,0.03699999999999992
vehicle_002_session_00806,vehicle_002,806,train,120.32195088383838,30.0,329.7,329.9,330.8,331.9,-49.89507344262295,26.049180327868854,1,0.019704918032786893,0.02100000000000035
vehicle_002_session_00807,vehicle_002,807,train,121.21527481995889,52.0,339.9,340.5,343.0,346.3,-49.88196327868853,28.721311475409838,1,0.03613114754098368,0.039000000000000146
vehicle_002_session_00808,vehicle_002,808,train,120.59942817982457,30.8,330.0,330.3,331.1,332.4,-48.940987704918044,26.278688524590162,1,0.020163934426229553,0.02400000000000002
vehicle_002_session_00809,vehicle_002,809,train,119.43332154088053,53.6,341.8,342.4,344.9,347.8,-47.77049721311476,29.0,0,0.036540983606557394,0.039000000000000146
vehicle_002_session_00810,vehicle_002,810,train,123.6080964409723,55.6,344.4,345.3,349.1,353.2,-70.70656852459015,30.229508196721312,1,0.042000000000000016,0.04500000000000037
vehicle_002_session_00811,vehicle_002,811,train,121.63165020953066,25.6,328.3,329.4,330.875,332.5,-69.90266493333334,29.973333333333333,2,0.02544000000000002,0.028000000000000025
vehicle_002_session_00812,vehicle_002,812,train,123.33839079301073,43.6,334.9,335.5,338.2,342.2,-70.15738704918033,30.114754098360656,2,0.03354098360655737,0.040999999999999925
vehicle_002_session_00813,vehicle_002,813,train,124.50252945402295,68.8,356.0,356.8,360.0,364.1,-70.10328688524591,32.39344262295082,1,0.03922950819672137,0.04100000000000037
vehicle_002_session_00814,vehicle_002,814,train,123.23178388759493,33.2,329.9,331.20000000000005,332.9,335.0,-69.91184171052632,33.9078947368421,1,0.026407894736842113,0.029999999999999805
vehicle_002_session_00815,vehicle_002,815,train,122.68895483217594,30.8,329.2,330.7,332.2,334.2,-70.09869157894737,28.30263157894737,1,0.025171052631578986,0.028000000000000025
vehicle_002_session_00816,vehicle_002,816,train,122.31685582729467,38.8,331.9,333.2,335.3,338.5,-70.17706,30.78688524590164,1,0.028868852459016374,0.03200000000000003
vehicle_002_session_00817,vehicle_002,817,train,123.30344850427353,66.4,354.3,355.2,358.2,362.4,-70.30002,33.63934426229508,1,0.03734426229508198,0.03900000000000059
vehicle_002_session_00818,vehicle_002,818,train,124.362893939394,65.2,352.5,353.3,356.4,360.5,-69.90819213114753,31.80327868852459,1,0.0365409836065574,0.038000000000000256
vehicle_002_session_00819,vehicle_002,819,train,119.71685040101718,42.0,335.8,336.3,338.5,342.1,-69.54098770491804,31.459016393442624,1,0.032065573770491775,0.03699999999999992
vehicle_002_session_00820,vehicle_002,820,train,122.77895621468926,38.8,331.7,332.5,334.7,337.5,-70.0180344262295,31.34426229508197,1,0.028672131147541,0.03200000000000003
vehicle_002_session_00821,vehicle_002,821,train,123.48982917644759,62.4,349.9,350.8,353.9,358.0,-70.01147655737705,33.75409836065574,1,0.037393442622950836,0.039000000000000146
vehicle_002_session_00822,vehicle_002,822,train,124.50565795668547,56.8,342.8,344.9,349.1,353.2,-70.09508983606558,31.852459016393443,1,0.03770491803278687,0.04100000000000037
vehicle_002_session_00823,vehicle_002,823,train,125.68462008647796,58.0,344.1,346.1,349.9,354.1,-70.03115032786886,33.540983606557376,1,0.037557377049180315,0.040999999999999925
vehicle_002_session_00824,vehicle_002,824,train,123.53074593253969,26.4,330.3,330.7,331.7,333.2,-69.95737278688524,32.91803278688525,2,0.025147540983606605,0.027000000000000135
vehicle_002_session_00825,vehicle_002,825,train,121.33338022906305,54.8,344.1,345.0,348.5,352.4,-69.96289951612904,36.62903225806452,1,0.03806451612903226,0.040000000000000036
vehicle_002_session_00826,vehicle_002,826,train,122.58995360883422,70.0,356.4,357.2,360.3,364.7,-69.56558032786884,35.0,0,0.03824590163934423,0.040000000000000036
vehicle_002_session_00827,vehicle_002,827,train,122.20351868055562,54.0,338.6,340.3,344.1,347.4,-50.20493606557378,33.85245901639344,1,0.033606557377049213,0.03600000000000003
vehicle_002_session_00828,vehicle_002,828,train,123.25903562499998,60.4,346.6,348.6,352.2,356.3,-69.93278803278687,34.90163934426229,1,0.037213114754098345,0.040000000000000036
vehicle_002_session_00829,vehicle_002,829,train,121.89834099738324,14.4,323.8,325.0,327.4,329.1,-60.03421513157893,29.82894736842105,1,0.024210526315789453,0.027000000000000135
vehicle_002_session_00830,vehicle_002,830,train,124.38888386752134,56.8,342.5,343.85,346.70000000000005,349.6,-44.96266293333333,28.0,0,0.032466666666666665,0.03600000000000003
vehicle_002_session_00831,vehicle_002,831,train,123.10979434697859,72.4,358.6,359.4,362.7,367.1,-70.21312655737705,30.0,0,0.0382459016393443,0.040000000000000036
vehicle_002_session_00832,vehicle_002,832,train,121.85502216514463,26.8,330.2,330.5,331.6,333.3,-70.01639508196722,28.639344262295083,1,0.02501639344262297,0.028000000000000025
vehicle_002_session_00833,vehicle_002,833,train,120.74327007378471,56.4,346.0,346.9,350.0,354.1,-69.98032590163935,32.57377049180328,1,0.037672131147540956,0.040000000000000036
vehicle_002_session_00834,vehicle_002,834,train,119.7159318181818,46.0,337.4,337.8,340.5,344.9,-70.23443967213115,30.557377049180328,1,0.03549180327868854,0.040000000000000036
vehicle_002_session_00835,vehicle_002,835,train,123.93953072033901,72.4,358.9,359.7,363.2,367.4,-70.26722983606557,32.704918032786885,1,0.03927868852459018,0.04099999999999948
vehicle_002_session_00836,vehicle_002,836,train,123.5688518817204,44.8,333.8,335.1,337.75,341.3,-59.919738815789465,30.67105263157895,1,0.029894736842105255,0.03600000000000003
vehicle_002_session_00837,vehicle_002,837,train,121.0161447099673,26.4,328.5,329.6,331.0,332.7,-70.4655755737705,31.60655737704918,1,0.025131147540983625,0.027000000000000135
vehicle_002_session_00838,vehicle_002,838,train,122.76303591133944,53.6,342.5,343.5,347.1,351.1,-70.50163950819672,34.721311475409834,1,0.0387868852459016,0.040000000000000036
vehicle_002_session_00839,vehicle_002,839,train,123.53612680555557,38.0,331.3,332.5,334.7,337.4,-70.59345147540984,30.016393442622952,1,0.029049180327868858,0.03200000000000003
vehicle_002_session_00840,vehicle_002,840,train,123.97758905780782,58.4,346.8,347.7,351.0,354.9,-70.61476409836065,32.0,0,0.03844262295081964,0.040000000000000036
vehicle_002_session_00841,vehicle_002,841,train,123.82100544154231,16.4,324.9,326.3,328.6,330.2,-69.83443524590164,29.885245901639344,1,0.026491803278688504,0.03000000000000025
vehicle_002_session_00842,vehicle_002,842,train,120.66566214364036,43.6,336.4,336.9,339.1,342.8,-69.87377032786884,33.26229508196721,1,0.033475409836065555,0.038000000000000256
vehicle_002_session_00843,vehicle_002,843,train,123.50895956150794,27.6,328.3,329.15,330.4,331.9,-59.95263802631579,32.0,0,0.02185526315789475,0.02400000000000002
vehicle_002_session_00844,vehicle_002,844,train,123.6149378075397,41.6,332.2,333.4,335.5,338.3,-60.034213289473676,29.026315789473685,2,0.02726315789473685,0.03000000000000025
vehicle_002_session_00845,vehicle_002,845,train,123.5700824389731,63.2,353.2,353.9,357.1,361.1,-69.82951934426231,24.34426229508197,1,0.037655737704918035,0.039000000000000146
vehicle_002_session_00846,vehicle_002,846,train,123.45927788142622,19.2,327.5,328.8,330.2,331.4,-69.99344524590164,24.557377049180328,1,0.024065573770491823,0.028000000000000025
vehicle_002_session_00847,vehicle_002,847,train,121.0457688929739,46.4,338.3,338.9,341.6,346.1,-70.1311575409836,28.639344262295083,1,0.035688524590163966,0.040000000000000036
vehicle_002_session_00848,vehicle_002,848,train,123.73329423868319,74.0,360.7,361.4,364.9,369.1,-70.17378049180327,31.0327868852459,1,0.03929508196721313,0.04100000000000037
vehicle_002_session_00849,vehicle_002,849,train,123.06461277854092,14.8,323.9,325.5,328.3,329.7,-70.15000951612903,30.64516129032258,1,0.026854838709677427,0.03100000000000014
vehicle_002_session_00850,vehicle_002,850,train,122.00325138888893,51.6,341.4,342.2,345.7,349.9,-70.08689196721312,34.67213114754098,1,0.03901639344262297,0.04100000000000037
vehicle_002_session_00851,vehicle_002,851,train,120.05789699074073,44.4,335.7,336.0,337.4,339.6,-45.100010000000005,33.65573770491803,1,0.024885245901639284,0.028000000000000025
vehicle_002_session_00852,vehicle_002,852,train,121.15175642033545,52.0,340.0,340.5,342.8,345.8,-45.100010000000005,34.26229508196721,1,0.032032786885245926,0.03500000000000014
vehicle_002_session_00853,vehicle_002,853,train,124.83955765993267,62.4,350.0,350.8,354.1,358.0,-70.15410852459017,37.0,0,0.038803278688524644,0.04100000000000037
vehicle_002_session_00854,vehicle_002,854,train,123.67449074074072,62.8,349.1,350.7,354.1,358.3,-70.31476245901639,35.14754098360656,1,0.038163934426229514,0.040000000000000036
vehicle_002_session_00855,vehicle_002,855,train,120.3924454038743,35.2,332.4,332.8,334.4,336.9,-70.4606518032787,33.49180327868852,1,0.028688524590163935,0.03200000000000003
vehicle_002_session_00856,vehicle_002,856,train,121.93600833333333,66.0,353.8,354.6,357.7,361.8,-70.46393081967211,36.50819672131148,1,0.03921311475409839,0.04100000000000037
vehicle_002_session_00857,vehicle_002,857,train,121.5027706801471,56.4,345.0,346.0,349.4,353.3,-69.54262721311476,34.91803278688525,1,0.03885245901639344,0.040000000000000036
vehicle_002_session_00858,vehicle_002,858,train,118.35718148839135,39.6,333.9,334.4,336.4,339.4,-70.07541704918033,35.75409836065574,1,0.031147540983606548,0.03500000000000014
vehicle_002_session_00859,vehicle_002,859,train,121.65489583333328,66.8,353.9,354.7,358.0,362.1,-70.04918508196721,38.0,0,0.03945901639344263,0.04100000000000037
vehicle_002_session_00860,vehicle_002,860,train,121.60679574275365,59.6,347.7,348.6,351.8,355.8,-69.8311581967213,34.0,0,0.038868852459016376,0.040000000000000036
vehicle_002_session_00861,vehicle_002,861,train,121.2222559027778,42.4,334.9,336.05,338.0,341.0,-60.04933746666666,35.12,1,0.030359999999999967,0.03500000000000014
vehicle_002_session_00862,vehicle_002,862,train,121.03027078373016,51.2,340.5,341.3,344.9,349.3,-70.13771360655738,31.37704918032787,1,0.03965573770491802,0.04200000000000026
vehicle_002_session_00863,vehicle_002,863,train,118.64964944824965,40.4,334.2,334.9,336.9,340.2,-70.09836901639345,30.688524590163933,1,0.03149180327868844,0.03600000000000003
vehicle_002_session_00864,vehicle_002,864,train,120.71528728632478,69.6,356.8,357.5,360.7,364.9,-70.05574327868852,33.14754098360656,1,0.03955737704918038,0.04300000000000015
vehicle_002_session_00865,vehicle_002,865,train,120.30570887799567,19.6,327.1,328.3,329.9,331.3,-70.13279688524591,26.80327868852459,1,0.02467213114754101,0.028000000000000025
vehicle_002_session_00866,vehicle_002,866,train,118.22692775974029,40.0,335.0,335.5,337.5,340.7,-70.0934518032787,29.39344262295082,1,0.03188524590163934,0.03600000000000003
vehicle_002_session_00867,vehicle_002,867,train,121.4192199232934,36.4,330.7,331.65,333.5,335.5,-60.035531052631576,29.236842105263158,1,0.025065789473684208,0.028000000000000025
vehicle_002_session_00868,vehicle_002,868,train,120.71780390482701,61.2,349.3,350.2,353.5,357.4,-70.21148688524589,31.147540983606557,1,0.03875409836065576,0.040000000000000036
vehicle_002_session_00869,vehicle_002,869,train,121.80051717171719,70.8,355.5,357.1,360.8,365.3,-70.08033475409836,29.262295081967213,1,0.03890163934426229,0.04099999999999948
vehicle_002_session_00870,vehicle_002,870,train,122.02747710503476,46.4,334.9,336.4,339.9,344.7,-70.64591098360654,29.311475409836067,1,0.03624590163934427,0.04200000000000026
vehicle_002_session_00871,vehicle_002,871,train,122.47334058779762,72.0,358.6,359.6,362.8,367.2,-70.89016147540984,31.21311475409836,1,0.03993442622950816,0.041999999999999815
vehicle_002_session_00872,vehicle_002,872,train,120.72949672646604,22.0,327.4,328.70000000000005,330.2,331.6,-69.95789368421052,30.0,0,0.024500000000000043,0.026000000000000245
vehicle_002_session_00873,vehicle_002,873,train,119.37132123316495,38.8,333.3,333.8,335.7,338.6,-70.0360686885246,27.901639344262296,2,0.03034426229508196,0.03400000000000025
vehicle_002_session_00874,vehicle_002,874,train,119.11806145833334,38.4,332.1,333.3,335.5,338.6,-70.03606967213115,27.081967213114755,2,0.02970491803278686,0.03399999999999981
vehicle_002_session_00875,vehicle_002,875,train,121.76978993055556,62.4,351.1,351.9,355.0,359.1,-69.9934486885246,30.0,0,0.03878688524590169,0.040999999999999925
vehicle_002_session_00876,vehicle_002,876,train,116.81375506365742,13.6,325.2,326.1,328.5,329.9,-70.01967409836065,25.65573770491803,1,0.026606557377049183,0.03100000000000014
vehicle_002_session_00877,vehicle_002,877,train,118.54692645202022,42.4,335.8,336.3,338.5,341.9,-70.0,29.049180327868854,2,0.03283606557377045,0.038000000000000256
vehicle_002_session_00878,vehicle_002,878,train,121.97678711685825,60.8,348.9,349.4,352.2,355.3,-57.31640180327869,29.0,0,0.035196721311475436,0.03699999999999992
vehicle_002_session_00879,vehicle_002,879,train,122.76331944444445,64.0,351.9,352.7,356.0,360.2,-70.05902229508197,23.295081967213115,1,0.03818032786885242,0.039000000000000146
vehicle_002_session_00880,vehicle_002,880,train,121.03091056034484,16.8,326.1,327.7,329.6,330.8,-69.70984704918033,22.57377049180328,1,0.024606557377049202,0.028999999999999915
vehicle_002_session_00881,vehicle_002,881,train,117.28875234741783,40.0,335.5,336.0,338.0,341.3,-69.71804459016393,25.688524590163933,1,0.03190163934426226,0.03699999999999992
vehicle_002_session_00882,vehicle_002,882,train,120.64130843098958,68.8,356.8,357.5,360.7,364.9,-69.74755573770493,28.770491803278688,1,0.039737704918032773,0.04100000000000037
vehicle_002_session_00883,vehicle_002,883,train,118.17414797008549,28.8,331.6,331.9,333.0,334.7,-70.02623163934426,24.983606557377048,2,0.026377049180327877,0.02900000000000036
vehicle_002_session_00884,vehicle_002,884,train,121.44280389718077,53.6,340.3,341.9,346.8,351.0,-70.17378131147542,28.950819672131146,1,0.041622950819672155,0.04499999999999993
vehicle_002_session_00885,vehicle_002,885,train,119.62587123435056,56.8,346.8,347.7,351.0,354.9,-69.89671426229508,27.983606557377048,1,0.039360655737704905,0.040999999999999925
vehicle_002_session_00886,vehicle_002,886,train,121.66112888888887,58.4,346.9,347.8,351.4,355.5,-70.12296081967213,28.0,0,0.03962295081967215,0.042999999999999705
vehicle_002_session_00887,vehicle_002,887,train,121.35752814958212,52.4,339.3,341.20000000000005,345.5,349.3,-58.50933706666665,22.213333333333335,1,0.038319999999999986,0.040999999999999925
vehicle_002_session_00888,vehicle_002,888,train,121.78769822303924,15.6,327.1,327.7,329.2,330.3,-70.18361590163934,24.0,0,0.025098360655737707,0.028999999999999915
vehicle_002_session_00889,vehicle_002,889,train,118.99574958577,42.8,336.1,336.6,338.6,342.1,-70.12623803278689,27.295081967213115,1,0.03337704918032787,0.039000000000000146
vehicle_002_session_00890,vehicle_002,890,train,119.02058872671321,27.6,329.4,330.75,332.4,334.1,-69.98421315789473,20.394736842105264,2,0.025381578947368443,0.028999999999999915
vehicle_002_session_00891,vehicle_002,891,train,117.61032734094985,36.0,331.1,332.8,335.0,338.0,-69.97704688524591,20.295081967213115,2,0.028573770491803263,0.03200000000000003
vehicle_002_session_00892,vehicle_002,892,train,120.65973739316239,60.8,350.5,351.3,354.6,358.5,-70.0688593442623,23.57377049180328,1,0.039016393442622976,0.040000000000000036
vehicle_002_session_00893,vehicle_002,893,train,123.02882303051005,63.2,351.3,352.1,355.5,359.6,-70.60000639344261,24.295081967213115,1,0.03939344262295086,0.040999999999999925
vehicle_002_session_00894,vehicle_002,894,train,122.08536262077294,17.6,326.4,327.8,329.7,331.0,-70.12623901639344,22.229508196721312,1,0.023950819672131137,0.02699999999999969
vehicle_002_session_00895,vehicle_002,895,train,117.79421635698199,45.6,338.2,338.8,341.4,345.8,-70.12623918032787,25.688524590163933,1,0.03536065573770497,0.039000000000000146
vehicle_002_session_00896,vehicle_002,896,train,120.05012112932606,44.0,336.0,336.6,339.3,343.6,-70.28690393442623,24.59016393442623,1,0.03347540983606553,0.039000000000000146
vehicle_002_session_00897,vehicle_002,897,train,120.81459463183425,68.4,356.6,357.4,360.5,364.9,-70.37704606557378,26.918032786885245,1,0.0381967213114754,0.040000000000000036
vehicle_002_session_00898,vehicle_002,898,train,121.79253187692899,50.4,340.2,341.0,344.7,349.3,-69.32788049180328,24.459016393442624,1,0.0377377049180328,0.040000000000000036
vehicle_002_session_00899,vehicle_002,899,train,118.355987321128,36.0,331.3,332.7,334.9,337.5,-70.30329770491802,22.311475409836067,2,0.027409836065573786,0.03100000000000014
vehicle_002_session_00900,vehicle_002,900,train,120.60218219246028,62.4,351.3,352.2,355.3,359.3,-70.33279704918033,25.688524590163933,1,0.03691803278688527,0.038000000000000256
vehicle_002_session_00901,vehicle_002,901,train,119.34349629934212,20.8,329.2,329.6,330.7,332.1,-70.22460262295081,24.62295081967213,1,0.023721311475409852,0.025000000000000355
vehicle_002_session_00902,vehicle_002,902,train,118.06288596491234,51.2,342.4,343.3,346.9,351.0,-70.2164050819672,28.770491803278688,1,0.038032786885245876,0.040000000000000036
vehicle_002_session_00903,vehicle_002,903,train,121.98726429398148,66.8,354.4,355.2,358.5,362.7,-70.44261721311474,28.0,0,0.03806557377049182,0.04000000000000048
vehicle_002_session_00904,vehicle_002,904,train,117.53227014866982,34.4,332.8,333.2,334.7,337.1,-69.4311406557377,28.262295081967213,2,0.027819672131147485,0.030999999999999694
vehicle_002_session_00905,vehicle_002,905,train,120.35397911844134,63.2,351.9,352.5,355.7,359.6,-69.4934419672131,31.21311475409836,1,0.03755737704918035,0.039000000000000146
vehicle_002_session_00906,vehicle_002,906,train,118.64457109586719,26.4,330.3,330.5,331.6,333.2,-70.0065580327869,27.131147540983605,2,0.024934426229508217,0.027000000000000135
vehicle_002_session_00907,vehicle_002,907,train,120.1085250289352,59.2,348.2,348.9,352.2,356.1,-70.1344362295082,31.0327868852459,1,0.03824590163934424,0.040000000000000036
vehicle_002_session_00908,vehicle_002,908,train,121.06040740740741,56.4,345.7,346.6,349.9,353.9,-69.48852344262295,29.016393442622952,1,0.03795081967213116,0.040000000000000036
vehicle_002_session_00909,vehicle_002,909,train,120.92399919546072,32.0,329.9,331.20000000000005,333.0,335.2,-69.93158,27.32894736842105,1,0.026684210526315814,0.029999999999999805
vehicle_002_session_00910,vehicle_002,910,train,121.81569947916668,38.4,331.3,332.45,334.4,336.8,-59.90394934210526,28.0,0,0.026026315789473682,0.028999999999999915
vehicle_002_session_00911,vehicle_002,911,train,120.80010661189361,52.4,342.4,343.3,347.2,351.3,-69.74755573770491,24.0327868852459,2,0.038491803278688515,0.040999999999999925
vehicle_002_session_00912,vehicle_002,912,train,120.57663566653687,49.6,337.7,339.79999999999995,344.5,349.3,-70.21601133333334,19.56,1,0.03826666666666665,0.04100000000000037
vehicle_002_session_00913,vehicle_002,913,train,120.11513075532729,53.6,343.5,344.6,348.5,352.7,-70.74099770491802,20.83606557377049,1,0.039163934426229514,0.04100000000000037
vehicle_002_session_00914,vehicle_002,914,train,121.65852522631448,52.8,339.3,341.5,345.75,349.6,-58.2092177631579,21.960526315789473,1,0.036328947368421044,0.039000000000000146
vehicle_002_session_00915,vehicle_002,915,train,119.77158022660821,70.4,358.6,359.4,362.5,366.6,-67.47213409836066,21.0,0,0.03818032786885242,0.040000000000000036
vehicle_002_session_00916,vehicle_002,916,train,118.65424647177421,52.8,342.8,343.6,346.6,350.2,-58.38033262295083,20.459016393442624,1,0.03559016393442624,0.038000000000000256
vehicle_002_session_00917,vehicle_002,917,train,119.32887442922376,9.6,325.2,325.8,327.7,329.6,-70.11148475409837,18.0,0,0.02583606557377051,0.028000000000000025
vehicle_002_session_00918,vehicle_002,918,train,123.18493273969531,38.8,334.4,334.7,336.3,338.6,-70.04918524590164,20.59016393442623,1,0.028393442622950793,0.03200000000000003
vehicle_002_session_00919,vehicle_002,919,train,124.62147905282328,64.0,351.3,352.1,355.2,359.1,-70.03279016393444,23.9672131147541,1,0.03814754098360656,0.03999999999999959
vehicle_002_session_00920,vehicle_002,920,train,121.62397338293651,58.0,344.9,346.95000000000005,350.25,353.9,-60.13816631578946,24.93421052631579,1,0.03580263157894736,0.039000000000000146
vehicle_002_session_00921,vehicle_002,921,train,121.45526235702616,54.4,344.1,345.2,348.9,353.0,-69.94097770491803,22.229508196721312,1,0.039770491803278685,0.04200000000000026
vehicle_002_session_00922,vehicle_002,922,train,121.04171527777778,57.6,346.3,346.9,349.4,352.4,-49.80002000000002,19.524590163934427,1,0.03316393442622949,0.03500000000000014
vehicle_002_session_00923,vehicle_002,923,train,118.16040094339621,36.0,332.5,332.8,333.9,335.5,-50.100010000000005,19.34426229508197,1,0.021999999999999995,0.02400000000000002
vehicle_002_session_00924,vehicle_002,924,train,116.6055483665884,36.8,334.9,335.5,337.2,340.2,-70.12131901639344,24.049180327868854,2,0.030622950819672107,0.03500000000000014
vehicle_002_session_00925,vehicle_002,925,train,124.13186494708995,64.0,347.4,349.95,352.575,355.2,-44.715999599999996,22.893333333333334,1,0.030653333333333338,0.03200000000000003
vehicle_002_session_00926,vehicle_002,926,train,118.10162052617521,22.8,329.6,329.7,330.3,331.1,-49.96393081967213,21.098360655737704,1,0.017606557377049213,0.019000000000000128
vehicle_002_session_00927,vehicle_002,927,train,119.73310620915035,43.6,336.1,336.6,338.2,340.5,-49.967209836065564,23.59016393442623,1,0.02647540983606552,0.030999999999999694
vehicle_002_session_00928,vehicle_002,928,train,120.2926261002886,66.4,353.0,355.04999999999995,358.8,362.7,-69.29211105263157,21.657894736842106,1,0.03811842105263158,0.040000000000000036
vehicle_002_session_00929,vehicle_002,929,train,119.66693951474628,45.2,337.4,338.0,340.8,345.2,-70.16722426229506,22.16393442622951,2,0.03568852459016396,0.04100000000000037
vehicle_002_session_00930,vehicle_002,930,train,122.063226563867,46.8,334.9,337.29999999999995,341.1,346.1,-70.03421855263157,21.039473684210527,2,0.03682894736842107,0.04200000000000026
vehicle_002_session_00931,vehicle_002,931,train,117.62271273148151,37.2,332.5,332.8,333.87,335.2,-42.700010000000006,22.0327868852459,1,0.02029508196721315,0.02300000000000013
vehicle_002_session_00932,vehicle_002,932,train,116.04490661337212,27.6,331.4,331.7,333.0,335.0,-74.12459836065577,21.081967213114755,2,0.02675409836065577,0.03000000000000025
vehicle_002_session_00933,vehicle_002,933,train,118.66667609126982,62.0,351.8,352.7,356.0,360.2,-74.05738081967212,25.459016393442624,1,0.03968852459016394,0.041999999999999815
vehicle_002_session_00934,vehicle_002,934,train,116.53218943389597,47.6,339.1,339.7,342.8,347.4,-70.14919032786885,25.0,2,0.03749180327868855,0.040999999999999925
vehicle_002_session_00935,vehicle_002,935,train,115.23561086309522,29.2,329.4,331.0,332.7,334.7,-69.97540737704918,23.24590163934426,2,0.02588524590163937,0.028000000000000025
vehicle_002_session_00936,vehicle_002,936,train,118.16261680169752,57.2,347.4,348.2,351.4,355.3,-69.99180245901638,27.0,0,0.03881967213114753,0.040000000000000036
vehicle_002_session_00937,vehicle_002,937,train,115.48280365410055,39.6,335.3,336.0,338.2,341.6,-69.49672098360655,20.950819672131146,2,0.03157377049180323,0.03699999999999992
vehicle_002_session_00938,vehicle_002,938,train,119.02408525545638,73.2,360.8,361.6,364.9,368.6,-69.1196731147541,24.295081967213115,1,0.03996721311475419,0.041999999999999815
vehicle_002_session_00939,vehicle_002,939,train,120.51324904870624,59.2,348.2,349.1,352.7,356.8,-70.75247426229508,25.57377049180328,1,0.039131147540983624,0.04100000000000037
vehicle_002_session_00940,vehicle_002,940,train,115.7573973046139,28.0,328.9,329.2,330.5,331.7,-49.97212836065573,24.60655737704918,1,0.019000000000000003,0.02100000000000035
vehicle_002_session_00941,vehicle_002,941,train,121.57984388354693,71.6,356.8,357.4,359.7,362.7,-49.90490852459016,28.80327868852459,1,0.03344262295081963,0.03500000000000014
vehicle_002_session_00942,vehicle_002,942,train,119.73090271100429,62.8,348.8,350.8,354.3,358.5,-69.50983704918032,28.83606557377049,1,0.03852459016393443,0.040000000000000036
vehicle_002_session_00943,vehicle_002,943,train,116.58262560916181,40.0,332.8,333.2,334.6,336.8,-50.100010000000005,30.0,0,0.024508196721311486,0.027000000000000135
vehicle_002_session_00944,vehicle_002,944,train,118.98752375000001,62.8,349.9,350.5,352.7,355.5,-50.100010000000005,32.0,0,0.03322950819672135,0.03500000000000014
vehicle_002_session_00945,vehicle_002,945,train,117.50844360119046,25.2,330.3,330.7,331.7,333.3,-70.08853114754099,29.852459016393443,2,0.025278688524590198,0.028000000000000025
vehicle_002_session_00946,vehicle_002,946,train,118.83426363357847,53.6,343.3,344.3,347.7,351.8,-70.08689114754097,33.50819672131148,1,0.039868852459016356,0.041999999999999815
vehicle_002_session_00947,vehicle_002,947,train,119.65215092592592,50.0,337.4,338.85,342.7,346.9,-60.08134053333334,31.413333333333334,1,0.03748,0.040999999999999925
vehicle_002_session_00948,vehicle_002,948,train,117.43331298428362,44.8,334.6,336.1,339.4,344.1,-70.1246,28.049180327868854,2,0.03609836065573767,0.041999999999999815
vehicle_002_session_00949,vehicle_002,949,train,121.10979667467954,75.2,361.4,362.4,365.8,370.2,-70.11640295081968,30.0,0,0.04163934426229514,0.04300000000000015
vehicle_002_session_00950,vehicle_002,950,train,115.25299057539686,68.4,354.1,356.0,359.6,363.8,-70.0901718032787,27.278688524590162,1,0.03860655737704914,0.04099999999999948
vehicle_002_session_00951,vehicle_002,951,train,116.30859374999996,44.8,337.5,338.0,339.7,342.4,-45.0,19.278688524590162,1,0.028737704918032774,0.03300000000000036
vehicle_002_session_00952,vehicle_002,952,train,119.18267819958848,44.0,334.6,336.3,339.65,344.4,-70.06316381578948,21.039473684210527,2,0.03565789473684209,0.04200000000000026
vehicle_002_session_00953,vehicle_002,953,train,113.33783646953405,42.4,334.9,335.3,336.9,339.3,-49.600010000000005,20.16393442622951,1,0.025999999999999947,0.03000000000000025
vehicle_002_session_00954,vehicle_002,954,train,119.71088270202021,67.2,353.8,354.4,356.8,359.6,-49.60656737704919,22.0,0,0.03370491803278692,0.03500000000000014
vehicle_002_session_00955,vehicle_002,955,train,117.95076674107142,72.0,359.9,360.7,363.6,368.2,-67.40655459016394,22.262295081967213,1,0.03968852459016396,0.04300000000000015
vehicle_002_session_00956,vehicle_002,956,train,117.14998425925926,46.8,338.5,339.1,342.4,347.1,-69.89671229508197,23.39344262295082,1,0.0379344262295082,0.04200000000000026
vehicle_002_session_00957,vehicle_002,957,train,118.4635537615741,57.6,345.0,347.1,351.0,355.2,-70.1623042622951,26.262295081967213,1,0.03959016393442625,0.04300000000000015
vehicle_002_session_00958,vehicle_002,958,train,115.36365984848486,52.0,341.6,342.2,344.9,348.0,-50.20328901639345,24.540983606557376,1,0.034950819672131164,0.037000000000000366
vehicle_002_session_00959,vehicle_002,959,train,120.85855610021787,74.0,359.9,360.3,362.8,365.8,-50.20492852459017,26.0,0,0.034557377049180334,0.036000000000000476
vehicle_002_session_00960,vehicle_002,960,train,117.47999158653846,54.4,342.1,342.7,345.5,348.6,-49.700010000000006,28.049180327868854,1,0.035852459016393445,0.03799999999999981
vehicle_002_session_00961,vehicle_002,961,train,119.5923879166667,75.2,359.7,360.3,362.8,365.8,-49.70492852459017,29.0,0,0.03513114754098361,0.036000000000000476
vehicle_002_session_00962,vehicle_002,962,train,116.13160291438982,32.0,331.1,331.3,332.4,333.6,-50.5,24.60655737704918,1,0.020524590163934445,0.02300000000000013
vehicle_002_session_00963,vehicle_002,963,train,117.13194444444443,56.8,345.3,346.0,348.5,351.4,-50.5,27.278688524590162,1,0.03347540983606556,0.03500000000000014
vehicle_002_session_00964,vehicle_002,964,train,119.29513888888889,76.8,361.8,362.4,364.7,367.8,-50.5,28.0,0,0.03434426229508198,0.036000000000000476
vehicle_002_session_00965,vehicle_002,965,train,119.08492804425065,11.6,324.1,325.75,328.6,330.2,-70.21316592105264,18.88157894736842,1,0.02517105263157892,0.028000000000000025
vehicle_002_session_00966,vehicle_002,966,train,119.06589916939001,73.2,359.1,359.7,362.4,365.5,-50.399989999999995,23.9672131147541,1,0.03357377049180333,0.036000000000000476
vehicle_002_session_00967,vehicle_002,967,train,113.79889429012347,17.2,328.5,328.6,329.2,329.9,-49.718044590163935,18.311475409836067,1,0.017573770491803295,0.018999999999999684
vehicle_002_session_00968,vehicle_002,968,train,117.1670688864087,38.8,333.9,334.2,335.5,337.2,-49.73116065573772,20.508196721311474,1,0.023672131147540975,0.02699999999999969
vehicle_002_session_00969,vehicle_002,969,train,115.63196750000002,43.6,335.7,336.0,337.7,340.2,-50.15902639344262,21.475409836065573,1,0.02772131147540979,0.03200000000000003
vehicle_002_session_00970,vehicle_002,970,train,116.9003197975518,51.6,340.8,341.6,344.7,348.5,-58.45082540983607,24.80327868852459,1,0.03739344262295084,0.039000000000000146
vehicle_002_session_00971,vehicle_002,971,train,119.94658652647976,54.8,341.1,342.9,346.35,349.3,-45.00933426666666,19.92,1,0.03270666666666665,0.03500000000000014
vehicle_002_session_00972,vehicle_002,972,train,118.45997943899786,24.0,328.3,329.6,331.1,332.7,-70.14754786885247,21.9672131147541,2,0.02442622950819674,0.027000000000000135
vehicle_002_session_00973,vehicle_002,973,train,114.97547555555553,44.4,337.2,337.8,340.5,344.7,-70.1491880327869,24.721311475409838,2,0.03532786885245899,0.040000000000000036
vehicle_002_session_00974,vehicle_002,974,train,117.71653398939141,18.0,325.8,326.79999999999995,328.2,329.1,-45.005263684210526,20.68421052631579,1,0.017342105263157912,0.019000000000000128
vehicle_002_session_00975,vehicle_002,975,train,119.72603017895302,45.2,333.6,334.6,336.1,338.9,-35.328011466666666,20.72,5,0.02298666666666662,0.02900000000000036
vehicle_002_session_00976,vehicle_002,976,train,119.06388242102405,75.2,361.3,362.2,365.3,367.8,-62.900005901639354,20.78688524590164,1,0.03839344262295085,0.04100000000000037
vehicle_002_session_00977,vehicle_002,977,train,118.94120048701302,54.0,343.9,344.9,348.6,352.8,-70.49836049180328,25.442622950819672,3,0.04144262295081966,0.04300000000000015
vehicle_002_session_00978,vehicle_002,978,train,117.3122798936632,21.6,327.5,329.1,330.3,332.1,-60.570490983606554,18.295081967213115,6,0.021491803278688538,0.027000000000000135
vehicle_002_session_00979,vehicle_002,979,train,116.37295817901234,47.6,340.0,340.8,344.3,348.5,-70.4311406557377,26.80327868852459,1,0.039540983606557376,0.041999999999999815
vehicle_002_session_00980,vehicle_002,980,train,120.00081584942414,65.2,350.8,352.45,355.74444444444447,359.3,-60.102672533333326,23.933333333333334,1,0.035266666666666675,0.03699999999999992
vehicle_002_session_00981,vehicle_002,981,train,117.02152800359366,36.0,329.9,330.75,331.7,333.6,-35.0706732,18.506666666666668,6,0.017200000000000017,0.02300000000000013
vehicle_002_session_00982,vehicle_002,982,train,117.81075677083335,45.2,336.6,337.4,340.2,344.7,-69.94425672131148,24.737704918032787,1,0.035803278688524585,0.04200000000000026
vehicle_002_session_00983,vehicle_002,983,train,121.34373680555557,77.6,363.3,364.3,367.7,372.1,-69.98196540983606,27.442622950819672,1,0.040803278688524576,0.0420000000000007
vehicle_002_session_00984,vehicle_002,984,train,119.12577221270925,53.2,340.7,342.4,346.9,351.4,-69.5770555737705,24.65573770491803,1,0.04031147540983604,0.04400000000000004
vehicle_002_session_00985,vehicle_002,985,train,114.06528064814815,39.2,335.2,335.5,337.5,340.7,-70.01967295081968,25.950819672131146,2,0.031295081967213076,0.03600000000000003
vehicle_002_session_00986,vehicle_002,986,train,119.102103252924,69.2,356.8,357.5,360.8,364.9,-69.96065704918031,29.0,0,0.03896721311475412,0.04100000000000037
vehicle_002_session_00987,vehicle_002,987,train,116.51469882741347,28.8,329.6,330.8,332.5,334.6,-70.55246409836066,24.37704918032787,1,0.02622950819672135,0.028999999999999915
vehicle_002_session_00988,vehicle_002,988,train,117.62067636959874,53.6,343.8,344.6,348.2,352.4,-70.63935426229509,27.75409836065574,1,0.03934426229508195,0.040999999999999925
vehicle_002_session_00989,vehicle_002,989,train,120.37806258133136,53.2,338.6,340.25,343.70000000000005,346.9,-44.99736815789473,23.223684210526315,1,0.03396052631578951,0.03699999999999992
vehicle_002_session_00990,vehicle_002,990,train,117.61350943486592,62.0,351.0,351.8,355.0,358.9,-69.98524803278688,27.0,0,0.03880327868852461,0.040000000000000036
vehicle_002_session_00991,vehicle_002,991,train,115.70233126929008,40.0,333.8,334.1,335.3,336.9,-44.88360147540983,18.81967213114754,1,0.02290163934426229,0.026000000000000245
vehicle_002_session_00992,vehicle_002,992,train,118.92362331649832,60.4,349.3,350.2,353.6,357.7,-70.08525344262296,24.0327868852459,1,0.036688524590163946,0.039000000000000146
vehicle_002_session_00993,vehicle_002,993,train,117.96057238618828,14.4,325.5,326.7,329.1,330.5,-70.32623639344264,24.278688524590162,1,0.02537704918032785,0.029999999999999805
vehicle_002_session_00994,vehicle_002,994,train,116.36843527421654,43.6,337.1,337.5,339.9,343.9,-70.26886803278688,28.262295081967213,2,0.03385245901639346,0.039000000000000146
vehicle_002_session_00995,vehicle_002,995,train,121.78554337841132,74.8,361.1,362.1,365.3,369.7,-70.27214475409835,31.0,0,0.03945901639344265,0.0420000000000007
vehicle_002_session_00996,vehicle_002,996,train,117.26642366372053,36.4,331.6,332.7,334.9,337.7,-70.16722163934426,25.65573770491803,1,0.028163934426229477,0.03200000000000003
vehicle_002_session_00997,vehicle_002,997,train,118.28840813929737,63.2,351.4,352.4,355.5,359.6,-70.01967573770493,28.885245901639344,1,0.03765573770491806,0.039000000000000146
vehicle_002_session_00998,vehicle_002,998,train,115.8447828762307,31.2,332.1,332.4,333.6,335.8,-69.7688693442623,26.311475409836067,1,0.026737704918032835,0.029999999999999805
vehicle_002_session_00999,vehicle_002,999,train,120.00236960397902,63.2,351.8,352.4,355.7,359.6,-69.79674098360655,30.0,0,0.03791803278688526,0.03999999999999959
vehicle_002_session_01000,vehicle_002,1000,train,116.84948560049024,46.4,337.4,338.0,341.1,345.7,-70.19837065573769,27.442622950819672,1,0.03655737704918037,0.04100000000000037
vehicle_002_session_01001,vehicle_002,1001,train,119.52569171626983,73.6,359.9,360.8,364.1,368.5,-70.20656803278688,29.37704918032787,1,0.039983606557377004,0.041999999999999815
vehicle_002_session_01002,vehicle_002,1002,train,115.95184300108936,26.4,330.3,330.5,331.3,332.4,-49.79674098360658,24.0,0,0.018737704918032814,0.020999999999999908
vehicle_002_session_01003,vehicle_002,1003,train,115.30964322916668,46.8,338.2,338.6,340.8,343.8,-49.80002000000002,26.39344262295082,1,0.030459016393442645,0.0349999999999997
vehicle_002_session_01004,vehicle_002,1004,train,118.34529890689302,37.2,331.9,332.8,335.0,338.0,-70.06721983606558,26.983606557377048,2,0.02913114754098358,0.03299999999999992
vehicle_002_session_01005,vehicle_002,1005,train,119.05863792438272,59.2,348.0,348.9,352.2,356.1,-69.97540786885246,29.360655737704917,1,0.03847540983606557,0.040000000000000036
vehicle_002_session_01006,vehicle_002,1006,train,117.47618402777776,28.4,328.9,329.9,331.3,332.8,-60.850825901639354,27.491803278688526,1,0.022377049180327867,0.02499999999999991
vehicle_002_session_01007,vehicle_002,1007,train,114.69123201884915,48.8,338.9,339.4,342.2,346.0,-58.75902344262296,30.0,1,0.03459016393442627,0.038000000000000256
vehicle_002_session_01008,vehicle_002,1008,train,121.01074664141414,71.2,357.1,357.7,360.3,363.5,-55.901646229508195,31.0,0,0.0343934426229508,0.036000000000000476
vehicle_002_session_01009,vehicle_002,1009,train,117.75813928323414,27.2,329.1,330.1,331.7,333.5,-69.95394973684212,26.88157894736842,2,0.024973684210526346,0.028000000000000025
vehicle_002_session_01010,vehicle_002,1010,train,118.62243810055271,16.8,326.1,327.6,329.6,330.8,-70.03600346666666,24.32,1,0.024826666666666667,0.029999999999999805
vehicle_002_session_01011,vehicle_002,1011,train,118.73149055555557,28.4,331.1,331.4,332.7,334.2,-70.05738147540983,28.83606557377049,2,0.026163934426229538,0.028999999999999915
vehicle_002_session_01012,vehicle_002,1012,train,119.18781124194842,58.8,347.7,348.6,351.8,355.8,-70.06230049180328,32.57377049180328,1,0.03898360655737705,0.040999999999999925
vehicle_002_session_01013,vehicle_002,1013,train,119.6558553410948,52.0,338.8,341.3,346.1,350.7,-70.23279688524592,28.721311475409838,1,0.03980327868852459,0.04200000000000026
vehicle_002_session_01014,vehicle_002,1014,train,117.10472676282056,33.2,330.3,330.5,331.9,333.2,-45.200010000000006,23.0,0,0.019147540983606597,0.02100000000000035
vehicle_002_session_01015,vehicle_002,1015,train,118.02224833333331,54.4,342.7,343.2,345.7,348.5,-45.200010000000006,25.295081967213115,1,0.03275409836065576,0.03500000000000014
vehicle_002_session_01016,vehicle_002,1016,train,119.61628650284906,50.4,337.7,339.4,343.9,348.8,-70.31968360655738,28.62295081967213,1,0.039081967213114764,0.04200000000000026
vehicle_002_session_01017,vehicle_002,1017,train,115.43353291245796,32.0,332.2,332.5,334.06,336.1,-69.77378786885245,25.557377049180328,1,0.027344262295081963,0.029999999999999805
vehicle_002_session_01018,vehicle_002,1018,train,116.91451661220047,58.4,348.3,349.1,352.4,356.1,-69.79510147540984,29.19672131147541,1,0.038721311475409845,0.040000000000000036
vehicle_002_session_01019,vehicle_002,1019,train,117.49188894314241,28.8,328.9,330.2,331.9,333.8,-70.30329704918033,30.721311475409838,1,0.025918032786885283,0.028999999999999915
vehicle_002_session_01020,vehicle_002,1020,train,119.12790356012655,54.8,343.5,344.4,347.8,352.1,-70.32624163934426,33.78688524590164,1,0.040098360655737686,0.04200000000000026
vehicle_002_session_01021,vehicle_002,1021,train,119.8619688368056,55.6,344.7,345.7,349.3,353.5,-70.40326901639344,27.42622950819672,1,0.03968852459016391,0.04200000000000026
vehicle_002_session_01022,vehicle_002,1022,train,119.8970399904215,74.4,359.9,361.0,364.7,369.3,-70.17378049180327,30.885245901639344,1,0.03972131147540984,0.041999999999999815
vehicle_002_session_01023,vehicle_002,1023,train,120.82214135304658,53.6,342.8,343.8,347.8,352.1,-70.06229967213116,24.737704918032787,1,0.04045901639344262,0.04200000000000026
vehicle_002_session_01024,vehicle_002,1024,train,118.4228877010234,12.4,324.4,325.3,327.8,329.6,-70.08525278688525,30.81967213114754,1,0.027295081967213093,0.029999999999999805
vehicle_002_session_01025,vehicle_002,1025,train,117.23513697471509,42.8,336.1,336.8,338.8,342.4,-70.03770770491803,33.91803278688525,2,0.03404918032786884,0.040000000000000036
vehicle_002_session_01026,vehicle_002,1026,train,122.44410669726933,74.0,360.0,361.0,364.3,368.6,-70.04754475409837,36.52459016393443,1,0.041229508196721325,0.04300000000000015
vehicle_002_session_01027,vehicle_002,1027,train,119.73985860042731,58.4,347.5,348.5,351.8,355.8,-70.01147655737705,29.0,0,0.03960655737704918,0.041999999999999815
vehicle_002_session_01028,vehicle_002,1028,train,117.95510356481482,59.2,347.8,348.9,352.1,356.1,-70.12623803278689,33.0,0,0.03959016393442622,0.041999999999999815
vehicle_002_session_01029,vehicle_002,1029,train,120.98301263170505,70.4,355.5,357.2,360.8,365.2,-70.30328573770493,31.9672131147541,1,0.03937704918032783,0.041999999999999815
vehicle_002_session_01030,vehicle_002,1030,train,117.55343119658119,28.4,330.2,330.7,332.2,334.1,-70.11968196721313,28.311475409836067,1,0.026540983606557374,0.02900000000000036
vehicle_002_session_01031,vehicle_002,1031,train,119.08116578565506,54.8,344.4,345.2,348.8,352.7,-70.05902229508197,31.639344262295083,1,0.04019672131147542,0.04200000000000026
vehicle_002_session_01032,vehicle_002,1032,train,118.18963947649573,33.2,331.0,331.6,333.5,335.7,-70.04918524590164,30.16393442622951,2,0.02795081967213118,0.03100000000000014
vehicle_002_session_01033,vehicle_002,1033,train,119.63728424145302,59.6,348.2,348.9,352.2,356.1,-69.9918024590164,33.0,0,0.039557377049180345,0.04100000000000037
vehicle_002_session_01034,vehicle_002,1034,train,117.69745952529024,51.2,341.3,342.1,345.7,349.9,-70.08361114754098,31.918032786885245,1,0.04088524590163933,0.04300000000000015
vehicle_002_session_01035,vehicle_002,1035,train,116.58472412037037,30.0,329.7,330.8,332.5,334.6,-69.9688550819672,28.229508196721312,1,0.026885245901639383,0.03000000000000025
vehicle_002_session_01036,vehicle_002,1036,train,118.70316032848324,60.0,349.1,350.0,353.2,357.1,-69.92295229508198,31.81967213114754,1,0.03963934426229512,0.041999999999999815
vehicle_002_session_01037,vehicle_002,1037,train,119.00214471153846,17.6,325.8,327.4,329.2,330.7,-70.07705573770492,30.78688524590164,1,0.026229508196721343,0.03100000000000014
vehicle_002_session_01038,vehicle_002,1038,train,117.75631154057017,44.0,336.6,337.2,339.6,343.5,-70.0426273770492,33.81967213114754,2,0.0356229508196721,0.04100000000000037
vehicle_002_session_01039,vehicle_002,1039,train,121.44851788522011,74.8,360.5,361.3,364.6,368.9,-70.0475449180328,36.032786885245905,1,0.04155737704918039,0.04300000000000015
vehicle_002_session_01040,vehicle_002,1040,train,116.10684446347031,40.8,335.2,335.7,337.8,341.3,-70.16558327868853,27.278688524590162,1,0.033032786885245906,0.038000000000000256
vehicle_002_session_01041,vehicle_002,1041,train,118.89769374999999,52.4,341.8,343.0,347.4,351.9,-70.26722000000001,21.491803278688526,1,0.041163934426229544,0.04300000000000015
vehicle_002_session_01042,vehicle_002,1042,train,115.94116715399612,31.6,331.9,332.2,333.5,335.2,-60.531155573770505,22.278688524590162,1,0.024786885245901676,0.027000000000000135
vehicle_002_session_01043,vehicle_002,1043,train,115.2210230930335,54.8,345.0,345.8,348.6,352.1,-57.90000459016393,24.950819672131146,1,0.03668852459016392,0.039000000000000146
vehicle_002_session_01044,vehicle_002,1044,train,119.50327941743829,54.0,343.6,344.6,348.2,352.2,-70.0,24.098360655737704,1,0.040557377049180304,0.042999999999999705
vehicle_002_session_01045,vehicle_002,1045,train,117.16823533950623,27.6,330.7,331.0,332.2,334.1,-69.81149196721312,23.442622950819672,1,0.025590163934426244,0.028000000000000025
vehicle_002_session_01046,vehicle_002,1046,train,118.0250541948198,56.8,346.6,347.5,350.8,354.7,-69.83443590163935,27.21311475409836,1,0.039606557377049184,0.04100000000000037
vehicle_002_session_01047,vehicle_002,1047,train,118.98398173076924,50.8,341.4,342.2,346.1,350.3,-70.04918524590164,23.081967213114755,2,0.04019672131147539,0.04200000000000026
vehicle_002_session_01048,vehicle_002,1048,train,121.024313125,77.2,363.9,364.7,368.3,371.3,-68.70000409836064,25.278688524590162,1,0.04100000000000005,0.04300000000000015
vehicle_002_session_01049,vehicle_002,1049,train,117.71859323841223,22.4,327.8,329.15,330.7,332.2,-70.0280036,25.586666666666666,1,0.0247466666666667,0.027000000000000135
vehicle_002_session_01050,vehicle_002,1050,train,116.76439439484128,41.6,335.3,335.8,338.0,341.6,-70.06885918032788,29.262295081967213,1,0.03383606557377048,0.040000000000000036
vehicle_002_session_01051,vehicle_002,1051,train,121.41691946881093,70.0,356.8,357.7,360.8,365.0,-70.05738245901641,31.508196721311474,1,0.04114754098360654,0.04300000000000015
vehicle_002_session_01052,vehicle_002,1052,train,115.95756370192309,40.4,333.2,333.5,334.7,336.6,-45.21804459016394,29.737704918032787,1,0.023573770491803266,0.027000000000000135
vehicle_002_session_01053,vehicle_002,1053,train,118.28060750000004,61.2,348.6,349.1,351.1,353.8,-45.30002000000002,31.0,0,0.0330983606557377,0.03500000000000014
vehicle_002_session_01054,vehicle_002,1054,train,116.97011085950079,30.8,330.2,330.8,332.5,334.6,-70.05738278688526,30.278688524590162,1,0.02726229508196721,0.030999999999999694
vehicle_002_session_01055,vehicle_002,1055,train,118.83820927177177,58.4,347.2,348.0,351.3,355.3,-69.96720983606556,33.19672131147541,1,0.040590163934426174,0.042999999999999705
vehicle_002_session_01056,vehicle_002,1056,train,118.87922962204006,14.8,324.9,326.4,328.6,330.2,-69.19837098360655,26.901639344262296,1,0.02639344262295082,0.030999999999999694
vehicle_002_session_01057,vehicle_002,1057,train,114.77061441854995,39.2,334.9,335.2,337.1,340.0,-69.10164918032787,30.16393442622951,2,0.0315901639344262,0.03600000000000003
vehicle_002_session_01058,vehicle_002,1058,train,118.68285745614034,62.8,351.3,352.2,355.2,359.1,-69.12623950819673,32.950819672131146,1,0.03983606557377052,0.04100000000000037
vehicle_002_session_01059,vehicle_002,1059,train,118.32222222222231,64.4,351.4,351.9,353.9,356.6,-45.14427229508197,27.0,0,0.031918032786885285,0.03400000000000025
vehicle_002_session_01060,vehicle_002,1060,train,118.14793881944448,38.4,332.2,332.5,333.9,335.8,-50.36557409836067,24.557377049180328,1,0.02395081967213116,0.027000000000000135
vehicle_002_session_01061,vehicle_002,1061,train,120.25912379807697,58.8,346.6,347.4,349.9,352.5,-50.30329770491805,27.0,0,0.03470491803278686,0.03699999999999992
vehicle_002_session_01062,vehicle_002,1062,train,119.91667403846155,62.8,351.8,352.7,355.8,359.9,-70.05738213114755,28.0,0,0.04065573770491801,0.04200000000000026
vehicle_002_session_01063,vehicle_002,1063,train,117.08068509615386,51.2,339.4,339.9,342.5,346.0,-50.091812459016396,27.475409836065573,1,0.03545901639344265,0.038000000000000256
vehicle_002_session_01064,vehicle_002,1064,train,119.33547436965813,41.2,333.5,334.29999999999995,336.85,340.5,-69.96578881578948,28.25,2,0.032697368421052614,0.038000000000000256
vehicle_002_session_01065,vehicle_002,1065,train,119.478074960032,42.0,333.8,334.79999999999995,337.6,341.4,-70.47999800000001,23.453333333333333,1,0.03334666666666665,0.039000000000000146
vehicle_002_session_01066,vehicle_002,1066,train,116.78291652199077,39.6,334.1,334.6,336.8,340.0,-70.79182180327868,28.901639344262296,2,0.03262295081967208,0.038000000000000256
vehicle_002_session_01067,vehicle_002,1067,train,116.6273479881536,50.0,340.2,341.0,344.6,348.9,-70.47540737704918,31.59016393442623,1,0.03816393442622951,0.040000000000000036
vehicle_002_session_01068,vehicle_002,1068,train,120.03162204601989,67.2,355.0,355.8,359.1,363.3,-69.99016606557377,28.688524590163933,1,0.036213114754098365,0.038000000000000256
vehicle_002_session_01069,vehicle_002,1069,train,118.3326187006319,13.6,324.1,325.25,327.5,329.1,-60.06133853333333,31.0,0,0.023666666666666676,0.027000000000000135
vehicle_002_session_01070,vehicle_002,1070,train,117.85552797979796,25.2,328.8,328.9,329.6,330.2,-39.90162950819671,27.475409836065573,1,0.015131147540983615,0.017000000000000348
vehicle_002_session_01071,vehicle_002,1071,train,119.44642821848281,65.6,352.7,353.2,355.3,358.3,-49.39671229508196,28.75409836065574,1,0.0305409836065574,0.03200000000000003
vehicle_002_session_01072,vehicle_002,1072,train,117.67428973023509,10.4,323.3,323.8,325.8,327.4,-50.35901868852459,32.0,0,0.021213114754098282,0.02300000000000013
vehicle_002_session_01073,vehicle_002,1073,train,117.23789249727669,31.2,331.1,331.4,332.2,333.5,-50.34754672131148,32.950819672131146,1,0.019934426229508223,0.02200000000000024
vehicle_002_session_01074,vehicle_002,1074,train,120.48803645833328,66.8,354.3,354.9,357.2,360.0,-50.35410213114754,35.0,0,0.031295081967213145,0.03300000000000036
vehicle_002_session_01075,vehicle_002,1075,train,119.31508850762526,65.6,353.0,353.6,355.8,358.8,-49.50491852459017,29.78688524590164,1,0.031196721311475432,0.03200000000000003
vehicle_002_session_01076,vehicle_002,1076,train,117.26190257936507,36.0,333.9,334.4,336.1,338.9,-69.87049196721311,18.557377049180328,1,0.027557377049180272,0.030999999999999694
vehicle_002_session_01077,vehicle_002,1077,train,119.65334285394269,64.4,354.1,354.9,358.0,362.1,-70.01803459016394,22.098360655737704,1,0.03644262295081964,0.038000000000000256
vehicle_002_session_01078,vehicle_002,1078,train,116.73613699494949,17.2,327.7,327.8,328.5,329.2,-45.100010000000005,24.737704918032787,1,0.016098360655737737,0.018000000000000238
vehicle_002_session_01079,vehicle_002,1079,train,116.43394904279282,29.2,331.7,332.1,333.2,335.0,-70.09017262295082,25.40983606557377,1,0.025524590163934446,0.028000000000000025
vehicle_002_session_01080,vehicle_002,1080,train,117.14776207729466,58.8,348.6,349.4,352.8,356.6,-70.10820639344263,29.0,0,0.03667213114754099,0.038000000000000256
vehicle_002_session_01081,vehicle_002,1081,train,115.14942190775686,45.6,336.0,336.3,337.8,340.3,-45.30002000000002,30.459016393442624,1,0.02540983606557374,0.02900000000000036
vehicle_002_session_01082,vehicle_002,1082,train,118.71074423480086,66.8,353.0,353.5,355.5,358.0,-45.30002000000002,32.0,0,0.029540983606557422,0.03100000000000014
vehicle_002_session_01083,vehicle_002,1083,train,116.79400736531987,36.4,331.3,332.5,334.6,337.4,-70.24263770491802,27.278688524590162,2,0.027967213114754082,0.03100000000000014
vehicle_002_session_01084,vehicle_002,1084,train,118.09715434272299,62.8,351.0,351.8,354.9,358.9,-70.27378786885247,30.0,0,0.03721311475409838,0.039000000000000146
vehicle_002_session_01085,vehicle_002,1085,train,116.9026935214487,37.2,331.4,333.2,335.3,338.3,-69.98852622950821,25.40983606557377,1,0.0284262295081967,0.03100000000000014
vehicle_002_session_01086,vehicle_002,1086,train,120.33321740984405,69.2,356.6,357.4,360.7,364.9,-69.99672393442623,28.37704918032787,1,0.037622950819672145,0.03900000000000059
vehicle_002_session_01087,vehicle_002,1087,train,115.26556406494525,32.4,332.4,332.7,334.1,336.3,-70.19181196721311,24.868852459016395,2,0.026639344262295098,0.028999999999999915
vehicle_002_session_01088,vehicle_002,1088,train,118.87154089506174,60.8,349.9,350.8,353.9,358.0,-70.15902606557376,28.34426229508197,1,0.0369508196721312,0.0389999999999997
vehicle_002_session_01089,vehicle_002,1089,train,116.57963074074074,54.0,344.9,345.8,349.3,353.2,-69.94426065573771,25.131147540983605,1,0.036901639344262285,0.039000000000000146
vehicle_002_session_01090,vehicle_002,1090,train,116.80030797558925,34.0,330.8,332.1,334.1,336.4,-70.31803918032789,23.737704918032787,2,0.026672131147540964,0.02900000000000036
vehicle_002_session_01091,vehicle_002,1091,train,118.26438777970678,60.4,349.4,350.3,353.6,357.4,-70.19673098360656,27.229508196721312,1,0.036655737704918034,0.038000000000000256
vehicle_002_session_01092,vehicle_002,1092,train,120.62569571397573,59.2,344.9,346.85,350.3,353.9,-60.07632131578947,27.82894736842105,1,0.034289473684210516,0.03699999999999992
vehicle_002_session_01093,vehicle_002,1093,train,116.67984622264314,18.4,329.2,329.6,330.5,331.7,-69.29018295081968,25.114754098360656,1,0.023213114754098395,0.025000000000000355
vehicle_002_session_01094,vehicle_002,1094,train,116.2285035824515,44.8,337.8,338.5,341.0,345.2,-69.36393524590164,28.42622950819672,1,0.034196721311475435,0.0389999999999997
vehicle_002_session_01095,vehicle_002,1095,train,118.89814467592593,70.0,357.5,358.3,361.6,365.8,-69.41474557377049,30.62295081967213,1,0.037819672131147564,0.04000000000000048
vehicle_002_session_01096,vehicle_002,1096,train,117.14317356542398,45.6,336.6,337.4,340.3,344.9,-70.41474557377049,29.262295081967213,1,0.03483606557377049,0.040000000000000036
vehicle_002_session_01097,vehicle_002,1097,train,115.56894150641027,36.8,333.5,333.8,335.5,338.2,-69.78854344262294,28.639344262295083,1,0.028737704918032774,0.03200000000000003
vehicle_002_session_01098,vehicle_002,1098,train,108.74261856785063,9.2,322.5,323.9,326.7,328.9,-69.2377186885246,27.81967213114754,1,0.02636065573770491,0.028000000000000025
vehicle_002_session_01099,vehicle_002,1099,train,118.0188079044118,33.6,332.2,332.5,333.8,335.7,-69.20000999999999,29.360655737704917,1,0.026606557377049176,0.028999999999999915
vehicle_002_session_01100,vehicle_002,1100,train,121.50027974318658,60.8,348.3,349.1,352.2,356.1,-69.20000999999999,32.459016393442624,1,0.03762295081967214,0.039000000000000146
vehicle_002_session_01101,vehicle_002,1101,train,118.22332741588421,50.4,338.6,339.9,344.1,348.9,-70.2606718032787,30.34426229508197,1,0.038163934426229514,0.040999999999999925
vehicle_002_session_01102,vehicle_002,1102,train,115.42183629115223,48.8,337.8,338.3,340.3,343.3,-45.100010000000005,27.049180327868854,1,0.02944262295081966,0.03300000000000036
vehicle_002_session_01103,vehicle_002,1103,train,118.97436548353907,44.0,334.1,335.2,337.7375,341.3,-60.00933626666667,27.773333333333333,1,0.02913333333333331,0.03500000000000014
vehicle_002_session_01104,vehicle_002,1104,train,115.21444369369367,40.8,335.2,335.5,337.7,341.1,-70.1573818032787,29.262295081967213,1,0.031606557377049156,0.03699999999999992
vehicle_002_session_01105,vehicle_002,1105,train,120.47834273227977,70.4,357.4,358.0,361.3,365.5,-70.15738491803279,31.934426229508198,1,0.03865573770491811,0.04100000000000037
vehicle_002_session_01106,vehicle_002,1106,train,118.47276196581196,62.4,349.3,351.1,354.9,358.9,-69.99508524590165,30.934426229508198,1,0.03690163934426233,0.039000000000000146
vehicle_002_session_01107,vehicle_002,1107,train,116.43714741161617,40.8,335.2,335.7,337.8,341.3,-70.54918524590164,29.9672131147541,2,0.03160655737704914,0.037000000000000366
vehicle_002_session_01108,vehicle_002,1108,train,120.1985256813417,72.0,358.5,359.3,362.7,367.1,-70.59673098360656,33.0,0,0.03896721311475416,0.04100000000000037
vehicle_002_session_01109,vehicle_002,1109,train,116.21422745726498,11.6,325.0,325.7,327.2,328.6,-59.157387049180336,31.0,0,0.02293442622950819,0.02499999999999991
vehicle_002_session_01110,vehicle_002,1110,train,119.06398095760238,37.6,333.3,333.6,334.9,336.9,-59.09837049180329,33.09836065573771,1,0.025459016393442606,0.028000000000000025
vehicle_002_session_01111,vehicle_002,1111,train,122.37878742937858,68.4,354.6,355.2,357.8,361.3,-59.090172950819685,36.0,0,0.035032786885245866,0.03600000000000003
vehicle_002_session_01112,vehicle_002,1112,train,117.26411364638449,48.0,338.9,339.7,342.7,347.2,-69.98033,34.90163934426229,2,0.03745901639344264,0.04100000000000037
vehicle_002_session_01113,vehicle_002,1113,train,115.86432740384619,49.6,339.7,340.2,343.2,346.8,-58.56885852459017,30.75409836065574,1,0.0348524590163935,0.037000000000000366
vehicle_002_session_01114,vehicle_002,1114,train,121.65445640432094,75.6,361.0,361.6,364.3,367.7,-55.27213590163935,32.0,0,0.03480327868852456,0.03699999999999992
vehicle_002_session_01115,vehicle_002,1115,train,119.16979053505692,31.2,329.7,331.05,332.8,334.9,-70.01467146666666,28.186666666666667,2,0.02625333333333336,0.02900000000000036
vehicle_002_session_01116,vehicle_002,1116,train,116.08288828703704,40.4,334.9,335.5,337.5,340.8,-70.82624163934426,32.73770491803279,1,0.03170491803278688,0.03600000000000003
vehicle_002_session_01117,vehicle_002,1117,train,118.57688849579904,32.0,330.5,331.35,333.19998,335.5,-70.11842771052629,28.407894736842106,1,0.026907888157894747,0.029999899999999968
vehicle_002_session_01118,vehicle_002,1118,train,116.76312830687833,21.2,327.2,328.6,330.2,331.6,-70.13771311475409,27.918032786885245,2,0.024295081967213146,0.027000000000000135
vehicle_002_session_01119,vehicle_002,1119,train,116.89336240079362,46.4,338.0,338.6,341.3,345.7,-70.12295786885248,31.42622950819672,1,0.036213114754098386,0.040000000000000036
vehicle_002_session_01120,vehicle_002,1120,train,123.42533101851853,74.8,360.5,361.3,364.7,369.1,-70.12623540983606,33.950819672131146,1,0.03978688524590166,0.041999999999999815
vehicle_002_session_01121,vehicle_002,1121,train,119.93175917892161,60.0,348.5,349.3,352.5,356.4,-69.81313081967214,32.0,0,0.038131147540983616,0.03999999999999959
vehicle_002_session_01122,vehicle_002,1122,train,117.99049091961281,54.4,340.2,341.95000000000005,346.05,349.9,-60.1973772368421,31.0,0,0.03702631578947366,0.039000000000000146
vehicle_002_session_01123,vehicle_002,1123,train,114.62919208333332,39.2,333.3,333.6,334.9,336.4,-45.100010000000005,33.0,0,0.0225081967213115,0.025000000000000355
vehicle_002_session_01124,vehicle_002,1124,train,116.5083591666667,59.2,347.1,347.5,349.6,352.2,-45.100010000000005,35.0,0,0.03165573770491799,0.03299999999999992
vehicle_002_session_01125,vehicle_002,1125,train,117.92765159106894,45.2,336.3,336.9,339.9,344.3,-70.94425672131148,33.59016393442623,1,0.035557377049180314,0.040999999999999925
vehicle_002_session_01126,vehicle_002,1126,train,116.66812356969929,23.6,329.9,330.2,331.1,332.5,-70.23280016393441,30.721311475409838,1,0.025081967213114793,0.027000000000000135
vehicle_002_session_01127,vehicle_002,1127,train,120.63728487540848,67.2,354.6,355.2,358.3,362.5,-70.26395081967213,35.19672131147541,1,0.039508196721311464,0.041999999999999815
vehicle_002_session_01128,vehicle_002,1128,train,117.29739897260276,54.8,345.0,346.0,349.4,353.5,-69.30493655737705,22.19672131147541,1,0.03852459016393442,0.040000000000000036
vehicle_002_session_01129,vehicle_002,1129,train,116.0639873511905,16.4,327.5,328.0,329.1,330.2,-59.998360491803275,25.24590163934426,1,0.02155737704918035,0.02400000000000002
vehicle_002_session_01130,vehicle_002,1130,train,114.1872417695473,38.8,334.4,334.7,336.3,338.6,-59.99508147540983,27.868852459016395,1,0.02724590163934424,0.030999999999999694
vehicle_002_session_01131,vehicle_002,1131,train,117.42171691919187,60.4,349.1,349.9,352.7,356.0,-59.99508147540983,30.0,0,0.03567213114754097,0.037000000000000366
vehicle_002_session_01132,vehicle_002,1132,train,117.79484680454912,35.6,331.6,332.5,334.65,337.4,-70.51866853333333,34.54666666666667,1,0.02955999999999999,0.03299999999999992
vehicle_002_session_01133,vehicle_002,1133,train,119.42232158646328,69.2,353.5,354.79999999999995,357.2,360.2,-46.90788552631578,32.671052631578945,1,0.03173684210526318,0.03300000000000036
vehicle_002_session_01134,vehicle_002,1134,train,118.6604415257649,55.6,343.9,345.0,349.1,353.3,-70.1901731147541,27.80327868852459,1,0.04001639344262294,0.04300000000000015
vehicle_002_session_01135,vehicle_002,1135,train,117.66808896406069,20.0,326.4,327.15,328.3,329.2,-45.112010000000005,24.226666666666667,1,0.017133333333333348,0.019000000000000128
vehicle_002_session_01136,vehicle_002,1136,train,119.94266503577447,65.2,353.2,353.9,357.2,361.3,-70.06393967213113,30.0,0,0.03888524590163938,0.04000000000000048
vehicle_002_session_01137,vehicle_002,1137,train,118.57958334444446,37.6,329.1,331.6,333.1,334.7,-44.48815797368421,28.30263157894737,1,0.021052631578947375,0.02400000000000002
vehicle_002_session_01138,vehicle_002,1138,train,117.89346859093733,15.2,325.2,326.35,328.70000000000005,330.2,-69.94341960526316,31.0,0,0.02677631578947372,0.03100000000000014
vehicle_002_session_01139,vehicle_002,1139,train,117.48360783179012,47.2,337.7,338.3,341.1,345.5,-70.02951049180328,32.01639344262295,2,0.03734426229508203,0.04200000000000026
vehicle_002_session_01140,vehicle_002,1140,train,118.5226297657952,64.0,350.7,351.1,353.2,355.7,-45.100010000000005,34.032786885245905,1,0.03173770491803281,0.03300000000000036
vehicle_002_session_01141,vehicle_002,1141,train,116.71774172794117,28.0,331.0,331.3,332.4,334.1,-70.10656524590163,33.83606557377049,1,0.026557377049180337,0.028999999999999915
vehicle_002_session_01142,vehicle_002,1142,train,118.81121574858759,55.6,344.6,345.5,348.8,352.8,-70.10492475409838,37.0,0,0.03995081967213115,0.04100000000000037
vehicle_002_session_01143,vehicle_002,1143,train,119.714806328405,35.6,330.8,331.6,333.4,335.3,-60.096007866666675,32.10666666666667,1,0.0253066666666667,0.028000000000000025
vehicle_002_session_01144,vehicle_002,1144,train,119.10495775462962,58.8,345.3,347.1,350.8,355.0,-70.65902590163932,33.049180327868854,0,0.0397704918032787,0.04200000000000026
vehicle_002_session_01145,vehicle_002,1145,train,116.4301899545019,41.2,333.0,334.2,336.8,340.3,-69.95081475409836,32.59016393442623,1,0.032114754098360634,0.038000000000000256
vehicle_002_session_01146,vehicle_002,1146,train,118.03853357638889,64.4,352.1,352.8,356.0,359.9,-69.95081475409836,34.63934426229508,1,0.03944262295081971,0.04100000000000037
vehicle_002_session_01147,vehicle_002,1147,train,122.48300313180835,77.2,361.8,362.7,365.5,369.4,-60.10656737704919,37.0,0,0.037868852459016375,0.040000000000000036
vehicle_002_session_01148,vehicle_002,1148,train,118.05352277369282,46.4,337.1,337.8,340.8,345.3,-70.08197491803278,34.18032786885246,1,0.03737704918032786,0.04200000000000026
vehicle_002_session_01149,vehicle_002,1149,train,121.19406507201643,73.6,359.9,360.8,363.9,368.5,-70.02787147540982,36.0,0,0.04095081967213111,0.04300000000000015
vehicle_002_session_01150,vehicle_002,1150,train,118.97494953051647,57.2,345.7,346.6,350.0,354.1,-69.88196262295082,33.57377049180328,1,0.04018032786885245,0.04200000000000026
vehicle_002_session_01151,vehicle_002,1151,train,117.26063862584174,6.8,321.7,322.5,325.0,327.5,-70.11968065573771,36.0,0,0.02798360655737699,0.03000000000000025
vehicle_002_session_01152,vehicle_002,1152,train,118.57882888645223,38.4,333.9,334.4,336.0,338.5,-70.02295295081967,37.557377049180324,1,0.030409836065573747,0.03299999999999992
vehicle_002_session_01153,vehicle_002,1153,train,119.436248746142,61.2,348.9,349.9,353.0,356.9,-70.03442934426229,40.0,0,0.04011475409836067,0.04200000000000026
vehicle_002_session_01154,vehicle_002,1154,train,118.586452905433,55.6,341.9,344.3,348.5,352.7,-70.08197295081968,37.85245901639344,1,0.0413934426229508,0.04499999999999993
vehicle_002_session_01155,vehicle_002,1155,train,116.57508454106284,38.4,333.6,333.9,335.8,338.6,-69.36557409836067,35.52459016393443,1,0.03086885245901638,0.03500000000000014
vehicle_002_session_01156,vehicle_002,1156,train,119.97667350260419,66.0,353.3,354.1,357.2,361.1,-69.35246327868853,38.32786885245902,1,0.039901639344262274,0.04100000000000037
vehicle_002_session_01157,vehicle_002,1157,train,117.57905965818904,26.0,327.4,328.0,328.85,329.69998,-35.07763623684211,32.94736842105263,0,0.014921067105263202,0.016000100000000295
vehicle_002_session_01158,vehicle_002,1158,train,121.40691630630636,68.0,353.3,354.4,357.14999,360.5,-56.56711247368421,34.0,0,0.0353420907894737,0.03700020000000004
vehicle_002_session_01159,vehicle_002,1159,train,114.81494391447373,70.0,355.5,357.25,360.9,365.2,-70.08026776315789,30.0,0,0.039434210526315815,0.04100000000000037
vehicle_002_session_01160,vehicle_002,1160,train,118.25484139928697,21.6,327.5,328.85,330.5,332.1,-74.1173416,28.026666666666667,2,0.026040000000000046,0.028000000000000025
vehicle_002_session_01161,vehicle_002,1161,train,118.60916847613456,52.8,341.9,342.8,346.6,350.8,-70.09345065573771,32.868852459016395,1,0.04140983606557376,0.04300000000000015
vehicle_002_session_01162,vehicle_002,1162,train,119.79994736552027,58.8,346.0,346.9,349.9,353.5,-59.01639508196722,31.0,0,0.03708196721311475,0.040000000000000036
vehicle_002_session_01163,vehicle_002,1163,train,117.38818898080068,21.6,327.8,328.8,330.3,331.7,-70.07705688524591,32.80327868852459,1,0.025278688524590184,0.027000000000000135
vehicle_002_session_01164,vehicle_002,1164,train,116.82243621031748,49.2,339.7,340.3,343.6,348.0,-70.0836149180328,36.114754098360656,2,0.03993442622950818,0.04300000000000015
vehicle_002_session_01165,vehicle_002,1165,train,118.54411944913663,34.8,329.9,330.5,331.7,333.3,-45.06842789473685,33.0,0,0.020263157894736848,0.02300000000000013
vehicle_002_session_01166,vehicle_002,1166,train,118.34200143229165,59.2,346.6,347.5,350.7,354.3,-59.911467213114754,27.049180327868854,1,0.037081967213114735,0.040000000000000036
vehicle_002_session_01167,vehicle_002,1167,train,118.74295062382292,50.8,339.3,339.9,343.0,347.1,-58.791809344262305,25.950819672131146,1,0.037754098360655776,0.040999999999999925
vehicle_002_session_01168,vehicle_002,1168,train,116.6697051649305,42.4,335.7,336.1,338.5,342.2,-70.01475557377049,26.868852459016395,2,0.034180327868852424,0.040000000000000036
vehicle_002_session_01169,vehicle_002,1169,train,118.95933144841266,54.4,343.6,344.6,348.3,352.4,-70.51147655737705,30.360655737704917,1,0.040934426229508186,0.04300000000000015
vehicle_002_session_01170,vehicle_002,1170,train,119.59748241243962,42.8,333.8,335.1,338.0,342.1,-70.41052828947369,26.67105263157895,1,0.03400000000000001,0.040000000000000036
vehicle_002_session_01171,vehicle_002,1171,train,116.55465120545078,31.6,330.2,331.1,333.0,335.2,-70.55410360655738,30.918032786885245,2,0.02796721311475412,0.03200000000000003
vehicle_002_session_01172,vehicle_002,1172,train,117.78969920634923,53.2,342.5,343.5,347.1,351.3,-70.65082967213117,33.49180327868852,1,0.041754098360655724,0.04300000000000015
vehicle_002_session_01173,vehicle_002,1173,train,120.07639230769232,66.4,353.8,354.4,357.8,362.1,-70.86229704918033,32.60655737704918,1,0.040311475409836074,0.04200000000000026
vehicle_002_session_01174,vehicle_002,1174,train,116.63295159313728,39.6,333.5,333.9,335.5,338.0,-60.4311406557377,35.18032786885246,1,0.028524590163934414,0.03200000000000003
vehicle_002_session_01175,vehicle_002,1175,train,117.86780932203385,66.8,353.5,354.3,356.9,360.3,-60.43278016393442,37.0,0,0.03786885245901642,0.039000000000000146
vehicle_002_session_01176,vehicle_002,1176,train,117.59877964691559,20.8,327.1,328.2,329.4,330.7,-60.0360036,32.693333333333335,1,0.0226,0.025000000000000355
vehicle_002_session_01177,vehicle_002,1177,train,118.54636828703704,42.4,333.2,334.1,336.25,339.1,-60.036003866666675,37.52,1,0.030293333333333325,0.03500000000000014
vehicle_002_session_01178,vehicle_002,1178,train,117.96068562250504,18.8,325.7,327.0,328.70000000000005,329.9,-59.97894684210527,32.276315789473685,1,0.023578947368421085,0.028999999999999915
vehicle_002_session_01179,vehicle_002,1179,train,118.69939692460318,22.4,327.5,328.6,330.2,331.6,-70.32623245901638,33.77049180327869,1,0.025786885245901652,0.028000000000000025
vehicle_002_session_01180,vehicle_002,1180,train,118.39134205957599,50.8,340.2,341.0,344.3,348.8,-70.4081875409836,36.50819672131148,1,0.04155737704918034,0.04400000000000004
vehicle_002_session_01181,vehicle_002,1181,train,117.82287779850749,45.2,336.6,337.1,339.7,343.9,-70.20656475409837,34.31147540983606,1,0.03750819672131149,0.04300000000000015
vehicle_002_session_01182,vehicle_002,1182,train,120.90783350134411,72.0,358.2,358.9,362.2,366.4,-70.16558180327868,36.295081967213115,1,0.042360655737704894,0.04499999999999993
vehicle_002_session_01183,vehicle_002,1183,train,118.71527520354404,67.2,354.3,355.2,358.3,362.4,-69.94262163934427,34.0,0,0.04118032786885249,0.04300000000000015
vehicle_002_session_01184,vehicle_002,1184,train,118.19649265491454,56.4,341.1,343.8,347.1,350.2,-49.33116442622953,33.0,0,0.0362950819672131,0.040000000000000036
vehicle_002_session_01185,vehicle_002,1185,train,120.90279486655781,77.2,361.8,362.4,364.9,367.8,-49.80002000000002,33.278688524590166,1,0.036131147540983705,0.038000000000000256
vehicle_002_session_01186,vehicle_002,1186,train,117.8865439133987,49.6,340.3,341.1,344.7,349.6,-74.00983868852458,26.704918032786885,1,0.041065573770491796,0.04300000000000015
vehicle_002_session_01187,vehicle_002,1187,train,123.0201637391068,77.2,363.3,364.3,367.8,371.1,-73.36066049180329,29.049180327868854,1,0.04280327868852454,0.04499999999999993
vehicle_002_session_01188,vehicle_002,1188,train,118.14797451923079,52.0,341.1,342.1,346.0,350.3,-70.00000393442623,31.491803278688526,1,0.04113114754098358,0.04300000000000015
vehicle_002_session_01189,vehicle_002,1189,train,119.466598987759,67.2,351.9,352.9,355.4,358.2,-45.200010000000006,32.05263157894737,0,0.03193421052631582,0.03500000000000014
vehicle_002_session_01190,vehicle_002,1190,train,116.71279075591987,39.6,334.1,334.6,336.6,339.7,-70.7082075409836,32.31147540983606,1,0.032327868852458995,0.037000000000000366
vehicle_002_session_01191,vehicle_002,1191,train,119.21628835978842,64.4,352.2,353.0,356.1,360.2,-70.70164967213113,34.59016393442623,1,0.04067213114754098,0.04200000000000026
vehicle_002_session_01192,vehicle_002,1192,train,118.88638566827701,64.4,352.7,353.5,356.8,360.8,-71.06885885245902,26.0,0,0.039918032786885244,0.04200000000000026
vehicle_002_session_01193,vehicle_002,1193,train,117.07160432692311,37.2,331.6,332.7,334.9,337.7,-70.57213983606556,31.0,0,0.03055737704918032,0.03500000000000014
vehicle_002_session_01194,vehicle_002,1194,train,117.54156944444442,65.6,353.0,353.9,357.1,361.3,-70.61640295081966,33.0,0,0.0411311475409836,0.042999999999999705
vehicle_002_session_01195,vehicle_002,1195,train,118.12961840277777,56.4,345.3,346.1,349.6,353.6,-70.37376836065575,37.278688524590166,1,0.04126229508196719,0.04300000000000015
vehicle_002_session_01196,vehicle_002,1196,train,117.0504385964912,36.8,333.5,333.9,335.3,337.8,-69.99836049180328,29.868852459016395,2,0.03032786885245899,0.03299999999999992
vehicle_002_session_01197,vehicle_002,1197,train,121.62914740143364,67.6,354.3,355.0,358.2,362.2,-70.00491852459017,33.42622950819672,1,0.04118032786885247,0.04300000000000015
vehicle_002_session_01198,vehicle_002,1198,train,118.3782171336207,39.6,332.4,332.8,334.2,336.1,-49.95573327868852,35.01639344262295,1,0.025049180327868882,0.028000000000000025
vehicle_002_session_01199,vehicle_002,1199,train,119.06805432787698,9.6,322.1,323.4,326.20000000000005,328.6,-70.5460572368421,37.0,0,0.028881578947368418,0.030999999999999694
vehicle_002_session_01200,vehicle_002,1200,train,118.4737943497475,28.0,330.3,330.8,331.9,333.6,-69.96720983606556,33.295081967213115,1,0.02678688524590168,0.03000000000000025
vehicle_002_session_01201,vehicle_002,1201,train,118.6549926215278,54.8,343.8,344.7,348.2,352.4,-69.8950793442623,36.47540983606557,1,0.042016393442622944,0.04400000000000004
vehicle_002_session_01202,vehicle_002,1202,train,119.69040642361115,63.6,351.0,351.6,354.3,357.4,-56.963939672131154,34.91803278688525,1,0.0367704918032787,0.03799999999999981
vehicle_002_session_01203,vehicle_002,1203,train,120.71846628787884,16.8,325.5,326.9,329.1,330.5,-70.29346196721312,30.60655737704918,1,0.027655737704918058,0.03299999999999992
vehicle_002_session_01204,vehicle_002,1204,train,116.77555733858864,39.2,334.6,334.9,336.8,339.7,-70.30002,33.377049180327866,1,0.032442622950819615,0.03799999999999981
vehicle_002_session_01205,vehicle_002,1205,train,119.73623359094985,68.8,356.0,356.8,359.9,364.1,-70.34590786885248,36.0,0,0.041688524590163915,0.04300000000000015
vehicle_002_session_01206,vehicle_002,1206,train,120.99225747410549,68.8,355.7,356.3,358.9,362.7,-60.18197721311476,29.0,0,0.0378196721311475,0.040000000000000036
vehicle_002_session_01207,vehicle_002,1207,train,119.31665388888887,50.8,338.6,339.1,341.9,345.5,-49.96065180327868,27.80327868852459,1,0.03552459016393445,0.039000000000000146
vehicle_002_session_01208,vehicle_002,1208,train,118.6421020299145,19.2,327.5,328.0,329.2,330.3,-60.34426836065575,25.065573770491802,1,0.02200000000000003,0.025000000000000355
vehicle_002_session_01209,vehicle_002,1209,train,115.28374560546878,45.2,337.1,337.5,339.7,343.2,-60.37376836065574,28.508196721311474,1,0.033704918032786885,0.039000000000000146
vehicle_002_session_01210,vehicle_002,1210,train,119.66978696895421,70.8,357.2,357.8,360.7,364.3,-60.39179639344262,30.885245901639344,1,0.038508196721311484,0.04000000000000048
vehicle_002_session_01211,vehicle_002,1211,train,120.75300015547268,63.2,351.0,351.8,355.0,359.1,-69.89016344262295,33.0,0,0.041295081967213126,0.04300000000000015
vehicle_002_session_01212,vehicle_002,1212,train,119.32829040404043,65.6,353.2,354.1,357.4,361.4,-69.9026369736842,36.78947368421053,1,0.04126315789473681,0.04300000000000015
vehicle_002_session_01213,vehicle_002,1213,train,119.45061472502803,54.0,341.4,343.09999,347.4,351.8,-69.98026197368421,35.26315789473684,1,0.04297368684210525,0.04699989999999987
vehicle_002_session_01214,vehicle_002,1214,train,117.86321321983273,17.6,326.1,327.4,329.19998,330.69998,-70.12632281578945,34.73684210526316,1,0.026986840789473693,0.03199979999999991
vehicle_002_session_01215,vehicle_002,1215,train,121.78068520130103,66.0,351.6,353.1,356.5,360.8,-70.08158473684212,37.0,0,0.041171052631578935,0.04300000000000015
vehicle_002_session_01216,vehicle_002,1216,train,118.76966228070175,19.2,326.9,327.7,329.4,330.8,-70.6311575409836,33.77049180327869,1,0.027934426229508192,0.03400000000000025
vehicle_002_session_01217,vehicle_002,1217,train,118.6900030864198,49.6,339.4,340.2,343.3,347.8,-70.6327968852459,37.22950819672131,1,0.04157377049180329,0.04500000000000037
vehicle_002_session_01218,vehicle_002,1218,train,116.3122488436544,26.8,330.3,330.7,332.2,334.1,-74.02951065573771,27.475409836065573,1,0.028032786885245922,0.03100000000000014
vehicle_002_session_01219,vehicle_002,1219,train,120.50253150252524,70.8,358.0,358.8,362.2,366.8,-73.96721639344263,32.049180327868854,1,0.04372131147540983,0.04500000000000082
vehicle_002_session_01220,vehicle_002,1220,train,115.7341245246552,22.800001,328.19998,328.85,330.19998,331.6,-61.119487012987015,28.896103896103895,1,0.022649354545454546,0.02499980000000024
vehicle_002_session_01221,vehicle_002,1221,train,114.60368474616855,36.8,331.9,332.8,335.0,337.8,-70.3868844262295,32.459016393442624,1,0.031213114754098353,0.03500000000000014
vehicle_002_session_01222,vehicle_002,1222,train,115.3044072420635,42.8,335.8,336.3,338.6,342.2,-70.22952114754098,32.21311475409836,2,0.035786885245901595,0.04200000000000026
vehicle_002_session_01223,vehicle_002,1223,train,117.26890960837889,52.4,339.6,341.6,346.1,350.8,-70.04262721311476,32.540983606557376,1,0.04378688524590163,0.04699999999999971
vehicle_002_session_01224,vehicle_002,1224,train,115.90347175480775,31.6,329.4,329.9,331.1,332.4,-45.208207540983615,32.967213114754095,1,0.019754098360655767,0.02300000000000013
vehicle_002_session_01225,vehicle_002,1225,train,116.83644560185188,52.4,340.3,341.0,343.3,346.3,-45.200010000000006,35.0,0,0.036360655737704965,0.039000000000000146
vehicle_002_session_01226,vehicle_002,1226,train,115.93929727564102,35.2,332.1,332.4,334.2,336.9,-69.62296081967213,33.16393442622951,1,0.030377049180327863,0.03399999999999981
vehicle_002_session_01227,vehicle_002,1227,train,119.38948775077164,66.8,353.9,354.7,357.8,361.9,-69.68361655737705,36.0,0,0.04232786885245901,0.04400000000000004
vehicle_002_session_01228,vehicle_002,1228,train,116.77431344246033,16.0,326.9,327.5,329.1,330.5,-70.06885721311477,38.032786885245905,1,0.027131147540983596,0.03000000000000025
vehicle_002_session_01229,vehicle_002,1229,train,114.66618149801586,44.0,336.8,337.4,339.7,343.6,-70.04426721311475,41.0,2,0.037426229508196726,0.04300000000000015
vehicle_002_session_01230,vehicle_002,1230,train,119.59144722222221,72.0,358.2,358.9,362.2,366.4,-70.03607442622952,43.0,0,0.04342622950819678,0.04500000000000082
vehicle_002_session_01231,vehicle_002,1231,train,117.87577053872059,18.4,326.9,327.9,329.7,331.0,-70.38289539473683,35.44736842105263,1,0.027921052631578968,0.03500000000000014
vehicle_002_session_01232,vehicle_002,1232,train,117.4155169502015,11.2,323.0,324.14999,326.79999,329.1,-70.04473952631578,40.53947368421053,0,0.029815778947368397,0.032000099999999865
vehicle_002_session_01233,vehicle_002,1233,train,117.67386851092898,24.4,327.2,327.8,328.8,329.6,-39.612010000000005,40.0,0,0.016986666666666695,0.018000000000000238
vehicle_002_session_01234,vehicle_002,1234,train,118.16995343137258,64.8,352.4,353.2,356.3,360.3,-68.61476409836065,38.80327868852459,1,0.0422786885245902,0.04400000000000004
vehicle_002_session_01235,vehicle_002,1235,train,115.29415193452384,30.8,331.7,332.1,333.5,335.7,-74.03606901639345,39.09836065573771,2,0.03040983606557377,0.03299999999999992
vehicle_002_session_01236,vehicle_002,1236,train,117.60512552321156,58.8,347.8,348.8,352.2,356.4,-74.00328377049179,42.0,0,0.04401639344262296,0.04599999999999982
vehicle_002_session_01237,vehicle_002,1237,train,114.92654629629631,30.8,331.3,331.6,333.0,334.9,-69.6327968852459,38.91803278688525,1,0.028934426229508228,0.03200000000000003
vehicle_002_session_01238,vehicle_002,1238,train,118.27112121212122,58.4,347.1,348.0,351.3,355.2,-69.62460016393442,42.0,0,0.043032786885245894,0.04499999999999993
vehicle_002_session_01239,vehicle_002,1239,train,115.9251578682467,37.2,333.9,334.2,336.0,338.8,-71.55574327868852,36.950819672131146,2,0.032606557377049136,0.03699999999999992
vehicle_002_session_01240,vehicle_002,1240,train,117.31819015151514,45.2,334.7,336.1,339.3,343.6,-69.86230049180328,40.78688524590164,1,0.038491803278688515,0.04599999999999982
vehicle_002_session_01241,vehicle_002,1241,train,117.68028113175677,19.6,326.6,328.0,329.6,331.0,-69.98533506666666,37.08,1,0.027200000000000002,0.03200000000000003
vehicle_002_session_01242,vehicle_002,1242,train,118.04267351190477,18.0,327.4,328.0,329.6,331.0,-70.78362163934426,36.459016393442624,1,0.027081967213114743,0.03200000000000003
vehicle_002_session_01243,vehicle_002,1243,train,116.75581426202325,46.4,338.0,338.6,341.4,345.8,-70.84263016393442,39.557377049180324,1,0.03800000000000003,0.04300000000000015
vehicle_002_session_01244,vehicle_002,1244,train,122.3830272904483,73.6,359.4,360.3,363.6,368.0,-70.89015688524589,41.50819672131148,1,0.04196721311475404,0.04400000000000048
vehicle_002_session_01245,vehicle_002,1245,train,115.31447990023474,30.8,331.3,331.6,333.0,335.0,-69.7442768852459,32.032786885245905,2,0.02760655737704922,0.03000000000000025
vehicle_002_session_01246,vehicle_002,1246,train,117.13254195601856,59.2,348.0,348.9,352.2,356.1,-69.76066983606557,35.868852459016395,1,0.04062295081967213,0.04200000000000026
vehicle_002_session_01247,vehicle_002,1247,train,119.76537900301686,0.4,317.8,319.6375,323.0,325.8,-74.80001053333332,41.0,0,0.0332,0.03600000000000003
vehicle_002_session_01248,vehicle_002,1248,train,114.79398799217905,28.8,328.2,328.9,329.95,331.1,-39.636852105263166,30.0,0,0.01663157894736839,0.018000000000000238
vehicle_002_session_01249,vehicle_002,1249,train,118.1820950583736,70.0,354.7,355.375,357.4,359.7,-39.62001,34.0,0,0.030826666666666676,0.03299999999999992
vehicle_002_session_01250,vehicle_002,1250,train,118.3602591655644,47.2,336.1,337.1,338.70000000000005,341.0,-39.60395736842106,32.0,0,0.02734210526315786,0.03200000000000003
vehicle_002_session_01251,vehicle_002,1251,train,117.54962063492066,54.8,343.9,344.7,348.5,352.5,-69.69181327868851,40.0,0,0.04134426229508198,0.04300000000000015
vehicle_002_session_01252,vehicle_002,1252,train,117.49676000775521,16.4,325.3,326.6,328.9,330.3,-69.98399986666666,37.946666666666665,1,0.02853333333333333,0.03299999999999992
vehicle_002_session_01253,vehicle_002,1253,train,117.14864263888894,14.0,324.1,325.5,328.0,329.9,-70.28854344262295,39.52459016393443,1,0.02895081967213114,0.03299999999999992
vehicle_002_session_01254,vehicle_002,1254,train,114.82692795138888,34.0,332.7,333.2,334.4,336.8,-70.28526442622952,41.34426229508197,1,0.029819672131147563,0.03299999999999992
vehicle_002_session_01255,vehicle_002,1255,train,117.70836308551208,61.2,349.6,350.3,353.6,357.4,-70.2688693442623,44.0,0,0.041147540983606554,0.04200000000000026
vehicle_002_session_01256,vehicle_002,1256,train,115.50533705357144,38.4,331.7,333.2,335.5,338.5,-70.04262704918033,38.24590163934426,1,0.031131147540983586,0.03500000000000014
vehicle_002_session_01257,vehicle_002,1257,train,117.4832197337963,60.8,348.9,349.7,353.0,356.9,-70.00000163934426,40.08196721311475,1,0.04127868852459018,0.04300000000000015
vehicle_002_session_01258,vehicle_002,1258,train,117.93940965909093,57.6,343.5,345.2,348.6,352.1,-57.63771262295083,40.0,0,0.038131147540983595,0.042999999999999705
vehicle_002_session_01259,vehicle_002,1259,train,117.86701204104786,13.2,323.5,324.5,326.79999999999995,328.6,-60.140797105263154,38.0,0,0.02639473684210526,0.028999999999999915
vehicle_002_session_01260,vehicle_002,1260,train,114.64185902777781,33.2,332.1,332.4,333.8,336.1,-70.4606518032787,42.09836065573771,1,0.029590163934426227,0.03200000000000003
vehicle_002_session_01261,vehicle_002,1261,train,117.65746253912363,34.0,330.3,331.4,333.2,335.5,-69.93605918032786,37.9344262295082,2,0.028590163934426253,0.03100000000000014
vehicle_002_session_01262,vehicle_002,1262,train,116.44034279586833,24.8,328.3,329.4,330.8,332.5,-69.82105842105264,39.0,0,0.026000000000000047,0.028000000000000025
vehicle_002_session_01263,vehicle_002,1263,train,118.32407777251689,59.2,345.7,347.15,350.3,353.8,-60.02400213333334,44.0,0,0.03849333333333333,0.04100000000000037
vehicle_002_session_01264,vehicle_002,1264,train,117.09158908991232,19.6,328.2,328.6,329.9,331.1,-70.79346196721312,36.967213114754095,0,0.026459016393442628,0.02900000000000036
vehicle_002_session_01265,vehicle_002,1265,train,117.91716005517506,50.0,339.4,340.2,343.3,347.7,-70.80001999999999,40.68852459016394,1,0.040311475409836074,0.04300000000000015
vehicle_002_session_01266,vehicle_002,1266,train,114.64793895833334,45.2,335.8,336.3,337.7,339.7,-44.55902672131149,41.295081967213115,1,0.026934426229508143,0.02900000000000036
vehicle_002_session_01267,vehicle_002,1267,train,118.8906370756173,40.0,331.3,333.19998,335.3,337.8,-59.661848263157914,37.85526315789474,1,0.02843421184210527,0.032000099999999865
vehicle_002_session_01268,vehicle_002,1268,train,116.66559818376065,56.4,344.7,345.5,348.6,352.1,-59.998360491803275,37.0,0,0.03859016393442623,0.04100000000000037
vehicle_002_session_01269,vehicle_002,1269,train,116.44323000672041,12.8,323.5,324.6,326.9,328.8,-60.07541737704919,35.01639344262295,1,0.026147540983606547,0.028999999999999915
vehicle_002_session_01270,vehicle_002,1270,train,114.43662275985665,37.6,333.5,333.8,335.2,337.4,-60.10000983606558,37.377049180327866,1,0.02767213114754098,0.03000000000000025
vehicle_002_session_01271,vehicle_002,1271,train,116.6159805996473,62.4,350.0,350.8,353.5,356.9,-60.1016493442623,39.75409836065574,1,0.0381475409836066,0.039000000000000146
vehicle_002_session_01272,vehicle_002,1272,train,115.99725556576801,44.4,336.6,337.1,339.6,343.6,-70.11312213114753,36.16393442622951,2,0.03606557377049177,0.04200000000000026
vehicle_002_session_01273,vehicle_002,1273,train,121.34199604044835,72.0,357.8,358.8,362.1,366.3,-70.11640131147543,38.0,0,0.04185245901639341,0.04400000000000048
vehicle_002_session_01274,vehicle_002,1274,train,117.15395637042391,28.4,327.1,328.9,330.0,331.1,-44.48683355263157,35.0,0,0.018328947368421066,0.020000000000000018
vehicle_002_session_01275,vehicle_002,1275,train,116.59937246168586,41.6,332.4,333.0,334.65,336.6,-44.99466613333333,38.0,0,0.02449333333333333,0.027000000000000135
vehicle_002_session_01276,vehicle_002,1276,train,116.86727448232323,65.6,352.1,352.8,354.95,357.7,-44.93025618421052,39.0,0,0.03289473684210528,0.03500000000000014
vehicle_002_session_01277,vehicle_002,1277,train,116.58289974647265,16.4,327.4,328.0,329.2,330.5,-70.04426721311475,38.0,0,0.026377049180327912,0.02900000000000036
vehicle_002_session_01278,vehicle_002,1278,train,116.47937123435054,42.0,335.5,335.8,337.8,341.1,-70.04754590163935,40.36065573770492,1,0.03396721311475408,0.039000000000000146
vehicle_002_session_01279,vehicle_002,1279,train,117.29774060395623,48.4,335.7,336.9,340.04999999999995,344.3,-60.073688947368424,35.78947368421053,1,0.035684210526315784,0.04200000000000026
vehicle_002_session_01280,vehicle_002,1280,train,115.79537731481483,31.6,331.4,331.7,333.0,334.9,-69.87869278688525,38.21311475409836,1,0.0284754098360656,0.03200000000000003
vehicle_002_session_01281,vehicle_002,1281,train,117.2815507330247,61.6,349.3,349.9,353.2,357.2,-69.89508639344263,41.65573770491803,1,0.04168852459016394,0.04300000000000015
vehicle_002_session_01282,vehicle_002,1282,train,115.5905481135671,20.4,326.6,327.7,329.1,330.3,-60.03333666666667,30.613333333333333,1,0.02288000000000005,0.027000000000000135
vehicle_002_session_01283,vehicle_002,1283,train,117.343485592869,26.4,330.2,330.5,331.6,333.0,-69.87540918032786,32.63934426229508,1,0.025950819672131167,0.028000000000000025
vehicle_002_session_01284,vehicle_002,1284,train,119.48046383647797,72.0,356.3,357.4,360.8,364.9,-69.92950114754098,37.60655737704918,1,0.04198360655737704,0.04400000000000048
vehicle_002_session_01285,vehicle_002,1285,train,116.54820710784315,29.2,329.2,330.3,331.9,333.8,-70.03442819672131,32.967213114754095,2,0.026836065573770492,0.03000000000000025
vehicle_002_session_01286,vehicle_002,1286,train,118.05361727308295,15.6,326.3,326.9,328.8,330.0,-70.18525704918032,34.0,0,0.027131147540983617,0.03000000000000025
vehicle_002_session_01287,vehicle_002,1287,train,117.26793709117382,44.4,336.3,336.8,339.1,342.7,-70.14591131147542,37.114754098360656,2,0.035442622950819666,0.040999999999999925
vehicle_002_session_01288,vehicle_002,1288,train,116.29307215277773,36.4,329.2,330.7,332.1,333.5,-44.640008,35.0,0,0.020786666666666686,0.02400000000000002
vehicle_002_session_01289,vehicle_002,1289,train,116.68121695788531,65.2,350.8,351.6,354.9,359.1,-69.90982770491803,35.704918032786885,1,0.04150819672131152,0.04300000000000015
vehicle_002_session_01290,vehicle_002,1290,train,116.94854473039214,66.0,350.8,351.6,354.7,358.2,-60.063944918032796,29.0,0,0.037016393442622995,0.039000000000000146
vehicle_002_session_01291,vehicle_002,1291,train,119.13157111473143,2.0,316.7,318.20000000000005,321.3,323.8,-59.969334399999994,34.0,0,0.02978666666666669,0.03200000000000003
vehicle_002_session_01292,vehicle_002,1292,train,116.22904520387702,20.0,326.3,327.6,329.1,330.3,-60.09600666666667,29.013333333333332,1,0.023933333333333338,0.03000000000000025
vehicle_002_session_01293,vehicle_002,1293,train,116.49754431635704,25.2,328.19998,329.19998,330.8,332.4,-70.0894789736842,31.776315789473685,1,0.025368435526315795,0.027000000000000135
vehicle_002_session_01294,vehicle_002,1294,train,119.56084715792183,72.0,355.3,356.0,358.6,362.2,-59.18525590163935,36.0,0,0.03726229508196719,0.039000000000000146
vehicle_002_session_01295,vehicle_002,1295,train,115.45739057074655,24.4,328.6,328.8,329.9,331.0,-59.76231065573772,37.63934426229508,1,0.02272131147540983,0.02499999999999991
vehicle_002_session_01296,vehicle_002,1296,train,115.63495436507937,50.0,337.7,338.3,340.7,344.3,-59.7754273770492,40.14754098360656,1,0.034901639344262304,0.040000000000000036
vehicle_002_session_01297,vehicle_002,1297,train,116.98344334795323,62.8,347.8,348.5,351.3,354.6,-57.40492262295083,38.032786885245905,1,0.03657377049180325,0.0389999999999997
vehicle_002_session_01298,vehicle_002,1298,train,117.44792612547892,62.0,347.8,348.9,352.2,356.3,-70.0868924590164,38.59016393442623,1,0.04103278688524588,0.04300000000000015
vehicle_002_session_01299,vehicle_002,1299,train,115.56663187237947,31.6,330.2,331.0,332.1,333.6,-60.0240024,36.85333333333333,1,0.024173333333333342,0.027000000000000135
vehicle_002_session_01300,vehicle_002,1300,train,117.8045344376139,63.2,348.3,349.1,352.4,356.4,-69.93114950819673,39.0,0,0.0409344262295082,0.04300000000000015
vehicle_002_session_01301,vehicle_002,1301,train,114.33267280251144,28.0,329.9,330.2,331.3,332.8,-69.89508327868853,37.77049180327869,1,0.026344262295082008,0.028999999999999915
vehicle_002_session_01302,vehicle_002,1302,train,115.4626656702899,57.2,343.0,343.86,347.48,351.6,-69.84918491803278,40.91803278688525,1,0.04209836065573771,0.04400000000000004
vehicle_002_session_01303,vehicle_002,1303,train,118.93206160848352,63.2,347.4,348.2,351.8,355.7,-69.95574032786885,39.0,0,0.04149180327868851,0.04400000000000004
vehicle_002_session_01304,vehicle_002,1304,train,115.96915929633249,29.6,328.3,329.2,330.6,331.9,-60.001333466666665,37.0,0,0.023013333333333334,0.025000000000000355
vehicle_002_session_01305,vehicle_002,1305,train,117.76995122087813,55.6,338.9,340.5,344.9,349.7,-69.53443114754097,31.901639344262296,1,0.04175409836065574,0.04400000000000004
vehicle_002_session_01306,vehicle_002,1306,train,116.40120533065027,49.6,335.3,336.5,339.7,344.3,-70.05333773333335,33.86666666666667,1,0.03721333333333331,0.04400000000000004
vehicle_002_session_01307,vehicle_002,1307,train,116.05867763532764,25.6,327.1,328.2,329.6,330.7,-60.128008933333334,32.2,1,0.02246666666666668,0.02499999999999991
vehicle_002_session_01308,vehicle_002,1308,train,117.37644117647062,15.6,323.8,324.7,327.4,329.2,-70.12951721311475,36.0,0,0.02854098360655735,0.03100000000000014
vehicle_002_session_01309,vehicle_002,1309,train,115.60336341089469,42.8,334.4,334.9,336.6,339.4,-70.05410295081967,38.60655737704918,1,0.03236065573770488,0.03600000000000003
vehicle_002_session_01310,vehicle_002,1310,train,117.58770942982457,3.6,317.4,318.5,321.6,324.6,-69.92622278688523,38.868852459016395,1,0.033524590163934456,0.03600000000000003
vehicle_002_session_01311,vehicle_002,1311,train,118.25029121376812,34.4,331.3,331.6,332.7,334.2,-69.94917524590164,39.90163934426229,1,0.027655737704918044,0.03100000000000014
vehicle_002_session_01312,vehicle_002,1312,train,116.65351300990676,37.2,330.2,331.05,332.6,334.4,-59.97466706666666,33.17333333333333,1,0.02517333333333335,0.028000000000000025
vehicle_002_session_01313,vehicle_002,1313,train,116.07581967984932,64.8,348.0,348.8,351.6,355.0,-60.131157540983615,42.0,0,0.038868852459016376,0.040999999999999925
vehicle_002_session_01314,vehicle_002,1314,train,115.983824778583,46.0,333.0,334.2,336.9,340.3,-70.22296475409837,38.885245901639344,2,0.034196721311475366,0.039000000000000146
vehicle_002_session_01315,vehicle_002,1315,train,117.88542881944446,58.0,340.2,341.8,346.4,350.8,-69.55902229508197,38.459016393442624,1,0.04324590163934425,0.04500000000000037
vehicle_002_session_01316,vehicle_002,1316,train,115.36985458754212,39.2,331.9,332.2,333.6,335.5,-60.53607163934428,37.22950819672131,1,0.026754098360655718,0.03000000000000025
vehicle_002_session_01317,vehicle_002,1317,train,116.31026051879086,58.4,341.1,341.9,345.3,349.3,-60.29180786885246,41.65573770491803,1,0.04055737704918034,0.04300000000000015
vehicle_002_session_01318,vehicle_002,1318,train,116.5926842554645,16.4,323.3,324.6,327.4,329.2,-70.16066622950821,33.0,0,0.028459016393442612,0.03100000000000014
vehicle_002_session_01319,vehicle_002,1319,train,115.34417504084969,40.8,333.5,333.8,335.5,337.8,-70.1491906557377,35.32786885245902,1,0.03063934426229507,0.03400000000000025
vehicle_002_session_01320,vehicle_002,1320,train,116.52847283496736,68.4,351.3,352.1,355.2,359.3,-70.15082852459018,38.0,0,0.0416065573770492,0.04300000000000015
vehicle_002_session_01321,vehicle_002,1321,train,118.01120241769549,19.2,324.2,324.9,327.1,328.8,-58.462302131147545,34.91803278688525,1,0.02534426229508194,0.028999999999999915
vehicle_002_session_01322,vehicle_002,1322,train,114.6930222111993,40.8,332.5,332.8,334.1,336.0,-58.38689131147541,36.08196721311475,1,0.02637704918032789,0.02900000000000036
vehicle_002_session_01323,vehicle_002,1323,train,116.90405511363637,66.0,348.3,349.1,351.8,354.9,-56.9573849180328,38.0,0,0.038213114754098394,0.040999999999999925
vehicle_002_session_01324,vehicle_002,1324,train,115.24894336854459,48.8,335.0,335.5,337.7,341.0,-59.752474426229526,29.18032786885246,1,0.03186885245901632,0.03699999999999992
vehicle_002_session_01325,vehicle_002,1325,train,119.23066564542488,77.2,357.8,358.6,361.4,365.0,-59.87704672131148,31.34426229508197,1,0.03909836065573766,0.04100000000000037
vehicle_002_session_01326,vehicle_002,1326,train,116.20008572048614,50.0,336.1,336.6,338.8,342.1,-59.5,34.26229508196721,1,0.033278688524590136,0.040000000000000036
vehicle_002_session_01327,vehicle_002,1327,train,117.25441590909094,76.0,356.6,357.4,360.0,363.6,-59.48196540983606,36.0,0,0.038999999999999944,0.04100000000000037
vehicle_002_session_01328,vehicle_002,1328,train,115.14860837962964,30.4,328.9,329.7,331.1,332.8,-69.97376852459016,35.24590163934426,1,0.026245901639344284,0.028999999999999915
vehicle_002_session_01329,vehicle_002,1329,train,113.35703290343919,54.4,339.7,340.3,343.6,348.2,-69.97541114754098,38.09836065573771,2,0.04185245901639346,0.04400000000000004
vehicle_002_session_01330,vehicle_002,1330,train,116.51961264297388,16.8,325.3,326.0,327.8,329.6,-70.01311721311475,34.0,0,0.027540983606557403,0.03000000000000025
vehicle_002_session_01331,vehicle_002,1331,train,116.13991260162605,44.0,334.4,334.9,336.6,339.3,-69.97049655737705,36.049180327868854,2,0.032245901639344224,0.03600000000000003
vehicle_002_session_01332,vehicle_002,1332,train,119.64143282585474,76.8,357.7,358.5,361.8,366.0,-69.99344344262295,39.0,0,0.04306557377049182,0.04499999999999993
vehicle_002_session_01333,vehicle_002,1333,train,116.33241005842153,44.0,332.1,333.3,335.575,338.6,-70.20401306666666,36.053333333333335,2,0.032133333333333305,0.03600000000000003
vehicle_002_session_01334,vehicle_002,1334,train,117.25226795779398,47.2,333.3,334.5,337.15,340.7,-69.8533376,34.85333333333333,1,0.03413333333333331,0.040000000000000036
vehicle_002_session_01335,vehicle_002,1335,train,116.94503667840377,40.8,331.0,332.1,334.2,336.8,-69.98400093333332,33.68,1,0.030133333333333342,0.03399999999999981
vehicle_002_session_01336,vehicle_002,1336,train,115.047543215812,51.6,337.2,337.7,340.7,344.9,-69.94754098360654,37.622950819672134,1,0.03931147540983606,0.04599999999999982
vehicle_002_session_01337,vehicle_002,1337,train,116.65027639274692,25.6,327.1,328.0,329.4,330.5,-59.97333693333334,34.92,1,0.022706666666666712,0.026000000000000245
vehicle_002_session_01338,vehicle_002,1338,train,115.73979481209152,40.8,331.3,332.1,334.1,336.6,-70.09836704918033,38.377049180327866,1,0.029868852459016437,0.03299999999999992
vehicle_002_session_01339,vehicle_002,1339,train,116.34086806134263,63.6,344.6,346.20000000000005,349.7,353.3,-60.117113421052636,36.5,1,0.03881578947368421,0.04300000000000015
vehicle_002_session_01340,vehicle_002,1340,train,117.40074253138359,56.0,337.7,339.0,342.8,347.1,-59.9546648,36.0,0,0.038280000000000015,0.041999999999999815
vehicle_002_session_01341,vehicle_002,1341,train,114.35700218621395,50.8,336.9,337.5,340.0,343.9,-70.01639868852459,40.57377049180328,1,0.037213114754098345,0.04300000000000015
vehicle_002_session_01342,vehicle_002,1342,train,114.89310341775598,48.4,335.2,335.7,337.5,340.3,-59.43605918032786,39.21311475409836,1,0.030950819672131095,0.03600000000000003
vehicle_002_session_01343,vehicle_002,1343,train,117.59171291928716,69.2,350.7,351.3,354.1,357.4,-59.42622672131148,41.0,0,0.03780327868852464,0.039000000000000146
vehicle_002_session_01344,vehicle_002,1344,train,115.45570622204313,28.800001,328.8,329.5,330.8,332.5,-70.0618457368421,34.8421052631579,1,0.025894725000000018,0.02800020000000014
vehicle_002_session_01345,vehicle_002,1345,train,119.96190754160682,4.8,316.0,317.75,321.20000000000005,324.2,-70.26317421052629,34.5,1,0.03350000000000001,0.03600000000000003
vehicle_002_session_01346,vehicle_002,1346,train,116.6017585223277,42.4,331.6,332.6,334.79999999999995,337.5,-69.88534053333333,41.32,1,0.031253333333333334,0.03500000000000014
vehicle_002_session_01347,vehicle_002,1347,train,117.611870678491,8.8,319.9,321.35,324.2,326.7,-70.82533386666667,38.0,0,0.030533333333333305,0.03400000000000025
vehicle_002_session_01348,vehicle_002,1348,train,116.06832884424605,22.0,325.0,326.35,328.4,329.7,-61.32105644736843,33.921052631578945,1,0.026078947368421083,0.03100000000000014
vehicle_002_session_01349,vehicle_002,1349,train,115.12501701388891,21.2,325.2,326.4,328.9,330.5,-71.15738590163933,36.868852459016395,1,0.029229508196721304,0.03400000000000025
vehicle_002_session_01350,vehicle_002,1350,train,114.92400262762766,49.2,336.6,337.2,339.6,343.3,-71.20000999999998,39.721311475409834,1,0.036983606557377036,0.042999999999999705
vehicle_002_session_01351,vehicle_002,1351,train,117.22681370545075,60.8,343.9,345.0,348.8,353.0,-70.02951409836066,37.77049180327869,1,0.04352459016393442,0.04600000000000026
vehicle_002_session_01352,vehicle_002,1352,train,114.96193689903848,50.0,336.3,336.9,339.6,343.6,-70.0,42.114754098360656,1,0.0380327868852459,0.04400000000000004
vehicle_002_session_01353,vehicle_002,1353,train,117.45780385348581,67.6,349.9,350.7,353.9,357.8,-70.13279573770491,44.0,0,0.04268852459016396,0.04400000000000004
vehicle_002_session_01354,vehicle_002,1354,train,117.73971200587604,20.8,326.6,327.1,328.8,330.2,-69.99016295081967,33.0,0,0.026836065573770485,0.03000000000000025
vehicle_002_session_01355,vehicle_002,1355,train,118.01400874255948,42.0,333.2,333.5,335.0,337.4,-69.96393081967213,34.704918032786885,1,0.030311475409836055,0.03299999999999992
vehicle_002_session_01356,vehicle_002,1356,train,117.0725835294892,6.0,318.5,319.77498749999995,322.69998,325.0,-62.53766794805196,33.857142857142854,1,0.029233757142857173,0.03300000000000036
vehicle_002_session_01357,vehicle_002,1357,train,116.64446678602428,42.8,329.6,329.9,330.3,331.0,-13.928006133333335,33.0,0,0.012573333333333334,0.01399999999999979
vehicle_002_session_01358,vehicle_002,1358,train,116.1578231722608,36.8,328.3,331.1,332.8,335.0,-69.40263526315789,32.89473684210526,1,0.028157894736842153,0.03200000000000003
vehicle_002_session_01359,vehicle_002,1359,train,117.74679472673894,48.4,333.6,334.9,337.7,341.6,-70.04267093333333,34.57333333333333,1,0.035306666666666625,0.04200000000000026
vehicle_002_session_01360,vehicle_002,1360,train,115.97988324759945,16.4,322.5,324.0,326.79999999999995,328.9,-69.42236065789473,38.0,0,0.029236842105263124,0.03200000000000003
vehicle_002_session_01361,vehicle_002,1361,train,116.70764267361109,20.4,323.6,325.6,328.25,329.9,-69.85867226666666,38.61333333333334,-1,0.029333333333333336,0.03299999999999992
vehicle_002_session_01362,vehicle_002,1362,train,117.26954028975096,71.6,352.4,353.2,355.8,359.4,-59.69837065573771,43.0,0,0.03939344262295088,0.04100000000000037
vehicle_002_session_01363,vehicle_002,1363,train,116.4350364583333,69.6,351.1,351.9,354.7,358.2,-60.27214836065575,43.0,0,0.039229508196721344,0.040999999999999925
vehicle_002_session_01364,vehicle_002,1364,train,116.4007195138889,29.6,327.8,328.6,329.9,331.4,-60.71804459016394,38.0,0,0.023409836065573782,0.02499999999999991
vehicle_002_session_01365,vehicle_002,1365,train,114.76514174836605,49.6,335.8,336.4,338.3,341.4,-60.7377186885246,39.9344262295082,1,0.033540983606557336,0.039000000000000146
vehicle_002_session_01366,vehicle_002,1366,train,116.53051484204794,59.6,341.3,341.9,344.1,347.1,-43.540990491803285,41.0,0,0.03703278688524593,0.039000000000000146
vehicle_002_session_01367,vehicle_002,1367,train,114.50885623879927,39.6,330.8,331.7,333.6,336.1,-69.52787163934427,39.19672131147541,1,0.03009836065573772,0.03299999999999992
vehicle_002_session_01368,vehicle_002,1368,train,117.14387565690693,64.4,347.5,348.3,351.8,355.7,-69.55574327868852,41.9344262295082,1,0.04332786885245903,0.04499999999999993
vehicle_002_session_01369,vehicle_002,1369,train,115.25317996424644,28.8,328.5,329.29999999999995,330.8,332.2,-70.23159249999999,37.06578947368421,1,0.026381578947368433,0.02900000000000036
vehicle_002_session_01370,vehicle_002,1370,train,115.68928967581776,12.0,320.5,321.6,323.5,325.5,-46.936005866666676,34.0,0,0.02185333333333331,0.02400000000000002
vehicle_002_session_01371,vehicle_002,1371,train,117.23164491255147,43.6,332.2,333.2,335.5,338.5,-70.27734480000001,37.18666666666667,2,0.032106666666666644,0.03699999999999992
vehicle_002_session_01372,vehicle_002,1372,train,117.07409047170508,9.2,319.6,321.20000000000005,324.1,326.7,-70.35789578947367,38.93421052631579,1,0.030302631578947345,0.03399999999999981
vehicle_002_session_01373,vehicle_002,1373,train,116.57923508230459,56.0,339.9,340.7,344.3,348.8,-69.1983706557377,39.49180327868852,1,0.04304918032786886,0.04600000000000026
vehicle_002_session_01374,vehicle_002,1374,train,116.25477321623094,69.6,349.3,351.4,354.9,359.3,-70.01311901639345,35.885245901639344,1,0.041540983606557384,0.04400000000000004
vehicle_002_session_01375,vehicle_002,1375,train,114.1127987308429,38.8,330.5,331.4,333.5,335.8,-70.12623852459018,36.295081967213115,1,0.029606557377049196,0.03299999999999992
vehicle_002_session_01376,vehicle_002,1376,train,116.55204095319634,62.0,345.2,346.1,349.7,353.9,-70.00819918032786,38.77049180327869,1,0.04383606557377047,0.04700000000000015
vehicle_002_session_01377,vehicle_002,1377,train,115.95926074074077,57.6,341.6,342.4,346.1,350.7,-69.97376983606559,35.57377049180328,1,0.04367213114754096,0.04600000000000026
vehicle_002_session_01378,vehicle_002,1378,train,116.23055020833336,74.0,356.1,356.8,360.2,364.3,-69.95901229508196,37.0,0,0.04313114754098356,0.04499999999999993
vehicle_002_session_01379,vehicle_002,1379,train,116.70637183779768,43.2,331.9,332.8,335.2,338.2,-70.2131268852459,39.77049180327869,1,0.03231147540983603,0.03600000000000003
vehicle_002_session_01380,vehicle_002,1380,train,115.90666377314813,65.6,348.6,349.6,352.8,356.8,-70.24263721311476,42.0,0,0.04311475409836065,0.04599999999999982
vehicle_002_session_01381,vehicle_002,1381,train,117.50476346080674,66.4,348.5,349.4,352.7,356.8,-70.01639721311476,43.0,0,0.043442622950819694,0.04599999999999982
vehicle_002_session_01382,vehicle_002,1382,train,115.30297398273763,8.400001,319.6,321.05,324.1,326.6,-70.04800346666669,35.0,0,0.030733333333333283,0.03500000000000014
vehicle_002_session_01383,vehicle_002,1383,train,117.23767091049386,66.0,348.3,349.1,351.9,355.2,-59.56558032786885,38.0,0,0.03999999999999998,0.04300000000000015
vehicle_002_session_01384,vehicle_002,1384,train,115.98209626906319,15.2,322.4,323.9,326.7,328.9,-69.92666733333333,33.76,1,0.028813333333333305,0.031999999999999584
vehicle_002_session_01385,vehicle_002,1385,train,115.10875602693604,15.6,322.7,324.0,327.0,329.1,-69.96933346666667,35.013333333333335,0,0.029266666666666677,0.03200000000000003
vehicle_002_session_01386,vehicle_002,1386,train,114.73336628668771,39.2,330.5,331.6,333.6,336.1,-70.04918459016393,34.49180327868852,1,0.029901639344262307,0.03300000000000036
vehicle_002_session_01387,vehicle_002,1387,train,114.71516272749045,60.4,343.9,344.9,348.5,352.7,-70.0393468852459,36.83606557377049,1,0.04396721311475406,0.04700000000000015
vehicle_002_session_01388,vehicle_002,1388,train,113.91370610119048,40.0,333.3,333.6,335.2,337.7,-70.10328786885245,30.42622950819672,1,0.030819672131147526,0.03500000000000014
vehicle_002_session_01389,vehicle_002,1389,train,116.53662729519772,62.8,347.1,348.0,351.4,355.3,-70.17541999999999,33.36065573770492,1,0.04308196721311476,0.04499999999999993
vehicle_002_session_01390,vehicle_002,1390,train,115.3884013392857,28.4,328.9,329.4,330.7,332.2,-70.10492557377049,36.377049180327866,1,0.026311475409836103,0.028000000000000025
vehicle_002_session_01391,vehicle_002,1391,train,116.31944839015149,56.8,340.8,341.6,345.0,349.6,-70.02951147540985,39.295081967213115,1,0.04336065573770492,0.04600000000000026
vehicle_002_session_01392,vehicle_002,1392,train,116.41794930227988,40.4,330.8,331.9,333.9,336.4,-69.95467119999999,38.06666666666667,1,0.03061333333333336,0.03400000000000025
vehicle_002_session_01393,vehicle_002,1393,train,116.05215771037581,29.6,328.2,329.65,331.20000000000005,333.0,-74.45921276315791,33.88157894736842,1,0.02763157894736844,0.03100000000000014
vehicle_002_session_01394,vehicle_002,1394,train,118.20751764794689,60.8,341.6,343.85,348.6,353.2,-74.46533786666667,35.68,1,0.0454,0.04900000000000038
vehicle_002_session_01395,vehicle_002,1395,train,117.57329938230997,59.6,340.8,341.70000000000005,343.2,344.9,-24.337335866666667,31.0,0,0.03225333333333337,0.03400000000000025
vehicle_002_session_01396,vehicle_002,1396,train,115.87510935672515,25.6,327.19998,328.3,329.9,331.3,-70.11974349999998,35.026315789473685,2,0.027434189473684197,0.03299999999999992
vehicle_002_session_01397,vehicle_002,1397,train,117.82029771505375,48.0,333.3,334.1375,336.475,339.4,-59.81334079999999,34.81333333333333,1,0.031213333333333294,0.03500000000000014
vehicle_002_session_01398,vehicle_002,1398,train,114.62008887553425,61.2,343.6,344.4,347.7,351.4,-61.28854344262297,42.0,0,0.04196721311475404,0.04400000000000004
vehicle_002_session_01399,vehicle_002,1399,train,117.79882365023475,55.6,339.3,339.9,343.3,348.0,-69.63115754098361,41.75409836065574,1,0.043114754098360686,0.04700000000000015
vehicle_002_session_01400,vehicle_002,1400,train,116.87169109195406,48.0,333.8,335.0,337.875,341.8,-70.0160016,36.413333333333334,1,0.03578666666666667,0.042999999999999705
vehicle_002_session_01401,vehicle_002,1401,train,114.96059836991093,30.0,328.3,329.1,330.375,331.7,-61.20000640000001,33.973333333333336,1,0.023613333333333337,0.025000000000000355
vehicle_002_session_01402,vehicle_002,1402,train,118.15849510201575,51.6,334.9,336.35,339.65,344.3,-70.09079671052632,35.473684210526315,1,0.0388157894736842,0.04500000000000037
vehicle_002_session_01403,vehicle_002,1403,train,117.4799244341564,68.4,349.6,351.3,354.64,358.8,-69.40316555555555,40.95238095238095,1,0.04201587301587305,0.04400000000000004
vehicle_002_session_01404,vehicle_002,1404,train,117.20224767476302,6.8,318.6,320.25,323.5,326.0,-69.95066906666666,36.0,0,0.03133333333333333,0.03500000000000014
vehicle_002_session_01405,vehicle_002,1405,train,116.10504885382954,28.0,327.7,328.85,330.3,331.9,-70.05921460526316,38.38157894736842,1,0.02660526315789474,0.028999999999999915
vehicle_002_session_01406,vehicle_002,1406,train,115.17856847350821,68.8,350.2,352.29999999999995,355.5,359.4,-69.6960032,42.0,0,0.04293333333333335,0.04500000000000037
vehicle_002_session_01407,vehicle_002,1407,train,115.43567406970652,48.4,333.3,334.2,336.8,339.9,-60.311485409836074,38.63934426229508,1,0.032229508196721275,0.037000000000000366
vehicle_002_session_01408,vehicle_002,1408,train,117.29219358974358,69.6,351.1,351.9,354.6,358.0,-60.37868622950819,40.0,0,0.040180327868852506,0.04200000000000026
vehicle_002_session_01409,vehicle_002,1409,train,114.41225724637684,48.0,334.9,335.5,337.4,340.3,-60.1246,37.78688524590164,1,0.032360655737704885,0.037000000000000366
vehicle_002_session_01410,vehicle_002,1410,train,116.595964017094,14.4,322.1,323.5,326.175,328.6,-70.01333653333334,35.0,0,0.0288533333333333,0.030999999999999694
vehicle_002_session_01411,vehicle_002,1411,train,115.33507517361112,62.0,344.6,345.3,348.6,352.2,-60.00491852459016,42.0,0,0.04218032786885239,0.04499999999999993
vehicle_002_session_01412,vehicle_002,1412,train,115.8509637286325,26.0,327.1,328.4,329.9,331.4,-70.01579131578947,38.0,0,0.027065789473684217,0.03100000000000014
vehicle_002_session_01413,vehicle_002,1413,train,116.44326567796608,45.2,332.4,333.55,336.05,339.1,-69.98133146666667,38.04,2,0.03334666666666665,0.038000000000000256
vehicle_002_session_01414,vehicle_002,1414,train,115.37918997284879,30.4,328.19998,329.0,330.3,331.69998,-60.86974276315791,35.078947368421055,1,0.023513134210526348,0.025000200000000028
vehicle_002_session_01415,vehicle_002,1415,train,117.27586549707603,20.4,325.0,325.7,327.7,329.2,-59.79346196721313,33.0,0,0.02590163934426227,0.028999999999999915
vehicle_002_session_01416,vehicle_002,1416,train,116.07936452448217,43.2,333.3,333.6,334.9,337.1,-59.77378786885247,34.704918032786885,1,0.028475409836065547,0.03200000000000003
vehicle_002_session_01417,vehicle_002,1417,train,118.35825364583337,66.8,348.6,349.4,352.2,355.5,-59.79674032786887,37.26229508196721,1,0.0407377049180328,0.04300000000000015
vehicle_002_session_01418,vehicle_002,1418,train,116.49149484953705,16.0,322.4,323.85,326.6,328.9,-70.00933613333335,37.0,0,0.02956,0.03200000000000003
vehicle_002_session_01419,vehicle_002,1419,train,116.61223310855264,6.0,318.0,319.7,323.15,325.7,-69.9184252631579,38.61842105263158,1,0.032013157894736854,0.03600000000000003
vehicle_002_session_01420,vehicle_002,1420,train,117.82450795454544,68.8,350.2,350.8,353.5,356.8,-56.76230147540985,39.0,0,0.03968852459016394,0.040999999999999925
vehicle_002_session_01421,vehicle_002,1421,train,115.71441565784536,23.6,326.1,327.45,329.29999999999995,330.8,-69.96316184210525,36.421052631578945,1,0.029039473684210525,0.03500000000000014
vehicle_002_session_01422,vehicle_002,1422,train,115.76118218954248,14.0,324.1,324.6,326.6,328.6,-69.68853459016394,40.0,0,0.029049180327868806,0.03100000000000014
vehicle_002_session_01423,vehicle_002,1423,train,117.91163320707072,54.0,338.9,339.6,342.4,346.8,-69.68197721311475,43.049180327868854,2,0.04163934426229513,0.04700000000000015
vehicle_002_session_01424,vehicle_002,1424,train,115.45221862623762,28.0,327.5,328.9,330.5,332.1,-69.90263552631579,33.421052631578945,1,0.025578947368421052,0.028000000000000025
vehicle_002_session_01425,vehicle_002,1425,train,116.44182110576922,20.0,324.9,326.1,328.5,330.2,-70.00163950819672,36.0655737704918,1,0.02857377049180329,0.03200000000000003
vehicle_002_session_01426,vehicle_002,1426,train,115.74385536858976,60.8,344.6,345.5,349.1,353.2,-69.91475081967214,40.63934426229508,1,0.042836065573770475,0.04499999999999993
vehicle_002_session_01427,vehicle_002,1427,train,115.93156213624336,38.8,330.5,331.5,333.4,335.8,-70.10790289473685,37.6578947368421,1,0.02940789473684214,0.03399999999999981
vehicle_002_session_01428,vehicle_002,1428,train,117.55913967261908,41.6,331.1,332.2,334.4,337.1,-70.04605710526316,40.28947368421053,1,0.030855263157894722,0.03500000000000014
vehicle_002_session_01429,vehicle_002,1429,train,115.0074467995169,40.8,333.2,333.6,335.2,337.7,-69.93606508196721,41.295081967213115,1,0.031016393442622928,0.03400000000000025
vehicle_002_session_01430,vehicle_002,1430,train,117.09724638888886,23.2,325.7,326.6,328.6,329.9,-60.206568524590175,35.85245901639344,1,0.02619672131147542,0.031999999999999584
vehicle_002_session_01431,vehicle_002,1431,train,114.50482911324791,57.6,341.1,341.8,344.7,348.6,-60.21148688524591,39.19672131147541,1,0.03993442622950817,0.04200000000000026
vehicle_002_session_01432,vehicle_002,1432,train,116.0573158360566,46.8,333.0,333.9,336.1,339.1,-60.46065180327868,39.131147540983605,1,0.030622950819672114,0.03500000000000014
vehicle_002_session_01433,vehicle_002,1433,train,115.8809715169271,33.6,328.8,329.95,331.6,333.5,-70.02500355263157,36.671052631578945,1,0.02692105263157899,0.03000000000000025
vehicle_002_session_01434,vehicle_002,1434,train,116.08818315123254,8.400001,319.4,321.05,323.9,326.6,-70.01315986842106,39.0,0,0.030381578947368378,0.03400000000000025
vehicle_002_session_01435,vehicle_002,1435,train,118.45529471247565,52.0,338.0,338.6,341.3,345.2,-69.97466893333335,42.346666666666664,1,0.038706666666666695,0.04400000000000004
vehicle_002_session_01436,vehicle_002,1436,train,116.04554056520062,25.6,326.3,327.15,328.3,329.2,-45.672011600000005,35.42666666666667,1,0.020066666666666684,0.02400000000000002
vehicle_002_session_01437,vehicle_002,1437,train,116.42985437499999,55.2,338.3,338.9,341.8,346.0,-59.881962622950816,38.459016393442624,1,0.038426229508196734,0.04300000000000015
vehicle_002_session_01438,vehicle_002,1438,train,115.671115625,22.4,327.1,327.5,328.9,330.0,-60.40491114754098,37.0,0,0.024295081967213132,0.028000000000000025
vehicle_002_session_01439,vehicle_002,1439,train,114.23716249999995,50.4,336.9,337.4,339.6,342.8,-60.40162950819671,39.47540983606557,1,0.03419672131147542,0.040000000000000036
vehicle_002_session_01440,vehicle_002,1440,train,117.31505882745728,52.0,337.1,337.8,340.5,344.9,-70.2885368852459,40.0,2,0.03918032786885245,0.04500000000000037
vehicle_002_session_01441,vehicle_002,1441,train,114.83493522313296,50.8,336.4,336.9,339.1,342.4,-60.04754573770493,41.63934426229508,1,0.03421311475409834,0.039000000000000146
vehicle_002_session_01442,vehicle_002,1442,train,113.9593319243156,29.6,329.1,329.4,330.8,332.4,-69.90327229508196,39.295081967213115,1,0.026475409836065607,0.02900000000000036
vehicle_002_session_01443,vehicle_002,1443,train,114.17483782679739,57.2,341.1,341.9,345.5,349.9,-69.89016147540983,42.295081967213115,1,0.04342622950819674,0.04600000000000026
vehicle_002_session_01444,vehicle_002,1444,train,113.45058721139971,26.8,329.4,329.6,330.5,331.7,-66.22787360655738,40.0,0,0.02477049180327872,0.026000000000000245
vehicle_002_session_01445,vehicle_002,1445,train,116.17873524170976,46.0,332.7,333.8,336.35,339.7,-70.09342802631579,39.68421052631579,1,0.03386842105263155,0.039000000000000146
vehicle_002_session_01446,vehicle_002,1446,train,115.32881605936592,28.800001,328.6,329.29999,330.8,332.4,-70.09211047368419,39.223684210526315,1,0.02668421710526317,0.02900020000000003
vehicle_002_session_01447,vehicle_002,1447,train,114.49262777380956,17.2,323.2,324.475,327.2,329.2,-69.91200400000001,38.96,1,0.029746666666666654,0.03200000000000003
vehicle_002_session_01448,vehicle_002,1448,train,115.98680342741939,56.0,338.8,339.6,342.4,346.4,-60.21148655737705,45.704918032786885,1,0.03972131147540986,0.04400000000000004
vehicle_002_session_01449,vehicle_002,1449,train,114.49922019408831,14.8,322.7,323.9,326.54999999999995,328.8,-69.96266933333334,39.92,1,0.02945333333333332,0.03200000000000003
vehicle_002_session_01450,vehicle_002,1450,train,115.26969711119186,14.4,321.6,323.1,325.875,328.5,-70.58134133333333,42.0,0,0.0298133333333333,0.03200000000000003
vehicle_002_session_01451,vehicle_002,1451,train,114.25599986842106,35.2,329.9,330.75,332.45,334.4,-69.9866704,35.28,1,0.02820000000000002,0.03100000000000014
vehicle_002_session_01452,vehicle_002,1452,train,114.90152517361109,29.6,328.0,329.4,331.0,332.5,-70.09606013157895,32.46052631578947,1,0.026000000000000023,0.028000000000000025
vehicle_002_session_01453,vehicle_002,1453,train,114.71792996847587,31.6,329.1,329.9,331.3375,333.0,-69.98400146666667,36.42666666666667,1,0.026840000000000027,0.03100000000000014
vehicle_002_session_01454,vehicle_002,1454,train,114.52152689128945,31.6,328.9,329.95,331.55,333.3,-70.13421794736841,35.18421052631579,2,0.027078947368421074,0.03000000000000025
vehicle_002_session_01455,vehicle_002,1455,train,116.53399881572544,63.600002,346.4,347.9,351.70000000000005,355.8,-70.05921384210527,38.81578947368421,1,0.04388158815789473,0.04800000000000004
vehicle_002_session_01456,vehicle_002,1456,train,115.64499418154762,13.6,321.7,323.2,326.0,328.5,-69.93333546666668,36.86666666666667,1,0.029119999999999962,0.03100000000000014
vehicle_002_session_01457,vehicle_002,1457,train,114.43927435263653,27.2,327.8,328.9,330.5,331.9,-70.12800826666667,35.92,2,0.026400000000000035,0.028000000000000025
vehicle_002_session_01458,vehicle_002,1458,train,115.91892485119045,70.8,351.4,352.8,355.8,359.4,-60.28034459016394,39.9344262295082,1,0.039163934426229535,0.040999999999999925
vehicle_002_session_01459,vehicle_002,1459,train,115.15085937037038,12.8,321.6,322.9,325.69998,328.19998,-70.11579597368419,38.973684210526315,1,0.02950000131578944,0.032000099999999865
vehicle_002_session_01460,vehicle_002,1460,train,115.47364136782296,38.8,330.69998,331.6,333.5,336.0,-70.00394757894738,38.0,0,0.030105276315789496,0.03300000000000036
vehicle_002_session_01461,vehicle_002,1461,train,116.9628537152778,53.6,336.4,337.74444444444447,341.475,346.4,-70.0040044,40.42666666666667,1,0.041800000000000004,0.04700000000000015
vehicle_002_session_01462,vehicle_002,1462,train,115.79115087145968,65.6,348.5,349.4,352.8,356.8,-70.2623113114754,38.9344262295082,1,0.043754098360655726,0.04599999999999982
vehicle_002_session_01463,vehicle_002,1463,train,115.7189314093807,59.6,340.5,342.4,347.2,351.8,-71.0229526229508,40.39344262295082,1,0.04593442622950819,0.04900000000000038
vehicle_002_session_01464,vehicle_002,1464,train,115.50413307344922,32.4,327.2,327.7,328.3,328.9,-25.852004933333323,38.04,-1,0.013199999999999996,0.015000000000000124
vehicle_002_session_01465,vehicle_002,1465,train,116.72609455357141,69.6,350.3,352.0,355.5,359.7,-69.80267013333334,36.89333333333333,1,0.04292000000000002,0.04400000000000004
vehicle_002_session_01466,vehicle_002,1466,train,115.36467234756097,32.0,328.8,329.9,331.4,333.3,-70.15263999999998,33.9078947368421,1,0.02721053026315792,0.03000000000000025
vehicle_002_session_01467,vehicle_002,1467,train,114.70697084681773,47.6,332.7,333.5,335.3,337.4,-44.73334306666667,35.89333333333333,1,0.026466666666666677,0.028999999999999915
vehicle_002_session_01468,vehicle_002,1468,train,116.42237478710463,42.8,331.4,332.6,334.79999999999995,337.5,-70.04400493333334,34.973333333333336,2,0.03166666666666665,0.03600000000000003
vehicle_002_session_01469,vehicle_002,1469,train,115.73612624999998,76.0,356.6,357.2,360.2,363.9,-62.07213836065574,41.80327868852459,1,0.041721311475409806,0.04400000000000048
vehicle_002_session_01470,vehicle_002,1470,train,114.69657649572649,67.6,349.9,350.7,353.5,357.1,-59.98524442622951,39.0,0,0.04036065573770496,0.04200000000000026
vehicle_002_session_01471,vehicle_002,1471,train,114.60953943920336,18.8,323.9,325.0,327.4,329.1,-59.506558032786884,37.0,0,0.02739344262295081,0.030999999999999694
vehicle_002_session_01472,vehicle_002,1472,train,111.55671238425926,40.0,332.7,333.0,334.2,336.3,-59.501639508196725,38.442622950819676,1,0.02786885245901641,0.03100000000000014
vehicle_002_session_01473,vehicle_002,1473,train,113.62847222222224,64.0,347.2,348.0,351.0,354.3,-59.49508147540983,40.52459016393443,1,0.041163934426229495,0.04300000000000015
vehicle_002_session_01474,vehicle_002,1474,train,113.0669642469618,43.6,333.8,334.1,335.8,338.3,-60.552464262295096,40.60655737704918,1,0.030344262295081945,0.03299999999999992
vehicle_002_session_01475,vehicle_002,1475,train,114.639685677682,26.0,327.5,328.5,330.0,331.4,-70.11334093333333,34.53333333333333,1,0.026880000000000005,0.03100000000000014
vehicle_002_session_01476,vehicle_002,1476,train,115.33420816822068,35.2,329.7,330.7,332.4,334.4,-69.96710592105264,36.73684210526316,1,0.02859210526315792,0.03200000000000003
vehicle_002_session_01477,vehicle_002,1477,train,115.01765941764128,12.4,321.4,322.7,325.3,328.0,-70.4377006557377,36.0,0,0.029327868852458982,0.03200000000000003
vehicle_002_session_01478,vehicle_002,1478,train,115.49675476851856,35.6,331.6,331.7,333.0,334.9,-70.47540737704918,37.557377049180324,1,0.02903278688524593,0.03200000000000003
vehicle_002_session_01479,vehicle_002,1479,train,118.03529938271608,66.0,348.3,349.1,352.5,356.4,-70.4688493442623,41.0,0,0.044360655737704924,0.04600000000000026
vehicle_002_session_01480,vehicle_002,1480,train,113.75455460503471,18.8,324.4,325.4,328.1,329.9,-69.87762828947368,37.89473684210526,1,0.029789473684210522,0.03299999999999992
vehicle_002_session_01481,vehicle_002,1481,train,114.781644052896,19.2,324.1,325.4,328.125,329.9,-69.93200066666667,37.93333333333333,1,0.030226666666666666,0.03399999999999981
vehicle_002_session_01482,vehicle_002,1482,train,114.12326224922842,48.0,334.9,335.3,337.2,340.0,-60.998360491803275,39.59016393442623,1,0.03267213114754095,0.038000000000000256
vehicle_002_session_01483,vehicle_002,1483,train,117.53005241720088,76.8,356.8,357.5,360.3,363.9,-60.9918024590164,42.0,0,0.04196721311475404,0.04400000000000048
vehicle_002_session_01484,vehicle_002,1484,train,115.29669583822377,4.8,317.2,319.0,322.4,325.0,-70.06184684210527,44.0,0,0.03381578947368424,0.037000000000000366
vehicle_002_session_01485,vehicle_002,1485,train,117.3467448515326,52.4,335.7,337.1,340.5,345.3,-69.51639508196722,33.77049180327869,1,0.04018032786885245,0.04700000000000015
vehicle_002_session_01486,vehicle_002,1486,train,114.79364832285114,57.2,341.8,342.5,346.4,351.0,-70.6327968852459,33.77049180327869,1,0.046,0.04900000000000038
vehicle_002_session_01487,vehicle_002,1487,train,116.2368835775336,57.2,338.8,340.5,344.95,349.9,-69.87105855263157,38.8421052631579,1,0.04555263157894736,0.04899999999999993
vehicle_002_session_01488,vehicle_002,1488,train,115.09086909496752,31.6,329.1,329.9,331.4,333.0,-70.06933826666668,37.053333333333335,2,0.02745333333333337,0.03000000000000025
vehicle_002_session_01489,vehicle_002,1489,train,114.63571898717363,20.8,325.3,326.6,328.975,330.5,-70.67867693333335,32.946666666666665,1,0.029279999999999997,0.03400000000000025
vehicle_002_session_01490,vehicle_002,1490,train,113.80186604482323,27.2,328.2,329.0,330.3,331.9,-69.8786684,35.78666666666667,1,0.026906666666666686,0.03000000000000025
vehicle_002_session_01491,vehicle_002,1491,train,114.99232684232027,29.6,328.0,329.2,330.7375,332.4,-70.1200076,33.76,1,0.02640000000000001,0.028999999999999915
vehicle_002_session_01492,vehicle_002,1492,train,117.76339450757577,75.6,355.0,356.8,360.5,364.7,-69.94400213333331,33.266666666666666,1,0.04347999999999994,0.04500000000000082
vehicle_002_session_01493,vehicle_002,1493,train,115.62498583333335,58.0,341.1,341.9,345.2,349.1,-59.88360147540983,38.32786885245902,1,0.042999999999999976,0.04500000000000037
vehicle_002_session_01494,vehicle_002,1494,train,116.4602063888889,67.6,350.3,351.3,354.6,358.6,-69.72460295081967,38.90163934426229,1,0.042852459016393486,0.04499999999999993
vehicle_002_session_01495,vehicle_002,1495,train,114.53658367424242,20.4,324.6,326.0,328.6,330.2,-70.80935053333333,37.70666666666666,1,0.029959999999999994,0.03399999999999981
vehicle_002_session_01496,vehicle_002,1496,train,114.6411943941224,62.0,344.9,345.7,348.9,352.7,-59.922943114754105,34.0,0,0.041508196721311445,0.04400000000000004
vehicle_002_session_01497,vehicle_002,1497,train,114.29622315705132,30.0,330.2,330.5,331.6,333.3,-70.15738721311476,30.0327868852459,2,0.02668852459016398,0.02900000000000036
vehicle_002_session_01498,vehicle_002,1498,train,115.5623636982571,27.6,329.6,329.9,331.0,332.4,-69.0065580327869,30.049180327868854,1,0.024786885245901655,0.028000000000000025
vehicle_002_session_01499,vehicle_002,1499,train,114.57488610572786,38.0,330.3,331.6,333.5,335.8,-69.99605460526315,28.907894736842106,1,0.02828947368421055,0.03100000000000014
vehicle_002_session_01500,vehicle_002,1500,train,114.02738945413438,49.2,336.3,336.9,339.3,343.2,-70.60001000000001,30.639344262295083,1,0.03631147540983604,0.04200000000000026
vehicle_002_session_01501,vehicle_002,1501,train,110.01874002425048,72.4,353.5,354.6,358.0,362.2,-70.47048885245901,33.40983606557377,1,0.04190163934426227,0.04400000000000004
vehicle_002_session_01502,vehicle_002,1502,train,113.23079126984123,38.8,332.2,332.4,333.6,335.3,-60.39017065573771,30.721311475409838,1,0.026245901639344277,0.02900000000000036
vehicle_002_session_01503,vehicle_002,1503,train,115.35745999180473,33.2,327.7,328.5,329.7,330.7,-40.973337066666666,27.32,1,0.01706666666666668,0.019000000000000128
vehicle_002_session_01504,vehicle_002,1504,train,116.1857045108431,6.4,318.3,320.25,323.55,326.1,-69.91733413333334,32.0,0,0.030893333333333325,0.03400000000000025
vehicle_002_session_01505,vehicle_002,1505,train,113.97173142443394,13.2,322.8,324.0,326.7,328.9,-69.90800133333335,28.133333333333333,1,0.027546666666666664,0.03000000000000025
vehicle_002_session_01506,vehicle_002,1506,train,115.79642128164,37.600002,330.69998,331.5,333.24999,335.5,-70.10921642105264,33.776315789473685,1,0.02897370921052634,0.03300000000000036
vehicle_002_session_01507,vehicle_002,1507,train,112.22499203144507,10.0,320.7,322.4,325.2,327.8,-69.98266600000001,28.0,0,0.02843999999999997,0.03100000000000014
vehicle_002_session_01508,vehicle_002,1508,train,114.06186281446543,21.2,325.5,326.9,329.2,330.8,-70.18853491803279,27.19672131147541,1,0.0278360655737705,0.03299999999999992
vehicle_002_session_01509,vehicle_002,1509,train,116.08866794871791,56.4,339.6,340.3,343.6,348.0,-59.32951672131148,24.295081967213115,1,0.039590163934426256,0.04300000000000015
vehicle_002_session_01510,vehicle_002,1510,train,115.30129995519715,25.6,328.5,328.8,329.9,331.0,-59.5081975409836,24.83606557377049,1,0.021803278688524615,0.025000000000000355
vehicle_002_session_01511,vehicle_002,1511,train,113.35116385135133,50.8,337.4,337.8,340.0,343.3,-59.5,27.81967213114754,1,0.03385245901639345,0.039000000000000146
vehicle_002_session_01512,vehicle_002,1512,train,114.87344869500375,38.0,331.0,331.7,333.6,336.0,-70.08421592105263,25.026315789473685,2,0.028368421052631557,0.03100000000000014
vehicle_002_session_01513,vehicle_002,1513,train,112.95732986111112,43.2,333.9,334.2,336.1,339.1,-69.42950114754098,30.540983606557376,1,0.03175409836065571,0.03500000000000014
vehicle_002_session_01514,vehicle_002,1514,train,115.19283530982905,71.2,353.8,354.6,357.7,361.8,-69.43769868852458,33.18032786885246,1,0.04224590163934423,0.04400000000000004
vehicle_002_session_01515,vehicle_002,1515,train,114.26320604166669,21.6,327.7,328.0,329.1,330.2,-61.19836754098362,30.0,0,0.022262295081967216,0.025000000000000355
vehicle_002_session_01516,vehicle_002,1516,train,112.82709083333336,39.6,332.1,332.4,333.6,335.7,-60.18196983606558,29.721311475409838,1,0.02608196721311475,0.02900000000000036
vehicle_002_session_01517,vehicle_002,1517,train,115.993722389633,45.2,334.9,335.2,337.1,339.9,-69.91146655737704,33.40983606557377,1,0.03239344262295079,0.03600000000000003
vehicle_002_session_01518,vehicle_002,1518,train,113.89294402033732,18.4,324.1,325.5,328.2,329.9,-70.1040076,31.973333333333333,1,0.02815999999999999,0.031999999999999584
vehicle_002_session_01519,vehicle_002,1519,train,115.74954574932799,10.4,320.2,321.9,324.79999999999995,327.2,-70.08000573333334,33.0,0,0.028626666666666616,0.03200000000000003
vehicle_002_session_01520,vehicle_002,1520,train,117.5999880387932,74.4,354.3,355.6,359.35,363.8,-70.34267080000001,32.46666666666667,1,0.04169333333333331,0.04400000000000048
vehicle_002_session_01521,vehicle_002,1521,train,114.79474573611112,28.0,328.2,329.4,331.0,332.4,-69.93066666666667,26.866666666666667,1,0.02540000000000002,0.028999999999999915
vehicle_002_session_01522,vehicle_002,1522,train,114.82898904231266,46.8,333.0,334.29999999999995,337.15,340.7,-70.15334306666666,33.986666666666665,2,0.03379999999999997,0.039000000000000146
vehicle_002_session_01523,vehicle_002,1523,train,114.28974549180329,26.0,326.6,327.9,329.4,330.7,-60.92400986666667,32.78666666666667,1,0.02350666666666669,0.027000000000000135
vehicle_002_session_01524,vehicle_002,1524,train,114.82091364044172,33.2,329.69998,330.59999,332.19998,334.1,-70.0986897368421,26.82894736842105,1,0.02669736447368422,0.03000019999999992
vehicle_002_session_01525,vehicle_002,1525,train,114.56772673611111,53.2,338.0,338.6,341.1,345.0,-59.61968114754099,27.672131147540984,1,0.03596721311475412,0.040999999999999925
vehicle_002_session_01526,vehicle_002,1526,train,115.38253339120365,62.4,344.9,346.0,349.4,353.2,-60.01639508196722,30.0,0,0.03996721311475406,0.04400000000000004
vehicle_002_session_01527,vehicle_002,1527,train,113.4228262553419,37.2,331.7,332.1,333.6,335.7,-70.20820836065573,30.42622950819672,1,0.02885245901639346,0.03200000000000003
vehicle_002_session_01528,vehicle_002,1528,train,115.49261615257551,14.0,321.3,322.29999999999995,324.2,326.1,-46.493335066666674,29.0,0,0.021173333333333304,0.02300000000000013
vehicle_002_session_01529,vehicle_002,1529,train,113.36996477272724,34.8,329.2,330.3,331.7,333.5,-60.83771327868853,31.295081967213115,1,0.02452459016393442,0.028000000000000025
vehicle_002_session_01530,vehicle_002,1530,train,113.41500803755139,56.8,340.7,341.3,344.3,348.3,-58.57705508196722,33.73770491803279,1,0.03945901639344264,0.04200000000000026
vehicle_002_session_01531,vehicle_002,1531,train,114.22022793079095,32.8,328.8,329.7,331.1,332.7,-59.534429672131154,27.475409836065573,1,0.02273770491803281,0.025000000000000355
vehicle_002_session_01532,vehicle_002,1532,train,115.07700286835745,56.8,340.5,341.1,344.1,348.2,-59.542627213114756,30.540983606557376,1,0.03909836065573773,0.042999999999999705
vehicle_002_session_01533,vehicle_002,1533,train,115.87584402356906,48.0,334.2,335.4,338.375,342.2,-69.91466613333333,26.333333333333332,2,0.03466666666666666,0.040999999999999925
vehicle_002_session_01534,vehicle_002,1534,train,115.42348379629627,64.8,348.0,348.9,352.4,356.4,-70.05574327868852,33.85245901639344,1,0.04229508196721313,0.04499999999999993
vehicle_002_session_01535,vehicle_002,1535,train,114.42810763888887,56.8,340.0,341.0,344.7,349.6,-70.05082262295083,32.442622950819676,1,0.0431803278688525,0.04699999999999971
vehicle_002_session_01536,vehicle_002,1536,train,115.72542703310424,5.2000003,318.1,319.64999,322.9,325.69998,-70.0092114736842,36.0,0,0.03190790263157896,0.03600000000000003
vehicle_002_session_01537,vehicle_002,1537,train,115.74778402356904,31.6,328.6,329.7,331.35,333.0,-69.83067439999999,32.06666666666667,1,0.026573333333333348,0.02900000000000036
vehicle_002_session_01538,vehicle_002,1538,train,113.64777803819442,47.6,336.0,336.4,338.8,342.5,-70.20820721311476,26.57377049180328,1,0.03596721311475406,0.04100000000000037
vehicle_002_session_01539,vehicle_002,1539,train,114.47261237623717,38.4,331.1,332.1,334.1,336.4,-70.22237899999999,24.30263157894737,2,0.029131605263157903,0.03299999999999992
vehicle_002_session_01540,vehicle_002,1540,train,115.34857037927353,71.2,354.6,355.2,358.5,362.7,-70.21312262295083,30.0,0,0.04244262295081965,0.04400000000000048
vehicle_002_session_01541,vehicle_002,1541,train,113.72868172043013,33.6,328.3,328.9,330.2,331.4,-45.65600693333334,27.426666666666666,1,0.018333333333333333,0.020000000000000018
vehicle_002_session_01542,vehicle_002,1542,train,113.59426747359154,28.4,328.2,329.29999999999995,331.0,332.5,-70.12369065789474,25.55263157894737,1,0.025197368421052645,0.028000000000000025
vehicle_002_session_01543,vehicle_002,1543,train,113.95833017676769,28.0,329.4,329.7,331.0,332.4,-69.87540721311476,28.62295081967213,1,0.02519672131147543,0.028000000000000025
vehicle_002_session_01544,vehicle_002,1544,train,114.58007986111107,54.4,339.7,340.5,343.6,348.2,-69.8983524590164,31.983606557377048,2,0.04019672131147543,0.04400000000000004
vehicle_002_session_01545,vehicle_002,1545,train,117.50907276570048,22.4,328.0,328.5,329.9,331.0,-69.09837049180328,24.0,0,0.02395081967213116,0.02699999999999969
vehicle_002_session_01546,vehicle_002,1546,train,117.27294201940035,50.4,337.1,337.5,339.7,343.5,-69.08525442622951,27.147540983606557,2,0.03301639344262292,0.03699999999999992
vehicle_002_session_01547,vehicle_002,1547,train,120.42615542929293,75.6,356.6,357.4,360.7,364.7,-69.10001000000001,29.885245901639344,1,0.039081967213114736,0.04100000000000037
vehicle_002_session_01548,vehicle_002,1548,train,113.8317288963294,25.2,327.7,328.85,330.5,331.9,-70.07067253333335,25.386666666666667,1,0.024266666666666693,0.026000000000000245
