segment_id,vehicle,session_index,split,proxy_capacity_ah,soc_start,voltage_start,voltage_60,voltage_300,voltage_600,current_mean,tmax_mean,temperature_rise,cell_gap_mean,cell_gap_max
vehicle_012_session_00001,vehicle_012,1,train,133.6750256644144,14.4,323.8,324.9,326.7,328.2,-52.12534346666667,32.093333333333334,1,0.019760000000000003,0.02200000000000024
vehicle_012_session_00002,vehicle_012,2,train,131.21926661484244,32.4,328.3,328.8,329.6,330.0,-26.06448342105264,35.0,0,0.010013157894736856,0.01100000000000012
vehicle_012_session_00003,vehicle_012,3,train,133.7145749872579,6.8,320.3,322.25,325.2,327.5,-73.5,38.89473684210526,1,0.02764473684210524,0.02900000000000036
vehicle_012_session_00004,vehicle_012,4,train,134.5909561635735,6.0,319.7,321.5,324.5,327.1,-74.30001684210526,40.0,0,0.028328947368421023,0.03000000000000025
vehicle_012_session_00005,vehicle_012,5,train,134.96784301146388,45.6,332.2,334.0,335.8888888888889,338.5,-44.86934360000001,37.0,0,0.017346666666666663,0.020000000000000018
vehicle_012_session_00006,vehicle_012,6,train,133.31277482026147,40.8,331.4,332.29999999999995,333.70000000000005,335.3,-45.20527368421053,37.53947368421053,1,0.016776315789473677,0.018999999999999684
vehicle_012_session_00007,vehicle_012,7,train,135.23826733630955,21.2,325.3,325.9,326.6,327.2,-25.807912368421043,35.0,0,0.01027631578947368,0.01200000000000001
vehicle_012_session_00008,vehicle_012,8,train,134.31610810800828,12.8,323.6,324.95,327.5,329.2,-74.23685578947368,34.89473684210526,1,0.02722368421052631,0.028999999999999915
vehicle_012_session_00009,vehicle_012,9,train,136.74690546401519,55.6,343.9,344.65,347.5,351.4,-74.21843302631578,39.53947368421053,1,0.027263157894736854,0.02900000000000036
vehicle_012_session_00010,vehicle_012,10,train,134.7847068481848,18.8,326.6,327.9,329.5,330.7,-75.0118432894737,36.86842105263158,1,0.026868421052631618,0.02900000000000036
vehicle_012_session_00011,vehicle_012,11,train,133.5075913117284,0.4,315.8,317.1,319.29999999999995,321.6,-45.20264184210527,38.276315789473685,0,0.020565789473684225,0.02200000000000024
vehicle_012_session_00012,vehicle_012,12,train,136.09051568035434,72.0,355.7,357.15,359.3,361.9,-45.00395750000001,41.0,0,0.017999999999999974,0.019000000000000128
vehicle_012_session_00013,vehicle_012,13,train,131.45657676587302,27.6,327.7,328.55,329.6,330.5,-45.107904736842116,30.88157894736842,1,0.01635526315789475,0.018000000000000238
vehicle_012_session_00014,vehicle_012,14,train,134.56736652369278,58.4,344.7,345.2,347.1,349.4,-45.100010000000005,33.8421052631579,1,0.017684210526315764,0.019000000000000128
vehicle_012_session_00015,vehicle_012,15,train,131.7907989800347,23.6,327.1,327.75,328.8,329.6,-45.01052736842105,30.763157894736842,1,0.016447368421052665,0.018000000000000238
vehicle_012_session_00016,vehicle_012,16,train,136.62932594968734,39.2,331.9,333.0,335.2,338.0,-74.66711578947368,31.75,1,0.026605263157894715,0.028000000000000025
vehicle_012_session_00017,vehicle_012,17,train,137.11130759825653,62.0,347.2,349.20000000000005,352.6,356.8,-74.32368565789474,36.51315789473684,1,0.027223684210526334,0.028999999999999915
vehicle_012_session_00018,vehicle_012,18,train,136.2973496448864,46.8,332.7,334.0,335.4,337.1,-28.59334,33.653333333333336,1,0.012453333333333335,0.014000000000000234
vehicle_012_session_00019,vehicle_012,19,train,134.72512739805694,18.4,326.3,327.7,329.29999999999995,330.5,-73.93025671052632,31.92105263157895,1,0.02636842105263155,0.028000000000000025
vehicle_012_session_00020,vehicle_012,20,train,131.79909566197693,26.0,326.1,327.75,328.6,329.4,-38.8173432,37.0,0,0.014533333333333367,0.016000000000000014
vehicle_012_session_00021,vehicle_012,21,train,135.298698712845,34.0,329.9,331.0,332.5,334.4,-69.95920644736843,37.828947368421055,1,0.02505263157894743,0.027000000000000135
vehicle_012_session_00022,vehicle_012,22,train,134.6027875289352,45.6,334.1,335.575,338.675,342.7,-72.51733506666666,39.38666666666666,1,0.02728,0.030999999999999694
vehicle_012_session_00023,vehicle_012,23,train,132.9609674329502,31.6,327.5,328.3,328.9,329.4,-22.333333333333332,37.0,0,0.009000000000000015,0.01100000000000012
vehicle_012_session_00024,vehicle_012,24,train,134.5882230836514,33.6,330.2,331.3,332.8,334.7,-73.43116194805194,35.79220779220779,1,0.02624675324675328,0.028000000000000025
vehicle_012_session_00025,vehicle_012,25,train,134.07315057425214,21.6,326.1,326.79999999999995,327.8,328.6,-40.399989999999995,36.0,0,0.015346666666666675,0.017000000000000348
vehicle_012_session_00026,vehicle_012,26,train,133.01630694444444,42.4,333.6,333.9,334.9,336.3,-40.399989999999995,38.0,0,0.015631578947368458,0.017000000000000348
vehicle_012_session_00027,vehicle_012,27,train,134.38571354611827,19.2,325.3,326.20000000000005,327.45,328.3,-45.20264184210527,37.0,0,0.017684210526315792,0.020999999999999908
vehicle_012_session_00028,vehicle_012,28,train,137.27669663877506,50.8,339.9,340.6,343.375,346.9,-73.32401279999999,39.49333333333333,1,0.027840000000000018,0.02900000000000036
vehicle_012_session_00029,vehicle_012,29,train,133.9802755244883,22.0,327.1,328.3,329.6125,330.8,-70.94285142857142,39.33766233766234,1,0.025584415584415605,0.027000000000000135
vehicle_012_session_00030,vehicle_012,30,train,133.46211753689235,24.0,326.1,326.6,327.4,327.8,-27.064003999999997,42.0,0,0.011066666666666662,0.01200000000000001
vehicle_012_session_00031,vehicle_012,31,train,133.7991530609292,20.0,326.1,327.1,328.2,329.1,-52.09474631578948,39.0,0,0.019539473684210537,0.02100000000000035
vehicle_012_session_00032,vehicle_012,32,train,132.26467254129128,41.2,332.7,332.8,333.70000000000005,334.9,-40.20001,43.21052631578947,1,0.015552631578947373,0.016999999999999904
vehicle_012_session_00033,vehicle_012,33,train,138.0306157066994,45.2,332.8,333.70000000000005,335.4,337.7,-45.1881680263158,40.0,0,0.017657894736842084,0.020000000000000018
vehicle_012_session_00034,vehicle_012,34,train,133.8507030976431,20.0,325.5,326.3,327.5,328.3,-45.2039577631579,40.0,0,0.01756578947368419,0.019000000000000128
vehicle_012_session_00035,vehicle_012,35,train,134.32817141554438,20.4,325.7,326.7,327.8,328.6,-45.15201000000001,36.0,0,0.017013333333333356,0.018000000000000238
vehicle_012_session_00036,vehicle_012,36,train,133.66755930236684,11.2,322.4,323.9,326.7,328.8,-74.1552717105263,40.0,0,0.028000000000000008,0.03000000000000025
vehicle_012_session_00037,vehicle_012,37,train,134.08976589041595,23.2,326.7,327.5,328.5,329.2,-45.100009868421054,41.03947368421053,1,0.01677631578947374,0.018000000000000238
vehicle_012_session_00038,vehicle_012,38,train,133.0756554289641,13.6,325.3,325.5,326.4,327.5,-45.06624038961039,34.81818181818182,0,0.017207792207792186,0.018000000000000238
vehicle_012_session_00039,vehicle_012,39,train,133.023048968254,13.2,321.9,323.0,324.65,326.1,-40.06843105263158,37.973684210526315,-1,0.016631578947368407,0.018000000000000238
vehicle_012_session_00040,vehicle_012,40,train,135.32153793049272,11.2,321.9,322.2,323.2,324.2,-26.100010000000008,38.0,0,0.01219736842105265,0.014000000000000234
vehicle_012_session_00041,vehicle_012,41,train,137.40817651028416,47.2,333.0,333.6,334.9,336.1,-22.502635131578945,38.0,0,0.01057894736842105,0.0129999999999999
vehicle_012_session_00042,vehicle_012,42,train,134.72054705165695,16.0,323.5,324.65,326.3,327.5,-44.665343866666674,33.0,0,0.018319999999999937,0.019999999999999574
vehicle_012_session_00043,vehicle_012,43,train,133.23702744286842,39.2,332.4,332.75,333.6,334.7,-44.700010000000006,35.0,0,0.016855263157894755,0.018000000000000238
vehicle_012_session_00044,vehicle_012,44,train,133.8374856710487,24.4,326.6,327.4,328.3,329.1,-40.43157210526315,37.0,0,0.015078947368421093,0.017000000000000348
vehicle_012_session_00045,vehicle_012,45,train,133.19325376574076,35.2,328.2,329.5,331.0,332.1,-37.402621947368424,33.0,0,0.01417105263157897,0.016000000000000014
vehicle_012_session_00046,vehicle_012,46,train,134.62752255704368,32.4,329.2,329.9,330.9,332.1,-49.510667733333335,35.266666666666666,1,0.018106666666666684,0.020000000000000018
vehicle_012_session_00047,vehicle_012,47,train,132.38863711723533,21.6,325.8,326.65,327.7,328.3,-39.899989999999995,37.0,0,0.015253333333333341,0.016000000000000014
vehicle_012_session_00048,vehicle_012,48,train,133.18579139504925,38.8,331.4,332.75,334.7,337.4,-70.75133184210526,38.86842105263158,1,0.025868421052631575,0.028000000000000025
vehicle_012_session_00049,vehicle_012,49,train,134.73379402639583,19.2,326.1,327.75,329.4,330.7,-73.01600106666666,30.88,1,0.02633333333333334,0.027000000000000135
vehicle_012_session_00050,vehicle_012,50,train,139.2759890625,67.6,351.8,353.70000000000005,356.975,360.8,-70.14667639999999,33.8,1,0.02615999999999997,0.027000000000000135
vehicle_012_session_00051,vehicle_012,51,train,135.19404128654972,23.6,327.4,328.70000000000005,329.95,331.3,-70.91841289473685,35.35526315789474,1,0.025447368421052646,0.027000000000000135
vehicle_012_session_00052,vehicle_012,52,train,134.19331603835982,24.8,327.8,329.1,330.3,331.7,-74.1826772,38.4,1,0.026666666666666696,0.028000000000000025
vehicle_012_session_00053,vehicle_012,53,train,138.86643919319602,64.0,350.5,351.35,354.6,358.6,-74.30264868421051,43.0,0,0.02851315789473684,0.03000000000000025
vehicle_012_session_00054,vehicle_012,54,train,134.65026983796298,44.8,332.7,333.4,334.95,337.1,-40.31580473684211,37.98684210526316,0,0.016263157894736844,0.018000000000000238
vehicle_012_session_00055,vehicle_012,55,train,135.2853086564171,24.8,326.7,327.7,328.6,329.6,-45.03685210526316,34.0,0,0.01672368421052634,0.018000000000000238
vehicle_012_session_00056,vehicle_012,56,train,133.90655730644212,24.4,328.2,329.2,330.5,332.1,-74.45394750000001,34.85526315789474,1,0.026578947368421063,0.028000000000000025
vehicle_012_session_00057,vehicle_012,57,train,133.17857364400587,23.6,327.1,327.8,328.8,329.6,-45.2039577631579,32.026315789473685,0,0.01675000000000005,0.018000000000000238
vehicle_012_session_00058,vehicle_012,58,train,136.5172813307494,48.0,334.4,335.5,337.8,340.7,-45.004000399999995,34.0,0,0.019586666666666672,0.02200000000000024
vehicle_012_session_00059,vehicle_012,59,train,131.52423607549858,24.4,328.2,329.29999999999995,330.7,332.1,-74.22238065789472,30.526315789473685,1,0.026460526315789476,0.028000000000000025
vehicle_012_session_00060,vehicle_012,60,train,132.89552063979968,73.2,359.3,360.1,363.55,367.8,-74.21974881578947,35.85526315789474,1,0.028539473684210562,0.03000000000000025
vehicle_012_session_00061,vehicle_012,61,train,137.70402115413648,62.8,347.8,349.65,352.9,356.8,-69.36053342105262,34.0,0,0.026421052631578946,0.028000000000000025
vehicle_012_session_00062,vehicle_012,62,train,134.70225939070355,20.0,326.3,327.7,329.2,330.5,-70.85733453333334,34.0,0,0.025493333333333385,0.028000000000000025
vehicle_012_session_00063,vehicle_012,63,train,135.3554953297596,31.2,329.6,330.5,331.7,333.5,-70.20790684210526,34.31578947368421,1,0.025473684210526325,0.027000000000000135
vehicle_012_session_00064,vehicle_012,64,train,132.09476187275988,22.0,327.2,328.0,328.8,329.4,-45.04474118421052,34.39473684210526,1,0.01688157894736846,0.018000000000000238
vehicle_012_session_00065,vehicle_012,65,train,134.334193505291,8.0,319.6,320.6,322.5,324.4,-45.013334666666665,35.0,0,0.01900000000000002,0.020999999999999908
vehicle_012_session_00066,vehicle_012,66,train,134.0264541608099,26.8,326.0,327.25,328.6,329.4,-37.555256078947366,39.0,0,0.01440789473684212,0.016000000000000014
vehicle_012_session_00067,vehicle_012,67,train,133.21065555909868,15.2,324.1,325.5,327.8,329.2,-69.74801333333333,35.946666666666665,1,0.02659999999999997,0.028000000000000025
vehicle_012_session_00068,vehicle_012,68,train,132.55458979275792,30.8,326.9,328.35,329.65,330.5,-37.371052846052635,40.078947368421055,1,0.014434210526315818,0.016000000000000014
vehicle_012_session_00069,vehicle_012,69,train,134.24017657746649,44.8,333.6,334.9,337.7,341.9,-72.81053842105261,41.38157894736842,1,0.02835526315789471,0.03100000000000014
vehicle_012_session_00070,vehicle_012,70,train,134.26558720825986,23.2,324.9,326.45000000000005,327.7,328.5,-37.76265781333333,37.93333333333333,0,0.014733333333333333,0.016999999999999904
vehicle_012_session_00071,vehicle_012,71,train,133.01991940858997,24.8,328.8,329.5,330.575,331.9,-70.3440068,35.733333333333334,1,0.025413333333333357,0.027000000000000135
vehicle_012_session_00072,vehicle_012,72,train,133.99075892226827,27.2,328.6,329.6,331.0,332.4,-69.95000184210528,37.0,0,0.02519736842105265,0.027000000000000135
vehicle_012_session_00073,vehicle_012,73,train,139.5697067815501,67.2,351.6,353.25,356.5,360.5,-70.24211368421052,35.03947368421053,0,0.02657894736842101,0.028000000000000025
vehicle_012_session_00074,vehicle_012,74,train,135.25051562109866,28.4,328.8,329.7,331.0375,332.4,-70.07734066666667,37.14666666666667,1,0.025320000000000047,0.027000000000000135
vehicle_012_session_00075,vehicle_012,75,train,133.9719419172394,9.6,321.1,322.75,325.7,327.8,-74.3786652,40.70666666666666,1,0.02855999999999999,0.03100000000000014
vehicle_012_session_00076,vehicle_012,76,train,135.53440897158,30.4,328.5,329.2,330.2,331.3,-50.50657960526316,35.0,0,0.01875000000000002,0.020000000000000018
vehicle_012_session_00077,vehicle_012,77,train,134.52846179039307,8.0,321.0,322.6,325.25,327.7,-70.2493657142857,31.0,0,0.027376623376623343,0.028000000000000025
vehicle_012_session_00078,vehicle_012,78,train,136.97748894757433,42.8,331.3,332.5,333.9,335.8,-44.9592205263158,37.0,0,0.017881578947368422,0.020000000000000018
vehicle_012_session_00079,vehicle_012,79,train,132.80515264501634,30.4,329.1,330.4,331.9,333.6,-74.23685197368421,34.8421052631579,1,0.02675000000000001,0.02900000000000036
vehicle_012_session_00080,vehicle_012,80,train,133.2721508437873,22.0,327.1,328.2,329.6,330.8,-70.3640008,35.16,1,0.025520000000000025,0.027000000000000135
vehicle_012_session_00081,vehicle_012,81,train,133.2244074024823,23.6,327.7,328.70000000000005,329.95,331.3,-70.93333253333333,38.96,1,0.025840000000000026,0.027000000000000135
vehicle_012_session_00082,vehicle_012,82,train,131.1848419930556,18.4,325.5,326.4,327.7,328.6,-49.788176710526336,35.0,0,0.01939473684210527,0.021999999999999797
vehicle_012_session_00083,vehicle_012,83,train,134.517992552682,52.8,338.5,339.9,342.4,344.6,-45.07734333333333,36.68,1,0.020600000000000028,0.02400000000000002
vehicle_012_session_00084,vehicle_012,84,train,132.76896571937323,21.6,325.2,325.8,326.6,327.2,-25.882885657894732,37.86842105263158,0,0.011052631578947309,0.0129999999999999
vehicle_012_session_00085,vehicle_012,85,train,134.85190541551566,27.2,328.3,329.4,330.8,332.2,-69.98553171052633,33.68421052631579,1,0.025210526315789506,0.027000000000000135
vehicle_012_session_00086,vehicle_012,86,train,132.6544329483696,26.0,327.1,328.2,329.2,330.0,-45.11316842105264,30.44736842105263,1,0.01686842105263161,0.018000000000000238
vehicle_012_session_00087,vehicle_012,87,train,133.39906309130916,18.8,325.5,326.65,328.3,329.4,-59.91052842105264,34.44736842105263,1,0.022736842105263166,0.02499999999999991
vehicle_012_session_00088,vehicle_012,88,train,133.58769374999997,44.0,333.0,334.0,336.3,339.6,-60.00000249999999,37.06578947368421,1,0.02403947368421051,0.028000000000000025
vehicle_012_session_00089,vehicle_012,89,train,133.07746003999256,10.4,322.1,323.55,326.3,328.3,-70.82631763157895,36.0,0,0.02696052631578948,0.028999999999999915
vehicle_012_session_00090,vehicle_012,90,train,135.15777264660497,27.6,328.6,329.6,330.8,332.4,-70.20132618421052,37.0,0,0.025486842105263155,0.027000000000000135
vehicle_012_session_00091,vehicle_012,91,train,133.16673332961975,14.4,322.7,323.6,325.3,326.9,-45.10264157894737,35.0,0,0.01946052631578944,0.02100000000000035
vehicle_012_session_00092,vehicle_012,92,train,137.12529344710404,62.0,345.8,347.4,349.65,352.1,-45.00132578947369,39.0,0,0.01911842105263156,0.020999999999999908
vehicle_012_session_00093,vehicle_012,93,train,132.55932478832446,16.8,325.0,326.35,328.6,330.0,-74.18027315789472,36.75,1,0.028210526315789474,0.03100000000000014
vehicle_012_session_00094,vehicle_012,94,train,134.38203487012987,60.0,343.2,344.6,346.1,347.5,-25.725333813333332,39.0,0,0.013293333333333367,0.01499999999999968
vehicle_012_session_00095,vehicle_012,95,train,130.6771376583821,28.4,328.2,328.8,329.7,330.7,-46.31975092105265,38.0,0,0.017447368421052666,0.019000000000000128
vehicle_012_session_00096,vehicle_012,96,train,133.67485171522554,36.8,330.5,331.7,333.5,335.5,-71.50133506666667,37.653333333333336,1,0.02668000000000001,0.028000000000000025
vehicle_012_session_00097,vehicle_012,97,train,133.13846364197533,9.6,321.0,322.1,324.15,326.1,-50.65658894736842,34.0,0,0.02093421052631575,0.022999999999999687
vehicle_012_session_00098,vehicle_012,98,train,134.01035842749528,53.6,338.9,340.25,342.7,345.0,-45.00933426666666,41.0,0,0.020973333333333368,0.02300000000000013
vehicle_012_session_00099,vehicle_012,99,train,134.2572619618056,48.0,333.8,334.95,337.29999999999995,340.2,-46.21580763157896,38.0,0,0.02072368421052629,0.02400000000000002
vehicle_012_session_00100,vehicle_012,100,train,137.41452081997866,47.6,333.9,334.95,337.4,340.7,-50.782909868421065,34.05263157894737,1,0.02243421052631577,0.026000000000000245
vehicle_012_session_00101,vehicle_012,101,train,137.90713964902406,55.2,341.0,343.0,346.3,350.2,-70.70134346666664,41.0,0,0.02830666666666665,0.03000000000000025
vehicle_012_session_00102,vehicle_012,102,train,136.2439971247146,41.2,331.9,333.2,335.3,338.3,-70.70264184210524,35.723684210526315,1,0.02689473684210526,0.03000000000000025
vehicle_012_session_00103,vehicle_012,103,train,134.57683530922435,54.4,338.5,340.15,342.7,344.7,-37.734666853333344,37.0,0,0.018413333333333354,0.021999999999999797
vehicle_012_session_00104,vehicle_012,104,train,132.5063158459596,36.4,329.6,330.4,331.6,332.8,-45.025003684210525,36.0,0,0.017381578947368425,0.019000000000000128
vehicle_012_session_00105,vehicle_012,105,train,132.90014892955801,26.4,327.4,328.2,329.1,329.9,-45.070673600000006,37.0,0,0.017000000000000005,0.018000000000000238
vehicle_012_session_00106,vehicle_012,106,train,133.02693710691824,36.0,328.6,330.7,331.9,333.2,-44.72764171052633,32.0,0,0.017276315789473716,0.018000000000000238
vehicle_012_session_00107,vehicle_012,107,train,134.2163926795393,17.6,322.8,325.04999999999995,326.7,327.8,-44.54400093333333,32.053333333333335,1,0.01935999999999999,0.021999999999999797
vehicle_012_session_00108,vehicle_012,108,train,131.55278616151432,22.8,327.4,328.70000000000005,330.0,331.4,-73.94736999999999,34.94736842105263,1,0.02677631578947371,0.02900000000000036
vehicle_012_session_00109,vehicle_012,109,train,133.36858068813132,26.4,325.8,327.25,328.55,329.2,-37.51973055263159,32.0,0,0.014407894736842132,0.016999999999999904
vehicle_012_session_00110,vehicle_012,110,train,133.1258275027503,17.6,322.5,323.95000000000005,326.0,327.2,-37.63157894736842,36.0,0,0.0177894736842105,0.020000000000000018
vehicle_012_session_00111,vehicle_012,111,train,131.75182047808286,30.8,329.2,330.6,332.15,333.8,-69.37866573333332,29.186666666666667,2,0.025333333333333374,0.027000000000000135
vehicle_012_session_00112,vehicle_012,112,train,137.8672465840841,70.0,354.6,356.20000000000005,359.79999999999995,364.1,-74.98800399999999,35.29333333333334,1,0.02925333333333335,0.031000000000000583
vehicle_012_session_00113,vehicle_012,113,train,132.05852797475964,16.4,325.3,326.65,328.8,330.2,-73.92895039473684,33.0,0,0.02803947368421053,0.03100000000000014
vehicle_012_session_00114,vehicle_012,114,train,134.50326422713118,6.8,319.7,321.65,324.5,327.1,-74.16053578947367,37.0,0,0.029565789473684174,0.03200000000000003
vehicle_012_session_00115,vehicle_012,115,train,133.81840344135802,27.6,328.6,329.79999999999995,331.1,332.7,-74.81333693333335,35.42666666666667,1,0.02724000000000004,0.02900000000000036
vehicle_012_session_00116,vehicle_012,116,train,135.87512535004515,50.4,336.9,339.0,343.3,347.4,-74.01733506666666,32.96,1,0.030693333333333322,0.03399999999999981
vehicle_012_session_00117,vehicle_012,117,train,132.3236499958416,20.4,326.0,327.0,328.5,329.6,-60.01973960526316,36.223684210526315,1,0.02290789473684213,0.026000000000000245
vehicle_012_session_00118,vehicle_012,118,train,131.42340239058754,29.2,328.8,329.65,330.9,332.2,-59.85789842105263,32.0,0,0.022184210526315824,0.02400000000000002
vehicle_012_session_00119,vehicle_012,119,train,133.27515324552346,29.2,328.9,329.95,331.4,333.0,-74.29869249999999,33.48684210526316,1,0.027118421052631618,0.028999999999999915
vehicle_012_session_00120,vehicle_012,120,train,133.50611163194446,6.4,318.8,319.4,320.7,321.7,-26.100010000000008,34.0,0,0.015105263157894745,0.017000000000000348
vehicle_012_session_00121,vehicle_012,121,train,131.947589145888,26.4,327.2,327.9,328.85,329.7,-45.101325789473684,34.56578947368421,1,0.01702631578947371,0.019000000000000128
vehicle_012_session_00122,vehicle_012,122,train,130.42704941603535,33.2,328.2,328.6,329.4,330.0,-28.251325921052636,34.0,0,0.011644736842105255,0.018000000000000238
vehicle_012_session_00123,vehicle_012,123,train,131.72824308976465,13.2,321.9,323.3,325.2,326.9,-44.85921092105263,31.0,0,0.019499999999999962,0.02200000000000024
vehicle_012_session_00124,vehicle_012,124,train,132.73388513570825,35.2,329.2,330.1,331.3,332.4,-45.01579105263158,31.0,0,0.017394736842105293,0.019000000000000128
vehicle_012_session_00125,vehicle_012,125,train,135.58578342803028,50.8,336.0,337.2,339.9875,342.8,-45.11711526315789,33.0,0,0.022486842105263142,0.025000000000000355
vehicle_012_session_00126,vehicle_012,126,train,134.02250435744813,51.2,335.8,337.6,340.6,343.3,-44.77104421052631,31.592105263157894,1,0.02242105263157895,0.025000000000000355
vehicle_012_session_00127,vehicle_012,127,train,134.81854193602692,33.6,328.9,329.6375,330.7375,331.7,-45.17734333333335,33.0,0,0.017480000000000006,0.019000000000000128
vehicle_012_session_00128,vehicle_012,128,train,132.4645892628205,14.0,321.6,323.4,325.2,326.7,-44.892010000000006,31.92,1,0.01971999999999996,0.02100000000000035
vehicle_012_session_00129,vehicle_012,129,train,132.37778730555556,25.2,326.9,327.7,328.70000000000005,329.6,-45.20001039473685,33.0,0,0.017000000000000022,0.018000000000000238
vehicle_012_session_00130,vehicle_012,130,train,132.05997420768085,33.2,329.9,331.20000000000005,332.7,334.7,-74.23290486842106,31.855263157894736,2,0.02742105263157896,0.028999999999999915
vehicle_012_session_00131,vehicle_012,131,train,132.33205173311782,28.4,328.6,329.65,331.0,332.4,-69.62134293333334,35.12,1,0.025480000000000006,0.027000000000000135
vehicle_012_session_00132,vehicle_012,132,train,131.98592418681636,17.6,323.8,324.29999999999995,325.4,326.4,-27.836846710526313,30.0,0,0.014894736842105242,0.016999999999999904
vehicle_012_session_00133,vehicle_012,133,train,135.314069348545,47.2,334.6,336.20000000000005,339.675,343.8,-70.12821358974358,35.294871794871796,1,0.029692307692307702,0.03300000000000036
vehicle_012_session_00134,vehicle_012,134,train,130.78886518393395,20.8,326.9,328.25,329.7,331.0,-69.84474342105263,30.157894736842106,1,0.025473684210526357,0.027000000000000135
vehicle_012_session_00135,vehicle_012,135,train,131.2985335802469,25.6,326.3,328.1,328.95,329.9,-44.65000039473684,33.0,0,0.017000000000000022,0.019000000000000128
vehicle_012_session_00136,vehicle_012,136,train,134.3809881478659,49.2,335.2,336.4,339.3,342.5,-50.56974381578947,33.10526315789474,1,0.023999999999999952,0.026000000000000245
vehicle_012_session_00137,vehicle_012,137,train,134.97692171052634,56.8,342.7,344.35,347.7,351.4,-69.68553631578946,35.0,0,0.028631578947368386,0.03000000000000025
vehicle_012_session_00138,vehicle_012,138,train,132.82813000679877,37.6,330.3,331.1,332.4,333.9,-49.88289144736842,31.30263157894737,1,0.019328947368421046,0.020999999999999908
vehicle_012_session_00139,vehicle_012,139,train,132.37946272865855,29.2,328.8,329.95,331.35,333.0,-70.65200879999999,33.13333333333333,1,0.026026666666666694,0.028000000000000025
vehicle_012_session_00140,vehicle_012,140,train,130.54770963771315,19.2,326.6,328.0,329.5,330.7,-69.6736942105263,32.0921052631579,1,0.025434210526315806,0.027000000000000135
vehicle_012_session_00141,vehicle_012,141,train,131.45420367584018,21.6,327.4,328.5,329.9,331.1,-74.51842289473684,39.0,0,0.0272763157894737,0.028999999999999915
vehicle_012_session_00142,vehicle_012,142,train,131.5053596895425,38.8,330.5,331.1,332.4,333.8,-39.91051736842105,34.0,0,0.01638157894736844,0.018000000000000238
vehicle_012_session_00143,vehicle_012,143,train,135.22334869639377,49.2,334.6,335.75,338.2,341.1,-45.09467666666667,33.0,0,0.022053333333333296,0.025000000000000355
vehicle_012_session_00144,vehicle_012,144,train,130.72659738136576,20.8,326.9,328.4,329.79999999999995,331.1,-69.76934386666666,27.653333333333332,1,0.025373333333333352,0.027000000000000135
vehicle_012_session_00145,vehicle_012,145,train,132.89435437184346,53.6,339.9,342.04999999999995,345.875,349.7,-70.23067573333334,29.946666666666665,1,0.029706666666666652,0.03299999999999992
vehicle_012_session_00146,vehicle_012,146,train,132.58507227926592,41.6,332.4,333.70000000000005,336.0375,339.3,-69.74934826666664,27.52,1,0.0274933333333333,0.03000000000000025
vehicle_012_session_00147,vehicle_012,147,train,133.63145706994652,64.4,349.7,351.5,354.9,358.9,-73.60000906666669,32.0,0,0.02913333333333334,0.03000000000000025
vehicle_012_session_00148,vehicle_012,148,train,132.58687645027626,25.2,327.7,329.0,330.4,331.7,-70.07369092105263,27.56578947368421,1,0.025500000000000033,0.027000000000000135
vehicle_012_session_00149,vehicle_012,149,train,132.62905218936314,43.6,330.5,332.25,334.1,335.8,-37.309330830666674,31.0,0,0.01624000000000002,0.019000000000000128
vehicle_012_session_00150,vehicle_012,150,train,132.568253271099,6.4,319.9,321.79999999999995,324.65,327.2,-69.83290486842105,29.0,0,0.028644736842105223,0.03100000000000014
vehicle_012_session_00151,vehicle_012,151,train,134.62425050776582,54.8,338.9,341.4,343.9,346.6,-44.536836578947366,31.973684210526315,1,0.021355263157894752,0.02400000000000002
vehicle_012_session_00152,vehicle_012,152,train,131.6229623283179,25.6,328.3,329.6,330.8,332.2,-73.92933213333332,35.093333333333334,2,0.027013333333333372,0.028000000000000025
vehicle_012_session_00153,vehicle_012,153,train,130.7713779385965,28.8,327.8,328.5,329.4,330.3,-40.203957763157895,32.89473684210526,1,0.015618421052631589,0.016999999999999904
vehicle_012_session_00154,vehicle_012,154,train,132.96780852910757,9.2,321.0,322.6,325.375,327.7,-70.47067200000001,32.0,0,0.028293333333333285,0.029999999999999805
vehicle_012_session_00155,vehicle_012,155,train,132.89924221491228,52.0,338.3,340.6,344.4,348.3,-69.82368381578948,33.4078947368421,1,0.03027631578947368,0.03400000000000025
vehicle_012_session_00156,vehicle_012,156,train,132.99597159052877,29.2,327.8,328.6,329.6,330.5,-45.10658894736842,31.0,0,0.017250000000000005,0.018000000000000238
vehicle_012_session_00157,vehicle_012,157,train,135.43096280968473,68.0,351.6,352.75,354.9,357.4,-45.127641578947376,32.0,0,0.020657894736842132,0.02200000000000024
vehicle_012_session_00158,vehicle_012,158,train,130.61382082907303,24.4,326.7,327.7375,328.8375,329.7,-50.69067666666667,34.0,0,0.018999999999999996,0.020999999999999908
vehicle_012_session_00159,vehicle_012,159,train,133.88030466101694,48.8,335.3,337.15,340.9,345.0,-69.96447657894737,35.526315789473685,1,0.03042105263157894,0.03399999999999981
vehicle_012_session_00160,vehicle_012,160,train,136.12980769230765,60.4,343.9,344.79999999999995,346.1,347.4,-22.5,31.592105263157894,-1,0.013447368421052647,0.016000000000000014
vehicle_012_session_00161,vehicle_012,161,train,131.8046705055211,33.2,327.7,329.5,330.5,331.4,-39.432908421052645,29.67105263157895,1,0.015473684210526329,0.016999999999999904
vehicle_012_session_00162,vehicle_012,162,train,134.06355260386476,51.6,335.3,338.25,341.1888888888889,343.9,-44.626676773333344,31.36,1,0.02314666666666664,0.0259999999999998
vehicle_012_session_00163,vehicle_012,163,train,131.28646197916663,22.0,326.7,328.6,330.1,331.4,-73.76184513157894,30.81578947368421,1,0.026539473684210554,0.028999999999999915
vehicle_012_session_00164,vehicle_012,164,train,131.22132628514566,16.0,324.4,326.05,328.4,329.7,-70.21185157894737,30.92105263157895,1,0.027078947368421057,0.030999999999999694
vehicle_012_session_00165,vehicle_012,165,train,132.36548160389958,35.6,330.2,331.5,333.2,335.3,-73.9657905263158,34.03947368421053,2,0.027697368421052672,0.02900000000000036
vehicle_012_session_00166,vehicle_012,166,train,132.717894682356,44.0,333.3,335.0,338.075,342.4,-74.17467426666666,33.49333333333333,1,0.030573333333333307,0.03400000000000025
vehicle_012_session_00167,vehicle_012,167,train,131.7266238425926,11.2,321.4,322.45,324.4,326.1,-45.101325789473684,28.526315789473685,1,0.02010526315789471,0.02200000000000024
vehicle_012_session_00168,vehicle_012,168,train,132.34075791794479,32.4,329.7,330.9,332.5,334.6,-75.35000236842104,28.776315789473685,2,0.028052631578947412,0.03000000000000025
vehicle_012_session_00169,vehicle_012,169,train,132.24504389467594,50.0,336.6,338.4,342.45,346.6,-70.81448934210525,32.64473684210526,1,0.030763157894736843,0.03400000000000025
vehicle_012_session_00170,vehicle_012,170,train,133.99051174367438,57.2,342.1,343.4,345.8,348.3,-45.005263684210526,32.0,0,0.021171052631578948,0.02200000000000024
vehicle_012_session_00171,vehicle_012,171,train,132.39046364454737,6.4,319.9,321.79999999999995,324.7,327.4,-73.83027407894735,32.0,0,0.030368421052631576,0.03200000000000003
vehicle_012_session_00172,vehicle_012,172,train,132.55698048664124,45.2,333.3,334.15,336.20000000000005,338.9,-49.86400079999999,30.666666666666668,1,0.021853333333333308,0.025000000000000355
vehicle_012_session_00173,vehicle_012,173,train,131.68814518819855,29.6,326.9,328.70000000000005,329.7,330.7,-44.270676666666674,32.0,0,0.01692000000000002,0.019000000000000128
vehicle_012_session_00174,vehicle_012,174,train,132.71470252471755,50.4,337.2,339.20000000000005,343.55,347.4,-70.62369421052632,28.526315789473685,1,0.030592105263157896,0.03400000000000025
vehicle_012_session_00175,vehicle_012,175,train,130.6017177453704,37.6,331.4,332.9,334.95,337.7,-69.94341802631578,27.342105263157894,1,0.026723684210526306,0.028999999999999915
vehicle_012_session_00176,vehicle_012,176,train,131.68195530381945,21.2,326.7,328.25,329.7,330.8,-70.85921276315788,29.06578947368421,2,0.025960526315789507,0.028000000000000025
vehicle_012_session_00177,vehicle_012,177,train,132.36105887090028,31.2,328.9,329.9,331.20000000000005,332.7,-60.11711276315789,27.723684210526315,1,0.022342105263157913,0.02400000000000002
vehicle_012_session_00178,vehicle_012,178,train,133.58478708989503,46.8,332.7,334.79999999999995,336.9,339.7,-44.28948381578948,26.67105263157895,1,0.021105263157894714,0.02499999999999991
vehicle_012_session_00179,vehicle_012,179,train,132.58537595860568,40.8,329.6,331.79999999999995,333.3,334.9,-44.49210568421053,30.75,1,0.018355263157894743,0.020000000000000018
vehicle_012_session_00180,vehicle_012,180,train,133.22180941026474,37.2,330.7,331.9,333.8,336.1,-70.38947210526315,29.907894736842106,2,0.02682894736842106,0.028999999999999915
vehicle_012_session_00181,vehicle_012,181,train,132.3449371155149,15.6,323.9,325.4,327.75,329.2,-69.67067666666667,32.0,0,0.027239999999999983,0.029999999999999805
vehicle_012_session_00182,vehicle_012,182,train,131.32828177997078,21.6,327.1,328.25,329.7,331.0,-70.27334959999999,30.92,1,0.025653333333333368,0.027000000000000135
vehicle_012_session_00183,vehicle_012,183,train,129.95320511561954,21.2,326.3,327.2,328.6,329.6,-50.065795,23.842105263157894,1,0.018894736842105297,0.020000000000000018
vehicle_012_session_00184,vehicle_012,184,train,131.96491229342473,35.6,330.8,332.1,333.975,336.4,-73.8133488,27.68,1,0.027960000000000016,0.029999999999999805
vehicle_012_session_00185,vehicle_012,185,train,129.79590668981484,67.6,355.0,356.5,359.95,364.3,-73.82895868421053,31.0,0,0.031000000000000034,0.03300000000000036
vehicle_012_session_00186,vehicle_012,186,train,133.2726950833334,57.6,343.8,345.75,349.20000000000005,353.0,-69.85067213333333,30.746666666666666,1,0.02939999999999997,0.03100000000000014
vehicle_012_session_00187,vehicle_012,187,train,133.6893110373648,51.6,336.6,338.1,341.1,343.9,-45.09737815789474,25.19736842105263,1,0.024026315789473684,0.027000000000000135
vehicle_012_session_00188,vehicle_012,188,train,131.59638412600512,14.8,323.0,324.1375,326.175,327.7,-50.01466853333333,27.0,0,0.021519999999999997,0.02400000000000002
vehicle_012_session_00189,vehicle_012,189,train,134.04581281454247,46.4,333.5,334.5,336.6,339.6,-50.11974513157895,28.80263157894737,1,0.02263157894736838,0.027000000000000135
vehicle_012_session_00190,vehicle_012,190,train,131.98607339718274,13.2,322.8,324.5,327.2,329.1,-69.96183828947368,29.0,0,0.027539473684210527,0.03000000000000025
vehicle_012_session_00191,vehicle_012,191,train,133.63360206582635,50.0,335.2,336.70000000000005,339.65,343.0,-50.64606263157895,33.93421052631579,1,0.025052631578947354,0.028000000000000025
vehicle_012_session_00192,vehicle_012,192,train,131.84026055911684,50.8,337.8,339.9,344.35,348.5,-73.99737381578949,30.657894736842106,1,0.03239473684210526,0.03600000000000003
vehicle_012_session_00193,vehicle_012,193,train,132.1550675679669,22.4,326.0,326.9,328.2,329.1,-47.00921131578948,31.0,0,0.018131578947368457,0.020000000000000018
vehicle_012_session_00194,vehicle_012,194,train,132.3369278076006,32.4,328.3,329.2,330.3,331.4,-44.888149999999996,29.263157894736842,1,0.017394736842105282,0.019000000000000128
vehicle_012_session_00195,vehicle_012,195,train,129.95364298331467,6.4,320.7,322.29999999999995,325.2,327.8,-75.30922052631578,31.486842105263158,1,0.03065789473684207,0.03299999999999992
vehicle_012_session_00196,vehicle_012,196,train,131.1510511241559,12.0,323.3,324.65,327.4,329.2,-72.22369842105263,30.80263157894737,1,0.02807894736842104,0.03100000000000014
vehicle_012_session_00197,vehicle_012,197,train,131.1991833096591,5.2,319.2,321.20000000000005,324.15,326.7,-69.8960522368421,31.93421052631579,1,0.0296578947368421,0.03200000000000003
vehicle_012_session_00198,vehicle_012,198,train,132.01034418273215,32.8,329.2,330.8,332.4,334.2,-69.90000013157895,31.355263157894736,1,0.02565789473684213,0.028000000000000025
vehicle_012_session_00199,vehicle_012,199,train,130.03659603174606,19.6,323.9,325.4,327.2,328.0,-37.63157894736842,31.0,0,0.01593421052631581,0.018999999999999684
vehicle_012_session_00200,vehicle_012,200,train,129.74949445684524,19.6,325.3,326.3,327.7,328.6,-44.91446513157894,26.407894736842106,1,0.01777631578947368,0.020000000000000018
vehicle_012_session_00201,vehicle_012,201,train,131.71953798690933,28.0,328.5,329.9,331.3,332.8,-70.14474513157893,26.81578947368421,1,0.02536842105263162,0.027000000000000135
vehicle_012_session_00202,vehicle_012,202,train,132.0748847370427,32.0,329.4,330.6,332.1,333.8,-70.22801000000001,29.28,2,0.026160000000000013,0.028000000000000025
vehicle_012_session_00203,vehicle_012,203,train,132.6778134395425,38.8,331.7,333.0,335.2,337.8,-69.90657750000001,23.55263157894737,1,0.026947368421052616,0.03000000000000025
vehicle_012_session_00204,vehicle_012,204,train,130.7634754636955,34.4,330.5,331.7,333.6,335.8,-73.99333373333333,25.013333333333332,2,0.02769333333333335,0.02900000000000036
vehicle_012_session_00205,vehicle_012,205,train,133.16875381944442,46.8,332.5,334.65,336.8,339.7,-44.89869434210527,24.092105263157894,1,0.021407894736842115,0.025000000000000355
vehicle_012_session_00206,vehicle_012,206,train,129.98379980227622,28.4,329.7,330.9,332.5,334.2,-74.2920128,20.85333333333333,2,0.027400000000000025,0.02900000000000036
vehicle_012_session_00207,vehicle_012,207,train,131.29075674189815,30.0,327.1,328.70000000000005,329.79999999999995,331.0,-44.75657960526316,24.63157894736842,1,0.017118421052631616,0.019000000000000128
vehicle_012_session_00208,vehicle_012,208,train,130.92229958809912,1.6,316.7,318.20000000000005,320.8,323.2,-50.16579894736842,28.0,0,0.024421052631579,0.026000000000000245
vehicle_012_session_00209,vehicle_012,209,train,132.22299053819447,17.6,325.7,327.1,329.15,330.5,-74.26712039473684,26.30263157894737,1,0.02828947368421052,0.03200000000000003
vehicle_012_session_00210,vehicle_012,210,train,132.0729206450387,17.2,324.9,326.3,328.55,329.9,-70.06053197368422,28.394736842105264,1,0.02706578947368421,0.03000000000000025
vehicle_012_session_00211,vehicle_012,211,train,131.33238645131874,17.6,324.4,325.5,327.1,328.2,-45.03467,22.0,0,0.019053333333333308,0.020999999999999908
vehicle_012_session_00212,vehicle_012,212,train,133.71556743827162,54.4,338.6,341.05,343.5,345.8,-39.76667666666667,26.0,0,0.021880000000000042,0.026000000000000245
vehicle_012_session_00213,vehicle_012,213,train,128.3297642188459,24.8,325.5,327.25,328.8,329.7,-37.63026302631579,21.0,0,0.014776315789473693,0.017000000000000348
vehicle_012_session_00214,vehicle_012,214,train,128.24735929293897,21.2,324.1,325.95000000000005,327.7,328.5,-37.283994964,23.173333333333332,1,0.014799999999999999,0.016999999999999904
vehicle_012_session_00215,vehicle_012,215,train,132.5077718730493,26.4,328.5,329.79999999999995,331.1,332.4,-70.08133866666667,21.293333333333333,1,0.025706666666666655,0.027000000000000135
vehicle_012_session_00216,vehicle_012,216,train,130.88003134208105,25.2,328.2,329.5,331.0,332.4,-73.89868144736842,25.026315789473685,2,0.02694736842105265,0.028999999999999915
vehicle_012_session_00217,vehicle_012,217,train,132.10162392302263,50.4,336.9,338.9,343.4,347.7,-74.07369052631579,29.05263157894737,2,0.03322368421052634,0.03600000000000003
vehicle_012_session_00218,vehicle_012,218,train,131.58277458367883,17.2,325.0,326.5,328.70000000000005,330.0,-70.08421631578948,26.0,0,0.027381578947368437,0.030999999999999694
vehicle_012_session_00219,vehicle_012,219,train,130.551551295779,24.0,326.3,327.6,328.8,329.7,-45.06053671052632,24.026315789473685,1,0.017144736842105275,0.018000000000000238
vehicle_012_session_00220,vehicle_012,220,train,133.05660334061378,44.4,333.5,334.95,337.8,341.9,-69.67500999999997,23.539473684210527,1,0.02971052631578945,0.03400000000000025
vehicle_012_session_00221,vehicle_012,221,train,131.75933880334136,37.2,329.4,331.05,332.4,333.8,-44.8842205263158,20.0,0,0.01785526315789474,0.019000000000000128
vehicle_012_session_00222,vehicle_012,222,train,130.87391204011524,22.8,327.2,328.55,330.1,331.3,-70.3173348,23.44,1,0.025546666666666697,0.027000000000000135
vehicle_012_session_00223,vehicle_012,223,train,130.42437712158662,3.2,318.0,319.5,322.1,324.1,-49.99733306666666,24.96,1,0.023613333333333368,0.0259999999999998
vehicle_012_session_00224,vehicle_012,224,train,131.81350511839028,31.2,329.6,330.8,332.45,334.2,-74.17501092105262,23.473684210526315,1,0.0278684210526316,0.03000000000000025
vehicle_012_session_00225,vehicle_012,225,train,134.22234731691915,66.8,351.8,353.85,357.45,361.8,-74.11711513157896,25.789473684210527,1,0.03139473684210525,0.03300000000000036
vehicle_012_session_00226,vehicle_012,226,train,130.19963044763514,33.6,329.4,330.4,331.7,333.2,-50.203959210526314,23.0,0,0.019578947368421074,0.021999999999999797
vehicle_012_session_00227,vehicle_012,227,train,131.77315136100975,39.6,331.4,332.4,334.0,336.0,-50.12105986842105,24.07894736842105,1,0.020500000000000008,0.02200000000000024
vehicle_012_session_00228,vehicle_012,228,train,132.37461743267605,45.2,333.5,335.1,338.2,342.4,-69.87733173333332,26.973333333333333,2,0.029733333333333303,0.03400000000000025
vehicle_012_session_00229,vehicle_012,229,train,133.35240642898054,46.0,333.3,334.2,336.20000000000005,338.8,-45.10658894736842,28.236842105263158,1,0.02109210526315788,0.02499999999999991
vehicle_012_session_00230,vehicle_012,230,train,129.8433153711826,18.4,324.9,325.75,327.15,328.0,-40.11579960526316,25.88157894736842,1,0.01676315789473683,0.019000000000000128
vehicle_012_session_00231,vehicle_012,231,train,130.42650294117647,16.0,324.9,326.5,328.70000000000005,329.9,-69.35000078947368,25.86842105263158,1,0.02689473684210527,0.03100000000000014
vehicle_012_session_00232,vehicle_012,232,train,132.5647929744526,42.8,332.5,333.85,336.20000000000005,339.7,-69.96315473684211,30.894736842105264,2,0.028723684210526266,0.03299999999999992
vehicle_012_session_00233,vehicle_012,233,train,131.6518586106115,42.4,331.7,332.75,334.5,336.6,-49.97368157894737,28.0,0,0.021013157894736824,0.02300000000000013
vehicle_012_session_00234,vehicle_012,234,train,130.83679171146954,37.6,330.5,331.35,332.7,334.2,-50.10395736842106,26.06578947368421,1,0.019868421052631605,0.02100000000000035
vehicle_012_session_00235,vehicle_012,235,train,130.37153413194443,73.6,357.8,359.75,362.45,365.7,-49.89606263157895,29.394736842105264,1,0.024578947368421058,0.02600000000000069
vehicle_012_session_00236,vehicle_012,236,train,130.6872617864424,10.8,322.7,324.15,327.15,329.1,-74.0789536842105,27.0,0,0.0288815789473684,0.03100000000000014
vehicle_012_session_00237,vehicle_012,237,train,131.8805418440795,43.2,333.0,334.15,336.70000000000005,340.3,-69.9828930263158,29.394736842105264,1,0.028842105263157863,0.03299999999999992
vehicle_012_session_00238,vehicle_012,238,train,130.87287866257756,18.8,326.1,327.45,329.4,330.7,-73.9460552631579,28.30263157894737,1,0.02756578947368423,0.03100000000000014
vehicle_012_session_00239,vehicle_012,239,train,131.0270002,26.8,327.2,328.0,328.9,329.9,-45.00657960526316,29.94736842105263,1,0.017157894736842105,0.018000000000000238
vehicle_012_session_00240,vehicle_012,240,train,132.19042178337193,40.0,331.7,332.9,335.0,337.7,-69.68267759999999,29.733333333333334,1,0.02738666666666664,0.029999999999999805
vehicle_012_session_00241,vehicle_012,241,train,130.3024382448187,18.4,324.9,325.9,327.45,328.5,-49.80002000000002,35.0,0,0.020855263157894738,0.023999999999999577
vehicle_012_session_00242,vehicle_012,242,train,130.0231603446017,34.0,330.2,331.5,333.3,335.5,-70.20132447368421,24.644736842105264,1,0.026815789473684248,0.02900000000000036
vehicle_012_session_00243,vehicle_012,243,train,128.5060396394033,35.6,328.0,329.2,329.9375,330.7,-22.26399968,21.0,0,0.01026666666666665,0.01100000000000012
vehicle_012_session_00244,vehicle_012,244,train,129.25407660056445,21.2,326.1,327.1,328.25,329.2,-45.11316789473685,21.94736842105263,1,0.017394736842105286,0.019000000000000128
vehicle_012_session_00245,vehicle_012,245,train,131.933305575334,9.2,319.9,321.20000000000005,323.25,325.2,-45.10000973684211,24.0,0,0.020749999999999994,0.02200000000000024
vehicle_012_session_00246,vehicle_012,246,train,133.45094895459977,60.4,346.0,347.8,351.4,355.5,-70.6289572368421,27.93421052631579,1,0.03130263157894737,0.03299999999999992
vehicle_012_session_00247,vehicle_012,247,train,133.4767858991703,66.8,351.6,353.70000000000005,357.15,361.1,-69.93421368421055,24.56578947368421,1,0.03127631578947361,0.033999999999999364
vehicle_012_session_00248,vehicle_012,248,train,130.99061136006293,34.0,330.5,331.7,333.6,335.8,-74.35921065789472,22.960526315789473,2,0.0278684210526316,0.02900000000000036
vehicle_012_session_00249,vehicle_012,249,train,131.5957411278736,39.6,332.1,333.3,335.575,338.5,-73.7080124,25.48,1,0.02883999999999995,0.03200000000000003
vehicle_012_session_00250,vehicle_012,250,train,130.57070209038358,19.2,326.0,327.45,329.2,330.5,-71.1736947368421,27.842105263157894,1,0.026881578947368416,0.029999999999999805
vehicle_012_session_00251,vehicle_012,251,train,132.79349408399472,55.6,342.1,343.9,347.6,351.3,-70.72268053333333,29.013333333333332,1,0.031586666666666686,0.0349999999999997
vehicle_012_session_00252,vehicle_012,252,train,130.481645161052,21.2,324.6,325.0,325.9,326.6,-22.80001999999999,25.0,0,0.010934210526315736,0.013000000000000345
vehicle_012_session_00253,vehicle_012,253,train,130.68128628472223,37.6,330.7,331.5,333.0,334.6,-49.98947671052631,26.407894736842106,1,0.020342105263157922,0.02200000000000024
vehicle_012_session_00254,vehicle_012,254,train,132.1983636255787,49.6,336.1,338.15,342.45,346.9,-70.10790105263159,26.81578947368421,1,0.032565789473684215,0.03600000000000003
vehicle_012_session_00255,vehicle_012,255,train,130.14533023059118,35.6,330.5,331.7,333.6,335.8,-70.05600413333332,27.36,1,0.026653333333333317,0.028999999999999915
vehicle_012_session_00256,vehicle_012,256,train,130.18590896267364,27.6,328.3,329.9,331.4,333.0,-70.86842052631579,21.776315789473685,1,0.026197368421052664,0.028000000000000025
vehicle_012_session_00257,vehicle_012,257,train,133.489137743994,52.4,336.0,338.55,341.85,344.7,-44.73685184210527,23.19736842105263,1,0.02543421052631581,0.028000000000000025
vehicle_012_session_00258,vehicle_012,258,train,128.95737362662942,7.2,318.6,321.35,323.375,325.2,-44.465323866666665,23.946666666666665,1,0.020439999999999993,0.021999999999999797
vehicle_012_session_00259,vehicle_012,259,train,132.26666695261437,50.0,335.2,336.8,339.3875,342.4,-40.02632578947369,23.894736842105264,1,0.024131578947368403,0.027000000000000135
vehicle_012_session_00260,vehicle_012,260,train,131.40685914129276,35.2,330.5,331.65,333.4,335.7,-69.98158013157895,25.25,2,0.026828947368421074,0.028000000000000025
vehicle_012_session_00261,vehicle_012,261,train,133.1767800347222,52.0,337.1,338.45000000000005,341.9,345.0,-49.97763289473685,26.86842105263158,1,0.027565789473684214,0.03100000000000014
vehicle_012_session_00262,vehicle_012,262,train,129.73828650313624,23.2,327.4,328.85,330.3,331.7,-70.02763618421052,25.973684210526315,2,0.025723684210526322,0.027000000000000135
vehicle_012_session_00263,vehicle_012,263,train,129.70574473209425,12.4,321.0,323.25,325.2,326.9,-44.538152368421045,27.0,0,0.02063157894736836,0.02200000000000024
vehicle_012_session_00264,vehicle_012,264,train,131.8216391510302,37.6,330.0,330.8,332.1375,333.6,-50.270682133333345,31.0,0,0.020146666666666674,0.02200000000000024
vehicle_012_session_00265,vehicle_012,265,train,133.18801947621643,26.8,327.7,329.0,330.5,332.1,-71.65658381578949,29.80263157894737,1,0.02642105263157896,0.028000000000000025
vehicle_012_session_00266,vehicle_012,266,train,132.115781603836,55.6,341.9,344.0,347.5,351.4,-70.32001400000001,31.653333333333332,1,0.03234666666666664,0.03400000000000025
vehicle_012_session_00267,vehicle_012,267,train,130.93577772058828,29.6,328.8,330.2,331.7,333.5,-70.83422026315789,26.88157894736842,2,0.026315789473684233,0.028000000000000025
vehicle_012_session_00268,vehicle_012,268,train,128.47600156551064,28.4,329.4,330.3,331.1,332.2,-50.01447513157895,26.842105263157894,1,0.01914473684210527,0.020999999999999908
vehicle_012_session_00269,vehicle_012,269,train,130.03092773533953,21.2,326.0,327.15,328.5,329.6,-52.10934333333334,24.533333333333335,1,0.01972000000000002,0.02100000000000035
vehicle_012_session_00270,vehicle_012,270,train,132.40222512550199,43.2,331.4,332.8,334.4,336.1,-40.00134333333334,24.0,0,0.018359999999999998,0.020000000000000018
vehicle_012_session_00271,vehicle_012,271,train,129.26587016782412,30.4,329.2,330.75,332.4,334.2,-69.851315,21.592105263157894,1,0.02596052631578948,0.028000000000000025
vehicle_012_session_00272,vehicle_012,272,train,129.10532058560756,29.2,330.0,331.0,332.29999999999995,333.9,-70.10000855263158,28.210526315789473,2,0.026355263157894743,0.028000000000000025
vehicle_012_session_00273,vehicle_012,273,train,130.5700711875702,20.4,326.9,328.4,329.9,331.1,-69.99079171052632,25.526315789473685,1,0.025710526315789507,0.027000000000000135
vehicle_012_session_00274,vehicle_012,274,train,131.62700594689994,25.2,326.6,327.4,328.5,329.6,-44.90920144736842,28.56578947368421,1,0.01739473684210527,0.018999999999999684
vehicle_012_session_00275,vehicle_012,275,train,133.67875637860084,75.2,358.0,359.20000000000005,361.6,364.4,-45.02237065789474,31.0,0,0.02496052631578943,0.027000000000000135
vehicle_012_session_00276,vehicle_012,276,train,132.69289055886247,49.2,336.1,337.9,342.15,346.3,-69.96842092105263,30.82894736842105,1,0.03317105263157897,0.03699999999999992
vehicle_012_session_00277,vehicle_012,277,train,130.00598472222222,31.2,328.2,329.0,330.0,331.1,-40.172378421052635,27.0,0,0.016039473684210548,0.018000000000000238
vehicle_012_session_00278,vehicle_012,278,train,131.12309001960253,8.400001,321.3,322.75,325.5,327.8,-70.0657955263158,29.0,0,0.028789473684210504,0.03100000000000014
vehicle_012_session_00279,vehicle_012,279,train,130.48794252153658,34.4,330.2,331.4,333.3,335.2,-69.97999839999999,28.866666666666667,1,0.026586666666666692,0.02900000000000036
vehicle_012_session_00280,vehicle_012,280,train,132.0293549967448,46.4,333.6,334.7,337.1,340.0,-50.37333133333333,25.826666666666668,1,0.024879999999999982,0.03000000000000025
vehicle_012_session_00281,vehicle_012,281,train,129.9062741685563,24.8,325.5,327.29999999999995,328.3,329.1,-39.657334399999996,26.533333333333335,1,0.015560000000000022,0.017000000000000348
vehicle_012_session_00282,vehicle_012,282,train,133.08543712410804,44.8,333.6,334.9,337.575,341.8,-70.38799733333333,29.893333333333334,2,0.030879999999999987,0.03600000000000003
vehicle_012_session_00283,vehicle_012,283,train,130.350762647929,30.0,329.4,330.6,332.15,333.9,-74.00000144736842,26.657894736842106,1,0.027697368421052648,0.03000000000000025
vehicle_012_session_00284,vehicle_012,284,train,130.5857350460123,30.0,329.4,330.75,332.4,334.1,-74.182905,22.07894736842105,2,0.02815789473684213,0.03000000000000025
vehicle_012_session_00285,vehicle_012,285,train,128.03504953943582,20.4,326.0,327.0,328.25,329.2,-45.00657960526316,20.0,0,0.01747368421052635,0.019000000000000128
vehicle_012_session_00286,vehicle_012,286,train,130.11385684386974,28.0,328.8,330.1,331.6,333.3,-70.1552735526316,22.18421052631579,2,0.02636842105263158,0.028000000000000025
vehicle_012_session_00287,vehicle_012,287,train,130.41055018443643,8.400001,319.1,321.20000000000005,323.2,324.9,-39.834220394736846,21.69736842105263,1,0.01884210526315791,0.02100000000000035
vehicle_012_session_00288,vehicle_012,288,train,131.19758322276536,26.0,328.2,329.5,331.0,332.5,-74.04868907894738,25.486842105263158,1,0.02752631578947372,0.02900000000000036
vehicle_012_session_00289,vehicle_012,289,train,131.13040638489213,42.0,333.0,334.29999999999995,336.85,340.5,-70.76185868421052,24.56578947368421,1,0.02953947368421054,0.0349999999999997
vehicle_012_session_00290,vehicle_012,290,train,129.14289834330677,22.4,328.0,329.29999999999995,330.7,331.9,-70.5328980263158,22.82894736842105,1,0.025986842105263183,0.027000000000000135
vehicle_012_session_00291,vehicle_012,291,train,130.7374621658805,12.8,321.9,323.25,325.4,327.2,-50.181588947368425,27.0,0,0.02239473684210522,0.02400000000000002
vehicle_012_session_00292,vehicle_012,292,train,132.17915232090647,52.0,337.1,339.0,342.4,345.5,-49.77894105263157,29.0,0,0.02901315789473685,0.03200000000000003
vehicle_012_session_00293,vehicle_012,293,train,130.2527309477881,11.2,323.2,324.79999999999995,327.75,329.6,-74.0039539473684,25.657894736842106,1,0.03039473684210526,0.03299999999999992
vehicle_012_session_00294,vehicle_012,294,train,130.6254716789216,29.6,328.9,330.2,331.79999999999995,333.5,-70.19067666666666,23.69333333333333,1,0.026066666666666696,0.028000000000000025
vehicle_012_session_00295,vehicle_012,295,train,130.6724460334275,26.8,327.4,329.65,331.05,332.5,-69.99867626666666,22.213333333333335,1,0.026026666666666684,0.028000000000000025
vehicle_012_session_00296,vehicle_012,296,train,131.3763686701788,20.8,326.7,328.25,329.9,331.1,-70.11316644736843,20.789473684210527,1,0.0259078947368421,0.028000000000000025
vehicle_012_session_00297,vehicle_012,297,train,131.08438880360623,52.0,337.8,339.95,343.85,347.4,-58.77467253333332,19.88,1,0.03092000000000004,0.03400000000000025
vehicle_012_session_00298,vehicle_012,298,train,129.79287767030428,30.4,328.9,330.5,332.1,333.8,-69.9146684,20.52,1,0.02544000000000002,0.027000000000000135
vehicle_012_session_00299,vehicle_012,299,train,130.35429107638893,33.6,330.0,331.5,333.3,335.3,-70.06579513157894,20.973684210526315,2,0.027065789473684234,0.028999999999999915
vehicle_012_session_00300,vehicle_012,300,train,131.37859525557832,48.8,336.1,337.9,342.1,346.4,-70.01842407894736,26.07894736842105,2,0.03355263157894738,0.03699999999999992
vehicle_012_session_00301,vehicle_012,301,train,129.49039659619595,16.4,325.2,326.65,328.85,330.2,-70.00000381578947,24.88157894736842,1,0.027381578947368444,0.03100000000000014
vehicle_012_session_00302,vehicle_012,302,train,130.8979032684631,30.8,329.2,330.5,331.9,333.6,-69.58158671052632,25.81578947368421,2,0.026065789473684237,0.028000000000000025
vehicle_012_session_00303,vehicle_012,303,train,131.6751969699241,42.0,332.5,333.70000000000005,336.1,339.3,-70.3146756,28.733333333333334,1,0.029293333333333327,0.03300000000000036
vehicle_012_session_00304,vehicle_012,304,train,131.59609147491707,42.8,332.8,334.29999999999995,337.0,340.8,-74.01315986842106,32.10526315789474,2,0.03155263157894733,0.03699999999999992
vehicle_012_session_00305,vehicle_012,305,train,128.6825423097975,16.8,325.3,326.79999999999995,328.8,330.0,-70.01200119999999,28.253333333333334,1,0.027173333333333362,0.03100000000000014
vehicle_012_session_00306,vehicle_012,306,train,127.96527173177086,33.6,330.8,332.1,333.8,336.0,-70.3236914473684,25.56578947368421,1,0.027171052631578995,0.02900000000000036
vehicle_012_session_00307,vehicle_012,307,train,130.10121962709286,39.2,329.2,330.5,331.4,332.4,-25.751315868421056,27.0,0,0.013039473684210528,0.01499999999999968
vehicle_012_session_00308,vehicle_012,308,train,130.77194094785577,74.8,356.9,359.7,362.4,365.2,-44.60263263157895,20.0,0,0.025644736842105203,0.02799999999999958
vehicle_012_session_00309,vehicle_012,309,train,129.57349986392643,38.4,331.7,333.25,335.5,338.5,-70.18685249999999,17.486842105263158,1,0.02810526315789471,0.03100000000000014
vehicle_012_session_00310,vehicle_012,310,train,130.20864317509103,73.6,357.4,359.35,362.29999999999995,365.7,-55.7320048,19.906666666666666,1,0.02890666666666669,0.030999999999999694
vehicle_012_session_00311,vehicle_012,311,train,130.28385332080202,44.4,333.8,335.7,338.70000000000005,343.2,-70.41315763157895,18.42105263157895,1,0.03206578947368419,0.037000000000000366
vehicle_012_session_00312,vehicle_012,312,train,131.08165218912765,46.4,334.6,336.1,339.475,343.9,-70.18401093333333,24.0,2,0.033226666666666654,0.037000000000000366
vehicle_012_session_00313,vehicle_012,313,train,130.7920496557711,4.8,317.5,319.79999999999995,322.4,324.4,-49.50659013157896,22.0,0,0.02419736842105268,0.027000000000000135
vehicle_012_session_00314,vehicle_012,314,train,130.28770782873704,42.0,332.7,334.15,336.675,340.2,-70.40000373333334,22.44,1,0.02998666666666666,0.03500000000000014
vehicle_012_session_00315,vehicle_012,315,train,129.2386549379554,48.8,337.1,339.20000000000005,343.8375,348.2,-74.12000786666667,18.506666666666668,1,0.035666666666666645,0.038000000000000256
vehicle_012_session_00316,vehicle_012,316,train,130.42756595682815,16.4,324.6,326.65,328.9,330.3,-70.4746648,20.84,1,0.02733333333333335,0.03100000000000014
vehicle_012_session_00317,vehicle_012,317,train,129.6626771036091,42.8,333.6,335.25,338.25,342.5,-70.76975381578946,19.013157894736842,2,0.031052631578947356,0.037000000000000366
vehicle_012_session_00318,vehicle_012,318,train,131.82085414007096,3.6,318.6,320.6,323.85,326.4,-70.48947684210526,23.0,0,0.03148684210526312,0.03399999999999981
vehicle_012_session_00319,vehicle_012,319,train,130.2308002769975,26.4,328.5,329.9,331.4,333.0,-74.2236930263158,21.473684210526315,1,0.02747368421052636,0.02900000000000036
vehicle_012_session_00320,vehicle_012,320,train,130.00108841206966,40.8,332.1,333.70000000000005,336.20000000000005,339.4,-70.06053013157894,22.42105263157895,1,0.028855263157894714,0.03400000000000025
vehicle_012_session_00321,vehicle_012,321,train,127.434514229621,12.0,324.1,326.05,328.6,330.0,-70.9671077631579,20.17105263157895,1,0.0278421052631579,0.03200000000000003
vehicle_012_session_00322,vehicle_012,322,train,127.82524929453265,22.0,327.4,328.85,330.3,331.6,-70.18422065789473,25.69736842105263,1,0.025921052631578945,0.027000000000000135
vehicle_012_session_00323,vehicle_012,323,train,129.21604941077445,47.2,333.8,334.6,336.0,337.7,-26.001315921052633,16.513157894736842,1,0.018526315789473655,0.020999999999999908
vehicle_012_session_00324,vehicle_012,324,train,128.39889418295616,65.2,350.8,352.9,356.4,360.3,-70.32934239999999,21.373333333333335,1,0.033586666666666654,0.03500000000000014
vehicle_012_session_00325,vehicle_012,325,train,127.22270934771828,41.6,332.8,334.5,337.15,341.0,-70.48421078947368,20.93421052631579,2,0.031065789473684196,0.037000000000000366
vehicle_012_session_00326,vehicle_012,326,train,123.3537494517544,20.4,325.2,325.8,326.6,327.2,-22.592009200000007,19.0,0,0.010639999999999948,0.01200000000000001
vehicle_012_session_00327,vehicle_012,327,train,127.42310205828777,73.6,357.1,357.7,358.8,360.0,-22.600010000000005,21.0,0,0.020013333333333327,0.02200000000000024
vehicle_012_session_00328,vehicle_012,328,train,130.69548915895066,76.0,360.0,362.0,365.875,369.7,-68.2986708,19.85333333333333,1,0.03378666666666665,0.036000000000000476
vehicle_012_session_00329,vehicle_012,329,train,126.4205041309524,27.6,328.8,329.95,331.4,333.0,-69.70801106666666,27.84,1,0.026066666666666655,0.027000000000000135
vehicle_012_session_00330,vehicle_012,330,train,127.40525659128683,51.2,337.8,339.79999999999995,344.175,348.3,-70.15734373333332,29.426666666666666,1,0.036706666666666665,0.040999999999999925
vehicle_012_session_00331,vehicle_012,331,train,125.81114317069664,20.4,326.7,328.55,330.2,331.4,-71.53334146666668,24.346666666666668,1,0.026186666666666702,0.028000000000000025
vehicle_012_session_00332,vehicle_012,332,train,128.67187019444447,53.6,337.5,340.75,343.70000000000005,346.4,-44.634220684210526,24.0,0,0.029118421052631616,0.03300000000000036
vehicle_012_session_00333,vehicle_012,333,train,127.79812351330207,69.2,351.6,354.0,356.35,358.9,-44.6171077631579,29.0,0,0.026315789473684223,0.028000000000000025
vehicle_012_session_00334,vehicle_012,334,train,125.96537023923297,10.4,321.4,322.9,324.79999999999995,326.6,-44.778939736842105,28.0,0,0.021236842105263103,0.02300000000000013
vehicle_012_session_00335,vehicle_012,335,train,127.9362990777778,47.6,334.4,335.6,337.8,341.0,-44.98027039473684,26.06578947368421,1,0.02696052631578942,0.03100000000000014
vehicle_012_session_00336,vehicle_012,336,train,127.66315495113167,22.0,327.5,328.9,330.2,331.4,-70.15467680000002,30.266666666666666,1,0.02638666666666668,0.028000000000000025
vehicle_012_session_00337,vehicle_012,337,train,128.50319542558614,54.0,340.2,342.6,346.6,350.5,-70.1394832894737,30.36842105263158,1,0.035934210526315784,0.04100000000000037
vehicle_012_session_00338,vehicle_012,338,train,123.67507450008365,22.4,326.6,327.1,327.8,328.3,-26.041337466666665,25.0,0,0.01157333333333336,0.013000000000000345
vehicle_012_session_00339,vehicle_012,339,train,125.70831056846734,18.0,325.2,326.1,327.4,328.2,-40.100010000000005,25.333333333333332,1,0.01706666666666664,0.020000000000000018
vehicle_012_session_00340,vehicle_012,340,train,128.57985694444446,49.6,335.5,336.85,339.4,342.4,-40.007895526315785,19.0,0,0.027815789473684203,0.03100000000000014
vehicle_012_session_00341,vehicle_012,341,train,126.09167682945044,23.2,328.0,329.2,330.7,332.1,-70.28400946666666,25.373333333333335,1,0.026106666666666715,0.028000000000000025
vehicle_012_session_00342,vehicle_012,342,train,127.410304389413,34.0,330.7,331.6,333.3,335.3,-70.18534373333333,27.426666666666666,1,0.027706666666666706,0.02900000000000036
vehicle_012_session_00343,vehicle_012,343,train,126.6608243917625,39.6,330.3,331.0,331.9,333.0,-26.088167894736852,25.236842105263158,1,0.014578947368421066,0.016000000000000014
vehicle_012_session_00344,vehicle_012,344,train,128.40464042845915,55.2,340.3,342.15,344.9,347.5,-45.209344266666676,27.28,1,0.028826666666666684,0.03299999999999992
vehicle_012_session_00345,vehicle_012,345,train,125.38567026550031,21.6,327.8,329.0,330.5,331.7,-70.00000052631579,26.30263157894737,1,0.02610526315789475,0.028000000000000025
vehicle_012_session_00346,vehicle_012,346,train,127.45308365057956,41.6,332.4,333.9,336.3375,339.7,-70.07333973333333,29.84,2,0.03071999999999998,0.03600000000000003
vehicle_012_session_00347,vehicle_012,347,train,128.60901698848238,64.8,349.9,352.45,355.9,359.9,-70.0697467105263,25.907894736842106,1,0.03426315789473683,0.03600000000000003
vehicle_012_session_00348,vehicle_012,348,train,128.87550413256452,52.8,339.3,341.6,346.0375,350.2,-70.2826692,22.426666666666666,1,0.03733333333333332,0.04300000000000015
vehicle_012_session_00349,vehicle_012,349,train,125.91217296006946,17.6,326.4,327.9,329.6,331.0,-70.110535,22.289473684210527,1,0.026578947368421063,0.02900000000000036
vehicle_012_session_00350,vehicle_012,350,train,127.38788652169508,41.2,332.8,334.29999999999995,336.85,340.3,-70.16185250000001,25.842105263157894,2,0.03102631578947367,0.037000000000000366
vehicle_012_session_00351,vehicle_012,351,train,126.86646529978483,40.8,332.7,333.975,336.475,339.9,-70.07467266666667,24.653333333333332,1,0.03109333333333333,0.037000000000000366
vehicle_012_session_00352,vehicle_012,352,train,126.92176990277781,7.6,319.7,320.75,322.2,323.6,-33.18800413333333,29.0,0,0.016826666666666677,0.018000000000000238
vehicle_012_session_00353,vehicle_012,353,train,128.88020565352184,52.8,336.6,339.75,343.0,345.8,-44.6829050263158,27.0,0,0.03092105263157895,0.03500000000000014
vehicle_012_session_00354,vehicle_012,354,train,126.58177472718253,24.8,326.9,327.75,328.9,329.9,-45.10000986842106,27.0,0,0.018118421052631572,0.019000000000000128
vehicle_012_session_00355,vehicle_012,355,train,126.64735297986482,22.0,327.4,328.70000000000005,330.0,331.4,-70.2573432,31.24,1,0.026426666666666668,0.028000000000000025
vehicle_012_session_00356,vehicle_012,356,train,127.86915183069193,32.4,327.4,331.1,332.7,334.7,-73.15658497368422,33.46052631578947,1,0.028513157894736862,0.03100000000000014
vehicle_012_session_00357,vehicle_012,357,train,126.91457314175045,18.0,325.2,326.0375,327.5,328.5,-46.73067933333334,32.0,0,0.020706666666666703,0.02400000000000002
vehicle_012_session_00358,vehicle_012,358,train,126.32979055973267,32.0,329.9,331.05,332.75,334.6,-70.17467520000001,27.88,1,0.027306666666666674,0.029999999999999805
vehicle_012_session_00359,vehicle_012,359,train,128.04742177456384,49.2,336.6,338.4,342.75,347.4,-75.45526394736844,32.68421052631579,1,0.03951315789473686,0.04300000000000015
vehicle_012_session_00360,vehicle_012,360,train,127.34034164444446,48.0,335.5,337.25,341.05,345.7,-69.9736844736842,32.78947368421053,1,0.03744736842105263,0.04100000000000037
vehicle_012_session_00361,vehicle_012,361,train,125.79428495098043,33.6,330.2,331.5,333.2,335.3,-69.99866973333333,30.0,2,0.027839999999999997,0.03000000000000025
vehicle_012_session_00362,vehicle_012,362,train,125.93142926693407,22.8,328.0,329.0,330.3,331.6,-69.3440068,29.546666666666667,1,0.025933333333333367,0.027000000000000135
vehicle_012_session_00363,vehicle_012,363,train,127.11130885850696,33.6,330.0,331.5,333.3,335.3,-70.0666728,25.066666666666666,2,0.027599999999999993,0.03000000000000025
vehicle_012_session_00364,vehicle_012,364,train,128.10556904042676,8.400001,321.9,323.55,326.4,328.8,-69.32106342105261,19.855263157894736,1,0.02886842105263157,0.03100000000000014
vehicle_012_session_00365,vehicle_012,365,train,121.22469562051973,73.2,358.9,361.05,364.9,367.5,-68.33948223684212,18.56578947368421,1,0.037078947368421086,0.040000000000000036
vehicle_012_session_00366,vehicle_012,366,train,127.0368725811298,14.8,324.1,326.05,328.5,329.9,-70.11867466666666,24.48,1,0.028653333333333315,0.03299999999999992
vehicle_012_session_00367,vehicle_012,367,train,127.64568456072354,46.0,335.0,336.70000000000005,340.25,344.9,-70.02237065789474,24.57894736842105,1,0.03660526315789475,0.04100000000000037
vehicle_012_session_00368,vehicle_012,368,train,126.31133994872418,28.8,329.4,330.5,332.2,333.9,-70.02105421052632,21.5,1,0.02685526315789476,0.028999999999999915
vehicle_012_session_00369,vehicle_012,369,train,128.51044317348013,55.2,341.6,344.1888888888889,348.2,352.1,-69.58000799999999,23.14666666666667,1,0.037346666666666646,0.04200000000000026
vehicle_012_session_00370,vehicle_012,370,train,127.36339766522991,39.6,332.2,333.5,335.75,338.8,-70.2552697368421,22.56578947368421,1,0.030171052631578897,0.03400000000000025
vehicle_012_session_00371,vehicle_012,371,train,127.49098087431696,49.2,335.7,336.9,339.9,343.5,-50.0760076,22.0,0,0.03247999999999999,0.03600000000000003
vehicle_012_session_00372,vehicle_012,372,train,127.80226759464111,52.8,338.6,340.04999999999995,343.55,346.8,-50.064480131578954,25.94736842105263,1,0.0335263157894737,0.037000000000000366
vehicle_012_session_00373,vehicle_012,373,train,125.30854396820847,10.8,321.6,322.4,323.8,325.2,-32.362672133333334,24.0,0,0.01872000000000001,0.020000000000000018
vehicle_012_session_00374,vehicle_012,374,train,129.18596359310703,76.0,358.5,359.20000000000005,360.75,362.5,-25.51842289473684,24.0,0,0.02373684210526309,0.025000000000000355
vehicle_012_session_00375,vehicle_012,375,train,126.54990688084435,16.8,325.8,327.29999999999995,329.2,330.5,-69.5171069736842,24.210526315789473,1,0.026973684210526348,0.03100000000000014
vehicle_012_session_00376,vehicle_012,376,train,128.60700834140832,63.2,349.4,351.20000000000005,354.65,358.6,-70.19737605263158,26.736842105263158,1,0.03686842105263159,0.0389999999999997
vehicle_012_session_00377,vehicle_012,377,train,126.41230068884413,23.2,328.5,329.65,331.0,332.4,-70.32934293333334,24.08,2,0.026186666666666678,0.028000000000000025
vehicle_012_session_00378,vehicle_012,378,train,127.54335359052361,7.2,319.7,321.1,323.3,325.3,-49.91972881578947,31.0,0,0.023302631578947363,0.025000000000000355
vehicle_012_session_00379,vehicle_012,379,train,129.29094420077976,73.2,357.1,359.0,362.7,367.1,-69.78553473684211,30.0,0,0.03739473684210527,0.04100000000000037
vehicle_012_session_00380,vehicle_012,380,train,127.03424372935437,23.6,328.2,329.5,330.8,332.1,-70.0866728,26.453333333333333,1,0.02641333333333337,0.028000000000000025
vehicle_012_session_00381,vehicle_012,381,train,127.29898621563207,19.6,326.7,328.4,330.2,331.4,-70.00266693333333,19.533333333333335,1,0.026386666666666662,0.028999999999999915
vehicle_012_session_00382,vehicle_012,382,train,128.0271968501984,47.2,335.0,336.85,340.4,345.2,-69.98026118421053,24.736842105263158,1,0.0374605263157895,0.04200000000000026
vehicle_012_session_00383,vehicle_012,383,train,128.71079627976192,41.6,330.2,331.75,333.6,335.3,-37.61710381578947,27.763157894736842,1,0.01982894736842107,0.02300000000000013
vehicle_012_session_00384,vehicle_012,384,train,127.88666363522955,30.8,329.2,330.5,332.1,333.9,-70.16316973684211,26.25,1,0.027184210526315786,0.02900000000000036
vehicle_012_session_00385,vehicle_012,385,train,128.62542219742065,47.2,335.3,337.0,340.6,345.2,-69.94266466666667,27.346666666666668,1,0.037453333333333325,0.04300000000000015
vehicle_012_session_00386,vehicle_012,386,train,127.78048212913711,41.2,331.7,332.6,334.2,336.1,-45.393429605263165,30.0,0,0.02297368421052634,0.0259999999999998
vehicle_012_session_00387,vehicle_012,387,train,129.14266665958053,57.6,344.1,346.05,349.5,353.5,-69.76054236842104,30.763157894736842,1,0.03705263157894738,0.040000000000000036
vehicle_012_session_00388,vehicle_012,388,train,127.77654819315848,32.8,329.1,329.79999999999995,331.0,332.1,-45.94799906666667,29.0,0,0.019573333333333345,0.02200000000000024
vehicle_012_session_00389,vehicle_012,389,train,127.50261802662038,30.4,329.1,330.25,331.7,333.6,-71.20132842105262,33.30263157894737,1,0.02778947368421055,0.03000000000000025
vehicle_012_session_00390,vehicle_012,390,train,128.62472866319447,49.6,336.4,338.25,342.29999999999995,346.8,-69.2131692105263,33.86842105263158,1,0.03913157894736844,0.04300000000000015
vehicle_012_session_00391,vehicle_012,391,train,125.99952285515873,28.0,328.9,329.95,331.6,333.2,-70.56316368421054,32.46052631578947,1,0.02726315789473687,0.02900000000000036
vehicle_012_session_00392,vehicle_012,392,train,126.99693349184783,24.4,327.7,329.0,330.3,331.7,-69.7560156,31.64,1,0.02660000000000002,0.028000000000000025
vehicle_012_session_00393,vehicle_012,393,train,127.79141719444446,12.4,321.3,323.6,325.5,327.2,-44.66558360655739,23.852459016393443,1,0.021737704918032758,0.02400000000000002
vehicle_012_session_00394,vehicle_012,394,train,126.34424887896827,13.6,324.4,325.9,328.55,330.0,-73.59606026315788,26.986842105263158,1,0.029671052631578976,0.03299999999999992
vehicle_012_session_00395,vehicle_012,395,train,126.50601933551197,56.8,343.8,344.3,346.3,348.8,-45.100010000000005,34.0,0,0.03021311475409834,0.03200000000000003
vehicle_012_session_00396,vehicle_012,396,train,128.45181671006944,14.4,325.7,326.1,328.2,329.7,-70.45573393442622,36.42622950819672,1,0.028622950819672154,0.03200000000000003
vehicle_012_session_00397,vehicle_012,397,train,125.23794556781046,46.8,338.0,338.6,341.4,345.5,-70.46393081967213,40.32786885245902,1,0.03772131147540987,0.04100000000000037
vehicle_012_session_00398,vehicle_012,398,train,126.66581447172621,40.8,334.1,334.6,336.4,339.6,-69.82787590163935,31.75409836065574,1,0.032065573770491795,0.03699999999999992
vehicle_012_session_00399,vehicle_012,399,train,127.97656879025766,43.6,335.5,336.1,338.5,342.4,-70.29672934426229,28.262295081967213,1,0.03509836065573766,0.04100000000000037
vehicle_012_session_00400,vehicle_012,400,train,129.4535982577972,71.6,358.3,359.3,362.4,366.6,-70.21640475409836,30.9672131147541,1,0.03890163934426224,0.04099999999999948
vehicle_012_session_00401,vehicle_012,401,train,126.98544102044752,27.2,329.6,329.9,331.1,332.5,-70.08853245901639,34.47540983606557,1,0.02698360655737706,0.028999999999999915
vehicle_012_session_00402,vehicle_012,402,train,127.6068340010684,56.4,344.9,345.7,348.8,352.5,-69.98196540983606,37.39344262295082,1,0.037999999999999985,0.04100000000000037
vehicle_012_session_00403,vehicle_012,403,train,127.97001882045093,49.2,338.3,339.1,342.2,346.4,-69.85410360655737,33.868852459016395,1,0.039245901639344286,0.04200000000000026
vehicle_012_session_00404,vehicle_012,404,train,130.362894675926,77.2,362.4,363.3,366.6,371.0,-69.85246377049182,35.98360655737705,0,0.040229508196721324,0.0420000000000007
vehicle_012_session_00405,vehicle_012,405,train,127.72972542735046,3.2,318.3,320.0,323.3,325.8,-69.79837590163935,36.90163934426229,1,0.03191803278688525,0.03500000000000014
vehicle_012_session_00406,vehicle_012,406,train,128.57441040489647,24.4,329.9,330.0,330.8,332.1,-69.82624032786886,37.377049180327866,1,0.026688524590163958,0.028999999999999915
vehicle_012_session_00407,vehicle_012,407,train,130.54013348765434,72.0,358.0,358.9,362.1,366.1,-69.84263016393443,42.0,0,0.03886885245901638,0.04099999999999948
vehicle_012_session_00408,vehicle_012,408,train,126.02940336538465,36.4,332.4,332.8,334.2,336.4,-69.80820639344262,33.80327868852459,1,0.029557377049180326,0.03299999999999992
vehicle_012_session_00409,vehicle_012,409,train,127.09991789529914,62.4,349.9,350.7,353.8,357.5,-69.78362098360655,36.459016393442624,1,0.03816393442622953,0.040000000000000036
vehicle_012_session_00410,vehicle_012,410,train,128.2505438701923,73.2,358.9,359.7,363.0,367.4,-69.93934901639345,37.34426229508197,1,0.039016393442622976,0.04100000000000037
vehicle_012_session_00411,vehicle_012,411,train,126.21594691506411,41.6,333.2,333.5,334.6,336.1,-45.018034590163936,37.0,0,0.023590163934426252,0.026000000000000245
vehicle_012_session_00412,vehicle_012,412,train,130.1554331459436,69.2,354.9,355.7,358.9,363.2,-71.84263016393443,41.0,0,0.03929508196721309,0.04100000000000037
vehicle_012_session_00413,vehicle_012,413,train,127.48863278256702,68.8,354.7,355.7,358.9,363.0,-69.97049442622951,39.0,0,0.038983606557377044,0.040000000000000036
vehicle_012_session_00414,vehicle_012,414,train,128.35190493295016,48.8,336.4,337.1,339.9,343.9,-59.139351147541,39.34426229508197,1,0.03627868852459013,0.040999999999999925
vehicle_012_session_00415,vehicle_012,415,train,127.8298765357906,72.0,357.2,357.8,360.5,363.6,-55.77869573770492,40.0,0,0.03481967213114751,0.03699999999999992
vehicle_012_session_00416,vehicle_012,416,train,128.7354513888889,24.0,327.7,329.1,330.5,331.9,-74.13771196721312,35.60655737704918,1,0.02816393442622953,0.029999999999999805
vehicle_012_session_00417,vehicle_012,417,train,126.77031207264956,49.2,338.9,339.7,343.0,347.4,-74.15902409836065,38.80327868852459,1,0.040508196721311486,0.04300000000000015
vehicle_012_session_00418,vehicle_012,418,train,126.44766666666669,75.2,361.1,362.1,365.7,370.2,-74.15738262295082,40.39344262295082,1,0.041672131147540994,0.04300000000000015
vehicle_012_session_00419,vehicle_012,419,train,128.72276388888892,12.4,323.0,324.6,327.2,329.1,-70.13443360655738,32.950819672131146,1,0.029524590163934408,0.03200000000000003
vehicle_012_session_00420,vehicle_012,420,train,125.87318340163932,38.8,334.1,334.6,336.0,338.6,-69.97705098360655,35.60655737704918,1,0.03103278688524583,0.03500000000000014
vehicle_012_session_00421,vehicle_012,421,train,127.09744634331602,63.2,351.1,351.9,354.9,358.9,-69.99016655737704,38.0,0,0.03842622950819675,0.040999999999999925
vehicle_012_session_00422,vehicle_012,422,train,125.78883220852896,45.6,336.3,336.8,339.1,343.2,-69.91967180327869,39.40983606557377,1,0.03701639344262293,0.04200000000000026
vehicle_012_session_00423,vehicle_012,423,train,129.31851271186443,74.0,359.4,360.3,363.5,367.8,-69.87541393442622,41.0,0,0.039803278688524624,0.0420000000000007
vehicle_012_session_00424,vehicle_012,424,train,128.00635561342594,54.0,342.1,343.0,346.3,350.2,-70.4311406557377,40.09836065573771,1,0.03975409836065571,0.04300000000000015
vehicle_012_session_00425,vehicle_012,425,train,127.2041791666667,78.0,363.2,363.9,367.4,371.6,-70.46393081967213,41.47540983606557,1,0.04062295081967211,0.04300000000000015
vehicle_012_session_00426,vehicle_012,426,train,128.91677562079127,58.0,346.1,346.9,350.0,353.9,-70.02131393442622,39.0,0,0.03880327868852456,0.040000000000000036
vehicle_012_session_00427,vehicle_012,427,train,126.2847388888889,21.2,327.4,328.6,330.2,331.6,-73.73771557377046,31.934426229508198,1,0.02791803278688531,0.03000000000000025
vehicle_012_session_00428,vehicle_012,428,train,125.89880340038317,45.2,337.1,337.7,340.2,344.6,-73.70492803278688,34.78688524590164,2,0.038278688524590196,0.04300000000000015
vehicle_012_session_00429,vehicle_012,429,train,126.69427308006541,25.2,329.9,330.2,331.1,332.7,-69.3082142622951,31.16393442622951,1,0.02672131147540988,0.028000000000000025
vehicle_012_session_00430,vehicle_012,430,train,124.55080025143681,52.8,343.0,343.8,347.1,350.7,-69.30165885245903,34.91803278688525,1,0.03870491803278688,0.04200000000000026
vehicle_012_session_00431,vehicle_012,431,train,126.95247769764963,76.0,362.5,363.5,366.6,370.8,-69.33279704918033,36.24590163934426,1,0.04024590163934425,0.0420000000000007
vehicle_012_session_00432,vehicle_012,432,train,126.41321495159931,42.8,335.3,335.8,337.8,341.4,-71.19837213114754,35.68852459016394,1,0.03483606557377046,0.04100000000000037
vehicle_012_session_00433,vehicle_012,433,train,130.75447257532954,12.4,326.1,326.6,328.2,329.4,-69.0,32.0,0,0.02791803278688525,0.03100000000000014
vehicle_012_session_00434,vehicle_012,434,train,127.50706214689264,36.4,333.5,333.8,335.2,337.4,-69.0,34.34426229508197,1,0.02983606557377044,0.03299999999999992
vehicle_012_session_00435,vehicle_012,435,train,127.41865029761905,60.0,348.9,349.7,352.7,356.4,-69.0,37.0,0,0.037885245901639386,0.040000000000000036
vehicle_012_session_00436,vehicle_012,436,train,127.38510243055552,26.0,328.5,329.7,331.0,332.5,-70.81475950819672,30.475409836065573,1,0.02729508196721313,0.02900000000000036
vehicle_012_session_00437,vehicle_012,437,train,127.39943817640695,53.2,342.7,343.6,346.9,350.8,-70.95081475409836,34.114754098360656,1,0.039508196721311444,0.04200000000000026
vehicle_012_session_00438,vehicle_012,438,train,128.51072165915917,24.0,327.8,328.9,330.3,331.6,-70.20164999999999,30.21311475409836,1,0.026967213114754134,0.028999999999999915
vehicle_012_session_00439,vehicle_012,439,train,129.16753794037945,54.0,342.7,343.5,346.8,350.8,-70.23443967213115,34.032786885245905,1,0.03988524590163933,0.04300000000000015
vehicle_012_session_00440,vehicle_012,440,train,129.9588389384921,10.8,323.0,323.8,326.3,328.5,-70.095091147541,37.0,0,0.029803278688524556,0.03200000000000003
vehicle_012_session_00441,vehicle_012,441,train,127.70277953703702,38.8,334.1,334.4,336.1,338.6,-70.00983704918032,38.73770491803279,1,0.03144262295081962,0.03500000000000014
vehicle_012_session_00442,vehicle_012,442,train,127.66479343220345,69.2,356.1,357.1,360.2,364.3,-69.99672098360655,41.0,0,0.03978688524590166,0.04100000000000037
vehicle_012_session_00443,vehicle_012,443,train,128.58370449561406,66.0,353.5,354.1,357.2,361.3,-69.9639368852459,37.50819672131148,1,0.03955737704918032,0.04100000000000037
vehicle_012_session_00444,vehicle_012,444,train,121.47087291666665,43.2,335.5,335.8,337.4,339.7,-50.27870639344264,32.52459016393443,1,0.02862295081967209,0.03400000000000025
vehicle_012_session_00445,vehicle_012,445,train,127.52525252525253,45.2,334.4,334.9,336.4,338.8,-50.0,35.0,0,0.02834426229508194,0.03300000000000036
vehicle_012_session_00446,vehicle_012,446,train,127.98970686728399,37.6,332.8,333.2,334.7,337.1,-70.26722983606557,34.40983606557377,1,0.031180327868852446,0.03500000000000014
vehicle_012_session_00447,vehicle_012,447,train,130.15476845238095,26.0,330.3,330.7,331.4,332.8,-70.45409377049181,30.360655737704917,1,0.026901639344262304,0.028999999999999915
vehicle_012_session_00448,vehicle_012,448,train,130.42596855438183,54.0,342.8,343.6,346.9,350.7,-70.52951114754099,34.57377049180328,1,0.03896721311475408,0.04100000000000037
vehicle_012_session_00449,vehicle_012,449,train,129.21782626262632,47.2,337.2,337.5,339.6,342.7,-55.62787885245902,39.0,0,0.033295081967213105,0.039000000000000146
vehicle_012_session_00450,vehicle_012,450,train,131.0196649973291,59.2,346.4,347.1,349.6,352.5,-55.7147655737705,36.0,0,0.03454098360655732,0.03600000000000003
vehicle_012_session_00451,vehicle_012,451,train,126.67537884424607,40.4,334.2,334.6,336.0,338.0,-55.82951934426231,36.09836065573771,1,0.027639344262295043,0.03100000000000014
vehicle_012_session_00452,vehicle_012,452,train,130.34617147435895,44.0,334.7,335.2,337.4,341.1,-70.14427229508198,36.77049180327869,1,0.035196721311475415,0.04200000000000026
vehicle_012_session_00453,vehicle_012,453,train,125.18267486916261,44.8,336.8,337.2,339.7,343.8,-69.8836093442623,34.557377049180324,1,0.03796721311475408,0.04300000000000015
vehicle_012_session_00454,vehicle_012,454,train,128.8434396464647,72.8,359.3,360.2,363.3,367.5,-69.88525081967214,36.950819672131146,1,0.04070491803278688,0.0420000000000007
vehicle_012_session_00455,vehicle_012,455,train,124.67038789003044,42.0,335.2,335.7,337.7,341.1,-70.08197311475409,34.32786885245902,1,0.03486885245901636,0.04100000000000037
vehicle_012_session_00456,vehicle_012,456,train,127.34111028719403,71.2,358.0,358.8,362.1,366.3,-70.08033377049182,36.81967213114754,1,0.04062295081967214,0.0420000000000007
vehicle_012_session_00457,vehicle_012,457,train,125.12753800505048,32.8,331.6,331.7,332.7,334.1,-55.05738278688525,33.26229508196721,1,0.023836065573770486,0.026000000000000245
vehicle_012_session_00458,vehicle_012,458,train,124.90394826388886,55.2,343.9,344.6,347.1,350.2,-55.06230098360657,36.0,0,0.03513114754098359,0.038000000000000256
vehicle_012_session_00459,vehicle_012,459,train,129.10060304659496,52.4,340.7,341.6,345.3,349.4,-70.72460262295081,34.295081967213115,1,0.042163934426229496,0.04500000000000037
vehicle_012_session_00460,vehicle_012,460,train,129.5479454861111,77.6,363.2,364.1,367.5,371.9,-70.75083475409835,36.0,0,0.042000000000000065,0.04300000000000015
vehicle_012_session_00461,vehicle_012,461,train,126.36846987336602,23.6,327.7,328.9,330.2,331.7,-69.94918180327869,31.918032786885245,1,0.02709836065573774,0.02900000000000036
vehicle_012_session_00462,vehicle_012,462,train,125.48065927579367,50.8,340.3,341.3,344.6,348.6,-69.88852590163934,35.459016393442624,1,0.041377049180327856,0.04400000000000004
vehicle_012_session_00463,vehicle_012,463,train,126.45568545833332,53.2,342.4,343.2,346.84,350.8,-71.89179901639343,34.50819672131148,1,0.04190163934426229,0.04500000000000037
vehicle_012_session_00464,vehicle_012,464,train,128.9384296748738,53.6,337.2,340.9,344.65,348.0,-57.806671733333324,36.0,0,0.03973333333333334,0.04499999999999993
vehicle_012_session_00465,vehicle_012,465,train,123.6700651498538,38.8,334.2,334.7,336.4,339.3,-70.10820672131148,32.42622950819672,1,0.03234426229508192,0.03600000000000003
vehicle_012_session_00466,vehicle_012,466,train,124.42182462761676,32.0,331.4,331.7,333.0,334.9,-70.22788163934426,30.75409836065574,1,0.02870491803278691,0.03100000000000014
vehicle_012_session_00467,vehicle_012,467,train,126.21299587962972,59.6,348.3,349.1,352.2,356.1,-70.29018295081967,34.0,0,0.03916393442622953,0.04100000000000037
vehicle_012_session_00468,vehicle_012,468,train,124.65559525150152,41.6,334.9,335.3,337.4,340.8,-69.91967327868852,32.0,2,0.03467213114754095,0.04100000000000037
vehicle_012_session_00469,vehicle_012,469,train,130.13774178240743,47.2,336.4,337.4,340.5,345.2,-69.78362295081968,30.491803278688526,1,0.04029508196721313,0.04500000000000037
vehicle_012_session_00470,vehicle_012,470,train,126.64793083112875,71.6,358.5,359.3,362.5,366.8,-69.90654803278689,32.57377049180328,1,0.041016393442622916,0.0420000000000007
vehicle_012_session_00471,vehicle_012,471,train,127.33238534989317,43.2,333.0,333.5,335.2,337.4,-50.46065180327868,33.0,0,0.02727868852459013,0.03100000000000014
vehicle_012_session_00472,vehicle_012,472,train,128.56617429193895,64.0,350.3,351.0,353.2,356.0,-50.47540737704918,34.0,0,0.03383606557377051,0.03500000000000014
vehicle_012_session_00473,vehicle_012,473,train,128.18932548868318,66.4,352.4,352.8,355.2,358.0,-50.59837049180329,38.0,0,0.034032786885245934,0.03500000000000014
vehicle_012_session_00474,vehicle_012,474,train,127.06306944444442,42.4,334.4,334.9,336.9,340.2,-70.44425672131148,37.80327868852459,1,0.03488524590163932,0.04100000000000037
vehicle_012_session_00475,vehicle_012,475,train,129.25438937621828,71.6,357.4,358.3,361.4,365.7,-70.46229131147541,40.0,0,0.04139344262295084,0.04300000000000015
vehicle_012_session_00476,vehicle_012,476,train,126.49840699786326,37.6,331.4,332.2,334.1,336.8,-70.10656606557377,39.131147540983605,1,0.03126229508196722,0.03500000000000014
vehicle_012_session_00477,vehicle_012,477,train,128.5981583229685,63.6,350.8,351.6,354.7,358.6,-70.00491852459017,41.0,0,0.04068852459016398,0.04200000000000026
vehicle_012_session_00478,vehicle_012,478,train,125.62301805555556,34.8,330.5,331.7,333.6,335.8,-69.94754016393442,34.32786885245902,1,0.03009836065573771,0.03299999999999992
vehicle_012_session_00479,vehicle_012,479,train,126.70196300091072,62.8,351.1,351.9,354.9,358.8,-69.95573950819673,37.14754098360656,1,0.039934426229508206,0.04200000000000026
vehicle_012_session_00480,vehicle_012,480,train,128.74243308080807,15.6,324.6,325.7,328.2,329.7,-69.83771098360656,36.0,0,0.029704918032786867,0.03299999999999992
vehicle_012_session_00481,vehicle_012,481,train,125.74816748046875,38.0,333.6,333.9,335.5,337.8,-69.81312262295081,37.91803278688525,2,0.03132786885245898,0.03500000000000014
vehicle_012_session_00482,vehicle_012,482,train,125.47971292735049,63.6,351.4,352.2,355.3,359.1,-69.79509081967213,40.0,0,0.03995081967213121,0.04200000000000026
vehicle_012_session_00483,vehicle_012,483,train,126.87774339596949,54.8,340.7,342.8,346.8,350.8,-71.59345032786884,41.950819672131146,1,0.042934426229508195,0.050000000000000266
vehicle_012_session_00484,vehicle_012,484,train,126.0069448302469,36.4,332.5,332.8,334.2,336.4,-71.01639508196722,41.278688524590166,1,0.030967213114754116,0.03299999999999992
vehicle_012_session_00485,vehicle_012,485,train,127.6917734508547,65.2,352.1,352.7,356.0,359.9,-71.0,43.16393442622951,1,0.041016393442622916,0.04200000000000026
vehicle_012_session_00486,vehicle_012,486,train,129.55477932389945,74.4,359.3,360.2,363.5,367.7,-69.88361016393443,42.0,0,0.04163934426229504,0.043999999999999595
vehicle_012_session_00487,vehicle_012,487,train,128.74317503156567,11.2,323.0,324.2,327.1,328.9,-70.2721418032787,34.0,0,0.030344262295081973,0.03299999999999992
vehicle_012_session_00488,vehicle_012,488,train,125.06314804292931,38.0,334.2,334.6,336.1,338.8,-70.3491855737705,36.67213114754098,1,0.03237704918032781,0.03699999999999992
vehicle_012_session_00489,vehicle_012,489,train,126.7881984767025,64.8,353.0,353.8,356.9,360.8,-70.35246262295084,39.0,0,0.04059016393442622,0.04300000000000015
vehicle_012_session_00490,vehicle_012,490,train,126.77662600081699,16.0,324.4,325.6,327.7,329.2,-60.06447802631578,32.921052631578945,1,0.026842105263157896,0.03000000000000025
vehicle_012_session_00491,vehicle_012,491,train,129.11717942787973,54.0,338.3,341.20000000000005,344.95,348.5,-58.310533421052625,35.9078947368421,1,0.04023684210526316,0.04600000000000026
vehicle_012_session_00492,vehicle_012,492,train,125.96172800739247,31.2,329.2,330.2,331.6,333.2,-59.95263513157895,34.60526315789474,1,0.025250000000000022,0.027000000000000135
vehicle_012_session_00493,vehicle_012,493,train,127.2233352174408,9.2,320.7,322.1,324.5,326.7,-60.082900921052634,36.0,0,0.027486842105263105,0.029999999999999805
vehicle_012_session_00494,vehicle_012,494,train,126.43544408249157,10.8,321.4,322.9,325.375,327.5,-60.11200813333334,35.0,0,0.027426666666666637,0.028999999999999915
vehicle_012_session_00495,vehicle_012,495,train,126.15388954307569,37.2,331.4,332.5,334.6,337.2,-70.03442967213115,31.950819672131146,1,0.03132786885245903,0.03500000000000014
vehicle_012_session_00496,vehicle_012,496,train,128.05449957264958,65.2,353.0,353.8,356.9,360.8,-70.0393481967213,34.459016393442624,1,0.04044262295081969,0.04200000000000026
vehicle_012_session_00497,vehicle_012,497,train,128.12499999999997,27.2,329.1,329.2,329.9,330.7,-45.0,34.57377049180328,1,0.01922950819672134,0.020999999999999908
vehicle_012_session_00498,vehicle_012,498,train,123.89881101190477,47.6,336.8,337.1,338.6,341.3,-45.01311606557377,37.0,0,0.03116393442622947,0.037000000000000366
vehicle_012_session_00499,vehicle_012,499,train,128.0889186410675,70.0,355.2,355.7,357.7,360.3,-45.018034590163936,38.0,0,0.03250819672131148,0.03400000000000025
vehicle_012_session_00500,vehicle_012,500,train,128.70312702546298,10.0,321.6,323.0,325.8,328.2,-69.98032754098361,37.0,0,0.030688524590163926,0.03299999999999992
vehicle_012_session_00501,vehicle_012,501,train,125.46741575854702,34.0,332.4,332.7,333.8,336.0,-69.90163934426229,38.31147540983606,1,0.02995081967213116,0.03299999999999992
vehicle_012_session_00502,vehicle_012,502,train,125.34869732981218,60.0,348.3,349.3,352.2,356.1,-69.88688901639344,41.0,0,0.04024590163934427,0.04200000000000026
vehicle_012_session_00503,vehicle_012,503,train,128.3627167467949,72.4,357.4,358.2,360.7,363.8,-55.00327901639344,41.0,0,0.03644262295081966,0.038000000000000256
vehicle_012_session_00504,vehicle_012,504,train,129.93986390128967,23.2,329.4,329.7,330.7,331.7,-69.86557754098361,38.0,0,0.027262295081967237,0.02900000000000036
vehicle_012_session_00505,vehicle_012,505,train,125.95461297678274,45.6,337.2,337.7,340.0,344.1,-69.84754573770492,40.868852459016395,2,0.03840983606557376,0.04300000000000015
vehicle_012_session_00506,vehicle_012,506,train,125.49062337662343,34.8,332.4,332.7,333.9,336.0,-69.94590114754098,39.885245901639344,1,0.030278688524590185,0.03299999999999992
vehicle_012_session_00507,vehicle_012,507,train,126.59450735294115,65.6,352.8,353.6,356.8,360.8,-69.90984032786885,43.0,0,0.040852459016393436,0.042999999999999705
vehicle_012_session_00508,vehicle_012,508,train,127.56182180555557,39.2,331.9,333.0,335.0,338.0,-70.11640311475409,35.47540983606557,1,0.0324590163934426,0.03699999999999992
vehicle_012_session_00509,vehicle_012,509,train,126.98371095008055,59.2,347.7,348.5,351.6,355.3,-70.09672983606558,37.885245901639344,1,0.04047540983606559,0.04200000000000026
vehicle_012_session_00510,vehicle_012,510,train,126.46786672374434,46.4,336.9,337.5,340.2,344.4,-70.70164950819671,34.278688524590166,1,0.04016393442622951,0.04599999999999982
vehicle_012_session_00511,vehicle_012,511,train,127.4541468160377,75.6,361.6,362.4,365.8,370.2,-70.77214836065572,36.59016393442623,1,0.042639344262295036,0.04499999999999993
vehicle_012_session_00512,vehicle_012,512,train,127.52316862535619,47.6,337.4,338.0,340.8,345.2,-70.20656803278688,39.950819672131146,2,0.04129508196721312,0.04599999999999982
vehicle_012_session_00513,vehicle_012,513,train,125.21617644757434,45.6,336.4,336.9,339.4,343.5,-69.1983706557377,39.557377049180324,1,0.03939344262295082,0.04500000000000037
vehicle_012_session_00514,vehicle_012,514,train,128.33675238289757,74.0,359.9,360.7,363.9,368.2,-69.22132360655738,41.459016393442624,1,0.042213114754098384,0.04300000000000015
vehicle_012_session_00515,vehicle_012,515,train,125.76650746855344,34.0,330.7,330.8,331.6,333.0,-49.99344196721311,40.0,0,0.022754098360655787,0.025000000000000355
vehicle_012_session_00516,vehicle_012,516,train,126.84695285790599,55.2,342.2,342.8,345.3,348.2,-49.98032590163934,41.868852459016395,1,0.03681967213114755,0.040999999999999925
vehicle_012_session_00517,vehicle_012,517,train,128.4157244444444,19.2,328.3,328.6,329.7,330.8,-70.40490918032786,40.0,0,0.027721311475409835,0.03000000000000025
vehicle_012_session_00518,vehicle_012,518,train,126.08002832602338,49.2,339.7,340.3,343.6,347.7,-70.39507344262294,43.31147540983606,1,0.04163934426229508,0.04400000000000004
vehicle_012_session_00519,vehicle_012,519,train,128.85214648752017,54.0,339.7,341.6,345.7,349.9,-69.95245426229508,42.78688524590164,1,0.04413114754098363,0.04900000000000038
vehicle_012_session_00520,vehicle_012,520,train,129.32125509632613,65.6,351.9,352.7,355.8,359.9,-70.10000950819672,40.0,0,0.040393442622950804,0.04200000000000026
vehicle_012_session_00521,vehicle_012,521,train,129.02146647727272,18.4,326.6,327.4,329.2,330.3,-69.54098672131147,36.377049180327866,1,0.029278688524590177,0.03500000000000014
vehicle_012_session_00522,vehicle_012,522,train,128.7224161560457,40.8,333.5,334.9,337.0,339.9,-69.5081968852459,38.65573770491803,1,0.03421311475409833,0.039000000000000146
vehicle_012_session_00523,vehicle_012,523,train,128.5203876008065,68.4,356.1,356.9,360.0,364.1,-69.40326901639344,41.0,0,0.041770491803278624,0.043999999999999595
vehicle_012_session_00524,vehicle_012,524,train,127.21539299242423,38.0,332.5,332.8,334.4,336.9,-69.89344786885246,41.131147540983605,1,0.031688524590163934,0.0349999999999997
vehicle_012_session_00525,vehicle_012,525,train,128.13890023148147,64.4,351.3,352.1,355.2,359.1,-69.8786937704918,43.0,0,0.041163934426229516,0.042999999999999705
vehicle_012_session_00526,vehicle_012,526,train,129.3173105769231,20.8,327.7,328.3,329.6,330.8,-70.0147581967213,36.63934426229508,1,0.028327868852459026,0.03299999999999992
vehicle_012_session_00527,vehicle_012,527,train,124.94434237132353,47.2,337.5,338.2,340.8,345.0,-69.9262293442623,39.59016393442623,1,0.04050819672131151,0.04500000000000037
vehicle_012_session_00528,vehicle_012,528,train,128.18372417929294,74.4,360.2,361.0,364.3,368.5,-69.88033049180326,41.0,0,0.042819672131147644,0.04499999999999993
vehicle_012_session_00529,vehicle_012,529,train,127.01678935185186,46.4,336.4,337.1,339.9,344.4,-70.07869409836067,38.81967213114754,1,0.0408688524590164,0.04700000000000015
vehicle_012_session_00530,vehicle_012,530,train,125.82450505050505,75.2,361.4,362.2,365.5,369.9,-70.00655983606556,40.0,0,0.04332786885245912,0.04600000000000026
vehicle_012_session_00531,vehicle_012,531,train,127.18863767361111,55.2,343.9,344.9,348.15999999999997,351.9,-71.05574327868852,41.73770491803279,1,0.042606557377049145,0.04599999999999982
vehicle_012_session_00532,vehicle_012,532,train,126.23194805555556,42.4,333.2,334.4,337.1,340.8,-69.90983688524591,30.704918032786885,1,0.03540983606557377,0.04300000000000015
vehicle_012_session_00533,vehicle_012,533,train,128.97938152356906,62.4,350.8,351.6,354.7,358.6,-69.95409803278689,33.0,0,0.04077049180327871,0.04300000000000015
vehicle_012_session_00534,vehicle_012,534,train,128.34137355769232,42.0,335.2,335.7,337.7,341.1,-70.2459162295082,34.68852459016394,1,0.035803278688524565,0.04300000000000015
vehicle_012_session_00535,vehicle_012,535,train,126.99552961601312,68.4,356.1,356.9,360.2,364.3,-70.27870311475411,37.0,0,0.04190163934426234,0.04400000000000048
vehicle_012_session_00536,vehicle_012,536,train,129.7147873511905,59.2,346.4,347.4,350.7,354.6,-70.3049286885246,37.0,0,0.04145901639344261,0.04499999999999993
vehicle_012_session_00537,vehicle_012,537,train,127.74001041666668,52.8,341.4,342.4,346.0,350.0,-70.64427229508198,36.704918032786885,1,0.04393442622950815,0.04700000000000015
vehicle_012_session_00538,vehicle_012,538,train,128.06609517045456,60.8,346.9,348.6,352.1,356.1,-70.64099409836065,37.0,0,0.041147540983606574,0.04300000000000015
vehicle_012_session_00539,vehicle_012,539,train,127.4779829059829,23.2,327.5,328.6,330.0,331.4,-70.17214114754098,36.19672131147541,1,0.02773770491803282,0.02900000000000036
vehicle_012_session_00540,vehicle_012,540,train,123.81064384920633,44.0,336.1,336.6,338.9,342.7,-70.20164950819671,38.77049180327869,1,0.03826229508196719,0.04499999999999993
vehicle_012_session_00541,vehicle_012,541,train,126.38948594034616,69.2,356.0,356.9,360.2,364.3,-70.21640508196721,41.0,0,0.04208196721311473,0.04300000000000015
vehicle_012_session_00542,vehicle_012,542,train,128.87871893518513,50.4,336.9,338.5,342.8,347.4,-70.1918150819672,36.9344262295082,1,0.04413114754098364,0.04800000000000004
vehicle_012_session_00543,vehicle_012,543,train,127.08545980639732,28.8,330.0,330.3,331.4,333.0,-70.21640508196721,39.32786885245902,1,0.028360655737704948,0.03100000000000014
vehicle_012_session_00544,vehicle_012,544,train,127.4194946469907,55.6,343.8,344.6,348.0,351.8,-70.2459162295082,42.83606557377049,1,0.0422295081967213,0.04500000000000037
vehicle_012_session_00545,vehicle_012,545,train,127.5302176226551,20.4,328.8,328.9,329.9,331.3,-70.5311506557377,39.49180327868852,1,0.027803278688524606,0.029999999999999805
vehicle_012_session_00546,vehicle_012,546,train,126.15475463987218,51.6,341.4,342.2,345.7,349.6,-70.50983704918032,43.67213114754098,1,0.0427704918032787,0.04500000000000037
vehicle_012_session_00547,vehicle_012,547,train,128.4419239688552,38.8,331.7,332.7,334.7,337.2,-69.96065655737705,39.26229508196721,1,0.03244262295081967,0.03699999999999992
vehicle_012_session_00548,vehicle_012,548,train,128.64863677849925,65.6,352.5,353.2,356.4,360.3,-69.90983754098362,41.18032786885246,1,0.04213114754098359,0.04400000000000004
vehicle_012_session_00549,vehicle_012,549,train,125.85720507812499,28.4,330.7,330.8,331.9,333.5,-69.8786868852459,40.19672131147541,1,0.028819672131147583,0.03100000000000014
vehicle_012_session_00550,vehicle_012,550,train,126.48565858378873,54.4,343.3,344.3,347.5,351.4,-69.87705065573772,43.47540983606557,1,0.04237704918032788,0.04600000000000026
vehicle_012_session_00551,vehicle_012,551,train,127.43887817879498,32.0,331.1,331.4,332.7,334.4,-70.05410327868853,41.0655737704918,2,0.029885245901639386,0.03200000000000003
vehicle_012_session_00552,vehicle_012,552,train,127.39694422398587,60.8,348.5,349.1,352.2,356.1,-70.03278999999999,44.0,0,0.0417377049180328,0.04400000000000004
vehicle_012_session_00553,vehicle_012,553,train,125.70379094112769,46.4,336.4,336.9,339.6,343.8,-69.70000999999999,37.721311475409834,1,0.04024590163934426,0.04700000000000015
vehicle_012_session_00554,vehicle_012,554,train,128.76993983378875,73.2,358.9,359.9,363.0,367.2,-69.72624213114754,39.967213114754095,1,0.0425737704918033,0.04400000000000048
vehicle_012_session_00555,vehicle_012,555,train,124.0713222134318,39.2,334.4,334.9,336.6,339.4,-71.2688693442623,39.83606557377049,2,0.03399999999999999,0.039000000000000146
vehicle_012_session_00556,vehicle_012,556,train,125.77506752232141,70.8,358.0,358.8,362.1,366.3,-71.31804737704918,42.22950819672131,1,0.04293442622950825,0.04500000000000082
vehicle_012_session_00557,vehicle_012,557,train,129.74824966613244,20.4,326.7,327.8,329.4,330.7,-68.92294311475409,39.90163934426229,1,0.0281967213114754,0.03299999999999992
vehicle_012_session_00558,vehicle_012,558,train,124.90568231757878,41.6,335.0,335.5,337.4,340.3,-68.87868491803277,42.295081967213115,1,0.03503278688524586,0.04100000000000037
vehicle_012_session_00559,vehicle_012,559,train,126.45377240566042,68.8,355.5,356.3,359.4,363.5,-68.82788049180328,44.16393442622951,1,0.041786885245901635,0.043999999999999595
vehicle_012_session_00560,vehicle_012,560,train,124.45785213293651,34.4,332.5,332.8,334.1,336.1,-70.095091147541,42.14754098360656,1,0.030901639344262283,0.03399999999999981
vehicle_012_session_00561,vehicle_012,561,train,125.78781642759564,62.4,350.7,351.4,354.4,358.3,-70.09181229508197,44.622950819672134,1,0.041590163934426265,0.04300000000000015
vehicle_012_session_00562,vehicle_012,562,train,129.36304903017245,60.4,345.3,347.8,351.3,355.3,-69.90984459016393,37.19672131147541,1,0.04104918032786885,0.04400000000000004
vehicle_012_session_00563,vehicle_012,563,train,127.21711048497268,29.6,328.3,329.9,331.1,332.8,-69.65902360655737,42.442622950819676,1,0.02847540983606558,0.03100000000000014
vehicle_012_session_00564,vehicle_012,564,train,128.2500111111111,54.0,341.9,342.8,346.3,350.0,-69.87213770491803,44.98360655737705,1,0.04370491803278685,0.04700000000000015
vehicle_012_session_00565,vehicle_012,565,train,128.8856387803819,52.8,340.8,341.6,345.2,349.1,-69.87049262295082,44.704918032786885,1,0.044114754098360645,0.04700000000000015
vehicle_012_session_00566,vehicle_012,566,train,131.013095996732,23.2,327.2,328.3,329.7,331.1,-69.69181393442622,35.80327868852459,1,0.0279016393442623,0.03100000000000014
vehicle_012_session_00567,vehicle_012,567,train,125.18699220085473,43.6,335.5,336.0,338.0,341.3,-69.73771868852458,38.622950819672134,1,0.036672131147540955,0.04300000000000015
vehicle_012_session_00568,vehicle_012,568,train,129.31293565867003,69.6,355.8,356.6,359.9,363.8,-69.79837655737705,41.0,0,0.04242622950819672,0.04400000000000048
vehicle_012_session_00569,vehicle_012,569,train,126.62815073249618,34.4,332.1,332.4,333.6,335.8,-71.56066180327869,41.50819672131148,1,0.031114754098360658,0.03399999999999981
vehicle_012_session_00570,vehicle_012,570,train,126.47595701291083,63.6,351.3,351.9,355.0,359.1,-71.57541721311475,44.65573770491803,1,0.042393442622950826,0.04400000000000048
vehicle_012_session_00571,vehicle_012,571,train,126.720908203125,36.4,332.5,332.8,334.2,336.6,-69.93441967213116,41.36065573770492,1,0.031737704918032766,0.03500000000000014
vehicle_012_session_00572,vehicle_012,572,train,126.52666980820105,62.0,350.0,350.8,353.9,357.7,-69.92622278688525,44.0,0,0.041852459016393485,0.04400000000000004
vehicle_012_session_00573,vehicle_012,573,train,130.960108638468,16.8,326.3,326.7,328.3,329.9,-69.93769868852458,40.0,0,0.029540983606557384,0.03299999999999992
vehicle_012_session_00574,vehicle_012,574,train,127.45658709490738,43.6,335.7,336.1,338.2,341.4,-69.92786163934426,42.83606557377049,1,0.036737704918032785,0.04300000000000015
vehicle_012_session_00575,vehicle_012,575,train,126.91946701388893,40.8,333.9,334.4,336.3,339.1,-70.03279016393444,41.557377049180324,1,0.034606557377049145,0.040000000000000036
vehicle_012_session_00576,vehicle_012,576,train,126.64608574623347,73.6,359.6,360.5,363.6,367.8,-70.02623213114754,44.0,0,0.04339344262295079,0.04499999999999993
vehicle_012_session_00577,vehicle_012,577,train,128.5812575892857,35.6,330.0,331.0,332.5,334.2,-60.07368934210526,39.921052631578945,1,0.02735526315789475,0.03100000000000014
vehicle_012_session_00578,vehicle_012,578,train,129.09735507192457,64.0,350.7,351.3,353.85,357.2,-59.92933693333334,42.0,0,0.038853333333333344,0.04100000000000037
vehicle_012_session_00579,vehicle_012,579,train,129.831744017094,68.0,353.8,354.6,357.8,361.9,-70.05246409836066,39.83606557377049,1,0.04234426229508194,0.04400000000000004
vehicle_012_session_00580,vehicle_012,580,train,130.67192300194935,58.0,345.7,346.4,349.7,353.6,-70.08525442622951,40.75409836065574,1,0.042836065573770475,0.04499999999999993
vehicle_012_session_00581,vehicle_012,581,train,132.1648163728633,47.2,335.0,336.4,339.9,344.6,-70.18033786885245,37.65573770491803,1,0.04226229508196716,0.04900000000000038
vehicle_012_session_00582,vehicle_012,582,train,128.5264180345118,68.4,355.5,356.3,359.4,363.5,-70.21148655737704,39.0,0,0.04290163934426231,0.04499999999999993
vehicle_012_session_00583,vehicle_012,583,train,128.8200236111111,70.8,357.4,358.2,361.4,365.5,-69.91802524590163,36.98360655737705,1,0.04293442622950819,0.04499999999999993
vehicle_012_session_00584,vehicle_012,584,train,127.80077014866981,25.2,329.9,330.2,331.1,332.5,-69.86885688524589,40.31147540983606,1,0.02824590163934427,0.03000000000000025
vehicle_012_session_00585,vehicle_012,585,train,126.06723326581793,54.0,343.3,344.1,347.4,351.4,-69.87049606557378,43.98360655737705,1,0.042885245901639356,0.04600000000000026
vehicle_012_session_00586,vehicle_012,586,train,129.84188468215814,45.6,333.6,334.9,336.5,338.6,-44.960536315789476,36.0,0,0.028881578947368366,0.03399999999999981
vehicle_012_session_00587,vehicle_012,587,train,129.83209540837478,6.8,319.9,321.3,324.1,326.6,-70.01147868852459,42.950819672131146,1,0.032213114754098306,0.03500000000000014
vehicle_012_session_00588,vehicle_012,588,train,128.6350767312207,34.0,332.2,332.4,333.6,335.7,-69.96885377049182,43.967213114754095,1,0.03060655737704918,0.03399999999999981
vehicle_012_session_00589,vehicle_012,589,train,127.33724408637147,62.8,350.5,351.3,354.3,358.2,-69.95245885245902,46.0,0,0.04208196721311477,0.04400000000000004
vehicle_012_session_00590,vehicle_012,590,train,125.9317370756173,34.0,331.6,331.9,333.2,335.0,-69.8196855737705,43.67213114754098,1,0.03047540983606561,0.03300000000000036
vehicle_012_session_00591,vehicle_012,591,train,128.6452880806011,62.8,349.9,350.5,353.6,357.5,-69.82460278688524,46.0655737704918,1,0.04257377049180332,0.04500000000000037
vehicle_012_session_00592,vehicle_012,592,train,130.64768465136058,58.4,343.8,345.74444444444447,349.3375,353.3,-69.954668,40.0,0,0.04297333333333335,0.04700000000000015
vehicle_012_session_00593,vehicle_012,593,train,125.8026866883117,40.4,334.2,334.4,336.3,338.9,-70.09837049180328,44.09836065573771,2,0.03454098360655731,0.038000000000000256
vehicle_012_session_00594,vehicle_012,594,train,127.24560470545981,71.2,357.4,358.3,361.4,365.5,-70.10656737704917,46.32786885245902,1,0.04329508196721308,0.04500000000000037
vehicle_012_session_00595,vehicle_012,595,train,127.54483295454547,71.6,357.2,358.0,361.3,365.3,-69.93115196721313,43.0,0,0.04296721311475408,0.04499999999999993
vehicle_012_session_00596,vehicle_012,596,train,128.2950880448718,17.6,325.3,326.6,328.8,330.0,-70.04098868852459,40.0,0,0.031032786885245956,0.03600000000000003
vehicle_012_session_00597,vehicle_012,597,train,123.28704232804238,43.6,336.3,336.8,338.9,342.7,-69.91639475409835,43.16393442622951,2,0.03865573770491798,0.04600000000000026
vehicle_012_session_00598,vehicle_012,598,train,128.569439957265,12.8,324.6,325.2,327.5,329.2,-70.37212950819672,39.0,0,0.03067213114754102,0.03299999999999992
vehicle_012_session_00599,vehicle_012,599,train,124.78312339743593,38.8,334.4,334.9,336.4,339.3,-70.35737983606558,41.295081967213115,1,0.03403278688524584,0.039000000000000146
vehicle_012_session_00600,vehicle_012,600,train,125.55758612472764,64.8,353.3,354.1,357.2,361.1,-70.3803237704918,44.0,0,0.04245901639344259,0.044999999999999485
vehicle_012_session_00601,vehicle_012,601,train,128.42460500672038,38.4,331.4,332.4,334.6,337.2,-69.91802459016394,38.50819672131148,1,0.03263934426229507,0.03699999999999992
vehicle_012_session_00602,vehicle_012,602,train,129.315473324515,63.6,351.0,351.8,354.9,358.8,-69.88852065573771,41.0,0,0.04257377049180331,0.04400000000000048
vehicle_012_session_00603,vehicle_012,603,train,129.22906243569957,46.8,334.6,336.0,339.1,343.6,-69.3229606557377,39.9344262295082,2,0.041327868852458996,0.04800000000000004
vehicle_012_session_00604,vehicle_012,604,train,130.0442079545455,68.4,355.2,356.0,359.1,363.0,-69.33771360655737,41.47540983606557,1,0.04318032786885244,0.04500000000000037
vehicle_012_session_00605,vehicle_012,605,train,129.44046749772315,12.0,321.7,323.3,326.0,328.5,-70.1704962295082,43.65573770491803,1,0.030918032786885225,0.03299999999999992
vehicle_012_session_00606,vehicle_012,606,train,125.96875882936509,36.4,333.0,333.3,334.7,337.1,-70.14426655737705,45.9344262295082,2,0.0313606557377049,0.03400000000000025
vehicle_012_session_00607,vehicle_012,607,train,126.76027576489535,64.4,352.1,352.8,355.8,359.9,-70.13115327868853,48.885245901639344,1,0.04095081967213115,0.04300000000000015
vehicle_012_session_00608,vehicle_012,608,train,130.6681668771044,58.4,346.1,346.9,350.0,353.9,-69.7787031147541,41.0,0,0.04162295081967214,0.04300000000000015
vehicle_012_session_00609,vehicle_012,609,train,131.19164138888885,67.6,352.7,353.2,355.5,358.6,-51.899989999999995,39.0,0,0.03506557377049184,0.03699999999999992
vehicle_012_session_00610,vehicle_012,610,train,130.05050505050502,15.2,326.1,326.4,327.5,328.5,-50.0,37.0,0,0.022295081967213092,0.02400000000000002
vehicle_012_session_00611,vehicle_012,611,train,125.53418803418803,37.6,333.0,333.3,334.4,336.0,-50.0,38.52459016393443,1,0.02491803278688529,0.027000000000000135
vehicle_012_session_00612,vehicle_012,612,train,125.71839080459773,58.4,347.4,348.0,350.2,352.8,-50.0,40.0,0,0.03434426229508196,0.03600000000000003
vehicle_012_session_00613,vehicle_012,613,train,129.66580152391975,54.4,338.8,340.75,344.0,347.1,-46.811832499999994,32.85526315789474,1,0.03840789473684216,0.04300000000000015
vehicle_012_session_00614,vehicle_012,614,train,128.29391254960316,33.6,329.7,331.05,332.75,334.7,-69.98026328947368,32.8421052631579,1,0.029118421052631585,0.03200000000000003
vehicle_012_session_00615,vehicle_012,615,train,128.14337003024883,32.4,329.7,330.9,332.45,334.6,-73.96052921052633,32.776315789473685,1,0.030210526315789483,0.03300000000000036
vehicle_012_session_00616,vehicle_012,616,train,129.40041215796023,42.8,334.1,334.7,336.9,340.3,-70.11804245901638,34.131147540983605,1,0.03488524590163932,0.04100000000000037
vehicle_012_session_00617,vehicle_012,617,train,129.5887467672414,70.0,356.6,357.4,360.7,364.7,-70.19509196721312,36.0,0,0.04113114754098356,0.04300000000000015
vehicle_012_session_00618,vehicle_012,618,train,125.56027912137681,12.8,321.7,322.4,323.8,325.2,-32.44933986666667,31.0,0,0.019586666666666693,0.02100000000000035
vehicle_012_session_00619,vehicle_012,619,train,123.8153974673203,52.4,341.3,342.1,344.4,347.1,-45.22788163934427,33.68852459016394,1,0.035524590163934465,0.039000000000000146
vehicle_012_session_00620,vehicle_012,620,train,126.97972702991456,34.8,331.6,331.9,333.5,335.5,-70.74263721311473,32.73770491803279,1,0.03009836065573771,0.03299999999999992
vehicle_012_session_00621,vehicle_012,621,train,127.26494603978979,60.8,348.9,349.9,352.8,356.8,-70.75575327868852,35.622950819672134,1,0.04049180327868856,0.04200000000000026
vehicle_012_session_00622,vehicle_012,622,train,129.6637792824074,20.0,326.4,327.8,329.4,330.8,-70.01639704918033,37.60655737704918,1,0.028131147540983625,0.03200000000000003
vehicle_012_session_00623,vehicle_012,623,train,123.94122227112672,44.0,336.8,337.2,339.6,343.5,-70.00819950819671,40.442622950819676,1,0.03837704918032785,0.04400000000000004
vehicle_012_session_00624,vehicle_012,624,train,126.50064438131312,72.8,359.6,360.5,363.6,368.0,-70.02951065573771,42.0,0,0.04147540983606558,0.04300000000000015
vehicle_012_session_00625,vehicle_012,625,train,128.5315886674718,28.4,328.9,329.9,331.1,332.8,-69.43769868852458,37.90163934426229,1,0.027721311475409877,0.029999999999999805
vehicle_012_session_00626,vehicle_012,626,train,128.28790380291008,56.4,345.0,346.0,349.1,353.0,-69.3901568852459,41.18032786885246,1,0.04050819672131147,0.04300000000000015
vehicle_012_session_00627,vehicle_012,627,train,129.59491994598767,53.6,339.6,341.4,346.0,350.3,-74.13771163934425,38.90163934426229,1,0.04529508196721306,0.050000000000000266
vehicle_012_session_00628,vehicle_012,628,train,128.4608784090909,75.2,361.1,362.1,365.5,370.0,-73.98852852459015,40.01639344262295,0,0.04357377049180323,0.045999999999999375
vehicle_012_session_00629,vehicle_012,629,train,127.6600533311632,34.0,331.7,331.9,333.3,335.3,-70.02787163934427,39.131147540983605,1,0.02998360655737708,0.03200000000000003
vehicle_012_session_00630,vehicle_012,630,train,126.81814799718197,59.6,348.2,349.1,352.1,356.0,-70.04754573770491,42.0,0,0.040491803278688496,0.04200000000000026
vehicle_012_session_00631,vehicle_012,631,train,129.55162637691575,17.6,327.1,327.4,329.1,330.2,-70.71476557377049,42.0,0,0.028737704918032802,0.03200000000000003
vehicle_012_session_00632,vehicle_012,632,train,125.94607266505635,40.8,334.9,335.3,337.2,340.2,-70.70000999999998,44.24590163934426,1,0.03414754098360651,0.0389999999999997
vehicle_012_session_00633,vehicle_012,633,train,126.6118703094542,68.8,355.8,356.6,359.7,363.9,-70.70000999999998,46.47540983606557,1,0.041442622950819664,0.043999999999999595
vehicle_012_session_00634,vehicle_012,634,train,130.76437847222226,47.2,334.7,336.1,339.3,343.9,-70.33935180327869,37.459016393442624,1,0.04050819672131144,0.04800000000000004
vehicle_012_session_00635,vehicle_012,635,train,128.30117407066993,59.2,348.0,348.8,352.1,356.3,-74.02787377049178,37.0,0,0.04196721311475411,0.04400000000000004
vehicle_012_session_00636,vehicle_012,636,train,127.51579166666664,38.0,333.0,333.2,334.9,337.5,-70.06393983606559,35.032786885245905,2,0.03221311475409833,0.03600000000000003
vehicle_012_session_00637,vehicle_012,637,train,129.39792548611112,64.8,352.5,353.3,356.4,360.5,-70.0541037704918,37.80327868852459,1,0.040918032786885265,0.04300000000000015
vehicle_012_session_00638,vehicle_012,638,train,128.88354487179487,40.0,333.5,334.1,336.3,339.9,-80.05738245901641,32.557377049180324,1,0.03667213114754097,0.04200000000000026
vehicle_012_session_00639,vehicle_012,639,train,129.89215851220538,41.6,333.3,333.9,336.0,339.1,-70.51147655737705,36.0,2,0.03403278688524588,0.039000000000000146
vehicle_012_session_00640,vehicle_012,640,train,128.96793187260545,68.4,355.0,355.8,359.1,363.2,-70.59345147540985,38.09836065573771,1,0.041786885245901566,0.043999999999999595
vehicle_012_session_00641,vehicle_012,641,train,129.34088673371647,66.0,354.4,355.2,358.3,362.4,-70.33771360655737,32.721311475409834,1,0.041163934426229475,0.04300000000000015
vehicle_012_session_00642,vehicle_012,642,train,130.6363288818664,62.0,347.4,349.35,352.8,356.8,-69.91867053333334,31.666666666666668,1,0.04052000000000005,0.04300000000000015
vehicle_012_session_00643,vehicle_012,643,train,128.3976941203704,22.8,328.9,329.2,330.3,331.6,-70.07049688524592,36.98360655737705,1,0.02773770491803281,0.03000000000000025
vehicle_012_session_00644,vehicle_012,644,train,125.99794787379977,53.2,342.8,343.8,347.1,351.0,-69.99180639344262,40.63934426229508,1,0.042229508196721284,0.04600000000000026
vehicle_012_session_00645,vehicle_012,645,train,129.35565932377054,70.4,356.6,357.4,360.7,364.7,-69.92951245901641,38.0,0,0.0415409836065574,0.04300000000000015
vehicle_012_session_00646,vehicle_012,646,train,126.78111512128322,46.8,337.4,338.0,340.7,345.0,-70.07705688524591,36.60655737704918,1,0.04100000000000001,0.04600000000000026
vehicle_012_session_00647,vehicle_012,647,train,126.37283841306588,75.2,361.8,362.5,365.8,370.2,-70.09509147540983,38.57377049180328,1,0.04286885245901644,0.04400000000000048
vehicle_012_session_00648,vehicle_012,648,train,129.56288554067464,49.6,336.3,337.8,341.8,346.6,-70.17377950819672,35.65573770491803,1,0.043278688524590166,0.04800000000000004
vehicle_012_session_00649,vehicle_012,649,train,129.37232409188033,15.2,324.6,325.3,327.8,329.4,-70.33115081967213,33.0,0,0.030409836065573764,0.03400000000000025
vehicle_012_session_00650,vehicle_012,650,train,124.71984165715371,41.2,334.9,335.3,337.2,340.2,-70.47704688524591,36.14754098360656,2,0.0343934426229508,0.039000000000000146
vehicle_012_session_00651,vehicle_012,651,train,127.59607922453705,70.4,357.1,358.0,361.1,365.3,-70.51967409836067,38.98360655737705,1,0.04198360655737702,0.04400000000000048
vehicle_012_session_00652,vehicle_012,652,train,129.71001183127575,70.0,354.7,356.1,359.6,363.9,-69.91967262295083,38.131147540983605,1,0.04134426229508201,0.04300000000000015
vehicle_012_session_00653,vehicle_012,653,train,127.852666857548,20.8,326.3,327.45,329.2,330.5,-69.84079565789473,38.0,0,0.02918421052631582,0.03500000000000014
vehicle_012_session_00654,vehicle_012,654,train,125.10983230105106,36.8,333.2,333.5,334.9,337.2,-69.80329770491802,39.868852459016395,2,0.03181967213114751,0.03600000000000003
vehicle_012_session_00655,vehicle_012,655,train,126.50828076171882,66.4,353.9,354.7,357.8,361.9,-69.80002,42.704918032786885,1,0.041540983606557384,0.04300000000000015
vehicle_012_session_00656,vehicle_012,656,train,127.62579156602253,29.6,330.8,331.1,332.2,333.6,-68.92130426229508,40.52459016393443,1,0.028311475409836098,0.03000000000000025
vehicle_012_session_00657,vehicle_012,657,train,126.2435760149573,57.6,346.3,347.1,350.2,353.9,-68.90490983606557,44.0655737704918,1,0.0406885245901639,0.042999999999999705
vehicle_012_session_00658,vehicle_012,658,train,127.57401976996529,22.4,326.9,328.3,329.7,331.1,-70.10164901639345,39.22950819672131,1,0.028016393442622967,0.03100000000000014
vehicle_012_session_00659,vehicle_012,659,train,126.21575228435675,48.0,338.3,338.8,341.8,346.1,-70.10984590163935,42.50819672131148,1,0.042032786885245914,0.04600000000000026
vehicle_012_session_00660,vehicle_012,660,train,127.05365995495494,11.2,319.6,321.7,323.675,325.7,-44.54133346666667,38.0,0,0.02333333333333331,0.02499999999999991
vehicle_012_session_00661,vehicle_012,661,train,127.81138877688174,12.8,325.7,326.3,327.8,329.2,-69.99836491803279,41.22950819672131,-1,0.02922950819672131,0.03200000000000003
vehicle_012_session_00662,vehicle_012,662,train,125.81700010212423,37.6,333.9,334.2,335.8,338.3,-70.01639672131147,43.19672131147541,1,0.032606557377049164,0.03600000000000003
vehicle_012_session_00663,vehicle_012,663,train,124.82254117063492,64.8,353.3,354.1,357.1,361.1,-69.96885524590165,45.442622950819676,1,0.04147540983606558,0.04400000000000004
vehicle_012_session_00664,vehicle_012,664,train,130.34110355392156,50.0,336.4,338.0,342.1,346.9,-69.88852852459016,35.459016393442624,1,0.04413114754098362,0.04800000000000004
vehicle_012_session_00665,vehicle_012,665,train,128.40161387711868,70.4,357.2,358.0,361.3,365.3,-69.82951590163934,36.85245901639344,1,0.04278688524590157,0.04499999999999993
vehicle_012_session_00666,vehicle_012,666,train,127.93046394457548,24.8,329.9,330.0,331.0,332.4,-70.04918524590164,38.049180327868854,1,0.02775409836065574,0.029999999999999805
vehicle_012_session_00667,vehicle_012,667,train,126.088355874317,67.2,354.9,355.5,358.6,362.7,-70.05410409836067,42.0,0,0.04177049180327868,0.04400000000000048
vehicle_012_session_00668,vehicle_012,668,train,128.52511009615387,51.6,339.7,340.7,344.1,348.3,-69.93606819672131,38.67213114754098,1,0.04419672131147543,0.04800000000000004
vehicle_012_session_00669,vehicle_012,669,train,125.7425299679487,36.8,333.3,333.6,335.2,337.5,-70.07213721311476,41.01639344262295,2,0.03209836065573768,0.03600000000000003
vehicle_012_session_00670,vehicle_012,670,train,127.31250731837608,63.2,351.4,352.2,355.3,359.3,-70.03442901639345,43.0,0,0.04129508196721317,0.04300000000000015
vehicle_012_session_00671,vehicle_012,671,train,129.9439726486355,52.0,338.2,339.9,344.6,348.9,-70.19017262295081,38.83606557377049,1,0.045524590163934446,0.050000000000000266
vehicle_012_session_00672,vehicle_012,672,train,128.22050487446586,75.2,361.3,362.1,365.5,369.7,-70.13607295081968,40.0,0,0.04352459016393442,0.045999999999999375
vehicle_012_session_00673,vehicle_012,673,train,126.50954599020027,19.2,325.8,327.1,329.1,330.3,-69.88026539473682,36.0,0,0.029947368421052636,0.03600000000000003
vehicle_012_session_00674,vehicle_012,674,train,125.95608488920695,22.8,327.1,328.1,329.4,330.7,-59.9763172368421,34.8421052631579,1,0.0243684210526316,0.026000000000000245
vehicle_012_session_00675,vehicle_012,675,train,129.0505337045019,59.2,346.8,347.7,350.8,354.9,-70.0131186885246,38.540983606557376,1,0.04201639344262293,0.04499999999999993
vehicle_012_session_00676,vehicle_012,676,train,128.54558830532216,50.0,336.6,338.55,342.7375,347.2,-69.85200546666667,37.973333333333336,1,0.04432000000000001,0.04800000000000004
vehicle_012_session_00677,vehicle_012,677,train,128.45176371082624,54.0,342.5,343.5,347.1,351.0,-69.69181327868853,38.0,0,0.04406557377049179,0.04800000000000004
vehicle_012_session_00678,vehicle_012,678,train,126.54850476782751,27.2,330.8,331.1,332.1,333.6,-70.9918024590164,38.16393442622951,1,0.028950819672131162,0.03100000000000014
vehicle_012_session_00679,vehicle_012,679,train,125.11749785958905,54.0,344.4,345.3,348.6,352.5,-71.05082475409837,41.68852459016394,1,0.04267213114754096,0.04600000000000026
vehicle_012_session_00680,vehicle_012,680,train,127.29014261642153,48.8,338.2,338.6,341.4,346.0,-70.02131524590163,40.67213114754098,1,0.042819672131147575,0.04800000000000004
vehicle_012_session_00681,vehicle_012,681,train,128.0352606132076,76.4,361.8,362.5,365.8,370.2,-69.99016737704919,42.0,0,0.04365573770491807,0.04500000000000082
vehicle_012_session_00682,vehicle_012,682,train,128.31946304563496,22.8,327.4,328.6,330.0,331.4,-70.3393518032787,40.81967213114754,1,0.028278688524590187,0.03100000000000014
vehicle_012_session_00683,vehicle_012,683,train,125.92531662912917,51.2,340.8,341.6,345.0,349.3,-70.25246672131148,43.9344262295082,1,0.04393442622950823,0.04700000000000015
vehicle_012_session_00684,vehicle_012,684,train,128.74711411146725,35.2,329.9,330.7,332.1375,333.9,-60.00933426666666,39.0,0,0.02724000000000002,0.029999999999999805
vehicle_012_session_00685,vehicle_012,685,train,128.45983305425753,38.4,329.9,331.7,333.55,335.7,-59.785533289473676,38.0,0,0.02857894736842106,0.03200000000000003
vehicle_012_session_00686,vehicle_012,686,train,130.95264389510783,54.0,339.4,341.45000000000005,345.8,350.0,-69.85000552631578,39.0,0,0.045644736842105224,0.051000000000000156
vehicle_012_session_00687,vehicle_012,687,train,130.43887016165758,18.8,326.1,327.2,329.1,330.5,-69.90163278688523,34.032786885245905,1,0.030049180327868855,0.03600000000000003
vehicle_012_session_00688,vehicle_012,688,train,124.49842600412916,43.6,336.3,336.8,338.9,342.7,-69.82787983606558,37.34426229508197,1,0.0379016393442623,0.04499999999999993
vehicle_012_session_00689,vehicle_012,689,train,126.55952017480843,73.2,360.2,361.0,364.3,368.5,-69.83771360655739,39.295081967213115,1,0.043065573770491826,0.04500000000000082
vehicle_012_session_00690,vehicle_012,690,train,124.66236572551169,33.2,332.4,332.7,334.1,336.0,-69.96720983606556,35.85245901639344,1,0.030721311475409876,0.03300000000000036
vehicle_012_session_00691,vehicle_012,691,train,124.66452494658121,64.0,352.7,353.5,356.6,360.5,-69.94425672131148,39.0,0,0.04200000000000002,0.043999999999999595
vehicle_012_session_00692,vehicle_012,692,train,127.11852657407408,28.0,329.6,329.9,331.1,332.5,-70.06394065573771,39.65573770491803,1,0.028442622950819715,0.03100000000000014
vehicle_012_session_00693,vehicle_012,693,train,126.43269668803418,58.0,346.0,346.9,350.0,353.9,-70.02623213114754,43.0,0,0.04236065573770491,0.04400000000000004
vehicle_012_session_00694,vehicle_012,694,train,126.56546257062149,34.4,331.7,332.1,333.3,335.3,-71.21476557377048,38.80327868852459,1,0.031016393442622962,0.03399999999999981
vehicle_012_session_00695,vehicle_012,695,train,126.60455340826024,58.0,346.0,346.9,350.0,353.9,-71.20656819672129,41.85245901639344,1,0.04288524590163932,0.04599999999999982
vehicle_012_session_00696,vehicle_012,696,train,130.25419418238994,3.2,318.1,319.9,323.2,325.7,-70.00983704918032,37.9344262295082,1,0.03365573770491804,0.03699999999999992
vehicle_012_session_00697,vehicle_012,697,train,127.66324310737978,24.8,330.0,330.3,331.3,332.5,-69.98688393442623,38.08196721311475,1,0.02796721311475412,0.02900000000000036
vehicle_012_session_00698,vehicle_012,698,train,125.94727821791864,51.6,341.8,342.7,346.1,350.2,-69.99508147540983,41.295081967213115,1,0.04324590163934426,0.04500000000000037
vehicle_012_session_00699,vehicle_012,699,train,130.1694824834163,52.8,338.0,340.2,344.9,349.3,-70.08197311475409,34.26229508196721,1,0.04567213114754101,0.050000000000000266
vehicle_012_session_00700,vehicle_012,700,train,127.70296360153262,59.6,347.2,348.2,351.6,355.7,-70.14427229508198,33.32786885245902,1,0.042163934426229524,0.04499999999999993
vehicle_012_session_00701,vehicle_012,701,train,122.93158581349212,40.0,333.5,333.8,334.9,336.8,-49.806575409836086,38.32786885245902,1,0.026721311475409855,0.029999999999999805
vehicle_012_session_00702,vehicle_012,702,train,124.49987653579055,62.4,349.7,350.3,352.5,355.3,-49.80985311475411,40.0,0,0.03545901639344266,0.03699999999999992
vehicle_012_session_00703,vehicle_012,703,train,129.51011875,23.6,327.2,328.6,330.2,331.4,-69.76722278688524,34.67213114754098,1,0.027754098360655753,0.02900000000000036
vehicle_012_session_00704,vehicle_012,704,train,125.52525498826289,46.0,337.2,337.7,340.3,344.6,-69.74263524590162,37.40983606557377,1,0.041163934426229495,0.04700000000000015
vehicle_012_session_00705,vehicle_012,705,train,128.3585524237473,35.6,330.2,330.5,331.4,332.8,-45.11312475409837,35.26229508196721,1,0.02232786885245905,0.02499999999999991
vehicle_012_session_00706,vehicle_012,706,train,127.09779587138507,24.0,327.7,328.8,330.2,331.6,-69.96973631578948,33.9078947368421,1,0.02764473684210528,0.03000000000000025
vehicle_012_session_00707,vehicle_012,707,train,128.1550072167756,52.0,338.5,338.9,341.3,344.7,-49.79346196721313,39.0,0,0.039721311475409866,0.04300000000000015
vehicle_012_session_00708,vehicle_012,708,train,126.45835123239439,20.8,328.9,329.2,330.3,331.6,-70.65410836065573,33.16393442622951,1,0.02783606557377052,0.02900000000000036
vehicle_012_session_00709,vehicle_012,709,train,122.66828659188039,49.6,340.5,341.3,344.7,348.9,-70.6360755737705,36.90163934426229,2,0.043819672131147534,0.04699999999999971
vehicle_012_session_00710,vehicle_012,710,train,126.44185114981786,52.0,341.1,341.9,345.7,349.9,-70.72460262295081,36.60655737704918,1,0.045360655737704904,0.04899999999999993
vehicle_012_session_00711,vehicle_012,711,train,124.80037847222228,76.8,362.8,363.6,367.1,371.4,-70.80821032786885,38.0,0,0.04488524590163935,0.0470000000000006
vehicle_012_session_00712,vehicle_012,712,train,125.4588785161744,44.8,335.7,336.3,338.9,343.2,-70.64591163934425,34.52459016393443,1,0.0405409836065574,0.04899999999999993
vehicle_012_session_00713,vehicle_012,713,train,128.85230397916666,66.8,352.8,353.6,356.9,361.0,-70.04754573770491,39.0,0,0.04278688524590166,0.04400000000000048
vehicle_012_session_00714,vehicle_012,714,train,127.11450525939541,52.8,340.5,341.4,345.3,349.6,-70.30002,35.868852459016395,1,0.04580327868852459,0.050000000000000266
vehicle_012_session_00715,vehicle_012,715,train,125.57163456196584,35.6,330.8,331.79999999999995,333.70000000000005,336.1,-69.96133413333332,35.81333333333333,1,0.03154666666666667,0.03500000000000014
vehicle_012_session_00716,vehicle_012,716,train,125.438083460097,38.0,331.6,332.575,334.775,337.4,-70.05066986666667,33.413333333333334,1,0.03277333333333332,0.03699999999999992
vehicle_012_session_00717,vehicle_012,717,train,123.41084123389696,30.8,331.0,331.3,332.4,334.1,-70.09509098360655,35.75409836065574,1,0.029475409836065603,0.03200000000000003
vehicle_012_session_00718,vehicle_012,718,train,124.27655027587524,58.4,346.8,347.5,350.8,354.7,-70.05738245901641,39.0,0,0.042622950819672115,0.04499999999999993
vehicle_012_session_00719,vehicle_012,719,train,128.3981999591503,53.2,340.8,341.9,345.8,350.0,-70.64919032786887,35.0,0,0.046344262295081956,0.050000000000000266
vehicle_012_session_00720,vehicle_012,720,train,125.57990133236436,39.6,331.3,332.45,334.4,336.8,-59.69737460526314,33.0,0,0.030157894736842116,0.03299999999999992
vehicle_012_session_00721,vehicle_012,721,train,125.25303988313009,15.6,323.6,324.95,327.4,328.9,-60.04474039473684,31.0,0,0.028105263157894692,0.03200000000000003
vehicle_012_session_00722,vehicle_012,722,train,126.35117376207732,16.8,327.4,327.8,329.2,330.3,-69.73935819672131,33.26229508196721,1,0.028311475409836064,0.03100000000000014
vehicle_012_session_00723,vehicle_012,723,train,121.49041314102563,44.4,337.2,337.8,340.3,344.3,-69.77214836065572,36.60655737704918,1,0.04042622950819672,0.04700000000000015
vehicle_012_session_00724,vehicle_012,724,train,123.98349335488506,70.8,358.2,358.9,362.2,366.3,-69.79018229508196,38.18032786885246,1,0.043475409836065515,0.04499999999999993
vehicle_012_session_00725,vehicle_012,725,train,125.84105599647265,44.8,334.1,335.3,338.2,342.4,-70.04262704918034,37.885245901639344,1,0.03965573770491801,0.04800000000000004
vehicle_012_session_00726,vehicle_012,726,train,125.64558590534985,70.0,356.6,357.5,360.8,364.9,-70.0311506557377,39.0,0,0.04347540983606553,0.04499999999999993
vehicle_012_session_00727,vehicle_012,727,train,125.47978679653679,17.2,326.6,327.2,328.9,330.3,-69.95573327868853,35.032786885245905,1,0.029770491803278686,0.03399999999999981
vehicle_012_session_00728,vehicle_012,728,train,122.0023090277778,48.0,339.3,339.9,343.0,347.4,-69.87868491803279,38.80327868852459,1,0.043557377049180356,0.04700000000000015
vehicle_012_session_00729,vehicle_012,729,train,122.66492274305558,37.6,333.5,333.8,335.3,337.8,-69.96720983606556,35.42622950819672,1,0.03270491803278686,0.03699999999999992
vehicle_012_session_00730,vehicle_012,730,train,124.41266990348396,69.6,356.4,357.2,360.3,364.6,-69.98032590163935,38.18032786885246,1,0.04306557377049179,0.04500000000000037
vehicle_012_session_00731,vehicle_012,731,train,124.66007356746034,20.4,326.1,327.4,328.85,330.0,-59.772374736842096,34.10526315789474,1,0.025526315789473713,0.03000000000000025
vehicle_012_session_00732,vehicle_012,732,train,123.92662174908428,25.2,327.7,328.6,329.9,331.1,-59.73467093333333,31.106666666666666,1,0.024626666666666686,0.026000000000000245
vehicle_012_session_00733,vehicle_012,733,train,127.01582658179014,54.0,342.8,343.9,347.5,351.6,-70.04754573770491,30.24590163934426,1,0.04486885245901641,0.04900000000000038
vehicle_012_session_00734,vehicle_012,734,train,127.41182517636686,61.2,349.3,350.0,353.3,357.4,-71.32788049180328,37.67213114754098,1,0.04116393442622953,0.04300000000000015
vehicle_012_session_00735,vehicle_012,735,train,125.76673395270277,31.2,331.4,331.7,333.0,334.7,-69.79509885245902,33.75409836065574,1,0.02880327868852462,0.03100000000000014
vehicle_012_session_00736,vehicle_012,736,train,124.14959973290601,61.2,349.7,350.5,353.6,357.5,-69.80001672131148,37.0,0,0.040475409836065575,0.04200000000000026
vehicle_012_session_00737,vehicle_012,737,train,127.10325452020197,50.8,337.7,338.8,341.0,343.9,-44.899989999999995,32.0,0,0.03608196721311478,0.040000000000000036
vehicle_012_session_00738,vehicle_012,738,train,125.5695912866876,16.4,324.9,326.1,328.6,330.0,-70.13935426229509,31.885245901639344,1,0.03001639344262295,0.0349999999999997
vehicle_012_session_00739,vehicle_012,739,train,123.06058249665328,37.6,333.6,334.1,335.7,338.2,-70.05082475409836,34.295081967213115,1,0.031934426229508144,0.03500000000000014
vehicle_012_session_00740,vehicle_012,740,train,124.5528166307471,70.8,358.0,358.6,361.9,366.1,-70.02295311475409,37.278688524590166,1,0.04181967213114752,0.04400000000000048
vehicle_012_session_00741,vehicle_012,741,train,125.97176290006043,31.6,329.7,330.75,332.2,334.2,-69.73422263157894,34.64473684210526,1,0.029184210526315802,0.03200000000000003
vehicle_012_session_00742,vehicle_012,742,train,125.09294712384258,28.0,328.5,329.6,331.1,332.7,-70.03115081967213,33.47540983606557,1,0.028196721311475426,0.03000000000000025
vehicle_012_session_00743,vehicle_012,743,train,125.5409437134503,52.0,341.0,341.8,345.29,349.4,-70.05902098360657,36.442622950819676,1,0.04362295081967213,0.04600000000000026
vehicle_012_session_00744,vehicle_012,744,train,125.54409455598733,14.4,322.4,324.2,326.7,328.6,-59.9315875,33.0,0,0.027973684210526296,0.03100000000000014
vehicle_012_session_00745,vehicle_012,745,train,122.72572569444448,48.8,339.1,339.7,342.8,347.2,-68.7852631147541,34.63934426229508,1,0.04213114754098362,0.04600000000000026
vehicle_012_session_00746,vehicle_012,746,train,126.21466136363638,67.6,354.3,355.2,358.3,362.4,-70.1672213114754,36.0,0,0.04118032786885243,0.04300000000000015
vehicle_012_session_00747,vehicle_012,747,train,126.41595707435754,38.8,331.0,331.65,333.0,334.6,-44.91065773333333,35.17333333333333,1,0.023493333333333352,0.026000000000000245
vehicle_012_session_00748,vehicle_012,748,train,126.89833978174603,59.2,347.4,348.3,351.4,355.5,-70.72624213114753,36.0,0,0.041426229508196716,0.04400000000000004
vehicle_012_session_00749,vehicle_012,749,train,125.58076150933776,26.8,328.3,329.5,331.0,332.5,-70.23867586666667,34.53333333333333,1,0.028026666666666682,0.03000000000000025
vehicle_012_session_00750,vehicle_012,750,train,129.03068391203703,57.2,343.9,345.8,349.7,353.8,-70.20000934426228,29.9672131147541,1,0.042754098360655725,0.051000000000000156
vehicle_012_session_00751,vehicle_012,751,train,125.94373486733006,60.8,349.3,350.0,353.2,357.2,-69.83279704918033,32.0,0,0.041196721311475414,0.04300000000000015
vehicle_012_session_00752,vehicle_012,752,train,126.39916632433486,56.0,344.6,345.5,348.9,353.0,-69.82788049180328,32.52459016393443,1,0.04268852459016391,0.04800000000000004
vehicle_012_session_00753,vehicle_012,753,train,123.58844873649694,33.6,332.1,332.4,333.8,335.8,-70.0311506557377,33.59016393442623,1,0.030655737704918043,0.03300000000000036
vehicle_012_session_00754,vehicle_012,754,train,123.7141586021505,62.4,350.8,351.6,354.7,358.6,-70.00327901639345,37.0,0,0.0412622950819672,0.04300000000000015
vehicle_012_session_00755,vehicle_012,755,train,126.42002843630267,68.0,354.7,355.5,358.8,362.8,-69.97049655737705,35.0,0,0.042295081967213086,0.04400000000000004
vehicle_012_session_00756,vehicle_012,756,train,128.878485,74.4,360.0,361.0,364.3,368.6,-70.04590573770493,35.0,0,0.04234426229508204,0.04400000000000048
vehicle_012_session_00757,vehicle_012,757,train,122.27483270202023,41.2,335.2,335.7,337.5,340.8,-70.0065580327869,32.91803278688525,2,0.035377049180327816,0.040999999999999925
vehicle_012_session_00758,vehicle_012,758,train,123.57368961588539,67.6,355.5,356.3,359.4,363.5,-70.0311506557377,35.42622950819672,1,0.0415081967213115,0.04300000000000015
vehicle_012_session_00759,vehicle_012,759,train,126.66558430989585,19.6,328.0,328.3,329.6,330.8,-69.91475540983608,38.459016393442624,1,0.027967213114754096,0.03100000000000014
vehicle_012_session_00760,vehicle_012,760,train,125.1388970410628,45.6,336.9,337.4,339.7,343.6,-69.86065885245901,41.36065573770492,1,0.03888524590163935,0.04599999999999982
vehicle_012_session_00761,vehicle_012,761,train,127.31715925245099,50.0,336.3,337.75,341.20000000000005,345.5,-59.19211078947368,36.21052631578947,1,0.04121052631578949,0.04600000000000026
vehicle_012_session_00762,vehicle_012,762,train,124.03421283436215,38.0,331.4,332.7,334.7,337.4,-69.92950819672133,33.34426229508197,1,0.03224590163934426,0.03600000000000003
vehicle_012_session_00763,vehicle_012,763,train,124.98014081463674,36.0,330.0,331.4,333.25,335.2,-59.953337733333335,30.253333333333334,1,0.027480000000000053,0.03100000000000014
vehicle_012_session_00764,vehicle_012,764,train,125.50886426767674,56.4,343.6,344.3,346.9,349.7,-50.200010000000006,33.0,0,0.03757377049180326,0.040999999999999925
vehicle_012_session_00765,vehicle_012,765,train,128.37513318032018,68.0,352.8,354.6,358.2,362.4,-70.08197295081968,35.9344262295082,1,0.04191803278688522,0.04300000000000015
vehicle_012_session_00766,vehicle_012,766,train,125.10060623413708,18.8,326.0,327.29999999999995,329.29999999999995,330.7,-70.35921697368421,32.80263157894737,1,0.030197368421052653,0.03699999999999992
vehicle_012_session_00767,vehicle_012,767,train,122.83868183760681,35.6,332.5,333.0,334.4,336.9,-70.52459262295082,34.885245901639344,2,0.03185245901639343,0.03500000000000014
vehicle_012_session_00768,vehicle_012,768,train,125.39904797008552,61.6,350.2,351.0,354.1,358.0,-70.55082475409836,38.0,0,0.041672131147541015,0.04300000000000015
vehicle_012_session_00769,vehicle_012,769,train,125.25654016376453,15.6,327.1,327.7,329.1,330.5,-69.91311770491804,29.049180327868854,1,0.02816393442622956,0.03200000000000003
vehicle_012_session_00770,vehicle_012,770,train,121.17430145640432,42.4,336.4,337.1,339.3,342.8,-69.77542,32.50819672131148,1,0.03759016393442621,0.04400000000000004
vehicle_012_session_00771,vehicle_012,771,train,123.57152613304095,71.2,359.1,359.9,363.2,367.4,-69.78525327868851,35.0,0,0.04260655737704924,0.04400000000000048
vehicle_012_session_00772,vehicle_012,772,train,126.94060661008237,67.2,354.9,355.8,358.9,363.0,-69.65246901639344,30.40983606557377,1,0.04227868852459015,0.04400000000000048
vehicle_012_session_00773,vehicle_012,773,train,126.30008295547388,56.0,342.4,344.5,348.55,352.7,-69.93947552631579,31.94736842105263,1,0.04252631578947369,0.051000000000000156
vehicle_012_session_00774,vehicle_012,774,train,126.97279149700131,62.4,348.6,350.4,353.9,357.8,-70.06933800000002,31.826666666666668,1,0.04021333333333334,0.04200000000000026
vehicle_012_session_00775,vehicle_012,775,train,126.33513872087809,67.6,355.2,356.0,359.3,363.3,-70.13935426229509,31.0,0,0.04103278688524588,0.0420000000000007
vehicle_012_session_00776,vehicle_012,776,train,126.49306526491773,68.0,354.6,356.0,359.4,363.5,-70.04590524590164,32.24590163934426,1,0.040327868852458953,0.04200000000000026
vehicle_012_session_00777,vehicle_012,777,train,124.02476157407406,27.6,331.0,331.3,332.2,333.6,-70.0081975409836,28.475409836065573,1,0.02772131147540987,0.02900000000000036
vehicle_012_session_00778,vehicle_012,778,train,123.5947186535494,55.2,344.7,345.5,348.9,352.8,-70.01311606557377,32.22950819672131,1,0.04063934426229508,0.04400000000000004
vehicle_012_session_00779,vehicle_012,779,train,123.34006670321644,43.2,333.5,334.9,337.8,342.1,-70.3000193442623,32.08196721311475,2,0.037081967213114755,0.04499999999999993
vehicle_012_session_00780,vehicle_012,780,train,124.54135019041222,66.0,354.1,354.9,358.2,362.2,-70.3213250819672,34.0,0,0.041147540983606574,0.04300000000000015
vehicle_012_session_00781,vehicle_012,781,train,121.04409758771934,37.6,331.7,333.0,335.0,338.0,-69.9606518032787,30.311475409836067,2,0.03173770491803275,0.03600000000000003
vehicle_012_session_00782,vehicle_012,782,train,123.68248813657405,60.4,349.3,350.2,353.3,357.2,-69.9934419672131,33.0,0,0.039950819672131155,0.041999999999999815
vehicle_012_session_00783,vehicle_012,783,train,125.02082652777771,14.0,323.9,325.3,328.2,329.7,-70.8426249180328,28.950819672131146,1,0.029442622950819685,0.03299999999999992
vehicle_012_session_00784,vehicle_012,784,train,120.29909241071428,34.0,332.8,333.2,334.6,336.8,-70.92294311475409,31.147540983606557,2,0.03004918032786887,0.03299999999999992
vehicle_012_session_00785,vehicle_012,785,train,123.75102782960201,62.0,351.0,351.6,354.9,358.8,-70.93441967213116,34.0,0,0.03934426229508201,0.040999999999999925
vehicle_012_session_00786,vehicle_012,786,train,124.85554111111108,27.6,329.6,329.7,330.5,331.4,-49.954093770491795,32.442622950819676,1,0.021163934426229523,0.02300000000000013
vehicle_012_session_00787,vehicle_012,787,train,119.76086235587002,48.0,337.5,338.0,339.9,343.2,-49.957372786885244,34.68852459016394,1,0.03386885245901639,0.039000000000000146
vehicle_012_session_00788,vehicle_012,788,train,124.915987926794,40.0,332.5,334.0,336.4,339.6,-69.79600999999998,26.413333333333334,1,0.03278666666666664,0.037000000000000366
vehicle_012_session_00789,vehicle_012,789,train,121.85954926018987,18.0,326.7,328.1,329.775,331.1,-70.14934226666665,25.813333333333333,1,0.02722666666666667,0.030999999999999694
vehicle_012_session_00790,vehicle_012,790,train,122.24346055169752,46.4,337.4,338.0,340.7,345.0,-71.20001081967213,34.295081967213115,1,0.040377049180327904,0.04600000000000026
vehicle_012_session_00791,vehicle_012,791,train,122.78509137426902,33.2,330.5,331.4,333.3,335.3,-70.07541540983605,30.327868852459016,1,0.02939344262295086,0.03200000000000003
vehicle_012_session_00792,vehicle_012,792,train,123.6857882895738,56.0,345.3,346.3,349.6,353.5,-69.90655721311475,33.049180327868854,1,0.04067213114754095,0.04400000000000004
vehicle_012_session_00793,vehicle_012,793,train,125.85101641414148,55.6,340.0,344.1,348.3,352.4,-69.12132393442624,31.19672131147541,1,0.042721311475409814,0.04899999999999993
vehicle_012_session_00794,vehicle_012,794,train,125.88404375,75.6,361.6,362.4,365.8,370.4,-70.34098803278688,30.885245901639344,1,0.04167213114754095,0.04300000000000015
vehicle_012_session_00795,vehicle_012,795,train,126.09281357323233,68.8,355.2,356.1,359.3,363.6,-70.07541573770492,32.0,0,0.040163934426229495,0.0420000000000007
vehicle_012_session_00796,vehicle_012,796,train,123.55870676100628,62.0,348.0,349.7,353.0,356.8,-65.02131360655738,29.83606557377049,1,0.038672131147541,0.040000000000000036
vehicle_012_session_00797,vehicle_012,797,train,124.07013013698635,53.6,339.7,342.1,346.6,351.0,-69.62951639344261,30.34426229508197,1,0.04390163934426227,0.04899999999999993
vehicle_012_session_00798,vehicle_012,798,train,124.71372304315479,41.6,332.7,333.9,336.4,339.9,-70.06184644736842,31.05263157894737,2,0.0343157894736842,0.04100000000000037
vehicle_012_session_00799,vehicle_012,799,train,121.97775333333331,33.6,331.6,331.7,332.7,334.1,-49.899989999999995,32.91803278688525,1,0.023393442622950865,0.0259999999999998
vehicle_012_session_00800,vehicle_012,800,train,120.944964869281,54.0,342.8,343.5,346.0,348.9,-49.899989999999995,35.0,0,0.036622950819672116,0.040000000000000036
vehicle_012_session_00801,vehicle_012,801,train,121.02589187948027,38.8,334.1,334.6,336.4,339.3,-71.69345295081966,31.540983606557376,1,0.03301639344262295,0.037000000000000366
vehicle_012_session_00802,vehicle_012,802,train,124.84513768601188,64.0,352.1,352.8,356.0,359.9,-71.7229631147541,34.459016393442624,1,0.04042622950819676,0.04200000000000026
vehicle_012_session_00803,vehicle_012,803,train,120.01918804824561,31.2,331.6,332.1,333.3,335.3,-69.49508147540983,29.59016393442623,1,0.02913114754098364,0.03200000000000003
vehicle_012_session_00804,vehicle_012,804,train,122.1501453598485,61.6,351.0,351.8,354.9,358.8,-69.48852344262295,33.0655737704918,1,0.039737704918032794,0.04100000000000037
vehicle_012_session_00805,vehicle_012,805,train,124.01703696338383,49.6,337.7,338.9,343.0,347.7,-70.47580403225805,32.0,0,0.043741935483870995,0.04700000000000015
vehicle_012_session_00806,vehicle_012,806,train,120.12784801136364,30.0,331.3,331.6,332.8,334.7,-70.06885901639343,32.31147540983606,1,0.029065573770491848,0.03200000000000003
vehicle_012_session_00807,vehicle_012,807,train,122.28114656986534,56.4,346.4,347.2,350.5,354.4,-70.01311590163935,35.65573770491803,1,0.04045901639344259,0.04300000000000015
vehicle_012_session_00808,vehicle_012,808,train,124.69238304093568,36.0,331.0,332.1,333.9,336.6,-70.48360622950821,32.032786885245905,2,0.031131147540983607,0.03500000000000014
vehicle_012_session_00809,vehicle_012,809,train,124.96740183080814,59.2,347.8,348.6,351.9,355.8,-70.72460278688524,34.91803278688525,1,0.0410983606557377,0.04300000000000015
vehicle_012_session_00810,vehicle_012,810,train,123.63320441017318,14.8,324.4,326.0,328.5,329.9,-69.86065622950818,31.19672131147541,1,0.02967213114754099,0.03400000000000025
vehicle_012_session_00811,vehicle_012,811,train,119.45119087577159,45.6,338.0,338.6,341.3,345.7,-69.97540737704918,35.01639344262295,2,0.040000000000000015,0.04500000000000037
vehicle_012_session_00812,vehicle_012,812,train,123.3531069204982,74.4,361.3,362.1,365.3,369.7,-69.99508147540983,37.0,0,0.04191803278688526,0.043999999999999595
vehicle_012_session_00813,vehicle_012,813,train,125.01737813620075,66.8,354.3,355.0,358.2,362.2,-69.72788163934426,31.75409836065574,1,0.04108196721311474,0.04200000000000026
vehicle_012_session_00814,vehicle_012,814,train,124.46125797526047,52.0,341.1,342.1,345.8,350.0,-69.95901295081967,30.524590163934427,1,0.04137704918032785,0.04499999999999993
vehicle_012_session_00815,vehicle_012,815,train,122.20182175925925,48.8,337.5,338.0,340.2,343.5,-50.157387049180336,27.081967213114755,1,0.03224590163934427,0.037000000000000366
vehicle_012_session_00816,vehicle_012,816,train,126.55784314903848,54.0,340.7,342.5,347.1,351.3,-70.23771409836067,31.81967213114754,1,0.04101639344262295,0.04600000000000026
vehicle_012_session_00817,vehicle_012,817,train,125.82388080808082,75.2,361.6,362.4,365.8,370.2,-70.1803362295082,33.0,0,0.03885245901639352,0.04100000000000037
vehicle_012_session_00818,vehicle_012,818,train,122.24695438762626,28.4,328.8,329.7,331.4,333.2,-70.03606819672132,32.131147540983605,2,0.02731147540983608,0.028999999999999915
vehicle_012_session_00819,vehicle_012,819,train,123.13054463566826,54.8,343.6,344.4,347.8,351.9,-69.91148147540984,35.36065573770492,1,0.039901639344262295,0.04300000000000015
vehicle_012_session_00820,vehicle_012,820,train,122.91320221869118,24.8,327.7,328.8,330.1,331.3,-59.92533546666667,29.626666666666665,1,0.023266666666666675,0.025000000000000355
vehicle_012_session_00821,vehicle_012,821,train,122.6179541973039,39.2,333.3,333.6,335.5,338.2,-69.0065580327869,32.73770491803279,1,0.030836065573770437,0.03399999999999981
vehicle_012_session_00822,vehicle_012,822,train,125.18820511272145,66.4,353.6,354.4,357.4,361.4,-69.00163950819672,35.34426229508197,1,0.037770491803278676,0.039000000000000146
vehicle_012_session_00823,vehicle_012,823,train,123.29959521713613,36.0,331.1,332.4,334.6,337.1,-69.99180245901638,24.83606557377049,2,0.02947540983606557,0.03299999999999992
vehicle_012_session_00824,vehicle_012,824,train,122.60361850358429,64.4,353.3,354.1,357.2,361.1,-70.09181163934427,28.0,0,0.037754098360655734,0.039000000000000146
vehicle_012_session_00825,vehicle_012,825,train,124.53009282407409,34.0,330.3,331.4,333.3,335.5,-69.87212950819674,28.0,2,0.02865573770491806,0.03100000000000014
vehicle_012_session_00826,vehicle_012,826,train,123.86284953703701,58.4,347.2,348.0,351.3,355.2,-69.85574098360655,31.0,0,0.03819672131147542,0.040999999999999925
vehicle_012_session_00827,vehicle_012,827,train,124.27540989298724,70.8,357.5,358.3,361.8,366.0,-69.82788049180328,30.9672131147541,1,0.03873770491803278,0.04000000000000048
vehicle_012_session_00828,vehicle_012,828,train,121.66615335648149,27.6,330.5,330.8,332.1,333.9,-70.06230131147542,29.19672131147541,1,0.027786885245901664,0.03000000000000025
vehicle_012_session_00829,vehicle_012,829,train,121.0534272875817,54.0,345.2,346.0,349.3,353.3,-70.0901724590164,32.90163934426229,1,0.03908196721311474,0.04200000000000026
vehicle_012_session_00830,vehicle_012,830,train,122.17395891955265,40.8,334.7,335.2,337.1,340.2,-70.92622213114754,33.68852459016394,1,0.03255737704918029,0.03699999999999992
vehicle_012_session_00831,vehicle_012,831,train,124.07191113465156,71.6,358.2,358.9,362.4,366.6,-70.96393081967211,36.57377049180328,1,0.03903278688524588,0.040000000000000036
vehicle_012_session_00832,vehicle_012,832,train,121.35850130208333,36.0,333.0,333.5,334.9,337.4,-70.99180245901638,34.49180327868852,1,0.03031147540983607,0.03299999999999992
vehicle_012_session_00833,vehicle_012,833,train,122.70212915426589,68.0,355.5,356.3,359.4,363.6,-71.00327901639345,37.459016393442624,1,0.03859016393442618,0.040000000000000036
vehicle_012_session_00834,vehicle_012,834,train,124.15556850961538,48.0,337.7,338.5,341.8,346.4,-70.75903229508195,33.91803278688525,1,0.04000000000000002,0.04400000000000004
vehicle_012_session_00835,vehicle_012,835,train,125.82342912257492,65.6,351.3,352.4,355.7,359.7,-69.55902147540984,36.442622950819676,1,0.03818032786885246,0.040000000000000036
vehicle_012_session_00836,vehicle_012,836,train,124.07630150359626,5.2,319.1,321.05,323.975,326.6,-69.91866920000001,34.93333333333333,1,0.029853333333333308,0.03300000000000036
vehicle_012_session_00837,vehicle_012,837,train,123.9188577690972,40.4,333.3,333.9,336.0,339.3,-70.29673770491803,33.47540983606557,1,0.032295081967213084,0.03600000000000003
vehicle_012_session_00838,vehicle_012,838,train,125.87078131808275,72.8,359.1,359.9,363.2,367.4,-70.37212950819672,36.0,0,0.03924590163934415,0.040999999999999925
vehicle_012_session_00839,vehicle_012,839,train,125.03892409003831,58.8,345.3,347.2,351.0,354.9,-70.10984196721311,34.540983606557376,1,0.03911475409836063,0.04300000000000015
vehicle_012_session_00840,vehicle_012,840,train,122.95783944187247,35.2,330.8,331.9,333.8,336.3,-70.25739278688525,28.081967213114755,2,0.0296393442622951,0.03200000000000003
vehicle_012_session_00841,vehicle_012,841,train,124.6562963466183,56.8,346.1,347.1,350.3,354.4,-70.35246327868853,30.918032786885245,1,0.0391639344262295,0.04300000000000015
vehicle_012_session_00842,vehicle_012,842,train,121.97611305147059,49.2,339.7,340.3,343.9,348.3,-69.8311581967213,29.950819672131146,2,0.0405737704918033,0.04400000000000004
vehicle_012_session_00843,vehicle_012,843,train,121.28405194444444,42.4,334.2,334.6,336.0,338.2,-50.190173934426234,29.0,0,0.026213114754098335,0.03000000000000025
vehicle_012_session_00844,vehicle_012,844,train,124.30951113731658,62.8,349.9,350.5,352.7,355.5,-50.19181327868853,31.0,0,0.031672131147541006,0.03299999999999992
vehicle_012_session_00845,vehicle_012,845,train,120.92409370370373,36.0,333.5,333.6,335.2,337.5,-70.22132360655736,29.114754098360656,2,0.030065573770491804,0.03400000000000025
vehicle_012_session_00846,vehicle_012,846,train,123.76843813131318,66.4,353.8,354.7,357.7,361.8,-70.2229631147541,32.81967213114754,1,0.03811475409836066,0.03999999999999959
vehicle_012_session_00847,vehicle_012,847,train,119.5012387856607,41.2,335.2,335.7,337.7,341.0,-69.21476557377049,30.721311475409838,1,0.033426229508196674,0.038000000000000256
vehicle_012_session_00848,vehicle_012,848,train,121.61839827473963,52.0,336.9,340.2,344.9,349.6,-69.65246885245901,30.40983606557377,1,0.04229508196721312,0.04600000000000026
vehicle_012_session_00849,vehicle_012,849,train,123.91391215277778,77.6,363.2,364.1,367.5,372.1,-70.16066573770492,32.0,0,0.040885245901639354,0.04300000000000015
vehicle_012_session_00850,vehicle_012,850,train,120.44551008909853,50.0,337.1,339.1,343.5,348.3,-70.14427229508196,28.491803278688526,1,0.041590163934426244,0.04500000000000037
vehicle_012_session_00851,vehicle_012,851,train,123.92941461489904,71.2,358.0,358.9,362.2,366.4,-70.22952114754098,30.0,0,0.03914754098360652,0.04099999999999948
vehicle_012_session_00852,vehicle_012,852,train,121.97569697420634,51.2,339.3,340.5,345.0,349.6,-69.8147650819672,28.737704918032787,1,0.0425737704918033,0.04600000000000026
vehicle_012_session_00853,vehicle_012,853,train,121.69944798218029,50.0,338.5,338.9,341.6,344.9,-49.61968213114754,24.688524590163933,1,0.03514754098360662,0.039000000000000146
vehicle_012_session_00854,vehicle_012,854,train,120.43312646198832,22.8,327.4,328.9,330.5,331.9,-70.09508852459017,26.311475409836067,2,0.026918032786885274,0.028000000000000025
vehicle_012_session_00855,vehicle_012,855,train,119.3697808694825,46.0,337.5,338.3,341.0,345.3,-70.11148409836066,29.459016393442624,1,0.03886885245901636,0.04499999999999993
vehicle_012_session_00856,vehicle_012,856,train,124.84109401709395,75.6,361.4,362.4,365.7,370.0,-70.08525459016396,31.918032786885245,1,0.04049180327868854,0.0420000000000007
vehicle_012_session_00857,vehicle_012,857,train,119.52420842717717,27.6,330.8,331.1,332.4,333.9,-69.98196540983606,25.16393442622951,1,0.027459016393442635,0.029999999999999805
vehicle_012_session_00858,vehicle_012,858,train,120.46850224960879,57.6,347.1,347.8,351.1,355.0,-69.98032590163935,28.868852459016395,1,0.0387540983606557,0.041999999999999815
vehicle_012_session_00859,vehicle_012,859,train,116.18257659313721,52.8,342.4,343.0,345.7,348.6,-49.89343459016393,27.508196721311474,1,0.03504918032786886,0.038000000000000256
vehicle_012_session_00860,vehicle_012,860,train,118.44179535256413,29.6,329.7,331.0,332.5,334.6,-69.70165065573771,22.75409836065574,1,0.027967213114754114,0.030999999999999694
vehicle_012_session_00861,vehicle_012,861,train,120.3577697811448,55.6,345.2,346.1,349.6,353.5,-69.73935819672131,26.0,0,0.039754098360655736,0.04300000000000015
vehicle_012_session_00862,vehicle_012,862,train,122.17363080357141,58.4,347.7,348.5,351.9,356.0,-70.21640557377049,26.21311475409836,1,0.038918032786885264,0.04200000000000026
vehicle_012_session_00863,vehicle_012,863,train,120.03760175540125,24.0,330.5,330.8,331.7,333.2,-69.91966409836066,25.311475409836067,1,0.02663934426229512,0.028000000000000025
vehicle_012_session_00864,vehicle_012,864,train,119.26083667534719,52.8,343.8,344.68,348.15999999999997,351.9,-69.91802459016394,29.557377049180328,1,0.03949180327868852,0.04200000000000026
vehicle_012_session_00865,vehicle_012,865,train,118.485115912829,41.2,335.8,336.3,338.5,341.8,-70.09344918032787,26.459016393442624,1,0.034442622950819644,0.040000000000000036
vehicle_012_session_00866,vehicle_012,866,train,122.36390125,71.6,358.9,359.7,363.0,367.2,-70.08689098360655,29.147540983606557,1,0.039327868852459015,0.04100000000000037
vehicle_012_session_00867,vehicle_012,867,train,121.92068622076022,49.6,336.9,338.9,343.3,348.3,-69.47212836065573,27.114754098360656,2,0.04240983606557377,0.04600000000000026
vehicle_012_session_00868,vehicle_012,868,train,121.87839322307505,50.0,337.8,339.95,344.5,349.3,-70.01200146666667,21.013333333333332,2,0.042319999999999997,0.04700000000000015
vehicle_012_session_00869,vehicle_012,869,train,121.58893521973468,63.2,351.6,352.4,355.7,359.7,-69.99016295081967,22.0,0,0.038655737704918036,0.040000000000000036
vehicle_012_session_00870,vehicle_012,870,train,122.32419664902996,62.8,352.1,352.8,356.1,360.0,-69.9688493442623,20.262295081967213,1,0.039196721311475405,0.040999999999999925
vehicle_012_session_00871,vehicle_012,871,train,119.25969804769389,36.0,331.7,333.0,335.0,337.7,-70.04918459016393,21.81967213114754,2,0.030049180327868855,0.03400000000000025
vehicle_012_session_00872,vehicle_012,872,train,120.61064300925928,57.2,347.4,348.2,351.4,355.3,-69.96393147540984,24.75409836065574,1,0.03854098360655736,0.040999999999999925
vehicle_012_session_00873,vehicle_012,873,train,111.98626240997945,11.6,323.8,325.5,328.3,329.9,-70.77378491803277,23.672131147540984,1,0.03039344262295085,0.03500000000000014
vehicle_012_session_00874,vehicle_012,874,train,120.1314407085092,33.2,332.7,333.0,334.2,336.1,-70.79673967213114,25.934426229508198,2,0.0289344262295082,0.03100000000000014
vehicle_012_session_00875,vehicle_012,875,train,122.49678675213671,64.8,352.7,353.5,356.6,360.7,-70.89998999999999,29.868852459016395,1,0.038622950819672125,0.04000000000000048
vehicle_012_session_00876,vehicle_012,876,train,121.91890446566359,58.4,347.7,348.5,351.8,355.8,-70.16886245901638,27.950819672131146,1,0.04006557377049183,0.04200000000000026
vehicle_012_session_00877,vehicle_012,877,train,120.80886680911681,51.2,341.3,342.2,346.1,350.3,-70.64099360655737,26.672131147540984,1,0.04165573770491802,0.04499999999999993
vehicle_012_session_00878,vehicle_012,878,train,116.08185560515871,36.8,334.4,334.7,336.6,339.4,-70.05082459016394,24.59016393442623,1,0.032098360655737665,0.03699999999999992
vehicle_012_session_00879,vehicle_012,879,train,120.19292129629633,64.8,353.9,354.7,357.8,361.9,-70.1327968852459,28.0,0,0.03901639344262293,0.04000000000000048
vehicle_012_session_00880,vehicle_012,880,train,120.30264132761438,29.2,329.7,330.9,332.5,334.6,-69.97894973684211,22.460526315789473,1,0.0282105263157895,0.03100000000000014
vehicle_012_session_00881,vehicle_012,881,train,121.01169608193624,30.0,330.0,331.20000000000005,332.875,334.9,-69.92666893333332,23.786666666666665,1,0.028440000000000024,0.03100000000000014
vehicle_012_session_00882,vehicle_012,882,train,123.14226692197713,61.2,347.2,349.35,352.875,356.9,-69.8786716,26.866666666666667,1,0.038159999999999986,0.040999999999999925
vehicle_012_session_00883,vehicle_012,883,train,122.47108068094138,60.4,348.9,349.9,353.0,356.9,-69.64755065573772,28.868852459016395,1,0.03859016393442626,0.040000000000000036
vehicle_012_session_00884,vehicle_012,884,train,120.69263474172911,51.6,341.1,342.1,345.7,349.9,-69.7082075409836,29.80327868852459,1,0.04085245901639344,0.04300000000000015
vehicle_012_session_00885,vehicle_012,885,train,120.82248752170142,62.0,348.2,349.9,353.6,357.8,-70.06394016393442,28.491803278688526,1,0.03883606557377052,0.040000000000000036
vehicle_012_session_00886,vehicle_012,886,train,116.18597840711809,40.0,335.5,336.0,337.8,341.1,-69.99016295081967,23.40983606557377,1,0.033770491803278624,0.038000000000000256
vehicle_012_session_00887,vehicle_012,887,train,121.15267734638046,65.6,354.1,354.9,358.0,362.2,-69.98196606557376,26.0,0,0.03862295081967208,0.040000000000000036
vehicle_012_session_00888,vehicle_012,888,train,115.06488168238994,46.0,337.2,337.7,339.6,342.7,-49.6016493442623,26.37704918032787,1,0.03380327868852458,0.039000000000000146
vehicle_012_session_00889,vehicle_012,889,train,120.39376100628934,67.2,354.4,355.0,357.2,360.2,-49.69673131147542,27.0,0,0.03373770491803277,0.03500000000000014
vehicle_012_session_00890,vehicle_012,890,train,122.96953990464345,62.8,348.2,350.8,354.6,358.8,-70.07050098360655,24.360655737704917,1,0.03932786885245903,0.04100000000000037
vehicle_012_session_00891,vehicle_012,891,train,115.39399090909096,36.0,332.5,332.7,333.6,334.9,-44.80002000000002,20.950819672131146,1,0.02211475409836068,0.02400000000000002
vehicle_012_session_00892,vehicle_012,892,train,119.57861553030303,48.8,340.2,340.8,344.3,348.8,-70.14263295081969,23.639344262295083,1,0.04195081967213116,0.04400000000000004
vehicle_012_session_00893,vehicle_012,893,train,119.67343318318325,45.2,337.7,338.3,341.3,345.8,-70.84918557377048,19.672131147540984,1,0.03898360655737711,0.04500000000000037
vehicle_012_session_00894,vehicle_012,894,train,121.84437799564266,74.8,362.4,363.2,366.6,370.0,-67.98525196721313,22.80327868852459,1,0.039721311475409936,0.041999999999999815
vehicle_012_session_00895,vehicle_012,895,train,120.59569052128427,24.8,331.1,331.3,332.4,333.8,-70.00491852459017,20.39344262295082,1,0.02660655737704922,0.02900000000000036
vehicle_012_session_00896,vehicle_012,896,train,120.55032558028917,56.0,346.9,347.8,351.1,355.0,-69.99016295081968,25.098360655737704,1,0.03854098360655736,0.040999999999999925
vehicle_012_session_00897,vehicle_012,897,train,121.11112632575751,58.4,346.4,347.4,350.0,353.5,-55.788531803278694,22.0,0,0.03609836065573769,0.040000000000000036
vehicle_012_session_00898,vehicle_012,898,train,120.51278587962965,47.2,338.5,339.1,342.4,347.1,-70.03934721311477,22.37704918032787,1,0.04116393442622954,0.04600000000000026
vehicle_012_session_00899,vehicle_012,899,train,119.98065050747866,74.8,362.1,363.0,366.4,369.9,-67.50000491803279,24.57377049180328,1,0.040655737704918024,0.04300000000000015
vehicle_012_session_00900,vehicle_012,900,train,119.63498953764619,4.0,319.9,322.2,325.2,327.8,-69.26559032786886,22.918032786885245,1,0.03126229508196723,0.03400000000000025
vehicle_012_session_00901,vehicle_012,901,train,120.90006652046782,34.4,333.5,333.8,335.2,337.2,-69.27378721311476,25.62295081967213,1,0.029344262295081955,0.03200000000000003
vehicle_012_session_00902,vehicle_012,902,train,119.07678308823529,24.4,330.5,330.7,331.7,333.0,-69.4163850819672,26.918032786885245,1,0.026918032786885274,0.028999999999999915
vehicle_012_session_00903,vehicle_012,903,train,119.8288561011905,51.6,341.8,342.5,346.0,350.0,-69.40163147540983,30.34426229508197,1,0.040524590163934414,0.04300000000000015
vehicle_012_session_00904,vehicle_012,904,train,121.03239725068305,39.6,333.0,334.29999999999995,336.9,340.2,-70.07333866666667,21.226666666666667,2,0.03258666666666665,0.038000000000000256
vehicle_012_session_00905,vehicle_012,905,train,120.70957969725346,56.0,345.3,346.4,349.9,353.8,-69.93605918032787,26.311475409836067,1,0.040163934426229474,0.04400000000000004
vehicle_012_session_00906,vehicle_012,906,train,123.19550889099322,58.0,346.9,347.7,351.0,354.9,-70.11967885245903,29.262295081967213,1,0.0396229508196721,0.041999999999999815
vehicle_012_session_00907,vehicle_012,907,train,121.06112506944446,22.0,328.0,329.2,330.8,332.4,-70.33607245901639,21.901639344262296,2,0.026852459016393455,0.028000000000000025
vehicle_012_session_00908,vehicle_012,908,train,118.8194590669014,52.8,343.8,344.7,348.2,352.2,-70.23279540983607,26.557377049180328,1,0.04073770491803279,0.04400000000000004
vehicle_012_session_00909,vehicle_012,909,train,116.5117970120614,36.8,334.6,334.9,336.8,339.7,-70.04590590163934,24.57377049180328,1,0.03244262295081965,0.03799999999999981
vehicle_012_session_00910,vehicle_012,910,train,120.87269681712964,67.6,356.3,357.1,360.3,364.4,-70.04262803278688,28.0,0,0.03955737704918032,0.041999999999999815
vehicle_012_session_00911,vehicle_012,911,train,121.9131346354167,56.8,343.2,345.7,349.9,353.9,-69.9672173770492,27.78688524590164,1,0.04149180327868857,0.04700000000000015
vehicle_012_session_00912,vehicle_012,912,train,117.58338055555554,46.4,336.6,336.9,338.6,341.6,-49.80002000000002,27.081967213114755,1,0.03157377049180327,0.038000000000000256
vehicle_012_session_00913,vehicle_012,913,train,121.7856700122549,57.2,344.6,346.1,349.9,354.1,-69.8393493442623,28.868852459016395,1,0.04068852459016395,0.04599999999999982
vehicle_012_session_00914,vehicle_012,914,train,119.12693357090646,29.6,331.7,332.1,333.2,335.0,-70.1016486885246,26.34426229508197,1,0.028786885245901693,0.03100000000000014
vehicle_012_session_00915,vehicle_012,915,train,121.01233822378717,60.4,349.9,350.8,353.9,357.8,-70.08033540983607,30.0,0,0.03911475409836069,0.040999999999999925
vehicle_012_session_00916,vehicle_012,916,train,120.3625883993625,52.4,341.6,342.5,346.3,350.7,-70.4770468852459,28.57377049180328,1,0.04236065573770492,0.04600000000000026
vehicle_012_session_00917,vehicle_012,917,train,120.47038944444448,30.0,331.7,332.1,333.3,335.2,-70.70001032786884,27.491803278688526,1,0.028590163934426233,0.03200000000000003
vehicle_012_session_00918,vehicle_012,918,train,115.29481093409585,44.8,335.8,336.1,337.7,339.7,-44.84590295081968,31.360655737704917,1,0.02719672131147537,0.03100000000000014
vehicle_012_session_00919,vehicle_012,919,train,120.6349978732639,38.0,333.2,333.8,335.7,338.5,-69.81148934426228,27.081967213114755,2,0.032540983606557335,0.03699999999999992
vehicle_012_session_00920,vehicle_012,920,train,122.74188998842591,70.4,357.7,358.5,361.8,366.0,-69.88196262295082,30.0,0,0.04081967213114756,0.0420000000000007
vehicle_012_session_00921,vehicle_012,921,train,118.55312625868056,30.0,329.6,330.75,332.4,334.1,-60.18134426666665,18.946666666666665,2,0.02513333333333336,0.028000000000000025
vehicle_012_session_00922,vehicle_012,922,train,121.65313743513435,53.2,338.5,339.95,343.4,346.6,-44.40933786666667,22.0,0,0.03776000000000003,0.04100000000000037
vehicle_012_session_00923,vehicle_012,923,train,116.26672569444445,9.6,322.8,324.6,327.5,329.6,-69.54262721311476,20.0,0,0.031606557377049184,0.03400000000000025
vehicle_012_session_00924,vehicle_012,924,train,120.07909847608022,31.2,332.4,332.5,333.6,335.5,-69.55246426229508,21.950819672131146,2,0.02888524590163935,0.03100000000000014
vehicle_012_session_00925,vehicle_012,925,train,122.20040982142858,60.0,348.9,349.7,353.0,356.9,-69.53770868852459,25.0327868852459,1,0.0398032786885246,0.04100000000000037
vehicle_012_session_00926,vehicle_012,926,train,121.3234693035427,51.2,341.3,342.2,346.1,350.5,-70.48032590163935,24.442622950819672,3,0.045229508196721294,0.04800000000000004
vehicle_012_session_00927,vehicle_012,927,train,118.64317686965815,8.8,322.1,323.6,325.8,328.2,-58.36557327868852,17.983606557377048,5,0.027885245901639315,0.03299999999999992
vehicle_012_session_00928,vehicle_012,928,train,123.45756863064233,54.8,344.1,344.9,348.3,352.2,-69.36393524590164,28.327868852459016,1,0.041557377049180354,0.04500000000000037
vehicle_012_session_00929,vehicle_012,929,train,121.69867265795205,38.8,332.1,333.6,336.0,339.1,-70.53770868852459,20.360655737704917,1,0.03277049180327868,0.037000000000000366
vehicle_012_session_00930,vehicle_012,930,train,122.22746090182648,59.2,349.1,349.9,353.2,357.2,-70.5459062295082,22.75409836065574,1,0.040442622950819726,0.04300000000000015
vehicle_012_session_00931,vehicle_012,931,train,122.50154233047384,49.2,340.7,341.4,345.2,349.7,-70.55574327868852,19.540983606557376,1,0.04198360655737702,0.04600000000000026
vehicle_012_session_00932,vehicle_012,932,train,122.55788371101359,67.6,356.1,357.1,360.3,364.6,-70.17869885245902,24.0,0,0.04014754098360656,0.0420000000000007
vehicle_012_session_00933,vehicle_012,933,train,121.76037333523595,43.6,336.1,336.8,339.1,342.8,-69.94098557377049,23.147540983606557,2,0.03698360655737704,0.04300000000000015
vehicle_012_session_00934,vehicle_012,934,train,123.200055,56.4,345.2,345.8,348.2,350.8,-44.80002000000002,23.0,0,0.03329508196721306,0.03699999999999992
vehicle_012_session_00935,vehicle_012,935,train,124.87347210451975,67.6,354.9,355.8,359.1,363.2,-69.87212950819672,24.0,0,0.03980327868852457,0.041999999999999815
vehicle_012_session_00936,vehicle_012,936,train,122.12437219135805,4.0,319.7,321.5,324.7,327.2,-70.0618475,25.0,0,0.032578947368421034,0.03600000000000003
vehicle_012_session_00937,vehicle_012,937,train,120.84016734871032,57.6,346.3,347.1,349.7,353.0,-57.614760000000004,29.0,0,0.03737704918032787,0.040000000000000036
vehicle_012_session_00938,vehicle_012,938,train,125.58962801362688,62.4,348.9,350.8,354.4,358.5,-69.99344426229507,23.049180327868854,1,0.03955737704918032,0.040999999999999925
vehicle_012_session_00939,vehicle_012,939,train,123.35824253144652,46.0,335.3,337.1,340.5,345.5,-70.32295770491803,24.40983606557377,1,0.04049180327868852,0.04700000000000015
vehicle_012_session_00940,vehicle_012,940,train,122.94287737573094,67.6,356.0,356.8,360.0,364.1,-70.19836934426229,26.37704918032787,1,0.040196721311475496,0.0420000000000007
vehicle_012_session_00941,vehicle_012,941,train,123.56760186815339,45.6,336.1,337.5,340.7,345.3,-70.21312131147542,25.81967213114754,2,0.04024590163934426,0.04600000000000026
vehicle_012_session_00942,vehicle_012,942,train,122.35044250801285,74.0,362.1,362.8,366.3,370.8,-70.1803362295082,28.278688524590162,1,0.04162295081967221,0.04300000000000015
vehicle_012_session_00943,vehicle_012,943,train,120.57095858134926,43.6,336.6,337.2,339.6,343.6,-70.26395081967213,20.950819672131146,2,0.037344262295081955,0.04300000000000015
vehicle_012_session_00944,vehicle_012,944,train,121.45257246656375,71.6,359.4,360.2,363.6,367.8,-70.27214770491804,24.0,0,0.04057377049180327,0.0420000000000007
vehicle_012_session_00945,vehicle_012,945,train,124.3981619084362,62.8,350.8,351.6,354.3,357.4,-56.87869295081967,27.0,0,0.038147540983606586,0.040000000000000036
vehicle_012_session_00946,vehicle_012,946,train,115.4243449754902,43.2,336.6,337.1,338.6,341.1,-44.26394180327868,20.39344262295082,1,0.030573770491803254,0.03600000000000003
vehicle_012_session_00947,vehicle_012,947,train,123.50108289319252,18.4,328.5,328.8,330.0,331.4,-68.60492344262295,22.59016393442623,7,0.02870491803278695,0.03100000000000014
vehicle_012_session_00948,vehicle_012,948,train,122.11735593681912,11.2,323.3,323.6,325.5,327.2,-45.49344049180327,24.62295081967213,5,0.025245901639344235,0.028999999999999915
vehicle_012_session_00949,vehicle_012,949,train,119.65406446540882,49.6,339.1,339.7,341.9,345.2,-49.899989999999995,29.0,0,0.037032786885245944,0.040000000000000036
vehicle_012_session_00950,vehicle_012,950,train,123.26833295454549,44.0,334.2,336.0,339.1,343.6,-70.16230524590165,20.24590163934426,2,0.038213114754098366,0.04600000000000026
vehicle_012_session_00951,vehicle_012,951,train,123.61233297413791,66.0,355.2,356.0,359.1,363.3,-70.30329770491802,22.9672131147541,1,0.0407213114754098,0.04300000000000015
vehicle_012_session_00952,vehicle_012,952,train,124.4511458383655,56.8,346.6,347.5,351.0,354.9,-69.96066,22.098360655737704,1,0.04178688524590166,0.04599999999999982
vehicle_012_session_00953,vehicle_012,953,train,123.07153159991388,46.0,335.5,337.45,341.05,345.8,-70.2320096,18.786666666666665,2,0.04044000000000002,0.04699999999999971
vehicle_012_session_00954,vehicle_012,954,train,122.48832060185187,28.0,328.9,330.2,331.3,333.2,-60.001330933333335,18.706666666666667,6,0.025746666666666695,0.03100000000000014
vehicle_012_session_00955,vehicle_012,955,train,115.77070642701527,43.2,335.7,336.0,337.4,339.6,-44.55738196721312,25.78688524590164,1,0.028721311475409805,0.03299999999999992
vehicle_012_session_00956,vehicle_012,956,train,120.94519455409356,63.6,351.6,352.1,353.9,356.3,-42.46721868852459,27.0,0,0.031803278688524596,0.03300000000000036
vehicle_012_session_00957,vehicle_012,957,train,122.64237019675926,56.8,344.3,346.8,351.0,355.0,-70.10820426229508,20.016393442622952,1,0.043393442622950786,0.04800000000000004
vehicle_012_session_00958,vehicle_012,958,train,124.65399987874778,46.0,334.6,336.3,339.6,344.4,-70.1065637704918,28.442622950819672,1,0.039901639344262274,0.04700000000000015
vehicle_012_session_00959,vehicle_012,959,train,122.92026664272028,71.6,358.6,359.4,362.7,367.1,-70.03934950819672,30.39344262295082,1,0.041442622950819616,0.04300000000000015
vehicle_012_session_00960,vehicle_012,960,train,122.45990844059047,21.2,324.9,327.0,328.3,329.2,-44.753947763157896,19.763157894736842,1,0.019500000000000014,0.021999999999999797
vehicle_012_session_00961,vehicle_012,961,train,122.60830037756207,15.2,323.5,324.65,326.6,328.0,-44.771070000000016,23.0,0,0.0231315789473684,0.026000000000000245
vehicle_012_session_00962,vehicle_012,962,train,123.38543524948562,74.0,358.9,360.8,364.7,368.6,-69.26886213114754,23.934426229508198,1,0.04229508196721312,0.04400000000000048
vehicle_012_session_00963,vehicle_012,963,train,120.21548615867582,35.6,333.5,333.9,335.3,337.8,-70.20164950819671,26.475409836065573,1,0.030803278688524546,0.03400000000000025
vehicle_012_session_00964,vehicle_012,964,train,122.62770491711473,64.8,353.6,354.4,357.5,361.6,-70.20492852459016,30.0,0,0.03947540983606555,0.040999999999999925
vehicle_012_session_00965,vehicle_012,965,train,122.9615463068182,42.8,332.1,333.5,335.3,337.5,-44.71317631578949,24.0,0,0.026460526315789462,0.030999999999999694
vehicle_012_session_00966,vehicle_012,966,train,123.09865178849904,74.8,358.0,359.45,360.9,362.8,-31.1684252631579,22.75,1,0.028355263157894675,0.03400000000000025
vehicle_012_session_00967,vehicle_012,967,train,124.45847522702992,24.8,328.3,329.7,331.3,333.0,-70.07705442622951,22.0327868852459,2,0.027377049180327902,0.029999999999999805
vehicle_012_session_00968,vehicle_012,968,train,120.03334129629631,46.0,338.6,339.3,342.4,346.6,-70.06065983606557,25.147540983606557,2,0.04124590163934432,0.04500000000000037
vehicle_012_session_00969,vehicle_012,969,train,121.00828705929487,76.4,363.6,364.6,368.0,371.3,-69.6409880327869,27.524590163934427,1,0.04221311475409838,0.04400000000000048
vehicle_012_session_00970,vehicle_012,970,train,122.40810191993465,31.6,331.9,332.2,333.58000000000004,335.3,-70.13607426229507,23.475409836065573,1,0.02901639344262299,0.03200000000000003
vehicle_012_session_00971,vehicle_012,971,train,120.46375870998115,52.4,342.5,343.5,346.9,351.0,-70.10984327868852,26.59016393442623,1,0.042327868852459,0.04500000000000037
vehicle_012_session_00972,vehicle_012,972,train,124.53209910622432,76.0,362.5,363.5,366.9,371.1,-70.10492475409836,28.360655737704917,1,0.041999999999999975,0.04400000000000048
vehicle_012_session_00973,vehicle_012,973,train,122.3932842626634,32.4,330.2,331.3,333.2,335.5,-73.99672344262294,26.75409836065574,1,0.031229508196721344,0.03400000000000025
vehicle_012_session_00974,vehicle_012,974,train,122.63345324074079,59.6,348.8,349.7,352.96,357.1,-73.98032983606558,30.0,0,0.04300000000000003,0.04499999999999993
vehicle_012_session_00975,vehicle_012,975,train,122.82751949179294,24.0,330.5,330.7,331.6,333.0,-70.73771868852457,23.016393442622952,2,0.027016393442622983,0.028000000000000025
vehicle_012_session_00976,vehicle_012,976,train,123.3347234477125,59.2,348.6,349.6,352.7,356.6,-70.74919524590163,28.0,0,0.039901639344262316,0.04100000000000037
vehicle_012_session_00977,vehicle_012,977,train,122.2692390144231,37.6,331.4,332.8,335.0125,337.7,-70.06667066666667,24.466666666666665,1,0.031906666666666667,0.03600000000000003
vehicle_012_session_00978,vehicle_012,978,train,122.50298503887142,34.0,330.5,331.6,333.2,335.7,-60.78948381578946,20.236842105263158,6,0.02831578947368421,0.03500000000000014
vehicle_012_session_00979,vehicle_012,979,train,121.55392317370134,5.2,320.7,322.6,325.5,328.0,-69.95921,21.68421052631579,1,0.031026315789473697,0.03400000000000025
vehicle_012_session_00980,vehicle_012,980,train,120.03555967099273,24.8,328.0,329.6,331.1,332.7,-69.5973392,24.28,1,0.027346666666666686,0.02900000000000036
vehicle_012_session_00981,vehicle_012,981,train,121.13327428977271,71.6,356.6,358.70000000000005,362.45,367.1,-70.05658263157895,25.907894736842106,1,0.04184210526315785,0.04400000000000048
vehicle_012_session_00982,vehicle_012,982,train,121.7990658975508,48.4,337.2,339.35,344.5,350.3,-88.94079276315789,26.973684210526315,2,0.0482236842105263,0.052000000000000046
vehicle_012_session_00983,vehicle_012,983,train,121.07964717592594,57.2,346.3,347.2,350.8,354.9,-70.23607606557377,28.80327868852459,1,0.042147540983606555,0.04600000000000026
vehicle_012_session_00984,vehicle_012,984,train,119.07941296600875,44.8,336.8,337.5,340.5,345.3,-74.0885313114754,26.475409836065573,1,0.04091803278688525,0.04700000000000015
vehicle_012_session_00985,vehicle_012,985,train,121.61524440586423,75.2,362.2,363.2,366.6,371.3,-74.00000622950819,29.60655737704918,1,0.04322950819672132,0.04499999999999993
vehicle_012_session_00986,vehicle_012,986,train,115.75849788888893,46.8,336.8,337.2,338.9,341.6,-45.100010000000005,30.0,0,0.03162295081967211,0.03799999999999981
vehicle_012_session_00987,vehicle_012,987,train,119.24517027925536,24.8,328.2,329.6,331.1,332.7,-70.07377393442621,25.918032786885245,2,0.02788524590163936,0.03000000000000025
vehicle_012_session_00988,vehicle_012,988,train,120.73695138888893,62.8,351.3,352.1,355.2,359.3,-70.07869590163935,30.78688524590164,1,0.04098360655737708,0.042999999999999705
vehicle_012_session_00989,vehicle_012,989,train,116.70546847766887,39.6,333.2,333.5,334.6,336.1,-44.899989999999995,28.672131147540984,1,0.024590163934426215,0.027000000000000135
vehicle_012_session_00990,vehicle_012,990,train,122.27760099637688,53.2,341.8,342.8,346.9,351.1,-70.16066540983606,25.16393442622951,1,0.04303278688524587,0.04600000000000026
vehicle_012_session_00991,vehicle_012,991,train,120.14357851368163,32.0,332.7,333.0,334.2,336.1,-70.26722918032787,24.524590163934427,1,0.02952459016393442,0.03200000000000003
vehicle_012_session_00992,vehicle_012,992,train,120.36436169796562,59.2,348.9,349.7,353.0,356.9,-70.24427672131148,28.0,0,0.03954098360655741,0.04200000000000026
vehicle_012_session_00993,vehicle_012,993,train,118.99990294854281,39.6,332.7,333.8,336.3,339.7,-70.17541983606557,26.049180327868854,2,0.033360655737704886,0.038000000000000256
vehicle_012_session_00994,vehicle_012,994,train,120.97174766334733,34.0,330.8,331.9,333.85,336.3,-69.89466893333334,27.04,2,0.029999999999999995,0.03299999999999992
vehicle_012_session_00995,vehicle_012,995,train,122.8127374221184,54.8,340.8,343.1,347.45,351.3,-60.06053026315787,23.19736842105263,1,0.04072368421052628,0.04600000000000026
vehicle_012_session_00996,vehicle_012,996,train,119.87396161529684,45.6,337.2,337.8,340.5,344.9,-70.02131688524591,28.60655737704918,1,0.03926229508196721,0.04499999999999993
vehicle_012_session_00997,vehicle_012,997,train,125.0496160714286,75.2,361.3,362.1,365.3,369.7,-70.00328196721311,31.0,0,0.041622950819672155,0.04499999999999993
vehicle_012_session_00998,vehicle_012,998,train,120.15333130341881,24.0,328.3,329.6,331.0,332.5,-70.28689688524591,27.934426229508198,2,0.027229508196721347,0.02900000000000036
vehicle_012_session_00999,vehicle_012,999,train,118.19446293035995,50.0,340.8,341.6,345.2,349.4,-70.26722344262295,31.508196721311474,1,0.04209836065573767,0.04499999999999993
vehicle_012_session_01000,vehicle_012,1000,train,120.61386323099416,28.4,329.6,330.3,331.9,333.8,-70.17106223684209,29.5,1,0.02850000000000003,0.03100000000000014
vehicle_012_session_01001,vehicle_012,1001,train,119.74950715139809,20.4,327.1,328.5,329.9,331.3,-69.82369249999999,30.17105263157895,2,0.027236842105263174,0.03000000000000025
vehicle_012_session_01002,vehicle_012,1002,train,120.29032307964853,16.4,328.0,328.70000000000005,329.9,331.1,-69.94473710526316,29.56578947368421,1,0.026947368421052675,0.02900000000000036
vehicle_012_session_01003,vehicle_012,1003,train,118.682106001462,16.8,328.3,329.1,330.5,331.7,-70.31804016393443,18.327868852459016,1,0.026639344262295105,0.03100000000000014
vehicle_012_session_01004,vehicle_012,1004,train,118.46205333333336,55.2,346.8,347.7,350.8,354.9,-70.23115852459016,23.885245901639344,1,0.04024590163934428,0.04200000000000026
vehicle_012_session_01005,vehicle_012,1005,train,120.43098352396515,43.6,334.1,335.8,338.8,343.2,-70.15410786885245,23.491803278688526,1,0.03668852459016394,0.04499999999999993
vehicle_012_session_01006,vehicle_012,1006,train,119.52910329861115,64.0,353.0,353.8,356.9,361.0,-70.2459162295082,25.78688524590164,1,0.039475409836065595,0.04100000000000037
vehicle_012_session_01007,vehicle_012,1007,train,119.19459443567625,18.4,327.4,328.55,330.075,331.4,-69.88666866666667,25.76,1,0.026839999999999985,0.02900000000000036
vehicle_012_session_01008,vehicle_012,1008,train,119.1367366557734,60.0,347.5,348.2,350.3,352.7,-45.100010000000005,27.508196721311474,1,0.03206557377049178,0.03399999999999981
vehicle_012_session_01009,vehicle_012,1009,train,119.30367351726726,24.8,330.3,330.7,331.6,333.0,-69.5065580327869,26.475409836065573,1,0.02685245901639348,0.028999999999999915
vehicle_012_session_01010,vehicle_012,1010,train,118.2586480688737,54.4,344.4,345.3,348.6,352.7,-69.41474557377049,30.491803278688526,1,0.040524590163934414,0.04300000000000015
vehicle_012_session_01011,vehicle_012,1011,train,120.13044603892543,33.2,330.5,331.79999999999995,333.70000000000005,336.0,-69.92533493333333,26.88,2,0.02937333333333333,0.03200000000000003
vehicle_012_session_01012,vehicle_012,1012,train,120.14022777989501,32.0,330.2,331.0,332.5,334.4,-60.01842276315789,26.210526315789473,1,0.025671052631578966,0.028000000000000025
vehicle_012_session_01013,vehicle_012,1013,train,120.1235690870098,62.8,351.6,352.4,355.7,359.6,-70.0,30.0,0,0.04013114754098362,0.04200000000000026
vehicle_012_session_01014,vehicle_012,1014,train,118.95159268904321,20.4,327.8,329.1,330.5,331.9,-70.1377137704918,23.950819672131146,2,0.026508196721311505,0.028000000000000025
vehicle_012_session_01015,vehicle_012,1015,train,117.7518643877152,49.2,340.7,341.4,344.9,349.1,-70.00328262295082,28.34426229508197,1,0.041065573770491796,0.04400000000000004
vehicle_012_session_01016,vehicle_012,1016,train,121.33139006892233,44.4,334.1,335.25,337.9,341.4,-59.70395249999999,27.894736842105264,1,0.03414473684210525,0.040999999999999925
vehicle_012_session_01017,vehicle_012,1017,train,121.75070246481066,8.8,321.6,322.75,325.25,327.7,-59.806587105263155,26.0,0,0.026276315789473658,0.028000000000000025
vehicle_012_session_01018,vehicle_012,1018,train,118.5692468607306,41.2,335.5,336.0,338.0,341.3,-70.42130557377048,31.540983606557376,1,0.03437704918032783,0.040999999999999925
vehicle_012_session_01019,vehicle_012,1019,train,123.59712043946932,70.8,357.5,358.3,361.6,365.8,-70.4376993442623,34.01639344262295,1,0.0401967213114754,0.041999999999999815
vehicle_012_session_01020,vehicle_012,1020,train,123.22210226537219,56.0,341.9,344.0,348.5,352.5,-69.87467120000001,31.6,1,0.04341333333333333,0.050000000000000266
vehicle_012_session_01021,vehicle_012,1021,train,120.58839227994228,60.8,347.2,349.4,353.1,357.2,-70.0631622368421,27.039473684210527,1,0.040026315789473674,0.04300000000000015
vehicle_012_session_01022,vehicle_012,1022,train,122.65254170657725,44.4,334.1,335.3,337.9,341.4,-60.07763763157896,29.907894736842106,1,0.03364473684210527,0.040000000000000036
vehicle_012_session_01023,vehicle_012,1023,train,122.03542041666662,54.8,341.1,343.2,347.5,351.9,-70.79672983606557,31.737704918032787,1,0.04424590163934426,0.04899999999999993
vehicle_012_session_01024,vehicle_012,1024,train,124.20015856481483,74.8,360.8,361.8,365.0,369.6,-70.93933819672132,33.0,0,0.04211475409836064,0.04300000000000015
vehicle_012_session_01025,vehicle_012,1025,train,120.58224013216845,24.0,327.8,329.2,330.8,332.4,-69.9013352,27.2,2,0.027186666666666692,0.02900000000000036
vehicle_012_session_01026,vehicle_012,1026,train,120.25924314393941,54.0,343.3,344.3,347.88,352.1,-70.75162806451611,31.467741935483872,1,0.04254838709677415,0.04499999999999993
vehicle_012_session_01027,vehicle_012,1027,train,122.8592668936966,76.0,362.2,363.2,366.6,371.0,-70.79837393442622,33.0,0,0.04198360655737711,0.04300000000000015
vehicle_012_session_01028,vehicle_012,1028,train,119.11966509993226,45.2,337.2,337.7,340.3,344.6,-69.99180508196721,30.049180327868854,2,0.03881967213114753,0.04499999999999993
vehicle_012_session_01029,vehicle_012,1029,train,115.09261805555556,38.0,333.2,333.5,334.6,336.1,-45.200010000000006,26.311475409836067,1,0.023934426229508227,0.026000000000000245
vehicle_012_session_01030,vehicle_012,1030,train,119.11437238455993,42.0,334.9,335.5,337.8,341.4,-70.3032855737705,24.475409836065573,1,0.0357868852459016,0.041999999999999815
vehicle_012_session_01031,vehicle_012,1031,train,122.26274376286004,72.8,359.6,360.5,363.6,368.2,-70.19508950819673,27.60655737704918,1,0.04147540983606562,0.043999999999999595
vehicle_012_session_01032,vehicle_012,1032,train,121.85814558531747,53.2,342.7,343.6,347.5,351.8,-70.23935016393442,24.75409836065574,1,0.043065573770491805,0.04700000000000015
vehicle_012_session_01033,vehicle_012,1033,train,121.58780709325401,55.6,345.3,346.4,349.9,353.9,-70.01967655737705,26.9672131147541,1,0.04213114754098358,0.04600000000000026
vehicle_012_session_01034,vehicle_012,1034,train,117.62153129692187,33.6,332.7,332.8,334.4,336.6,-70.0311506557377,26.21311475409836,2,0.03001639344262295,0.03299999999999992
vehicle_012_session_01035,vehicle_012,1035,train,119.6741469017094,63.2,351.8,352.5,355.7,359.6,-70.01147655737705,29.60655737704918,1,0.03955737704918033,0.040000000000000036
vehicle_012_session_01036,vehicle_012,1036,train,120.75590550213678,50.8,340.5,341.3,344.9,349.3,-69.75247426229508,26.016393442622952,2,0.042983606557377055,0.04500000000000037
vehicle_012_session_01037,vehicle_012,1037,train,124.47385456730774,76.8,363.2,363.9,367.4,371.8,-69.80493655737705,28.0,0,0.04206557377049173,0.04400000000000048
vehicle_012_session_01038,vehicle_012,1038,train,119.7284531676413,32.8,330.8,331.7,333.6,335.8,-70.17050245901639,25.295081967213115,2,0.029540983606557422,0.03200000000000003
vehicle_012_session_01039,vehicle_012,1039,train,120.2358576839827,55.6,345.8,346.8,350.0,354.1,-70.1344362295082,28.475409836065573,1,0.04116393442622949,0.04400000000000004
vehicle_012_session_01040,vehicle_012,1040,train,121.26710373931625,50.8,340.7,341.4,345.2,349.7,-70.06885786885246,25.80327868852459,1,0.04372131147540982,0.04700000000000015
vehicle_012_session_01041,vehicle_012,1041,train,120.80112601637232,36.8,330.3,333.1,335.3,338.2,-69.63421144736841,21.06578947368421,2,0.03131578947368417,0.03600000000000003
vehicle_012_session_01042,vehicle_012,1042,train,122.45675563417188,59.2,347.2,347.8,350.2,353.2,-49.952454262295085,25.049180327868854,1,0.03480327868852455,0.03799999999999981
vehicle_012_session_01043,vehicle_012,1043,train,120.1596336546435,62.8,350.8,351.8,355.0,359.1,-70.23935295081967,25.0,0,0.03983606557377053,0.04200000000000026
vehicle_012_session_01044,vehicle_012,1044,train,122.64150943396224,22.4,328.6,328.8,329.4,330.2,-45.0,25.81967213114754,1,0.01842622950819673,0.020000000000000018
vehicle_012_session_01045,vehicle_012,1045,train,116.25138902777778,43.6,335.7,336.0,337.4,339.4,-45.0,28.327868852459016,1,0.0269180327868852,0.03000000000000025
vehicle_012_session_01046,vehicle_012,1046,train,121.69537038331508,36.8,330.8,332.1,333.9,336.1,-60.05333840000001,25.533333333333335,1,0.028013333333333362,0.030999999999999694
vehicle_012_session_01047,vehicle_012,1047,train,122.61302395475373,44.0,333.5,334.9,337.45,340.8,-60.13553565789472,26.657894736842106,1,0.03385526315789472,0.040999999999999925
vehicle_012_session_01048,vehicle_012,1048,train,122.63444836309523,54.4,344.3,345.2,348.6,352.7,-70.2082075409836,28.42622950819672,1,0.04245901639344261,0.04599999999999982
vehicle_012_session_01049,vehicle_012,1049,train,120.6135244307832,34.8,330.7,331.9,334.1,336.4,-70.28361836065574,26.78688524590164,2,0.030868852459016414,0.03400000000000025
vehicle_012_session_01050,vehicle_012,1050,train,121.35140518518521,59.6,348.5,349.4,352.5,356.6,-70.17050180327868,30.0,0,0.041213114754098376,0.04300000000000015
vehicle_012_session_01051,vehicle_012,1051,train,119.19042854532168,40.0,332.4,333.8,336.3,339.7,-69.86885573770492,27.639344262295083,1,0.03399999999999997,0.040000000000000036
vehicle_012_session_01052,vehicle_012,1052,train,120.63989015652557,62.8,351.8,352.4,355.5,359.6,-69.85901999999999,30.131147540983605,1,0.04042622950819676,0.04200000000000026
vehicle_012_session_01053,vehicle_012,1053,train,121.61067484318998,68.0,355.5,356.3,359.4,363.6,-70.10820639344264,34.0,0,0.04119672131147542,0.04300000000000015
vehicle_012_session_01054,vehicle_012,1054,train,122.81387743114912,50.8,337.5,339.45000000000005,344.0,348.8,-70.20922199999998,32.39473684210526,1,0.04513156578947368,0.04900010000000021
vehicle_012_session_01055,vehicle_012,1055,train,121.07864563172045,72.8,357.4,359.4,363.25,367.5,-69.71334653333334,30.12,1,0.04158666666666663,0.04400000000000048
vehicle_012_session_01056,vehicle_012,1056,train,119.72854124442729,25.2,328.6,329.9,331.4,332.8,-69.94533026666666,27.973333333333333,2,0.02754666666666668,0.03000000000000025
vehicle_012_session_01057,vehicle_012,1057,train,121.47631138552869,38.0,331.7,332.9,334.95,338.0,-69.97368157894736,33.38157894736842,1,0.03259210526315788,0.03699999999999992
vehicle_012_session_01058,vehicle_012,1058,train,121.96774433980214,22.4,329.6,329.7,330.8,332.1,-70.46393081967211,33.950819672131146,1,0.02757377049180327,0.02900000000000036
vehicle_012_session_01059,vehicle_012,1059,train,121.85549624238963,52.0,341.8,342.5,346.0,350.2,-70.36393524590163,37.0,0,0.04326229508196719,0.04599999999999982
vehicle_012_session_01060,vehicle_012,1060,train,122.0642275060386,46.8,336.8,337.7,341.0,345.8,-70.12460032786886,30.39344262295082,1,0.042000000000000016,0.04700000000000015
vehicle_012_session_01061,vehicle_012,1061,train,122.69037363591269,74.8,361.4,362.2,365.7,369.9,-70.11968213114754,32.885245901639344,1,0.0425081967213116,0.04499999999999993
vehicle_012_session_01062,vehicle_012,1062,train,122.1052885518791,63.2,351.9,352.5,355.8,359.9,-70.44917524590164,29.0327868852459,0,0.04080327868852458,0.04200000000000026
vehicle_012_session_01063,vehicle_012,1063,train,118.89183000782475,30.4,330.8,331.1,332.5,334.4,-68.99836049180328,28.19672131147541,2,0.02886885245901641,0.03200000000000003
vehicle_012_session_01064,vehicle_012,1064,train,117.4691350308642,35.6,333.6,333.9,335.5,338.0,-70.0,31.40983606557377,1,0.03185245901639342,0.03500000000000014
vehicle_012_session_01065,vehicle_012,1065,train,121.04050972222223,64.8,353.0,353.8,356.9,361.0,-70.00327901639345,34.78688524590164,1,0.040950819672131156,0.04300000000000015
vehicle_012_session_01066,vehicle_012,1066,train,119.52153899884259,71.2,356.1,358.0,361.675,366.0,-70.10400626666667,31.88,1,0.04206666666666672,0.04400000000000048
vehicle_012_session_01067,vehicle_012,1067,train,119.46251520833331,73.6,358.9,360.7,364.3,368.8,-70.22132131147542,29.540983606557376,1,0.04195081967213119,0.04400000000000048
vehicle_012_session_01068,vehicle_012,1068,train,118.31261497535846,48.8,337.2,338.6,342.7,347.5,-69.95082147540984,35.16393442622951,2,0.04419672131147542,0.04800000000000004
vehicle_012_session_01069,vehicle_012,1069,train,118.30898030679934,43.6,335.5,336.1,338.6,342.4,-70.05902,33.90163934426229,2,0.038147540983606544,0.04600000000000026
vehicle_012_session_01070,vehicle_012,1070,train,123.02084027777776,70.8,357.1,357.8,361.0,365.2,-70.00983885245901,36.0,0,0.04209836065573766,0.04400000000000048
vehicle_012_session_01071,vehicle_012,1071,train,120.2970920414462,65.2,352.8,353.8,356.9,361.0,-70.2442768852459,33.049180327868854,1,0.04136065573770493,0.042999999999999705
vehicle_012_session_01072,vehicle_012,1072,train,117.16804045664979,38.0,333.2,333.6,335.5,338.3,-70.07213836065574,33.622950819672134,1,0.03288524590163932,0.03699999999999992
vehicle_012_session_01073,vehicle_012,1073,train,120.15080913142621,64.4,351.9,352.8,356.0,359.9,-70.00983704918032,36.21311475409836,1,0.04136065573770494,0.04300000000000015
vehicle_012_session_01074,vehicle_012,1074,train,119.66338400423732,6.8,321.3,322.5,325.2,327.7,-70.14263245901638,33.0,0,0.029754098360655713,0.03200000000000003
vehicle_012_session_01075,vehicle_012,1075,train,120.37555710891817,30.8,331.6,331.9,333.2,334.9,-70.08361278688525,34.622950819672134,1,0.028360655737704934,0.03000000000000025
vehicle_012_session_01076,vehicle_012,1076,train,123.1775254014757,61.6,349.3,350.0,353.2,357.1,-70.0754144262295,38.278688524590166,1,0.03903278688524597,0.04100000000000037
vehicle_012_session_01077,vehicle_012,1077,train,117.15517877121911,44.4,336.8,337.2,339.7,343.6,-69.41310737704917,37.73770491803279,1,0.03729508196721309,0.04400000000000004
vehicle_012_session_01078,vehicle_012,1078,train,122.43056179269541,73.6,359.3,360.2,363.5,367.5,-69.47704688524591,40.0,0,0.04003278688524586,0.041999999999999815
vehicle_012_session_01079,vehicle_012,1079,train,118.0890269097222,48.8,336.8,338.2,341.6,346.0,-59.86393524590163,23.57377049180328,1,0.038786885245901646,0.04400000000000004
vehicle_012_session_01080,vehicle_012,1080,train,121.13715922619053,71.2,357.8,358.6,361.3,364.9,-59.94753573770491,25.0,0,0.036459016393442616,0.038000000000000256
vehicle_012_session_01081,vehicle_012,1081,train,114.32909621415772,40.8,335.0,335.5,337.4,340.3,-59.68853459016395,24.524590163934427,1,0.03075409836065572,0.03500000000000014
vehicle_012_session_01082,vehicle_012,1082,train,119.44275791211292,66.0,353.8,354.6,357.2,360.7,-59.70164950819673,27.0,0,0.0352950819672131,0.037000000000000366
vehicle_012_session_01083,vehicle_012,1083,train,115.77590571581197,29.2,329.9,331.4,333.3,335.5,-70.46065245901639,21.0,2,0.028836065573770532,0.03100000000000014
vehicle_012_session_01084,vehicle_012,1084,train,116.27700626929015,50.0,341.9,342.7,346.4,350.8,-70.5,23.81967213114754,2,0.04162295081967212,0.04400000000000004
vehicle_012_session_01085,vehicle_012,1085,train,121.80927205925927,67.6,350.69998,354.20000000000005,357.19998,360.69998,-55.914480868421066,25.407894736842106,1,0.03477631315789473,0.03699989999999964
vehicle_012_session_01086,vehicle_012,1086,train,117.9737109375,37.6,331.7,333.2,335.5,338.5,-70.42623,24.098360655737704,2,0.031836065573770465,0.03600000000000003
vehicle_012_session_01087,vehicle_012,1087,train,119.1331019675926,60.0,349.3,350.0,353.3,357.4,-70.5,27.0,0,0.039606557377049205,0.04100000000000037
vehicle_012_session_01088,vehicle_012,1088,train,120.14086218701092,58.0,347.4,348.3,351.8,355.8,-70.18033786885245,25.19672131147541,1,0.03978688524590162,0.042999999999999705
vehicle_012_session_01089,vehicle_012,1089,train,118.33154914990422,14.4,327.4,328.0,329.2,330.3,-69.60000704918032,27.0,0,0.02718032786885248,0.03000000000000025
vehicle_012_session_01090,vehicle_012,1090,train,120.13166599151234,37.6,334.1,334.4,336.0,338.5,-69.57705524590165,29.065573770491802,2,0.030475409836065514,0.03399999999999981
vehicle_012_session_01091,vehicle_012,1091,train,123.96743327991453,66.8,353.9,354.6,357.7,361.8,-69.61640163934428,32.0,0,0.03886885245901637,0.040999999999999925
vehicle_012_session_01092,vehicle_012,1092,train,119.79565912007737,34.4,330.8,331.9,333.9,336.4,-70.00133346666667,31.373333333333335,1,0.030199999999999984,0.03299999999999992
vehicle_012_session_01093,vehicle_012,1093,train,118.1276856971154,40.8,332.8,333.9,336.4,339.9,-69.60000721311474,31.639344262295083,1,0.03377049180327868,0.039000000000000146
vehicle_012_session_01094,vehicle_012,1094,train,120.14863685185192,61.6,349.7,350.5,353.8,357.8,-69.71804459016393,33.9344262295082,1,0.03968852459016399,0.04100000000000037
vehicle_012_session_01095,vehicle_012,1095,train,123.56770771329366,75.2,360.8,361.6,364.9,369.4,-69.57869590163935,33.0,0,0.04083606557377053,0.04300000000000015
vehicle_012_session_01096,vehicle_012,1096,train,119.4306850641026,49.6,338.0,339.65,344.20000000000005,349.1,-74.21974960526316,30.210526315789473,2,0.043934210526315805,0.04700000000000015
vehicle_012_session_01097,vehicle_012,1097,train,116.33752131813425,76.4,361.3,362.75,366.95000000000005,371.6,-74.36400133333333,31.85333333333333,1,0.04208,0.04400000000000048
vehicle_012_session_01098,vehicle_012,1098,train,117.6103198529412,26.0,329.2,329.4,330.2,331.1,-45.700010000000006,30.639344262295083,1,0.01936065573770494,0.020999999999999908
vehicle_012_session_01099,vehicle_012,1099,train,116.98804302832247,46.4,336.8,337.1,338.6,341.1,-45.700010000000006,32.67213114754098,1,0.029655737704918,0.03500000000000014
vehicle_012_session_01100,vehicle_012,1100,train,121.86669333333336,67.2,353.2,353.8,355.8,358.3,-45.700010000000006,33.0,0,0.031393442622950865,0.03300000000000036
vehicle_012_session_01101,vehicle_012,1101,train,116.64987093098961,34.4,332.5,332.8,334.2,336.4,-69.77542737704917,35.114754098360656,2,0.030131147540983592,0.03399999999999981
vehicle_012_session_01102,vehicle_012,1102,train,119.02104502688174,60.0,348.3,349.3,352.4,356.3,-69.88851803278689,38.0,0,0.039885245901639346,0.04200000000000026
vehicle_012_session_01103,vehicle_012,1103,train,116.98800402336862,24.8,328.6,329.6,331.0,332.7,-70.2934537704918,31.39344262295082,1,0.027475409836065605,0.02900000000000036
vehicle_012_session_01104,vehicle_012,1104,train,117.70487847222225,50.0,339.9,340.7,344.1,348.3,-70.26886278688525,34.557377049180324,1,0.041573770491803295,0.04400000000000004
vehicle_012_session_01105,vehicle_012,1105,train,122.03745868844699,62.4,348.5,350.25,353.8375,357.8,-69.96400213333332,29.946666666666665,1,0.03965333333333335,0.041999999999999815
vehicle_012_session_01106,vehicle_012,1106,train,121.70089996936281,68.4,354.9,355.8,359.1,363.3,-70.21148737704918,33.0,0,0.0397540983606557,0.04100000000000037
vehicle_012_session_01107,vehicle_012,1107,train,115.90937209084086,33.6,332.5,332.8,334.4,336.8,-69.78198278688524,28.311475409836067,1,0.03052459016393439,0.03400000000000025
vehicle_012_session_01108,vehicle_012,1108,train,124.06729543467088,76.0,362.1,362.8,366.22,370.5,-69.81804606557377,32.278688524590166,1,0.041278688524590164,0.04300000000000015
vehicle_012_session_01109,vehicle_012,1109,train,115.78884565727698,42.8,336.1,336.6,338.9,342.8,-69.62623819672132,29.557377049180328,1,0.037016393442622926,0.04300000000000015
vehicle_012_session_01110,vehicle_012,1110,train,120.28615753600826,71.2,358.2,358.9,362.1,366.3,-69.65738704918031,32.16393442622951,1,0.04057377049180335,0.04300000000000015
vehicle_012_session_01111,vehicle_012,1111,train,118.0355114688552,36.0,329.2,329.7,330.4,331.3,-22.40525368421052,28.0,0,0.014828947368421039,0.016999999999999904
vehicle_012_session_01112,vehicle_012,1112,train,118.21849630519948,37.6,333.5,333.9,335.5,338.2,-74.1967306557377,31.737704918032787,2,0.03244262295081966,0.03699999999999992
vehicle_012_session_01113,vehicle_012,1113,train,123.44819310897437,68.8,354.7,355.7,358.9,363.3,-74.1623018032787,35.52459016393443,1,0.04124590163934423,0.04300000000000015
vehicle_012_session_01114,vehicle_012,1114,train,118.06342148846957,65.6,352.8,354.5,357.7,361.8,-69.9197397368421,33.0,0,0.039947368421052606,0.041999999999999815
vehicle_012_session_01115,vehicle_012,1115,train,118.4498827144747,34.4,330.7,331.9,333.9,336.4,-69.90394618421053,32.69736842105263,1,0.030644736842105277,0.03399999999999981
vehicle_012_session_01116,vehicle_012,1116,train,117.46801167929299,30.8,329.9,331.1,332.8,335.0,-70.74919540983606,27.16393442622951,2,0.02954098360655739,0.03200000000000003
vehicle_012_session_01117,vehicle_012,1117,train,118.68010651276278,61.6,350.5,351.4,354.6,358.6,-70.81149196721312,30.80327868852459,1,0.040295081967213174,0.04200000000000026
vehicle_012_session_01118,vehicle_012,1118,train,121.94826739885268,60.8,347.4,348.85,352.0,355.7,-59.97894763157895,28.0,0,0.037631578947368405,0.040999999999999925
vehicle_012_session_01119,vehicle_012,1119,train,122.96006103281593,56.8,341.8,342.6,344.20000000000005,345.8,-21.80401879999999,26.0,0,0.03096000000000002,0.0349999999999997
vehicle_012_session_01120,vehicle_012,1120,train,122.05532041910334,70.4,356.6,357.4,360.7,364.9,-70.0311506557377,28.9672131147541,1,0.04026229508196716,0.041999999999999815
vehicle_012_session_01121,vehicle_012,1121,train,118.12166713391635,44.8,336.6,337.2,339.7,343.9,-70.1016455737705,32.32786885245902,1,0.03863934426229507,0.04500000000000037
vehicle_012_session_01122,vehicle_012,1122,train,121.22414140795213,77.2,362.8,363.6,367.1,371.4,-70.04754557377049,34.98360655737705,1,0.04173770491803272,0.04300000000000015
vehicle_012_session_01123,vehicle_012,1123,train,120.10144556413861,48.0,335.8,337.15,340.3,344.6,-60.084005999999995,32.346666666666664,1,0.03892,0.04400000000000004
vehicle_012_session_01124,vehicle_012,1124,train,117.74841741452991,32.0,330.8,331.6,333.3,335.5,-70.26886737704918,31.557377049180328,1,0.030278688524590192,0.03300000000000036
vehicle_012_session_01125,vehicle_012,1125,train,118.95599265873018,58.4,347.7,348.5,351.8,355.7,-70.12742887096773,34.693548387096776,1,0.04088709677419356,0.04300000000000015
vehicle_012_session_01126,vehicle_012,1126,train,119.7386618022567,26.800001,328.3,329.4,330.7374875,332.19998,-60.9868509736842,32.1578947368421,1,0.025065782894736873,0.027000199999999808
vehicle_012_session_01127,vehicle_012,1127,train,118.84589329318217,12.0,323.5,324.5,327.0,328.8,-61.69605836842108,32.0,0,0.028118405263157897,0.030999999999999694
vehicle_012_session_01128,vehicle_012,1128,train,118.5093499161878,56.4,343.5,344.6,347.8,351.4,-57.99508819672132,32.885245901639344,1,0.03981967213114751,0.04599999999999982
vehicle_012_session_01129,vehicle_012,1129,train,117.37691382575757,30.8,328.6,330.8,332.5,334.6,-69.88525754098362,32.83606557377049,1,0.029131147540983622,0.03200000000000003
vehicle_012_session_01130,vehicle_012,1130,train,118.7594893939394,57.6,346.1,347.1,350.2,354.3,-70.19181475409835,36.0,0,0.04165573770491801,0.04500000000000037
vehicle_012_session_01131,vehicle_012,1131,train,120.2471130351682,46.8,335.0,336.70000000000005,339.95,344.7,-69.98947368421052,36.1578947368421,1,0.04088157894736842,0.04700000000000015
vehicle_012_session_01132,vehicle_012,1132,train,120.307089921875,58.0,343.6,344.95,347.75,350.5,-43.98026697368422,27.736842105263158,1,0.03517105263157891,0.040000000000000036
vehicle_012_session_01133,vehicle_012,1133,train,117.14138795605305,20.4,327.8,328.9,330.5,332.1,-71.03606885245902,26.278688524590162,1,0.02757377049180332,0.02900000000000036
vehicle_012_session_01134,vehicle_012,1134,train,116.14765331890335,47.2,339.4,340.0,343.2,347.7,-71.1278786885246,29.918032786885245,2,0.041967213114754105,0.04599999999999982
vehicle_012_session_01135,vehicle_012,1135,train,119.656945625,78.0,364.4,365.2,368.8,371.4,-68.10656967213116,32.08196721311475,0,0.04150819672131151,0.043999999999999595
vehicle_012_session_01136,vehicle_012,1136,train,121.0153517361111,55.6,342.1,344.20000000000005,348.55,352.8,-69.96973381578947,29.789473684210527,1,0.04451315789473686,0.050000000000000266
vehicle_012_session_01137,vehicle_012,1137,train,118.98580011401329,44.0,333.9,335.7,338.8,343.2,-70.80821098360656,27.57377049180328,1,0.0380983606557377,0.04600000000000026
vehicle_012_session_01138,vehicle_012,1138,train,120.88159157250465,70.8,358.0,358.8,362.1,366.4,-70.90654803278689,30.75409836065574,1,0.04140983606557376,0.04400000000000048
vehicle_012_session_01139,vehicle_012,1139,train,117.44894975490193,56.0,342.7,345.0,349.4,353.6,-70.17705754098361,27.327868852459016,1,0.0431967213114754,0.04899999999999993
vehicle_012_session_01140,vehicle_012,1140,train,117.826204665493,55.2,344.7,345.7,349.3,353.3,-70.0590237704918,30.0,2,0.04232786885245901,0.04600000000000026
vehicle_012_session_01141,vehicle_012,1141,train,118.65161525072155,13.6,325.3,326.4,328.9,330.3,-70.13279327868854,27.59016393442623,1,0.02931147540983606,0.03399999999999981
vehicle_012_session_01142,vehicle_012,1142,train,118.65347993055552,50.4,340.3,342.1,345.7,349.9,-70.01475819672132,32.36065573770492,1,0.04206557377049178,0.04500000000000037
vehicle_012_session_01143,vehicle_012,1143,train,119.90878772363467,70.4,358.2,358.9,362.2,366.4,-70.00984,34.0,0,0.04085245901639344,0.04300000000000015
vehicle_012_session_01144,vehicle_012,1144,train,121.93885696684589,70.0,356.1,356.9,360.2,364.4,-70.08033590163934,31.0,0,0.04091803278688524,0.04300000000000015
vehicle_012_session_01145,vehicle_012,1145,train,119.760424529321,52.8,339.7,341.85,346.5,351.0,-69.90131592105263,30.789473684210527,1,0.04496052631578947,0.04900000000000038
vehicle_012_session_01146,vehicle_012,1146,train,119.6856005041857,58.8,347.1,348.0,351.3,355.3,-70.00492081967212,36.67213114754098,1,0.0419672131147541,0.04499999999999993
vehicle_012_session_01147,vehicle_012,1147,train,119.42226572145063,12.8,324.7,325.3,327.8,329.6,-69.99672409836064,35.0,0,0.030557377049180313,0.03399999999999981
vehicle_012_session_01148,vehicle_012,1148,train,117.49950357286637,42.0,335.7,336.1,338.2,341.4,-69.92787081967214,37.885245901639344,2,0.035475409836065584,0.041999999999999815
vehicle_012_session_01149,vehicle_012,1149,train,119.63482748842586,58.4,345.8,346.6,349.7,353.3,-60.45573327868852,40.0,0,0.03988524590163933,0.04499999999999993
vehicle_012_session_01150,vehicle_012,1150,train,117.87713757122508,30.8,328.9,329.4,330.5,331.7,-45.017106842105264,36.01315789473684,1,0.020868421052631578,0.02300000000000013
vehicle_012_session_01151,vehicle_012,1151,train,117.78226803315415,63.2,354.6,355.3,358.6,362.7,-70.12787737704917,32.0,0,0.04131147540983608,0.04300000000000015
vehicle_012_session_01152,vehicle_012,1152,train,117.36265252246733,50.0,340.3,341.0,344.4,348.8,-70.0950886885246,38.540983606557376,1,0.0432950819672131,0.04600000000000026
vehicle_012_session_01153,vehicle_012,1153,train,121.21869471677567,77.2,362.8,363.6,367.1,371.4,-70.09016983606557,40.0,0,0.042639344262295084,0.04499999999999993
vehicle_012_session_01154,vehicle_012,1154,train,115.38745248538012,32.4,331.0,331.1,332.1,333.2,-45.100010000000005,29.885245901639344,1,0.021786885245901687,0.02400000000000002
vehicle_012_session_01155,vehicle_012,1155,train,114.96285249183012,55.2,343.3,343.9,346.3,349.1,-44.73115754098362,32.0,0,0.036639344262295086,0.039000000000000146
vehicle_012_session_01156,vehicle_012,1156,train,119.3963900106838,17.6,325.7,326.9,329.1,330.5,-70.68689655737704,30.950819672131146,1,0.030032786885245914,0.03500000000000014
vehicle_012_session_01157,vehicle_012,1157,train,118.11990560378091,44.0,336.3,336.8,338.9,342.7,-70.84262950819671,34.31147540983606,1,0.03762295081967212,0.04400000000000004
vehicle_012_session_01158,vehicle_012,1158,train,122.76211437908503,73.2,358.6,359.4,362.8,367.1,-70.89507540983605,36.704918032786885,1,0.042557377049180306,0.04400000000000048
vehicle_012_session_01159,vehicle_012,1159,train,119.95084748172516,58.8,345.5,347.45,351.4,355.5,-70.06579486842105,28.894736842105264,1,0.04227631578947368,0.04800000000000004
vehicle_012_session_01160,vehicle_012,1160,train,119.21170402176288,42.4,333.8,335.2,338.1,342.1,-70.0407930263158,27.81578947368421,2,0.037447368421052604,0.04600000000000026
vehicle_012_session_01161,vehicle_012,1161,train,119.90935134734096,51.2,338.5,340.4,345.04999999999995,349.7,-69.86316421052632,29.43421052631579,1,0.04555263157894735,0.04899999999999993
vehicle_012_session_01162,vehicle_012,1162,train,121.50815305555558,55.6,342.1,344.54999999999995,348.975,353.2,-70.09067426666665,27.466666666666665,1,0.04456000000000001,0.052000000000000046
vehicle_012_session_01163,vehicle_012,1163,train,118.82888580246917,36.0,331.9,332.8,334.9,337.7,-69.82763960526314,25.723684210526315,1,0.031749999999999966,0.03500000000000014
vehicle_012_session_01164,vehicle_012,1164,train,118.26827145182291,20.8,327.5,328.9,330.4,331.9,-70.0240036,26.586666666666666,1,0.02750666666666665,0.02900000000000036
vehicle_012_session_01165,vehicle_012,1165,train,120.41010264872175,47.6,335.7,337.45,341.1,346.0,-69.83200666666666,27.933333333333334,2,0.04246666666666667,0.04800000000000004
vehicle_012_session_01166,vehicle_012,1166,train,117.68949545776643,34.0,331.6,332.1,333.9,336.4,-70.94590147540984,32.50819672131148,1,0.03147540983606558,0.03500000000000014
vehicle_012_session_01167,vehicle_012,1167,train,119.59843553545328,55.2,344.4,345.3,349.1,353.2,-70.69345262295082,30.540983606557376,1,0.043622950819672116,0.04700000000000015
vehicle_012_session_01168,vehicle_012,1168,train,118.46169391701832,35.6,331.3,332.4,334.6,337.1,-69.84754672131147,29.65573770491803,1,0.031491803278688536,0.03500000000000014
vehicle_012_session_01169,vehicle_012,1169,train,120.45519753689234,67.6,354.9,355.7,358.9,362.8,-69.83443590163935,33.0,0,0.041131147540983605,0.04300000000000015
vehicle_012_session_01170,vehicle_012,1170,train,118.90507656848663,63.6,350.8,351.6,354.3,357.7,-59.798379836065585,36.26229508196721,1,0.03839344262295086,0.040000000000000036
vehicle_012_session_01171,vehicle_012,1171,train,120.10222366352198,74.0,360.7,361.3,364.1,367.8,-60.2065686885246,30.83606557377049,1,0.039180327868852484,0.04100000000000037
vehicle_012_session_01172,vehicle_012,1172,train,119.75694896488469,71.6,358.2,358.9,362.4,366.6,-69.94262393442624,35.950819672131146,1,0.04232786885245899,0.04400000000000048
vehicle_012_session_01173,vehicle_012,1173,train,115.67907212752525,42.0,336.0,336.6,338.8,342.5,-70.1262386885246,30.75409836065574,1,0.03777049180327867,0.04400000000000004
vehicle_012_session_01174,vehicle_012,1174,train,116.80724871191757,30.0,331.3,331.4,332.4,333.9,-60.567218688524605,36.0,0,0.025672131147540987,0.028000000000000025
vehicle_012_session_01175,vehicle_012,1175,train,114.91202664032566,16.4,327.4,327.5,328.5,329.2,-49.744276721311486,38.0,0,0.020934426229508234,0.02300000000000013
vehicle_012_session_01176,vehicle_012,1176,train,118.19046647970089,39.6,333.8,334.1,335.3,337.1,-49.708207540983615,39.22950819672131,1,0.024836065573770494,0.027000000000000135
vehicle_012_session_01177,vehicle_012,1177,train,120.98895893429489,60.4,348.0,348.8,351.0,353.8,-49.760671803278704,41.0,0,0.0330327868852459,0.03500000000000014
vehicle_012_session_01178,vehicle_012,1178,train,121.00391420264395,64.4,351.3,352.9,356.35,360.5,-70.20659039473682,39.0,0,0.03978947368421054,0.04100000000000037
vehicle_012_session_01179,vehicle_012,1179,train,118.33802120681607,38.4,332.4,333.25,335.5,338.5,-69.21843289473682,32.46052631578947,1,0.03163157894736837,0.03600000000000003
vehicle_012_session_01180,vehicle_012,1180,train,119.85609528256708,49.2,336.8,338.4,342.45,347.4,-70.16842976315787,34.44736842105263,1,0.04184211184210527,0.04600000000000026
vehicle_012_session_01181,vehicle_012,1181,train,117.31349899031433,24.4,328.8,329.6,331.05,332.7,-70.13553631578945,36.68421052631579,1,0.02776315789473685,0.03000000000000025
vehicle_012_session_01182,vehicle_012,1182,train,119.0583498385013,37.2,331.7,332.9,335.0,338.0,-70.37763039473684,37.98684210526316,2,0.03209210526315787,0.03599999999999959
vehicle_012_session_01183,vehicle_012,1183,train,117.20381670875422,12.4,326.1,326.6,328.3,329.6,-70.0754162295082,39.0,0,0.028360655737704903,0.03100000000000014
vehicle_012_session_01184,vehicle_012,1184,train,119.31019120370372,38.8,334.4,334.7,336.4,339.1,-70.01967409836065,41.377049180327866,1,0.031950819672131106,0.03600000000000003
vehicle_012_session_01185,vehicle_012,1185,train,123.36470340501795,69.2,355.7,356.4,359.6,363.6,-70.01147852459017,43.885245901639344,1,0.039639344262295054,0.04100000000000037
vehicle_012_session_01186,vehicle_012,1186,train,117.69268564162755,34.0,330.7,331.7,333.5,336.0,-69.96229688524589,38.442622950819676,1,0.030426229508196713,0.03299999999999992
vehicle_012_session_01187,vehicle_012,1187,train,119.21501145251399,22.4,327.5,328.3,329.6,330.8,-60.06533813333333,37.36,1,0.024280000000000013,0.026000000000000245
vehicle_012_session_01188,vehicle_012,1188,train,118.21848202546296,10.0,322.5,323.85,326.7,328.9,-69.98552736842106,37.973684210526315,1,0.03042105263157894,0.03200000000000003
vehicle_012_session_01189,vehicle_012,1189,train,119.44027097489317,42.8,333.5,334.9,337.7375,341.6,-70.65734239999999,38.76,1,0.0358133333333333,0.041999999999999815
vehicle_012_session_01190,vehicle_012,1190,train,121.3145759027778,76.0,360.5,361.1,363.3,366.1,-45.0,36.0,0,0.03245901639344261,0.034000000000000696
vehicle_012_session_01191,vehicle_012,1191,train,117.4687967211674,20.8,328.9,329.2,330.3,331.6,-70.0000031147541,39.114754098360656,1,0.0276229508196722,0.03000000000000025
vehicle_012_session_01192,vehicle_012,1192,train,117.24815175925924,52.4,342.4,343.2,346.6,350.8,-69.95901819672133,42.9344262295082,1,0.041393442622950825,0.04400000000000004
vehicle_012_session_01193,vehicle_012,1193,train,116.14726361111111,33.2,331.4,331.7,332.7,334.1,-49.788543442622974,39.0,0,0.023065573770491853,0.02499999999999991
vehicle_012_session_01194,vehicle_012,1194,train,118.4444837691571,14.4,324.1,325.6,328.2375,329.9,-70.21053526315791,37.9078947368421,1,0.030855263157894747,0.0349999999999997
vehicle_012_session_01195,vehicle_012,1195,train,119.45060092536406,1.6,318.0,319.4,322.4,324.6,-60.04474118421053,38.6578947368421,-1,0.029026315789473723,0.03200000000000003
vehicle_012_session_01196,vehicle_012,1196,train,117.93404813762628,30.8,331.7,332.2,333.5,335.5,-74.21312606557373,36.91803278688525,2,0.030622950819672135,0.03300000000000036
vehicle_012_session_01197,vehicle_012,1197,train,118.84030342881948,57.6,346.8,347.7,351.1,355.3,-74.26395081967209,40.08196721311475,1,0.041590163934426244,0.04400000000000004
vehicle_012_session_01198,vehicle_012,1198,train,117.13665414186507,40.0,332.7,333.8,336.3,339.6,-70.00655803278688,38.42622950819672,1,0.03404918032786882,0.038000000000000256
vehicle_012_session_01199,vehicle_012,1199,train,118.45058237721419,62.4,350.5,351.3,354.6,358.5,-69.89999590163934,40.16393442622951,1,0.039819672131147565,0.04100000000000037
vehicle_012_session_01200,vehicle_012,1200,train,117.18910335127966,29.6,331.4,331.6,332.8,334.7,-70.02951213114756,32.704918032786885,1,0.029065573770491855,0.03200000000000003
vehicle_012_session_01201,vehicle_012,1201,train,120.04759917279412,65.2,353.3,354.1,357.2,361.3,-69.90655983606557,36.73770491803279,1,0.03980327868852454,0.04200000000000026
vehicle_012_session_01202,vehicle_012,1202,train,116.11059530472639,26.0,328.8,329.9,331.3,333.0,-70.01639508196722,35.442622950819676,1,0.028032786885245915,0.03000000000000025
vehicle_012_session_01203,vehicle_012,1203,train,116.51271259171907,52.8,342.2,343.0,346.6,350.8,-70.0065580327869,38.622950819672134,1,0.04250819672131147,0.04400000000000004
vehicle_012_session_01204,vehicle_012,1204,train,119.8634861776447,30.8,329.4,330.3,331.7,333.5,-59.986841184210526,36.0,0,0.025684210526315795,0.028000000000000025
vehicle_012_session_01205,vehicle_012,1205,train,116.88651392887206,17.2,324.2,327.29999999999995,329.29999999999995,330.7,-69.35789657894736,38.0,0,0.029131578947368432,0.03500000000000014
vehicle_012_session_01206,vehicle_012,1206,train,119.20609962277094,51.6,340.0,341.0,344.9,349.4,-70.8934424590164,42.9344262295082,1,0.04359016393442623,0.04600000000000026
vehicle_012_session_01207,vehicle_012,1207,train,119.0945750534188,51.6,339.9,340.3,343.0,346.3,-50.100010000000005,39.295081967213115,1,0.03696721311475414,0.040000000000000036
vehicle_012_session_01208,vehicle_012,1208,train,117.62175057508679,20.0,327.1,328.0,329.29999999999995,330.5,-60.05263644736842,35.93421052631579,1,0.024736842105263168,0.028000000000000025
vehicle_012_session_01209,vehicle_012,1209,train,118.50914812828734,28.0,329.1,329.7,331.1,332.7,-59.9500002631579,35.18421052631579,1,0.02506578947368426,0.027000000000000135
vehicle_012_session_01210,vehicle_012,1210,train,119.10380771396397,56.4,345.0,346.0,349.6,353.6,-70.09181229508197,39.377049180327866,1,0.04221311475409833,0.04600000000000026
vehicle_012_session_01211,vehicle_012,1211,train,117.16644615209471,42.0,335.3,335.8,338.0,341.4,-70.02131524590163,38.60655737704918,1,0.035475409836065556,0.04200000000000026
vehicle_012_session_01212,vehicle_012,1212,train,121.40779797358832,66.8,353.9,354.7,357.93333333333334,361.8,-70.00000508196722,41.0,0,0.03985245901639345,0.04100000000000037
vehicle_012_session_01213,vehicle_012,1213,train,118.15143827954792,38.4,330.2,333.1,335.375,338.3,-69.50667786666666,38.93333333333333,2,0.03276,0.03699999999999992
vehicle_012_session_01214,vehicle_012,1214,train,116.97555389718077,21.2,327.2,328.5,329.9,331.4,-70.07541721311475,38.40983606557377,1,0.02796721311475412,0.03100000000000014
vehicle_012_session_01215,vehicle_012,1215,train,117.3649316019787,48.0,338.6,339.3,342.1,346.6,-70.09837016393443,41.557377049180324,1,0.04119672131147547,0.04600000000000026
vehicle_012_session_01216,vehicle_012,1216,train,117.89396287878789,34.4,330.3,330.8,332.1,333.8,-50.200010000000006,40.09836065573771,1,0.02413114754098362,0.026000000000000245
vehicle_012_session_01217,vehicle_012,1217,train,118.78299921364379,43.2,333.6,334.9,337.7,341.6,-70.56129645161292,42.66129032258065,1,0.03666129032258063,0.04300000000000015
vehicle_012_session_01218,vehicle_012,1218,train,118.51613524669776,28.0,328.2,328.85,329.9,331.1,-46.43199786666667,40.053333333333335,1,0.020706666666666672,0.02200000000000024
vehicle_012_session_01219,vehicle_012,1219,train,121.17762399952915,73.6,359.4,360.3,363.8,368.2,-69.9737718032787,38.0,0,0.040918032786885224,0.04300000000000015
vehicle_012_session_01220,vehicle_012,1220,train,118.3854032959125,11.6,323.2,324.5,327.29999999999995,329.2,-70.48400000000001,38.81333333333333,1,0.031026666666666668,0.03299999999999992
vehicle_012_session_01221,vehicle_012,1221,train,119.12209010631008,51.2,340.5,341.3,344.7,349.3,-70.50491852459017,41.24590163934426,1,0.043131147540983614,0.04599999999999982
vehicle_012_session_01222,vehicle_012,1222,train,118.99407093253971,55.6,344.1,345.2,348.8,352.8,-69.72460344262295,41.0,0,0.042409836065573754,0.04600000000000026
vehicle_012_session_01223,vehicle_012,1223,train,119.09390064102558,46.4,335.3,336.8,340.0,344.7,-69.67378049180327,40.032786885245905,2,0.040262295081967193,0.04600000000000026
vehicle_012_session_01224,vehicle_012,1224,train,119.50821539162118,67.2,354.3,355.2,358.3,362.4,-69.68033786885245,41.90163934426229,1,0.04073770491803275,0.04200000000000026
vehicle_012_session_01225,vehicle_012,1225,train,117.75617518343815,24.0,328.3,329.1,330.5,332.1,-69.69017393442624,35.885245901639344,1,0.027672131147541,0.03000000000000025
vehicle_012_session_01226,vehicle_012,1226,train,117.52412953317905,45.2,336.9,337.4,339.9,343.8,-69.6360755737705,38.377049180327866,1,0.038180327868852434,0.04400000000000004
vehicle_012_session_01227,vehicle_012,1227,train,118.36854040704071,14.8,324.19998,325.8,328.5,330.0,-70.07105686842105,34.03947368421053,1,0.030460548684210536,0.03500009999999998
vehicle_012_session_01228,vehicle_012,1228,train,120.22341280136267,71.6,357.4,358.3,361.6,366.0,-70.08689147540983,37.21311475409836,1,0.040754098360655695,0.0420000000000007
vehicle_012_session_01229,vehicle_012,1229,train,119.69835754340279,47.6,335.8,337.2,340.75,345.5,-69.83066946666668,35.82666666666667,1,0.04125333333333335,0.04700000000000015
vehicle_012_session_01230,vehicle_012,1230,train,118.13242115740745,39.6,332.1,333.0,335.3,338.2,-65.0721375409836,33.81967213114754,1,0.03126229508196719,0.03500000000000014
vehicle_012_session_01231,vehicle_012,1231,train,117.30833659722225,8.0,319.9,323.0,325.7,328.3,-69.2901649180328,35.868852459016395,1,0.029573770491803247,0.03200000000000003
vehicle_012_session_01232,vehicle_012,1232,train,117.02954401408454,28.0,331.0,331.3,332.4,334.1,-69.96885393442622,36.77049180327869,1,0.028000000000000018,0.03100000000000014
vehicle_012_session_01233,vehicle_012,1233,train,120.07986889880952,56.8,345.3,346.3,349.6,353.6,-69.97213573770492,40.19672131147541,1,0.04081967213114753,0.04400000000000004
vehicle_012_session_01234,vehicle_012,1234,train,119.18949981848183,15.6,324.69998,326.0,328.5,330.0,-70.05526721052631,33.71052631578947,1,0.030171048684210545,0.03500000000000014
vehicle_012_session_01235,vehicle_012,1235,train,117.18016352831197,31.6,329.7,330.8,332.4,334.2,-68.54426672131147,40.83606557377049,1,0.029131147540983622,0.03200000000000003
vehicle_012_session_01236,vehicle_012,1236,train,117.6092813521242,52.4,340.8,341.4,344.9,349.3,-68.55082475409836,43.0,0,0.04255737704918029,0.04499999999999993
vehicle_012_session_01237,vehicle_012,1237,train,118.08300179211469,48.8,337.4,337.8,340.3,344.3,-60.254100655737716,40.39344262295082,1,0.03781967213114756,0.04400000000000004
vehicle_012_session_01238,vehicle_012,1238,train,120.15184739877583,73.6,358.0,358.8,361.6,365.2,-60.24590606557378,42.0,0,0.03831147540983614,0.040000000000000036
vehicle_012_session_01239,vehicle_012,1239,train,122.68724217047935,77.2,360.5,361.1,364.3,368.0,-60.14426770491804,34.0,0,0.03821311475409831,0.040000000000000036
vehicle_012_session_01240,vehicle_012,1240,train,116.03697794669671,29.2,329.1,330.2,331.7,333.6,-69.8327937704918,31.78688524590164,1,0.02849180327868856,0.03100000000000014
vehicle_012_session_01241,vehicle_012,1241,train,118.00969938568376,58.8,346.4,347.4,350.7,354.6,-69.86721295081966,35.40983606557377,1,0.04155737704918029,0.04499999999999993
vehicle_012_session_01242,vehicle_012,1242,train,119.5823572965571,21.2,328.5,328.9,329.9,331.1,-69.87704672131147,38.0,0,0.02759016393442625,0.029999999999999805
vehicle_012_session_01243,vehicle_012,1243,train,119.03503783167496,13.2,324.9,325.5,327.5,329.6,-70.03442967213114,30.0,0,0.02898360655737704,0.03100000000000014
vehicle_012_session_01244,vehicle_012,1244,train,119.7642048611111,40.4,334.2,334.6,336.1,338.8,-70.02459262295082,32.721311475409834,1,0.03122950819672131,0.03500000000000014
vehicle_012_session_01245,vehicle_012,1245,train,123.43616840277772,67.6,352.7,353.5,356.6,360.5,-70.02623213114754,36.0,0,0.03937704918032787,0.04100000000000037
vehicle_012_session_01246,vehicle_012,1246,train,118.88119487282464,31.2,329.19998,330.59999,332.29999,334.19998,-70.0250015,29.723684210526315,1,0.028618435526315794,0.032000099999999865
vehicle_012_session_01247,vehicle_012,1247,train,118.38185875178067,19.6,327.1,327.7,329.4,330.8,-69.9803298360656,33.34426229508197,1,0.028983606557377112,0.03500000000000014
vehicle_012_session_01248,vehicle_012,1248,train,117.1859723754085,51.2,339.7,340.5,343.6,348.2,-69.97377278688526,37.31147540983606,1,0.041639344262295104,0.04500000000000037
vehicle_012_session_01249,vehicle_012,1249,train,116.60861822632059,26.4,329.6,329.7,330.7,331.9,-60.78361262295083,32.0655737704918,1,0.02465573770491804,0.027000000000000135
vehicle_012_session_01250,vehicle_012,1250,train,114.67767366898147,50.8,339.1,339.7,342.2,346.0,-58.650826229508205,34.868852459016395,1,0.038557377049180365,0.04300000000000015
vehicle_012_session_01251,vehicle_012,1251,train,118.93519976851854,70.0,353.9,354.6,357.2,360.5,-56.3032842622951,33.0,0,0.03636065573770492,0.038000000000000256
vehicle_012_session_01252,vehicle_012,1252,train,119.52034489087302,28.4,330.7,331.0,331.9,333.3,-70.05246426229508,30.950819672131146,2,0.025819672131147588,0.027000000000000135
vehicle_012_session_01253,vehicle_012,1253,train,119.74671469907405,56.8,343.3,344.3,347.7,351.8,-70.03442967213115,34.68852459016394,1,0.036360655737704924,0.039000000000000146
vehicle_012_session_01254,vehicle_012,1254,train,118.51101491013071,39.2,332.8,333.6,335.3,338.2,-69.91474557377049,32.68852459016394,1,0.029360655737704917,0.03200000000000003
vehicle_012_session_01255,vehicle_012,1255,train,118.66806852213546,66.4,352.7,353.5,356.6,360.7,-69.9081875409836,35.68852459016394,1,0.03539344262295084,0.03699999999999992
vehicle_012_session_01256,vehicle_012,1256,train,118.84786489898994,57.6,343.2,343.9,347.2,350.7,-57.99508590163935,30.901639344262296,1,0.03463934426229506,0.038000000000000256
vehicle_012_session_01257,vehicle_012,1257,train,120.03918789473688,59.6,343.6,345.85,349.9,353.9,-70.013336,32.81333333333333,1,0.03789333333333333,0.04300000000000015
vehicle_012_session_01258,vehicle_012,1258,train,116.92468113425926,25.2,327.8,328.8,330.3,331.9,-70.1229593442623,36.18032786885246,1,0.026409836065573802,0.028000000000000025
vehicle_012_session_01259,vehicle_012,1259,train,117.92592629629631,54.0,340.8,341.6,345.0,349.4,-69.97704737704917,39.459016393442624,1,0.037524590163934446,0.040999999999999925
vehicle_012_session_01260,vehicle_012,1260,train,116.65350544779693,26.8,328.2,329.2,330.7,332.2,-70.13279344262295,35.68852459016394,1,0.026360655737704918,0.028000000000000025
vehicle_012_session_01261,vehicle_012,1261,train,118.24934783220722,50.0,338.0,338.6,341.3,345.7,-69.99672426229509,38.49180327868852,1,0.03575409836065573,0.040000000000000036
vehicle_012_session_01262,vehicle_012,1262,train,119.45329160353536,56.0,340.2,341.9,346.3,350.8,-70.14263180327869,35.08196721311475,2,0.03940983606557375,0.04200000000000026
vehicle_012_session_01263,vehicle_012,1263,train,116.9250887419872,57.2,340.3,342.4,346.9,351.3,-70.12295803278688,37.295081967213115,1,0.03931147540983611,0.042999999999999705
vehicle_012_session_01264,vehicle_012,1264,train,118.51074154040406,44.8,333.0,334.2,336.9,340.5,-70.11967950819671,37.49180327868852,1,0.03190163934426226,0.03699999999999992
vehicle_012_session_01265,vehicle_012,1265,train,115.04515208333328,44.4,334.6,334.9,336.6,339.1,-59.43607459016394,38.721311475409834,1,0.027639344262295043,0.03100000000000014
vehicle_012_session_01266,vehicle_012,1266,train,119.32969874058382,68.4,351.9,352.5,355.0,358.2,-56.40328540983607,40.90163934426229,1,0.03155737704918041,0.03300000000000036
vehicle_012_session_01267,vehicle_012,1267,train,118.95555267237101,21.2,326.6,327.7,329.6,331.1,-74.10164704918033,33.83606557377049,1,0.028770491803278696,0.03299999999999992
vehicle_012_session_01268,vehicle_012,1268,train,115.66658141447367,44.0,335.3,335.8,337.8,341.4,-74.01475573770492,36.80327868852459,2,0.032770491803278644,0.037000000000000366
vehicle_012_session_01269,vehicle_012,1269,train,119.53860576923077,74.4,357.7,358.5,361.9,366.4,-74.0360713114754,39.704918032786885,1,0.03749180327868848,0.040000000000000036
vehicle_012_session_01270,vehicle_012,1270,train,116.76968784722222,34.0,329.9,330.7,332.2,334.2,-69.53934803278689,36.950819672131146,1,0.027606557377049198,0.02900000000000036
vehicle_012_session_01271,vehicle_012,1271,train,118.40325173611109,58.0,343.0,343.9,347.4,351.8,-69.64919032786885,39.40983606557377,1,0.0382622950819672,0.040000000000000036
vehicle_012_session_01272,vehicle_012,1272,train,118.12399111519612,58.4,343.6,344.4,348.2,352.4,-70.09836754098362,34.0,0,0.038245901639344236,0.040999999999999925
vehicle_012_session_01273,vehicle_012,1273,train,118.84501046489198,56.8,341.6,342.5,346.4,350.8,-70.06393950819673,33.31147540983606,1,0.03937704918032789,0.04200000000000026
vehicle_012_session_01274,vehicle_012,1274,train,117.18574888182677,21.2,325.8,327.1,329.2,330.7,-70.591811147541,33.81967213114754,1,0.02842622950819675,0.03300000000000036
vehicle_012_session_01275,vehicle_012,1275,train,121.94390834435633,72.4,355.2,356.0,359.3,363.3,-70.5541037704918,38.68852459016394,1,0.03639344262295081,0.03799999999999937
vehicle_012_session_01276,vehicle_012,1276,train,117.89446180555558,30.0,329.4,329.6,330.3,331.3,-46.20656540983607,31.934426229508198,1,0.018688524590163923,0.020000000000000018
vehicle_012_session_01277,vehicle_012,1277,train,118.09153052631581,60.0,341.4,343.1,347.1,351.0,-60.0197422368421,35.0,0,0.03706578947368422,0.04100000000000037
vehicle_012_session_01278,vehicle_012,1278,train,119.67108204365081,47.2,333.3,334.29999999999995,336.8,339.9,-59.9460525,34.48684210526316,1,0.02917105263157892,0.03299999999999992
vehicle_012_session_01279,vehicle_012,1279,train,118.10918070874183,11.6,321.6,323.0,325.5,328.0,-70.16394262295083,34.36065573770492,1,0.02804918032786887,0.03100000000000014
vehicle_012_session_01280,vehicle_012,1280,train,118.47320696400625,38.8,332.8,333.2,334.6,336.8,-70.01639622950819,36.65573770491803,1,0.028016393442622953,0.03100000000000014
vehicle_012_session_01281,vehicle_012,1281,train,117.2898477095517,37.2,331.4,331.9,333.6,335.8,-74.08361229508198,35.622950819672134,1,0.02973770491803279,0.03200000000000003
vehicle_012_session_01282,vehicle_012,1282,train,118.78851957070705,64.8,349.3,350.2,353.6,357.8,-74.02131573770492,39.0,0,0.03718032786885248,0.039000000000000146
vehicle_012_session_01283,vehicle_012,1283,train,119.31875654956423,50.8,332.4,336.3,339.6,344.1,-68.78688275409837,35.77049180327869,1,0.035065573770491784,0.04100000000000037
vehicle_012_session_01284,vehicle_012,1284,train,118.41158670190715,71.2,353.8,354.6,357.7,361.8,-69.99508147540983,37.557377049180324,1,0.036311475409836064,0.03799999999999981
vehicle_012_session_01285,vehicle_012,1285,train,117.17144005009108,16.8,324.1,325.0,327.5,329.6,-70.8786855737705,35.73770491803279,1,0.028836065573770497,0.03100000000000014
vehicle_012_session_01286,vehicle_012,1286,train,119.52863146879757,66.0,349.4,350.3,353.5,357.4,-70.96229131147541,40.50819672131148,1,0.0360491803278689,0.038000000000000256
vehicle_012_session_01287,vehicle_012,1287,train,117.2379347922705,34.4,329.1,329.95,331.3,332.8,-60.614479815789466,36.14473684210526,1,0.02402630789473685,0.025000200000000028
vehicle_012_session_01288,vehicle_012,1288,train,118.23735023488561,62.0,343.3,345.4,349.475,353.6,-70.1960084,36.21333333333333,1,0.039039999999999984,0.04499999999999993
vehicle_012_session_01289,vehicle_012,1289,train,119.03749397738447,44.4,332.2,333.45000000000005,335.8,338.9,-70.01710881578947,35.81578947368421,1,0.03076315789473687,0.03500000000000014
vehicle_012_session_01290,vehicle_012,1290,train,118.56755779190206,34.0,329.1,330.0,331.4,333.3,-69.99672098360655,39.78688524590164,1,0.027409836065573772,0.02900000000000036
vehicle_012_session_01291,vehicle_012,1291,train,120.30057690713105,58.0,341.1,341.9,345.5,349.9,-69.9131113114754,42.36065573770492,1,0.03885245901639346,0.04100000000000037
vehicle_012_session_01292,vehicle_012,1292,train,115.69928045886077,18.8,325.7,326.4,328.5,330.0,-70.05902147540984,30.918032786885245,1,0.027540983606557358,0.03000000000000025
vehicle_012_session_01293,vehicle_012,1293,train,117.48807758084578,50.8,337.4,337.8,340.2,344.1,-69.97540803278689,33.885245901639344,2,0.033639344262295076,0.039000000000000146
vehicle_012_session_01294,vehicle_012,1294,train,115.7000546875,48.0,334.6,335.3,338.2,342.1,-69.98852344262295,33.049180327868854,2,0.033573770491803254,0.039000000000000146
vehicle_012_session_01295,vehicle_012,1295,train,116.99494646464646,75.2,356.8,357.5,360.8,365.0,-69.8868818032787,35.22950819672131,1,0.03668852459016392,0.03900000000000059
vehicle_012_session_01296,vehicle_012,1296,train,114.2347635484749,38.8,332.4,332.5,333.5,334.7,-45.568858032786885,32.0,0,0.020590163934426232,0.02200000000000024
vehicle_012_session_01297,vehicle_012,1297,train,117.82831796364378,24.8,328.6,328.9,330.0,331.3,-69.91146786885244,32.36065573770492,1,0.026131147540983626,0.028000000000000025
vehicle_012_session_01298,vehicle_012,1298,train,115.916469286519,30.800001,328.9,329.9,331.35,333.0,-70.11184828947368,34.39473684210526,1,0.027052634210526335,0.028999999999999915
vehicle_012_session_01299,vehicle_012,1299,train,117.33071775474426,16.8,324.6,325.75,328.4,330.0,-69.9157919736842,26.960526315789473,1,0.02747368421052631,0.029999999999999805
vehicle_012_session_01300,vehicle_012,1300,train,114.67362493055555,41.6,331.7,332.1,333.0,334.6,-45.621320491803274,34.36065573770492,1,0.021032786885245923,0.02300000000000013
vehicle_012_session_01301,vehicle_012,1301,train,115.61835835235922,31.2,330.3,330.5,331.7,333.3,-70.65246967213115,36.63934426229508,1,0.027081967213114785,0.02900000000000036
vehicle_012_session_01302,vehicle_012,1302,train,115.36769201864536,23.2,326.1,327.4,329.4,330.7,-69.69673180327868,34.967213114754095,1,0.028459016393442626,0.03299999999999992
vehicle_012_session_01303,vehicle_012,1303,train,116.22688117283954,37.6,331.4,331.7,332.8,334.6,-60.25083475409838,32.704918032786885,1,0.024639344262295085,0.026000000000000245
vehicle_012_session_01304,vehicle_012,1304,train,118.28486221340387,62.8,345.5,346.3,349.3,352.7,-60.27050819672133,36.0,0,0.03468852459016395,0.038000000000000256
vehicle_012_session_01305,vehicle_012,1305,train,114.2233980829421,7.6,319.2,320.8,323.8,326.4,-69.5065580327869,36.0,0,0.029786885245901635,0.03300000000000036
vehicle_012_session_01306,vehicle_012,1306,train,117.15150978150407,36.0,331.7,332.1,333.3,335.0,-69.51475557377049,37.77049180327869,1,0.027639344262295095,0.03000000000000025
vehicle_012_session_01307,vehicle_012,1307,train,119.58885262345676,69.2,351.3,352.1,355.0,359.1,-69.52787163934427,41.0,0,0.03611475409836068,0.038000000000000256
vehicle_012_session_01308,vehicle_012,1308,train,117.1567680441712,18.4,323.5,324.9,327.5,329.6,-69.52787163934427,39.0,0,0.02918032786885248,0.031999999999999584
vehicle_012_session_01309,vehicle_012,1309,train,115.73427716503267,43.2,333.8,334.1,335.8,338.3,-69.53606918032789,41.42622950819672,1,0.029852459016393416,0.03299999999999992
vehicle_012_session_01310,vehicle_012,1310,train,118.09263600517893,70.4,352.1,352.8,356.0,359.9,-69.54754573770492,44.0,0,0.03639344262295083,0.038000000000000256
vehicle_012_session_01311,vehicle_012,1311,train,114.8263905723906,43.2,333.8,334.1,335.7,338.3,-69.51639508196722,37.67213114754098,1,0.029491803278688486,0.03200000000000003
vehicle_012_session_01312,vehicle_012,1312,train,118.74337198733657,69.6,351.1,352.1,355.0,358.9,-69.54426672131147,40.885245901639344,1,0.03593442622950823,0.037000000000000366
vehicle_012_session_01313,vehicle_012,1313,train,112.86320215277779,39.6,332.4,332.5,333.9,335.7,-60.236069344262305,38.557377049180324,1,0.026098360655737722,0.028000000000000025
vehicle_012_session_01314,vehicle_012,1314,train,116.35851301024731,28.4,327.7,328.6,329.9,331.3,-60.04737342105263,37.473684210526315,1,0.023565789473684238,0.026000000000000245
vehicle_012_session_01315,vehicle_012,1315,train,115.52054069634708,31.2,329.2,329.95,331.4,333.0,-70.19201,36.28,1,0.027240000000000042,0.02900000000000036
vehicle_012_session_01316,vehicle_012,1316,train,115.54455609953705,35.6,328.6,330.1,331.6,333.3,-59.91200613333334,37.586666666666666,1,0.02450666666666668,0.026000000000000245
vehicle_012_session_01317,vehicle_012,1317,train,114.09137451923081,36.0,330.8,331.1,332.7,334.7,-69.79673836065572,38.09836065573771,1,0.028311475409836098,0.03100000000000014
vehicle_012_session_01318,vehicle_012,1318,train,116.62341757246384,62.0,345.2,346.1,349.6,353.6,-69.79837852459016,40.950819672131146,1,0.03873770491803279,0.041999999999999815
vehicle_012_session_01319,vehicle_012,1319,train,118.29511266133564,58.0,339.3,340.9,345.4,349.9,-70.08667226666665,38.0,0,0.040933333333333335,0.04400000000000004
vehicle_012_session_01320,vehicle_012,1320,train,120.17054854983661,2.4,312.8,314.95,317.1,318.9,-39.21867653333334,39.0,0,0.02321333333333332,0.026000000000000245
vehicle_012_session_01321,vehicle_012,1321,train,116.32658109779301,54.4,338.8,339.6,342.5,347.1,-69.88360737704919,42.377049180327866,1,0.03852459016393445,0.04200000000000026
vehicle_012_session_01322,vehicle_012,1322,train,117.44023549943886,18.4,323.5,324.95,327.74999,329.69998,-70.04473949999999,38.0,0,0.02930263157894736,0.032000099999999865
vehicle_012_session_01323,vehicle_012,1323,train,117.5008008274232,41.2,331.0,332.15,334.1375,336.8,-69.8573372,36.84,1,0.02988000000000003,0.03200000000000003
vehicle_012_session_01324,vehicle_012,1324,train,115.21384149610137,51.2,336.9,337.4,339.6,342.8,-60.252474262295095,42.16393442622951,1,0.03222950819672131,0.037000000000000366
vehicle_012_session_01325,vehicle_012,1325,train,116.50156457535121,39.6,331.1,331.7,333.6,336.0,-69.86400333333333,41.57333333333333,1,0.029613333333333363,0.03200000000000003
vehicle_012_session_01326,vehicle_012,1326,train,115.58397650551314,24.8,327.2,328.375,329.9375,331.4,-70.03467319999999,35.12,2,0.027533333333333375,0.03299999999999992
vehicle_012_session_01327,vehicle_012,1327,train,117.23105757575757,28.4,329.2,329.7,330.8,332.4,-70.82459573770491,36.0,0,0.02719672131147545,0.02900000000000036
vehicle_012_session_01328,vehicle_012,1328,train,115.47983919626591,50.8,337.4,337.8,340.5,344.4,-70.92458262295081,38.60655737704918,1,0.03591803278688522,0.04100000000000037
vehicle_012_session_01329,vehicle_012,1329,train,116.13941442129634,37.6,330.3,331.6,333.5,335.8,-70.08800786666666,31.333333333333332,1,0.028799999999999985,0.03100000000000014
vehicle_012_session_01330,vehicle_012,1330,train,116.86304699473179,20.0,326.1,326.7,328.8,330.3,-70.19837114754098,37.42622950819672,0,0.028459016393442626,0.03299999999999992
vehicle_012_session_01331,vehicle_012,1331,train,115.5281664839181,43.6,334.4,334.7,336.4,339.3,-70.25083475409835,39.42622950819672,1,0.031032786885245883,0.03400000000000025
vehicle_012_session_01332,vehicle_012,1332,train,116.73427585565472,66.8,349.7,350.5,353.8,357.7,-70.27378786885245,41.81967213114754,1,0.037393442622950836,0.039000000000000146
vehicle_012_session_01333,vehicle_012,1333,train,117.47617783224395,74.8,356.0,356.8,360.0,364.3,-69.06066180327869,37.0,0,0.037475409836065565,0.03900000000000059
vehicle_012_session_01334,vehicle_012,1334,train,115.39659697876759,25.6,327.7,328.85,330.3,331.9,-69.95921236842105,30.25,1,0.02653947368421056,0.028000000000000025
vehicle_012_session_01335,vehicle_012,1335,train,116.11996628787875,62.0,344.7,345.8,349.7,353.9,-69.65902639344262,33.81967213114754,1,0.040196721311475406,0.04600000000000026
vehicle_012_session_01336,vehicle_012,1336,train,114.61134442204303,32.0,330.3,330.5,331.6,332.8,-60.381971147540995,38.32786885245902,1,0.02427868852459017,0.026000000000000245
vehicle_012_session_01337,vehicle_012,1337,train,118.11175681818182,70.4,351.1,351.8,354.4,357.5,-56.562301967213116,36.63934426229508,1,0.033967213114754126,0.037000000000000366
vehicle_012_session_01338,vehicle_012,1338,train,114.27635839371982,29.2,329.7,329.9,330.8,331.9,-60.41966409836065,41.0655737704918,1,0.023770491803278677,0.02499999999999991
vehicle_012_session_01339,vehicle_012,1339,train,117.3048327346743,56.8,340.5,341.1,343.9,347.8,-60.457372786885244,44.01639344262295,1,0.03642622950819672,0.039000000000000146
vehicle_012_session_01340,vehicle_012,1340,train,116.83761575813183,11.2,320.0,321.1,323.2,324.9,-47.10934133333333,40.53333333333333,0,0.022226666666666686,0.02300000000000013
vehicle_012_session_01341,vehicle_012,1341,train,117.02018036997129,51.2,335.2,336.5,339.79999999999995,344.3,-69.96533506666667,42.586666666666666,1,0.037773333333333325,0.04300000000000015
vehicle_012_session_01342,vehicle_012,1342,train,117.84427380208335,54.0,336.9,338.3,342.1375,346.9,-69.9293356,38.906666666666666,1,0.0401866666666667,0.04499999999999993
vehicle_012_session_01343,vehicle_012,1343,train,114.39128776041669,51.2,336.4,336.9,339.1,342.4,-59.55738278688525,41.26229508196721,1,0.032393442622950804,0.037000000000000366
vehicle_012_session_01344,vehicle_012,1344,train,116.71464506094108,19.2,324.1,325.6,328.2375,330.0,-69.91733466666666,35.973333333333336,1,0.03004,0.03399999999999981
vehicle_012_session_01345,vehicle_012,1345,train,115.8482157738095,54.4,338.3,339.4,343.5,348.3,-69.51311606557377,38.26229508196721,1,0.04144262295081967,0.04499999999999993
vehicle_012_session_01346,vehicle_012,1346,train,116.33403347222216,46.4,334.1,334.6,335.7,337.4,-45.414756065573776,37.90163934426229,1,0.0234754098360656,0.026000000000000245
vehicle_012_session_01347,vehicle_012,1347,train,117.13069021464648,75.6,356.4,357.2,360.0,363.6,-60.534429672131154,39.16393442622951,1,0.03593442622950816,0.03700000000000081
vehicle_012_session_01348,vehicle_012,1348,train,114.40840224358973,33.2,330.2,330.5,332.1,333.8,-69.67705918032787,41.81967213114754,1,0.02836065573770494,0.03000000000000025
vehicle_012_session_01349,vehicle_012,1349,train,115.24884984864673,40.8,333.2,333.5,335.2,337.7,-70.34590786885245,39.721311475409834,1,0.030786885245901632,0.03399999999999981
vehicle_012_session_01350,vehicle_012,1350,train,118.93610139973961,72.0,354.3,355.2,358.3,362.4,-70.33771360655737,43.0,0,0.03850819672131149,0.040000000000000036
vehicle_012_session_01351,vehicle_012,1351,train,117.77848152777776,72.0,353.8,354.7,357.8,362.1,-70.08689049180329,39.0,0,0.03880327868852457,0.04099999999999948
vehicle_012_session_01352,vehicle_012,1352,train,117.64677116090155,72.4,353.6,354.3,356.9,360.3,-58.68361655737706,37.0,0,0.03449180327868851,0.03500000000000014
vehicle_012_session_01353,vehicle_012,1353,train,114.02509935897434,48.4,333.5,335.5,338.5,342.5,-69.31147196721311,33.622950819672134,1,0.03534426229508194,0.04200000000000026
vehicle_012_session_01354,vehicle_012,1354,train,116.11329955205684,44.4,332.2,333.70000000000005,336.20000000000005,339.4,-70.24079934210526,32.53947368421053,1,0.03240789473684208,0.03600000000000003
vehicle_012_session_01355,vehicle_012,1355,train,116.80488401442301,67.6,349.9,350.8,354.1,358.2,-69.9934419672131,36.57377049180328,1,0.03919672131147544,0.040999999999999925
vehicle_012_session_01356,vehicle_012,1356,train,115.09262719298246,30.4,329.9,330.2,331.1,332.4,-59.78690262295084,34.31147540983606,1,0.023934426229508227,0.026000000000000245
vehicle_012_session_01357,vehicle_012,1357,train,113.98740858585866,53.6,338.6,339.3,341.8,345.5,-59.78198540983609,37.01639344262295,0,0.035672131147541024,0.040000000000000036
vehicle_012_session_01358,vehicle_012,1358,train,117.95686540032678,75.6,356.4,357.1,359.9,363.3,-59.79837655737706,38.0,0,0.035573770491803235,0.03699999999999992
vehicle_012_session_01359,vehicle_012,1359,train,116.85073664874552,23.2,326.7,328.0,329.79999999999995,331.1,-70.01184513157895,32.01315789473684,2,0.028855263157894745,0.03500000000000014
vehicle_012_session_01360,vehicle_012,1360,train,115.34311364725471,14.8,322.2,323.75,326.6,328.9,-70.12338558441559,33.81818181818182,1,0.029610389610389583,0.03100000000000014
vehicle_012_session_01361,vehicle_012,1361,train,113.81496212705767,47.2,335.2,335.8,338.2,341.9,-70.24263475409835,32.114754098360656,1,0.034819672131147505,0.040000000000000036
vehicle_012_session_01362,vehicle_012,1362,train,115.30489735317464,18.4,323.9,325.25,328.0,329.9,-70.12000986666666,35.93333333333333,1,0.030266666666666695,0.03300000000000036
vehicle_012_session_01363,vehicle_012,1363,train,115.67581860853909,26.4,329.6,329.7,330.8,332.1,-69.73280016393441,36.16393442622951,1,0.026459016393442666,0.028000000000000025
vehicle_012_session_01364,vehicle_012,1364,train,114.52258900908124,48.0,336.4,336.9,339.1,342.5,-69.72132360655736,38.60655737704918,1,0.03429508196721309,0.039000000000000146
vehicle_012_session_01365,vehicle_012,1365,train,117.62757588975695,8.0,318.3,319.6,321.9,323.8,-47.063160789473685,37.0,0,0.024381578947368466,0.027000000000000135
vehicle_012_session_01366,vehicle_012,1366,train,117.30523169726935,73.2,353.9,354.7,357.4,361.0,-59.78034590163936,33.0,0,0.03575409836065572,0.037000000000000366
vehicle_012_session_01367,vehicle_012,1367,train,116.89106172794119,29.6,328.5,329.6,331.1,332.7,-69.90933439999999,31.48,1,0.026960000000000005,0.02900000000000036
vehicle_012_session_01368,vehicle_012,1368,train,116.90722219328705,52.4,334.7,337.29999999999995,340.8,345.5,-69.58553026315789,37.30263157894737,1,0.03910526315789475,0.04500000000000037
vehicle_012_session_01369,vehicle_012,1369,train,114.88417634803922,26.0,327.7,328.6,330.0,331.6,-70.3866612,36.32,1,0.027773333333333323,0.03100000000000014
vehicle_012_session_01370,vehicle_012,1370,train,115.23408513374487,46.4,334.9,335.3,337.1,339.7,-61.796737704918044,40.78688524590164,1,0.03003278688524588,0.03400000000000025
vehicle_012_session_01371,vehicle_012,1371,train,117.0871450757576,68.4,350.3,351.0,353.9,357.2,-61.809851803278704,43.0,0,0.03622950819672132,0.038000000000000256
vehicle_012_session_01372,vehicle_012,1372,train,116.48777141720983,11.2,320.7,322.2,324.9,327.4,-70.0560056,37.0,0,0.030159999999999975,0.03200000000000003
vehicle_012_session_01373,vehicle_012,1373,train,115.08236540277778,78.0,357.5,359.3,362.8,367.4,-70.03026513157894,37.85526315789474,1,0.03956578947368426,0.04100000000000037
vehicle_012_session_01374,vehicle_012,1374,train,113.44457303436914,21.2,328.2,328.6,329.6,330.7,-69.86229704918033,38.31147540983606,1,0.0271147540983607,0.029999999999999805
vehicle_012_session_01375,vehicle_012,1375,train,117.93404932391094,6.8,318.3,320.25,323.5375,326.0,-70.05600493333333,37.0,0,0.03205333333333332,0.03500000000000014
vehicle_012_session_01376,vehicle_012,1376,train,116.84382497645953,71.2,352.8,353.6,356.4,359.9,-60.57377770491804,41.0,0,0.03626229508196723,0.03799999999999981
vehicle_012_session_01377,vehicle_012,1377,train,115.90327012950449,60.8,344.3,345.2,348.8,353.0,-69.78198147540984,38.540983606557376,1,0.04137704918032785,0.04499999999999993
vehicle_012_session_01378,vehicle_012,1378,train,116.54526766392118,25.2,326.9,328.1,329.775,331.3,-69.9920032,40.026666666666664,1,0.028613333333333345,0.03399999999999981
vehicle_012_session_01379,vehicle_012,1379,train,114.58219899328861,24.0,326.7,328.1,329.79999999999995,331.1,-70.39999,36.828947368421055,1,0.028684210526315784,0.03399999999999981
vehicle_012_session_01380,vehicle_012,1380,train,114.97004519519521,25.6,327.1,328.1,329.5,330.7,-60.90263934210526,35.43421052631579,1,0.02519736842105265,0.028999999999999915
vehicle_012_session_01381,vehicle_012,1381,train,115.46013950737849,17.2,322.8,324.2,327.1375,329.2,-70.0973764473684,38.0,0,0.030421052631578932,0.03299999999999992
vehicle_012_session_01382,vehicle_012,1382,train,116.20692136666668,43.2,331.7,332.75,334.95,337.8,-70.02000399999999,40.18666666666667,1,0.03172000000000001,0.03500000000000014
vehicle_012_session_01383,vehicle_012,1383,train,115.56832349537041,50.8,335.3,336.0,338.3,341.8,-59.7836249180328,39.22950819672131,1,0.033704918032786864,0.039000000000000146
vehicle_012_session_01384,vehicle_012,1384,train,117.75710197368426,74.8,355.3,356.1,358.8,362.4,-59.80985311475412,40.967213114754095,1,0.0365573770491803,0.038000000000000256
vehicle_012_session_01385,vehicle_012,1385,train,116.84920470364987,10.0,320.2,321.65,324.475,327.1,-70.03733706666667,37.0,0,0.030746666666666644,0.03400000000000025
vehicle_012_session_01386,vehicle_012,1386,train,116.26606912294235,21.6,323.6,326.0,328.2,329.6,-59.4770444262295,36.0,0,0.027721311475409835,0.03200000000000003
vehicle_012_session_01387,vehicle_012,1387,train,114.15825722446233,43.6,333.5,333.9,335.3,337.5,-59.96065180327869,37.540983606557376,1,0.028393442622950824,0.03100000000000014
vehicle_012_session_01388,vehicle_012,1388,train,117.99247054398148,68.4,350.3,351.0,353.8,357.2,-59.963930819672136,39.22950819672131,1,0.036409836065573804,0.038000000000000256
vehicle_012_session_01389,vehicle_012,1389,train,116.33272766680986,19.2,324.7,325.75,328.4,330.0,-69.99079,35.776315789473685,1,0.03061842105263158,0.03500000000000014
vehicle_012_session_01390,vehicle_012,1390,train,116.31495486111112,68.0,349.3,350.0,352.7,356.0,-57.04590721311476,38.0,0,0.03616393442622955,0.039000000000000146
vehicle_012_session_01391,vehicle_012,1391,train,114.73090604095803,18.8,323.9,325.25,328.1,329.9,-69.9546688,37.93333333333333,1,0.030706666666666636,0.03400000000000025
vehicle_012_session_01392,vehicle_012,1392,train,115.54414864152473,26.8,326.7,328.70000000000005,330.25,331.7,-70.19999631578948,36.86842105263158,1,0.027671052631578968,0.03100000000000014
vehicle_012_session_01393,vehicle_012,1393,train,115.58688464236108,24.4,326.7,327.6,329.2,330.5,-60.72237315789473,33.35526315789474,1,0.025723684210526346,0.031999999999999584
vehicle_012_session_01394,vehicle_012,1394,train,116.57613464600274,22.0,325.3,326.65,329.1,330.5,-69.86973855263157,35.48684210526316,1,0.03059210526315791,0.03600000000000003
vehicle_012_session_01395,vehicle_012,1395,train,115.99077995153357,46.0,332.7,333.8,336.3,339.4,-69.99466799999999,37.52,1,0.03328,0.037000000000000366
vehicle_012_session_01396,vehicle_012,1396,train,117.15169271208711,23.6,326.4,327.45,329.65,331.0,-70.02000253333333,32.25333333333333,1,0.02946666666666669,0.0349999999999997
vehicle_012_session_01397,vehicle_012,1397,train,116.01637067561315,32.8,329.1,330.09999,331.6,333.5,-70.1592166842105,38.46052631578947,1,0.028657889473684223,0.03100000000000014
vehicle_012_session_01398,vehicle_012,1398,train,116.50354264937108,4.4,315.6,317.4,320.8,323.9,-70.01967409836065,38.885245901639344,1,0.03581967213114755,0.0389999999999997
vehicle_012_session_01399,vehicle_012,1399,train,117.5353590909091,25.6,328.0,328.9,330.0,331.1,-69.99508508196722,38.47540983606557,1,0.02726229508196721,0.029999999999999805
vehicle_012_session_01400,vehicle_012,1400,train,118.15345809220679,48.0,334.9,335.3,337.2,340.2,-69.99344655737704,40.63934426229508,1,0.032852459016393415,0.03699999999999992
vehicle_012_session_01401,vehicle_012,1401,train,113.76081767987249,46.4,335.2,335.7,337.4,340.3,-65.00491852459017,38.85245901639344,1,0.03250819672131146,0.03699999999999992
vehicle_012_session_01402,vehicle_012,1402,train,113.4225013288752,31.6,330.3,330.7,331.9,333.6,-70.03934852459015,37.704918032786885,1,0.02839344262295083,0.03000000000000025
vehicle_012_session_01403,vehicle_012,1403,train,116.44515594233475,64.0,347.7,348.5,351.9,355.8,-69.93770901639346,41.0,0,0.04091803278688524,0.04400000000000004
vehicle_012_session_01404,vehicle_012,1404,train,116.11731894841274,74.4,355.5,356.3,359.6,363.8,-70.0114813114754,43.0,0,0.0404262295081967,0.0420000000000007
vehicle_012_session_01405,vehicle_012,1405,train,116.28407458600432,57.2,339.9,340.7,344.7,349.4,-70.21476573770491,40.80327868852459,1,0.04427868852459018,0.04800000000000004
vehicle_012_session_01406,vehicle_012,1406,train,114.73283837281203,17.6,323.9,325.1,327.8,329.7,-69.87466919999999,40.333333333333336,1,0.031039999999999998,0.03400000000000025
vehicle_012_session_01407,vehicle_012,1407,train,115.9448064304671,35.2,330.19998,330.8,332.4,334.19998,-70.09210968421053,39.3421052631579,1,0.02955262631578947,0.03200000000000003
vehicle_012_session_01408,vehicle_012,1408,train,115.15710038515408,26.0,327.7,328.6,330.075,331.4,-70.01866933333334,39.2,1,0.028533333333333365,0.03200000000000003
vehicle_012_session_01409,vehicle_012,1409,train,115.2757432598039,32.0,330.3,330.7,331.4,332.8,-60.0081975409836,37.885245901639344,1,0.0247049180327869,0.02699999999999969
vehicle_012_session_01410,vehicle_012,1410,train,114.02178712606838,52.4,337.8,338.3,340.5,343.9,-60.104928032786894,40.114754098360656,1,0.035114754098360665,0.040000000000000036
vehicle_012_session_01411,vehicle_012,1411,train,115.03533740421457,40.8,333.0,333.3,334.7,337.1,-69.62296081967214,32.63934426229508,1,0.030295081967213092,0.03299999999999992
vehicle_012_session_01412,vehicle_012,1412,train,115.24902839226976,24.0,326.7,328.1,329.9,331.3,-69.92133186666666,32.84,1,0.02928000000000002,0.03600000000000003
vehicle_012_session_01413,vehicle_012,1413,train,115.95287190923318,39.6,330.7,331.9,333.85,336.3,-70.07200706666667,40.45333333333333,1,0.031173333333333327,0.03400000000000025
vehicle_012_session_01414,vehicle_012,1414,train,115.81852629697711,45.2,333.5,333.9,335.5,338.0,-60.006558032786884,37.42622950819672,1,0.0300983606557377,0.03299999999999992
vehicle_012_session_01415,vehicle_012,1415,train,113.52226753766482,42.0,331.3,332.2,334.1,336.4,-60.20820737704919,33.98360655737705,2,0.028704918032786905,0.03200000000000003
vehicle_012_session_01416,vehicle_012,1416,train,116.98768597709544,65.6,348.0,348.8,351.8,355.2,-60.36721491803278,36.78688524590164,1,0.038524590163934426,0.041999999999999815
vehicle_012_session_01417,vehicle_012,1417,train,114.93591505696939,31.2,328.5,329.1,330.19998,331.4,-49.175007394736845,32.10526315789474,1,0.021434199999999987,0.02300000000000013
vehicle_012_session_01418,vehicle_012,1418,train,115.70689626789367,27.2,327.2,328.5,329.9,331.0,-61.25867266666668,36.16,1,0.024866666666666676,0.028000000000000025
vehicle_012_session_01419,vehicle_012,1419,train,117.4934177425665,9.2,319.7,321.35,324.29999999999995,326.7,-70.00000333333334,36.0,0,0.031773333333333306,0.03500000000000014
vehicle_012_session_01420,vehicle_012,1420,train,113.89317204147639,47.2,335.7,336.3,338.5,341.8,-70.02623213114754,33.59016393442623,1,0.03554098360655735,0.040000000000000036
vehicle_012_session_01421,vehicle_012,1421,train,118.88495977463319,76.4,357.5,358.3,361.6,365.8,-70.0,36.09836065573771,1,0.04088524590163931,0.04300000000000015
vehicle_012_session_01422,vehicle_012,1422,train,115.21247478505296,18.8,324.1,325.5,328.2,329.9,-69.86133613333334,36.013333333333335,2,0.031120000000000002,0.03600000000000003
vehicle_012_session_01423,vehicle_012,1423,train,114.57619854066024,52.4,338.8,339.5,342.2,346.6,-69.84737434210527,40.44736842105263,1,0.04030263157894741,0.04600000000000026
vehicle_012_session_01424,vehicle_012,1424,train,113.52696300747863,50.4,336.9,337.4,339.7,343.3,-64.88687918032787,38.65573770491803,1,0.03663934426229508,0.04300000000000015
vehicle_012_session_01425,vehicle_012,1425,train,114.6007153420782,42.4,332.7,333.3,335.3,338.3,-71.24755639344261,36.721311475409834,1,0.0333442622950819,0.03699999999999992
vehicle_012_session_01426,vehicle_012,1426,train,116.29146382908954,25.6,327.4,328.3,329.9,331.4,-69.86447828947368,39.1578947368421,1,0.02900000000000002,0.03400000000000025
vehicle_012_session_01427,vehicle_012,1427,train,116.03066288109758,26.4,327.5,328.6,330.0,331.6,-70.02000199999999,39.77333333333333,1,0.028693333333333328,0.03200000000000003
vehicle_012_session_01428,vehicle_012,1428,train,116.64830638124315,45.600002,333.0,333.9,336.35,339.69998,-70.00131586842105,37.96052631578947,2,0.03478946973684209,0.040000000000000036
vehicle_012_session_01429,vehicle_012,1429,train,113.74690277777778,38.4,332.1,332.4,333.5,335.3,-59.847546885245904,39.868852459016395,1,0.027295081967213152,0.03000000000000025
vehicle_012_session_01430,vehicle_012,1430,train,114.57387525252526,65.2,348.0,348.8,351.4,354.6,-56.84754819672132,42.75409836065574,1,0.03731147540983607,0.041999999999999815
vehicle_012_session_01431,vehicle_012,1431,train,113.34191668536324,40.8,331.1,332.4,334.5,337.1,-69.93200253333333,35.57333333333333,1,0.03195999999999999,0.03500000000000014
vehicle_012_session_01432,vehicle_012,1432,train,116.30068168724284,76.0,355.7,357.15,360.75,365.0,-70.6520092,43.72,1,0.04185333333333329,0.043999999999999595
vehicle_012_session_01433,vehicle_012,1433,train,113.03284842414531,35.6,330.7,331.1,332.7,334.7,-69.37540721311476,35.68852459016394,1,0.02963934426229513,0.03200000000000003
vehicle_012_session_01434,vehicle_012,1434,train,114.73200080555554,17.6,323.8,324.9,327.6,329.7,-70.20922184210526,38.0,0,0.03182894736842103,0.0349999999999997
vehicle_012_session_01435,vehicle_012,1435,train,113.20742615647403,48.0,333.2,333.85,335.7,338.0,-45.24737842105264,37.39473684210526,1,0.02756578947368418,0.030999999999999694
vehicle_012_session_01436,vehicle_012,1436,train,116.18973655417298,9.2,319.9,321.65,324.65,327.1,-69.97600159999999,30.906666666666666,1,0.03153333333333331,0.03500000000000014
vehicle_012_session_01437,vehicle_012,1437,train,113.95901472677595,21.2,325.19998,326.64999,329.1,330.5,-69.9776302368421,32.88157894736842,1,0.03077632894736843,0.036999799999999805
vehicle_012_session_01438,vehicle_012,1438,train,113.51758804141778,7.2000003,319.19998,320.59999,323.5,325.69998,-62.31184568421055,30.81578947368421,1,0.030131585526315802,0.03400020000000037
vehicle_012_session_01439,vehicle_012,1439,train,115.52523881835941,72.0,353.2,355.04999999999995,358.6,362.7,-70.11334013333334,28.85333333333333,1,0.041666666666666644,0.043999999999999595
vehicle_012_session_01440,vehicle_012,1440,train,113.33806038135592,60.8,343.9,344.9,348.2,351.9,-61.33771360655739,31.65573770491803,1,0.0428032786885246,0.04600000000000026
vehicle_012_session_01441,vehicle_012,1441,train,115.59477508557137,13.2,322.2,323.95000000000005,326.7,329.1,-70.06800546666668,30.0,0,0.031106666666666626,0.03299999999999992
vehicle_012_session_01442,vehicle_012,1442,train,112.43957962962959,38.4,328.8,331.7,333.8,336.3,-69.54098688524591,34.49180327868852,1,0.03140983606557379,0.03500000000000014
vehicle_012_session_01443,vehicle_012,1443,train,114.97477908417744,25.2,327.1,328.4,330.2,331.6,-69.90533239999998,27.2,2,0.027240000000000007,0.03100000000000014
vehicle_012_session_01444,vehicle_012,1444,train,115.32952192265799,28.4,329.9,330.2,331.1,332.5,-69.99836163934427,28.737704918032787,1,0.026360655737704942,0.028000000000000025
vehicle_012_session_01445,vehicle_012,1445,train,114.64379308127576,30.4,330.5,330.8,331.9,333.6,-70.20164999999999,31.311475409836067,1,0.02727868852459018,0.028999999999999915
vehicle_012_session_01446,vehicle_012,1446,train,115.23438822115385,68.4,351.8,352.5,355.7,359.7,-70.15902475409835,35.0,0,0.038131147540983644,0.040000000000000036
vehicle_012_session_01447,vehicle_012,1447,train,111.45710460069445,47.6,336.0,336.4,338.3,341.3,-59.94754622950819,27.360655737704917,1,0.030868852459016386,0.03500000000000014
vehicle_012_session_01448,vehicle_012,1448,train,114.11580588166291,26.0,327.5,328.8,330.3,331.9,-69.97066759999998,31.96,2,0.027040000000000043,0.02900000000000036
vehicle_012_session_01449,vehicle_012,1449,train,113.0997443181818,50.8,337.1,337.7,340.2,344.3,-69.99180245901638,34.90163934426229,2,0.037032786885245896,0.04300000000000015
vehicle_012_session_01450,vehicle_012,1450,train,117.59721861111112,72.8,354.3,355.2,358.3,362.4,-69.97376786885246,36.77049180327869,1,0.03849180327868847,0.040000000000000036
vehicle_012_session_01451,vehicle_012,1451,train,115.45194433760685,68.4,350.8,351.6,354.4,357.7,-59.68525590163935,32.0,0,0.035786885245901685,0.03799999999999981
vehicle_012_session_01452,vehicle_012,1452,train,113.95921464666316,30.8,328.6,330.1,331.7,333.5,-70.05733826666666,25.48,1,0.027640000000000036,0.03000000000000025
vehicle_012_session_01453,vehicle_012,1453,train,114.27551943108973,32.4,331.1,331.4,332.4,334.1,-70.14099180327868,26.81967213114754,1,0.02742622950819672,0.03000000000000025
vehicle_012_session_01454,vehicle_012,1454,train,113.57019055762855,39.2,332.4,332.8,334.1,336.0,-60.19181360655739,27.65573770491803,1,0.02657377049180328,0.028999999999999915
vehicle_012_session_01455,vehicle_012,1455,train,115.8453794070513,66.0,349.7,350.3,353.3,356.8,-60.237718688524595,30.34426229508197,1,0.03588524590163939,0.038000000000000256
vehicle_012_session_01456,vehicle_012,1456,train,115.67652594170872,50.0,334.6,336.4,339.7,344.3,-69.64869289473683,26.5,1,0.03673684210526316,0.04300000000000015
vehicle_012_session_01457,vehicle_012,1457,train,113.32386654040405,2.8,315.6,317.5,320.7,323.5,-59.762305901639344,30.934426229508198,1,0.03075409836065578,0.03299999999999992
vehicle_012_session_01458,vehicle_012,1458,train,113.37332007575758,24.8,328.9,329.1,329.9,330.8,-59.87868557377049,31.295081967213115,1,0.022803278688524584,0.02400000000000002
vehicle_012_session_01459,vehicle_012,1459,train,118.83635604745373,51.2,336.9,337.4,339.4,342.4,-59.813130163934446,34.14754098360656,1,0.03134426229508192,0.03600000000000003
vehicle_012_session_01460,vehicle_012,1460,train,111.5748333109319,41.6,330.3,333.0,334.7,336.8,-58.13607236065575,27.540983606557376,1,0.027032786885245894,0.03000000000000025
vehicle_012_session_01461,vehicle_012,1461,train,114.01485157952068,66.8,348.9,349.6,352.4,355.5,-56.92787311475409,30.59016393442623,1,0.034557377049180334,0.03799999999999981
vehicle_012_session_01462,vehicle_012,1462,train,114.7294372379455,32.0,330.5,330.8,332.1,333.9,-70.05574213114754,29.557377049180328,1,0.027885245901639388,0.03000000000000025
vehicle_012_session_01463,vehicle_012,1463,train,113.10878246753248,46.0,335.7,336.1,338.3,341.4,-69.68033786885246,28.39344262295082,1,0.03368852459016393,0.039000000000000146
vehicle_012_session_01464,vehicle_012,1464,train,119.37883311546847,77.2,358.6,359.3,362.7,366.8,-69.68361672131147,31.39344262295082,1,0.038885245901639366,0.041999999999999815
vehicle_012_session_01465,vehicle_012,1465,train,115.21083405854428,27.2,327.7,328.9,330.5,332.1,-70.40789026315788,33.9078947368421,2,0.02756578947368425,0.029999999999999805
vehicle_012_session_01466,vehicle_012,1466,train,116.64374633123693,70.0,352.5,353.3,356.4,360.5,-70.08852918032788,33.0,0,0.03927868852459015,0.04100000000000037
vehicle_012_session_01467,vehicle_012,1467,train,114.34086811247722,50.8,335.0,336.8,340.2,344.9,-69.6819781967213,23.639344262295083,1,0.03752459016393444,0.04400000000000004
vehicle_012_session_01468,vehicle_012,1468,train,116.7795210193453,75.2,357.2,358.0,361.3,365.5,-69.85246393442623,26.18032786885246,1,0.0385245901639344,0.040000000000000036
vehicle_012_session_01469,vehicle_012,1469,train,111.62327591765869,50.8,337.4,337.7,339.9,343.5,-60.018039344262306,30.0327868852459,2,0.03434426229508196,0.040000000000000036
vehicle_012_session_01470,vehicle_012,1470,train,115.99152462705763,73.2,354.9,355.5,358.3,361.8,-60.059020819672135,32.0,0,0.03573770491803282,0.038000000000000256
vehicle_012_session_01471,vehicle_012,1471,train,113.93907561728403,50.0,336.3,336.8,338.9,342.4,-60.25739278688526,30.672131147540984,1,0.033393442622950784,0.038000000000000256
vehicle_012_session_01472,vehicle_012,1472,train,114.39274441807315,31.2,328.9,329.95,331.6,333.3,-69.9586668,29.933333333333334,2,0.027666666666666687,0.02900000000000036
vehicle_012_session_01473,vehicle_012,1473,train,116.65132777777777,59.6,341.0,343.1,347.875,352.4,-70.22001399999999,31.986666666666668,2,0.044000000000000004,0.04800000000000004
vehicle_012_session_01474,vehicle_012,1474,train,115.73553457207211,53.2,336.0,337.75,341.475,346.4,-69.5693392,29.573333333333334,1,0.040453333333333355,0.04600000000000026
vehicle_012_session_01475,vehicle_012,1475,train,114.66714619557055,20.4,325.2,326.65,329.1,330.5,-69.08000773333333,28.266666666666666,1,0.029199999999999993,0.03399999999999981
vehicle_012_session_01476,vehicle_012,1476,train,112.9869957388511,26.8,327.7,328.70000000000005,330.0,331.6,-61.07763842105263,28.894736842105264,1,0.02423684210526319,0.026000000000000245
vehicle_012_session_01477,vehicle_012,1477,train,113.23809005503149,50.4,337.1,337.7,340.2,344.3,-70.09509081967214,31.950819672131146,2,0.037688524590163926,0.04400000000000004
vehicle_012_session_01478,vehicle_012,1478,train,116.56204450789927,44.4,329.6,329.69998,329.9,330.19998,-5.351323103947369,30.026315789473685,0,0.010328955263158019,0.01200000000000001
vehicle_012_session_01479,vehicle_012,1479,train,115.64798338675216,64.0,347.5,348.5,351.9,356.0,-69.79518016129032,33.645161290322584,1,0.040419354838709676,0.04499999999999993
vehicle_012_session_01480,vehicle_012,1480,train,113.62252322048614,41.2,332.7,333.0,334.4,336.4,-60.18197721311476,34.9344262295082,1,0.027655737704918023,0.030999999999999694
vehicle_012_session_01481,vehicle_012,1481,train,117.23533794398911,67.2,349.4,350.2,353.0,356.4,-60.20984704918033,37.868852459016395,1,0.0366393442622951,0.040000000000000036
vehicle_012_session_01482,vehicle_012,1482,train,114.23777761243387,45.6,332.5,333.6,335.8,338.6,-60.07705901639345,33.50819672131148,1,0.030327868852459017,0.03399999999999981
vehicle_012_session_01483,vehicle_012,1483,train,116.60819980506824,71.2,352.8,353.5,356.1,359.3,-56.61475950819672,35.721311475409834,1,0.03521311475409836,0.03699999999999992
vehicle_012_session_01484,vehicle_012,1484,train,114.64851473290597,54.4,336.8,338.5,342.4,347.4,-69.84426918032787,33.21311475409836,2,0.04183606557377047,0.04599999999999982
vehicle_012_session_01485,vehicle_012,1485,train,112.84028328703705,36.8,333.0,333.3,334.7,336.9,-70.03606885245902,25.950819672131146,2,0.028983606557377046,0.03200000000000003
vehicle_012_session_01486,vehicle_012,1486,train,115.91067482112798,67.2,351.4,352.4,355.5,359.6,-70.0262326229508,29.868852459016395,1,0.038540983606557416,0.040000000000000036
vehicle_012_session_01487,vehicle_012,1487,train,114.22410162927346,40.8,333.8,334.1,335.7,338.3,-70.10820262295083,28.508196721311474,1,0.030557377049180295,0.03400000000000025
vehicle_012_session_01488,vehicle_012,1488,train,114.46486226240604,8.400001,319.9,321.6,324.65,327.2,-70.0160012,28.0,0,0.032226666666666584,0.03600000000000003
vehicle_012_session_01489,vehicle_012,1489,train,112.23090738514959,36.0,331.4,331.9,333.5,335.7,-70.04754508196723,26.639344262295083,1,0.02931147540983607,0.03200000000000003
vehicle_012_session_01490,vehicle_012,1490,train,114.44844142759563,70.8,353.0,354.7,358.3,362.5,-70.21476278688525,25.950819672131146,1,0.039672131147540944,0.04100000000000037
vehicle_012_session_01491,vehicle_012,1491,train,113.28623809523812,28.4,330.5,330.7,331.7,333.2,-70.29018295081967,28.885245901639344,1,0.027049180327868887,0.02900000000000036
vehicle_012_session_01492,vehicle_012,1492,train,115.01738665674611,51.2,338.2,338.8,341.3,345.3,-70.26722983606557,31.639344262295083,1,0.03770491803278691,0.04300000000000015
vehicle_012_session_01493,vehicle_012,1493,train,118.62200054466227,74.0,355.8,356.6,359.9,363.9,-70.38524360655738,33.950819672131146,1,0.03955737704918028,0.04100000000000037
vehicle_012_session_01494,vehicle_012,1494,train,113.4285924831081,54.4,339.3,339.7,342.4,346.4,-59.501639508196725,28.688524590163933,1,0.038065573770491856,0.04200000000000026
vehicle_012_session_01495,vehicle_012,1495,train,111.86700598290598,53.2,338.5,339.3,341.8,345.8,-60.15246901639345,25.475409836065573,1,0.03788524590163935,0.04300000000000015
