segment_id,vehicle,session_index,split,proxy_capacity_ah,soc_start,voltage_start,voltage_60,voltage_300,voltage_600,current_mean,tmax_mean,temperature_rise,cell_gap_mean,cell_gap_max
vehicle_005_session_00001,vehicle_005,1,train,133.9646675482663,10.8,321.4,322.5,324.4,326.1,-44.554676666666666,36.0,0,0.015199999999999972,0.016999999999999904
vehicle_005_session_00002,vehicle_005,2,train,133.1379364963108,41.6,332.1,332.8,334.29999999999995,336.4,-52.200010000000006,41.0,0,0.01864473684210529,0.020000000000000018
vehicle_005_session_00003,vehicle_005,3,train,135.43094150474957,22.4,328.0,329.1,330.375,331.6,-74.75334813333332,35.04,2,0.024413333333333356,0.026000000000000245
vehicle_005_session_00004,vehicle_005,4,train,134.0642199096548,35.6,329.4,330.3,331.3,332.4,-39.12632605263158,37.0,0,0.013736842105263188,0.015000000000000124
vehicle_005_session_00005,vehicle_005,5,train,134.17748412500003,41.6,332.8,333.8,336.0,339.3,-71.17734333333333,37.333333333333336,1,0.024679999999999976,0.026000000000000245
vehicle_005_session_00006,vehicle_005,6,train,133.96183967126626,37.6,333.3,333.6,335.1,337.4,-74.34211263157894,31.57894736842105,1,0.025249999999999977,0.026000000000000245
vehicle_005_session_00007,vehicle_005,7,train,132.35877932098765,11.6,321.4,323.1,324.9,326.6,-44.85527315789474,36.0,0,0.015592105263157895,0.017000000000000348
vehicle_005_session_00008,vehicle_005,8,train,135.946487795398,72.8,356.4,357.9,361.35,365.7,-69.949995,38.973684210526315,1,0.026289473684210554,0.027000000000000135
vehicle_005_session_00009,vehicle_005,9,train,138.12844394736845,61.6,347.2,348.85,352.275,356.3,-74.68267706666667,36.96,1,0.02652,0.028000000000000025
vehicle_005_session_00010,vehicle_005,10,train,132.20141708842354,17.6,326.1,327.6,329.29999999999995,330.5,-70.20790710526315,29.61842105263158,1,0.02292105263157897,0.02400000000000002
vehicle_005_session_00011,vehicle_005,11,train,134.34854577978166,19.2,326.9,328.25,329.7,331.0,-73.48684065789473,28.973684210526315,1,0.023736842105263178,0.025000000000000355
vehicle_005_session_00012,vehicle_005,12,train,134.65501256330575,27.2,328.8,330.0,331.4,332.8,-74.04210934210526,33.25,1,0.02450000000000002,0.026000000000000245
vehicle_005_session_00013,vehicle_005,13,train,133.88035386574074,38.8,330.8,331.4,332.7,334.1,-44.600010000000005,34.0,0,0.015763157894736864,0.017999999999999794
vehicle_005_session_00014,vehicle_005,14,train,132.11924304835924,22.4,326.4,327.7,328.8,329.7,-44.860526842105266,29.776315789473685,1,0.014881578947368454,0.016999999999999904
vehicle_005_session_00015,vehicle_005,15,train,133.27554397119343,20.4,326.0,326.79999999999995,328.0,328.8,-45.20267693333334,34.96,1,0.015093333333333323,0.016999999999999904
vehicle_005_session_00016,vehicle_005,16,train,131.55550373134326,22.8,326.0,326.4,327.1,327.7,-22.44,36.0,0,0.008559999999999957,0.009999999999999787
vehicle_005_session_00017,vehicle_005,17,train,132.61968181075463,8.0,320.0,321.1,323.075,324.9,-45.119746842105265,35.44736842105263,0,0.015631578947368413,0.017000000000000348
vehicle_005_session_00018,vehicle_005,18,train,136.53270849756007,40.4,330.5,331.05,331.9,332.7,-26.074676666666672,36.0,0,0.010440000000000022,0.01200000000000001
vehicle_005_session_00019,vehicle_005,19,train,131.6417392578125,26.4,327.7,328.3,329.2,330.0,-45.10395736842106,36.35526315789474,1,0.015078947368421063,0.017000000000000348
vehicle_005_session_00020,vehicle_005,20,train,136.70946747685187,51.6,338.3,339.6,341.8,344.1,-45.100009868421054,33.51315789473684,1,0.01740789473684213,0.020000000000000018
vehicle_005_session_00021,vehicle_005,21,train,134.91229358407082,49.6,334.9,335.7,337.2,338.9,-26.021062631578953,41.973684210526315,0,0.014947368421052598,0.016999999999999904
vehicle_005_session_00022,vehicle_005,22,train,135.20936557328605,24.4,326.4,326.9,327.5,328.2,-26.002631842105263,38.44736842105263,-1,0.009513157894736805,0.01100000000000012
vehicle_005_session_00023,vehicle_005,23,train,136.01560072345285,4.8,317.8,318.8625,321.1,323.0,-45.100010000000005,44.0,0,0.017210526315789496,0.019000000000000128
vehicle_005_session_00024,vehicle_005,24,train,133.88522792792793,9.2,322.4,322.75,324.15,325.7,-45.19737842105264,38.0,0,0.015802631578947388,0.017000000000000348
vehicle_005_session_00025,vehicle_005,25,train,135.0916822777778,47.6,335.3,335.75,336.6,337.8,-22.600010000000008,41.0,0,0.01334210526315788,0.01599999999999957
vehicle_005_session_00026,vehicle_005,26,train,135.79317776741294,68.0,350.5,351.35,352.5,353.8,-22.615799605263156,34.61842105263158,-1,0.012460526315789491,0.014000000000000234
vehicle_005_session_00027,vehicle_005,27,train,136.86445710125446,50.0,336.1,337.45,340.5,343.2,-50.722381447368434,41.0,0,0.01999999999999999,0.02200000000000024
vehicle_005_session_00028,vehicle_005,28,train,135.77801280791405,14.8,327.2,327.45,328.675,329.9,-73.50400040000001,38.0,0,0.024773333333333376,0.027000000000000135
vehicle_005_session_00029,vehicle_005,29,train,133.77505533818876,46.0,334.4,336.0,339.35,343.5,-74.4240024,39.16,2,0.026719999999999976,0.028999999999999915
vehicle_005_session_00030,vehicle_005,30,train,133.81141657229347,21.2,326.7,328.1,329.5,330.8,-70.79210631578948,41.19736842105263,1,0.023644736842105284,0.02499999999999991
vehicle_005_session_00031,vehicle_005,31,train,126.22489151016262,9.6,319.4,321.15,323.4,325.0,-37.22532829733334,33.0,0,0.01376,0.015000000000000124
vehicle_005_session_00032,vehicle_005,32,train,136.89682034650633,44.8,333.9,334.15,335.2,336.6,-39.81868106666668,35.92,1,0.014986666666666669,0.016999999999999904
vehicle_005_session_00033,vehicle_005,33,train,135.87209206276972,17.2,324.2,325.2,327.1,328.3,-50.81317289473685,37.0,0,0.017276315789473664,0.018000000000000238
vehicle_005_session_00034,vehicle_005,34,train,135.19954185707888,37.6,331.4,332.4,334.2,336.6,-70.0,36.75,1,0.024000000000000004,0.025000000000000355
vehicle_005_session_00035,vehicle_005,35,train,133.7866410124799,67.2,352.2,353.85,357.29999999999995,361.6,-74.2842252631579,35.75,1,0.02775,0.02900000000000036
vehicle_005_session_00036,vehicle_005,36,train,135.30300215713905,16.8,323.8,326.5,328.8,330.0,-73.89474460526316,34.9078947368421,1,0.02438157894736845,0.026000000000000245
vehicle_005_session_00037,vehicle_005,37,train,135.2501654562932,28.8,329.1,330.0,331.4,332.8,-70.1289542105263,35.19736842105263,2,0.023486842105263184,0.025000000000000355
vehicle_005_session_00038,vehicle_005,38,train,136.495692989418,40.8,332.2,333.4,335.3888888888889,338.3,-69.94932826666667,35.026666666666664,1,0.024333333333333294,0.0259999999999998
vehicle_005_session_00039,vehicle_005,39,train,134.43296176001826,75.2,358.6,359.65,362.15,365.2,-50.10658855263158,37.0,0,0.0214473684210526,0.02400000000000002
vehicle_005_session_00040,vehicle_005,40,train,132.30275803539428,32.4,329.9,330.9,332.4,334.1,-69.9960522368421,37.93421052631579,1,0.02376315789473686,0.025000000000000355
vehicle_005_session_00041,vehicle_005,41,train,137.2959884488974,47.2,333.9,334.9,336.9,339.9,-45.10395736842106,37.0,0,0.018421052631578935,0.020999999999999908
vehicle_005_session_00042,vehicle_005,42,train,135.4485404033688,24.4,326.9,327.7,328.6,329.6,-45.114483684210526,36.48684210526316,1,0.01502631578947373,0.016000000000000014
vehicle_005_session_00043,vehicle_005,43,train,135.4206326370321,24.8,328.3,329.2,330.6,331.9,-73.94078921052632,39.05263157894737,1,0.024552631578947375,0.026000000000000245
vehicle_005_session_00044,vehicle_005,44,train,136.25567832283593,30.8,329.6,330.4,331.7,333.3,-70.7533492,39.8,1,0.023933333333333362,0.025000000000000355
vehicle_005_session_00045,vehicle_005,45,train,133.45173409090907,40.0,331.1,331.7,333.2,334.7,-45.118676666666666,37.0,0,0.01645333333333337,0.018000000000000238
vehicle_005_session_00046,vehicle_005,46,train,133.03272463061467,16.8,323.9,324.79999999999995,326.5,327.7,-45.0080008,36.0,0,0.015746666666666607,0.017000000000000348
vehicle_005_session_00047,vehicle_005,47,train,138.1446693287037,54.0,338.6,339.4,341.0,342.4,-26.117343333333338,36.61333333333334,-1,0.014560000000000007,0.016999999999999904
vehicle_005_session_00048,vehicle_005,48,train,132.6697434126984,16.0,323.6,324.5,326.20000000000005,327.5,-45.037337066666666,38.0,0,0.01565333333333329,0.016999999999999904
vehicle_005_session_00049,vehicle_005,49,train,132.94540779602596,26.4,326.6,327.2,328.0,328.5,-25.997378421052638,36.0,0,0.0094736842105263,0.01100000000000012
vehicle_005_session_00050,vehicle_005,50,train,136.33492813492063,43.6,333.2,334.5,337.1,341.0,-70.43288855263158,34.05263157894737,1,0.02496052631578947,0.027000000000000135
vehicle_005_session_00051,vehicle_005,51,train,133.73961963167213,51.2,337.8,340.04999999999995,344.0,347.7,-70.76710671052632,31.263157894736842,1,0.025592105263157916,0.028000000000000025
vehicle_005_session_00052,vehicle_005,52,train,133.62789344457306,13.2,323.3,324.65,327.2,328.9,-69.87599826666667,37.0,0,0.02353333333333333,0.02499999999999991
vehicle_005_session_00053,vehicle_005,53,train,136.69100491622578,49.2,335.2,336.1,338.4,341.1,-40.21185328947369,38.0,0,0.018684210526315755,0.020999999999999908
vehicle_005_session_00054,vehicle_005,54,train,134.5371433418151,46.8,333.3,334.6,336.4,338.8,-40.044747105263156,36.0,0,0.017092105263157863,0.020000000000000018
vehicle_005_session_00055,vehicle_005,55,train,134.4247630081301,17.6,325.5,326.79999999999995,328.8,330.0,-70.92367657894737,34.89473684210526,1,0.023421052631578957,0.025000000000000355
vehicle_005_session_00056,vehicle_005,56,train,132.1809705246914,3.6,317.5,318.6,321.1,323.0,-44.98552486842105,32.671052631578945,0,0.017434210526315816,0.020000000000000018
vehicle_005_session_00057,vehicle_005,57,train,136.17719789476982,55.2,342.7,343.2,344.95,347.4,-44.9039377631579,36.0,0,0.018210526315789483,0.019000000000000128
vehicle_005_session_00058,vehicle_005,58,train,133.26191282753436,21.2,327.1,328.5,329.9,331.0,-74.09734066666665,35.0,0,0.024333333333333353,0.026000000000000245
vehicle_005_session_00059,vehicle_005,59,train,133.4059383027523,12.4,322.4,323.55,325.7,327.4,-51.04079434210527,34.0,0,0.01726315789473681,0.018000000000000238
vehicle_005_session_00060,vehicle_005,60,train,133.61844963312367,45.2,333.2,334.0,335.8,338.2,-45.01315921052632,36.06578947368421,1,0.01806578947368419,0.020999999999999908
vehicle_005_session_00061,vehicle_005,61,train,131.7211218495935,66.8,351.1,352.0,354.3,356.8,-45.01184328947369,36.80263157894737,1,0.019671052631578943,0.02100000000000035
vehicle_005_session_00062,vehicle_005,62,train,137.8339032785791,58.0,342.4,344.20000000000005,346.5,348.9,-44.93948368421053,32.71052631578947,1,0.018328947368421056,0.020000000000000018
vehicle_005_session_00063,vehicle_005,63,train,132.9755309744624,37.6,332.5,332.7,333.6,335.2,-50.58158710526317,33.86842105263158,1,0.018210526315789496,0.020000000000000018
vehicle_005_session_00064,vehicle_005,64,train,133.27547026575857,41.2,331.0,332.4,333.8,335.3,-44.88290473684211,36.69736842105263,1,0.01678947368421053,0.018000000000000238
vehicle_005_session_00065,vehicle_005,65,train,133.8160667582418,26.8,328.0,329.7,331.1,332.7,-72.58947723684211,34.48684210526316,1,0.024131578947368462,0.026000000000000245
vehicle_005_session_00066,vehicle_005,66,train,137.01776281111114,49.6,335.7,336.9,339.9,342.8,-50.558672533333336,39.0,0,0.021519999999999987,0.02400000000000002
vehicle_005_session_00067,vehicle_005,67,train,133.42691523003475,35.6,330.2,331.1,332.4,333.8,-50.80395434210527,31.855263157894736,1,0.01814473684210528,0.020000000000000018
vehicle_005_session_00068,vehicle_005,68,train,134.1511055337177,35.2,329.7,330.3,331.4,332.5,-45.200010000000006,39.0,0,0.0163866666666667,0.018000000000000238
vehicle_005_session_00069,vehicle_005,69,train,135.2392919849537,50.8,336.4,337.6,340.3,343.0,-44.52763434210526,38.75,1,0.020315789473684186,0.02300000000000013
vehicle_005_session_00070,vehicle_005,70,train,132.93818561208823,20.0,326.9,328.3,329.9,331.1,-75.04605710526316,33.78947368421053,1,0.02457894736842106,0.026000000000000245
vehicle_005_session_00071,vehicle_005,71,train,131.78204050783918,17.6,323.3,324.1,325.2,326.1,-25.910668400000002,37.0,0,0.012733333333333322,0.014000000000000234
vehicle_005_session_00072,vehicle_005,72,train,135.70122343855223,33.6,329.6,330.1,331.20000000000005,332.4,-50.77896473684212,37.0,0,0.018105263157894763,0.019000000000000128
vehicle_005_session_00073,vehicle_005,73,train,136.18197969292535,48.4,335.0,336.1,338.85,341.9,-50.44605092105263,37.0,0,0.02156578947368422,0.02400000000000002
vehicle_005_session_00074,vehicle_005,74,train,138.30570173286603,56.8,342.7,344.5,347.8,351.6,-70.44533373333334,37.92,1,0.026946666666666636,0.028999999999999915
vehicle_005_session_00075,vehicle_005,75,train,134.4467659673087,14.8,324.1,325.4,328.0,329.7,-74.70934520000002,40.81333333333333,1,0.025373333333333338,0.027000000000000135
vehicle_005_session_00076,vehicle_005,76,train,132.7867275914246,12.4,323.3,324.5,327.29999999999995,329.1,-74.75201186666668,37.946666666666665,1,0.02525333333333334,0.026000000000000245
vehicle_005_session_00077,vehicle_005,77,train,132.1762674212073,15.2,324.1,325.4,328.0,329.6,-73.69343144736843,39.39473684210526,1,0.024697368421052624,0.026000000000000245
vehicle_005_session_00078,vehicle_005,78,train,135.5363602851431,46.8,333.2,333.8,334.9,336.3,-25.836009199999992,33.0,0,0.01368000000000001,0.015000000000000124
vehicle_005_session_00079,vehicle_005,79,train,133.32204964453126,22.0,324.4,325.95000000000005,327.575,328.5,-37.33466675066667,36.0,0,0.013333333333333357,0.016000000000000014
vehicle_005_session_00080,vehicle_005,80,train,133.9534171754308,24.8,328.0,329.15,330.4,331.7,-70.5631635526316,37.93421052631579,1,0.02382894736842107,0.026000000000000245
vehicle_005_session_00081,vehicle_005,81,train,132.43185129896077,34.8,329.6,330.2,331.3,332.4,-44.99868407894737,33.43421052631579,1,0.01650000000000003,0.018000000000000238
vehicle_005_session_00082,vehicle_005,82,train,131.77990503003002,35.6,328.6,330.3,331.4,332.7,-44.67500039473684,33.0,0,0.016289473684210572,0.018000000000000238
vehicle_005_session_00083,vehicle_005,83,train,133.16941265571205,13.6,321.0,322.45,324.6,326.1,-37.34604984078947,34.0,0,0.01447368421052631,0.016000000000000014
vehicle_005_session_00084,vehicle_005,84,train,132.06594628810228,4.0,317.2,318.20000000000005,320.4,322.2,-39.30935053333335,38.0,0,0.016600000000000018,0.018000000000000238
vehicle_005_session_00085,vehicle_005,85,train,132.18270615740747,49.2,337.2,337.5,339.3,341.4,-39.30002000000002,40.0,0,0.01942105263157894,0.021999999999999797
vehicle_005_session_00086,vehicle_005,86,train,135.6316948806539,53.6,337.2,339.0,342.0,344.3,-37.22763334473686,34.98684210526316,0,0.01982894736842107,0.02300000000000013
vehicle_005_session_00087,vehicle_005,87,train,130.37674793657115,25.2,328.2,329.1,330.2,331.3,-60.022668933333335,33.0,0,0.020373333333333358,0.02200000000000024
vehicle_005_session_00088,vehicle_005,88,train,136.71711935107376,4.4,316.9,318.1,320.7,322.8,-45.09201,31.0,0,0.01740000000000002,0.019000000000000128
vehicle_005_session_00089,vehicle_005,89,train,138.65759312500003,55.6,340.7,342.2,344.79999999999995,347.5,-50.45789052631579,37.0,0,0.021513157894736873,0.02300000000000013
vehicle_005_session_00090,vehicle_005,90,train,131.60569447548107,28.0,328.9,330.3,331.7,333.3,-70.45466853333333,31.346666666666668,1,0.023706666666666727,0.026000000000000245
vehicle_005_session_00091,vehicle_005,91,train,135.61830885416668,54.8,341.4,343.55,347.0,350.8,-70.54868907894738,33.921052631578945,1,0.02742105263157892,0.029999999999999805
vehicle_005_session_00092,vehicle_005,92,train,134.36549654239766,23.6,327.8,328.85,330.2,331.4,-71.19201199999999,32.44,1,0.023746666666666687,0.025000000000000355
vehicle_005_session_00093,vehicle_005,93,train,132.69229449732094,14.0,323.5,324.9,327.4,329.1,-69.9759976,36.0,0,0.02365333333333334,0.025000000000000355
vehicle_005_session_00094,vehicle_005,94,train,131.35731924539985,23.6,325.3,326.75,328.2,328.9,-37.370657226666665,34.0,0,0.013546666666666662,0.015000000000000124
vehicle_005_session_00095,vehicle_005,95,train,132.1893920374294,18.8,326.0,327.29999999999995,329.1,330.3,-70.22134599999998,34.92,1,0.02374666666666668,0.025000000000000355
vehicle_005_session_00096,vehicle_005,96,train,131.47648822222226,17.2,325.5,326.79999999999995,328.9,330.3,-74.41446828947369,36.01315789473684,1,0.025315789473684215,0.026000000000000245
vehicle_005_session_00097,vehicle_005,97,train,133.75897650462963,53.2,338.8,340.2,342.875,345.7,-50.0840084,41.0,0,0.022626666666666656,0.0259999999999998
vehicle_005_session_00098,vehicle_005,98,train,132.42259669665407,10.8,320.0,322.1,323.9,325.8,-44.92895605263159,38.0,0,0.016092105263157904,0.018000000000000238
vehicle_005_session_00099,vehicle_005,99,train,137.28028636122883,52.4,338.6,340.6,344.35,348.2,-70.55658460526317,38.44736842105263,1,0.028407894736842125,0.03200000000000003
vehicle_005_session_00100,vehicle_005,100,train,135.17969285424059,24.4,327.4,328.0,328.8,329.6,-45.02895026315789,37.53947368421053,1,0.01573684210526316,0.017000000000000348
vehicle_005_session_00101,vehicle_005,101,train,135.92985883403784,44.4,333.6,334.79999999999995,337.45,341.6,-70.29475526315788,36.1578947368421,2,0.027249999999999972,0.03000000000000025
vehicle_005_session_00102,vehicle_005,102,train,135.6708209666667,49.6,335.8,337.0,339.9375,343.0,-50.72001200000001,36.0,0,0.023373333333333322,0.0259999999999998
vehicle_005_session_00103,vehicle_005,103,train,128.7790838671875,29.2,327.2,328.5444444444445,329.9,330.8,-37.513325280000004,34.973333333333336,0,0.013933333333333327,0.016000000000000014
vehicle_005_session_00104,vehicle_005,104,train,132.4714735479798,39.2,332.1,333.0,335.1,338.0,-74.31054263157894,34.921052631578945,2,0.027210526315789463,0.028999999999999915
vehicle_005_session_00105,vehicle_005,105,train,130.92575463907787,2.4,316.0,317.1,319.15,321.4,-40.30131831168833,37.0,0,0.017597402597402608,0.019000000000000128
vehicle_005_session_00106,vehicle_005,106,train,137.95978529483435,54.0,340.3,342.15,345.7,349.6,-70.08290289473685,38.0,0,0.02838157894736841,0.03200000000000003
vehicle_005_session_00107,vehicle_005,107,train,133.45339499532588,16.4,323.9,324.79999999999995,326.6,327.8,-46.460006000000014,38.0,0,0.016999999999999987,0.018000000000000238
vehicle_005_session_00108,vehicle_005,108,train,137.1064037934839,56.8,342.8,344.95,348.5,352.4,-73.86266786666667,38.053333333333335,1,0.02978666666666664,0.03200000000000003
vehicle_005_session_00109,vehicle_005,109,train,138.75983365324598,64.0,349.3,351.05,354.4,358.6,-74.03421394736843,38.13157894736842,1,0.031131578947368423,0.03300000000000036
vehicle_005_session_00110,vehicle_005,110,train,134.1455754142993,29.2,329.1,330.0125,331.4,332.8,-70.00533386666667,37.46666666666667,1,0.024533333333333365,0.026000000000000245
vehicle_005_session_00111,vehicle_005,111,train,134.53917874149664,53.2,338.5,339.65,342.15,344.4,-39.80002000000002,35.0,0,0.0211578947368421,0.02400000000000002
vehicle_005_session_00112,vehicle_005,112,train,131.30410649463386,20.4,324.9,325.5,326.4,327.1,-26.104010000000006,36.0,0,0.011453333333333274,0.014000000000000234
vehicle_005_session_00113,vehicle_005,113,train,131.32820180873273,18.4,323.3,324.9,326.65,327.7,-37.773685263157894,32.0,0,0.015368421052631557,0.017000000000000348
vehicle_005_session_00114,vehicle_005,114,train,128.60370055654062,21.2,325.2,326.54999999999995,328.0,328.6,-37.5520084,32.10666666666667,1,0.013520000000000044,0.015000000000000124
vehicle_005_session_00115,vehicle_005,115,train,135.086790687422,28.4,326.9,328.55,329.6,330.5,-44.907905921052645,34.0,0,0.016118421052631598,0.017000000000000348
vehicle_005_session_00116,vehicle_005,116,train,136.53145065476198,57.6,343.0,344.20000000000005,346.5,349.1,-45.200010000000006,34.0,0,0.021381578947368387,0.02300000000000013
vehicle_005_session_00117,vehicle_005,117,train,134.1099372544643,43.6,333.5,334.9,337.75,342.1,-74.10400880000002,29.72,1,0.028453333333333303,0.03200000000000003
vehicle_005_session_00118,vehicle_005,118,train,133.7817611414694,26.4,328.5,329.6,330.9,332.4,-70.76268226666666,32.78666666666667,1,0.024320000000000015,0.026000000000000245
vehicle_005_session_00119,vehicle_005,119,train,134.07786382700772,18.8,326.0,327.29999999999995,329.15,330.5,-73.63158855263157,36.0,0,0.025328947368421062,0.027000000000000135
vehicle_005_session_00120,vehicle_005,120,train,130.39566383641977,8.8,321.7,323.25,326.1,328.3,-74.13685052631577,36.94736842105263,1,0.025434210526315774,0.027000000000000135
vehicle_005_session_00121,vehicle_005,121,train,130.36025236369906,22.8,327.2,328.2,329.4,330.5,-59.98133186666667,35.48,1,0.020640000000000013,0.02200000000000024
vehicle_005_session_00122,vehicle_005,122,train,130.86398815359476,11.2,321.9,322.9,325.0,326.7,-50.064006400000004,38.0,0,0.01799999999999996,0.019000000000000128
vehicle_005_session_00123,vehicle_005,123,train,128.1539226184117,23.2,326.9,327.5,328.5,329.4,-40.100010000000005,31.0,0,0.014407894736842166,0.016000000000000014
vehicle_005_session_00124,vehicle_005,124,train,136.75054813790564,54.4,340.7,342.6,346.0375,349.9,-69.99599959999999,35.93333333333333,1,0.0291733333333333,0.03100000000000014
vehicle_005_session_00125,vehicle_005,125,train,127.95863424564268,62.8,347.7,348.85,351.1,353.6,-45.2039577631579,35.0,0,0.02211842105263158,0.02400000000000002
vehicle_005_session_00126,vehicle_005,126,train,131.92213371732024,31.6,329.7,330.5,331.7,333.3,-60.14211381578948,31.92105263157895,1,0.021657894736842157,0.02300000000000013
vehicle_005_session_00127,vehicle_005,127,train,129.34538357414874,16.4,323.9,324.79999999999995,326.4,327.8,-45.100010000000005,34.0,0,0.016881578947368373,0.018999999999999684
vehicle_005_session_00128,vehicle_005,128,train,129.5667734508546,65.6,349.9,351.05,353.3,355.8,-45.00263184210527,32.0,0,0.0226184210526316,0.02499999999999991
vehicle_005_session_00129,vehicle_005,129,train,135.33490896358546,52.0,338.8,340.75,344.775,348.8,-72.9453292,35.0,0,0.030520000000000037,0.03300000000000036
vehicle_005_session_00130,vehicle_005,130,train,132.21786247558578,8.400001,320.3,321.4,323.3,325.2,-45.303966184210545,34.0,0,0.01656578947368423,0.018000000000000238
vehicle_005_session_00131,vehicle_005,131,train,130.76936178644243,53.6,338.8,340.25,343.0,345.5,-45.3026507894737,34.01315789473684,1,0.023342105263157897,0.026000000000000245
vehicle_005_session_00132,vehicle_005,132,train,129.55478487482307,32.8,329.7,330.5,331.9,333.3,-59.98399986666666,33.053333333333335,1,0.022,0.02400000000000002
vehicle_005_session_00133,vehicle_005,133,train,132.65787835599724,4.0,317.8,319.0,321.6,323.6,-49.8026507894737,36.71052631578947,1,0.01914473684210527,0.021999999999999797
vehicle_005_session_00134,vehicle_005,134,train,130.24858330962059,12.8,321.6,323.1,324.9,326.4,-37.93026671052632,33.0,0,0.015065789473684152,0.016999999999999904
vehicle_005_session_00135,vehicle_005,135,train,127.76984889632936,28.0,327.2,328.9,329.9,331.0,-44.863167894736854,29.93421052631579,1,0.01636842105263158,0.018000000000000238
vehicle_005_session_00136,vehicle_005,136,train,128.86038869854414,28.8,329.1,330.2,331.65,333.2,-70.0906728,31.026666666666667,2,0.024413333333333363,0.026000000000000245
vehicle_005_session_00137,vehicle_005,137,train,130.62574366651486,21.6,326.1,327.15,328.3,329.2,-50.11185210526317,34.0,0,0.0178157894736842,0.020000000000000018
vehicle_005_session_00138,vehicle_005,138,train,130.1780570982476,24.4,326.6,327.6,328.6,329.4,-44.83025539473684,34.0,0,0.015907894736842117,0.017000000000000348
vehicle_005_session_00139,vehicle_005,139,train,130.00156136463846,35.6,331.0,332.0,333.55,335.7,-70.04000573333333,30.586666666666666,1,0.025560000000000027,0.027000000000000135
vehicle_005_session_00140,vehicle_005,140,train,129.1461609816066,21.2,327.1,328.2375,329.7,331.0,-70.05867253333334,34.82666666666667,1,0.023919999999999983,0.025000000000000355
vehicle_005_session_00141,vehicle_005,141,train,130.6975579335901,47.2,335.3,336.70000000000005,340.3,344.7,-71.40788973684211,34.94736842105263,1,0.030223684210526305,0.03200000000000003
vehicle_005_session_00142,vehicle_005,142,train,131.3975748529412,47.6,334.6,335.5,337.9,341.3,-50.10922052631579,33.0,0,0.02386842105263158,0.027000000000000135
vehicle_005_session_00143,vehicle_005,143,train,130.61715396319886,36.0,328.9,330.6,331.65,333.0,-44.846062763157896,34.69736842105263,1,0.01742105263157895,0.019000000000000128
vehicle_005_session_00144,vehicle_005,144,train,130.5939974590692,34.4,330.3,331.35,333.0,335.0,-73.69867666666666,33.04,2,0.026320000000000003,0.028000000000000025
vehicle_005_session_00145,vehicle_005,145,train,130.5159879166667,38.8,331.6,332.9,334.9375,337.8,-74.0133352,35.36,1,0.027653333333333332,0.03000000000000025
vehicle_005_session_00146,vehicle_005,146,train,128.79014223090277,24.8,328.0,329.4,330.8,332.2,-74.10134293333334,32.16,2,0.025040000000000007,0.028000000000000025
vehicle_005_session_00147,vehicle_005,147,train,130.1617650499132,10.0,322.2,323.55,326.35,328.5,-70.54342539473684,33.88157894736842,1,0.024394736842105257,0.026000000000000245
vehicle_005_session_00148,vehicle_005,148,train,130.67054655448717,48.8,336.3,337.75,342.1,346.3,-73.1000077631579,32.35526315789474,1,0.03073684210526318,0.03300000000000036
vehicle_005_session_00149,vehicle_005,149,train,130.5479441292735,45.6,332.8,334.15,336.05,338.5,-44.95527302631579,31.407894736842106,1,0.020434210526315753,0.02400000000000002
vehicle_005_session_00150,vehicle_005,150,train,130.01604787406276,29.6,327.8,329.1,330.2,331.1,-45.000010131578954,29.736842105263158,1,0.016723684210526307,0.018000000000000238
vehicle_005_session_00151,vehicle_005,151,train,129.14979138367056,20.4,326.7,328.25,329.7,331.0,-69.93552789473684,26.63157894736842,1,0.023447368421052685,0.026000000000000245
vehicle_005_session_00152,vehicle_005,152,train,129.0221270080577,33.2,327.8,329.15,330.7,331.6,-37.40788497368421,31.0,0,0.014921052631578963,0.017000000000000348
vehicle_005_session_00153,vehicle_005,153,train,130.20156955705707,42.0,333.6,334.7,336.8,340.0,-69.91446618421053,31.473684210526315,1,0.027342105263157886,0.03100000000000014
vehicle_005_session_00154,vehicle_005,154,train,128.68349354707792,30.4,329.9,331.05,332.5,334.4,-74.03333866666667,26.56,1,0.025826666666666675,0.028000000000000025
vehicle_005_session_00155,vehicle_005,155,train,129.06019456018518,26.8,328.8,330.0,331.6,333.2,-74.0346712,26.68,1,0.02542666666666669,0.027000000000000135
vehicle_005_session_00156,vehicle_005,156,train,127.53425393660532,15.6,324.2,325.25,326.9,328.0,-45.014475131578955,28.0,0,0.016973684210526276,0.019000000000000128
vehicle_005_session_00157,vehicle_005,157,train,129.1058877782526,22.4,324.7,326.25,327.8,328.8,-37.199999895999994,28.0,0,0.013986666666666689,0.016000000000000014
vehicle_005_session_00158,vehicle_005,158,train,128.35844802579365,13.6,323.5,324.6,326.5,327.8,-50.41332466666667,31.0,0,0.01861333333333329,0.020000000000000018
vehicle_005_session_00159,vehicle_005,159,train,131.66973822196013,54.0,338.0,339.75,342.7,344.9,-37.581332079999996,35.0,0,0.023440000000000048,0.027000000000000135
vehicle_005_session_00160,vehicle_005,160,train,129.48651167624524,33.2,329.9,331.05,332.7,334.6,-69.62632460526315,33.3421052631579,1,0.02531578947368424,0.027000000000000135
vehicle_005_session_00161,vehicle_005,161,train,129.38888440060163,10.8,322.7,324.15,326.9,328.8,-70.49605223684212,31.0,0,0.02436842105263157,0.026000000000000245
vehicle_005_session_00162,vehicle_005,162,train,131.44750240575397,57.6,344.1,345.9,349.3,353.2,-70.82369552631579,35.776315789473685,1,0.030789473684210523,0.03299999999999992
vehicle_005_session_00163,vehicle_005,163,train,130.33492756904303,28.4,328.0,328.8,329.9,331.0,-50.36052815789474,33.0,0,0.01835526315789472,0.020000000000000018
vehicle_005_session_00164,vehicle_005,164,train,128.1324021974886,35.6,330.0,330.8,332.1,333.5,-50.39078223684211,33.0,0,0.019828947368421068,0.02100000000000035
vehicle_005_session_00165,vehicle_005,165,train,131.76353848238483,64.8,350.2,351.3,353.55,356.4,-50.399989999999995,35.0,0,0.025868421052631617,0.027000000000000135
vehicle_005_session_00166,vehicle_005,166,train,129.61107811119004,27.2,327.7,328.6,329.6,330.7,-50.13027289473685,34.0,0,0.018355263157894753,0.020000000000000018
vehicle_005_session_00167,vehicle_005,167,train,129.44007654654658,23.6,327.7,328.85,330.25,331.6,-70.46842815789473,30.013157894736842,2,0.02438157894736846,0.026000000000000245
vehicle_005_session_00168,vehicle_005,168,train,126.63194554702731,21.6,326.3,327.15,328.2,328.9,-40.133343333333336,29.613333333333333,1,0.01473333333333331,0.016000000000000014
vehicle_005_session_00169,vehicle_005,169,train,132.00341389822594,50.4,334.6,336.2125,339.3375,342.1,-37.36532421333333,27.0,0,0.024013333333333324,0.027000000000000135
vehicle_005_session_00170,vehicle_005,170,train,128.29990800061051,8.0,318.8,320.6,322.7,324.4,-37.75394655263158,30.0,0,0.015434210526315802,0.017000000000000348
vehicle_005_session_00171,vehicle_005,171,train,129.9242608809524,25.6,328.3,329.4,330.75,332.1,-70.10263907894736,30.5,1,0.02440789473684212,0.026000000000000245
vehicle_005_session_00172,vehicle_005,172,train,127.76694761698086,30.4,329.9,331.1,332.7,334.6,-70.55000500000001,28.842105263157894,2,0.02544736842105264,0.027000000000000135
vehicle_005_session_00173,vehicle_005,173,train,129.74893596028159,9.2,321.9,323.4,326.1,328.3,-70.23334453333332,31.786666666666665,1,0.024600000000000007,0.026000000000000245
vehicle_005_session_00174,vehicle_005,174,train,130.69251255600358,44.0,333.2,334.4,336.70000000000005,339.9,-60.05867026666667,29.786666666666665,1,0.025293333333333314,0.028000000000000025
vehicle_005_session_00175,vehicle_005,175,train,129.72065414814813,60.8,346.3,347.75,350.75,354.1,-60.04605565789473,31.0,0,0.02809210526315789,0.03100000000000014
vehicle_005_session_00176,vehicle_005,176,train,128.92283212163517,18.0,326.4,327.7,329.5,330.8,-74.3907822368421,29.605263157894736,1,0.025749999999999974,0.028000000000000025
vehicle_005_session_00177,vehicle_005,177,train,130.5716674015642,56.4,343.0,345.2,348.8375,353.0,-74.36533693333332,30.933333333333334,1,0.03218666666666668,0.03400000000000025
vehicle_005_session_00178,vehicle_005,178,train,128.49415068101595,25.2,328.2,329.6,330.875,332.4,-70.5,30.14666666666667,1,0.024440000000000003,0.027000000000000135
vehicle_005_session_00179,vehicle_005,179,train,128.32800160151373,26.4,328.6,330.0,331.5,333.2,-74.50657921052631,27.907894736842106,2,0.026039473684210546,0.028000000000000025
vehicle_005_session_00180,vehicle_005,180,train,129.03119731761294,24.8,328.5,329.6,331.0,332.5,-74.09342947368421,31.223684210526315,2,0.025881578947368467,0.027000000000000135
vehicle_005_session_00181,vehicle_005,181,train,129.86524827353398,39.6,332.1,333.4,335.7,338.8,-74.1120088,31.613333333333333,1,0.02855999999999998,0.03100000000000014
vehicle_005_session_00182,vehicle_005,182,train,129.11380839570856,26.8,328.8,329.9,331.35,332.8,-73.74079921052632,29.460526315789473,1,0.025789473684210543,0.028000000000000025
vehicle_005_session_00183,vehicle_005,183,train,128.5301897530431,26.4,328.9,330.0,331.5,333.2,-74.68027513157894,30.75,1,0.026289473684210557,0.028000000000000025
vehicle_005_session_00184,vehicle_005,184,train,128.79680001528652,29.6,329.2,330.4,331.7,333.5,-70.06000466666667,28.14666666666667,1,0.02505333333333337,0.027000000000000135
vehicle_005_session_00185,vehicle_005,185,train,128.04954159775232,26.8,327.4,328.1,329.1,329.9,-39.93866053333333,28.0,0,0.01512000000000004,0.017000000000000348
vehicle_005_session_00186,vehicle_005,186,train,130.95332058110594,55.2,339.4,341.15,344.1,346.4,-37.51841357894737,27.0,0,0.0239342105263158,0.026000000000000245
vehicle_005_session_00187,vehicle_005,187,train,128.27006678973277,20.4,324.7,327.2,328.5,329.6,-51.59474657894737,29.657894736842106,1,0.01873684210526317,0.020000000000000018
vehicle_005_session_00188,vehicle_005,188,train,131.4413459201389,49.2,334.9,337.0,340.04999999999995,343.5,-49.91974723684211,28.855263157894736,1,0.027052631578947356,0.029999999999999805
vehicle_005_session_00189,vehicle_005,189,train,128.15648169753084,28.4,328.5,329.2,330.3,331.4,-52.005263684210526,28.0,0,0.019210526315789483,0.02100000000000035
vehicle_005_session_00190,vehicle_005,190,train,126.81946849190724,32.0,328.6,329.7,330.2,330.8,-25.553964499999992,30.92105263157895,1,0.012065789473684196,0.014000000000000234
vehicle_005_session_00191,vehicle_005,191,train,130.5835448074495,44.8,331.9,333.9,335.7,338.0,-44.60394855263158,31.80263157894737,1,0.021223684210526315,0.02400000000000002
vehicle_005_session_00192,vehicle_005,192,train,129.4536244889937,50.4,337.5,339.75,344.3,348.3,-70.0157922368421,23.355263157894736,2,0.031789473684210576,0.0349999999999997
vehicle_005_session_00193,vehicle_005,193,train,130.8369920680428,41.6,332.8,334.1,336.4,339.9,-71.2093448,25.4,1,0.02830666666666664,0.03200000000000003
vehicle_005_session_00194,vehicle_005,194,train,127.75550551719964,14.8,324.9,326.65,328.9,330.3,-73.88815197368422,25.88157894736842,1,0.02547368421052635,0.028000000000000025
vehicle_005_session_00195,vehicle_005,195,train,128.27908354495398,24.8,328.0,329.29999999999995,330.8,332.1,-69.3999916,26.32,2,0.024013333333333383,0.025000000000000355
vehicle_005_session_00196,vehicle_005,196,train,130.5629822961183,66.4,351.3,353.4,357.0,361.3,-73.94341539473685,29.960526315789473,1,0.03414473684210526,0.03600000000000003
vehicle_005_session_00197,vehicle_005,197,train,129.729865342882,51.2,337.2,338.70000000000005,342.1,345.2,-50.06579394736841,29.67105263157895,1,0.027802631578947374,0.030999999999999694
vehicle_005_session_00198,vehicle_005,198,train,127.86208067129631,10.4,322.8,324.275,327.1,328.9,-70.0480048,26.946666666666665,1,0.024586666666666628,0.026000000000000245
vehicle_005_session_00199,vehicle_005,199,train,128.69711866319446,27.2,328.6,329.9,331.3,332.8,-70.90262342105262,30.210526315789473,1,0.02544736842105267,0.028000000000000025
vehicle_005_session_00200,vehicle_005,200,train,127.54677324459874,40.4,332.8,334.2,336.85,340.7,-73.9210447368421,24.210526315789473,2,0.029697368421052604,0.03300000000000036
vehicle_005_session_00201,vehicle_005,201,train,129.44133477011493,42.0,332.8,334.1,336.4,339.7,-69.87466853333332,32.70666666666666,1,0.02878666666666664,0.03299999999999992
vehicle_005_session_00202,vehicle_005,202,train,129.93343698217728,28.4,329.6,330.4,331.6,333.0,-69.78801879999997,31.84,1,0.0251466666666667,0.027000000000000135
vehicle_005_session_00203,vehicle_005,203,train,129.9370118916192,4.0,318.8,320.75,323.85,326.4,-70.25001210526315,32.94736842105263,1,0.0255394736842105,0.027000000000000135
vehicle_005_session_00204,vehicle_005,204,train,130.06001598875665,43.2,333.2,334.5,337.15,341.0,-70.36710513157895,32.0921052631579,2,0.029539473684210497,0.03399999999999981
vehicle_005_session_00205,vehicle_005,205,train,129.16718308376738,23.2,325.5,327.7,328.8,329.7,-44.81067493333334,27.826666666666668,1,0.016733333333333378,0.019000000000000128
vehicle_005_session_00206,vehicle_005,206,train,126.92496397121992,21.2,324.6,325.75,326.6,327.2,-25.84605828947369,28.0,0,0.012065789473684174,0.014000000000000234
vehicle_005_session_00207,vehicle_005,207,train,131.1631642890772,50.4,334.7,337.15,340.04999999999995,343.2,-44.71843092105264,28.75,1,0.02734210526315787,0.03000000000000025
vehicle_005_session_00208,vehicle_005,208,train,130.2503058782267,47.6,333.5,335.8,338.55,342.1,-49.24869407894738,22.710526315789473,1,0.026197368421052657,0.03100000000000014
vehicle_005_session_00209,vehicle_005,209,train,128.33850558862434,34.8,329.7,330.8,332.2,333.6,-49.5829030263158,19.644736842105264,1,0.019750000000000004,0.021999999999999797
vehicle_005_session_00210,vehicle_005,210,train,128.69979460835063,28.4,326.6,328.55,329.65,330.7,-44.52665786666667,25.0,0,0.01708000000000001,0.019000000000000128
vehicle_005_session_00211,vehicle_005,211,train,129.27778236208238,40.4,329.6,331.15,333.075,334.6,-37.60133346666667,21.24,1,0.01721333333333335,0.020000000000000018
vehicle_005_session_00212,vehicle_005,212,train,128.5492331460728,38.4,329.2,330.7375,332.5,333.9,-37.55600888,26.0,0,0.01706666666666669,0.020000000000000018
vehicle_005_session_00213,vehicle_005,213,train,129.1394676328125,38.4,329.1,330.65,332.4,333.6,-37.338666585333335,24.106666666666666,1,0.016773333333333352,0.019000000000000128
vehicle_005_session_00214,vehicle_005,214,train,130.75590231570513,55.2,338.8,341.9,344.7,347.4,-44.61711528947369,25.67105263157895,1,0.026815789473684237,0.030999999999999694
vehicle_005_session_00215,vehicle_005,215,train,126.82695073435508,30.0,328.5,329.2,330.3,331.4,-45.06053236842105,21.657894736842106,1,0.017289473684210556,0.019000000000000128
vehicle_005_session_00216,vehicle_005,216,train,127.57928203679081,12.4,321.7,322.4,323.6,324.9,-26.10267666666667,20.0,0,0.014546666666666716,0.016000000000000014
vehicle_005_session_00217,vehicle_005,217,train,127.43300501949318,32.0,329.6,330.75,332.2,333.8,-60.94933853333333,22.44,1,0.0229466666666667,0.02400000000000002
vehicle_005_session_00218,vehicle_005,218,train,129.17083049447018,54.4,341.4,344.4,347.15,350.3,-57.805266973684205,25.855263157894736,1,0.029013157894736824,0.03100000000000014
vehicle_005_session_00219,vehicle_005,219,train,129.64933430190058,49.2,335.8,337.1,339.79999999999995,343.2,-45.10658894736842,23.473684210526315,1,0.027157894736842093,0.03100000000000014
vehicle_005_session_00220,vehicle_005,220,train,127.88942123760516,8.400001,321.0,322.0,324.0,326.0,-44.9159916,22.0,0,0.01763999999999999,0.019000000000000128
vehicle_005_session_00221,vehicle_005,221,train,125.51972552083335,16.4,324.2,325.0,326.0,326.7,-25.65395881578947,22.0,0,0.014052631578947311,0.016000000000000014
vehicle_005_session_00222,vehicle_005,222,train,129.11394209595957,54.4,342.2,342.9,344.20000000000005,345.7,-25.707905526315784,26.0,0,0.022644736842105294,0.02400000000000002
vehicle_005_session_00223,vehicle_005,223,train,127.68453132661581,18.4,323.0,324.75,326.79999999999995,327.8,-37.45921950263158,24.88157894736842,1,0.016092105263157845,0.019000000000000128
vehicle_005_session_00224,vehicle_005,224,train,130.7625701506095,0.8,315.3,316.65,319.15,321.6,-45.21053736842106,28.0,0,0.02181578947368424,0.02300000000000013
vehicle_005_session_00225,vehicle_005,225,train,127.57127714120371,26.4,326.0,327.6,329.1,329.9,-37.661832526315784,23.0,0,0.014947368421052657,0.016999999999999904
vehicle_005_session_00226,vehicle_005,226,train,128.86741992016624,36.8,329.1,330.7,331.79999999999995,333.0,-39.81842368421052,21.61842105263158,1,0.016934210526315788,0.019000000000000128
vehicle_005_session_00227,vehicle_005,227,train,127.60023379946729,39.6,332.4,333.8,336.20000000000005,339.6,-74.56667333333334,23.253333333333334,2,0.02959999999999998,0.03200000000000003
vehicle_005_session_00228,vehicle_005,228,train,128.91527576232247,44.4,334.1,335.6,338.70000000000005,343.2,-69.96710934210527,23.55263157894737,1,0.030710526315789476,0.03500000000000014
vehicle_005_session_00229,vehicle_005,229,train,125.80072449622676,18.4,325.7,326.5,327.7,328.6,-39.72667933333334,21.786666666666665,1,0.015160000000000007,0.016999999999999904
vehicle_005_session_00230,vehicle_005,230,train,128.22402303240742,15.2,324.9,326.5,329.1,330.3,-70.0355294736842,19.07894736842105,1,0.02451315789473682,0.027000000000000135
vehicle_005_session_00231,vehicle_005,231,train,127.71146461967056,44.4,332.8,333.85,335.5,337.5,-40.0460572368421,24.56578947368421,1,0.02055263157894735,0.02400000000000002
vehicle_005_session_00232,vehicle_005,232,train,128.20815402869763,37.2,329.7,331.35,333.0,334.6,-49.89867666666667,20.04,1,0.02054666666666666,0.02300000000000013
vehicle_005_session_00233,vehicle_005,233,train,127.84976673976611,44.8,333.3,334.29999999999995,336.4,339.1,-49.81201640000001,28.933333333333334,1,0.024359999999999975,0.028999999999999915
vehicle_005_session_00234,vehicle_005,234,train,127.24950939814815,13.6,322.4,324.1,326.0,327.4,-44.74209907894736,29.0,0,0.018684210526315758,0.02100000000000035
vehicle_005_session_00235,vehicle_005,235,train,128.6174956576797,56.4,343.2,345.225,349.05,353.2,-74.38961337662337,27.2987012987013,1,0.034818181818181825,0.037000000000000366
vehicle_005_session_00236,vehicle_005,236,train,126.69416272590362,41.2,331.3,332.2,333.6,335.2,-39.88799146666666,26.0,0,0.01892,0.020999999999999908
vehicle_005_session_00237,vehicle_005,237,train,126.17725082353991,35.6,331.0,332.29999999999995,334.2,336.6,-69.7671219736842,24.263157894736842,2,0.027026315789473704,0.02900000000000036
vehicle_005_session_00238,vehicle_005,238,train,125.81227374228395,25.2,326.0,328.075,329.1,330.0,-44.629342933333334,27.213333333333335,1,0.01706666666666669,0.018000000000000238
vehicle_005_session_00239,vehicle_005,239,train,128.05082276694702,10.4,322.7,324.15,326.775,328.8,-69.69067666666666,26.533333333333335,1,0.025173333333333332,0.027000000000000135
vehicle_005_session_00240,vehicle_005,240,train,126.60134749043583,30.8,329.9,330.8,332.45,334.2,-69.71448513157894,27.276315789473685,2,0.026052631578947372,0.028000000000000025
vehicle_005_session_00241,vehicle_005,241,train,127.47783982514882,30.4,329.4,330.575,332.1,333.8,-70.68800999999999,28.48,1,0.025946666666666694,0.028999999999999915
vehicle_005_session_00242,vehicle_005,242,train,127.02827461685828,39.6,332.2,333.55,335.8,339.1,-70.31974881578947,30.42105263157895,1,0.029184210526315767,0.03200000000000003
vehicle_005_session_00243,vehicle_005,243,train,128.29970263364785,34.0,330.2,331.3,332.975,335.0,-70.10526999999998,30.473684210526315,1,0.02673684210526317,0.02900000000000036
vehicle_005_session_00244,vehicle_005,244,train,126.90922257334582,43.6,331.3,332.9,334.7,336.6,-37.661832526315784,31.82894736842105,1,0.01988157894736844,0.02300000000000013
vehicle_005_session_00245,vehicle_005,245,train,127.31921710287553,18.0,326.4,327.75,329.5,330.8,-73.78816749999999,29.460526315789473,1,0.026447368421052664,0.02900000000000036
vehicle_005_session_00246,vehicle_005,246,train,127.08333333333333,18.4,324.1,325.7,327.4,328.2,-37.76315789473684,31.0,0,0.016263157894736827,0.019000000000000128
vehicle_005_session_00247,vehicle_005,247,train,128.28415913663662,44.4,333.6,334.85,336.70000000000005,338.5,-37.49868413157895,34.0,0,0.021289473684210483,0.0259999999999998
vehicle_005_session_00248,vehicle_005,248,train,122.40309131631632,34.0,328.9,329.4,330.0,330.8,-22.51842289473684,21.605263157894736,1,0.012236842105263154,0.014000000000000234
vehicle_005_session_00249,vehicle_005,249,train,127.41186510721245,28.4,328.6,329.4,330.6,331.7,-50.07105723684211,21.013157894736842,1,0.019105263157894764,0.020999999999999908
vehicle_005_session_00250,vehicle_005,250,train,127.44198399556129,51.2,339.6,340.9,343.55,346.3,-50.077636052631576,24.0,0,0.029210526315789506,0.03100000000000014
vehicle_005_session_00251,vehicle_005,251,train,123.42751539621017,22.8,326.9,328.0,329.1,330.0,-44.98421263157894,22.263157894736842,1,0.01702631578947371,0.018999999999999684
vehicle_005_session_00252,vehicle_005,252,train,126.60769382961786,16.4,323.6,325.4,327.15,328.3,-44.69736263157895,21.644736842105264,1,0.01785526315789471,0.020000000000000018
vehicle_005_session_00253,vehicle_005,253,train,126.16131550109473,16.4,323.3,325.04999999999995,327.1,328.0,-37.231992002666665,23.0,0,0.017159999999999974,0.020000000000000018
vehicle_005_session_00254,vehicle_005,254,train,127.49473443849206,27.6,328.9,330.2,331.6,333.2,-69.98684447368423,23.907894736842106,2,0.02536842105263159,0.028000000000000025
vehicle_005_session_00255,vehicle_005,255,train,126.39430817854756,31.2,329.7,331.1,332.75,334.7,-69.69869394736843,25.263157894736842,2,0.025815789473684212,0.028000000000000025
vehicle_005_session_00256,vehicle_005,256,train,129.1367706653226,58.8,345.5,347.7,351.20000000000005,355.2,-70.15263894736842,25.723684210526315,1,0.03430263157894736,0.03600000000000003
vehicle_005_session_00257,vehicle_005,257,train,126.39112111208921,11.6,322.2,323.1,324.79999999999995,326.4,-40.100010000000005,25.0,0,0.01793333333333333,0.020000000000000018
vehicle_005_session_00258,vehicle_005,258,train,126.08071723560913,36.0,329.7,330.4,331.5,332.7,-39.81580526315791,27.55263157894737,1,0.017434210526315802,0.019000000000000128
vehicle_005_session_00259,vehicle_005,259,train,127.68503435457518,29.6,329.1,330.3,332.0,333.6,-69.88025960526316,26.63157894736842,1,0.025723684210526346,0.028000000000000025
vehicle_005_session_00260,vehicle_005,260,train,127.74042411877396,39.6,330.0,332.15,333.70000000000005,335.7,-49.676324736842105,28.81578947368421,1,0.022118421052631614,0.02400000000000002
vehicle_005_session_00261,vehicle_005,261,train,127.56790429942811,57.2,343.6,345.9,349.475,353.3,-69.87199893333333,28.2,1,0.03410666666666667,0.037000000000000366
vehicle_005_session_00262,vehicle_005,262,train,128.9888786818659,76.4,360.8,362.4375,366.175,370.0,-68.6440048,27.0,0,0.03646666666666667,0.038000000000000256
vehicle_005_session_00263,vehicle_005,263,train,128.3463680805556,47.6,335.5,337.29999999999995,341.35,346.0,-73.88266826666667,26.72,1,0.03498666666666669,0.038000000000000256
vehicle_005_session_00264,vehicle_005,264,train,127.51484066515496,38.8,331.7,333.0,335.2,338.0,-69.88816144736843,26.407894736842106,1,0.02831578947368421,0.03200000000000003
vehicle_005_session_00265,vehicle_005,265,train,128.77599716634742,62.8,348.9,350.6,354.1,358.0,-70.2276405263158,27.0,0,0.03498684210526315,0.037000000000000366
vehicle_005_session_00266,vehicle_005,266,train,125.24656398755316,13.6,324.1,324.9,326.7,327.8,-44.81468333333335,22.0,0,0.018573333333333254,0.020999999999999908
vehicle_005_session_00267,vehicle_005,267,train,130.2102632051282,71.6,354.9,356.05,358.55,361.3,-45.01466786666666,24.36,1,0.028039999999999992,0.03000000000000025
vehicle_005_session_00268,vehicle_005,268,train,125.34067290088383,27.2,327.4,328.9,329.9,331.1,-44.79210671052631,22.82894736842105,1,0.017592105263157916,0.020000000000000018
vehicle_005_session_00269,vehicle_005,269,train,126.49029783950618,37.2,330.2,331.0,332.1,333.3,-39.70260766233766,23.38961038961039,1,0.01790909090909095,0.020000000000000018
vehicle_005_session_00270,vehicle_005,270,train,127.17359706790124,50.8,338.2,340.6,345.1,349.3,-70.17895605263158,21.81578947368421,1,0.03522368421052631,0.039000000000000146
vehicle_005_session_00271,vehicle_005,271,train,128.24950000000007,57.2,342.2,344.95,347.7,350.5,-49.438684533333344,25.6,1,0.02873333333333331,0.03100000000000014
vehicle_005_session_00272,vehicle_005,272,train,125.65648036616165,22.8,328.2,329.15,330.7,332.1,-70.02500210526316,24.210526315789473,2,0.024960526315789513,0.027000000000000135
vehicle_005_session_00273,vehicle_005,273,train,127.58698675847455,26.8,328.6,329.79999999999995,331.3,332.5,-69.99333373333333,27.386666666666667,1,0.025626666666666686,0.028000000000000025
vehicle_005_session_00274,vehicle_005,274,train,120.84644551630439,60.8,347.5,348.85,351.3,354.1,-49.89078223684211,27.223684210526315,1,0.029092105263157888,0.03100000000000014
vehicle_005_session_00275,vehicle_005,275,train,128.64610709368912,52.0,337.2,340.9,345.2,349.3,-70.90262434210526,31.289473684210527,1,0.03603947368421054,0.040000000000000036
vehicle_005_session_00276,vehicle_005,276,train,129.2609038463719,58.4,342.8,344.54999999999995,347.2,349.4,-37.4473632631579,31.0,0,0.02661842105263157,0.028999999999999915
vehicle_005_session_00277,vehicle_005,277,train,129.58035555555554,69.6,353.6,354.79999999999995,357.1,359.7,-45.009091818181815,29.376623376623378,1,0.02858441558441562,0.03000000000000025
vehicle_005_session_00278,vehicle_005,278,train,122.97189055501723,17.6,326.1,327.15,328.55,329.6,-50.52105473684211,21.5,1,0.01894736842105266,0.020000000000000018
vehicle_005_session_00279,vehicle_005,279,train,126.73623300540127,68.8,355.5,356.6,359.20000000000005,362.1,-50.60800880000001,26.946666666666665,1,0.030679999999999978,0.03200000000000047
vehicle_005_session_00280,vehicle_005,280,train,126.28636663369029,26.0,328.5,329.9,331.3,332.7,-70.19474789473684,25.56578947368421,1,0.025328947368421045,0.027000000000000135
vehicle_005_session_00281,vehicle_005,281,train,128.3872738852339,66.8,351.6,352.9,355.2,357.7,-45.114676800000005,28.0,0,0.02841333333333336,0.029999999999999805
vehicle_005_session_00282,vehicle_005,282,train,130.6014530730534,48.8,336.8,338.4,342.75,347.1,-70.10263934210526,26.460526315789473,1,0.035118421052631604,0.038000000000000256
vehicle_005_session_00283,vehicle_005,283,train,128.4909789055081,50.8,337.5,339.5,343.85,348.2,-70.39078749999999,29.93421052631579,1,0.03594736842105264,0.039000000000000146
vehicle_005_session_00284,vehicle_005,284,train,126.7381894703483,36.0,331.1,332.2,334.1,336.6,-70.07500723684211,28.394736842105264,1,0.027973684210526314,0.03100000000000014
vehicle_005_session_00285,vehicle_005,285,train,126.51307172008549,16.4,325.7,327.1,329.0,330.2,-69.98533359999999,28.533333333333335,1,0.0258666666666667,0.028000000000000025
vehicle_005_session_00286,vehicle_005,286,train,127.04630480208337,17.6,326.0,327.4,329.2,330.5,-70.17369434210525,25.61842105263158,1,0.025526315789473678,0.028000000000000025
vehicle_005_session_00287,vehicle_005,287,train,125.95299621380026,22.4,328.0,329.0,330.3,331.7,-70.11448368421054,29.657894736842106,1,0.025684210526315823,0.028000000000000025
vehicle_005_session_00288,vehicle_005,288,train,126.49484188131312,32.0,330.2,331.20000000000005,333.0,335.0,-74.16667666666667,29.4,1,0.028266666666666693,0.030999999999999694
vehicle_005_session_00289,vehicle_005,289,train,127.60293653829966,31.6,329.7,330.8,332.4,334.2,-70.08290289473685,29.81578947368421,2,0.026986842105263177,0.03000000000000025
vehicle_005_session_00290,vehicle_005,290,train,129.3526395704733,76.0,360.2,361.1,363.8,366.9,-50.542109473684214,30.0,0,0.03210526315789478,0.03399999999999981
vehicle_005_session_00291,vehicle_005,291,train,127.64554533378136,42.4,331.0,332.29999999999995,334.2,335.8,-37.5526237368421,32.0,0,0.020105263157894755,0.02300000000000013
vehicle_005_session_00292,vehicle_005,292,train,126.71215815865715,32.4,330.2,331.3,332.9,334.7,-70.38132893333332,28.613333333333333,1,0.027213333333333367,0.03000000000000025
vehicle_005_session_00293,vehicle_005,293,train,126.68283605672691,31.2,330.0,331.05,332.7,334.6,-70.1579047368421,26.0,2,0.026789473684210557,0.02900000000000036
vehicle_005_session_00294,vehicle_005,294,train,127.05555637303402,10.0,319.9,321.45000000000005,323.70000000000005,325.7,-37.52762276315789,28.0,0,0.017315789473684232,0.019000000000000128
vehicle_005_session_00295,vehicle_005,295,train,128.18796785641345,43.2,333.5,334.9,337.75,341.9,-74.06579539473685,28.539473684210527,1,0.03327631578947364,0.039000000000000146
vehicle_005_session_00296,vehicle_005,296,train,126.0965419425676,24.0,327.8,329.15,330.7,332.1,-70.16843131578948,25.144736842105264,2,0.025210526315789485,0.027000000000000135
vehicle_005_session_00297,vehicle_005,297,train,126.24875774386304,34.4,330.7,332.0,333.85,336.0,-70.17867733333333,22.72,1,0.02720000000000002,0.029999999999999805
vehicle_005_session_00298,vehicle_005,298,train,125.32050037013538,18.8,327.2,328.8,330.4,331.7,-74.21201013333332,21.346666666666668,2,0.02620000000000003,0.028000000000000025
vehicle_005_session_00299,vehicle_005,299,train,126.94521300955988,36.0,330.2,331.1,332.5,334.1,-49.93552407894737,20.11842105263158,1,0.021342105263157916,0.02400000000000002
vehicle_005_session_00300,vehicle_005,300,train,129.00710009259262,61.6,347.1,348.55,351.175,354.1,-49.98533186666667,23.386666666666667,1,0.029853333333333343,0.03100000000000014
vehicle_005_session_00301,vehicle_005,301,train,128.18644171686753,64.4,349.7,351.1,353.70000000000005,356.6,-50.600010000000005,25.88,1,0.030506666666666706,0.03200000000000003
vehicle_005_session_00302,vehicle_005,302,train,126.86569654989387,34.8,331.1,332.4,334.4,336.9,-74.36710644736843,23.57894736842105,1,0.02914473684210526,0.03200000000000003
vehicle_005_session_00303,vehicle_005,303,train,129.60727322837755,62.4,348.0,349.9,353.25,357.1,-69.90920144736842,29.763157894736842,1,0.03639473684210529,0.038000000000000256
vehicle_005_session_00304,vehicle_005,304,train,126.71911747386886,20.0,327.2,328.55,330.0,331.3,-69.88026276315789,23.407894736842106,1,0.02513157894736847,0.027000000000000135
vehicle_005_session_00305,vehicle_005,305,train,127.09996387195123,40.4,331.1,332.1,333.5,335.0,-40.16843105263158,25.144736842105264,1,0.020105263157894772,0.02300000000000013
vehicle_005_session_00306,vehicle_005,306,train,128.67135327986114,57.6,341.3,343.0,345.9,348.2,-37.49473642105263,28.0,0,0.026039473684210557,0.028000000000000025
vehicle_005_session_00307,vehicle_005,307,train,128.0297993891461,11.2,320.7,322.4,324.4,326.3,-44.853343333333335,30.0,0,0.01937333333333332,0.020999999999999908
vehicle_005_session_00308,vehicle_005,308,train,126.58731359872199,4.4,320.7,322.45,325.25,327.8,-69.61316749999999,23.0,0,0.02632894736842104,0.028999999999999915
vehicle_005_session_00309,vehicle_005,309,train,126.04026396972372,22.0,328.2,329.5,331.05,332.5,-74.18421828947368,20.710526315789473,2,0.026473684210526333,0.028000000000000025
vehicle_005_session_00310,vehicle_005,310,train,126.42227694854952,16.4,322.8,324.4,326.5,327.7,-37.50000005263158,23.0,0,0.016552631578947315,0.018999999999999684
vehicle_005_session_00311,vehicle_005,311,train,126.74193275066594,39.2,329.9,331.0,331.775,332.8,-25.920008000000003,21.0,0,0.014853333333333368,0.017000000000000348
vehicle_005_session_00312,vehicle_005,312,train,123.82590154587768,22.4,328.5,329.9,331.3,332.7,-70.13290394736843,17.07894736842105,2,0.025131578947368477,0.027000000000000135
vehicle_005_session_00313,vehicle_005,313,train,126.56734089954782,28.8,329.4,330.6,332.1,333.8,-70.06316157894736,19.894736842105264,2,0.025907894736842157,0.028000000000000025
vehicle_005_session_00314,vehicle_005,314,train,126.4116756971026,14.0,321.9,324.95,326.9,328.2,-49.51201002666667,22.0,0,0.020333333333333307,0.02300000000000013
vehicle_005_session_00315,vehicle_005,315,train,127.18024826160458,36.8,331.3,332.45,334.6,337.1,-70.2210592105263,24.18421052631579,2,0.02864473684210525,0.03200000000000003
vehicle_005_session_00316,vehicle_005,316,train,126.07325727072863,18.4,326.0,327.575,329.6,330.7,-70.0786724,22.453333333333333,1,0.02506666666666666,0.027000000000000135
vehicle_005_session_00317,vehicle_005,317,train,126.45945214031337,19.6,326.9,328.3,329.95,331.3,-74.02631842105264,26.105263157894736,1,0.026710526315789466,0.028000000000000025
vehicle_005_session_00318,vehicle_005,318,train,128.1683848230287,48.0,336.0,337.8,342.1375,346.9,-74.57067133333332,23.653333333333332,1,0.03737333333333334,0.040999999999999925
vehicle_005_session_00319,vehicle_005,319,train,124.6816702798405,16.4,326.1,327.6,329.4,330.7,-70.19737723684212,22.11842105263158,2,0.025539473684210494,0.028999999999999915
vehicle_005_session_00320,vehicle_005,320,train,125.90651235167209,56.4,345.8,347.7,351.0,354.6,-70.11600906666666,27.773333333333333,1,0.036493333333333315,0.039000000000000146
vehicle_005_session_00321,vehicle_005,321,train,126.20021685485582,30.0,328.5,329.5,330.7,331.7,-50.240008666666675,24.0,0,0.02090666666666668,0.02300000000000013
vehicle_005_session_00322,vehicle_005,322,train,126.0520180324074,62.0,348.3,350.65,354.20000000000005,358.0,-70.21867346666667,24.92,1,0.03656000000000004,0.038000000000000256
vehicle_005_session_00323,vehicle_005,323,train,125.94212525017254,33.2,329.6,330.2,331.4,332.7,-45.04868894736842,27.0,0,0.019657894736842114,0.02200000000000024
vehicle_005_session_00324,vehicle_005,324,train,127.71244668832144,23.2,326.4,327.45,328.8,329.7,-49.77633342105264,26.0,0,0.01930263157894738,0.020000000000000018
vehicle_005_session_00325,vehicle_005,325,train,128.71759561771958,48.0,335.2,336.05,338.3,341.4,-44.973693289473694,30.039473684210527,1,0.028684210526315746,0.03300000000000036
vehicle_005_session_00326,vehicle_005,326,train,129.15419154885913,52.8,338.2,338.85,340.7,342.2,-22.39865706666666,28.0,0,0.02685333333333333,0.02900000000000036
vehicle_005_session_00327,vehicle_005,327,train,127.34888250385805,47.2,335.2,337.29999999999995,341.175,345.7,-69.9306668,25.08,2,0.03623999999999997,0.040000000000000036
vehicle_005_session_00328,vehicle_005,328,train,126.09594508911646,8.400001,321.9,323.5,326.20000000000005,328.5,-70.07105842105264,29.855263157894736,1,0.026986842105263125,0.028999999999999915
vehicle_005_session_00329,vehicle_005,329,train,126.4622391625151,18.0,326.0,327.45,329.4,330.7,-70.33027039473683,26.736842105263158,1,0.026421052631578946,0.028999999999999915
vehicle_005_session_00330,vehicle_005,330,train,125.8132714244186,11.6,323.6,324.95,327.75,329.4,-69.88420894736842,27.0,0,0.026986842105263142,0.028999999999999915
vehicle_005_session_00331,vehicle_005,331,train,126.9927761779595,55.2,342.1,344.35,348.2,352.2,-69.53684539473684,25.93421052631579,1,0.037210526315789486,0.04100000000000037
vehicle_005_session_00332,vehicle_005,332,train,124.69967610315393,20.8,327.8,329.0,330.5,331.9,-69.62632578947368,20.92105263157895,2,0.02532894736842107,0.028000000000000025
vehicle_005_session_00333,vehicle_005,333,train,127.43561687500002,55.6,343.0,345.1,348.85,352.8,-70.50133346666667,25.333333333333332,1,0.037493333333333344,0.04100000000000037
vehicle_005_session_00334,vehicle_005,334,train,125.95577577190171,46.0,334.9,336.8,340.25,345.0,-69.93026513157895,24.605263157894736,1,0.03623684210526316,0.04100000000000037
vehicle_005_session_00335,vehicle_005,335,train,126.14147195083014,28.0,327.7,329.0,330.0,331.0,-44.96843118421053,24.0,0,0.01843421052631582,0.020000000000000018
vehicle_005_session_00336,vehicle_005,336,train,126.04575183823532,16.0,323.6,324.1,325.2,326.3,-26.01052736842105,26.0,0,0.01667105263157893,0.018999999999999684
vehicle_005_session_00337,vehicle_005,337,train,125.54746854021992,20.8,327.5,328.6,330.1,331.4,-70.22267413333334,27.746666666666666,1,0.025973333333333355,0.027000000000000135
vehicle_005_session_00338,vehicle_005,338,train,127.69690984405463,52.0,338.6,340.65,345.25,349.6,-69.77633342105261,25.31578947368421,1,0.038500000000000006,0.041999999999999815
vehicle_005_session_00339,vehicle_005,339,train,127.16274639996595,32.4,330.0,331.05,332.75,334.7,-69.11711460526314,24.57894736842105,1,0.02740789473684213,0.03100000000000014
vehicle_005_session_00340,vehicle_005,340,train,126.82000372267758,24.4,328.0,329.29999999999995,330.8,332.2,-70.41866066666667,25.053333333333335,2,0.025533333333333387,0.027000000000000135
vehicle_005_session_00341,vehicle_005,341,train,127.39770900431684,38.4,331.7,333.1,335.2,338.3,-70.76842815789475,28.44736842105263,1,0.029381578947368397,0.03299999999999992
vehicle_005_session_00342,vehicle_005,342,train,127.35979911181563,42.4,333.2,334.5,337.15,340.8,-69.8210642105263,25.460526315789473,1,0.03068421052631575,0.03500000000000014
vehicle_005_session_00343,vehicle_005,343,train,125.63507690544611,16.4,326.1,327.29999999999995,329.2,330.5,-69.27633236842104,27.039473684210527,1,0.025526315789473706,0.028999999999999915
vehicle_005_session_00344,vehicle_005,344,train,126.69588665169665,31.2,329.2,330.7,332.2,333.9,-69.76801626666666,27.92,2,0.026160000000000027,0.028000000000000025
vehicle_005_session_00345,vehicle_005,345,train,127.95113129451565,66.8,352.1,353.85,357.275,361.4,-69.96933546666668,24.773333333333333,1,0.03606666666666667,0.037000000000000366
vehicle_005_session_00346,vehicle_005,346,train,127.42217903217919,40.8,331.7,332.8,334.6,336.6,-50.03200533333333,28.053333333333335,1,0.02341333333333334,0.026000000000000245
vehicle_005_session_00347,vehicle_005,347,train,128.36829484626801,45.2,331.9,334.6,336.8,339.6,-49.56448371052632,27.473684210526315,1,0.026039473684210522,0.03100000000000014
vehicle_005_session_00348,vehicle_005,348,train,125.75154478395065,35.2,328.6,330.75,331.9,333.3,-44.53896293506493,28.051948051948052,1,0.019636363636363653,0.021999999999999797
vehicle_005_session_00349,vehicle_005,349,train,128.9178010925926,56.0,342.8,345.1,347.275,349.7,-44.68267346666667,30.0,0,0.027506666666666634,0.028999999999999915
vehicle_005_session_00350,vehicle_005,350,train,124.71967786351163,34.0,329.4,330.4,331.65,333.0,-45.03553631578948,25.69736842105263,1,0.01951315789473686,0.02100000000000035
vehicle_005_session_00351,vehicle_005,351,train,129.82641767473118,66.4,352.4,353.5,355.575,358.2,-45.10401,29.0,0,0.02889333333333336,0.03000000000000025
vehicle_005_session_00352,vehicle_005,352,train,126.36927367039296,15.6,323.6,325.0,326.7,327.8,-44.783990933333335,27.0,0,0.01955999999999997,0.02200000000000024
vehicle_005_session_00353,vehicle_005,353,train,127.86149335937502,43.2,333.5,334.9,337.575,341.4,-69.46266293333333,23.866666666666667,2,0.03136,0.03600000000000003
vehicle_005_session_00354,vehicle_005,354,train,125.87572325031036,26.0,328.6,329.9,331.35,332.8,-71.2066784,24.973333333333333,2,0.02620000000000001,0.028000000000000025
vehicle_005_session_00355,vehicle_005,355,train,125.25454440586421,25.6,328.8,329.9,331.3375,332.8,-69.69334453333333,26.706666666666667,1,0.02598666666666669,0.028000000000000025
vehicle_005_session_00356,vehicle_005,356,train,124.88586379761904,27.6,328.3,328.9,329.9,330.8,-42.139483815789475,31.0,0,0.017736842105263162,0.019000000000000128
vehicle_005_session_00357,vehicle_005,357,train,126.43456137108267,19.6,326.7,328.25,329.9,331.3,-75.75867066666667,33.06666666666667,1,0.027893333333333346,0.03000000000000025
vehicle_005_session_00358,vehicle_005,358,train,125.42588448216736,32.8,332.7,333.0,334.4,336.4,-75.99466613333333,33.14666666666667,2,0.03008000000000002,0.03200000000000003
vehicle_005_session_00359,vehicle_005,359,train,125.35667751529434,30.4,330.3,331.5,333.3,335.5,-75.17106368421052,24.94736842105263,2,0.028789473684210542,0.03100000000000014
vehicle_005_session_00360,vehicle_005,360,train,124.23057647518081,30.4,328.6,330.4,331.3,332.2,-41.80400973333333,20.133333333333333,1,0.017746666666666702,0.019000000000000128
vehicle_005_session_00361,vehicle_005,361,train,120.90986740277779,78.0,360.2,362.6,364.95,367.5,-39.632894868421054,23.0,0,0.029355263157894707,0.031000000000000583
vehicle_005_session_00362,vehicle_005,362,train,123.49339987244905,58.4,346.2,347.70000000000005,350.7375,353.3,-39.802685866666685,23.0,0,0.02273333333333336,0.025000000000000355
vehicle_005_session_00363,vehicle_005,363,train,124.32243603395067,72.4,355.3,357.8,360.2,362.7,-39.72237750000001,20.0,0,0.028526315789473664,0.03000000000000025
vehicle_005_session_00364,vehicle_005,364,train,117.64700254493467,29.6,334.1,335.3,336.4,337.3,-39.875991866666666,22.0,0,0.010213333333333345,0.01100000000000012
vehicle_005_session_00365,vehicle_005,365,train,124.43300724367661,48.4,336.6,337.75,339.9,342.7,-40.09474631578947,20.69736842105263,1,0.027815789473684197,0.03100000000000014
vehicle_005_session_00366,vehicle_005,366,train,121.09367873830013,24.4,326.9,327.45,328.3,328.9,-30.354670533333326,19.106666666666666,1,0.013786666666666681,0.015000000000000124
vehicle_005_session_00367,vehicle_005,367,train,121.65473988646384,10.8,323.8,325.25,327.9,329.4,-70.1293416,26.826666666666668,1,0.02681333333333331,0.029999999999999805
vehicle_005_session_00368,vehicle_005,368,train,123.53008630349102,68.0,352.5,353.25,354.6,356.1,-26.040793552631577,27.0,0,0.02432894736842108,0.026000000000000245
vehicle_005_session_00369,vehicle_005,369,train,124.11950252902157,62.8,349.3,351.35,354.9,358.9,-70.50131592105264,23.407894736842106,1,0.03696052631578949,0.039000000000000146
vehicle_005_session_00370,vehicle_005,370,train,124.73804882528559,54.8,341.9,344.45000000000005,348.4,352.4,-70.43683578947369,22.68421052631579,1,0.03701315789473681,0.041999999999999815
vehicle_005_session_00371,vehicle_005,371,train,124.94783025793654,72.4,357.5,359.35,363.075,367.2,-70.0800056,24.76,1,0.03850666666666663,0.04100000000000037
vehicle_005_session_00372,vehicle_005,372,train,123.97953487835574,38.0,332.4,333.8,336.0,338.9,-70.15790539473684,19.539473684210527,1,0.029447368421052608,0.03299999999999992
vehicle_005_session_00373,vehicle_005,373,train,124.92040943016617,54.8,341.9,344.25,348.3,352.4,-69.92236486842106,23.19736842105263,1,0.03678947368421052,0.040000000000000036
vehicle_005_session_00374,vehicle_005,374,train,124.16273645108161,52.0,335.8,337.95,341.8,344.7,-37.33733357733333,18.0,0,0.029013333333333342,0.03200000000000003
vehicle_005_session_00375,vehicle_005,375,train,122.52036119839106,24.4,327.5,328.4,329.4,330.3,-45.20132592105264,23.026315789473685,1,0.018250000000000047,0.020000000000000018
vehicle_005_session_00376,vehicle_005,376,train,123.54353884043931,49.2,336.1,336.9,338.4,340.2,-25.72238802631578,30.0,0,0.024407894736842035,0.028000000000000025
vehicle_005_session_00377,vehicle_005,377,train,122.9769037434896,20.8,326.9,328.4,329.79999999999995,331.0,-65.29079578947368,28.789473684210527,1,0.024263157894736875,0.026000000000000245
vehicle_005_session_00378,vehicle_005,378,train,121.413556120403,26.0,328.2,328.8,329.79999999999995,330.8,-45.773694078947386,29.960526315789473,1,0.019000000000000017,0.020999999999999908
vehicle_005_session_00379,vehicle_005,379,train,124.3843042922948,18.0,325.0,325.6,326.525,327.2,-25.899989999999995,27.0,0,0.015133333333333283,0.018000000000000238
vehicle_005_session_00380,vehicle_005,380,train,123.05827369314714,24.8,328.5,329.79999999999995,331.3,332.7,-70.04666986666668,23.893333333333334,2,0.026333333333333372,0.028000000000000025
vehicle_005_session_00381,vehicle_005,381,train,123.92576791316947,42.0,333.2,334.5,337.0,340.3,-65.05526789473684,27.43421052631579,1,0.03148684210526313,0.03600000000000003
vehicle_005_session_00382,vehicle_005,382,train,123.50021462919287,46.4,334.4,335.25,337.5,340.2,-44.46053065789474,26.013157894736842,0,0.027263157894736812,0.03200000000000003
vehicle_005_session_00383,vehicle_005,383,train,123.2862286104681,11.2,323.6,325.2,327.9,329.6,-70.40394355263157,24.763157894736842,1,0.026736842105263146,0.028999999999999915
vehicle_005_session_00384,vehicle_005,384,train,122.78497250631314,18.8,326.9,328.2,329.6,331.0,-70.03684460526316,32.921052631578945,1,0.02603947368421053,0.028999999999999915
vehicle_005_session_00385,vehicle_005,385,train,123.39940073883817,10.0,321.1,322.2,323.5,324.7,-25.743990399999998,27.0,0,0.01485333333333335,0.016999999999999904
vehicle_005_session_00386,vehicle_005,386,train,124.2749566261574,73.6,358.6,360.25,363.8375,368.2,-70.09867293333333,32.946666666666665,1,0.0382666666666667,0.04100000000000037
vehicle_005_session_00387,vehicle_005,387,train,124.24827615332843,6.8,321.4,322.9,325.7,328.0,-69.9640028,32.333333333333336,0,0.026733333333333314,0.028000000000000025
vehicle_005_session_00388,vehicle_005,388,train,124.67543911570343,48.0,336.1,337.6,341.5,346.1,-69.97763460526316,33.36842105263158,1,0.03626315789473686,0.040000000000000036
vehicle_005_session_00389,vehicle_005,389,train,123.51470389806083,34.0,330.5,331.7,333.55,335.8,-69.92207844155845,30.935064935064936,2,0.02823376623376625,0.03100000000000014
vehicle_005_session_00390,vehicle_005,390,train,123.74031275839792,40.8,332.7,333.9,336.3,339.6,-70.33290223684209,34.18421052631579,1,0.03161842105263153,0.03600000000000003
vehicle_005_session_00391,vehicle_005,391,train,124.73430736991398,69.2,354.3,355.9,359.35,363.6,-69.85789736842105,35.0,0,0.03773684210526314,0.040000000000000036
vehicle_005_session_00392,vehicle_005,392,train,124.89842841724543,49.6,336.9,338.6,342.875,347.2,-69.65734333333334,31.85333333333333,1,0.037066666666666685,0.040999999999999925
vehicle_005_session_00393,vehicle_005,393,train,124.35211666909484,40.4,331.7,332.6,334.2,336.3,-49.85132039473685,37.0,0,0.02431578947368423,0.027000000000000135
vehicle_005_session_00394,vehicle_005,394,train,122.5689072507023,26.4,327.7,330.25,331.9,333.6,-69.58289644736843,22.894736842105264,2,0.025802631578947414,0.02900000000000036
vehicle_005_session_00395,vehicle_005,395,train,121.96193724496068,21.6,327.8,329.15,330.7,332.1,-70.09474578947368,21.394736842105264,1,0.02525000000000002,0.027000000000000135
vehicle_005_session_00396,vehicle_005,396,train,125.54209441246348,67.2,354.7,355.4,358.6,362.5,-70.02763434210527,27.0,0,0.03776315789473683,0.040000000000000036
vehicle_005_session_00397,vehicle_005,397,train,123.05848614180482,25.2,328.5,329.6,331.0,332.4,-65.18667773333333,25.586666666666666,1,0.02445333333333334,0.026000000000000245
vehicle_005_session_00398,vehicle_005,398,train,124.14195221533521,49.2,337.2,339.20000000000005,343.70000000000005,348.0,-69.75334866666665,22.773333333333333,1,0.036466666666666654,0.040999999999999925
vehicle_005_session_00399,vehicle_005,399,train,122.82408349867725,52.4,342.5,343.5,346.9,350.8,-70.08853032786885,25.524590163934427,1,0.036229508196721286,0.038000000000000256
vehicle_005_session_00400,vehicle_005,400,train,122.64962740384618,20.8,328.2,328.3,328.9,329.7,-44.80002000000002,27.131147540983605,1,0.017803278688524618,0.020000000000000018
vehicle_005_session_00401,vehicle_005,401,train,125.05452205882361,61.2,348.2,348.8,350.8,353.2,-44.80002000000002,31.901639344262296,1,0.029049180327868834,0.03100000000000014
vehicle_005_session_00402,vehicle_005,402,train,121.11287456047819,34.4,332.4,332.8,334.2,336.4,-69.93770721311475,32.50819672131148,1,0.028901639344262285,0.03100000000000014
vehicle_005_session_00403,vehicle_005,403,train,124.1115292075164,66.4,353.5,354.3,357.4,361.4,-69.90656016393442,35.50819672131148,1,0.03849180327868852,0.040000000000000036
vehicle_005_session_00404,vehicle_005,404,train,121.15556166666669,43.2,336.1,336.4,338.6,342.4,-69.96721590163935,34.50819672131148,1,0.03332786885245897,0.038000000000000256
vehicle_005_session_00405,vehicle_005,405,train,125.09393328779603,73.2,359.1,359.9,363.2,367.4,-69.9426286885246,37.0,0,0.039393442622950775,0.04100000000000037
vehicle_005_session_00406,vehicle_005,406,train,125.45628629557295,68.4,354.9,355.7,358.9,363.0,-70.0606631147541,37.049180327868854,1,0.03890163934426225,0.04099999999999948
vehicle_005_session_00407,vehicle_005,407,train,125.8323419642857,69.6,356.6,357.4,360.7,364.9,-70.87869016393444,33.32786885245902,1,0.03911475409836067,0.04099999999999948
vehicle_005_session_00408,vehicle_005,408,train,124.50045418906808,58.4,345.2,346.9,350.3,354.3,-69.96885688524591,31.9672131147541,1,0.03732786885245904,0.039000000000000146
vehicle_005_session_00409,vehicle_005,409,train,120.73722285738486,38.8,334.2,334.7,336.4,339.1,-69.87705655737707,35.65573770491803,1,0.030967213114754037,0.03500000000000014
vehicle_005_session_00410,vehicle_005,410,train,125.86206283386755,72.0,358.0,358.6,361.9,366.0,-69.90000754098362,38.0,0,0.03924590163934426,0.04100000000000037
vehicle_005_session_00411,vehicle_005,411,train,122.256945874183,25.6,330.3,330.5,331.6,333.0,-70.00327901639345,34.26229508196721,1,0.02680327868852461,0.028999999999999915
vehicle_005_session_00412,vehicle_005,412,train,123.91790929414,53.2,342.5,343.3,346.6,350.5,-70.00163950819672,37.42622950819672,1,0.03699999999999999,0.039000000000000146
vehicle_005_session_00413,vehicle_005,413,train,121.42313931118618,26.0,330.5,330.8,331.7,333.2,-69.94753901639343,35.21311475409836,1,0.0270327868852459,0.03000000000000025
vehicle_005_session_00414,vehicle_005,414,train,122.67806152065528,55.6,344.7,345.5,348.6,352.4,-69.94098032786886,38.622950819672134,1,0.03703278688524592,0.039000000000000146
vehicle_005_session_00415,vehicle_005,415,train,122.77851589303121,54.0,342.7,343.6,347.1,351.1,-70.0721368852459,35.75409836065574,1,0.03772131147540982,0.040000000000000036
vehicle_005_session_00416,vehicle_005,416,train,124.96302379326055,68.4,354.7,355.5,358.6,362.7,-70.59345196721311,37.0,0,0.03937704918032786,0.04100000000000037
vehicle_005_session_00417,vehicle_005,417,train,124.460110498366,74.0,358.8,360.5,364.1,368.6,-70.95409508196722,32.967213114754095,1,0.039688524590163914,0.0420000000000007
vehicle_005_session_00418,vehicle_005,418,train,121.04166891627546,29.2,331.4,331.6,332.8,334.4,-69.91803295081966,37.59016393442623,1,0.02804918032786885,0.029999999999999805
vehicle_005_session_00419,vehicle_005,419,train,124.47469041218638,57.6,346.6,347.4,350.5,354.3,-69.89836196721312,40.09836065573771,1,0.0376065573770492,0.039000000000000146
vehicle_005_session_00420,vehicle_005,420,train,122.76327907338309,16.8,327.2,327.7,329.2,330.5,-70.12132032786886,35.114754098360656,1,0.026721311475409834,0.02900000000000036
vehicle_005_session_00421,vehicle_005,421,train,122.73558488247866,43.6,336.1,336.6,338.8,342.2,-70.05410360655738,38.34426229508197,1,0.0334918032786885,0.038000000000000256
vehicle_005_session_00422,vehicle_005,422,train,125.56945821759261,70.0,356.1,356.9,360.0,364.1,-70.06230016393444,40.0655737704918,1,0.03913114754098364,0.04100000000000037
vehicle_005_session_00423,vehicle_005,423,train,119.84999425925928,32.0,331.3,331.7,333.0,335.0,-69.98524442622951,38.14754098360656,1,0.028573770491803322,0.03100000000000014
vehicle_005_session_00424,vehicle_005,424,train,123.06695481150793,62.0,349.7,350.5,353.6,357.4,-69.93605983606558,41.0,0,0.03860655737704919,0.040000000000000036
vehicle_005_session_00425,vehicle_005,425,train,123.52117787247472,70.8,356.9,357.7,361.0,365.0,-69.27542672131149,41.0,0,0.03924590163934427,0.04100000000000037
vehicle_005_session_00426,vehicle_005,426,train,122.28550756048388,23.6,329.7,329.9,330.8,332.1,-65.01311688524589,36.540983606557376,1,0.024934426229508217,0.027000000000000135
vehicle_005_session_00427,vehicle_005,427,train,122.71484700520833,48.4,338.5,339.1,341.9,345.7,-64.98032983606558,39.32786885245902,1,0.03513114754098362,0.03799999999999981
vehicle_005_session_00428,vehicle_005,428,train,127.66012043467082,74.0,359.4,360.2,363.2,367.1,-64.97213442622952,40.885245901639344,1,0.038278688524590106,0.040000000000000036
vehicle_005_session_00429,vehicle_005,429,train,121.8831385888203,14.4,325.5,326.3,328.5,329.9,-70.38196262295082,39.19672131147541,1,0.02809836065573772,0.030999999999999694
vehicle_005_session_00430,vehicle_005,430,train,122.51037043946934,47.2,338.0,338.6,341.4,345.5,-70.35737983606556,42.75409836065574,1,0.0368852459016394,0.040000000000000036
vehicle_005_session_00431,vehicle_005,431,train,122.52827519841274,57.6,343.9,346.1,349.7,353.9,-71.21311967213116,33.78688524590164,1,0.03814754098360656,0.039000000000000146
vehicle_005_session_00432,vehicle_005,432,train,121.25217860243058,38.4,333.9,334.2,335.8,338.5,-69.82459688524591,38.377049180327866,1,0.03083606557377045,0.03400000000000025
vehicle_005_session_00433,vehicle_005,433,train,124.56976298309183,69.2,354.3,354.7,356.6,359.1,-42.85082360655739,38.0,0,0.030639344262295115,0.03200000000000003
vehicle_005_session_00434,vehicle_005,434,train,122.79750778903905,50.4,339.4,340.3,343.8,347.8,-70.73607918032786,38.131147540983605,1,0.03836065573770491,0.040000000000000036
vehicle_005_session_00435,vehicle_005,435,train,122.73425381263621,47.6,337.1,337.5,339.3,342.2,-49.80002000000002,40.34426229508197,1,0.029819672131147532,0.03400000000000025
vehicle_005_session_00436,vehicle_005,436,train,125.71452176816244,68.0,353.6,354.3,356.4,359.3,-49.80002000000002,41.0,0,0.03286885245901644,0.03400000000000025
vehicle_005_session_00437,vehicle_005,437,train,121.37524089253185,38.8,333.5,333.6,334.9,336.6,-50.06394081967213,40.0,0,0.024409836065573776,0.027000000000000135
vehicle_005_session_00438,vehicle_005,438,train,123.67723150373929,63.6,350.5,351.0,353.2,356.0,-50.032790163934436,41.0,0,0.03252459016393445,0.03400000000000025
vehicle_005_session_00439,vehicle_005,439,train,119.0731546474359,34.0,331.4,331.7,332.4,333.3,-40.899989999999995,34.0,0,0.01936065573770494,0.020999999999999908
vehicle_005_session_00440,vehicle_005,440,train,122.5217565359477,54.8,342.8,343.3,345.3,347.7,-40.899989999999995,36.0,0,0.029131147540983646,0.03200000000000003
vehicle_005_session_00441,vehicle_005,441,train,121.28523134920637,4.8,320.3,322.1,324.9,327.2,-70.24263049180328,36.0,0,0.028163934426229522,0.03000000000000025
vehicle_005_session_00442,vehicle_005,442,train,122.27918337962963,32.8,332.4,332.5,333.8,335.7,-70.23771344262296,37.50819672131148,1,0.02900000000000004,0.03100000000000014
vehicle_005_session_00443,vehicle_005,443,train,124.63413676409621,62.8,350.3,351.1,354.3,358.2,-70.24918967213115,40.0,0,0.038918032786885284,0.040999999999999925
vehicle_005_session_00444,vehicle_005,444,train,121.66915669642859,42.0,335.2,335.7,337.7,341.0,-70.09508901639343,35.40983606557377,1,0.03295081967213111,0.03699999999999992
vehicle_005_session_00445,vehicle_005,445,train,125.00481923076921,70.0,356.3,357.1,360.3,364.4,-70.04754704918034,37.21311475409836,1,0.03999999999999997,0.04200000000000026
vehicle_005_session_00446,vehicle_005,446,train,120.012403125,36.0,333.6,333.9,335.5,337.8,-69.93934540983606,36.9344262295082,2,0.030180327868852448,0.03299999999999992
vehicle_005_session_00447,vehicle_005,447,train,123.01228947649574,64.0,352.2,352.8,356.0,359.9,-69.91475655737705,39.65573770491803,1,0.039295081967213145,0.04100000000000037
vehicle_005_session_00448,vehicle_005,448,train,121.93968915210577,37.2,333.5,333.9,335.3,337.8,-69.91803442622951,36.622950819672134,1,0.0304262295081967,0.03399999999999981
vehicle_005_session_00449,vehicle_005,449,train,121.85817482112799,63.2,351.0,351.6,354.3,357.7,-60.068856885245914,32.0,0,0.035868852459016436,0.038000000000000256
vehicle_005_session_00450,vehicle_005,450,train,121.7397017973856,56.8,344.9,346.1,349.6,353.5,-70.11312360655737,33.59016393442623,1,0.03837704918032787,0.03999999999999959
vehicle_005_session_00451,vehicle_005,451,train,123.09407948133678,48.8,336.8,338.3,342.2,346.9,-70.06065950819672,31.475409836065573,1,0.03845901639344265,0.04100000000000037
vehicle_005_session_00452,vehicle_005,452,train,125.26881118295026,74.4,360.5,361.3,364.6,368.8,-69.98852721311475,33.0,0,0.04108196721311478,0.04300000000000015
vehicle_005_session_00453,vehicle_005,453,train,121.4424197048611,35.6,332.2,333.3,335.0,337.4,-69.9688544262295,36.63934426229508,1,0.03008196721311474,0.03299999999999992
vehicle_005_session_00454,vehicle_005,454,train,121.90837309368189,30.8,329.6,330.3,331.7,333.3,-60.081972786885245,35.0,0,0.025081967213114793,0.027000000000000135
vehicle_005_session_00455,vehicle_005,455,train,121.51940427442528,51.2,340.0,340.8,343.8,347.4,-60.049184098360655,37.0,0,0.03598360655737708,0.038000000000000256
vehicle_005_session_00456,vehicle_005,456,train,127.28498172514621,74.8,359.7,360.5,363.8,368.0,-70.03607000000001,39.0,0,0.041098360655737694,0.04300000000000015
vehicle_005_session_00457,vehicle_005,457,train,122.47433252473364,14.0,322.4,325.7,328.2,329.7,-69.10984590163935,35.14754098360656,1,0.02788524590163934,0.03100000000000014
vehicle_005_session_00458,vehicle_005,458,train,120.34775,43.2,336.3,336.8,338.9,342.5,-70.15410836065573,38.40983606557377,1,0.03450819672131142,0.040000000000000036
vehicle_005_session_00459,vehicle_005,459,train,124.28850512005656,70.4,356.8,357.7,360.8,364.9,-70.1672231147541,40.0,0,0.040377049180327834,0.041999999999999815
vehicle_005_session_00460,vehicle_005,460,train,123.62941925505046,62.4,348.8,350.5,353.9,357.8,-70.89180360655737,38.0,0,0.03949180327868852,0.04100000000000037
vehicle_005_session_00461,vehicle_005,461,train,122.09808654513884,54.4,343.5,344.4,347.7,351.4,-69.98360491803278,38.24590163934426,1,0.03878688524590162,0.040999999999999925
vehicle_005_session_00462,vehicle_005,462,train,120.91986577868855,24.8,328.8,329.7,331.1,332.5,-70.31804540983606,33.14754098360656,2,0.027032786885245887,0.028999999999999915
vehicle_005_session_00463,vehicle_005,463,train,123.60157952069713,67.6,354.7,355.5,358.6,362.5,-70.35410213114754,37.75409836065574,1,0.040409836065573794,0.04200000000000026
vehicle_005_session_00464,vehicle_005,464,train,123.36195098039218,18.4,328.8,329.1,330.0,331.1,-70.20984704918033,31.0,0,0.02596721311475413,0.027000000000000135
vehicle_005_session_00465,vehicle_005,465,train,122.4779875332953,51.6,342.7,344.4,347.76,351.4,-70.19673360655737,34.885245901639344,1,0.038639344262295046,0.040999999999999925
vehicle_005_session_00466,vehicle_005,466,train,120.93816023662549,34.0,330.5,331.7,333.5,335.8,-70.18525590163934,33.52459016393443,1,0.029442622950819685,0.03299999999999992
vehicle_005_session_00467,vehicle_005,467,train,122.29253108062335,55.6,344.7,345.5,348.6,352.5,-70.1639444262295,36.0,0,0.03901639344262296,0.040999999999999925
vehicle_005_session_00468,vehicle_005,468,train,119.70778878066378,35.2,333.0,333.3,334.9,337.1,-70.98852344262295,36.18032786885246,1,0.030426229508196713,0.03299999999999992
vehicle_005_session_00469,vehicle_005,469,train,122.4151253858025,23.6,329.7,329.9,331.0,332.2,-70.5065580327869,35.032786885245905,1,0.0271803278688525,0.028000000000000025
vehicle_005_session_00470,vehicle_005,470,train,121.68297848274412,52.4,341.6,342.5,346.0,349.9,-70.49836049180328,38.557377049180324,1,0.0390655737704918,0.040999999999999925
vehicle_005_session_00471,vehicle_005,471,train,120.55958961004275,42.8,334.9,335.2,336.6,338.6,-50.70656803278689,36.40983606557377,1,0.02677049180327864,0.03000000000000025
vehicle_005_session_00472,vehicle_005,472,train,123.55052954545462,63.6,350.3,350.8,353.0,355.8,-50.70164950819673,38.0,0,0.03352459016393444,0.03500000000000014
vehicle_005_session_00473,vehicle_005,473,train,122.51001699284517,59.2,348.0,348.8,352.1,356.0,-69.7164050819672,36.0,0,0.039229508196721295,0.04100000000000037
vehicle_005_session_00474,vehicle_005,474,train,122.01002770061729,44.8,335.2,336.0,338.8,343.3,-69.90491442622951,34.16393442622951,1,0.03603278688524587,0.04200000000000026
vehicle_005_session_00475,vehicle_005,475,train,125.19271371187362,72.8,357.2,357.8,360.0,363.0,-49.77870639344264,39.0,0,0.03459016393442619,0.03599999999999959
vehicle_005_session_00476,vehicle_005,476,train,123.16524884259263,55.6,344.7,345.7,348.9,352.7,-69.8491855737705,37.0,0,0.039327868852458994,0.04100000000000037
vehicle_005_session_00477,vehicle_005,477,train,120.91667291666667,45.2,336.8,337.4,339.9,344.1,-70.06557901639344,33.67213114754098,1,0.03591803278688524,0.040000000000000036
vehicle_005_session_00478,vehicle_005,478,train,125.6642900728598,73.2,359.1,360.0,363.3,367.5,-70.02787213114755,36.0,0,0.040508196721311424,0.0420000000000007
vehicle_005_session_00479,vehicle_005,479,train,121.90612242965366,48.4,338.5,339.3,342.7,346.9,-70.06885672131146,33.47540983606557,1,0.03814754098360657,0.040999999999999925
vehicle_005_session_00480,vehicle_005,480,train,118.85534641203706,30.8,331.6,331.7,333.2,335.0,-70.81640786885245,36.77049180327869,1,0.02918032786885247,0.03100000000000014
vehicle_005_session_00481,vehicle_005,481,train,122.25379776936029,54.8,344.6,345.5,348.6,352.7,-70.82624163934425,39.557377049180324,1,0.03901639344262293,0.040999999999999925
vehicle_005_session_00482,vehicle_005,482,train,122.74854788011696,22.8,328.9,329.1,329.9,330.8,-55.08689131147541,35.0,0,0.021950819672131153,0.02400000000000002
vehicle_005_session_00483,vehicle_005,483,train,118.40726926523296,45.6,336.8,337.2,339.1,342.2,-55.05082524590165,37.032786885245905,1,0.03139344262295079,0.038000000000000256
vehicle_005_session_00484,vehicle_005,484,train,123.40536451903293,70.4,356.0,356.6,359.3,362.4,-55.096728360655746,38.0,0,0.035180327868852446,0.03799999999999981
vehicle_005_session_00485,vehicle_005,485,train,120.79654819444445,34.0,330.8,331.7,333.5,335.8,-70.7000119672131,32.09836065573771,2,0.02955737704918035,0.03200000000000003
vehicle_005_session_00486,vehicle_005,486,train,122.45928092592594,54.0,343.2,344.1,347.4,351.4,-70.71312606557377,34.47540983606557,1,0.038999999999999986,0.040000000000000036
vehicle_005_session_00487,vehicle_005,487,train,121.28784395729687,28.0,331.0,331.3,332.4,333.9,-70.08853344262296,31.42622950819672,1,0.027721311475409877,0.03000000000000025
vehicle_005_session_00488,vehicle_005,488,train,122.6660709541062,54.8,344.3,345.2,348.3,352.2,-70.04426672131147,34.85245901639344,1,0.03854098360655739,0.040000000000000036
vehicle_005_session_00489,vehicle_005,489,train,122.07467294730392,26.0,328.5,329.7,331.1,332.7,-70.2983706557377,34.50819672131148,1,0.027262295081967224,0.029999999999999805
vehicle_005_session_00490,vehicle_005,490,train,123.75762985159818,53.6,342.5,343.3,346.8,350.7,-70.29673508196721,37.49180327868852,1,0.039032786885245904,0.04100000000000037
vehicle_005_session_00491,vehicle_005,491,train,121.86276062091504,47.2,336.9,337.7,340.8,345.5,-70.19837016393443,35.131147540983605,1,0.03816393442622951,0.04200000000000026
vehicle_005_session_00492,vehicle_005,492,train,122.2151075552209,35.6,331.3,332.2,334.1,336.6,-70.82787721311476,36.26229508196721,1,0.03062295081967216,0.03300000000000036
vehicle_005_session_00493,vehicle_005,493,train,123.3389587087087,42.8,333.8,335.0,337.8,341.8,-69.85246262295082,36.18032786885246,2,0.03506557377049177,0.040000000000000036
vehicle_005_session_00494,vehicle_005,494,train,123.71466557017547,72.8,359.1,360.0,363.3,367.5,-69.99672098360655,38.26229508196721,1,0.041262295081967194,0.04300000000000015
vehicle_005_session_00495,vehicle_005,495,train,123.61111111111114,64.0,351.0,351.4,353.6,356.6,-52.0,38.0,0,0.03432786885245904,0.03600000000000003
vehicle_005_session_00496,vehicle_005,496,train,122.30338287306199,54.4,343.2,344.3,347.8,351.8,-69.87213540983608,32.73770491803279,1,0.03937704918032787,0.04300000000000015
vehicle_005_session_00497,vehicle_005,497,train,121.9149345486111,62.0,349.1,350.0,353.0,356.8,-65.00983704918033,28.540983606557376,1,0.037573770491803264,0.039000000000000146
vehicle_005_session_00498,vehicle_005,498,train,121.97775333333331,48.8,337.5,338.0,340.2,343.6,-49.899989999999995,33.81967213114754,1,0.03298360655737703,0.037000000000000366
vehicle_005_session_00499,vehicle_005,499,train,122.536668274177,43.2,334.2,334.7,336.4,339.1,-55.1016493442623,33.09836065573771,1,0.02909836065573766,0.03399999999999981
vehicle_005_session_00500,vehicle_005,500,train,123.9081917438272,65.2,351.6,352.2,354.7,357.8,-55.05738262295082,35.0,0,0.035098360655737765,0.037000000000000366
vehicle_005_session_00501,vehicle_005,501,train,123.08761778846157,74.8,359.9,360.3,362.5,365.2,-45.200010000000006,34.0,0,0.033426229508196716,0.03500000000000014
vehicle_005_session_00502,vehicle_005,502,train,122.34907703703706,29.6,331.0,331.3,332.4,334.1,-69.94590360655738,32.57377049180328,1,0.02811475409836069,0.03000000000000025
vehicle_005_session_00503,vehicle_005,503,train,122.83583371310762,60.8,348.9,349.7,352.8,356.6,-69.87541131147542,36.0,0,0.03980327868852459,0.04200000000000026
vehicle_005_session_00504,vehicle_005,504,train,122.42513313802081,15.2,324.9,326.1,328.5,329.9,-70.50327901639345,39.459016393442624,1,0.02880327868852457,0.03100000000000014
vehicle_005_session_00505,vehicle_005,505,train,120.64060170088563,40.8,335.0,335.3,337.2,340.2,-70.50491852459015,42.131147540983605,2,0.033295081967213105,0.037000000000000366
vehicle_005_session_00506,vehicle_005,506,train,122.67233365483541,68.4,355.0,355.8,358.9,363.0,-70.54262721311476,44.0,0,0.041278688524590164,0.04300000000000015
vehicle_005_session_00507,vehicle_005,507,train,120.49931826388888,38.8,332.5,332.7,333.8,335.3,-45.529512459016395,37.0,0,0.023491803278688522,0.026000000000000245
vehicle_005_session_00508,vehicle_005,508,train,122.71447845179739,50.8,339.4,340.3,344.4,348.6,-70.68197737704917,38.557377049180324,1,0.04090163934426228,0.04400000000000004
vehicle_005_session_00509,vehicle_005,509,train,121.20025131381381,45.6,335.0,336.3,339.4,344.1,-69.49999950819672,36.459016393442624,1,0.03777049180327867,0.04300000000000015
vehicle_005_session_00510,vehicle_005,510,train,125.02120846193418,75.2,360.8,361.6,364.9,369.1,-69.4081875409836,38.0,0,0.04186885245901633,0.04300000000000015
vehicle_005_session_00511,vehicle_005,511,train,124.09629794896641,51.6,338.5,340.0125,343.9,347.5,-60.04533653333332,37.24,1,0.03817333333333335,0.04100000000000037
vehicle_005_session_00512,vehicle_005,512,train,122.1296337826797,64.8,350.2,351.8,355.0,359.1,-69.56230016393444,36.18032786885246,1,0.039934426229508206,0.04100000000000037
vehicle_005_session_00513,vehicle_005,513,train,119.99541594601682,29.6,329.7,330.7,332.2,333.9,-69.92459180327869,33.67213114754098,1,0.02831147540983611,0.03100000000000014
vehicle_005_session_00514,vehicle_005,514,train,122.17605940934067,50.8,340.5,341.3,344.9,348.8,-69.93114901639345,36.131147540983605,1,0.03985245901639346,0.04200000000000026
vehicle_005_session_00515,vehicle_005,515,train,120.70390540824917,34.0,332.8,333.0,334.2,336.4,-69.95081475409835,33.40983606557377,1,0.029754098360655765,0.03200000000000003
vehicle_005_session_00516,vehicle_005,516,train,121.75544821428569,60.4,348.9,349.7,352.8,356.6,-69.93605918032787,36.377049180327866,1,0.03977049180327872,0.04100000000000037
vehicle_005_session_00517,vehicle_005,517,train,123.34519519163153,57.6,346.4,347.4,350.5,354.3,-69.96065180327868,34.032786885245905,1,0.03967213114754097,0.041999999999999815
vehicle_005_session_00518,vehicle_005,518,train,122.33394202898553,63.2,349.9,350.8,353.9,358.0,-70.04262655737705,38.0,0,0.040016393442622984,0.04200000000000026
vehicle_005_session_00519,vehicle_005,519,train,121.3295256313131,48.4,337.5,338.2,340.5,344.1,-54.92458262295081,35.967213114754095,1,0.034918032786885225,0.039000000000000146
vehicle_005_session_00520,vehicle_005,520,train,122.86387124999996,70.4,356.0,356.8,359.3,362.4,-54.90490852459016,37.0,0,0.036393442622950765,0.03799999999999981
vehicle_005_session_00521,vehicle_005,521,train,120.98765432098769,39.2,332.7,333.0,333.9,335.2,-40.0,33.0,0,0.021672131147541015,0.02400000000000002
vehicle_005_session_00522,vehicle_005,522,train,122.25555888888887,43.6,335.2,335.5,337.1,339.7,-55.01311606557377,40.01639344262295,1,0.029950819672131097,0.03400000000000025
vehicle_005_session_00523,vehicle_005,523,train,120.09561742424245,46.4,337.2,337.8,340.7,345.2,-71.19837065573769,38.42622950819672,1,0.039098360655737706,0.04400000000000004
vehicle_005_session_00524,vehicle_005,524,train,124.08312464689268,18.8,327.8,328.3,329.6,330.8,-70.7541137704918,39.0,0,0.02791803278688528,0.03000000000000025
vehicle_005_session_00525,vehicle_005,525,train,120.76980178907718,42.8,335.7,336.1,338.2,341.6,-70.770508852459,41.59016393442623,1,0.034999999999999976,0.040000000000000036
vehicle_005_session_00526,vehicle_005,526,train,122.80295174808438,66.4,353.2,353.9,357.1,361.1,-70.77542737704917,43.540983606557376,1,0.041606557377049144,0.04300000000000015
vehicle_005_session_00527,vehicle_005,527,train,122.2606085526316,23.6,329.9,330.0,331.0,332.2,-70.06558000000001,40.85245901639344,1,0.02767213114754101,0.03000000000000025
vehicle_005_session_00528,vehicle_005,528,train,127.80074952919024,72.4,357.8,358.6,361.6,365.7,-67.04098770491804,45.0,0,0.040868852459016385,0.0420000000000007
vehicle_005_session_00529,vehicle_005,529,train,121.63447098214286,50.0,338.0,338.5,340.5,343.9,-49.79510147540986,43.0,0,0.0338032786885246,0.03799999999999981
vehicle_005_session_00530,vehicle_005,530,train,122.03527875712254,9.2,322.2,323.5,326.1,328.5,-70.2803419672131,39.90163934426229,1,0.028901639344262285,0.03000000000000025
vehicle_005_session_00531,vehicle_005,531,train,120.96067084339775,40.4,334.9,335.2,337.1,339.9,-70.30329114754099,42.34426229508197,1,0.03324590163934424,0.038000000000000256
vehicle_005_session_00532,vehicle_005,532,train,125.08764103835976,68.0,354.7,355.3,358.5,362.2,-68.86394770491803,44.49180327868852,1,0.04114754098360656,0.04300000000000015
vehicle_005_session_00533,vehicle_005,533,train,121.25682461873643,34.0,330.8,331.7,333.5,335.7,-70.13279639344263,42.80327868852459,1,0.030655737704918085,0.03400000000000025
vehicle_005_session_00534,vehicle_005,534,train,123.02839553140095,54.8,343.6,344.4,347.7,351.4,-68.43771311475412,44.52459016393443,1,0.04018032786885245,0.04400000000000004
vehicle_005_session_00535,vehicle_005,535,train,120.58962660751027,21.6,328.6,328.8,329.4,330.3,-49.87704606557377,41.0,0,0.020836065573770535,0.02200000000000024
vehicle_005_session_00536,vehicle_005,536,train,121.84515423611109,62.4,349.4,349.9,352.2,354.9,-49.82296393442624,44.0,0,0.03424590163934427,0.03600000000000003
vehicle_005_session_00537,vehicle_005,537,train,124.60503862847222,57.6,345.3,346.1,349.4,353.5,-70.0,42.0,0,0.040606557377049164,0.041999999999999815
vehicle_005_session_00538,vehicle_005,538,train,122.86796242159502,40.0,332.5,333.6,335.8,338.9,-70.2868993442623,37.52459016393443,1,0.03313114754098356,0.03799999999999981
vehicle_005_session_00539,vehicle_005,539,train,124.17608286252357,55.2,341.3,341.9,344.4,347.4,-50.0,40.68852459016394,1,0.03496721311475411,0.037000000000000366
vehicle_005_session_00540,vehicle_005,540,train,123.73649029063787,56.4,343.6,344.3,346.8,349.7,-50.37704606557377,35.0,0,0.034590163934426196,0.038000000000000256
vehicle_005_session_00541,vehicle_005,541,train,121.60924933226494,44.0,336.1,336.6,338.9,342.8,-70.0491849180328,36.377049180327866,1,0.03670491803278684,0.04300000000000015
vehicle_005_session_00542,vehicle_005,542,train,126.48372723023496,75.6,361.0,361.8,365.0,369.4,-70.03606918032787,39.0,0,0.04318032786885253,0.04499999999999993
vehicle_005_session_00543,vehicle_005,543,train,122.71765673904547,61.2,349.1,349.9,353.0,356.9,-69.78690393442623,42.0,0,0.041213114754098376,0.04300000000000015
vehicle_005_session_00544,vehicle_005,544,train,122.7278227339181,48.4,336.1,337.8,341.8,346.4,-69.91475147540983,37.885245901639344,1,0.040540983606557356,0.04499999999999993
vehicle_005_session_00545,vehicle_005,545,train,125.11016008141763,71.6,357.7,358.5,361.8,365.8,-69.99836049180328,39.0,0,0.04250819672131147,0.04400000000000048
vehicle_005_session_00546,vehicle_005,546,train,121.14400402046783,48.8,338.9,339.4,342.1,345.5,-54.94589950819672,40.868852459016395,1,0.03604918032786887,0.038000000000000256
vehicle_005_session_00547,vehicle_005,547,train,125.42361513888889,72.0,357.8,358.5,361.1,364.3,-54.92950770491804,42.0,0,0.03749180327868851,0.040000000000000036
vehicle_005_session_00548,vehicle_005,548,train,122.45861489494304,52.8,341.1,341.9,345.5,349.4,-69.79345032786885,42.49180327868852,1,0.041229508196721304,0.04400000000000004
vehicle_005_session_00549,vehicle_005,549,train,122.91407337526206,60.0,347.7,348.2,350.3,352.7,-45.100010000000005,39.0,0,0.03290163934426227,0.03400000000000025
vehicle_005_session_00550,vehicle_005,550,train,119.01134086629003,28.4,329.9,330.0,331.0,332.1,-49.80329770491805,30.672131147540984,1,0.0215737704918033,0.02400000000000002
vehicle_005_session_00551,vehicle_005,551,train,124.64709307659939,71.2,356.8,357.4,359.7,362.5,-49.86885180327869,34.0,0,0.03547540983606557,0.037000000000000366
vehicle_005_session_00552,vehicle_005,552,train,120.58051795789932,34.8,331.6,332.2,334.1,336.4,-70.23935868852459,32.868852459016395,1,0.030573770491803327,0.03300000000000036
vehicle_005_session_00553,vehicle_005,553,train,123.32668418096404,60.8,349.3,349.9,353.0,357.1,-70.42786163934426,35.49180327868852,1,0.04124590163934426,0.04300000000000015
vehicle_005_session_00554,vehicle_005,554,train,119.47790715020577,30.4,330.3,330.5,331.3,332.2,-45.100010000000005,36.32786885245902,1,0.020918032786885272,0.02300000000000013
vehicle_005_session_00555,vehicle_005,555,train,121.31880116614253,54.8,342.2,343.0,345.7,348.6,-50.00491852459017,41.0,0,0.03596721311475409,0.039000000000000146
vehicle_005_session_00556,vehicle_005,556,train,125.33912103620476,62.0,348.2,349.5,352.29999999999995,355.5,-57.18684907894737,38.0,0,0.03715789473684211,0.039000000000000146
vehicle_005_session_00557,vehicle_005,557,train,120.21914258658009,40.0,333.9,334.4,336.3,339.4,-70.89343590163935,39.50819672131148,1,0.034344262295081925,0.0389999999999997
vehicle_005_session_00558,vehicle_005,558,train,121.12121565656567,45.2,336.3,336.9,339.6,343.8,-70.02951114754099,38.65573770491803,1,0.0385573770491803,0.04400000000000004
vehicle_005_session_00559,vehicle_005,559,train,122.66205074074072,52.4,340.0,341.3,345.5,349.7,-70.14099360655739,38.0,0,0.04291803278688525,0.04600000000000026
vehicle_005_session_00560,vehicle_005,560,train,123.28202959162523,50.0,339.3,340.0,343.3,347.7,-69.99508245901639,41.91803278688525,1,0.04136065573770493,0.04400000000000004
vehicle_005_session_00561,vehicle_005,561,train,126.96555780228765,77.2,362.2,363.0,366.4,370.7,-69.95738,43.0,0,0.04408196721311478,0.04600000000000026
vehicle_005_session_00562,vehicle_005,562,train,122.07107829520697,46.4,336.3,336.8,338.8,341.9,-54.998360491803275,38.0,0,0.033213114754098313,0.0389999999999997
vehicle_005_session_00563,vehicle_005,563,train,123.75208354166668,67.2,353.2,353.6,356.1,359.3,-55.001639508196725,39.0,0,0.03721311475409837,0.039000000000000146
vehicle_005_session_00564,vehicle_005,564,train,123.16176470588233,29.2,329.7,329.9,330.5,331.4,-45.0,36.0,0,0.020049180327868857,0.02200000000000024
vehicle_005_session_00565,vehicle_005,565,train,125.0,50.0,337.7,338.0,339.9,342.7,-45.0,38.0,0,0.0321967213114754,0.037000000000000366
vehicle_005_session_00566,vehicle_005,566,train,123.44651260288067,20.4,326.9,328.2,329.7,331.0,-70.11968016393442,35.049180327868854,2,0.027803278688524585,0.030999999999999694
vehicle_005_session_00567,vehicle_005,567,train,120.80729792580411,42.0,335.3,335.8,337.7,341.0,-69.98197213114754,37.721311475409834,1,0.03496721311475406,0.040000000000000036
vehicle_005_session_00568,vehicle_005,568,train,123.9565151072125,72.4,358.5,359.1,362.4,366.6,-69.96393852459016,40.0,0,0.04306557377049178,0.04500000000000082
vehicle_005_session_00569,vehicle_005,569,train,125.13890624999996,42.8,333.6,334.7,337.2,340.8,-70.14591098360656,40.0655737704918,1,0.03593442622950815,0.041999999999999815
vehicle_005_session_00570,vehicle_005,570,train,124.35589301529794,63.6,351.0,351.8,354.9,358.8,-70.17869885245902,42.0,0,0.0424754098360656,0.04400000000000048
vehicle_005_session_00571,vehicle_005,571,train,121.82663826884921,45.2,336.9,337.4,339.9,344.1,-70.51311606557377,38.557377049180324,1,0.03860655737704916,0.04400000000000004
vehicle_005_session_00572,vehicle_005,572,train,123.65657165404042,69.2,354.4,356.4,360.3,365.2,-80.05410360655738,38.36065573770492,1,0.04575409836065572,0.0470000000000006
vehicle_005_session_00573,vehicle_005,573,train,124.07640485006313,9.6,321.7,322.75,325.1,327.4,-59.939470263157894,39.75,1,0.02614473684210525,0.028000000000000025
vehicle_005_session_00574,vehicle_005,574,train,123.0911991203704,50.0,339.3,339.9,343.3,347.7,-69.98196540983606,41.80327868852459,1,0.04181967213114756,0.04499999999999993
vehicle_005_session_00575,vehicle_005,575,train,122.28792135885885,6.0,322.4,323.0,325.2,327.4,-70.08853147540984,44.0,0,0.030196721311475383,0.03299999999999992
vehicle_005_session_00576,vehicle_005,576,train,123.25391193181821,35.6,332.8,333.2,334.6,336.4,-67.70164819672132,45.0,0,0.030409836065573792,0.03399999999999981
vehicle_005_session_00577,vehicle_005,577,train,124.88467102165728,62.0,349.7,350.3,353.3,357.1,-67.68525622950821,47.0,0,0.041245901639344246,0.04300000000000015
vehicle_005_session_00578,vehicle_005,578,train,125.39181472844113,66.4,353.5,354.3,357.4,361.4,-70.23280032786886,42.52459016393443,1,0.042885245901639314,0.04400000000000004
vehicle_005_session_00579,vehicle_005,579,train,122.34440304149089,53.2,341.9,342.8,346.3,350.3,-69.94097901639344,41.0,0,0.0422295081967213,0.04500000000000037
vehicle_005_session_00580,vehicle_005,580,train,124.7804772625448,54.8,343.2,344.1,347.5,351.4,-70.07705655737705,41.65573770491803,1,0.04240983606557377,0.04499999999999993
vehicle_005_session_00581,vehicle_005,581,train,123.01273321759258,22.0,326.6,328.6,330.2,331.4,-69.59180573770492,37.9344262295082,1,0.027540983606557386,0.029999999999999805
vehicle_005_session_00582,vehicle_005,582,train,122.17162192460316,46.4,337.2,337.8,340.3,344.6,-69.97540737704918,40.557377049180324,1,0.0388360655737705,0.04500000000000037
vehicle_005_session_00583,vehicle_005,583,train,122.56894029850746,41.6,334.6,335.0,337.1,340.2,-70.19345262295082,42.442622950819676,1,0.034393442622950764,0.039000000000000146
vehicle_005_session_00584,vehicle_005,584,train,123.47801722756411,52.4,341.1,341.8,345.5,349.6,-70.0459062295082,40.0,0,0.041032786885245906,0.04400000000000004
vehicle_005_session_00585,vehicle_005,585,train,123.300555506651,42.0,334.7,335.2,337.2,340.5,-70.43278016393442,40.19672131147541,1,0.03467213114754097,0.039000000000000146
vehicle_005_session_00586,vehicle_005,586,train,126.47737589605735,70.8,356.8,357.7,360.8,365.0,-70.43441967213116,42.0,0,0.042196721311475296,0.04400000000000048
vehicle_005_session_00587,vehicle_005,587,train,123.69030202602481,10.8,322.4,323.85,326.65,328.9,-69.88684500000001,36.86842105263158,1,0.028815789473684194,0.03000000000000025
vehicle_005_session_00588,vehicle_005,588,train,121.12286837606841,39.6,333.9,334.6,336.1,338.9,-69.9901681967213,40.704918032786885,1,0.03303278688524587,0.03699999999999992
vehicle_005_session_00589,vehicle_005,589,train,124.8643246260684,65.6,352.7,353.3,356.6,360.5,-69.96230032786885,43.032786885245905,1,0.04175409836065576,0.04300000000000015
vehicle_005_session_00590,vehicle_005,590,train,117.9951259027778,42.0,334.6,334.9,336.1,337.8,-44.96393081967213,34.0,0,0.025573770491803257,0.028999999999999915
vehicle_005_session_00591,vehicle_005,591,train,122.91317326388886,62.0,349.3,349.9,351.8,354.3,-44.90162950819671,35.950819672131146,1,0.03277049180327872,0.03400000000000025
vehicle_005_session_00592,vehicle_005,592,train,122.61489386133755,24.0,326.4,328.25,329.275,330.3,-44.707903289473684,33.0,0,0.019171052631578974,0.020999999999999908
vehicle_005_session_00593,vehicle_005,593,train,124.55717617521371,70.0,356.3,357.1,360.5,364.6,-69.94754786885245,42.0,0,0.04234426229508193,0.04400000000000048
vehicle_005_session_00594,vehicle_005,594,train,124.78409437103177,27.6,328.9,329.9,331.3,332.8,-69.88933399999999,38.0,0,0.027960000000000037,0.029999999999999805
vehicle_005_session_00595,vehicle_005,595,train,128.16450340413948,75.2,359.6,360.0,362.4,365.2,-48.00655803278689,42.0,0,0.03586885245901636,0.03700000000000081
vehicle_005_session_00596,vehicle_005,596,train,124.02324808455438,61.2,347.2,348.70000000000005,351.70000000000005,355.0,-59.9026344736842,38.421052631578945,0,0.037868421052631565,0.040000000000000036
vehicle_005_session_00597,vehicle_005,597,train,123.45150345432418,20.0,326.7,327.8,329.2,330.5,-60.104007200000005,33.17333333333333,1,0.024640000000000016,0.028000000000000025
vehicle_005_session_00598,vehicle_005,598,train,124.71045322327039,22.4,328.3,328.5,329.2,330.2,-50.100010000000005,43.0,0,0.0215737704918033,0.02300000000000013
vehicle_005_session_00599,vehicle_005,599,train,121.96738541666669,43.6,335.2,335.5,336.9,339.1,-50.08033590163935,45.032786885245905,1,0.028491803278688475,0.03200000000000003
vehicle_005_session_00600,vehicle_005,600,train,124.52944051535093,26.0,330.2,330.3,331.3,332.7,-69.17705918032787,41.32786885245902,1,0.027918032786885257,0.029999999999999805
vehicle_005_session_00601,vehicle_005,601,train,125.02691627543034,56.8,345.2,346.0,348.9,352.7,-67.35574770491804,44.868852459016395,1,0.040245901639344245,0.04200000000000026
vehicle_005_session_00602,vehicle_005,602,train,126.21413628472224,70.4,356.3,357.1,360.5,364.6,-70.68525590163934,41.18032786885246,1,0.04255737704918032,0.04400000000000048
vehicle_005_session_00603,vehicle_005,603,train,122.01913865106545,32.8,332.1,332.4,333.6,335.5,-69.33115819672133,41.24590163934426,1,0.029770491803278714,0.03200000000000003
vehicle_005_session_00604,vehicle_005,604,train,123.77553574346402,62.0,349.9,350.8,353.8,357.5,-69.31640852459019,44.0,0,0.04126229508196725,0.04300000000000015
vehicle_005_session_00605,vehicle_005,605,train,120.72981161616161,32.0,331.9,332.2,333.5,335.3,-70.57705688524591,42.67213114754098,1,0.03042622950819674,0.03299999999999992
vehicle_005_session_00606,vehicle_005,606,train,122.09942967592592,54.0,343.2,344.1,347.4,351.3,-68.52131360655737,45.24590163934426,1,0.041081967213114745,0.04300000000000015
vehicle_005_session_00607,vehicle_005,607,train,124.10329668209884,60.4,346.8,348.6,352.1,356.0,-70.7327993442623,40.83606557377049,1,0.04155737704918034,0.04300000000000015
vehicle_005_session_00608,vehicle_005,608,train,124.00002132936513,47.2,338.2,338.8,341.8,346.1,-70.21312606557377,42.22950819672131,1,0.04040983606557381,0.04400000000000004
vehicle_005_session_00609,vehicle_005,609,train,124.23816971086654,34.0,330.5,331.65,333.5,335.7,-69.94079065789474,35.026315789473685,1,0.030000000000000044,0.03300000000000036
vehicle_005_session_00610,vehicle_005,610,train,124.14033548850573,56.0,344.7,346.1,349.4,353.5,-70.07049885245902,34.47540983606557,1,0.04167213114754098,0.04500000000000037
vehicle_005_session_00611,vehicle_005,611,train,123.10969255514706,2.0,317.8,319.1,322.5,325.3,-70.1295175409836,35.0,0,0.031475409836065574,0.03300000000000036
vehicle_005_session_00612,vehicle_005,612,train,126.1534357638889,43.6,335.7,336.1,338.2,341.1,-70.05082393442623,37.63934426229508,1,0.03416393442622946,0.039000000000000146
vehicle_005_session_00613,vehicle_005,613,train,128.60159839829745,69.6,355.3,356.1,359.3,363.3,-70.04262836065574,39.967213114754095,0,0.04204918032786883,0.04400000000000048
vehicle_005_session_00614,vehicle_005,614,train,122.8332399209105,35.2,330.7,331.9,333.8,336.1,-69.98852459016393,33.0655737704918,2,0.03019672131147545,0.03300000000000036
vehicle_005_session_00615,vehicle_005,615,train,124.22650566239317,64.0,351.8,352.5,355.5,359.6,-69.96557754098362,36.0,0,0.04160655737704921,0.04300000000000015
vehicle_005_session_00616,vehicle_005,616,train,125.66405276537698,40.0,332.4,333.5,335.8,338.9,-69.89015754098361,34.60655737704918,1,0.03288524590163932,0.03699999999999992
vehicle_005_session_00617,vehicle_005,617,train,124.87477693602689,62.8,350.8,351.6,354.7,358.6,-69.90327295081967,37.0,0,0.04168852459016395,0.04300000000000015
vehicle_005_session_00618,vehicle_005,618,train,122.3179205180641,27.6,329.1,330.25,331.7,333.5,-69.8786684,33.6,1,0.028080000000000015,0.03100000000000014
vehicle_005_session_00619,vehicle_005,619,train,121.32197488929147,32.0,331.9,332.4,333.6,335.5,-70.08689360655738,33.34426229508197,1,0.029737704918032782,0.03200000000000003
vehicle_005_session_00620,vehicle_005,620,train,122.99121365740739,60.0,348.8,349.6,352.7,356.6,-70.0836149180328,36.52459016393443,1,0.04124590163934426,0.04300000000000015
vehicle_005_session_00621,vehicle_005,621,train,124.16872671568628,14.8,326.4,327.1,328.8,330.0,-70.68853459016393,36.0,0,0.02831147540983609,0.03100000000000014
vehicle_005_session_00622,vehicle_005,622,train,122.67073495370371,42.0,335.8,336.3,338.3,341.4,-70.67050180327868,38.98360655737705,2,0.03516393442622947,0.040999999999999925
vehicle_005_session_00623,vehicle_005,623,train,124.60729160680076,71.2,357.7,358.6,361.9,366.0,-70.70000999999998,41.0,0,0.04309836065573767,0.04499999999999993
vehicle_005_session_00624,vehicle_005,624,train,123.54165618686869,37.6,331.6,332.5,334.7,337.4,-70.911471147541,35.114754098360656,1,0.03181967213114756,0.03500000000000014
vehicle_005_session_00625,vehicle_005,625,train,123.50290685386472,59.6,348.0,348.8,351.9,356.0,-70.91146655737704,37.0,0,0.04190163934426229,0.04400000000000004
vehicle_005_session_00626,vehicle_005,626,train,124.93966966049385,43.6,333.3,334.5,336.8375,339.9,-60.034668399999994,34.626666666666665,1,0.03209333333333331,0.037000000000000366
vehicle_005_session_00627,vehicle_005,627,train,124.47222104700853,65.6,353.0,353.9,357.1,361.3,-70.01639508196722,35.0,0,0.042049180327868835,0.04300000000000015
vehicle_005_session_00628,vehicle_005,628,train,125.21484353298605,67.6,353.6,353.9,355.8,358.0,-40.0,32.0,0,0.031409836065573786,0.03299999999999992
vehicle_005_session_00629,vehicle_005,629,train,122.7851234477124,48.4,339.3,340.2,343.8,348.6,-79.9540937704918,37.60655737704918,1,0.04298360655737707,0.04600000000000026
vehicle_005_session_00630,vehicle_005,630,train,123.23815329218105,51.6,339.4,339.9,342.5,345.8,-50.43769868852458,39.40983606557377,1,0.0355737704918033,0.038000000000000256
vehicle_005_session_00631,vehicle_005,631,train,125.59776511437913,73.2,358.2,358.6,361.1,363.9,-50.44589622950819,40.0,0,0.035721311475409856,0.038000000000000256
vehicle_005_session_00632,vehicle_005,632,train,124.04959177559918,60.4,347.1,347.7,349.7,352.2,-45.100010000000005,38.0,0,0.032836065573770466,0.03400000000000025
vehicle_005_session_00633,vehicle_005,633,train,123.54098270833337,26.0,328.9,329.9,331.3,332.8,-70.09017098360655,38.19672131147541,1,0.028081967213114793,0.03000000000000025
vehicle_005_session_00634,vehicle_005,634,train,121.14376663557215,46.0,337.8,338.5,341.1,345.5,-70.02131524590163,40.34426229508197,1,0.03936065573770493,0.04300000000000015
vehicle_005_session_00635,vehicle_005,635,train,126.3796018725199,73.2,359.7,360.5,363.8,368.0,-70.00000590163934,42.0,0,0.04245901639344266,0.04499999999999993
vehicle_005_session_00636,vehicle_005,636,train,120.78436764705887,40.4,333.5,333.8,334.9,336.3,-44.80002000000002,39.65573770491803,1,0.024278688524590183,0.027000000000000135
vehicle_005_session_00637,vehicle_005,637,train,123.2757424627371,44.4,336.0,336.6,339.4,344.1,-80.01639491803277,37.622950819672134,1,0.040295081967213126,0.04600000000000026
vehicle_005_session_00638,vehicle_005,638,train,128.459725,77.6,363.2,363.9,367.8,371.0,-77.64917672131145,40.0,0,0.04577049180327863,0.04899999999999949
vehicle_005_session_00639,vehicle_005,639,train,123.0364299417563,29.6,329.7,330.5,331.9,333.8,-69.95526381578948,40.473684210526315,1,0.02892105263157897,0.03200000000000003
vehicle_005_session_00640,vehicle_005,640,train,121.96485533854168,30.8,331.7,331.9,333.0,334.9,-70.08525442622951,42.26229508196721,1,0.02985245901639348,0.03200000000000003
vehicle_005_session_00641,vehicle_005,641,train,123.1318344717669,63.2,351.0,351.8,354.7,358.5,-68.04098770491804,45.0,0,0.04086885245901641,0.04300000000000015
vehicle_005_session_00642,vehicle_005,642,train,124.63351041666668,56.8,345.2,346.1,349.4,353.3,-70.20328901639343,39.885245901639344,1,0.041311475409836027,0.04300000000000015
vehicle_005_session_00643,vehicle_005,643,train,122.797877375731,7.6,321.0,322.4,325.0,327.5,-70.46557032786885,42.0,0,0.029360655737704872,0.030999999999999694
vehicle_005_session_00644,vehicle_005,644,train,122.94321190767974,30.4,331.4,331.7,332.8,334.6,-70.48032590163935,43.31147540983606,1,0.029590163934426247,0.03200000000000003
vehicle_005_session_00645,vehicle_005,645,train,123.59650669283415,57.6,346.1,346.9,349.9,353.8,-68.40654803278689,46.0,0,0.040491803278688496,0.04200000000000026
vehicle_005_session_00646,vehicle_005,646,train,123.33124601692211,17.2,325.2,326.5,328.85,330.3,-70.11974500000001,37.98684210526316,1,0.02923684210526315,0.03200000000000003
vehicle_005_session_00647,vehicle_005,647,train,123.80143960515875,27.6,328.8,329.95,331.5,333.3,-69.98421052631579,33.63157894736842,1,0.027855263157894737,0.03000000000000025
vehicle_005_session_00648,vehicle_005,648,train,122.9282581569665,22.8,327.5,328.8,330.2,331.4,-70.17869852459017,33.40983606557377,1,0.027163934426229518,0.029999999999999805
vehicle_005_session_00649,vehicle_005,649,train,123.11378043300653,48.0,338.2,338.8,341.4,346.0,-70.08361475409836,36.59016393442623,1,0.039245901639344286,0.04400000000000004
vehicle_005_session_00650,vehicle_005,650,train,126.35995685442381,75.6,361.0,361.8,365.0,369.3,-70.0868924590164,38.50819672131148,1,0.042983606557377076,0.04400000000000048
vehicle_005_session_00651,vehicle_005,651,train,121.21111152945116,36.8,333.5,333.8,335.5,338.0,-70.64919032786887,35.0655737704918,2,0.03208196721311476,0.03599999999999959
vehicle_005_session_00652,vehicle_005,652,train,125.03637706163198,70.4,357.2,358.0,361.3,365.5,-70.73607918032786,38.0,0,0.04262295081967214,0.04400000000000048
vehicle_005_session_00653,vehicle_005,653,train,120.53161008411587,40.4,334.7,335.0,337.1,340.0,-70.8295186885246,35.032786885245905,2,0.03388524590163931,0.038000000000000256
vehicle_005_session_00654,vehicle_005,654,train,125.05045160590274,68.8,355.7,356.4,359.6,363.8,-70.86885180327869,37.967213114754095,1,0.042688524590163944,0.04400000000000048
vehicle_005_session_00655,vehicle_005,655,train,121.49219382911397,31.2,331.9,332.2,333.5,335.2,-70.1623050819672,36.885245901639344,2,0.029737704918032803,0.03200000000000003
vehicle_005_session_00656,vehicle_005,656,train,122.40569574004977,62.8,351.3,352.1,355.0,358.9,-70.14263295081967,40.22950819672131,1,0.041524590163934436,0.04300000000000015
vehicle_005_session_00657,vehicle_005,657,train,124.4409857638889,18.4,326.3,326.6,328.0,329.1,-50.09509147540984,38.0,0,0.02234426229508196,0.02499999999999991
vehicle_005_session_00658,vehicle_005,658,train,121.58053412126063,38.4,333.0,333.3,334.2,336.0,-50.01967409836065,39.75409836065574,1,0.02504918032786889,0.027000000000000135
vehicle_005_session_00659,vehicle_005,659,train,125.39949962164751,62.8,346.6,349.20000000000005,351.475,354.1,-44.44133352,38.0,0,0.03298666666666665,0.03500000000000014
vehicle_005_session_00660,vehicle_005,660,train,122.83275476694912,13.6,323.5,324.5,327.0,328.8,-60.173343066666654,34.82666666666667,1,0.02611999999999999,0.028000000000000025
vehicle_005_session_00661,vehicle_005,661,train,124.23739801954734,37.2,331.4,332.4,334.2,336.8,-70.01803459016394,37.80327868852459,1,0.03140983606557383,0.03400000000000025
vehicle_005_session_00662,vehicle_005,662,train,124.94212384259258,58.8,346.9,347.7,351.0,354.7,-69.97376786885246,40.0,0,0.041180327868852444,0.04300000000000015
vehicle_005_session_00663,vehicle_005,663,train,124.07094320436512,61.6,349.6,350.3,353.5,357.4,-69.86394,40.704918032786885,1,0.041688524590163964,0.04300000000000015
vehicle_005_session_00664,vehicle_005,664,train,124.64984761345855,51.2,339.7,340.7,344.4,348.8,-70.02951114754099,36.09836065573771,1,0.041950819672131136,0.04499999999999993
vehicle_005_session_00665,vehicle_005,665,train,124.5451559027778,51.6,340.2,341.0,344.6,348.9,-70.32951868852459,36.34426229508197,1,0.041032786885245906,0.04400000000000004
vehicle_005_session_00666,vehicle_005,666,train,124.24294691708754,62.8,350.8,351.6,354.9,358.6,-69.97376786885246,38.0,0,0.041491803278688566,0.04300000000000015
vehicle_005_session_00667,vehicle_005,667,train,126.01564317129635,55.6,344.4,345.3,348.8,352.7,-70.69345262295082,42.622950819672134,1,0.041344262295081965,0.04400000000000004
vehicle_005_session_00668,vehicle_005,668,train,124.38537054311774,65.2,351.9,352.8,356.0,359.9,-69.96557639344265,40.0,0,0.041475409836065534,0.04300000000000015
vehicle_005_session_00669,vehicle_005,669,train,124.11683938172042,39.6,333.9,334.2,336.1,339.1,-70.14263229508197,37.81967213114754,1,0.0331147540983606,0.03699999999999992
vehicle_005_session_00670,vehicle_005,670,train,125.51420623978757,64.8,352.5,353.3,356.4,360.5,-70.10820360655738,40.0,0,0.04165573770491805,0.04300000000000015
vehicle_005_session_00671,vehicle_005,671,train,123.5703909588675,38.4,331.7,332.8,335.0,337.8,-70.1278768852459,36.60655737704918,1,0.031868852459016404,0.03500000000000014
vehicle_005_session_00672,vehicle_005,672,train,124.42444079566854,59.6,347.8,348.6,351.8,355.7,-70.00983852459017,38.868852459016395,1,0.04104918032786885,0.04300000000000015
vehicle_005_session_00673,vehicle_005,673,train,124.00956479519775,37.6,331.4,332.5,334.6,337.1,-69.79182245901639,39.459016393442624,1,0.03178688524590164,0.03500000000000014
vehicle_005_session_00674,vehicle_005,674,train,124.47817830882359,61.6,349.4,350.2,353.2,357.1,-69.76559032786885,42.0,0,0.04139344262295083,0.04300000000000015
vehicle_005_session_00675,vehicle_005,675,train,125.54895599856323,17.2,326.6,327.2,329.1,330.3,-69.89343590163934,36.0,0,0.027885245901639388,0.03100000000000014
vehicle_005_session_00676,vehicle_005,676,train,120.68996582341263,40.4,334.9,335.3,337.2,340.2,-69.91310606557376,38.36065573770492,1,0.033360655737704886,0.037000000000000366
vehicle_005_session_00677,vehicle_005,677,train,123.56557525045541,68.4,355.5,356.3,359.4,363.5,-69.95081475409836,41.0,0,0.04199999999999995,0.04300000000000015
vehicle_005_session_00678,vehicle_005,678,train,122.75949431818185,38.4,332.7,333.0,333.9,335.7,-49.614764098360666,41.0,0,0.024852459016393463,0.027000000000000135
vehicle_005_session_00679,vehicle_005,679,train,122.25041771488475,60.4,347.7,348.3,350.5,353.2,-49.60328868852459,42.81967213114754,1,0.034540983606557336,0.03600000000000003
vehicle_005_session_00680,vehicle_005,680,train,122.69008013523396,47.6,337.8,338.5,341.3,345.7,-70.2606718032787,36.622950819672134,1,0.038885245901639366,0.042999999999999705
vehicle_005_session_00681,vehicle_005,681,train,123.71345321637423,48.4,338.0,338.6,341.9,346.4,-70.51147655737705,37.14754098360656,2,0.04036065573770492,0.04400000000000004
vehicle_005_session_00682,vehicle_005,682,train,126.2871791544834,71.6,357.7,358.5,361.8,366.1,-70.57213836065574,39.0,0,0.04259016393442622,0.04400000000000048
vehicle_005_session_00683,vehicle_005,683,train,123.233052138448,31.6,331.6,331.7,333.2,334.9,-70.76067180327868,37.65573770491803,1,0.029770491803278728,0.03200000000000003
vehicle_005_session_00684,vehicle_005,684,train,123.19598122987115,56.8,346.0,346.9,350.2,354.1,-70.72624213114754,40.704918032786885,1,0.041229508196721304,0.04300000000000015
vehicle_005_session_00685,vehicle_005,685,train,124.66668006944444,41.2,332.4,333.6,336.0,339.3,-70.12623688524589,37.540983606557376,1,0.033459016393442585,0.038000000000000256
vehicle_005_session_00686,vehicle_005,686,train,123.90651323470213,61.2,349.1,349.9,353.0,357.1,-70.09672672131148,39.0,0,0.04167213114754098,0.04400000000000004
vehicle_005_session_00687,vehicle_005,687,train,122.63959277777778,43.6,333.9,335.2,337.8,341.8,-70.10492524590164,41.09836065573771,1,0.03645901639344259,0.04200000000000026
vehicle_005_session_00688,vehicle_005,688,train,123.9424018101093,63.6,351.3,352.1,355.2,359.1,-70.01475754098361,42.868852459016395,1,0.04188524590163937,0.04300000000000015
vehicle_005_session_00689,vehicle_005,689,train,124.73742632378476,57.2,343.6,345.5,349.3,353.3,-70.13771442622952,37.14754098360656,1,0.041360655737704886,0.04599999999999982
vehicle_005_session_00690,vehicle_005,690,train,124.31570240384615,68.0,354.1,354.9,358.2,362.4,-69.95245426229509,38.295081967213115,1,0.04191803278688524,0.04400000000000004
vehicle_005_session_00691,vehicle_005,691,train,123.25390691590567,21.6,328.6,329.2,330.3,331.9,-74.09672836065575,38.68852459016394,1,0.029147540983606543,0.03100000000000014
vehicle_005_session_00692,vehicle_005,692,train,122.82224737466126,51.2,341.3,342.1,345.7,349.9,-73.96721655737704,42.459016393442624,1,0.04286885245901641,0.04599999999999982
vehicle_005_session_00693,vehicle_005,693,train,125.4490433733522,64.4,351.1,352.1,355.2,359.1,-67.97377262295082,44.98360655737705,1,0.04129508196721315,0.04300000000000015
vehicle_005_session_00694,vehicle_005,694,train,124.89519476594653,23.2,329.7,330.0,331.0,332.2,-69.86557786885247,40.24590163934426,1,0.027836065573770528,0.029999999999999805
vehicle_005_session_00695,vehicle_005,695,train,123.66935954301078,44.8,336.9,337.5,339.7,343.5,-69.8836086885246,42.83606557377049,1,0.036999999999999984,0.04200000000000026
vehicle_005_session_00696,vehicle_005,696,train,126.59199737945492,70.0,356.8,357.4,360.5,364.4,-68.35574459016394,44.73770491803279,1,0.0420983606557377,0.04300000000000015
vehicle_005_session_00697,vehicle_005,697,train,122.86974436936937,32.0,331.9,332.2,333.5,335.3,-69.96393459016394,42.26229508196721,1,0.030114754098360695,0.03299999999999992
vehicle_005_session_00698,vehicle_005,698,train,121.71928009259261,61.6,350.0,350.8,353.8,357.5,-67.95573721311476,45.0,0,0.04075409836065576,0.04200000000000026
vehicle_005_session_00699,vehicle_005,699,train,123.98372423032409,50.0,338.3,339.79999999999995,342.875,346.8,-59.868002533333325,35.10666666666667,1,0.03841333333333335,0.041999999999999815
vehicle_005_session_00700,vehicle_005,700,train,125.53242161779839,73.2,359.4,361.0,364.6,368.8,-70.19345327868852,42.98360655737705,0,0.04273770491803278,0.04499999999999993
vehicle_005_session_00701,vehicle_005,701,train,125.58765291132481,61.2,348.0,348.5,351.0,353.8,-50.29018295081969,40.0,0,0.03498360655737703,0.03600000000000003
vehicle_005_session_00702,vehicle_005,702,train,125.42953760288069,76.0,360.7,362.15,365.75,370.2,-70.14737697368422,38.776315789473685,1,0.04289473684210535,0.04499999999999993
vehicle_005_session_00703,vehicle_005,703,train,119.72965835813494,46.4,337.7,338.3,341.1,345.5,-70.48360491803278,37.459016393442624,1,0.039426229508196756,0.04400000000000004
vehicle_005_session_00704,vehicle_005,704,train,124.97951508424403,68.8,355.8,356.8,359.9,364.1,-70.49672098360655,39.0,0,0.042393442622950826,0.04400000000000048
vehicle_005_session_00705,vehicle_005,705,train,125.30659140522876,50.0,334.9,335.8,337.15,338.6,-22.489483684210533,36.0,0,0.023657894736842065,0.027000000000000135
vehicle_005_session_00706,vehicle_005,706,train,123.94050535300929,15.6,326.0,326.6,328.6,330.0,-69.84590786885248,35.01639344262295,1,0.028459016393442605,0.030999999999999694
vehicle_005_session_00707,vehicle_005,707,train,121.21144483024695,44.4,336.9,337.4,339.7,343.6,-69.83279704918033,38.42622950819672,1,0.03678688524590163,0.041999999999999815
vehicle_005_session_00708,vehicle_005,708,train,124.39127109704644,42.0,334.6,334.9,337.1,340.2,-70.09672803278687,37.40983606557377,1,0.03447540983606553,0.040000000000000036
vehicle_005_session_00709,vehicle_005,709,train,126.11112217514128,74.0,359.7,360.5,363.8,368.2,-70.02623409836066,40.0,0,0.042999999999999976,0.04500000000000082
vehicle_005_session_00710,vehicle_005,710,train,124.36562833145649,47.6,337.1,337.7,340.7,345.2,-70.18197786885247,35.557377049180324,1,0.03981967213114754,0.04500000000000037
vehicle_005_session_00711,vehicle_005,711,train,127.70209583333337,77.6,362.8,363.8,367.1,371.4,-70.03607147540983,37.278688524590166,1,0.04368852459016392,0.04499999999999993
vehicle_005_session_00712,vehicle_005,712,train,124.30859143518518,37.6,331.4,332.5,334.6,337.2,-69.86885180327869,37.868852459016395,1,0.031704918032786876,0.03500000000000014
vehicle_005_session_00713,vehicle_005,713,train,123.35267133424409,60.4,348.6,349.4,352.7,356.4,-69.89507344262294,40.0,0,0.0415081967213115,0.04300000000000015
vehicle_005_session_00714,vehicle_005,714,train,124.07141959325402,59.6,348.6,349.4,352.7,356.6,-71.4311406557377,38.0,0,0.04195081967213118,0.04400000000000004
vehicle_005_session_00715,vehicle_005,715,train,123.46046548958334,17.6,325.2,326.5,328.5,329.7,-59.83553157894737,32.76315789473684,1,0.025789473684210515,0.028999999999999915
vehicle_005_session_00716,vehicle_005,716,train,123.26530405276307,22.4,326.6,327.45,328.6,329.6,-46.90656960526316,33.0,0,0.020184210526315804,0.02200000000000024
vehicle_005_session_00717,vehicle_005,717,train,126.83483755446629,65.2,352.5,353.3,356.4,360.5,-70.05246409836066,34.0,0,0.04144262295081967,0.042999999999999705
vehicle_005_session_00718,vehicle_005,718,train,125.34770814307463,17.2,325.7,326.9,329.1,330.5,-70.10164655737704,32.21311475409836,1,0.027754098360655767,0.03100000000000014
vehicle_005_session_00719,vehicle_005,719,train,120.98410896381579,46.8,338.3,338.9,341.8,346.1,-70.05902114754099,35.80327868852459,1,0.03729508196721316,0.04100000000000037
vehicle_005_session_00720,vehicle_005,720,train,123.54099836601316,77.2,363.5,364.3,367.5,371.9,-70.08525327868851,38.0,0,0.041196721311475365,0.04300000000000015
vehicle_005_session_00721,vehicle_005,721,train,122.88804452614377,52.4,339.7,340.2,342.7,345.7,-44.899989999999995,38.0,0,0.03303278688524592,0.03500000000000014
vehicle_005_session_00722,vehicle_005,722,train,124.12413556338025,54.8,343.2,344.1,347.8,351.9,-70.09017163934428,36.36065573770492,1,0.04011475409836064,0.04300000000000015
vehicle_005_session_00723,vehicle_005,723,train,125.1046725694445,45.6,334.6,336.1,339.3,343.9,-70.82460081967211,34.08196721311475,1,0.036868852459016374,0.04300000000000015
vehicle_005_session_00724,vehicle_005,724,train,123.78131876361662,67.2,353.2,353.8,355.8,358.3,-45.00327901639345,35.67213114754098,1,0.03227868852459021,0.03400000000000025
vehicle_005_session_00725,vehicle_005,725,train,126.45077094184035,58.4,346.6,347.4,350.7,354.6,-69.76559032786885,37.0,0,0.03947540983606556,0.040999999999999925
vehicle_005_session_00726,vehicle_005,726,train,124.37155333333337,23.6,328.6,328.9,329.6,330.5,-48.69345262295082,34.114754098360656,1,0.020163934426229536,0.02200000000000024
vehicle_005_session_00727,vehicle_005,727,train,120.05878405448718,43.6,335.3,335.7,337.1,339.3,-48.600010000000005,36.42622950819672,1,0.026885245901639303,0.03000000000000025
vehicle_005_session_00728,vehicle_005,728,train,125.53607571881092,63.2,348.8,350.5,354.1,358.2,-70.02623344262297,30.65573770491803,1,0.03939344262295082,0.040999999999999925
vehicle_005_session_00729,vehicle_005,729,train,120.2784584027778,33.6,332.2,332.5,333.6,335.0,-50.95573327868852,36.09836065573771,1,0.024213114754098403,0.026000000000000245
vehicle_005_session_00730,vehicle_005,730,train,118.29038459595962,53.6,344.4,344.9,347.5,350.3,-50.92786163934426,38.0,0,0.033999999999999975,0.03699999999999992
vehicle_005_session_00731,vehicle_005,731,train,124.60971291666667,59.2,346.8,347.4,349.7,352.5,-50.35737983606558,35.39344262295082,1,0.033524590163934415,0.03500000000000014
vehicle_005_session_00732,vehicle_005,732,train,123.34427205504113,42.0,333.6,334.7,337.4,340.8,-70.07377721311475,29.639344262295083,1,0.0335573770491803,0.038000000000000256
vehicle_005_session_00733,vehicle_005,733,train,126.22127238984673,64.0,352.2,352.8,356.0,360.0,-69.93607065573772,32.0,0,0.039983606557377066,0.04100000000000037
vehicle_005_session_00734,vehicle_005,734,train,125.41227714201875,58.0,345.8,346.9,350.3,354.4,-70.0836149180328,33.90163934426229,1,0.03973770491803278,0.04200000000000026
vehicle_005_session_00735,vehicle_005,735,train,123.56185912698415,33.2,328.6,329.0,329.7,330.3,-22.602641578947374,31.605263157894736,1,0.013592105263157935,0.015000000000000124
vehicle_005_session_00736,vehicle_005,736,train,126.29915438034192,63.6,351.0,351.8,354.9,358.9,-70.0508244262295,36.0,0,0.04029508196721317,0.041999999999999815
vehicle_005_session_00737,vehicle_005,737,train,122.39468159722219,42.4,335.2,335.7,338.0,341.6,-70.02295311475409,31.262295081967213,1,0.0346229508196721,0.040000000000000036
vehicle_005_session_00738,vehicle_005,738,train,122.20513942307693,66.4,354.4,355.3,358.3,362.5,-70.0459062295082,33.73770491803279,1,0.040852459016393464,0.04300000000000015
vehicle_005_session_00739,vehicle_005,739,train,120.496572108067,41.6,335.2,335.7,337.7,341.0,-69.99180245901638,36.73770491803279,1,0.03399999999999995,0.039000000000000146
vehicle_005_session_00740,vehicle_005,740,train,124.92507596247563,70.8,357.5,358.3,361.6,365.8,-69.97540737704918,39.0,0,0.041278688524590185,0.04300000000000015
vehicle_005_session_00741,vehicle_005,741,train,124.74610834418402,50.4,338.6,339.6,343.6,348.3,-70.13443606557377,34.50819672131148,1,0.04054098360655742,0.04300000000000015
vehicle_005_session_00742,vehicle_005,742,train,126.7210476284068,76.4,362.4,363.2,366.6,371.0,-70.07869524590164,36.0,0,0.042180327868852494,0.043999999999999595
vehicle_005_session_00743,vehicle_005,743,train,123.4648600589226,63.2,351.3,352.1,355.3,359.3,-70.0,29.18032786885246,1,0.04026229508196723,0.04200000000000026
vehicle_005_session_00744,vehicle_005,744,train,124.00813646747073,52.8,341.3,342.2,346.0,350.2,-69.9704919672131,35.704918032786885,1,0.04073770491803279,0.04400000000000004
vehicle_005_session_00745,vehicle_005,745,train,123.73512881944444,10.8,324.4,325.0,327.4,329.2,-70.1065649180328,28.639344262295083,1,0.027639344262295043,0.02900000000000036
vehicle_005_session_00746,vehicle_005,746,train,121.22361365740741,38.8,334.7,335.2,336.9,339.7,-70.01967459016394,31.37704918032787,1,0.031918032786885216,0.03600000000000003
vehicle_005_session_00747,vehicle_005,747,train,123.54903798400672,68.8,356.6,357.5,360.7,364.9,-70.02295311475409,34.0,0,0.04077049180327867,0.0420000000000007
vehicle_005_session_00748,vehicle_005,748,train,125.94466759823851,64.8,350.3,351.85,354.9,358.3,-60.14667600000001,31.0,0,0.03688000000000003,0.038000000000000256
vehicle_005_session_00749,vehicle_005,749,train,125.83182875402571,66.8,353.5,354.4,357.5,361.8,-70.06230081967213,32.0,0,0.0405737704918032,0.042999999999999705
vehicle_005_session_00750,vehicle_005,750,train,126.09047094092334,58.4,345.8,346.9,350.5,354.4,-70.02459262295082,31.78688524590164,1,0.04019672131147544,0.04300000000000015
vehicle_005_session_00751,vehicle_005,751,train,123.09266127873565,43.6,335.3,336.0,338.3,342.1,-69.94261721311474,34.08196721311475,2,0.03555737704918028,0.040999999999999925
vehicle_005_session_00752,vehicle_005,752,train,122.59675705828778,66.8,354.4,355.0,358.3,362.4,-69.94917524590164,36.0,0,0.041016393442622895,0.04300000000000015
vehicle_005_session_00753,vehicle_005,753,train,124.2779686455723,44.4,334.6,335.75,338.70000000000005,343.0,-70.04868855263157,32.81578947368421,1,0.036486842105263116,0.04300000000000015
vehicle_005_session_00754,vehicle_005,754,train,121.68802863247865,35.6,332.1,332.4,333.9,336.3,-69.88524032786884,31.360655737704917,1,0.030327868852459024,0.03299999999999992
vehicle_005_session_00755,vehicle_005,755,train,123.5624841346154,61.6,349.9,350.8,353.9,357.8,-69.89343459016393,34.131147540983605,1,0.04045901639344264,0.04200000000000026
vehicle_005_session_00756,vehicle_005,756,train,123.45371006944445,67.6,354.9,355.8,358.9,363.0,-69.98852590163935,37.032786885245905,1,0.04145901639344262,0.04300000000000015
vehicle_005_session_00757,vehicle_005,757,train,119.42160407529236,34.8,332.8,333.3,334.7,336.9,-69.51311606557377,35.557377049180324,1,0.030409836065573764,0.03299999999999992
vehicle_005_session_00758,vehicle_005,758,train,121.52194063109164,65.2,353.0,353.8,357.1,361.0,-69.5541037704918,38.36065573770492,1,0.04072131147540977,0.04200000000000026
vehicle_005_session_00759,vehicle_005,759,train,122.36366401515156,62.8,349.7,350.5,352.5,355.5,-50.200010000000006,33.0,0,0.034344262295081994,0.03600000000000003
vehicle_005_session_00760,vehicle_005,760,train,120.23169779040404,27.6,328.9,330.0,331.6,333.3,-70.02295426229507,29.80327868852459,1,0.027918032786885264,0.03000000000000025
vehicle_005_session_00761,vehicle_005,761,train,119.63194895833338,49.6,339.6,340.3,343.6,348.2,-69.95902032786886,32.52459016393443,1,0.040213114754098375,0.042999999999999705
vehicle_005_session_00762,vehicle_005,762,train,122.30705168650798,51.6,340.5,341.4,345.3,349.7,-70.06557983606557,33.63934426229508,1,0.041868852459016385,0.04499999999999993
vehicle_005_session_00763,vehicle_005,763,train,120.94156707175927,22.4,327.5,328.8,330.3,331.7,-70.16886245901641,34.459016393442624,1,0.027344262295081977,0.02900000000000036
vehicle_005_session_00764,vehicle_005,764,train,119.09038025402047,46.4,337.7,338.3,341.0,345.2,-70.07213786885247,37.442622950819676,1,0.038655737704918015,0.04400000000000004
vehicle_005_session_00765,vehicle_005,765,train,120.63381659411279,40.8,334.9,335.2,337.2,340.3,-70.53770868852459,36.22950819672131,1,0.034573770491803234,0.039000000000000146
vehicle_005_session_00766,vehicle_005,766,train,123.0508566384181,68.0,354.9,355.8,358.9,363.2,-70.55246426229509,38.80327868852459,1,0.042213114754098335,0.04499999999999993
vehicle_005_session_00767,vehicle_005,767,train,122.15762740539456,64.0,350.7,351.1,353.0,355.3,-42.59017229508196,34.0,0,0.032491803278688544,0.03399999999999981
vehicle_005_session_00768,vehicle_005,768,train,122.79198653198655,61.6,350.2,351.0,354.1,358.0,-69.88688639344262,33.0,0,0.03903278688524591,0.04100000000000037
vehicle_005_session_00769,vehicle_005,769,train,121.37085424131945,10.4,322.7,323.9,326.7,328.9,-70.02894934210526,34.0,0,0.027486842105263157,0.02900000000000036
vehicle_005_session_00770,vehicle_005,770,train,120.6518250736532,26.8,329.4,330.3,331.9,333.6,-69.86557344262295,29.34426229508197,1,0.027295081967213138,0.02900000000000036
vehicle_005_session_00771,vehicle_005,771,train,120.62094557178932,53.6,343.8,344.7,348.3,352.2,-70.0,32.91803278688525,1,0.03845901639344261,0.040000000000000036
vehicle_005_session_00772,vehicle_005,772,train,122.27636863434809,8.400001,320.7,321.6,323.5,325.3,-43.41446513157894,32.03947368421053,0,0.019039473684210544,0.020999999999999908
vehicle_005_session_00773,vehicle_005,773,train,122.67825050925926,60.0,348.6,349.6,352.7,356.6,-69.92295409836066,32.721311475409834,1,0.03840983606557378,0.040000000000000036
vehicle_005_session_00774,vehicle_005,774,train,119.8437673611111,24.8,330.5,330.8,331.7,333.2,-70.19673131147539,31.83606557377049,1,0.026819672131147564,0.028999999999999915
vehicle_005_session_00775,vehicle_005,775,train,120.8651405027387,53.6,343.6,344.4,347.8,351.9,-70.20328901639343,35.60655737704918,1,0.038163934426229514,0.039000000000000146
vehicle_005_session_00776,vehicle_005,776,train,119.77456800925934,41.6,335.7,336.1,338.2,341.6,-70.29674032786886,30.16393442622951,2,0.03298360655737703,0.03699999999999992
vehicle_005_session_00777,vehicle_005,777,train,122.94446641414143,72.0,358.6,359.4,362.7,366.9,-70.33607475409836,33.0,0,0.03983606557377052,0.04100000000000037
vehicle_005_session_00778,vehicle_005,778,train,119.73729928045516,35.2,333.8,333.9,335.7,338.2,-71.19837065573769,30.311475409836067,1,0.03047540983606556,0.03299999999999992
vehicle_005_session_00779,vehicle_005,779,train,119.41886196393763,26.8,329.1,330.2,331.7,333.5,-70.02623213114754,28.983606557377048,2,0.027016393442622952,0.02900000000000036
vehicle_005_session_00780,vehicle_005,780,train,119.84826717085237,49.6,340.5,341.3,344.7,349.1,-69.98852344262295,31.83606557377049,1,0.03819672131147542,0.040000000000000036
vehicle_005_session_00781,vehicle_005,781,train,120.07177324074077,46.0,337.5,338.0,340.7,344.9,-70.09672983606556,32.75409836065574,1,0.0362295081967213,0.040000000000000036
vehicle_005_session_00782,vehicle_005,782,train,124.77057312091499,76.0,361.9,362.7,366.1,370.5,-70.07213721311474,35.0,0,0.04050819672131152,0.0420000000000007
vehicle_005_session_00783,vehicle_005,783,train,123.125,29.6,330.2,330.3,331.1,332.1,-45.0,32.459016393442624,1,0.019393442622950854,0.02200000000000024
vehicle_005_session_00784,vehicle_005,784,train,118.18660901467507,36.4,332.1,332.4,333.3,334.6,-45.100010000000005,32.0,0,0.02173770491803281,0.02400000000000002
vehicle_005_session_00785,vehicle_005,785,train,119.75084354575168,57.6,345.3,345.8,348.2,350.7,-45.100010000000005,34.0,0,0.030737704918032765,0.03300000000000036
vehicle_005_session_00786,vehicle_005,786,train,120.49046508487656,30.8,331.4,331.7,333.0,334.9,-70.18853262295083,31.491803278688526,1,0.02834426229508198,0.03100000000000014
vehicle_005_session_00787,vehicle_005,787,train,122.55426812065976,60.0,348.5,349.3,352.5,356.4,-70.15574672131147,35.0,0,0.038819672131147544,0.040000000000000036
vehicle_005_session_00788,vehicle_005,788,train,119.01168478260873,48.0,338.9,339.4,342.5,347.1,-69.5836149180328,33.049180327868854,2,0.03770491803278693,0.040999999999999925
vehicle_005_session_00789,vehicle_005,789,train,124.45139640151515,75.6,361.8,362.5,365.8,370.0,-69.60001000000001,35.0,0,0.04054098360655746,0.041999999999999815
vehicle_005_session_00790,vehicle_005,790,train,120.60992893939392,38.4,333.6,334.1,335.8,338.6,-69.61148540983606,31.59016393442623,1,0.030983606557376992,0.0349999999999997
vehicle_005_session_00791,vehicle_005,791,train,122.47353549382719,33.2,330.3,331.4,333.2,335.3,-69.8442644262295,29.40983606557377,1,0.02867213114754102,0.03100000000000014
vehicle_005_session_00792,vehicle_005,792,train,122.49410881410257,58.8,347.7,348.5,351.6,355.5,-69.89835114754098,32.52459016393443,1,0.03847540983606557,0.040000000000000036
vehicle_005_session_00793,vehicle_005,793,train,120.1698202582465,22.8,327.8,328.9,330.5,331.9,-70.54098770491805,34.0655737704918,2,0.027098360655737726,0.02900000000000036
vehicle_005_session_00794,vehicle_005,794,train,120.08893089430892,48.4,338.9,339.6,342.7,347.1,-70.53442967213114,37.32786885245902,1,0.038393442622950864,0.04100000000000037
vehicle_005_session_00795,vehicle_005,795,train,122.4176827956989,34.4,330.7,331.7,333.5,335.7,-70.11476147540984,31.40983606557377,1,0.029163934426229523,0.03200000000000003
vehicle_005_session_00796,vehicle_005,796,train,123.80968077256945,59.6,347.7,348.5,351.8,355.5,-69.99836213114754,34.14754098360656,1,0.038934426229508205,0.040999999999999925
vehicle_005_session_00797,vehicle_005,797,train,118.49715954415953,31.2,331.9,332.4,333.6,335.8,-70.03934819672132,26.75409836065574,1,0.028508196721311503,0.03100000000000014
vehicle_005_session_00798,vehicle_005,798,train,119.99095682367151,62.4,351.6,352.4,355.7,359.6,-70.0770562295082,30.639344262295083,1,0.03880327868852457,0.040000000000000036
vehicle_005_session_00799,vehicle_005,799,train,124.3295948183761,72.8,358.8,359.6,363.0,367.2,-69.94590213114752,29.524590163934427,1,0.04008196721311475,0.041999999999999815
vehicle_005_session_00800,vehicle_005,800,train,120.05940662650602,34.0,332.1,332.5,333.9,336.1,-69.99344295081967,30.459016393442624,1,0.029065573770491827,0.03200000000000003
vehicle_005_session_00801,vehicle_005,801,train,123.28381722449915,67.2,354.4,355.2,358.3,362.4,-70.00983885245901,34.0,0,0.039557377049180366,0.04100000000000037
vehicle_005_session_00802,vehicle_005,802,train,122.18632134840706,13.2,323.5,325.1,327.75,329.6,-70.05921500000001,31.75,1,0.027789473684210517,0.03000000000000025
vehicle_005_session_00803,vehicle_005,803,train,120.47045862676055,36.0,333.2,333.6,335.0,337.4,-69.98196540983606,33.049180327868854,2,0.02991803278688525,0.03299999999999992
vehicle_005_session_00804,vehicle_005,804,train,123.05554871475957,64.8,352.5,353.3,356.4,360.3,-69.97048885245901,36.0,0,0.03909836065573771,0.040999999999999925
vehicle_005_session_00805,vehicle_005,805,train,119.58204316700957,39.6,333.8,334.2,336.3,339.3,-69.36065754098362,32.32786885245902,1,0.031606557377049156,0.03500000000000014
vehicle_005_session_00806,vehicle_005,806,train,123.4760348307292,72.0,358.5,359.3,362.4,366.6,-69.4540937704918,35.0,0,0.04042622950819668,0.0420000000000007
vehicle_005_session_00807,vehicle_005,807,train,124.35875420026876,69.6,356.0,356.8,359.9,364.3,-69.97704688524591,31.83606557377049,1,0.039901639344262316,0.041999999999999815
vehicle_005_session_00808,vehicle_005,808,train,121.56711844863736,22.8,328.2,329.2,330.8,332.4,-70.29018295081967,25.62295081967213,1,0.02618032786885246,0.028000000000000025
vehicle_005_session_00809,vehicle_005,809,train,118.35334208523597,44.0,337.1,337.5,340.0,343.9,-70.28526442622952,28.65573770491803,1,0.034999999999999996,0.040000000000000036
vehicle_005_session_00810,vehicle_005,810,train,121.77202442325809,73.2,360.0,360.8,364.1,368.5,-70.30329770491802,31.311475409836067,1,0.0404590163934426,0.0420000000000007
vehicle_005_session_00811,vehicle_005,811,train,123.04564583333337,69.2,356.3,357.2,360.3,364.4,-69.4622913114754,33.540983606557376,1,0.03996721311475407,0.041999999999999815
vehicle_005_session_00812,vehicle_005,812,train,123.7488008860153,66.8,354.6,355.3,358.5,362.7,-70.00491852459017,28.918032786885245,1,0.03959016393442617,0.0420000000000007
vehicle_005_session_00813,vehicle_005,813,train,124.14268099747477,62.8,351.1,351.9,355.3,359.4,-73.92459229508196,30.918032786885245,1,0.04072131147540989,0.04300000000000015
vehicle_005_session_00814,vehicle_005,814,train,121.01085939945227,43.6,335.5,336.1,338.6,342.7,-71.47048885245901,30.704918032786885,1,0.03514754098360653,0.040000000000000036
vehicle_005_session_00815,vehicle_005,815,train,123.98214274691362,72.4,358.6,359.6,363.0,367.4,-71.5934518032787,33.049180327868854,1,0.041098360655737715,0.04300000000000015
vehicle_005_session_00816,vehicle_005,816,train,123.36401481481481,61.2,347.2,348.9,352.7,356.9,-71.44098557377049,30.59016393442623,1,0.03936065573770492,0.04100000000000037
vehicle_005_session_00817,vehicle_005,817,train,124.96767989703064,71.6,357.2,358.0,361.4,365.7,-69.5,31.934426229508198,1,0.03996721311475407,0.04100000000000037
vehicle_005_session_00818,vehicle_005,818,train,120.90953882137346,50.0,339.6,340.3,343.9,348.3,-70.06066131147541,32.57377049180328,1,0.03914754098360656,0.041999999999999815
vehicle_005_session_00819,vehicle_005,819,train,120.32867640972222,49.2,339.3,339.9,343.0,347.5,-69.47212836065573,35.08196721311475,2,0.038475409836065594,0.04100000000000037
vehicle_005_session_00820,vehicle_005,820,train,123.90772498822972,69.6,356.1,356.9,360.0,364.3,-69.48524442622951,36.57377049180328,1,0.04004918032786887,0.0420000000000007
vehicle_005_session_00821,vehicle_005,821,train,122.79763155864197,67.6,354.9,355.8,358.9,363.2,-70.32132508196722,37.0,0,0.040360655737704934,0.041999999999999815
vehicle_005_session_00822,vehicle_005,822,train,122.69846242605452,44.4,334.4,335.5,338.3,342.4,-69.85246327868853,34.622950819672134,1,0.035327868852459046,0.040999999999999925
vehicle_005_session_00823,vehicle_005,823,train,119.65964426838812,36.4,333.2,333.6,335.2,337.5,-70.71804459016393,31.327868852459016,1,0.030491803278688535,0.03399999999999981
vehicle_005_session_00824,vehicle_005,824,train,121.10736082957958,38.4,333.6,333.9,335.7,338.3,-70.51639508196722,32.557377049180324,1,0.031245901639344213,0.03400000000000025
vehicle_005_session_00825,vehicle_005,825,train,123.15903465277776,68.4,355.0,356.0,359.1,363.3,-70.53442967213114,35.73770491803279,1,0.04031147540983607,0.0420000000000007
vehicle_005_session_00826,vehicle_005,826,train,122.51951737998189,60.8,347.2,349.35,352.9,356.9,-69.94400186666667,29.88,1,0.03862666666666668,0.040999999999999925
vehicle_005_session_00827,vehicle_005,827,train,119.66349993686869,50.0,338.3,338.8,341.0,344.4,-49.847546721311474,26.934426229508198,1,0.0323770491803279,0.03600000000000003
vehicle_005_session_00828,vehicle_005,828,train,123.5902548611111,72.0,357.1,357.7,359.9,362.8,-49.90490852459016,28.459016393442624,1,0.03385245901639343,0.03600000000000003
vehicle_005_session_00829,vehicle_005,829,train,121.14379942810456,30.8,329.7,330.8,332.5,334.4,-70.07705639344263,31.459016393442624,1,0.028475409836065568,0.03100000000000014
vehicle_005_session_00830,vehicle_005,830,train,120.69445434670786,51.2,341.0,341.9,345.3,349.6,-70.03607098360656,33.885245901639344,1,0.03931147540983607,0.04100000000000037
vehicle_005_session_00831,vehicle_005,831,train,122.36344018518525,51.6,339.9,340.8,344.6,349.3,-70.29181262295081,32.01639344262295,2,0.04004918032786887,0.04300000000000015
vehicle_005_session_00832,vehicle_005,832,train,118.84880588624341,35.6,333.2,333.5,335.2,337.7,-70.13115491803279,30.672131147540984,1,0.030573770491803244,0.03399999999999981
vehicle_005_session_00833,vehicle_005,833,train,122.08628795903957,69.2,356.8,357.5,360.8,364.9,-70.09344885245902,34.0,0,0.040147540983606546,0.0420000000000007
vehicle_005_session_00834,vehicle_005,834,train,120.97220790598293,48.0,338.3,338.9,341.9,346.4,-69.89507344262294,33.295081967213115,1,0.03813114754098364,0.04100000000000037
vehicle_005_session_00835,vehicle_005,835,train,122.40885546874999,52.4,342.2,343.0,346.8,350.8,-70.4836049180328,28.78688524590164,1,0.03931147540983606,0.04100000000000037
vehicle_005_session_00836,vehicle_005,836,train,121.19816224315069,61.2,349.6,350.5,353.8,357.7,-70.30493393442623,28.39344262295082,1,0.039180327868852484,0.040999999999999925
vehicle_005_session_00837,vehicle_005,837,train,118.66384528832626,42.8,336.1,336.8,339.1,342.7,-69.96557032786886,28.40983606557377,1,0.03416393442622949,0.038000000000000256
vehicle_005_session_00838,vehicle_005,838,train,123.43802788142617,54.4,340.7,343.0,347.5,351.8,-70.06394081967214,30.59016393442623,1,0.040360655737704934,0.04400000000000004
vehicle_005_session_00839,vehicle_005,839,train,123.96214393446176,60.8,348.9,349.7,353.0,357.1,-70.1065655737705,31.0,0,0.03793442622950822,0.040000000000000036
vehicle_005_session_00840,vehicle_005,840,train,121.97145023148153,26.0,328.6,329.6,331.1,332.7,-69.87376836065573,30.311475409836067,1,0.026672131147541002,0.028999999999999915
vehicle_005_session_00841,vehicle_005,841,train,122.36785307835821,55.2,344.1,344.9,348.3,352.4,-69.8393524590164,33.868852459016395,1,0.037918032786885256,0.040000000000000036
vehicle_005_session_00842,vehicle_005,842,train,122.63416210511981,56.0,343.3,344.1,346.8,349.7,-49.73607918032787,33.0,0,0.03250819672131148,0.03500000000000014
vehicle_005_session_00843,vehicle_005,843,train,122.83803092243184,69.6,355.8,356.3,358.6,361.6,-50.38524032786886,33.0,0,0.03278688524590162,0.03400000000000025
vehicle_005_session_00844,vehicle_005,844,train,120.16068273420477,20.8,328.5,328.8,329.4,330.2,-49.85574098360657,37.39344262295082,1,0.019868852459016425,0.02100000000000035
vehicle_005_session_00845,vehicle_005,845,train,120.19539453976036,60.4,348.5,349.1,351.3,353.9,-49.863935245901644,40.0,0,0.03165573770491801,0.03300000000000036
vehicle_005_session_00846,vehicle_005,846,train,122.56173701131682,44.8,334.6,335.8,338.8,343.0,-70.11804,34.60655737704918,1,0.03516393442622947,0.040000000000000036
vehicle_005_session_00847,vehicle_005,847,train,123.58724945746532,66.4,353.9,354.7,357.8,362.1,-70.00820196721311,36.18032786885246,1,0.03916393442622953,0.04100000000000037
vehicle_005_session_00848,vehicle_005,848,train,121.59047694830245,50.4,339.9,340.5,343.9,348.3,-70.02787163934427,35.68852459016394,1,0.03827868852459018,0.04100000000000037
vehicle_005_session_00849,vehicle_005,849,train,118.95520050505053,43.2,334.9,335.2,336.6,338.8,-50.12296081967214,34.40983606557377,1,0.02616393442622949,0.028999999999999915
vehicle_005_session_00850,vehicle_005,850,train,118.84908793981486,47.6,338.8,339.3,341.9,345.7,-58.93443131147541,29.37704918032787,1,0.0339344262295082,0.03699999999999992
vehicle_005_session_00851,vehicle_005,851,train,124.21092905773418,72.0,358.5,359.1,361.8,365.0,-55.74426803278689,31.049180327868854,1,0.0347868852459016,0.036000000000000476
vehicle_005_session_00852,vehicle_005,852,train,121.10725794209702,48.8,338.8,339.6,342.8,347.5,-70.08689180327869,30.19672131147541,2,0.03767213114754104,0.04100000000000037
vehicle_005_session_00853,vehicle_005,853,train,124.53611930555557,77.6,363.5,364.3,367.7,372.2,-70.07213672131148,32.0,0,0.040278688524590205,0.041999999999999815
vehicle_005_session_00854,vehicle_005,854,train,123.47511903935187,69.6,357.5,358.3,361.6,365.8,-70.45081475409836,27.0,0,0.039245901639344286,0.04100000000000037
vehicle_005_session_00855,vehicle_005,855,train,123.82644291666672,60.0,346.3,347.1,349.4,352.1,-44.80002000000002,29.0,0,0.030491803278688494,0.03200000000000003
vehicle_005_session_00856,vehicle_005,856,train,117.1031742311508,43.6,335.3,335.7,337.2,339.6,-50.498360491803275,33.0,0,0.026704918032786806,0.028999999999999915
vehicle_005_session_00857,vehicle_005,857,train,122.03611055555555,66.0,352.5,353.0,355.3,358.2,-50.498360491803275,35.0,0,0.03226229508196725,0.03400000000000025
vehicle_005_session_00858,vehicle_005,858,train,121.15647423835122,5.2,320.5,321.1,323.2,325.0,-49.74755573770492,31.0,0,0.021721311475409847,0.025000000000000355
vehicle_005_session_00859,vehicle_005,859,train,120.59957409474207,30.0,330.8,331.0,331.7,332.8,-49.891795737704925,32.24590163934426,1,0.021016393442623002,0.02200000000000024
vehicle_005_session_00860,vehicle_005,860,train,124.87881004901959,71.6,357.2,357.8,360.2,363.0,-49.99508147540983,35.98360655737705,1,0.032868852459016405,0.0349999999999997
vehicle_005_session_00861,vehicle_005,861,train,120.05471512820515,26.0,330.2,330.3,331.4,333.0,-70.18197606557376,28.770491803278688,1,0.027065573770491815,0.028999999999999915
vehicle_005_session_00862,vehicle_005,862,train,119.4265526258681,52.0,341.9,342.7,346.3,350.5,-70.13771409836065,32.16393442622951,1,0.03824590163934424,0.040000000000000036
vehicle_005_session_00863,vehicle_005,863,train,121.33981704173219,7.2,320.8,322.45,324.95,327.2,-59.81579631578948,22.842105263157894,1,0.023881578947368403,0.026000000000000245
vehicle_005_session_00864,vehicle_005,864,train,120.22357296423138,38.4,334.1,334.4,336.1,338.8,-70.20656803278688,27.098360655737704,2,0.030377049180327863,0.03300000000000036
vehicle_005_session_00865,vehicle_005,865,train,124.58396001783036,68.0,355.2,356.0,359.1,363.3,-70.23872354838709,30.0,0,0.0390322580645161,0.040000000000000036
vehicle_005_session_00866,vehicle_005,866,train,121.60657652243589,28.4,329.4,330.5,332.2,333.9,-70.06229819672131,23.442622950819672,1,0.02695081967213117,0.028999999999999915
vehicle_005_session_00867,vehicle_005,867,train,120.49943840372912,49.6,340.0,340.8,344.1,348.6,-69.97705409836065,26.42622950819672,1,0.03736065573770492,0.039000000000000146
vehicle_005_session_00868,vehicle_005,868,train,124.23612284482762,48.4,336.9,338.5,342.5,347.7,-70.15410442622951,25.81967213114754,2,0.03847540983606558,0.04200000000000026
vehicle_005_session_00869,vehicle_005,869,train,124.21426240997945,72.0,359.6,360.3,363.6,367.8,-70.05902049180327,28.0,0,0.03980327868852453,0.0420000000000007
vehicle_005_session_00870,vehicle_005,870,train,118.48411345656318,20.0,327.4,328.5,329.9,331.1,-59.99079184210525,21.57894736842105,1,0.022684210526315796,0.02499999999999991
vehicle_005_session_00871,vehicle_005,871,train,124.12458525641026,61.2,350.0,351.35,354.0,357.1,-56.74868907894737,26.0,0,0.03400000000000001,0.03500000000000014
vehicle_005_session_00872,vehicle_005,872,train,123.2162940748208,18.8,326.9,328.2,329.9,331.3,-70.05902032786885,24.442622950819672,1,0.026000000000000027,0.028000000000000025
vehicle_005_session_00873,vehicle_005,873,train,118.34929363738743,44.0,337.2,337.7,340.2,344.3,-70.07213606557377,27.672131147540984,1,0.03452459016393441,0.039000000000000146
vehicle_005_session_00874,vehicle_005,874,train,120.3414462770062,26.0,331.0,331.3,332.4,333.8,-70.10984344262295,24.19672131147541,1,0.026622950819672156,0.028000000000000025
vehicle_005_session_00875,vehicle_005,875,train,120.93649009395422,54.8,345.2,346.1,349.4,353.3,-70.07049819672132,27.9672131147541,1,0.0377540983606557,0.040000000000000036
vehicle_005_session_00876,vehicle_005,876,train,119.25100413359792,35.6,331.4,332.7,334.9,337.5,-70.30492360655738,23.114754098360656,2,0.029409836065573763,0.03299999999999992
vehicle_005_session_00877,vehicle_005,877,train,121.40200727201258,60.8,350.7,351.3,354.6,358.5,-70.19509049180328,26.0,0,0.038672131147541026,0.040000000000000036
vehicle_005_session_00878,vehicle_005,878,train,121.68989427384393,24.0,328.2,329.65,331.3,332.7,-69.95921210526316,20.17105263157895,2,0.026052631578947397,0.028000000000000025
vehicle_005_session_00879,vehicle_005,879,train,119.91319512415828,25.6,329.6,330.7,332.4,334.1,-69.92762802631579,19.789473684210527,1,0.026605263157894764,0.02900000000000036
vehicle_005_session_00880,vehicle_005,880,train,123.58991351102942,56.8,343.3,345.9,349.95,354.1,-69.99473763157896,25.960526315789473,2,0.03839473684210526,0.04300000000000015
vehicle_005_session_00881,vehicle_005,881,train,119.06427390998596,25.6,330.8,331.1,332.2,333.6,-70.22460098360655,25.918032786885245,2,0.026885245901639362,0.028000000000000025
vehicle_005_session_00882,vehicle_005,882,train,120.40527316468254,57.2,347.5,348.5,351.6,355.5,-70.15082819672132,30.40983606557377,1,0.03819672131147542,0.040000000000000036
vehicle_005_session_00883,vehicle_005,883,train,121.21995294312168,71.6,356.1,357.45,359.95,362.8,-44.80528157894739,22.0,0,0.03139473684210525,0.03300000000000036
vehicle_005_session_00884,vehicle_005,884,train,120.92435748106062,61.6,351.0,351.8,354.9,358.8,-70.0836118032787,26.295081967213115,1,0.0385737704918033,0.040000000000000036
vehicle_005_session_00885,vehicle_005,885,train,123.69634374999998,50.8,338.5,340.7,345.7,350.2,-70.060661147541,20.852459016393443,2,0.03929508196721309,0.04200000000000026
vehicle_005_session_00886,vehicle_005,886,train,122.63355896100425,11.2,322.8,324.6,327.5,329.4,-70.04426606557377,26.852459016393443,1,0.027245901639344216,0.028999999999999915
vehicle_005_session_00887,vehicle_005,887,train,119.08636027443104,32.0,332.4,332.7,334.1,336.1,-70.13115721311476,28.60655737704918,1,0.028622950819672182,0.03100000000000014
vehicle_005_session_00888,vehicle_005,888,train,120.81830474537037,65.2,353.6,354.4,357.4,361.6,-70.14755098360656,32.63934426229508,1,0.03911475409836062,0.04000000000000048
vehicle_005_session_00889,vehicle_005,889,train,122.79763679453265,65.6,353.5,354.3,357.5,361.6,-70.14755098360656,31.83606557377049,1,0.03927868852459016,0.040999999999999925
vehicle_005_session_00890,vehicle_005,890,train,120.08227480158732,33.6,332.7,333.0,334.6,336.9,-74.10656737704917,29.950819672131146,2,0.03042622950819672,0.03299999999999992
vehicle_005_session_00891,vehicle_005,891,train,122.42616644620811,67.6,355.2,356.1,359.4,363.8,-74.14919032786882,33.67213114754098,1,0.04070491803278682,0.0420000000000007
vehicle_005_session_00892,vehicle_005,892,train,121.9615531198176,43.2,335.5,336.0,338.3,342.1,-70.07213786885247,28.80327868852459,2,0.033721311475409806,0.039000000000000146
vehicle_005_session_00893,vehicle_005,893,train,123.27568315972228,70.4,357.4,358.0,361.4,365.5,-70.02459262295082,31.16393442622951,1,0.03980327868852461,0.04100000000000037
vehicle_005_session_00894,vehicle_005,894,train,118.98752375000001,47.2,336.8,337.2,339.1,342.1,-50.100010000000005,31.16393442622951,1,0.03001639344262292,0.03500000000000014
vehicle_005_session_00895,vehicle_005,895,train,121.34898187003971,40.4,331.6,332.5,334.2,336.3,-50.09509098360656,28.704918032786885,1,0.02473770491803279,0.028000000000000025
vehicle_005_session_00896,vehicle_005,896,train,120.80060062893085,62.8,350.0,350.7,353.0,355.7,-50.10984606557378,30.0,0,0.032377049180327924,0.03399999999999981
vehicle_005_session_00897,vehicle_005,897,train,123.134579248366,69.6,354.6,355.3,357.7,360.7,-49.79346196721313,27.475409836065573,1,0.03278688524590165,0.03400000000000025
vehicle_005_session_00898,vehicle_005,898,train,121.86004572649573,25.6,330.5,330.8,331.9,333.3,-69.98360885245901,28.65573770491803,1,0.026885245901639352,0.028999999999999915
vehicle_005_session_00899,vehicle_005,899,train,121.12089598004694,52.0,342.1,342.8,346.3,350.5,-69.97377459016393,32.295081967213115,1,0.03821311475409832,0.040000000000000036
vehicle_005_session_00900,vehicle_005,900,train,119.46011730664489,37.2,332.8,333.2,334.2,335.8,-49.86229639344263,30.688524590163933,1,0.02344262295081969,0.026000000000000245
vehicle_005_session_00901,vehicle_005,901,train,121.23714695375148,17.6,326.4,327.9,329.9,331.3,-70.3473725,21.736842105263158,1,0.02636842105263162,0.02900000000000036
vehicle_005_session_00902,vehicle_005,902,train,121.96549100156496,54.0,343.8,344.9,348.6,352.8,-70.17050180327868,21.42622950819672,1,0.038967213114754096,0.04100000000000037
vehicle_005_session_00903,vehicle_005,903,train,120.0298822519244,17.2,326.6,328.0,329.4,330.8,-59.020008133333334,17.826666666666668,6,0.022760000000000016,0.027000000000000135
vehicle_005_session_00904,vehicle_005,904,train,121.58696898743874,36.8,331.6,333.2,335.3,338.2,-70.1710602631579,19.460526315789473,1,0.0297631578947368,0.03399999999999981
vehicle_005_session_00905,vehicle_005,905,train,119.3379131468798,43.6,336.8,337.2,339.6,343.3,-70.09181196721312,23.78688524590164,2,0.03370491803278688,0.038000000000000256
vehicle_005_session_00906,vehicle_005,906,train,121.26861278521822,72.8,359.9,360.7,363.9,368.3,-70.0688586885246,26.16393442622951,1,0.040196721311475433,0.0420000000000007
vehicle_005_session_00907,vehicle_005,907,train,120.92866006944449,69.2,355.2,357.45,361.3,365.2,-68.50266733333333,17.72,1,0.03845333333333337,0.04000000000000048
vehicle_005_session_00908,vehicle_005,908,train,121.56431112478127,45.2,335.0,336.4,338.975,343.5,-60.8053396,18.973333333333333,7,0.033426666666666646,0.041999999999999815
vehicle_005_session_00909,vehicle_005,909,train,117.68865566037734,40.4,334.1,334.2,335.7,337.5,-49.899989999999995,22.18032786885246,1,0.02465573770491804,0.028000000000000025
vehicle_005_session_00910,vehicle_005,910,train,122.38335888888892,74.0,360.8,361.4,364.7,367.7,-66.53771606557379,20.0,0,0.03939344262295087,0.04100000000000037
vehicle_005_session_00911,vehicle_005,911,train,116.13891458333333,44.4,336.0,336.3,337.8,340.0,-45.200010000000006,23.721311475409838,1,0.025770491803278638,0.028999999999999915
vehicle_005_session_00912,vehicle_005,912,train,120.63183496732033,64.4,351.8,352.2,354.3,356.8,-45.200010000000006,25.016393442622952,1,0.03088524590163938,0.03200000000000003
vehicle_005_session_00913,vehicle_005,913,train,122.32417598351942,14.0,323.8,325.75,328.55,330.2,-70.08026868421052,22.57894736842105,1,0.027776315789473698,0.03100000000000014
vehicle_005_session_00914,vehicle_005,914,train,121.77178777747454,6.0,321.3,323.0,325.2,327.7,-61.08667293333332,18.813333333333333,5,0.025279999999999993,0.03000000000000025
vehicle_005_session_00915,vehicle_005,915,train,121.87833128805178,49.6,340.2,341.0,344.7,349.3,-70.01639508196722,22.21311475409836,2,0.0382295081967213,0.040000000000000036
vehicle_005_session_00916,vehicle_005,916,train,122.91668705197134,66.0,354.4,355.2,358.5,362.7,-70.20328901639343,23.0,0,0.039327868852459015,0.04100000000000037
vehicle_005_session_00917,vehicle_005,917,train,120.97931262860084,24.8,328.6,329.9,331.4,333.0,-69.6672231147541,18.80327868852459,2,0.02603278688524591,0.028000000000000025
vehicle_005_session_00918,vehicle_005,918,train,119.62204097222221,46.4,338.6,339.3,342.1,346.4,-69.69673131147539,21.934426229508198,2,0.03593442622950826,0.039000000000000146
vehicle_005_session_00919,vehicle_005,919,train,122.69719103773582,74.8,361.6,362.5,365.8,369.4,-68.12132098360657,24.311475409836067,1,0.039983606557376976,0.041999999999999815
vehicle_005_session_00920,vehicle_005,920,train,120.59855825617282,22.4,328.3,329.7,331.4,332.8,-70.60984524590164,19.081967213114755,2,0.0262459016393443,0.028000000000000025
vehicle_005_session_00921,vehicle_005,921,train,119.10205536265428,47.6,340.0,340.8,343.9,348.5,-70.56066180327869,22.934426229508198,2,0.03713114754098362,0.040000000000000036
vehicle_005_session_00922,vehicle_005,922,train,122.66250847222223,76.4,363.9,364.9,368.2,371.4,-70.05082852459016,25.60655737704918,1,0.04065573770491804,0.041999999999999815
vehicle_005_session_00923,vehicle_005,923,train,119.42280636724388,33.6,331.7,332.2,333.8,336.1,-70.08689131147543,26.34426229508197,1,0.028819672131147576,0.03200000000000003
vehicle_005_session_00924,vehicle_005,924,train,121.52307656544254,64.8,352.8,353.6,356.8,360.8,-70.05246213114755,29.81967213114754,1,0.03929508196721307,0.040999999999999925
vehicle_005_session_00925,vehicle_005,925,train,120.02955954218108,64.0,351.4,352.1,354.4,357.2,-49.89507344262295,26.19672131147541,1,0.033000000000000036,0.03400000000000025
vehicle_005_session_00926,vehicle_005,926,train,119.93142196180555,36.8,333.2,333.6,335.5,338.2,-70.48032590163935,24.16393442622951,2,0.030344262295081945,0.03299999999999992
vehicle_005_session_00927,vehicle_005,927,train,121.68179166666671,69.2,356.6,357.4,360.7,364.9,-70.48688393442623,27.57377049180328,1,0.03998360655737703,0.0420000000000007
vehicle_005_session_00928,vehicle_005,928,train,121.19504041280865,51.2,340.5,341.3,345.2,349.6,-70.19837065573769,25.639344262295083,1,0.0390327868852459,0.04100000000000037
vehicle_005_session_00929,vehicle_005,929,train,116.24466997863252,33.6,332.4,332.7,333.9,335.8,-60.377057704918045,24.131147540983605,1,0.02622950819672133,0.02900000000000036
vehicle_005_session_00930,vehicle_005,930,train,117.7738052709472,59.6,348.8,349.6,352.1,355.3,-57.265580491803284,27.0,0,0.03485245901639343,0.03699999999999992
vehicle_005_session_00931,vehicle_005,931,train,122.24874007494505,57.2,344.4,346.75,350.7375,354.7,-70.14134146666666,25.733333333333334,1,0.03925333333333334,0.04200000000000026
vehicle_005_session_00932,vehicle_005,932,train,119.62153983134918,52.4,340.7,342.1,346.6,351.1,-70.12951655737706,26.262295081967213,1,0.04022950819672132,0.04300000000000015
vehicle_005_session_00933,vehicle_005,933,train,121.18522476160865,7.6,321.4,323.2,326.1,328.6,-70.02787229508196,28.0,0,0.027245901639344268,0.02900000000000036
vehicle_005_session_00934,vehicle_005,934,train,120.78980066773502,34.8,333.3,333.6,335.0,337.2,-70.01639606557377,30.672131147540984,1,0.029557377049180326,0.03299999999999992
vehicle_005_session_00935,vehicle_005,935,train,121.6644319556451,65.6,353.5,354.9,358.0,362.2,-70.00983885245901,34.114754098360656,1,0.039557377049180276,0.04100000000000037
vehicle_005_session_00936,vehicle_005,936,train,118.55117314590073,28.8,331.4,331.7,332.8,334.6,-69.50819754098362,27.60655737704918,1,0.027672131147541017,0.03000000000000025
vehicle_005_session_00937,vehicle_005,937,train,122.32477045355904,70.4,357.4,358.2,361.4,365.5,-69.49508147540983,32.0,0,0.039704918032786904,0.041999999999999815
vehicle_005_session_00938,vehicle_005,938,train,122.09147766203706,73.6,360.3,361.1,364.4,368.8,-69.29837918032787,29.852459016393443,1,0.04068852459016392,0.04300000000000015
vehicle_005_session_00939,vehicle_005,939,train,121.96673523009953,54.8,341.1,343.6,348.2,352.4,-70.10000819672132,30.459016393442624,1,0.04026229508196719,0.04300000000000015
vehicle_005_session_00940,vehicle_005,940,train,121.20767518446185,63.2,351.6,352.4,355.2,358.9,-64.95081475409836,25.704918032786885,1,0.03770491803278693,0.039000000000000146
vehicle_005_session_00941,vehicle_005,941,train,118.60037988040126,76.4,360.8,362.75,366.35,368.9,-57.31600426666665,20.76,1,0.037000000000000054,0.040000000000000036
vehicle_005_session_00942,vehicle_005,942,train,118.78630680916308,32.4,330.8,332.2,334.2,336.6,-69.95000078947369,18.539473684210527,1,0.028460526315789495,0.03100000000000014
vehicle_005_session_00943,vehicle_005,943,train,120.42355826041667,58.0,345.0,347.29999999999995,350.4,354.3,-59.152637894736856,18.710526315789473,7,0.036078947368421044,0.040000000000000036
vehicle_005_session_00944,vehicle_005,944,train,120.01298405767109,37.2,333.6,334.0,335.5,337.7,-60.18027315789473,19.44736842105263,1,0.026223684210526274,0.028999999999999915
vehicle_005_session_00945,vehicle_005,945,train,117.42010583143076,48.4,340.8,341.8,345.2,349.6,-70.14099344262294,25.524590163934427,1,0.03906557377049183,0.04100000000000037
vehicle_005_session_00946,vehicle_005,946,train,115.53891500391235,34.0,333.5,333.8,335.3,337.7,-69.90327032786885,23.262295081967213,1,0.028573770491803256,0.03200000000000003
vehicle_005_session_00947,vehicle_005,947,train,118.37366140727124,62.4,352.1,352.7,355.8,359.7,-69.9065486885246,26.262295081967213,1,0.037803278688524594,0.039000000000000146
vehicle_005_session_00948,vehicle_005,948,train,118.22588960953878,26.0,328.9,330.2,331.9,333.6,-70.503278852459,21.704918032786885,1,0.02642622950819675,0.028000000000000025
vehicle_005_session_00949,vehicle_005,949,train,116.4904166227145,47.2,339.1,339.7,342.8,347.4,-70.47868639344263,24.737704918032787,2,0.035918032786885275,0.039000000000000146
vehicle_005_session_00950,vehicle_005,950,train,119.64246330705707,44.0,334.2,336.0,339.1,343.6,-70.05902196721311,22.672131147540984,1,0.034409836065573775,0.039000000000000146
vehicle_005_session_00951,vehicle_005,951,train,120.15106458333334,73.6,361.0,361.8,365.2,369.6,-70.0786962295082,25.852459016393443,1,0.03968852459016396,0.04100000000000037
vehicle_005_session_00952,vehicle_005,952,train,120.83455287524367,57.6,344.6,346.6,350.7,354.7,-69.30328786885246,25.65573770491803,1,0.03760655737704918,0.040000000000000036
vehicle_005_session_00953,vehicle_005,953,train,117.59431386073572,50.8,341.1,341.9,345.8,350.0,-70.00819754098362,26.721311475409838,1,0.03801639344262295,0.040000000000000036
vehicle_005_session_00954,vehicle_005,954,train,121.32994261006291,57.6,344.1,346.4,350.5,354.7,-70.1721406557377,24.049180327868854,1,0.038163934426229486,0.041999999999999815
vehicle_005_session_00955,vehicle_005,955,train,117.74354274256648,48.0,338.8,339.6,342.7,347.4,-69.99836049180328,25.704918032786885,1,0.03718032786885251,0.040000000000000036
vehicle_005_session_00956,vehicle_005,956,train,121.77491646241836,76.4,362.7,363.5,366.9,371.4,-69.96229131147541,28.0,0,0.03991803278688518,0.041999999999999815
vehicle_005_session_00957,vehicle_005,957,train,117.03242101851853,30.8,332.7,333.0,334.2,336.3,-70.23607295081968,21.57377049180328,1,0.027622950819672174,0.029999999999999805
vehicle_005_session_00958,vehicle_005,958,train,117.63484780092593,51.2,341.1,341.9,345.0,348.9,-58.51147967213114,21.065573770491802,1,0.03490163934426231,0.03699999999999992
vehicle_005_session_00959,vehicle_005,959,train,94.34760709064331,21.6,327.7,328.5,329.6,330.3,-38.581974426229515,12.721311475409836,7,0.016672131147541003,0.019000000000000128
vehicle_005_session_00960,vehicle_005,960,train,117.88330341880345,44.8,336.1,336.4,338.3,341.0,-50.15246901639344,25.737704918032787,1,0.02885245901639342,0.03400000000000025
vehicle_005_session_00961,vehicle_005,961,train,118.8408682458143,23.2,330.2,330.5,331.6,333.0,-70.09181098360655,24.491803278688526,1,0.02690163934426231,0.028000000000000025
vehicle_005_session_00962,vehicle_005,962,train,117.57392549603173,52.4,343.0,343.8,347.4,351.4,-70.16394524590164,28.34426229508197,1,0.03770491803278688,0.039000000000000146
vehicle_005_session_00963,vehicle_005,963,train,120.1702135076253,18.4,326.6,328.3,330.2,331.4,-70.05246229508197,20.885245901639344,2,0.026409836065573775,0.028000000000000025
vehicle_005_session_00964,vehicle_005,964,train,117.64874957770273,39.2,335.2,335.5,337.5,340.5,-70.02951163934426,23.557377049180328,1,0.030918032786885184,0.03500000000000014
vehicle_005_session_00965,vehicle_005,965,train,118.97290344982079,68.8,356.9,357.7,360.8,365.0,-70.01639852459017,26.131147540983605,1,0.03893442622950821,0.04100000000000037
vehicle_005_session_00966,vehicle_005,966,train,118.89399524950836,47.2,334.1,338.25,342.29999999999995,347.4,-69.34079144736843,21.513157894736842,1,0.036921052631578945,0.040999999999999925
vehicle_005_session_00967,vehicle_005,967,train,119.40215733564814,35.2,331.3,332.4,333.9,336.4,-59.2289527631579,18.157894736842106,7,0.025973684210526343,0.03200000000000003
vehicle_005_session_00968,vehicle_005,968,train,120.12554802350431,61.6,351.3,352.2,355.3,359.4,-70.20001016393444,23.0,0,0.038524590163934426,0.040000000000000036
vehicle_005_session_00969,vehicle_005,969,train,118.55272958754206,40.0,333.8,334.2,335.8,339.1,-60.45902229508197,19.81967213114754,7,0.02903278688524587,0.03600000000000003
vehicle_005_session_00970,vehicle_005,970,train,119.4146185980903,66.4,354.7,355.7,358.8,363.0,-70.11148491803277,28.0,0,0.04006557377049177,0.041999999999999815
vehicle_005_session_00971,vehicle_005,971,train,119.4911799682329,51.2,338.6,340.75,344.65,349.3,-60.288163815789474,19.157894736842106,6,0.03740789473684212,0.040999999999999925
vehicle_005_session_00972,vehicle_005,972,train,118.54963219544851,32.4,333.0,333.2,334.4,336.6,-69.11476409836065,22.540983606557376,1,0.02754098360655735,0.02900000000000036
vehicle_005_session_00973,vehicle_005,973,train,116.4739639190822,37.2,333.6,334.2,336.1,339.1,-69.31149196721313,21.311475409836067,1,0.030180327868852417,0.03400000000000025
vehicle_005_session_00974,vehicle_005,974,train,120.09840577651515,64.8,353.8,354.6,357.7,361.8,-69.3082142622951,24.491803278688526,1,0.038131147540983595,0.040000000000000036
vehicle_005_session_00975,vehicle_005,975,train,119.76297773148154,55.6,346.0,346.9,350.3,354.3,-70.80657475409835,23.360655737704917,1,0.03814754098360656,0.040000000000000036
vehicle_005_session_00976,vehicle_005,976,train,117.51042806712962,37.2,332.8,333.3,334.7,336.9,-60.285251967213114,22.60655737704918,1,0.026295081967213096,0.028999999999999915
vehicle_005_session_00977,vehicle_005,977,train,120.67341813973061,68.8,356.6,357.5,360.8,365.0,-69.77214508196721,24.19672131147541,1,0.03890163934426228,0.04100000000000037
vehicle_005_session_00978,vehicle_005,978,train,118.07264503642988,34.4,330.8,332.2,334.1,336.6,-70.04754573770492,23.59016393442623,1,0.02855737704918032,0.03100000000000014
vehicle_005_session_00979,vehicle_005,979,train,118.20104025341132,58.8,348.2,349.1,352.32,356.1,-70.10001000000001,26.918032786885245,1,0.03809836065573773,0.039000000000000146
vehicle_005_session_00980,vehicle_005,980,train,119.22751620370373,57.2,344.4,346.9,351.0,355.0,-70.15968596774194,22.06451612903226,2,0.03856451612903225,0.04300000000000015
vehicle_005_session_00981,vehicle_005,981,train,119.35954398148148,26.4,329.7,329.9,330.7,331.7,-49.899989999999995,23.295081967213115,1,0.020098360655737703,0.02200000000000024
vehicle_005_session_00982,vehicle_005,982,train,119.05814404248767,10.0,323.2,325.1,327.8,329.7,-70.00526526315788,22.0,0,0.02664473684210525,0.02900000000000036
vehicle_005_session_00983,vehicle_005,983,train,120.18860781870043,30.4,329.2,330.4,331.9,333.6,-60.153953421052634,23.276315789473685,1,0.024236842105263178,0.027000000000000135
vehicle_005_session_00984,vehicle_005,984,train,118.38652927215189,29.2,332.2,332.4,333.6,335.3,-70.16230360655737,23.459016393442624,1,0.027295081967213138,0.02900000000000036
vehicle_005_session_00985,vehicle_005,985,train,120.72868283730159,61.2,350.8,351.6,354.7,358.6,-70.14263114754098,27.704918032786885,1,0.037950819672131146,0.040000000000000036
vehicle_005_session_00986,vehicle_005,986,train,113.3293016826923,39.6,333.9,334.2,335.3,337.1,-44.899989999999995,24.524590163934427,1,0.022836065573770475,0.02499999999999991
vehicle_005_session_00987,vehicle_005,987,train,119.15440454059832,66.0,353.6,354.6,357.7,362.1,-69.3082142622951,24.131147540983605,1,0.03816393442622952,0.040000000000000036
vehicle_005_session_00988,vehicle_005,988,train,119.35287620772948,14.4,325.7,326.4,328.6,330.0,-70.18033770491806,26.147540983606557,1,0.0264590163934426,0.028999999999999915
vehicle_005_session_00989,vehicle_005,989,train,118.99654365079367,42.0,335.7,336.1,338.0,341.3,-70.1409931147541,29.40983606557377,1,0.03181967213114753,0.03600000000000003
vehicle_005_session_00990,vehicle_005,990,train,110.92576660611924,8.400001,322.7,324.1,326.9,329.1,-70.17869770491804,26.0,0,0.02678688524590164,0.028999999999999915
vehicle_005_session_00991,vehicle_005,991,train,119.47223574074071,34.4,332.8,333.2,334.6,336.6,-70.12295852459016,28.475409836065573,1,0.02863934426229509,0.030999999999999694
vehicle_005_session_00992,vehicle_005,992,train,122.48571440972228,64.4,351.9,352.7,355.8,359.9,-70.11967983606557,32.0,0,0.03855737704918032,0.040000000000000036
vehicle_005_session_00993,vehicle_005,993,train,117.34723018518515,44.4,337.4,337.8,340.5,344.6,-70.00820163934426,25.59016393442623,1,0.03508196721311479,0.039000000000000146
vehicle_005_session_00994,vehicle_005,994,train,120.30980609027782,17.6,326.3,327.6,329.6,330.8,-70.21067746666668,26.533333333333335,1,0.026453333333333346,0.028999999999999915
vehicle_005_session_00995,vehicle_005,995,train,120.53438547892722,38.0,331.9,333.2,335.4,338.3,-69.96973381578948,27.42105263157895,1,0.03056578947368421,0.03400000000000025
vehicle_005_session_00996,vehicle_005,996,train,117.08902447632056,42.0,335.8,336.3,338.6,342.2,-69.48688393442623,28.295081967213115,1,0.033459016393442606,0.037000000000000366
vehicle_005_session_00997,vehicle_005,997,train,121.23774775326795,66.8,354.7,355.5,358.6,362.8,-69.51147655737705,30.770491803278688,1,0.03921311475409832,0.04099999999999948
vehicle_005_session_00998,vehicle_005,998,train,120.80930033201543,42.8,333.9,335.6,338.5,342.5,-70.740014,26.626666666666665,1,0.03435999999999999,0.040000000000000036
vehicle_005_session_00999,vehicle_005,999,train,116.37041396103896,38.4,334.9,335.2,337.1,340.2,-70.13279590163934,28.672131147540984,1,0.03163934426229504,0.03500000000000014
vehicle_005_session_01000,vehicle_005,1000,train,118.54671852598568,69.2,357.1,358.0,361.1,365.3,-70.11967983606557,32.0,0,0.039721311475409825,0.04100000000000037
vehicle_005_session_01001,vehicle_005,1001,train,120.74942631172843,53.2,341.8,342.7,346.6,351.0,-69.98524852459016,31.737704918032787,1,0.03924590163934423,0.04300000000000015
vehicle_005_session_01002,vehicle_005,1002,train,120.8684734933036,52.8,336.9,339.4,342.6,346.0,-44.492112105263175,28.263157894736842,1,0.03380263157894739,0.03600000000000003
vehicle_005_session_01003,vehicle_005,1003,train,118.20747482638889,18.0,329.1,329.4,330.5,331.7,-70.54590622950819,23.0,0,0.025688524590163967,0.027000000000000135
vehicle_005_session_01004,vehicle_005,1004,train,119.31814759460545,50.4,341.3,342.1,345.5,349.7,-70.55902229508197,27.37704918032787,1,0.03740983606557374,0.039000000000000146
vehicle_005_session_01005,vehicle_005,1005,train,119.42657410714284,55.2,345.2,346.1,349.7,353.8,-70.38851803278689,24.868852459016395,1,0.03844262295081968,0.04100000000000037
vehicle_005_session_01006,vehicle_005,1006,train,117.14523320707075,34.4,331.1,332.2,334.2,336.8,-70.27378786885245,23.524590163934427,1,0.029065573770491814,0.03200000000000003
vehicle_005_session_01007,vehicle_005,1007,train,119.7963225925926,56.4,346.1,347.1,350.3,354.3,-70.30165885245901,26.508196721311474,1,0.03834426229508194,0.040000000000000036
vehicle_005_session_01008,vehicle_005,1008,train,118.12955983293078,23.6,329.7,330.2,331.4,333.0,-70.28854344262294,23.311475409836067,2,0.026606557377049207,0.02900000000000036
vehicle_005_session_01009,vehicle_005,1009,train,118.18945143457607,51.6,342.7,343.6,347.1,351.3,-70.28854344262294,27.524590163934427,1,0.03806557377049179,0.040000000000000036
vehicle_005_session_01010,vehicle_005,1010,train,119.20138694679851,24.0,328.5,329.7,331.1,332.7,-70.01803459016394,27.21311475409836,2,0.026491803278688563,0.028999999999999915
vehicle_005_session_01011,vehicle_005,1011,train,118.54767884259259,48.0,339.3,339.9,343.0,347.4,-69.9606518032787,30.57377049180328,1,0.037409836065573805,0.040999999999999925
vehicle_005_session_01012,vehicle_005,1012,train,120.74611237879981,53.6,340.8,342.75,347.45,351.8,-70.1080072,29.093333333333334,1,0.039853333333333324,0.04400000000000004
vehicle_005_session_01013,vehicle_005,1013,train,116.92233880385488,25.2,328.5,330.3,331.79999999999995,333.6,-69.78552578947367,25.026315789473685,2,0.026605263157894746,0.028999999999999915
vehicle_005_session_01014,vehicle_005,1014,train,119.53451568521196,25.2,327.8,329.15,330.5,331.7,-60.113341333333324,25.96,2,0.023280000000000012,0.025000000000000355
vehicle_005_session_01015,vehicle_005,1015,train,116.93166885964912,32.8,332.2,332.5,334.1,336.3,-70.70492852459016,27.327868852459016,1,0.02924590163934426,0.03200000000000003
vehicle_005_session_01016,vehicle_005,1016,train,117.65200864779877,63.2,352.1,352.8,356.1,360.0,-70.70328901639343,31.0,0,0.03934426229508196,0.04100000000000037
vehicle_005_session_01017,vehicle_005,1017,train,119.35782069364626,28.0,329.2,330.6,332.2,334.2,-70.31734706666666,26.466666666666665,1,0.027586666666666718,0.03000000000000025
vehicle_005_session_01018,vehicle_005,1018,train,120.03675855596407,29.2,329.7,330.8,332.4,334.2,-70.32895368421052,27.855263157894736,2,0.027631578947368444,0.029999999999999805
vehicle_005_session_01019,vehicle_005,1019,train,121.22107951388887,72.0,358.8,359.6,363.0,367.2,-70.07049852459016,26.852459016393443,1,0.039934426229508185,0.041999999999999815
vehicle_005_session_01020,vehicle_005,1020,train,118.60255650684933,46.4,337.1,337.5,340.5,344.9,-70.08689098360657,32.75409836065574,1,0.03731147540983605,0.04100000000000037
vehicle_005_session_01021,vehicle_005,1021,train,123.11743952020201,75.6,361.1,362.2,365.3,369.9,-69.9967257377049,35.0,0,0.04090163934426229,0.04300000000000015
vehicle_005_session_01022,vehicle_005,1022,train,116.83739446180556,38.4,331.7,333.1,335.0,337.5,-59.821338399999995,24.88,1,0.027693333333333337,0.03000000000000025
vehicle_005_session_01023,vehicle_005,1023,train,120.57119385416672,61.6,349.4,350.75,353.6,356.9,-57.04079644736843,27.38157894736842,1,0.034842105263157924,0.03600000000000003
vehicle_005_session_01024,vehicle_005,1024,train,117.59959043096404,50.0,341.4,342.2,345.8,350.2,-70.20492852459016,24.688524590163933,1,0.0388688524590164,0.040000000000000036
vehicle_005_session_01025,vehicle_005,1025,train,123.1173873611111,77.6,364.3,365.2,368.5,371.4,-68.90656885245903,27.0,0,0.0406229508196722,0.04300000000000015
vehicle_005_session_01026,vehicle_005,1026,train,120.42574234503603,50.4,338.5,340.04999999999995,344.54999999999995,349.4,-70.07105763157895,24.907894736842106,2,0.03965789473684215,0.04300000000000015
vehicle_005_session_01027,vehicle_005,1027,train,121.6572922766517,50.0,339.6,340.5,344.7,349.6,-70.10164475409836,19.459016393442624,1,0.038918032786885264,0.04200000000000026
vehicle_005_session_01028,vehicle_005,1028,train,120.29546097843271,43.6,334.6,336.05,339.20000000000005,343.6,-70.1026380263158,21.342105263157894,2,0.034776315789473676,0.040999999999999925
vehicle_005_session_01029,vehicle_005,1029,train,118.26779000391232,34.8,331.6,332.5,334.6,337.1,-69.89999262295082,19.60655737704918,1,0.02906557377049179,0.03200000000000003
vehicle_005_session_01030,vehicle_005,1030,train,119.89582948717947,63.2,352.4,353.3,356.3,360.3,-69.89343459016393,23.39344262295082,1,0.03901639344262296,0.040999999999999925
vehicle_005_session_01031,vehicle_005,1031,train,118.9617209201389,16.0,327.2,327.8,329.6,330.8,-70.12296032786887,25.049180327868854,1,0.026295081967213137,0.028999999999999915
vehicle_005_session_01032,vehicle_005,1032,train,116.73982212962962,44.8,337.8,338.5,341.0,345.2,-70.04262721311476,28.508196721311474,1,0.03545901639344262,0.039000000000000146
vehicle_005_session_01033,vehicle_005,1033,train,116.60968892450141,37.2,332.4,332.7,333.8,335.2,-45.0,25.21311475409836,1,0.022295081967213113,0.02400000000000002
vehicle_005_session_01034,vehicle_005,1034,train,118.79583791666667,68.4,354.9,355.3,357.4,360.0,-45.018034590163936,28.0,0,0.03157377049180328,0.03300000000000036
vehicle_005_session_01035,vehicle_005,1035,train,119.8797843076285,24.4,330.5,330.7,331.6,333.0,-70.09837032786885,24.21311475409836,1,0.026049180327868897,0.028000000000000025
vehicle_005_session_01036,vehicle_005,1036,train,118.90428090277776,51.2,341.3,342.2,345.5,349.7,-70.09345196721311,27.80327868852459,1,0.03760655737704916,0.040000000000000036
vehicle_005_session_01037,vehicle_005,1037,train,121.30176422930282,69.6,355.2,355.8,358.2,361.0,-50.06721983606558,31.0,0,0.033196721311475386,0.0349999999999997
vehicle_005_session_01038,vehicle_005,1038,train,117.38040514770726,33.6,332.8,333.3,334.9,337.4,-73.97049426229506,30.147540983606557,2,0.030639344262295084,0.03299999999999992
vehicle_005_session_01039,vehicle_005,1039,train,118.93712336033953,59.2,348.8,349.7,353.0,357.2,-73.94098852459015,33.0,0,0.0398360655737705,0.041999999999999815
vehicle_005_session_01040,vehicle_005,1040,train,117.77879378019324,18.8,328.6,329.1,330.2,331.6,-70.1049255737705,27.0,0,0.02631147540983608,0.02900000000000036
vehicle_005_session_01041,vehicle_005,1041,train,115.76976193270737,46.4,338.8,339.4,342.4,346.6,-70.0573819672131,30.491803278688526,1,0.03675409836065577,0.040000000000000036
vehicle_005_session_01042,vehicle_005,1042,train,122.14811885683764,75.2,361.4,362.2,365.7,369.9,-70.02787147540984,32.704918032786885,1,0.040311475409836095,0.0420000000000007
vehicle_005_session_01043,vehicle_005,1043,train,116.58120049857548,24.4,330.8,331.0,332.1,333.6,-70.03442967213115,24.868852459016395,2,0.02663934426229514,0.03000000000000025
vehicle_005_session_01044,vehicle_005,1044,train,118.40127249396137,56.0,346.1,347.1,350.3,354.3,-70.02459262295082,29.016393442622952,1,0.03801639344262295,0.040000000000000036
vehicle_005_session_01045,vehicle_005,1045,train,116.24334842414531,53.6,342.1,342.7,345.2,348.0,-45.100010000000005,28.0,0,0.03290163934426231,0.03500000000000014
vehicle_005_session_01046,vehicle_005,1046,train,118.52309057120502,10.8,325.7,326.1,328.2,329.6,-70.08525213114754,29.0,0,0.026885245901639362,0.028999999999999915
vehicle_005_session_01047,vehicle_005,1047,train,119.4058564528024,39.6,334.9,335.3,337.1,339.9,-70.03279,32.26229508196721,2,0.03154098360655735,0.03500000000000014
vehicle_005_session_01048,vehicle_005,1048,train,115.12622293871252,38.4,334.1,334.6,336.4,339.4,-70.12131967213116,31.81967213114754,2,0.03177049180327867,0.03699999999999992
vehicle_005_session_01049,vehicle_005,1049,train,119.15378105158734,63.6,352.1,352.8,356.0,359.9,-70.0770537704918,34.0,0,0.03957377049180332,0.04100000000000037
vehicle_005_session_01050,vehicle_005,1050,train,116.8861826636905,24.0,328.5,329.7,331.3,332.8,-69.80657344262296,27.24590163934426,1,0.026655737704918074,0.03000000000000025
vehicle_005_session_01051,vehicle_005,1051,train,114.79835007610353,46.4,338.6,339.3,342.1,346.4,-69.77214639344261,30.131147540983605,2,0.03706557377049182,0.04100000000000037
vehicle_005_session_01052,vehicle_005,1052,train,122.00695580808079,75.6,361.9,362.7,366.1,370.4,-69.75903163934427,32.0,0,0.04077049180327869,0.0420000000000007
vehicle_005_session_01053,vehicle_005,1053,train,120.12002603312844,48.8,336.4,338.5,342.4375,347.4,-69.78668053333332,27.786666666666665,1,0.038773333333333375,0.04200000000000026
vehicle_005_session_01054,vehicle_005,1054,train,118.16791273488563,23.6,327.5,329.1,330.5,332.1,-69.63443836065572,31.360655737704917,1,0.026393442622950833,0.028000000000000025
vehicle_005_session_01055,vehicle_005,1055,train,118.52406799336653,51.2,340.5,341.3,344.7,348.9,-69.7164050819672,34.68852459016394,1,0.03890163934426231,0.040999999999999925
vehicle_005_session_01056,vehicle_005,1056,train,116.61878109110168,34.8,333.2,333.5,335.0,337.2,-69.23443967213116,33.459016393442624,1,0.02973770491803279,0.03200000000000003
vehicle_005_session_01057,vehicle_005,1057,train,119.34086385528678,68.8,356.4,357.2,360.5,364.7,-70.63607557377048,29.885245901639344,1,0.04045901639344264,0.0420000000000007
vehicle_005_session_01058,vehicle_005,1058,train,114.83523143939395,34.8,331.7,332.1,333.0,334.4,-45.36393327868853,24.081967213114755,1,0.021524590163934466,0.02400000000000002
vehicle_005_session_01059,vehicle_005,1059,train,118.72347989004628,51.6,340.2,341.4,346.0,350.3,-69.94754327868851,28.80327868852459,1,0.04008196721311479,0.04200000000000026
vehicle_005_session_01060,vehicle_005,1060,train,117.84242018711423,56.0,345.3,346.3,349.9,353.9,-70.19509262295081,28.524590163934427,1,0.03937704918032786,0.041999999999999815
vehicle_005_session_01061,vehicle_005,1061,train,117.87547869585683,50.8,340.8,341.8,345.5,349.9,-69.52951114754099,24.360655737704917,1,0.03906557377049179,0.040999999999999925
vehicle_005_session_01062,vehicle_005,1062,train,116.64478186834096,47.2,338.9,339.6,342.8,347.5,-70.47212836065573,22.049180327868854,2,0.03742622950819678,0.04100000000000037
vehicle_005_session_01063,vehicle_005,1063,train,119.72222881944442,76.4,363.2,364.1,367.5,370.7,-66.68033409836067,24.901639344262296,1,0.03996721311475415,0.0420000000000007
vehicle_005_session_01064,vehicle_005,1064,train,118.71713861111111,46.0,337.1,338.0,341.1,346.1,-70.05246393442623,24.721311475409838,1,0.03750819672131147,0.041999999999999815
vehicle_005_session_01065,vehicle_005,1065,train,117.38195164930553,52.4,342.4,343.3,347.1,351.3,-70.05738147540984,26.868852459016395,1,0.039475409836065574,0.04200000000000026
vehicle_005_session_01066,vehicle_005,1066,train,117.26785734126986,27.6,329.9,330.3,331.9,333.8,-69.94918114754098,26.885245901639344,2,0.027327868852459063,0.029999999999999805
vehicle_005_session_01067,vehicle_005,1067,train,120.05112437307103,60.8,349.4,350.2,353.5,357.4,-69.94098606557377,31.0,0,0.03909836065573774,0.040999999999999925
vehicle_005_session_01068,vehicle_005,1068,train,118.39066826499118,16.4,326.0,327.5,329.4,330.8,-70.24755032786886,26.62295081967213,1,0.027180327868852473,0.03000000000000025
vehicle_005_session_01069,vehicle_005,1069,train,115.85117877252256,42.0,336.1,336.6,338.9,342.4,-70.14918967213116,29.918032786885245,2,0.0337540983606557,0.0389999999999997
vehicle_005_session_01070,vehicle_005,1070,train,120.7317043560606,71.6,358.5,359.3,362.5,366.9,-70.09508786885245,32.85245901639344,1,0.04059016393442626,0.0420000000000007
vehicle_005_session_01071,vehicle_005,1071,train,115.71107810054774,26.0,330.2,330.5,331.7,333.3,-70.03442950819672,30.147540983606557,1,0.027327868852459056,0.02900000000000036
vehicle_005_session_01072,vehicle_005,1072,train,117.07965756523572,54.4,343.9,344.9,348.3,352.4,-69.96229901639344,33.49180327868852,1,0.03944262295081962,0.04100000000000037
vehicle_005_session_01073,vehicle_005,1073,train,114.75,48.8,338.3,338.8,340.8,343.6,-45.0,25.524590163934427,1,0.030836065573770496,0.0349999999999997
vehicle_005_session_01074,vehicle_005,1074,train,117.2070961538462,24.8,328.2,329.6,331.1,332.7,-69.99836540983607,25.491803278688526,1,0.026344262295081987,0.028000000000000025
vehicle_005_session_01075,vehicle_005,1075,train,116.6713050925926,56.0,345.3,346.3,349.7,353.6,-70.036071147541,29.557377049180328,1,0.039016393442622935,0.040999999999999925
vehicle_005_session_01076,vehicle_005,1076,train,117.91920827020203,48.0,336.6,338.5,342.7,347.7,-70.27050196721311,24.114754098360656,2,0.038786885245901674,0.042999999999999705
vehicle_005_session_01077,vehicle_005,1077,train,118.96460906193077,70.0,358.0,358.6,362.1,366.3,-70.17214081967212,26.0,0,0.04036065573770491,0.04300000000000015
vehicle_005_session_01078,vehicle_005,1078,train,114.65915175078248,33.2,333.2,333.5,334.9,337.2,-70.22132213114753,24.57377049180328,1,0.029147540983606564,0.03200000000000003
vehicle_005_session_01079,vehicle_005,1079,train,118.97025282738099,61.6,351.0,351.8,354.9,358.8,-70.17214081967214,28.114754098360656,1,0.039262295081967234,0.04100000000000037
vehicle_005_session_01080,vehicle_005,1080,train,117.36567759562847,57.2,345.2,347.1,350.8,354.9,-70.1918137704918,27.868852459016395,1,0.03954098360655741,0.04300000000000015
vehicle_005_session_01081,vehicle_005,1081,train,118.68355583645445,25.6,327.8,328.4,329.4,330.5,-44.082901973684216,26.67105263157895,1,0.01856578947368419,0.020000000000000018
vehicle_005_session_01082,vehicle_005,1082,train,117.53446113247863,33.2,330.0,331.3,333.0,334.9,-60.027633947368415,24.907894736842106,1,0.02553947368421057,0.028000000000000025
vehicle_005_session_01083,vehicle_005,1083,train,120.78820104166668,65.2,353.3,354.1,357.4,361.6,-69.96721655737704,27.114754098360656,1,0.03952459016393441,0.04100000000000037
vehicle_005_session_01084,vehicle_005,1084,train,116.55454969031534,32.0,332.5,332.8,334.2,336.6,-75.2475557377049,26.852459016393443,2,0.0304262295081967,0.03200000000000003
vehicle_005_session_01085,vehicle_005,1085,train,118.66246713969404,61.6,350.8,351.8,355.2,359.3,-75.3032970491803,30.868852459016395,1,0.04106557377049183,0.042999999999999705
vehicle_005_session_01086,vehicle_005,1086,train,120.10594143086651,44.0,335.3,335.8,338.0,341.3,-60.12667506666667,29.64,1,0.03162666666666668,0.03600000000000003
vehicle_005_session_01087,vehicle_005,1087,train,118.99139289602101,23.6,327.8,328.85,330.2375,331.4,-60.14934293333333,26.373333333333335,1,0.02352000000000002,0.0259999999999998
vehicle_005_session_01088,vehicle_005,1088,train,120.28886943893298,58.8,345.7,347.4,350.5,353.8,-57.40328508196721,30.0,0,0.03532786885245902,0.037000000000000366
vehicle_005_session_01089,vehicle_005,1089,train,119.10215326797385,22.8,327.7,328.3,329.2,330.2,-44.80264144736842,26.0,0,0.01842105263157896,0.020000000000000018
vehicle_005_session_01090,vehicle_005,1090,train,118.76488175294615,26.0,328.8,329.95,331.6,333.2,-69.94210421052632,27.68421052631579,1,0.02711842105263159,0.028999999999999915
vehicle_005_session_01091,vehicle_005,1091,train,119.94813618055557,53.6,340.2,342.45,347.29999999999995,351.8,-70.26843578947368,29.960526315789473,1,0.041105263157894735,0.04400000000000004
vehicle_005_session_01092,vehicle_005,1092,train,119.12847287593112,26.0,327.8,328.8,329.79999999999995,330.8,-45.765343200000004,28.266666666666666,1,0.019280000000000044,0.02100000000000035
vehicle_005_session_01093,vehicle_005,1093,train,117.15761921296296,24.4,328.6,329.6,331.1,332.8,-70.2164050819672,28.557377049180328,1,0.026967213114754106,0.028999999999999915
vehicle_005_session_01094,vehicle_005,1094,train,118.45289985119054,53.6,343.2,344.1,347.7,351.8,-70.22132360655736,32.32786885245902,1,0.03973770491803277,0.041999999999999815
vehicle_005_session_01095,vehicle_005,1095,train,116.80355295138891,14.8,324.9,326.3,328.8,330.2,-69.98032901639344,30.672131147540984,1,0.02777049180327868,0.030999999999999694
vehicle_005_session_01096,vehicle_005,1096,train,117.5845422705314,35.6,333.3,333.6,335.2,337.7,-69.94754081967213,32.967213114754095,2,0.030459016393442624,0.03399999999999981
vehicle_005_session_01097,vehicle_005,1097,train,120.70844522180761,63.6,351.6,352.4,355.5,359.4,-69.95901754098361,36.0,0,0.039950819672131155,0.04200000000000026
vehicle_005_session_01098,vehicle_005,1098,train,119.17759338786641,32.4,329.7,330.2,331.4,332.7,-45.20658960526317,32.03947368421053,1,0.020986842105263182,0.02300000000000013
vehicle_005_session_01099,vehicle_005,1099,train,119.10634056238614,66.8,354.4,355.2,358.5,362.7,-70.12459704918032,33.967213114754095,1,0.04055737704918026,0.04200000000000026
vehicle_005_session_01100,vehicle_005,1100,train,115.8033403308824,24.8,328.6,329.7,331.3,332.8,-69.78711548387096,28.983870967741936,2,0.027225806451612936,0.02900000000000036
vehicle_005_session_01101,vehicle_005,1101,train,120.04200924059144,12.0,323.5,324.9,327.7,329.7,-70.05738213114755,27.0,0,0.027196721311475408,0.02900000000000036
vehicle_005_session_01102,vehicle_005,1102,train,118.77526091269844,37.2,333.9,334.2,335.8,338.3,-70.05082409836065,29.59016393442623,1,0.03009836065573766,0.03400000000000025
vehicle_005_session_01103,vehicle_005,1103,train,122.86112339743589,68.4,355.0,355.8,358.9,363.0,-70.08033344262296,32.81967213114754,1,0.03980327868852458,0.04100000000000037
vehicle_005_session_01104,vehicle_005,1104,train,120.59040884502926,63.2,350.0,351.5,355.1,359.3,-69.86053078947369,28.11842105263158,1,0.03956578947368425,0.04100000000000037
vehicle_005_session_01105,vehicle_005,1105,train,119.48845934151154,15.6,325.2,326.5,328.9,330.3,-69.98133266666666,30.013333333333332,2,0.027906666666666666,0.030999999999999694
vehicle_005_session_01106,vehicle_005,1106,train,118.42350998263886,49.6,339.4,340.2,343.6,348.3,-70.9229431147541,32.68852459016394,1,0.03990163934426233,0.042999999999999705
vehicle_005_session_01107,vehicle_005,1107,train,120.0611740451389,49.6,338.9,339.6,343.0,347.7,-70.07541737704918,33.49180327868852,1,0.039688524590163955,0.04300000000000015
vehicle_005_session_01108,vehicle_005,1108,train,117.91467158179016,61.6,346.6,349.79999999999995,352.8,356.3,-59.506581315789475,34.0,0,0.036421052631579,0.039000000000000146
vehicle_005_session_01109,vehicle_005,1109,train,119.92485397640793,52.4,341.9,342.7,346.4,350.8,-70.04754573770491,32.885245901639344,1,0.04029508196721309,0.04300000000000015
vehicle_005_session_01110,vehicle_005,1110,train,120.19744812091507,25.6,328.5,329.6,331.1,332.7,-70.05738213114753,32.78688524590164,1,0.027442622950819714,0.03000000000000025
vehicle_005_session_01111,vehicle_005,1111,train,118.306125,46.4,337.5,338.2,340.8,345.0,-70.0377093442623,34.80327868852459,1,0.037278688524590174,0.04100000000000037
vehicle_005_session_01112,vehicle_005,1112,train,121.37123757309936,73.6,359.3,360.2,363.5,367.8,-70.1541075409836,34.0,0,0.041065573770491824,0.04300000000000015
vehicle_005_session_01113,vehicle_005,1113,train,118.5717836499183,42.8,333.6,335.0,337.8,341.6,-69.98852344262293,35.01639344262295,2,0.034868852459016345,0.040000000000000036
vehicle_005_session_01114,vehicle_005,1114,train,121.34989077729047,70.0,356.8,357.7,361.0,365.0,-69.91802459016394,37.0,0,0.0410983606557377,0.04300000000000015
vehicle_005_session_01115,vehicle_005,1115,train,121.93819148451728,70.0,357.1,358.0,361.1,365.3,-69.90492032786885,35.59016393442623,1,0.041262295081967146,0.04300000000000015
vehicle_005_session_01116,vehicle_005,1116,train,119.37897806786214,36.8,332.7,333.2,334.9,337.4,-70.71968426229509,34.721311475409834,1,0.03137704918032783,0.0349999999999997
vehicle_005_session_01117,vehicle_005,1117,train,123.16441397180768,68.8,355.3,356.1,359.4,363.6,-70.77542737704917,38.0,0,0.04122950819672127,0.04300000000000015
vehicle_005_session_01118,vehicle_005,1118,train,121.1579504419192,18.0,327.1,328.0,329.7,331.1,-70.25082786885245,25.770491803278688,1,0.026770491803278704,0.03000000000000025
vehicle_005_session_01119,vehicle_005,1119,train,116.66325978090764,44.8,337.7,338.2,340.8,344.9,-70.17214131147543,29.21311475409836,2,0.036278688524590194,0.040999999999999925
vehicle_005_session_01120,vehicle_005,1120,train,119.57796012931034,73.2,360.0,361.0,364.3,368.5,-70.14590967213117,31.0327868852459,1,0.04122950819672132,0.04300000000000015
vehicle_005_session_01121,vehicle_005,1121,train,117.4041189808349,20.0,327.7,328.9,330.5,332.1,-69.93552513157894,22.94736842105263,2,0.02621052631578949,0.028000000000000025
vehicle_005_session_01122,vehicle_005,1122,train,118.28538463998537,34.0,333.3,333.6,335.2,337.5,-70.72788163934426,24.19672131147541,2,0.029688524590163932,0.03299999999999992
vehicle_005_session_01123,vehicle_005,1123,train,119.49577948797679,64.8,353.6,354.4,357.7,361.8,-70.7787057377049,28.0,0,0.0401147540983606,0.041999999999999815
vehicle_005_session_01124,vehicle_005,1124,train,116.37205387205388,40.4,335.2,335.7,337.8,341.3,-70.0,24.40983606557377,1,0.03324590163934424,0.038000000000000256
vehicle_005_session_01125,vehicle_005,1125,train,119.60055761693806,28.4,326.6,327.7,328.3,328.9,-22.318420657894738,24.157894736842106,1,0.012421052631578947,0.014000000000000234
vehicle_005_session_01126,vehicle_005,1126,train,121.65331916273591,76.4,360.2,362.0,365.375,369.3,-60.08267386666667,26.85333333333333,1,0.038013333333333406,0.040000000000000036
vehicle_005_session_01127,vehicle_005,1127,train,121.64420236697964,58.8,348.2,349.1,352.5,356.4,-70.29838049180329,24.295081967213115,1,0.03978688524590167,0.04100000000000037
vehicle_005_session_01128,vehicle_005,1128,train,117.70357645697167,41.2,334.1,334.4,335.7,337.4,-45.45738081967214,30.0,0,0.024163934426229498,0.026000000000000245
vehicle_005_session_01129,vehicle_005,1129,train,117.13773667417418,42.0,334.1,334.4,335.7,337.4,-44.899989999999995,31.459016393442624,1,0.024081967213114744,0.026000000000000245
vehicle_005_session_01130,vehicle_005,1130,train,119.10456166862288,37.2,332.1,332.8,334.9,337.7,-70.02787147540982,35.295081967213115,1,0.030983606557377006,0.03500000000000014
vehicle_005_session_01131,vehicle_005,1131,train,121.2723324404762,66.0,353.3,354.3,357.2,361.4,-69.91312049180328,38.0,0,0.03924590163934424,0.04100000000000037
vehicle_005_session_01132,vehicle_005,1132,train,116.0154819078947,40.4,334.6,334.9,336.6,339.1,-60.04262836065573,33.60655737704918,1,0.028885245901639302,0.03200000000000003
vehicle_005_session_01133,vehicle_005,1133,train,117.60238200431034,63.2,351.0,351.6,354.1,357.4,-57.08852885245902,35.98360655737705,0,0.035049180327868905,0.037000000000000366
vehicle_005_session_01134,vehicle_005,1134,train,119.95327303685895,51.6,338.0,339.7,343.6,347.7,-59.02459672131148,31.885245901639344,1,0.03672131147540986,0.040000000000000036
vehicle_005_session_01135,vehicle_005,1135,train,121.16855328525642,72.4,358.3,359.1,361.6,364.9,-55.90820344262296,33.0,0,0.035622950819672025,0.03799999999999937
vehicle_005_session_01136,vehicle_005,1136,train,120.08478897669222,28.0,328.2,328.85,329.9,331.0,-44.83201253333335,32.0,0,0.019213333333333367,0.020999999999999908
vehicle_005_session_01137,vehicle_005,1137,train,118.09395352095518,44.0,334.7,335.3,337.5,341.0,-60.216405081967224,35.42622950819672,1,0.03196721311475406,0.03699999999999992
vehicle_005_session_01138,vehicle_005,1138,train,120.50655678104572,66.8,353.6,354.4,357.1,360.7,-60.200010000000006,37.0,0,0.03626229508196723,0.038000000000000256
vehicle_005_session_01139,vehicle_005,1139,train,119.80131912294239,48.4,336.8,338.0,341.9,346.8,-70.04098770491804,36.0,0,0.03893442622950823,0.04300000000000015
vehicle_005_session_01140,vehicle_005,1140,train,121.74869432471263,70.0,357.1,357.8,361.1,365.3,-70.01803459016394,37.0,0,0.04018032786885244,0.0420000000000007
vehicle_005_session_01141,vehicle_005,1141,train,121.56498449275362,50.8,337.8,339.5,343.85,348.6,-69.98667133333333,34.22666666666667,1,0.03971999999999999,0.04200000000000026
vehicle_005_session_01142,vehicle_005,1142,train,117.88329829950142,37.2,333.9,334.4,336.1,339.1,-75.20164950819668,34.295081967213115,1,0.03252459016393441,0.03600000000000003
vehicle_005_session_01143,vehicle_005,1143,train,119.02981828703712,68.4,355.8,356.6,360.0,364.6,-75.35737983606556,37.31147540983606,1,0.04136065573770496,0.04300000000000015
vehicle_005_session_01144,vehicle_005,1144,train,122.4873908880471,60.8,349.1,349.9,353.0,357.1,-70.10164885245902,35.0,0,0.03916393442622952,0.040999999999999925
vehicle_005_session_01145,vehicle_005,1145,train,122.03203316749584,50.4,338.8,339.9,343.9,348.8,-70.40655754098363,32.24590163934426,2,0.03954098360655738,0.04200000000000026
vehicle_005_session_01146,vehicle_005,1146,train,122.1938859953704,66.8,354.3,355.0,358.2,362.2,-69.74591622950818,36.34426229508197,1,0.039557377049180324,0.04100000000000037
vehicle_005_session_01147,vehicle_005,1147,train,121.90408311868686,31.6,328.9,329.6,330.8,332.1,-44.91841289473684,31.36842105263158,1,0.020105263157894737,0.02200000000000024
vehicle_005_session_01148,vehicle_005,1148,train,118.6051544596354,40.4,334.1,334.4,336.0,338.5,-59.84098852459016,33.31147540983606,1,0.02873770491803276,0.03200000000000003
vehicle_005_session_01149,vehicle_005,1149,train,120.5012439516129,66.0,353.0,353.5,356.1,359.3,-56.54590704918033,35.032786885245905,1,0.03495081967213114,0.03699999999999992
vehicle_005_session_01150,vehicle_005,1150,train,121.84088960727972,65.2,351.1,353.0,356.6,360.8,-71.08033852459016,31.9672131147541,1,0.0393606557377049,0.04100000000000037
vehicle_005_session_01151,vehicle_005,1151,train,121.51251801278181,42.4,333.6,334.6,336.9,339.9,-60.16667333333332,27.613333333333333,1,0.030186666666666657,0.03500000000000014
vehicle_005_session_01152,vehicle_005,1152,train,121.23417807088742,39.6,331.1,332.1,333.6,335.3,-45.00526763157895,29.407894736842106,1,0.022934210526315852,0.026000000000000245
vehicle_005_session_01153,vehicle_005,1153,train,118.558479390681,28.8,329.2,330.5,332.1,333.9,-70.13443491803281,31.81967213114754,1,0.02795081967213118,0.03000000000000025
vehicle_005_session_01154,vehicle_005,1154,train,120.23968605324073,53.6,343.2,343.9,347.7,351.8,-70.04918442622953,34.704918032786885,1,0.03932786885245898,0.04200000000000026
vehicle_005_session_01155,vehicle_005,1155,train,120.51182921810697,46.4,335.2,336.6,339.7,344.4,-69.88688639344261,35.34426229508197,1,0.03704918032786885,0.04100000000000037
vehicle_005_session_01156,vehicle_005,1156,train,123.09549675925928,68.0,355.0,355.8,359.1,363.2,-70.00819754098362,37.0,0,0.039918032786885244,0.0420000000000007
vehicle_005_session_01157,vehicle_005,1157,train,119.62500416666667,26.8,330.8,331.1,332.2,333.8,-70.02623213114754,32.63934426229508,1,0.02754098360655738,0.02900000000000036
vehicle_005_session_01158,vehicle_005,1158,train,119.60830213758678,66.8,354.9,355.7,358.8,363.0,-70.02787163934427,37.0,0,0.039803278688524554,0.04199999999999937
vehicle_005_session_01159,vehicle_005,1159,train,122.89013232371796,64.8,349.9,351.05,353.3,355.8,-43.02400346666667,31.933333333333334,1,0.030586666666666693,0.03200000000000003
vehicle_005_session_01160,vehicle_005,1160,train,116.57358293895749,45.6,336.9,337.4,339.3,342.2,-50.100010000000005,27.852459016393443,1,0.029868852459016396,0.03400000000000025
vehicle_005_session_01161,vehicle_005,1161,train,121.43217307692305,40.4,333.6,334.4,336.9,340.2,-70.21476426229509,24.491803278688526,1,0.032245901639344224,0.03600000000000003
vehicle_005_session_01162,vehicle_005,1162,train,121.5641413302951,66.8,354.9,355.8,358.9,363.0,-70.12295852459016,27.57377049180328,1,0.03959016393442622,0.0420000000000007
vehicle_005_session_01163,vehicle_005,1163,train,120.88852187975652,51.6,340.8,341.8,345.5,349.9,-70.12951819672132,27.950819672131146,2,0.03937704918032787,0.04200000000000026
vehicle_005_session_01164,vehicle_005,1164,train,120.22238878472224,27.2,329.69998,330.4,332.0,333.6,-70.09342663157892,26.644736842105264,1,0.027368431578947406,0.02900020000000003
vehicle_005_session_01165,vehicle_005,1165,train,121.60559138888887,46.4,335.5,336.1,338.2,341.1,-49.80001934426231,31.0,0,0.029852459016393395,0.03399999999999981
vehicle_005_session_01166,vehicle_005,1166,train,121.12152138595458,42.0,334.1,334.9,337.4,340.8,-69.99032161290322,36.274193548387096,1,0.03388709677419354,0.039000000000000146
vehicle_005_session_01167,vehicle_005,1167,train,121.45441823476706,70.4,357.4,358.2,361.4,365.8,-69.90819278688525,38.0,0,0.040245901639344245,0.041999999999999815
vehicle_005_session_01168,vehicle_005,1168,train,118.75050366784039,36.4,333.6,334.1,335.7,338.2,-70.19017377049181,31.311475409836067,1,0.03077049180327865,0.03400000000000025
vehicle_005_session_01169,vehicle_005,1169,train,122.71649485596713,65.2,353.3,354.3,357.4,361.4,-70.16066442622952,34.0,0,0.03959016393442624,0.04200000000000026
vehicle_005_session_01170,vehicle_005,1170,train,121.44259657407409,49.2,336.8,338.55,342.45,347.4,-69.99210684210527,34.03947368421053,1,0.03926315789473686,0.04200000000000026
vehicle_005_session_01171,vehicle_005,1171,train,123.05827081120947,50.4,336.4,337.29999,339.3,341.9,-35.06052994736842,31.19736842105263,1,0.028210509210526303,0.03200000000000003
vehicle_005_session_01172,vehicle_005,1172,train,122.80574594806767,51.6,338.3,340.1,344.65,349.4,-69.91710960526315,33.0,0,0.04056578947368421,0.04300000000000015
vehicle_005_session_01173,vehicle_005,1173,train,124.56059949712646,73.2,358.8,359.6,362.4,366.1,-60.001639508196725,37.0,0,0.037688524590163905,0.03900000000000059
vehicle_005_session_01174,vehicle_005,1174,train,120.01962489862126,35.2,330.5,331.475,333.3,335.2,-60.054670399999985,28.586666666666666,1,0.026306666666666666,0.028999999999999915
vehicle_005_session_01175,vehicle_005,1175,train,119.90260802469138,38.0,333.6,333.9,335.7,338.3,-70.22952147540983,28.639344262295083,1,0.030704918032786837,0.03399999999999981
vehicle_005_session_01176,vehicle_005,1176,train,120.70100150966182,40.8,332.8,334.1,336.6,340.2,-70.09017049180328,28.42622950819672,1,0.032655737704917996,0.03699999999999992
vehicle_005_session_01177,vehicle_005,1177,train,120.89236701388889,62.0,349.3,349.9,352.2,354.9,-50.05246426229508,31.0,0,0.032393442622950845,0.03400000000000025
vehicle_005_session_01178,vehicle_005,1178,train,119.41725596064815,32.8,330.2,331.3,333.0,335.2,-70.22459540983607,29.62295081967213,1,0.028688524590163935,0.03100000000000014
vehicle_005_session_01179,vehicle_005,1179,train,119.64485213293653,56.8,345.5,346.4,349.9,353.8,-70.12459573770494,32.885245901639344,1,0.039081967213114736,0.040999999999999925
vehicle_005_session_01180,vehicle_005,1180,train,118.47676086956524,31.2,331.7,332.1,333.3,335.3,-70.12295983606559,31.852459016393443,2,0.029196721311475413,0.03200000000000003
vehicle_005_session_01181,vehicle_005,1181,train,118.90241573611111,20.0,327.7,328.6,330.2,331.4,-70.08689229508197,27.80327868852459,1,0.026639344262295105,0.028000000000000025
vehicle_005_session_01182,vehicle_005,1182,train,118.88455454282409,50.0,340.7,341.4,344.9,349.3,-70.03934737704918,31.983606557377048,2,0.038704918032786875,0.040999999999999925
vehicle_005_session_01183,vehicle_005,1183,train,120.13934221167376,50.0,340.7,341.4,345.0,349.6,-70.0688593442623,30.508196721311474,1,0.039163934426229514,0.04100000000000037
vehicle_005_session_01184,vehicle_005,1184,train,122.7867249103943,62.8,350.0,350.8,353.6,357.1,-59.886879836065575,30.049180327868854,1,0.035934426229508216,0.03799999999999981
vehicle_005_session_01185,vehicle_005,1185,train,119.76190228174605,41.6,333.0,334.6,337.4,341.0,-70.00327901639345,27.81967213114754,2,0.03304918032786885,0.037000000000000366
vehicle_005_session_01186,vehicle_005,1186,train,120.49823197751324,64.0,352.5,353.3,356.6,360.5,-69.94589754098361,30.229508196721312,1,0.03959016393442625,0.04100000000000037
vehicle_005_session_01187,vehicle_005,1187,train,121.89515236111113,65.6,352.1,352.7,354.9,357.7,-48.51803803278689,35.0,0,0.032704918032786925,0.03500000000000014
vehicle_005_session_01188,vehicle_005,1188,train,119.98900639329808,32.4,330.8,331.3,332.8,334.9,-69.77214836065573,32.83606557377049,1,0.028868852459016433,0.03100000000000014
vehicle_005_session_01189,vehicle_005,1189,train,120.15836212962968,57.6,346.3,347.2,350.7,354.6,-69.76722983606557,35.98360655737705,1,0.03927868852459014,0.040999999999999925
vehicle_005_session_01190,vehicle_005,1190,train,120.09607893518525,73.2,358.2,359.79999999999995,363.5375,368.0,-70.06800466666668,33.0,0,0.04032000000000002,0.04300000000000015
vehicle_005_session_01191,vehicle_005,1191,train,120.71670592137899,43.2,333.6,335.04999999999995,337.7375,341.6,-69.94533626666666,33.86666666666667,1,0.034573333333333345,0.039000000000000146
vehicle_005_session_01192,vehicle_005,1192,train,120.39437038690478,35.2,332.4,332.7,334.2,336.6,-69.73771868852458,33.278688524590166,1,0.029967213114754095,0.03200000000000003
vehicle_005_session_01193,vehicle_005,1193,train,121.85904387125224,63.6,351.4,352.2,355.3,359.3,-69.75903229508195,36.049180327868854,1,0.03950819672131148,0.04100000000000037
vehicle_005_session_01194,vehicle_005,1194,train,121.58308166152266,47.2,336.0,337.2,340.5,345.3,-70.05082475409836,33.26229508196721,1,0.0381639344262295,0.04200000000000026
vehicle_005_session_01195,vehicle_005,1195,train,120.65452216435186,68.8,356.1,356.9,360.2,364.4,-70.00819754098362,35.0,0,0.04052459016393444,0.0420000000000007
vehicle_005_session_01196,vehicle_005,1196,train,121.74594522609819,11.6,323.19998,324.19998,326.6,328.8,-61.90263923684209,29.0,0,0.025342102631578944,0.027999799999999908
vehicle_005_session_01197,vehicle_005,1197,train,119.5920280841503,46.8,337.7,338.3,341.0,345.2,-70.12787770491802,37.98360655737705,2,0.03750819672131146,0.041999999999999815
vehicle_005_session_01198,vehicle_005,1198,train,121.37665134803918,74.0,359.9,360.8,364.1,368.3,-70.14755081967212,40.0,0,0.040770491803278644,0.041999999999999815
vehicle_005_session_01199,vehicle_005,1199,train,123.11619135802468,69.2,356.6,357.4,360.7,364.7,-69.98360770491803,36.22950819672131,1,0.04054098360655743,0.041999999999999815
vehicle_005_session_01200,vehicle_005,1200,train,121.04352727820296,19.2,326.6,327.75,329.65,331.0,-70.15527276315788,33.26315789473684,1,0.02763157894736845,0.03100000000000014
vehicle_005_session_01201,vehicle_005,1201,train,121.08534433386413,34.8,331.0,332.1,333.9,336.4,-69.57734093333333,32.666666666666664,1,0.02965333333333334,0.03200000000000003
vehicle_005_session_01202,vehicle_005,1202,train,122.66848662725229,68.0,353.0,354.3,356.70000000000005,359.4,-45.601325789473684,28.0,0,0.03164473684210526,0.03300000000000036
vehicle_005_session_01203,vehicle_005,1203,train,120.80357643398267,57.6,346.3,347.4,350.8,354.9,-70.06721770491804,30.0,0,0.03950819672131147,0.040999999999999925
vehicle_005_session_01204,vehicle_005,1204,train,119.3042515054224,26.4,328.3,329.4,330.8,332.2,-60.02666933333334,26.253333333333334,1,0.023946666666666717,0.026000000000000245
vehicle_005_session_01205,vehicle_005,1205,train,121.3172299922052,45.2,333.6,334.6,336.4,338.8,-45.40400386666667,27.973333333333333,1,0.026079999999999964,0.029999999999999805
vehicle_005_session_01206,vehicle_005,1206,train,119.71065382495591,54.4,343.8,344.7,348.2,352.1,-65.0081975409836,26.704918032786885,1,0.037721311475409795,0.040000000000000036
vehicle_005_session_01207,vehicle_005,1207,train,122.50252183039865,60.4,347.5,349.1,352.9,356.9,-70.17764097368419,25.94736842105263,1,0.039223688157894725,0.04000020000000015
vehicle_005_session_01208,vehicle_005,1208,train,120.22725168595677,36.4,331.1,332.14999,333.9,336.1,-60.54605810526316,26.855263157894736,1,0.027092089473684227,0.029999999999999805
vehicle_005_session_01209,vehicle_005,1209,train,118.1554715563166,30.0,331.6,331.9,333.0,334.9,-69.78198540983607,30.327868852459016,1,0.02813114754098364,0.030999999999999694
vehicle_005_session_01210,vehicle_005,1210,train,120.05077857905985,59.2,348.2,348.9,352.2,356.1,-69.78526442622952,33.967213114754095,1,0.03908196721311474,0.040999999999999925
vehicle_005_session_01211,vehicle_005,1211,train,121.09741680372808,35.6,331.9,332.7,334.4,337.1,-70.2032868852459,29.950819672131146,2,0.030262295081967216,0.03299999999999992
vehicle_005_session_01212,vehicle_005,1212,train,117.8021990559896,33.2,332.4,332.7,334.1,336.1,-70.03442967213115,33.47540983606557,1,0.029426229508196736,0.03200000000000003
vehicle_005_session_01213,vehicle_005,1213,train,120.71518880208335,59.2,347.8,348.8,352.1,356.0,-70.03279016393442,36.622950819672134,1,0.03929508196721311,0.04100000000000037
vehicle_005_session_01214,vehicle_005,1214,train,121.13148589150049,42.8,333.5,334.7,337.4,341.1,-70.24800973333332,36.586666666666666,1,0.03442666666666665,0.039000000000000146
vehicle_005_session_01215,vehicle_005,1215,train,121.13484126227982,32.4,330.5,331.20000000000005,332.8,335.0,-70.31184513157895,33.89473684210526,1,0.029131578947368442,0.03200000000000003
vehicle_005_session_01216,vehicle_005,1216,train,119.47189958557351,25.6,328.8,329.9,331.3,333.0,-70.24590901639345,28.524590163934427,1,0.02698360655737707,0.02900000000000036
vehicle_005_session_01217,vehicle_005,1217,train,118.73289785052908,50.4,340.7,341.3,344.9,349.3,-70.10820475409835,32.0,2,0.039081967213114736,0.04100000000000037
vehicle_005_session_01218,vehicle_005,1218,train,120.21129150953985,51.2,339.6,341.05,345.5,350.19998,-70.12895449999999,32.5,1,0.04085526710526316,0.044000200000000156
vehicle_005_session_01219,vehicle_005,1219,train,120.19172333999242,10.0,323.0,324.15,326.79999999999995,329.1,-69.77238460526316,34.81578947368421,1,0.027947368421052603,0.029999999999999805
vehicle_005_session_01220,vehicle_005,1220,train,120.12007223865879,25.6,328.3,329.6,331.0,332.7,-69.91315921052632,35.0,0,0.026960526315789483,0.02900000000000036
vehicle_005_session_01221,vehicle_005,1221,train,119.68246849747476,54.8,341.1,343.2,347.7,352.1,-69.6721413114754,35.459016393442624,1,0.040836065573770466,0.04400000000000004
vehicle_005_session_01222,vehicle_005,1222,train,117.4747525252525,36.8,333.3,333.6,334.9,337.2,-60.03442967213115,34.868852459016395,1,0.027934426229508164,0.03100000000000014
vehicle_005_session_01223,vehicle_005,1223,train,119.83742179232807,63.6,351.6,352.2,354.9,358.2,-60.026232131147545,37.0,0,0.036786885245901665,0.038000000000000256
vehicle_005_session_01224,vehicle_005,1224,train,118.82837861426769,37.2,333.6,334.1,335.8,338.3,-70.10001000000001,35.68852459016394,1,0.03147540983606552,0.0349999999999997
vehicle_005_session_01225,vehicle_005,1225,train,123.45773011363643,72.8,359.1,359.9,363.3,367.5,-70.14099360655737,39.0,0,0.041327868852459024,0.04300000000000015
vehicle_005_session_01226,vehicle_005,1226,train,121.87610383597888,60.4,348.8,349.7,352.8,356.9,-69.98688639344262,38.0,0,0.04019672131147543,0.04200000000000026
vehicle_005_session_01227,vehicle_005,1227,train,119.7374927103879,8.8,321.4,322.6,324.95,327.2,-59.97368697368421,39.31578947368421,-1,0.02521052631578942,0.027000000000000135
vehicle_005_session_01228,vehicle_005,1228,train,120.31936524777093,30.8,329.4,330.3,331.7,333.3,-60.021336,35.0,0,0.025279999999999993,0.028000000000000025
vehicle_005_session_01229,vehicle_005,1229,train,120.53725574494946,25.2,329.1,329.4,330.3,331.6,-60.02459262295083,39.049180327868854,1,0.024557377049180346,0.026000000000000245
vehicle_005_session_01230,vehicle_005,1230,train,118.32976598243464,47.2,337.5,338.0,340.3,343.9,-60.03442967213115,41.50819672131148,1,0.03455737704918033,0.040000000000000036
vehicle_005_session_01231,vehicle_005,1231,train,120.54719534465022,18.8,326.1,327.4,329.4,330.8,-69.94590081967213,37.81967213114754,1,0.02849180327868854,0.03200000000000003
vehicle_005_session_01232,vehicle_005,1232,train,119.53287060185185,40.4,334.9,335.2,337.1,340.0,-69.92295229508196,39.83606557377049,2,0.03291803278688519,0.03699999999999992
vehicle_005_session_01233,vehicle_005,1233,train,120.90380810866014,43.6,335.0,335.5,338.0,341.8,-70.07049885245902,37.114754098360656,1,0.03495081967213113,0.040000000000000036
vehicle_005_session_01234,vehicle_005,1234,train,122.15278780864195,70.8,357.4,358.2,361.6,365.8,-70.07213836065574,39.0,0,0.04081967213114751,0.0420000000000007
vehicle_005_session_01235,vehicle_005,1235,train,120.26426630015433,17.2,327.4,327.8,329.2,330.3,-70.45245426229508,39.0,0,0.027098360655737726,0.02900000000000036
vehicle_005_session_01236,vehicle_005,1236,train,119.54044362745095,24.4,329.7,329.9,331.1,332.5,-70.50819754098362,36.49180327868852,1,0.027655737704918044,0.02900000000000036
vehicle_005_session_01237,vehicle_005,1237,train,119.26429760466988,51.6,341.1,342.1,345.5,349.9,-70.52623213114754,39.68852459016394,1,0.03975409836065572,0.04200000000000026
vehicle_005_session_01238,vehicle_005,1238,train,119.4012809027778,22.8,329.9,330.0,331.1,332.5,-70.38851803278689,36.26229508196721,1,0.027327868852459043,0.02900000000000036
vehicle_005_session_01239,vehicle_005,1239,train,119.00569652777781,50.8,341.3,342.1,345.5,349.9,-70.34754672131147,39.57377049180328,1,0.03955737704918031,0.04200000000000026
vehicle_005_session_01240,vehicle_005,1240,train,121.9860058629326,16.8,324.9,326.1,328.6,330.3,-70.01803655737703,38.40983606557377,1,0.028836065573770477,0.03200000000000003
vehicle_005_session_01241,vehicle_005,1241,train,119.17938972026603,41.6,335.3,335.8,337.7,340.8,-70.05738311475409,40.80327868852459,1,0.03352459016393439,0.03699999999999992
vehicle_005_session_01242,vehicle_005,1242,train,118.75204942810456,43.2,335.8,336.3,338.6,342.4,-70.05902081967213,38.49180327868852,1,0.03527868852459011,0.040000000000000036
vehicle_005_session_01243,vehicle_005,1243,train,121.77555302495294,70.4,357.4,358.2,361.4,365.5,-70.00655967213116,40.63934426229508,1,0.04078688524590156,0.04300000000000015
vehicle_005_session_01244,vehicle_005,1244,train,121.60491383744855,16.0,325.8,326.3,327.7,328.9,-49.899989999999995,40.0,0,0.02204918032786882,0.02400000000000002
vehicle_005_session_01245,vehicle_005,1245,train,121.00561430688253,30.8,330.2,330.9,332.4,334.4,-70.57237565789474,40.88157894736842,1,0.029276315789473692,0.03200000000000003
vehicle_005_session_01246,vehicle_005,1246,train,120.96988222017976,52.4,339.4,341.15,345.75,350.2,-69.85921592105262,40.03947368421053,1,0.04132894736842103,0.04400000000000004
vehicle_005_session_01247,vehicle_005,1247,train,119.23560197099677,25.6,330.5,330.8,331.9,333.5,-69.90983754098362,38.77049180327869,1,0.02783606557377055,0.03100000000000014
vehicle_005_session_01248,vehicle_005,1248,train,120.96820179146539,53.2,342.7,343.5,347.1,351.3,-69.88360950819671,41.950819672131146,1,0.03986885245901641,0.04200000000000026
vehicle_005_session_01249,vehicle_005,1249,train,119.63964939939942,39.6,334.1,334.6,336.4,339.4,-70.08689147540984,39.114754098360656,1,0.032836065573770494,0.037000000000000366
vehicle_005_session_01250,vehicle_005,1250,train,122.77670524088536,69.6,356.3,357.1,360.3,364.6,-70.03443147540983,41.0,0,0.040836065573770536,0.04300000000000015
vehicle_005_session_01251,vehicle_005,1251,train,120.59683671040337,14.4,324.4,326.0,328.6,330.2,-70.2263244736842,29.25,1,0.027644736842105257,0.03100000000000014
vehicle_005_session_01252,vehicle_005,1252,train,120.98446772875816,20.0,328.6,328.9,330.0,331.1,-70.93606114754098,37.24590163934426,1,0.026852459016393455,0.028000000000000025
vehicle_005_session_01253,vehicle_005,1253,train,117.85529116344607,30.0,331.4,331.7,332.8,334.6,-69.7082075409836,38.09836065573771,1,0.028704918032786898,0.03100000000000014
vehicle_005_session_01254,vehicle_005,1254,train,119.00175434027778,57.6,346.4,347.2,350.7,354.6,-69.70492852459016,41.0,0,0.03945901639344263,0.040999999999999925
vehicle_005_session_01255,vehicle_005,1255,train,118.7648981150794,37.6,333.5,333.9,335.5,338.3,-69.20000999999999,36.42622950819672,1,0.03136065573770489,0.03500000000000014
vehicle_005_session_01256,vehicle_005,1256,train,120.1252283249158,65.6,353.5,354.3,357.4,361.3,-69.20000999999999,39.0,0,0.0399016393442623,0.04200000000000026
vehicle_005_session_01257,vehicle_005,1257,train,120.6641903308019,16.4,324.6,325.8,328.0,329.6,-60.02266853333333,37.906666666666666,1,0.02564,0.028000000000000025
vehicle_005_session_01258,vehicle_005,1258,train,121.5140711805556,56.4,344.9,346.0,349.7,353.9,-71.48032590163935,39.80327868852459,1,0.040868852459016385,0.04400000000000004
vehicle_005_session_01259,vehicle_005,1259,train,122.2407857399425,70.8,356.4,356.9,359.1,361.6,-45.5,41.0,0,0.03257377049180325,0.03400000000000025
vehicle_005_session_01260,vehicle_005,1260,train,120.28904122652582,9.2,322.4,323.8,326.4,328.8,-69.0688593442623,34.967213114754095,1,0.027918032786885223,0.029999999999999805
vehicle_005_session_01261,vehicle_005,1261,train,117.54052617521376,37.6,334.2,334.7,336.3,339.1,-69.10820655737706,37.442622950819676,1,0.031491803278688474,0.03500000000000014
vehicle_005_session_01262,vehicle_005,1262,train,121.36402934027781,68.8,356.3,357.1,360.2,364.3,-69.15574770491804,40.39344262295082,1,0.040344262295081944,0.041999999999999815
vehicle_005_session_01263,vehicle_005,1263,train,119.33979141865083,32.8,331.7,332.1,333.5,335.5,-70.35082442622952,39.18032786885246,1,0.029901639344262328,0.03200000000000003
vehicle_005_session_01264,vehicle_005,1264,train,119.44587233637746,60.8,349.3,350.0,353.3,357.2,-70.35410213114754,42.0,0,0.04024590163934427,0.042999999999999705
vehicle_005_session_01265,vehicle_005,1265,train,118.94487139351853,26.4,328.9,329.9,331.3375,333.0,-70.03867053333333,36.52,1,0.027866666666666696,0.03000000000000025
vehicle_005_session_01266,vehicle_005,1266,train,119.52010465792182,16.8,324.6,326.05,328.6,330.2,-70.30267946666666,39.78666666666667,1,0.028933333333333332,0.031999999999999584
vehicle_005_session_01267,vehicle_005,1267,train,119.64478617513792,17.6,325.0,326.20000000000005,328.6,330.3,-70.1826768,40.85333333333333,1,0.02905333333333333,0.03200000000000003
vehicle_005_session_01268,vehicle_005,1268,train,120.02156495450191,70.8,356.1,356.9,359.7,363.2,-60.21967803278689,36.0,0,0.03760655737704918,0.040000000000000036
vehicle_005_session_01269,vehicle_005,1269,train,120.40929787326388,30.0,330.5,330.8,332.1,333.8,-70.05902229508197,38.83606557377049,1,0.028524590163934486,0.03100000000000014
vehicle_005_session_01270,vehicle_005,1270,train,122.38010910373264,62.4,349.6,350.3,353.6,357.5,-70.04918524590165,42.81967213114754,1,0.040213114754098396,0.04200000000000026
vehicle_005_session_01271,vehicle_005,1271,train,118.33813829022988,7.2,321.1,322.5,325.2,327.8,-70.0868937704918,37.0,0,0.028245901639344245,0.029999999999999805
vehicle_005_session_01272,vehicle_005,1272,train,118.93988985583685,30.4,331.6,332.1,333.2,334.9,-70.1098455737705,38.442622950819676,1,0.028885245901639357,0.03200000000000003
vehicle_005_session_01273,vehicle_005,1273,train,119.55016069240197,62.0,350.0,350.8,354.1,358.0,-70.11312475409835,42.0,0,0.04008196721311478,0.04200000000000026
vehicle_005_session_01274,vehicle_005,1274,train,117.45481189373896,41.2,334.2,334.6,336.1,338.6,-60.19836442622952,34.377049180327866,1,0.02818032786885241,0.03100000000000014
vehicle_005_session_01275,vehicle_005,1275,train,120.46676508424414,66.4,352.4,353.2,355.8,359.1,-60.20655967213115,37.0,0,0.035508196721311516,0.037000000000000366
vehicle_005_session_01276,vehicle_005,1276,train,121.48953592122393,56.8,341.1,343.25,347.775,352.1,-70.06974210526316,38.0,0,0.039657894736842114,0.042999999999999705
vehicle_005_session_01277,vehicle_005,1277,train,119.7689498562742,9.2,320.3,321.6,323.6,325.5,-48.584219131578955,33.9078947368421,1,0.020394738157894755,0.022999999999999687
vehicle_005_session_01278,vehicle_005,1278,train,120.56317331871344,21.6,326.0,327.1,328.55,329.69998,-51.72369213157896,34.5921052631579,1,0.021749997368421058,0.02500010000000019
vehicle_005_session_01279,vehicle_005,1279,train,118.42038849765255,34.8,332.8,333.0,334.4,336.6,-69.98196868852459,40.721311475409834,1,0.029426229508196726,0.03200000000000003
vehicle_005_session_01280,vehicle_005,1280,train,119.8201504861111,68.4,352.5,353.6,356.3,359.6,-56.850824262295085,34.114754098360656,1,0.034524590163934436,0.03600000000000003
vehicle_005_session_01281,vehicle_005,1281,train,121.53401559917359,49.2,336.0,337.29999999999995,340.6,345.2,-70.00667093333335,38.346666666666664,1,0.03697333333333332,0.04100000000000037
vehicle_005_session_01282,vehicle_005,1282,train,120.52861515339966,55.6,342.1,343.0,346.9,351.3,-70.04754557377049,36.9344262295082,1,0.039163934426229514,0.04100000000000037
vehicle_005_session_01283,vehicle_005,1283,train,121.02249502950997,61.600002,345.5,347.14999,351.05,355.19998,-69.96710413157896,36.85526315789474,1,0.038499990789473686,0.04100000000000037
vehicle_005_session_01284,vehicle_005,1284,train,118.61200093954253,34.0,331.9,332.2,333.6,335.7,-74.01311672131148,32.60655737704918,1,0.02985245901639346,0.03200000000000003
vehicle_005_session_01285,vehicle_005,1285,train,122.41600919602533,48.4,334.19998,334.79999,337.0,339.4,-44.81579823684211,34.0,0,0.026302638157894728,0.029000100000000195
vehicle_005_session_01286,vehicle_005,1286,train,120.79954084429826,14.8,322.8,324.2,326.9,329.2,-70.2967324590164,38.0,0,0.02801639344262294,0.03000000000000025
vehicle_005_session_01287,vehicle_005,1287,train,119.2082687328533,45.2,335.8,336.3,338.5,341.8,-70.24755573770491,40.377049180327866,1,0.03319672131147536,0.03799999999999981
vehicle_005_session_01288,vehicle_005,1288,train,119.55838755884501,13.6,322.5,324.0,326.9,329.19998,-70.05000299999999,31.842105263157894,1,0.027118410526315778,0.029000100000000195
vehicle_005_session_01289,vehicle_005,1289,train,120.58573691626401,48.8,336.3,336.9,339.9,344.4,-70.8786862295082,29.81967213114754,1,0.035819672131147506,0.040999999999999925
vehicle_005_session_01290,vehicle_005,1290,train,119.05992931344471,18.800001,322.5,324.9,327.4,329.19998,-52.29342912500001,30.039473684210527,1,0.023328943421052635,0.03199979999999991
vehicle_005_session_01291,vehicle_005,1291,train,119.33690570121954,28.0,327.8,328.3,329.29999,330.3,-43.27896034210526,29.657894736842106,1,0.018065797368421066,0.020000000000000018
vehicle_005_session_01292,vehicle_005,1292,train,120.9728141203704,51.2,339.7,341.0,344.4,348.9,-70.17541819672132,32.16393442622951,2,0.03785245901639346,0.040000000000000036
vehicle_005_session_01293,vehicle_005,1293,train,119.0348658693416,75.2,361.1,361.9,365.2,369.6,-70.13115393442625,34.0,0,0.03967213114754093,0.04100000000000037
vehicle_005_session_01294,vehicle_005,1294,train,122.3793986354776,74.8,356.8,357.5,361.0,365.3,-70.22131770491802,31.0,0,0.039032786885245925,0.04100000000000037
vehicle_005_session_01295,vehicle_005,1295,train,118.8660455804184,20.4,325.5,326.65,328.9,330.5,-70.0447410526316,35.06578947368421,1,0.027552631578947367,0.029999999999999805
vehicle_005_session_01296,vehicle_005,1296,train,121.73507444600502,62.0,344.6,346.5,350.575,354.7,-70.37733826666667,32.57333333333333,1,0.03913333333333333,0.04300000000000015
vehicle_005_session_01297,vehicle_005,1297,train,118.04643441840277,31.6,330.8,331.1,332.2,333.9,-70.47212836065573,35.18032786885246,1,0.02786885245901644,0.02900000000000036
vehicle_005_session_01298,vehicle_005,1298,train,118.90063108974363,63.6,348.5,349.3,352.7,356.6,-70.4229444262295,38.98360655737705,1,0.03880327868852459,0.040000000000000036
vehicle_005_session_01299,vehicle_005,1299,train,120.80065951797386,45.2,333.6,334.2,336.4,339.7,-69.99508590163934,37.39344262295082,1,0.03250819672131146,0.03600000000000003
vehicle_005_session_01300,vehicle_005,1300,train,122.54774913194441,72.8,355.2,356.1,359.3,363.3,-69.95410147540983,39.67213114754098,1,0.03952459016393441,0.04100000000000037
vehicle_005_session_01301,vehicle_005,1301,train,119.7357844521605,20.4,324.6,325.8,328.08,329.6,-60.026236721311484,32.0,0,0.025049180327868844,0.027000000000000135
vehicle_005_session_01302,vehicle_005,1302,train,117.28452808415032,49.2,336.8,337.1,339.1,342.2,-60.116399672131145,35.14754098360656,1,0.031311475409836066,0.03600000000000003
vehicle_005_session_01303,vehicle_005,1303,train,119.268099362895,9.2,319.2,320.75,323.4,325.5,-60.05000434210526,36.0,0,0.02515789473684209,0.028000000000000025
vehicle_005_session_01304,vehicle_005,1304,train,121.54888332035306,54.8,336.8,337.9,341.05,345.3,-60.15601053333332,37.0,0,0.03558666666666667,0.040000000000000036
vehicle_005_session_01305,vehicle_005,1305,train,121.97905287871451,63.2,344.7,346.5,350.6,354.7,-69.96842118421053,35.328947368421055,1,0.038921052631578926,0.04300000000000015
vehicle_005_session_01306,vehicle_005,1306,train,119.87772418063315,26.0,327.4,328.5,330.0,331.6,-70.16053499999998,31.11842105263158,1,0.026723661842105274,0.028999999999999915
vehicle_005_session_01307,vehicle_005,1307,train,121.76274520833334,68.8,349.3,351.05,354.64999,358.8,-70.12500639473683,33.05263157894737,1,0.03853947105263159,0.04000020000000015
vehicle_005_session_01308,vehicle_005,1308,train,117.35018343253971,37.6,332.2,332.5,333.9,336.0,-70.40326901639344,33.049180327868854,2,0.02908196721311477,0.03100000000000014
vehicle_005_session_01309,vehicle_005,1309,train,118.33381018518513,65.6,349.3,350.0,353.3,357.2,-70.42130360655737,36.39344262295082,1,0.038803278688524595,0.04100000000000037
vehicle_005_session_01310,vehicle_005,1310,train,119.72224083561015,40.8,332.2,332.4,333.8,335.7,-60.40328770491804,38.65573770491803,1,0.026655737704918046,0.03000000000000025
vehicle_005_session_01311,vehicle_005,1311,train,121.69735190972222,65.6,347.7,348.5,351.4,354.7,-60.42623754098362,41.0,0,0.035754098360655705,0.038000000000000256
vehicle_005_session_01312,vehicle_005,1312,train,118.28994092399695,31.6,331.0,331.3,332.4,333.8,-70.07869459016395,33.60655737704918,1,0.02754098360655743,0.02900000000000036
vehicle_005_session_01313,vehicle_005,1313,train,120.88750893518518,64.8,348.9,349.9,353.2,356.9,-70.08361278688525,37.90163934426229,1,0.03834426229508198,0.040000000000000036
vehicle_005_session_01314,vehicle_005,1314,train,118.44865271226416,11.6,320.2,321.0,323.0,324.7,-47.32951377049181,38.0,0,0.020918032786885272,0.02300000000000013
vehicle_005_session_01315,vehicle_005,1315,train,118.66560726288141,18.0,323.6,324.775,327.4375,329.6,-69.90800146666668,35.0,0,0.02802666666666664,0.03000000000000025
vehicle_005_session_01316,vehicle_005,1316,train,118.73453381076386,43.2,331.7,333.0,335.1,338.0,-69.94736776315789,37.39473684210526,1,0.031157894736842103,0.03500000000000014
vehicle_005_session_01317,vehicle_005,1317,train,119.50265793981485,30.4,328.3,329.1,330.3,331.69998,-61.02763892105264,37.5,1,0.024368411842105288,0.02600010000000008
vehicle_005_session_01318,vehicle_005,1318,train,116.63657106481486,41.6,333.2,333.5,335.0,337.5,-69.99836049180328,37.557377049180324,1,0.030573770491803282,0.03299999999999992
vehicle_005_session_01319,vehicle_005,1319,train,120.0139934475806,71.6,353.6,354.3,357.4,361.4,-69.9606518032787,40.049180327868854,1,0.039409836065573724,0.040999999999999925
vehicle_005_session_01320,vehicle_005,1320,train,119.49963144444443,7.6,319.9,321.20000000000005,324.29999,326.69998,-70.1105324736842,31.0,0,0.028118427631578895,0.03100000000000014
vehicle_005_session_01321,vehicle_005,1321,train,121.26764632936508,65.2,345.7,347.5,351.4,355.7,-70.13935229508198,34.0,0,0.039163934426229494,0.041999999999999815
vehicle_005_session_01322,vehicle_005,1322,train,119.54217058531745,17.2,325.7,326.3,328.3,329.9,-70.07377573770492,30.0,0,0.026672131147540974,0.028999999999999915
vehicle_005_session_01323,vehicle_005,1323,train,117.24556830601097,45.6,335.5,335.8,337.8,340.8,-70.07705459016394,33.0655737704918,2,0.03211475409836062,0.03600000000000003
vehicle_005_session_01324,vehicle_005,1324,train,117.50399538934428,10.0,319.7,321.3,323.9,326.3,-62.114760163934434,34.0,0,0.02563934426229509,0.028000000000000025
vehicle_005_session_01325,vehicle_005,1325,train,117.87269687500003,34.4,331.1,331.3,332.2,333.5,-60.46066131147543,35.01639344262295,1,0.024819672131147538,0.027000000000000135
vehicle_005_session_01326,vehicle_005,1326,train,116.93840479066024,39.2,332.2,332.5,333.9,336.1,-70.0,35.50819672131148,1,0.029655737704918035,0.03299999999999992
vehicle_005_session_01327,vehicle_005,1327,train,119.21022497795413,66.0,349.4,350.2,353.6,357.5,-70.65246901639343,36.557377049180324,1,0.03932786885245902,0.04100000000000037
vehicle_005_session_01328,vehicle_005,1328,train,114.92382050540121,43.6,334.2,334.7,336.6,339.4,-69.68197721311475,33.57377049180328,1,0.031639344262295054,0.03500000000000014
vehicle_005_session_01329,vehicle_005,1329,train,116.66790350877196,72.4,354.7,355.5,358.6,362.7,-69.69509213114755,36.75409836065574,1,0.03954098360655737,0.04100000000000037
vehicle_005_session_01330,vehicle_005,1330,train,116.19376862874778,51.2,337.2,337.8,340.3,344.6,-68.8999906557377,36.049180327868854,2,0.03598360655737706,0.040999999999999925
vehicle_005_session_01331,vehicle_005,1331,train,116.27999910563972,36.4,330.5,330.8,332.2,333.8,-60.07377770491804,32.0,0,0.02516393442622952,0.027000000000000135
vehicle_005_session_01332,vehicle_005,1332,train,119.1162467782331,62.8,345.8,346.4,349.6,353.2,-60.05246426229508,34.950819672131146,1,0.035950819672131144,0.038000000000000256
vehicle_005_session_01333,vehicle_005,1333,train,116.35644558662281,38.4,331.7,332.1,333.6,335.8,-69.97376786885246,34.114754098360656,1,0.029557377049180364,0.03200000000000003
vehicle_005_session_01334,vehicle_005,1334,train,118.05923006102691,68.8,351.6,352.2,355.5,359.6,-69.9540937704918,37.0,0,0.03936065573770498,0.04100000000000037
vehicle_005_session_01335,vehicle_005,1335,train,119.38623835784311,20.4,324.6,326.1,328.6,330.3,-69.99180524590165,36.0,0,0.028311475409836036,0.03100000000000014
vehicle_005_session_01336,vehicle_005,1336,train,115.80933920547386,48.0,336.3,336.8,339.1,342.5,-70.00655934426229,38.721311475409834,1,0.03424590163934425,0.039000000000000146
vehicle_005_session_01337,vehicle_005,1337,train,119.41097160218258,75.2,356.9,357.7,361.0,365.0,-70.03115278688524,41.0,0,0.04011475409836064,0.041999999999999815
vehicle_005_session_01338,vehicle_005,1338,train,118.90040741621378,24.0,325.3,326.79999999999995,328.70000000000005,330.0,-59.81184671052632,36.88157894736842,1,0.025236842105263165,0.028999999999999915
vehicle_005_session_01339,vehicle_005,1339,train,117.1788377403846,32.4,329.2,330.0,331.6,333.3,-70.21148672131147,35.40983606557377,1,0.02750819672131152,0.03000000000000025
vehicle_005_session_01340,vehicle_005,1340,train,116.87402182539681,53.2,338.6,339.3,342.2,346.6,-70.12131918032786,37.9344262295082,2,0.038114754098360674,0.04200000000000026
vehicle_005_session_01341,vehicle_005,1341,train,119.37263784246575,58.8,341.9,342.8,346.8,351.1,-70.0836149180328,36.01639344262295,0,0.040196721311475406,0.04200000000000026
vehicle_005_session_01342,vehicle_005,1342,train,118.62807054702732,29.2,328.3,329.4,331.0,332.5,-70.03333706666668,33.0,0,0.027013333333333354,0.028999999999999915
vehicle_005_session_01343,vehicle_005,1343,train,119.28329101153041,71.2,352.5,353.9,357.4,361.6,-70.51147721311476,35.16393442622951,1,0.03947540983606557,0.04100000000000037
vehicle_005_session_01344,vehicle_005,1344,train,119.08874344135805,11.2,320.5,321.5,324.0,326.3,-60.04079328947369,39.0,0,0.02505263157894736,0.027000000000000135
vehicle_005_session_01345,vehicle_005,1345,train,119.5837254905203,47.2,335.3,335.75,337.45,340.0,-60.047371842105264,41.1578947368421,1,0.02988157894736838,0.03299999999999992
vehicle_005_session_01346,vehicle_005,1346,train,118.25258744722223,24.8,326.7,327.9,329.7,331.1,-69.91333586666666,35.74666666666667,1,0.027826666666666687,0.03100000000000014
vehicle_005_session_01347,vehicle_005,1347,train,117.6031978587963,16.4,323.0,324.1,326.775,329.1,-69.97333413333334,37.72,1,0.028133333333333312,0.03000000000000025
vehicle_005_session_01348,vehicle_005,1348,train,119.97048212064679,64.0,347.2,348.2,351.6,355.5,-69.7082075409836,34.131147540983605,1,0.039196721311475405,0.040999999999999925
vehicle_005_session_01349,vehicle_005,1349,train,117.75447376716608,24.4,327.2,328.0,329.7,331.1,-70.7147675409836,39.16393442622951,1,0.02845901639344264,0.03100000000000014
vehicle_005_session_01350,vehicle_005,1350,train,118.3671727887427,60.0,343.8,344.7,348.3,352.4,-70.77870639344262,43.40983606557377,1,0.039967213114754124,0.04200000000000026
vehicle_005_session_01351,vehicle_005,1351,train,120.33836612008241,11.6,320.3,321.9,324.79999999999995,327.2,-70.25601013333332,35.0,0,0.02842666666666662,0.03000000000000025
vehicle_005_session_01352,vehicle_005,1352,train,118.21214272660818,26.4,329.2,329.6,330.3,331.4,-60.25739278688526,34.0,0,0.02345901639344264,0.025000000000000355
vehicle_005_session_01353,vehicle_005,1353,train,117.46713657407408,49.2,336.6,337.1,339.1,342.1,-60.25575327868853,36.63934426229508,1,0.030983606557377023,0.03400000000000025
vehicle_005_session_01354,vehicle_005,1354,train,121.6182070105821,72.4,354.3,354.9,357.5,361.0,-60.28854344262297,38.967213114754095,1,0.03596721311475411,0.037000000000000366
vehicle_005_session_01355,vehicle_005,1355,train,117.56605705337692,61.6,345.0,345.8,349.6,353.6,-70.19509311475409,41.0,0,0.03960655737704918,0.041999999999999815
vehicle_005_session_01356,vehicle_005,1356,train,117.37545116843035,24.8,329.1,329.4,330.3,331.6,-70.06230147540983,37.0,0,0.026918032786885246,0.028000000000000025
vehicle_005_session_01357,vehicle_005,1357,train,119.14989149305552,50.4,337.2,338.0,340.3,344.3,-70.03934836065574,39.540983606557376,1,0.03552459016393443,0.039000000000000146
vehicle_005_session_01358,vehicle_005,1358,train,120.53999880268205,74.4,356.4,357.2,360.3,364.6,-70.00328393442622,41.63934426229508,1,0.04021311475409837,0.04300000000000015
vehicle_005_session_01359,vehicle_005,1359,train,118.4244575084175,31.6,329.1,330.2,331.7,333.5,-70.08267253333332,34.77333333333333,1,0.027720000000000036,0.03000000000000025
vehicle_005_session_01360,vehicle_005,1360,train,117.61529612159329,74.0,355.3,356.1,359.6,363.8,-70.42786163934426,37.967213114754095,1,0.04032786885245898,0.04300000000000015
vehicle_005_session_01361,vehicle_005,1361,train,119.31799524140214,53.6,336.6,337.9,341.5,346.3,-70.074672,40.85333333333333,1,0.03881333333333337,0.04300000000000015
vehicle_005_session_01362,vehicle_005,1362,train,118.42456253000685,14.4,321.9,323.4,326.1,328.6,-70.10000666666667,35.013333333333335,0,0.027719999999999974,0.02900000000000036
vehicle_005_session_01363,vehicle_005,1363,train,117.99040220700155,35.6,333.2,333.6,335.3,338.0,-90.43115622950818,36.442622950819676,1,0.03596721311475408,0.038000000000000256
vehicle_005_session_01364,vehicle_005,1364,train,118.58392418560605,10.0,319.9,321.5,324.29999999999995,326.9,-69.31448565789474,38.60526315789474,1,0.028157894736842094,0.03000000000000025
vehicle_005_session_01365,vehicle_005,1365,train,117.58247818121693,28.4,327.8,329.1,330.7,332.1,-70.7106768,38.16,2,0.027600000000000045,0.02900000000000036
vehicle_005_session_01366,vehicle_005,1366,train,118.67870693625156,26.4,325.5,328.6,330.19998,331.6,-69.4552694210526,35.421052631578945,1,0.027276294736842104,0.03000019999999992
vehicle_005_session_01367,vehicle_005,1367,train,117.16850805817607,12.0,322.1,323.0,325.0,327.5,-69.09017278688525,44.0,0,0.028180327868852384,0.029999999999999805
vehicle_005_session_01368,vehicle_005,1368,train,119.2500892907665,9.2,319.1,320.875,323.9,326.4,-69.98800453333332,42.0,0,0.029039999999999982,0.03200000000000003
vehicle_005_session_01369,vehicle_005,1369,train,117.81903676470591,25.2,326.4,327.9,329.7,331.1,-69.9413328,35.0,0,0.027866666666666675,0.03200000000000003
vehicle_005_session_01370,vehicle_005,1370,train,115.86612879372429,42.4,333.6,333.9,335.5,338.3,-70.40163868852459,37.36065573770492,1,0.03155737704918029,0.03400000000000025
vehicle_005_session_01371,vehicle_005,1371,train,116.53980141559833,64.0,347.4,348.3,351.8,355.7,-70.37049393442622,39.85245901639344,1,0.039737704918032773,0.04100000000000037
vehicle_005_session_01372,vehicle_005,1372,train,119.47680526129942,62.4,344.3,345.2,348.6,352.4,-60.37704868852459,38.0,0,0.03780327868852461,0.04100000000000037
vehicle_005_session_01373,vehicle_005,1373,train,119.35001075757576,38.8,332.2,332.4,333.6,335.3,-60.05738278688525,44.459016393442624,1,0.02672131147540984,0.02900000000000036
vehicle_005_session_01374,vehicle_005,1374,train,118.21894962431696,51.6,335.3,336.4,339.6,343.9,-68.79018229508198,41.49180327868852,1,0.036622950819672095,0.041999999999999815
vehicle_005_session_01375,vehicle_005,1375,train,119.13701912878788,76.0,356.9,357.7,361.0,365.2,-68.7836249180328,43.0,0,0.040655737704918087,0.04300000000000015
vehicle_005_session_01376,vehicle_005,1376,train,116.49861376886145,38.0,331.6,331.9,333.5,335.5,-70.40982704918032,39.60655737704918,1,0.030098360655737733,0.03299999999999992
vehicle_005_session_01377,vehicle_005,1377,train,118.53223799435034,70.4,352.7,353.3,356.6,360.7,-70.40818819672131,43.0,0,0.04052459016393445,0.041999999999999815
vehicle_005_session_01378,vehicle_005,1378,train,117.12698676801806,41.2,333.6,333.9,335.5,338.0,-70.1295181967213,35.47540983606557,1,0.030950819672131147,0.0349999999999997
vehicle_005_session_01379,vehicle_005,1379,train,120.5550427714647,71.2,353.8,354.6,357.7,361.9,-70.11640344262295,38.80327868852459,1,0.039868852459016356,0.04100000000000037
vehicle_005_session_01380,vehicle_005,1380,train,118.54536726641416,28.4,329.2,329.6,330.8,332.1,-68.71148655737704,34.81967213114754,1,0.026885245901639352,0.02900000000000036
vehicle_005_session_01381,vehicle_005,1381,train,116.95873087899542,54.8,339.7,340.5,343.5,348.0,-68.67705918032787,38.49180327868852,1,0.038721311475409866,0.04200000000000026
vehicle_005_session_01382,vehicle_005,1382,train,120.49211865651708,26.4,329.2,329.6,330.5,331.9,-70.48360491803278,39.0,0,0.02686885245901641,0.02900000000000036
vehicle_005_session_01383,vehicle_005,1383,train,118.15316227725373,47.6,336.0,336.4,338.6,341.8,-70.49180245901638,41.21311475409836,1,0.033836065573770446,0.038000000000000256
vehicle_005_session_01384,vehicle_005,1384,train,117.7301376388889,23.6,326.3,327.6,329.775,331.1,-69.96667013333332,33.12,1,0.028440000000000017,0.03200000000000003
vehicle_005_session_01385,vehicle_005,1385,train,119.41433817167575,69.6,352.4,353.55,356.70000000000005,360.7,-69.94266853333335,38.17333333333333,1,0.03976000000000003,0.04100000000000037
vehicle_005_session_01386,vehicle_005,1386,train,118.73353969381314,18.4,323.6,324.79999999999995,327.6,329.7,-70.16843105263158,34.0,0,0.028276315789473674,0.03000000000000025
vehicle_005_session_01387,vehicle_005,1387,train,118.57273692509114,24.4,326.4,327.8,329.79999999999995,331.1,-69.73948868421051,33.80263157894737,1,0.028315789473684252,0.03200000000000003
vehicle_005_session_01388,vehicle_005,1388,train,118.05619901656317,33.2,329.6,330.6,332.15,334.1,-69.13685184210527,30.605263157894736,1,0.027605263157894765,0.029999999999999805
vehicle_005_session_01389,vehicle_005,1389,train,118.28267016394616,18.0,323.9,324.9375,327.575,329.6,-69.38266293333334,38.973333333333336,1,0.028466666666666664,0.03000000000000025
vehicle_005_session_01390,vehicle_005,1390,train,118.38080927685658,16.4,322.4,323.3,325.4,327.4,-51.877637947368434,32.0,0,0.022500006578947362,0.024999900000000075
vehicle_005_session_01391,vehicle_005,1391,train,118.97590640318629,43.2,332.2,333.25,335.4,338.3,-70.13733959999999,29.933333333333334,2,0.03131999999999998,0.0349999999999997
vehicle_005_session_01392,vehicle_005,1392,train,117.93653708195139,13.2,322.1,323.5,326.20000000000005,328.6,-70.09342636842105,31.907894736842106,1,0.027618431578947365,0.03000000000000025
vehicle_005_session_01393,vehicle_005,1393,train,119.21376384672618,41.6,331.3,332.5,334.6,337.1,-70.004,35.06666666666667,2,0.030413333333333348,0.03400000000000025
vehicle_005_session_01394,vehicle_005,1394,train,117.63074235541897,45.2,334.7,335.0,336.9,339.9,-69.96031412698413,38.317460317460316,1,0.032809523809523754,0.03699999999999992
vehicle_005_session_01395,vehicle_005,1395,train,118.96329761904764,31.6,331.0,331.1,332.2,333.6,-70.0065580327869,33.52459016393443,1,0.027639344262295095,0.029999999999999805
vehicle_005_session_01396,vehicle_005,1396,train,120.07469368340945,26.0,328.8,329.1,330.2,331.3,-70.12460016393443,37.57377049180328,1,0.026885245901639352,0.028000000000000025
vehicle_005_session_01397,vehicle_005,1397,train,122.08139456181536,55.6,339.1,339.7,342.4,346.8,-70.11968213114754,40.77049180327869,1,0.03798360655737707,0.04200000000000026
vehicle_005_session_01398,vehicle_005,1398,train,116.90202700617284,38.0,331.7,332.1,333.2,334.9,-59.70164950819673,40.295081967213115,1,0.026377049180327898,0.028000000000000025
vehicle_005_session_01399,vehicle_005,1399,train,117.36644487179483,40.4,332.1,332.4,333.5,335.3,-59.386879836065575,37.049180327868854,1,0.026836065573770506,0.03000000000000025
vehicle_005_session_01400,vehicle_005,1400,train,118.33559710837892,66.4,348.8,349.4,352.4,355.7,-59.381962622950816,40.0,0,0.03668852459016391,0.038000000000000256
vehicle_005_session_01401,vehicle_005,1401,train,116.90468775252526,14.8,322.4,323.8,326.6,329.1,-70.10492721311473,34.0,0,0.028196721311475378,0.03000000000000025
vehicle_005_session_01402,vehicle_005,1402,train,117.08749595771144,36.8,332.4,332.7,333.9,335.8,-70.16886245901641,36.16393442622951,2,0.029327868852459013,0.03200000000000003
vehicle_005_session_01403,vehicle_005,1403,train,119.1534565696649,64.0,347.7,348.5,351.9,355.8,-70.17541983606557,39.68852459016394,1,0.04003278688524589,0.04100000000000037
vehicle_005_session_01404,vehicle_005,1404,train,116.65393391203703,56.0,339.7,340.3,343.2,347.2,-59.9918024590164,36.73770491803279,1,0.037098360655737746,0.040000000000000036
vehicle_005_session_01405,vehicle_005,1405,train,118.35605675505052,74.0,355.2,356.0,359.3,363.5,-69.97212836065573,39.24590163934426,1,0.0407213114754098,0.04300000000000015
vehicle_005_session_01406,vehicle_005,1406,train,117.96316288442462,31.6,328.9,329.9,331.3,333.0,-69.97868639344263,37.868852459016395,1,0.027786885245901664,0.03000000000000025
vehicle_005_session_01407,vehicle_005,1407,train,117.20463803210677,54.4,339.1,339.9,342.8,347.4,-69.88360409836065,40.49180327868852,1,0.03909836065573774,0.04300000000000015
vehicle_005_session_01408,vehicle_005,1408,train,117.05297026909727,41.2,332.8,333.2,334.7,337.1,-68.71640508196721,37.24590163934426,1,0.03060655737704918,0.03399999999999981
vehicle_005_session_01409,vehicle_005,1409,train,118.04090155516434,66.8,349.7,350.7,353.8,357.7,-68.70492852459017,40.0,0,0.03991803278688526,0.04200000000000026
vehicle_005_session_01410,vehicle_005,1410,train,117.46593894129978,34.8,331.4,331.7,333.0,334.7,-70.05082409836065,38.75409836065574,1,0.029245901639344294,0.03100000000000014
vehicle_005_session_01411,vehicle_005,1411,train,115.12317872117401,48.0,335.8,336.4,338.6,342.4,-70.30656459016394,37.75409836065574,1,0.03536065573770486,0.040000000000000036
vehicle_005_session_01412,vehicle_005,1412,train,116.97231437317254,28.0,329.1,329.6,330.8,332.2,-69.96721377049181,36.40983606557377,1,0.027770491803278723,0.02900000000000036
vehicle_005_session_01413,vehicle_005,1413,train,116.58018124999997,58.4,341.4,343.3,347.1,351.4,-69.94754098360656,39.78688524590164,1,0.0409016393442623,0.04300000000000015
vehicle_005_session_01414,vehicle_005,1414,train,118.47475151515148,58.4,340.5,342.2,346.3,350.8,-70.0065580327869,37.65573770491803,1,0.040901639344262296,0.04300000000000015
vehicle_005_session_01415,vehicle_005,1415,train,117.16426280193242,47.6,333.5,334.7,337.45,341.0,-69.84800426666668,34.8,1,0.03410666666666661,0.038000000000000256
vehicle_005_session_01416,vehicle_005,1416,train,118.37469606392455,35.2,329.6,330.5249975,332.19998,334.1,-70.13290192105262,38.0,0,0.029052644736842128,0.03200000000000003
vehicle_005_session_01417,vehicle_005,1417,train,116.002574342535,43.600002,331.0,331.64999,333.19998,334.9,-42.81711457894737,31.32894736842105,1,0.022315788157894742,0.024000200000000138
vehicle_005_session_01418,vehicle_005,1418,train,117.9233243718771,39.600002,331.6,332.29999,334.1,336.6,-69.97368263157895,36.61842105263158,1,0.03036843552631581,0.03399999999999981
vehicle_005_session_01419,vehicle_005,1419,train,115.65858657407405,41.2,332.2,332.5,333.8,336.0,-60.21148754098361,33.19672131147541,1,0.027491803278688554,0.03000000000000025
vehicle_005_session_01420,vehicle_005,1420,train,119.1806812810945,65.6,347.8,348.6,351.6,355.0,-60.17705950819673,35.90163934426229,1,0.0372295081967213,0.038000000000000256
vehicle_005_session_01421,vehicle_005,1421,train,118.21462765151517,18.8,323.8,324.9,327.5,329.2,-60.40162950819671,33.0,0,0.02593442622950818,0.028999999999999915
vehicle_005_session_01422,vehicle_005,1422,train,115.96505443218952,41.2,333.3,333.6,334.9,337.1,-60.40162950819671,34.83606557377049,1,0.02785245901639345,0.03000000000000025
vehicle_005_session_01423,vehicle_005,1423,train,118.7100822968491,68.8,351.6,352.2,355.0,358.5,-60.40490852459016,37.98360655737705,1,0.03709836065573775,0.038000000000000256
vehicle_005_session_01424,vehicle_005,1424,train,118.18099058817344,32.0,330.8,331.1,332.2,333.6,-70.11804131147541,39.18032786885246,1,0.02806557377049182,0.03000000000000025
vehicle_005_session_01425,vehicle_005,1425,train,117.36638026450164,40.8,331.4,332.2,334.15,336.6,-70.08800653333333,38.92,1,0.03069333333333335,0.03500000000000014
vehicle_005_session_01426,vehicle_005,1426,train,117.7200052978236,18.8,323.5,324.9,327.6,329.7,-69.93025723684211,39.0,0,0.029052631578947358,0.03100000000000014
vehicle_005_session_01427,vehicle_005,1427,train,117.99840840750215,11.2,321.1,322.45,324.95,327.69998,-70.06052994736842,38.88157894736842,1,0.028157897368421003,0.029999999999999805
vehicle_005_session_01428,vehicle_005,1428,train,115.04180182613175,45.2,332.7,333.9,336.3,339.6,-69.94098393442623,37.73770491803279,1,0.033163934426229454,0.03600000000000003
vehicle_005_session_01429,vehicle_005,1429,train,119.08617566287876,66.8,349.6,350.3,353.6,357.5,-69.84263016393443,40.0,0,0.04050819672131152,0.04200000000000026
vehicle_005_session_01430,vehicle_005,1430,train,118.29157033166283,47.600002,333.3,334.6,337.19998,340.8,-70.09474278947368,37.4078947368421,1,0.03451317631578945,0.039000000000000146
vehicle_005_session_01431,vehicle_005,1431,train,119.08379373879927,63.6,345.0,345.8,348.9,352.4,-57.66885950819673,37.98360655737705,1,0.03739344262295077,0.040000000000000036
vehicle_005_session_01432,vehicle_005,1432,train,117.58964465725805,45.2,332.5,333.70000000000005,336.1,339.3,-69.99066693333334,38.693333333333335,1,0.033146666666666644,0.037000000000000366
vehicle_005_session_01433,vehicle_005,1433,train,116.21603761096794,35.6,329.7,330.75,332.4,334.4,-69.93289907894736,39.69736842105263,1,0.028921052631578983,0.03100000000000014
vehicle_005_session_01434,vehicle_005,1434,train,114.41113481481484,40.4,333.0,333.3,334.9,337.2,-69.80821229508196,38.75409836065574,1,0.030983606557377044,0.03399999999999981
vehicle_005_session_01435,vehicle_005,1435,train,118.05002777777781,70.4,352.5,353.5,356.6,360.5,-69.8393524590164,42.0,0,0.04078688524590162,0.04200000000000026
vehicle_005_session_01436,vehicle_005,1436,train,116.78579631410254,56.8,340.2,341.0,344.9,349.6,-70.45081868852459,34.01639344262295,2,0.04116393442622953,0.04400000000000004
vehicle_005_session_01437,vehicle_005,1437,train,117.62608637820514,55.2,338.8,339.6,343.0,347.8,-69.71476590163935,38.24590163934426,1,0.04044262295081967,0.04400000000000004
vehicle_005_session_01438,vehicle_005,1438,train,116.58949459876541,21.2,326.1,326.7,328.3,329.7,-60.4376986885246,42.0,0,0.025491803278688534,0.028000000000000025
vehicle_005_session_01439,vehicle_005,1439,train,113.1707562605219,46.4,335.0,335.5,337.2,339.7,-60.43769868852458,43.40983606557377,1,0.030524590163934384,0.03399999999999981
vehicle_005_session_01440,vehicle_005,1440,train,118.21380595619661,72.8,354.1,354.7,357.4,361.0,-60.44261721311475,45.0,0,0.03770491803278688,0.040000000000000036
vehicle_005_session_01441,vehicle_005,1441,train,119.35546245360393,2.8,315.8,317.29999999999995,320.575,323.8,-70.13200813333334,41.0,0,0.031613333333333354,0.03400000000000025
vehicle_005_session_01442,vehicle_005,1442,train,115.990257144765,61.2,344.4,345.3,349.1,353.2,-70.05738213114755,41.78688524590164,1,0.04147540983606556,0.04400000000000004
vehicle_005_session_01443,vehicle_005,1443,train,117.5184503492647,12.0,321.1,322.575,325.3,327.8,-69.84800506666666,37.0,0,0.02803999999999996,0.029999999999999805
vehicle_005_session_01444,vehicle_005,1444,train,116.50796632803907,16.8,323.5,325.04999999999995,327.875,329.9,-70.02533546666668,29.96,1,0.02807999999999997,0.03000000000000025
vehicle_005_session_01445,vehicle_005,1445,train,117.15280366319446,25.6,327.5,328.55,330.2,331.6,-70.17334,32.86666666666667,1,0.027653333333333367,0.03100000000000014
vehicle_005_session_01446,vehicle_005,1446,train,116.62143521116782,40.8,331.7,332.45,334.4,336.9,-70.15200933333334,38.38666666666666,1,0.03097333333333334,0.03500000000000014
vehicle_005_session_01447,vehicle_005,1447,train,115.45905873352163,50.8,336.8,337.2,339.4,342.7,-60.19181327868853,39.68852459016394,1,0.03347540983606553,0.037000000000000366
vehicle_005_session_01448,vehicle_005,1448,train,117.52097647270124,74.4,355.5,356.1,358.9,362.4,-60.19181327868853,41.42622950819672,1,0.038114754098360674,0.04000000000000048
vehicle_005_session_01449,vehicle_005,1449,train,117.7076990945887,28.800001,328.5,329.19998,330.69998,332.19998,-70.10395376315789,37.53947368421053,1,0.027618418421052643,0.029999899999999968
vehicle_005_session_01450,vehicle_005,1450,train,116.91881434872373,24.0,326.4,327.7,329.7,331.1,-70.26973894736842,36.73684210526316,1,0.02897368421052634,0.03299999999999992
vehicle_005_session_01451,vehicle_005,1451,train,116.68472416666665,41.2,333.5,333.9,335.5,337.8,-70.01967426229508,39.19672131147541,1,0.031180327868852425,0.03500000000000014
vehicle_005_session_01452,vehicle_005,1452,train,118.62545125000004,43.6,331.9,332.9,335.1,338.0,-69.66053644736841,37.5921052631579,1,0.031881578947368414,0.03599999999999959
vehicle_005_session_01453,vehicle_005,1453,train,114.82696014957263,57.6,341.8,342.4,345.5,349.4,-59.78690393442624,36.90163934426229,1,0.03780327868852457,0.040000000000000036
vehicle_005_session_01454,vehicle_005,1454,train,118.97506635802466,21.6,325.5,326.7,329.2,330.8,-70.61312262295081,30.524590163934427,1,0.02870491803278689,0.03200000000000003
vehicle_005_session_01455,vehicle_005,1455,train,115.36202649176956,43.6,334.7,335.0,337.1,339.9,-70.63443557377049,33.278688524590166,1,0.03240983606557375,0.03500000000000014
vehicle_005_session_01456,vehicle_005,1456,train,118.44758504419192,46.4,333.0,333.975,336.475,339.7,-70.1973444,39.18666666666667,2,0.033706666666666635,0.03799999999999981
vehicle_005_session_01457,vehicle_005,1457,train,115.94993195480926,42.4,333.3,333.5,334.9,337.1,-60.47868639344262,38.57377049180328,1,0.02847540983606556,0.03200000000000003
vehicle_005_session_01458,vehicle_005,1458,train,117.3161138606771,33.6,329.4,330.5,331.9,333.8,-69.85526881578946,37.223684210526315,1,0.028394736842105275,0.03100000000000014
vehicle_005_session_01459,vehicle_005,1459,train,117.82307645280545,17.2,323.0,324.5,327.29999999999995,329.6,-70.26267866666666,35.28,1,0.028613333333333303,0.03000000000000025
vehicle_005_session_01460,vehicle_005,1460,train,116.84082185999657,16.4,322.7,324.15,327.0,329.2,-70.08000533333335,39.0,0,0.028693333333333335,0.03000000000000025
vehicle_005_session_01461,vehicle_005,1461,train,116.49152612510765,25.6,327.4,328.3,329.9,331.4,-70.05000447368421,36.76315789473684,1,0.028578947368421054,0.03299999999999992
vehicle_005_session_01462,vehicle_005,1462,train,117.81966184281843,15.6,322.1,323.4,326.20000000000005,328.6,-70.057338,42.84,1,0.028999999999999967,0.03100000000000014
vehicle_005_session_01463,vehicle_005,1463,train,118.00401283670033,64.0,347.1,348.2,351.6,355.7,-70.08853327868854,38.950819672131146,1,0.041213114754098355,0.04300000000000015
vehicle_005_session_01464,vehicle_005,1464,train,116.73982378472222,18.4,324.2,325.0,327.4,329.1,-59.944256721311476,33.0,0,0.025737704918032768,0.028000000000000025
vehicle_005_session_01465,vehicle_005,1465,train,114.49651909722223,41.2,333.3,333.6,334.9,336.9,-59.957372786885244,34.868852459016395,1,0.027704918032786893,0.03100000000000014
vehicle_005_session_01466,vehicle_005,1466,train,118.5661970315904,66.0,348.8,349.7,353.0,357.1,-70.21804459016394,38.0,0,0.040967213114754104,0.04200000000000026
vehicle_005_session_01467,vehicle_005,1467,train,117.53731343283583,34.0,330.8,331.0,332.1,333.5,-60.0,38.39344262295082,1,0.02524590163934427,0.027000000000000135
vehicle_005_session_01468,vehicle_005,1468,train,117.60752688172046,61.2,344.3,344.9,348.2,351.8,-60.0,41.0,0,0.038262295081967185,0.040000000000000036
vehicle_005_session_01469,vehicle_005,1469,train,116.13846569865322,37.2,331.4,331.6,332.8,334.4,-60.0,40.67213114754098,1,0.02644262295081968,0.028000000000000025
vehicle_005_session_01470,vehicle_005,1470,train,119.42592407407409,64.0,346.4,347.2,350.3,353.6,-59.96884934426229,43.73770491803279,1,0.03811475409836066,0.040000000000000036
vehicle_005_session_01471,vehicle_005,1471,train,118.5357225198413,55.6,338.9,339.6,342.4,346.4,-59.9918024590164,33.78688524590164,1,0.03726229508196725,0.040999999999999925
vehicle_005_session_01472,vehicle_005,1472,train,118.2405401101533,72.4,353.0,353.9,356.8,360.3,-60.4442586885246,42.0,0,0.03819672131147543,0.040000000000000036
vehicle_005_session_01473,vehicle_005,1473,train,118.7316310593682,34.0,329.2,329.9,331.0,332.5,-61.06230229508198,43.0,0,0.02572131147540985,0.028999999999999915
vehicle_005_session_01474,vehicle_005,1474,train,118.63787630919853,54.8,338.3,338.9,341.3,345.0,-59.049184262295086,44.16393442622951,1,0.036245901639344276,0.040999999999999925
vehicle_005_session_01475,vehicle_005,1475,train,115.59366367669752,43.6,333.6,334.1,336.0,338.8,-70.10656475409836,38.59016393442623,1,0.0327213114754098,0.03600000000000003
vehicle_005_session_01476,vehicle_005,1476,train,117.16142270089283,36.0,329.7,330.8,332.4375,334.6,-70.11734253333333,39.093333333333334,2,0.029106666666666704,0.03200000000000003
vehicle_005_session_01477,vehicle_005,1477,train,117.44320058453236,42.4,331.9,332.75,334.9,337.5,-69.90666973333333,36.25333333333333,1,0.03156,0.03600000000000003
vehicle_005_session_01478,vehicle_005,1478,train,116.64860930555554,31.2,331.0,331.1,332.2,333.8,-69.9934419672131,32.131147540983605,1,0.02762295081967216,0.02900000000000036
vehicle_005_session_01479,vehicle_005,1479,train,118.94127732240439,2.0,315.0,317.1,320.5,323.8,-68.78525983606559,32.950819672131146,1,0.03049180327868852,0.03200000000000003
vehicle_005_session_01480,vehicle_005,1480,train,117.10439436026937,26.8,329.9,330.0,331.0,332.2,-68.70328901639344,33.540983606557376,1,0.026491803278688532,0.028000000000000025
vehicle_005_session_01481,vehicle_005,1481,train,120.19211706349209,53.2,338.9,339.4,342.1,346.1,-68.6983706557377,36.73770491803279,1,0.03727868852459018,0.04100000000000037
vehicle_005_session_01482,vehicle_005,1482,train,116.79373220009158,24.8,326.9,328.3,330.2,331.6,-69.91315921052632,25.394736842105264,1,0.027223684210526303,0.030999999999999694
vehicle_005_session_01483,vehicle_005,1483,train,115.59648423266049,33.2,329.6,330.5,332.2,334.1,-69.20134346666664,29.213333333333335,2,0.028053333333333364,0.030999999999999694
vehicle_005_session_01484,vehicle_005,1484,train,117.16814268162398,66.4,348.0,349.54999999999995,353.4,357.5,-70.03733706666667,30.973333333333333,1,0.04068,0.04200000000000026
vehicle_005_session_01485,vehicle_005,1485,train,114.9151315858379,24.4,327.1,328.4,330.0,331.4,-69.92399933333331,30.84,1,0.027266666666666696,0.03000000000000025
vehicle_005_session_01486,vehicle_005,1486,train,116.41451992258649,46.0,333.0,333.9,336.1,338.9,-60.07705459016394,28.770491803278688,1,0.03004918032786884,0.03299999999999992
vehicle_005_session_01487,vehicle_005,1487,train,118.65941753472218,70.8,352.8,353.6,356.3,359.7,-60.20001016393443,31.0,0,0.03785245901639345,0.039000000000000146
vehicle_005_session_01488,vehicle_005,1488,train,115.15374705459769,69.2,351.6,352.4,355.2,358.6,-60.29672770491805,32.0,0,0.03772131147540986,0.040000000000000036
vehicle_005_session_01489,vehicle_005,1489,train,112.73664441872425,45.6,334.9,335.2,336.9,339.4,-59.62787885245902,27.42622950819672,1,0.02957377049180326,0.03299999999999992
vehicle_005_session_01490,vehicle_005,1490,train,117.00505773420487,67.2,350.2,350.8,353.6,357.1,-59.67050180327869,30.0,0,0.03713114754098366,0.038000000000000256
vehicle_005_session_01491,vehicle_005,1491,train,115.37876436965813,32.0,328.9,329.9,331.3,333.0,-68.82460278688527,32.442622950819676,1,0.027426229508196787,0.03000000000000025
vehicle_005_session_01492,vehicle_005,1492,train,114.97312622261343,58.0,341.6,342.4,346.0,350.3,-68.7459162295082,35.60655737704918,1,0.04021311475409838,0.04200000000000026
vehicle_005_session_01493,vehicle_005,1493,train,116.43739465042377,73.2,353.8,355.3,358.9,363.2,-70.12699206349207,35.0,0,0.04077777777777777,0.0420000000000007
vehicle_005_session_01494,vehicle_005,1494,train,116.45712737573102,21.6,325.8,327.4,329.6,331.1,-70.38361196721311,24.704918032786885,1,0.027114754098360668,0.03000000000000025
vehicle_005_session_01495,vehicle_005,1495,train,113.2129121656379,44.4,335.3,335.8,337.7,340.7,-70.16394360655737,27.442622950819672,1,0.03224590163934424,0.03600000000000003
vehicle_005_session_01496,vehicle_005,1496,train,117.32987509920635,66.4,350.3,351.1,354.4,358.5,-70.1573849180328,30.0,0,0.03996721311475412,0.04200000000000026
vehicle_005_session_01497,vehicle_005,1497,train,114.44327382662834,56.0,340.3,341.1,344.1,348.2,-59.73116065573772,27.83606557377049,1,0.03680327868852461,0.039000000000000146
vehicle_005_session_01498,vehicle_005,1498,train,115.10484980936826,47.2,335.0,335.7,338.3,341.9,-69.87212950819674,27.950819672131146,2,0.034196721311475366,0.038000000000000256
vehicle_005_session_01499,vehicle_005,1499,train,115.33438631687245,54.4,339.6,340.2,343.0,347.1,-59.790175737704935,27.672131147540984,1,0.03632786885245905,0.040000000000000036
vehicle_005_session_01500,vehicle_005,1500,train,114.56398163728629,45.6,333.6,334.1,336.0,338.6,-59.586892950819674,32.950819672131146,1,0.02945901639344261,0.03299999999999992
vehicle_005_session_01501,vehicle_005,1501,train,114.46074263468012,48.0,334.4,335.0,337.2,340.2,-59.51639491803279,31.262295081967213,1,0.031163934426229483,0.03500000000000014
vehicle_005_session_01502,vehicle_005,1502,train,117.42861078960908,74.4,355.7,356.4,359.1,362.7,-59.398351803278686,33.63934426229508,1,0.037573770491803236,0.0389999999999997
vehicle_005_session_01503,vehicle_005,1503,train,115.68482782780131,48.4,333.8,335.25,338.2,341.9,-70.03066986666667,35.333333333333336,1,0.035186666666666644,0.04100000000000037
vehicle_005_session_01504,vehicle_005,1504,train,117.51566220775464,49.6,334.7,335.75,338.6,342.7,-70.12534093333333,32.16,2,0.0355733333333333,0.040999999999999925
vehicle_005_session_01505,vehicle_005,1505,train,116.22429327417694,52.4,336.8,338.0,341.4,346.6,-70.52951442622951,27.540983606557376,1,0.03888524590163935,0.04300000000000015
vehicle_005_session_01506,vehicle_005,1506,train,117.06701055283231,74.4,356.9,357.7,361.0,365.3,-70.70000999999998,29.131147540983605,1,0.04122950819672132,0.04300000000000015
vehicle_005_session_01507,vehicle_005,1507,train,115.07005458817028,13.2,322.8,323.85,326.475,328.9,-70.00133600000001,32.0,0,0.02781333333333332,0.02900000000000036
vehicle_005_session_01508,vehicle_005,1508,train,114.12051010101014,36.4,332.2,332.5,334.2,336.8,-81.83443213114754,32.57377049180328,1,0.03306557377049181,0.03600000000000003
vehicle_005_session_01509,vehicle_005,1509,train,114.06844403326023,30.0,328.6,329.9,331.4,333.2,-70.51311606557377,27.081967213114755,2,0.027295081967213152,0.03000000000000025
vehicle_005_session_01510,vehicle_005,1510,train,114.10516835317458,60.4,344.9,345.8,349.6,353.6,-70.54918524590165,31.18032786885246,2,0.04067213114754099,0.041999999999999815
vehicle_005_session_01511,vehicle_005,1511,train,113.89392683172305,40.0,333.5,333.8,335.3,337.8,-69.85410213114756,29.40983606557377,1,0.030393442622950823,0.03299999999999992
vehicle_005_session_01512,vehicle_005,1512,train,117.16719603324916,68.0,351.3,352.1,355.3,359.3,-69.8409913114754,32.868852459016395,1,0.040147540983606574,0.041999999999999815
vehicle_005_session_01513,vehicle_005,1513,train,114.98974397435896,14.4,321.4,322.15,323.6,325.2,-35.072375,29.894736842105264,1,0.017473684210526343,0.020000000000000018
vehicle_005_session_01514,vehicle_005,1514,train,115.96713069444444,66.8,349.1,349.9,352.8,356.3,-60.350824426229515,37.0,0,0.03755737704918034,0.039000000000000146
vehicle_005_session_01515,vehicle_005,1515,train,114.05618465909092,24.4,327.7,328.9,330.8,332.2,-69.47212836065573,21.688524590163933,1,0.02604918032786888,0.028000000000000025
vehicle_005_session_01516,vehicle_005,1516,train,115.46770336625184,22.0,326.1,327.45,329.7,331.3,-70.17106223684209,21.88157894736842,1,0.027184210526315783,0.03100000000000014
vehicle_005_session_01517,vehicle_005,1517,train,112.73728054269552,52.4,339.3,339.9,343.0,347.4,-69.57541737704919,25.721311475409838,2,0.03786885245901644,0.04200000000000026
vehicle_005_session_01518,vehicle_005,1518,train,116.14166936063224,18.8,324.9,326.0,328.8,330.3,-69.25247442622951,25.901639344262296,1,0.02777049180327868,0.03000000000000025
vehicle_005_session_01519,vehicle_005,1519,train,113.58324935699586,42.4,334.4,334.7,336.4,339.3,-69.33607475409836,28.475409836065573,1,0.03126229508196717,0.03500000000000014
vehicle_005_session_01520,vehicle_005,1520,train,115.69503879310342,74.8,357.1,357.8,361.1,365.2,-69.40326901639344,32.0,0,0.0408852459016393,0.04300000000000015
vehicle_005_session_01521,vehicle_005,1521,train,114.36955228758171,25.2,329.9,330.2,331.1,332.4,-69.99508147540983,26.491803278688526,1,0.026327868852459052,0.028000000000000025
vehicle_005_session_01522,vehicle_005,1522,train,115.97892245370373,46.0,336.0,336.4,338.5,341.6,-69.99672098360655,28.62295081967213,1,0.033114754098360656,0.037000000000000366
vehicle_005_session_01523,vehicle_005,1523,train,116.23039084575059,37.2,330.2,331.475,333.3,335.5,-69.96266893333333,27.506666666666668,1,0.02925333333333335,0.03200000000000003
vehicle_005_session_01524,vehicle_005,1524,train,115.27384735407877,21.2,327.7,328.2,329.9,331.1,-69.74755573770491,28.229508196721312,1,0.026868852459016403,0.03000000000000025
vehicle_005_session_01525,vehicle_005,1525,train,115.15753265901775,53.2,339.6,340.2,343.2,347.5,-69.74755573770493,32.01639344262295,2,0.03811475409836068,0.04200000000000026
vehicle_005_session_01526,vehicle_005,1526,train,116.16054772834275,20.0,325.2,326.4,329.1,330.7,-69.03934704918034,27.0,0,0.02745901639344261,0.029999999999999805
vehicle_005_session_01527,vehicle_005,1527,train,113.56738554526751,44.0,334.9,335.3,337.2,340.0,-68.98688393442623,29.75409836065574,2,0.031852459016393414,0.03500000000000014
vehicle_005_session_01528,vehicle_005,1528,train,113.59568055555552,65.6,349.6,350.5,353.6,357.5,-69.00491852459017,32.442622950819676,1,0.03980327868852464,0.04100000000000037
vehicle_005_session_01529,vehicle_005,1529,train,118.00002804564123,75.200005,354.69998,356.35,360.09999,364.6,-69.9671062368421,30.88157894736842,1,0.04086844605263156,0.043000299999999214
vehicle_005_session_01530,vehicle_005,1530,train,113.54366984126987,36.8,331.3,331.6,332.8,334.6,-59.614764098360666,28.704918032786885,1,0.025754098360655776,0.028000000000000025
vehicle_005_session_01531,vehicle_005,1531,train,116.76363093518518,64.8,348.0,348.8,351.8,355.2,-59.60656737704919,32.0,0,0.03726229508196724,0.039000000000000146
