segment_id,vehicle,session_index,split,proxy_capacity_ah,soc_start,voltage_start,voltage_60,voltage_300,voltage_600,current_mean,tmax_mean,temperature_rise,cell_gap_mean,cell_gap_max
vehicle_008_session_00001,vehicle_008,1,train,132.48021148018645,22.0,326.7,328.2,329.1,329.9,-44.926676533333335,31.213333333333335,1,0.01540000000000001,0.016999999999999904
vehicle_008_session_00002,vehicle_008,2,train,133.81057713025524,14.8,324.6,326.05,328.6,330.0,-73.60800906666668,41.76,1,0.02494666666666664,0.027000000000000135
vehicle_008_session_00003,vehicle_008,3,train,135.09592635436974,31.2,329.9,331.1,332.7,334.4,-74.51579657894736,37.3421052631579,1,0.024223684210526324,0.026000000000000245
vehicle_008_session_00004,vehicle_008,4,train,135.03000066246346,33.6,328.6,330.3,331.3,332.4,-44.86801013333334,40.0,0,0.014920000000000015,0.016000000000000014
vehicle_008_session_00005,vehicle_008,5,train,136.21714791438237,38.8,331.0,331.4,332.5,333.6,-38.7240124,37.0,0,0.012866666666666695,0.014000000000000234
vehicle_008_session_00006,vehicle_008,6,train,135.5321227166539,12.8,323.6,325.25,327.9,329.7,-74.83815921052631,37.0,0,0.02502631578947368,0.027000000000000135
vehicle_008_session_00007,vehicle_008,7,train,134.83809289163847,20.8,327.5,328.70000000000005,330.2,331.4,-74.40131328947369,35.28947368421053,1,0.02410526315789475,0.0259999999999998
vehicle_008_session_00008,vehicle_008,8,train,135.48919624964572,21.2,327.4,328.8,330.2,331.4,-74.97631815789474,36.03947368421053,2,0.024328947368421068,0.026000000000000245
vehicle_008_session_00009,vehicle_008,9,train,135.56661382394086,44.0,333.9,335.4,338.5,342.5,-74.16534333333333,38.346666666666664,1,0.023653333333333335,0.025000000000000355
vehicle_008_session_00010,vehicle_008,10,train,133.1038622017974,31.2,330.2,331.35,332.8,334.7,-75.14737657894737,34.39473684210526,1,0.024026315789473725,0.025000000000000355
vehicle_008_session_00011,vehicle_008,11,train,126.61245836652367,44.8,333.3,334.85,336.9,339.3,-37.531999866666666,31.0,0,0.013199999999999991,0.016999999999999904
vehicle_008_session_00012,vehicle_008,12,train,134.6440446278826,36.0,331.1,332.4,334.15,336.6,-73.96183828947369,34.36842105263158,1,0.02347368421052634,0.02499999999999991
vehicle_008_session_00013,vehicle_008,13,train,132.90821066043546,25.6,326.1,330.1,331.5,333.0,-73.49999902763159,32.05263157894737,2,0.023407894736842128,0.025000000000000355
vehicle_008_session_00014,vehicle_008,14,train,134.12710295717594,51.2,338.6,340.95000000000005,344.475,348.0,-74.1706772,33.0,2,0.02385333333333335,0.0259999999999998
vehicle_008_session_00015,vehicle_008,15,train,134.27810500992064,32.0,328.2,329.7,330.8,331.7,-44.773341333333335,32.88,1,0.014719999999999995,0.016000000000000014
vehicle_008_session_00016,vehicle_008,16,train,133.0536366057154,28.4,328.3,329.1,329.95,330.8,-45.15001,31.013157894736842,1,0.015052631578947376,0.017000000000000348
vehicle_008_session_00017,vehicle_008,17,train,133.73679637709643,13.6,322.2,324.0,325.8,327.4,-44.87201000000001,38.0,0,0.01618666666666663,0.017999999999999794
vehicle_008_session_00018,vehicle_008,18,train,135.1824250661376,32.4,328.0,328.9,329.7,330.3,-25.92895736842106,36.0,0,0.009381578947368433,0.010999999999999677
vehicle_008_session_00019,vehicle_008,19,train,127.23031343186136,52.8,342.5,343.3,345.2,347.4,-42.730264210526315,40.0,0,0.01475,0.016000000000000014
vehicle_008_session_00020,vehicle_008,20,train,134.57219238138686,44.4,333.8,335.25,338.25,342.4,-74.18816855263158,35.44736842105263,1,0.02364473684210527,0.025000000000000355
vehicle_008_session_00021,vehicle_008,21,train,133.42875481624532,27.2,328.9,330.0,331.4,333.0,-74.39868605263158,37.8421052631579,1,0.02393421052631583,0.025000000000000355
vehicle_008_session_00022,vehicle_008,22,train,136.37191488442116,42.4,332.5,334.25,336.5,340.2,-69.94342394736842,39.81578947368421,1,0.022473684210526278,0.02400000000000002
vehicle_008_session_00023,vehicle_008,23,train,134.08506531986532,33.6,328.6,329.4,329.9,330.7,-26.034220526315796,37.0,0,0.009289473684210544,0.01100000000000012
vehicle_008_session_00024,vehicle_008,24,train,135.12388137583892,40.0,332.1,333.2,334.2,335.7,-44.961333466666666,35.693333333333335,1,0.01485333333333336,0.016000000000000014
vehicle_008_session_00025,vehicle_008,25,train,134.17078405034724,17.6,325.8,327.15,329.0,330.2,-69.96266293333333,40.61333333333334,1,0.02384000000000002,0.026000000000000245
vehicle_008_session_00026,vehicle_008,26,train,135.10949133096366,15.2,323.6,324.65,326.6,328.2,-50.60132539473685,41.0,0,0.01799999999999997,0.019000000000000128
vehicle_008_session_00027,vehicle_008,27,train,134.37499694295633,42.8,331.1,332.45,334.2,336.0,-37.57894215789473,36.4078947368421,1,0.012697368421052641,0.014000000000000234
vehicle_008_session_00028,vehicle_008,28,train,133.7412522441275,20.8,327.2,328.3,329.7,331.0,-70.32500328947368,36.9078947368421,1,0.023065789473684213,0.02499999999999991
vehicle_008_session_00029,vehicle_008,29,train,133.567461817588,18.4,326.3,327.75,329.4,330.7,-74.26268293333334,41.32,1,0.02513333333333336,0.027000000000000135
vehicle_008_session_00030,vehicle_008,30,train,134.76308558501685,7.2,321.0,322.7,325.7,328.0,-74.03867026666667,35.92,1,0.025586666666666657,0.027000000000000135
vehicle_008_session_00031,vehicle_008,31,train,133.32812245002935,15.6,325.0,326.4,328.85,330.2,-74.08816394736841,35.94736842105263,1,0.024578947368421058,0.026000000000000245
vehicle_008_session_00032,vehicle_008,32,train,134.2680374005444,20.0,327.7,329.0,330.2,331.4,-70.83816065789475,29.81578947368421,1,0.022289473684210533,0.02499999999999991
vehicle_008_session_00033,vehicle_008,33,train,135.32946201822915,3.6,317.7,319.0,321.475,323.5,-50.15201000000001,41.0,0,0.020240000000000008,0.02300000000000013
vehicle_008_session_00034,vehicle_008,34,train,134.2656390823413,15.6,325.0,326.5,328.9,330.2,-75.81600426666668,40.0,0,0.02558666666666669,0.027000000000000135
vehicle_008_session_00035,vehicle_008,35,train,133.11359938417192,14.4,324.4,325.9,328.4,329.9,-75.81600346666667,39.21333333333333,1,0.025746666666666654,0.02799999999999958
vehicle_008_session_00036,vehicle_008,36,train,135.24318999408985,4.8,318.3,319.29999999999995,321.4,323.3,-45.18934333333335,40.0,0,0.018520000000000026,0.020000000000000018
vehicle_008_session_00037,vehicle_008,37,train,136.50265835144933,53.6,339.9,340.9,342.8,344.9,-40.30002000000002,39.0,0,0.014657894736842104,0.016999999999999904
vehicle_008_session_00038,vehicle_008,38,train,133.33983991710758,73.2,356.1,357.54999999999995,360.6,363.3,-44.073675002631575,37.80263157894737,0,0.014881578947368447,0.016999999999999904
vehicle_008_session_00039,vehicle_008,39,train,134.10856926830152,22.0,325.3,326.65,328.1,328.9,-37.7092052368421,42.0,0,0.013789473684210497,0.016000000000000014
vehicle_008_session_00040,vehicle_008,40,train,131.92066442832342,24.0,327.1,327.9,328.9,329.9,-45.20922144736843,31.0,0,0.01519736842105263,0.016999999999999904
vehicle_008_session_00041,vehicle_008,41,train,133.85013130630628,38.8,331.0,331.65,332.8,334.2,-45.005263684210526,37.0,0,0.01505263157894737,0.017000000000000348
vehicle_008_session_00042,vehicle_008,42,train,137.17983220486116,61.2,346.0,347.2,349.5,351.9,-45.003947763157896,36.0,0,0.015539473684210504,0.016999999999999904
vehicle_008_session_00043,vehicle_008,43,train,132.5960047465107,10.0,320.5,322.4,324.2,326.0,-44.56972736842105,39.0,0,0.01653947368421052,0.018000000000000238
vehicle_008_session_00044,vehicle_008,44,train,130.62790738636372,35.6,330.2,330.8,331.7,333.0,-39.30002000000002,35.0,0,0.012921052631578996,0.014000000000000234
vehicle_008_session_00045,vehicle_008,45,train,133.80733635113458,42.4,330.5,332.15,333.85,335.5,-37.27367468684211,34.0,0,0.012605263157894751,0.014000000000000234
vehicle_008_session_00046,vehicle_008,46,train,133.83091517137098,39.6,332.1,333.3,335.3,338.0,-69.91687792207793,35.51948051948052,1,0.022389610389610362,0.02300000000000013
vehicle_008_session_00047,vehicle_008,47,train,133.60828686011905,69.6,356.1,356.9,359.95,364.1,-69.93946815789474,38.0,0,0.021907894736842112,0.023000000000000576
vehicle_008_session_00048,vehicle_008,48,train,133.4894179359568,26.8,326.3,327.75,329.15,329.9,-37.72369328947369,33.38157894736842,0,0.013000000000000064,0.015000000000000124
vehicle_008_session_00049,vehicle_008,49,train,134.81972493955243,0.8,316.7,318.6,321.9,324.9,-70.5,33.946666666666665,1,0.02636000000000003,0.028000000000000025
vehicle_008_session_00050,vehicle_008,50,train,135.16625996230158,29.6,329.2,330.3,331.7,333.3,-69.733348,35.333333333333336,1,0.022280000000000022,0.02400000000000002
vehicle_008_session_00051,vehicle_008,51,train,134.11074018012155,48.0,333.3,334.79999999999995,337.44444444444446,340.2,-37.42532989333334,29.0,0,0.015386666666666647,0.019000000000000128
vehicle_008_session_00052,vehicle_008,52,train,129.78448046644542,23.2,326.0,327.29999999999995,328.70000000000005,329.4,-37.58289002631578,32.85526315789474,1,0.012921052631578967,0.015000000000000124
vehicle_008_session_00053,vehicle_008,53,train,132.48924983585863,68.0,352.4,353.75,356.1,358.3,-37.381325866666664,36.0,0,0.014093333333333333,0.015000000000000124
vehicle_008_session_00054,vehicle_008,54,train,134.28563057090244,27.2,328.0,328.9,329.9,331.0,-50.20667733333334,35.0,0,0.01633333333333336,0.018000000000000238
vehicle_008_session_00055,vehicle_008,55,train,132.0143522591146,32.4,329.7,330.5,331.6,332.8,-49.8786636,32.0,0,0.01617333333333336,0.017000000000000348
vehicle_008_session_00056,vehicle_008,56,train,134.44180297162808,24.8,325.8,328.1,329.1,329.9,-44.698695368421056,35.0,0,0.015026315789473724,0.017000000000000348
vehicle_008_session_00057,vehicle_008,57,train,133.7641269716395,40.0,332.2,333.55,335.8,338.8,-74.56800533333333,38.25333333333333,1,0.023906666666666652,0.025000000000000355
vehicle_008_session_00058,vehicle_008,58,train,133.9516701547922,28.8,329.4,330.4,331.7,333.3,-74.52632039473684,39.03947368421053,2,0.024039473684210538,0.025000000000000355
vehicle_008_session_00059,vehicle_008,59,train,132.19733486842102,27.6,327.8,328.5,329.2,330.0,-39.399989999999995,38.0,0,0.013426666666666693,0.015000000000000124
vehicle_008_session_00060,vehicle_008,60,train,132.86421062409815,36.8,330.0,330.8,331.79999999999995,333.0,-40.07501,38.31578947368421,1,0.013421052631578983,0.015000000000000124
vehicle_008_session_00061,vehicle_008,61,train,135.10297482323233,33.6,329.2,330.3,331.4,332.4,-45.013167894736846,37.0,0,0.014605263157894758,0.016000000000000014
vehicle_008_session_00062,vehicle_008,62,train,131.97479649510734,28.4,327.1,328.4,329.7,330.5,-37.242657550666664,36.76,1,0.012653333333333355,0.014000000000000234
vehicle_008_session_00063,vehicle_008,63,train,135.01225138711737,21.2,326.9,328.25,329.6,330.8,-69.36710513157894,39.36842105263158,1,0.022960526315789487,0.025000000000000355
vehicle_008_session_00064,vehicle_008,64,train,133.73095242936506,52.4,337.1,338.75,341.5,343.6,-37.3723686618421,37.0,0,0.016197368421052637,0.019000000000000128
vehicle_008_session_00065,vehicle_008,65,train,135.19492727091315,30.0,329.2,330.4,331.7,333.3,-69.7065892105263,38.63157894736842,1,0.02238157894736843,0.02400000000000002
vehicle_008_session_00066,vehicle_008,66,train,135.0116311182416,10.0,321.9,323.3,326.3,328.5,-74.31317394736841,41.9078947368421,1,0.025763157894736828,0.027000000000000135
vehicle_008_session_00067,vehicle_008,67,train,132.87235640675567,17.2,326.0,327.4,329.2,330.7,-73.92532853333333,35.06666666666667,1,0.024346666666666673,0.027000000000000135
vehicle_008_session_00068,vehicle_008,68,train,135.1125520103378,29.2,327.5,330.4,331.9,333.6,-74.78684894736841,37.30263157894737,1,0.02390789473684214,0.025000000000000355
vehicle_008_session_00069,vehicle_008,69,train,134.98740142725597,27.2,328.6,330.04999999999995,331.35,332.8,-74.41732506666668,32.48,1,0.023280000000000023,0.025000000000000355
vehicle_008_session_00070,vehicle_008,70,train,133.34080327353396,27.6,328.9,330.1,331.35,332.8,-70.00263184210526,36.328947368421055,1,0.02238157894736844,0.02300000000000013
vehicle_008_session_00071,vehicle_008,71,train,135.3254618697679,41.2,332.8,333.9,336.1,339.3,-71.59734173333332,37.61333333333334,1,0.02301333333333331,0.02499999999999991
vehicle_008_session_00072,vehicle_008,72,train,138.89234422468357,68.0,352.7,354.35,357.7,361.6,-70.50533546666668,38.0,0,0.022066666666666627,0.02400000000000002
vehicle_008_session_00073,vehicle_008,73,train,134.6992191084748,13.2,323.2,324.75,327.4,329.1,-70.2400104,35.0,0,0.023760000000000007,0.026000000000000245
vehicle_008_session_00074,vehicle_008,74,train,132.62088466285402,31.6,327.4,328.85,330.2,331.1,-37.29604539736842,36.0,0,0.01252631578947369,0.01499999999999968
vehicle_008_session_00075,vehicle_008,75,train,132.1790723920864,27.2,327.7,328.3,329.2,329.9,-40.30002000000002,37.0,0,0.01358666666666671,0.016000000000000014
vehicle_008_session_00076,vehicle_008,76,train,132.75002138096406,31.2,327.1,328.65,330.0,331.0,-37.37368413026316,35.0,0,0.012631578947368416,0.015000000000000124
vehicle_008_session_00077,vehicle_008,77,train,135.57836489247313,38.0,331.4,332.6,334.29999999999995,336.8,-70.71053868421052,37.60526315789474,1,0.022631578947368447,0.02400000000000002
vehicle_008_session_00078,vehicle_008,78,train,133.5093455289193,52.0,338.0,339.5,342.29999999999995,345.0,-50.06053236842106,38.0,0,0.01831578947368421,0.02100000000000035
vehicle_008_session_00079,vehicle_008,79,train,133.18259828431374,33.2,329.1,329.9,331.0,331.9,-45.00666733333333,35.0,0,0.01470666666666667,0.016000000000000014
vehicle_008_session_00080,vehicle_008,80,train,135.20010712229,34.0,330.2,330.75,331.5,332.5,-45.110534078947374,35.25,1,0.014500000000000022,0.016000000000000014
vehicle_008_session_00081,vehicle_008,81,train,134.4319620070302,49.6,336.8,338.375,342.275,346.0,-69.8906632,37.77333333333333,1,0.023079999999999993,0.02400000000000002
vehicle_008_session_00082,vehicle_008,82,train,129.50057964519144,51.6,342.5,344.1,347.6,352.7,-69.63421947368421,37.69736842105263,1,0.02364473684210526,0.027000000000000135
vehicle_008_session_00083,vehicle_008,83,train,134.13462683256176,42.0,332.4,333.2,334.9,336.9,-49.21334466666667,36.84,1,0.01621333333333337,0.017999999999999794
vehicle_008_session_00084,vehicle_008,84,train,134.2620887578616,46.0,333.5,334.2,336.0,338.0,-39.20001,35.0,0,0.014186666666666644,0.016999999999999904
vehicle_008_session_00085,vehicle_008,85,train,129.57807427398993,46.8,335.5,337.6,339.79999999999995,342.4,-44.8342205263158,31.710526315789473,1,0.017539473684210504,0.020999999999999908
vehicle_008_session_00086,vehicle_008,86,train,132.3390150151123,14.4,324.6,326.1,328.6,330.0,-74.25334159999998,33.81333333333333,1,0.024586666666666677,0.027000000000000135
vehicle_008_session_00087,vehicle_008,87,train,132.9627561636637,15.2,324.4,325.9,328.4,329.7,-71.32134106666668,36.0,0,0.023813333333333322,0.026000000000000245
vehicle_008_session_00088,vehicle_008,88,train,136.504445146721,46.4,332.8,334.6,336.4,339.1,-44.67104723684211,38.0,0,0.01573684210526315,0.019000000000000128
vehicle_008_session_00089,vehicle_008,89,train,133.9812949524177,16.4,324.4,325.6,327.8,329.1,-60.05325064935064,34.0,0,0.02058441558441559,0.02200000000000024
vehicle_008_session_00090,vehicle_008,90,train,132.0705973666869,42.4,334.4,335.5,337.2,339.9,-59.897372368421046,36.86842105263158,1,0.01942105263157893,0.02100000000000035
vehicle_008_session_00091,vehicle_008,91,train,131.92039982414877,25.2,326.0,327.25,328.6,329.4,-37.46578665789474,34.0,0,0.012894736842105257,0.015000000000000124
vehicle_008_session_00092,vehicle_008,92,train,131.57592967342342,36.8,330.3,331.0,332.2,333.5,-45.27764078947369,33.06578947368421,0,0.01453947368421055,0.016000000000000014
vehicle_008_session_00093,vehicle_008,93,train,134.1666849187631,65.6,351.3,352.29999999999995,354.3,356.6,-42.502673066666674,35.0,0,0.015519999999999996,0.017000000000000348
vehicle_008_session_00094,vehicle_008,94,train,130.41096265211638,28.4,326.9,327.8,328.5625,329.1,-25.912009866666672,34.0,0,0.00918666666666666,0.010000000000000231
vehicle_008_session_00095,vehicle_008,95,train,133.31023084121355,40.8,330.5,331.1,331.9,332.8,-26.086852105263166,34.0,0,0.009131578947368414,0.010000000000000231
vehicle_008_session_00096,vehicle_008,96,train,134.6088405823587,31.2,328.8,329.4,330.5,331.4,-45.00533386666667,37.0,0,0.01468000000000001,0.016000000000000014
vehicle_008_session_00097,vehicle_008,97,train,135.66714932351536,53.2,340.2,342.25,345.7,349.6,-70.0776377631579,32.921052631578945,1,0.023039473684210537,0.02499999999999991
vehicle_008_session_00098,vehicle_008,98,train,131.2982552331349,54.8,343.0,343.8,345.75,348.0,-43.18685197368421,36.93421052631579,1,0.01665789473684211,0.018000000000000238
vehicle_008_session_00099,vehicle_008,99,train,132.70788600192174,24.0,326.3,327.6,328.55,329.2,-39.8671152631579,37.0,0,0.013644736842105291,0.015000000000000124
vehicle_008_session_00100,vehicle_008,100,train,135.97189390946502,45.6,333.5,334.5,336.5,339.4,-50.690801052631585,34.0,0,0.017105263157894728,0.020000000000000018
vehicle_008_session_00101,vehicle_008,101,train,133.9694410702419,9.2,321.1,322.75,325.6,328.0,-74.18290513157895,38.0,0,0.025513157894736842,0.027000000000000135
vehicle_008_session_00102,vehicle_008,102,train,133.87528153935182,54.4,340.8,342.4,345.3,348.5,-59.94266893333332,40.0,0,0.0203066666666667,0.021999999999999797
vehicle_008_session_00103,vehicle_008,103,train,133.54033826438848,37.2,331.4,332.29999999999995,334.15,336.6,-74.66448355263157,40.48684210526316,1,0.024184210526315784,0.025000000000000355
vehicle_008_session_00104,vehicle_008,104,train,135.6196659904971,31.2,329.7,330.75,332.2,333.9,-74.56579552631578,38.0,0,0.023736842105263178,0.025000000000000355
vehicle_008_session_00105,vehicle_008,105,train,132.0534847161306,20.4,326.7,327.75,329.1,330.2,-59.857896447368425,39.0,0,0.020065789473684238,0.02200000000000024
vehicle_008_session_00106,vehicle_008,106,train,135.30714630847956,50.0,336.8,338.85,343.025,347.1,-74.00921144736843,38.88157894736842,1,0.024302631578947367,0.026000000000000245
vehicle_008_session_00107,vehicle_008,107,train,131.25023700086803,72.8,359.3,360.2,363.5,367.8,-74.08816565789473,40.1578947368421,1,0.022973684210526275,0.02400000000000002
vehicle_008_session_00108,vehicle_008,108,train,133.81356980774177,46.8,334.9,336.35,339.79999999999995,344.3,-74.06053144736842,38.0,2,0.023960526315789453,0.0259999999999998
vehicle_008_session_00109,vehicle_008,109,train,138.21572799181894,70.4,355.2,356.6,359.95,364.3,-71.19343315789473,38.86842105263158,1,0.022157894736842095,0.02400000000000002
vehicle_008_session_00110,vehicle_008,110,train,132.55426516792215,25.2,328.0,329.2,330.7,332.1,-71.41973934210527,36.0,0,0.022499999999999992,0.025000000000000355
vehicle_008_session_00111,vehicle_008,111,train,129.72497059461807,22.8,326.1,326.65,327.29999999999995,327.8,-22.602641578947374,31.0,0,0.008381578947368386,0.009000000000000341
vehicle_008_session_00112,vehicle_008,112,train,131.64383523977983,28.0,327.8,328.5,329.4,330.2,-40.100010000000005,36.0,0,0.013421052631578959,0.015000000000000124
vehicle_008_session_00113,vehicle_008,113,train,134.02677867705836,44.0,333.0,333.8,335.5,337.5,-45.003947763157896,33.723684210526315,1,0.015052631578947352,0.018000000000000238
vehicle_008_session_00114,vehicle_008,114,train,133.67532307431458,48.8,333.6,335.1,337.75,340.5,-37.36184189736842,39.0,0,0.01664473684210524,0.020000000000000018
vehicle_008_session_00115,vehicle_008,115,train,133.92440719339626,47.6,334.9,336.20000000000005,339.3,343.0,-60.01973999999999,35.776315789473685,1,0.020565789473684183,0.02300000000000013
vehicle_008_session_00116,vehicle_008,116,train,131.73061514935318,70.4,356.6,357.9,360.75,364.3,-59.871058552631574,37.0,0,0.019105263157894743,0.020999999999999908
vehicle_008_session_00117,vehicle_008,117,train,132.53991559383903,10.8,321.4,322.45,324.275,326.1,-45.209344266666676,36.82666666666667,1,0.016613333333333327,0.018000000000000238
vehicle_008_session_00118,vehicle_008,118,train,132.04458466676311,37.6,330.2,331.0,332.1,333.3,-40.008000800000005,34.0,0,0.012986666666666669,0.014000000000000234
vehicle_008_session_00119,vehicle_008,119,train,132.35567067043894,1.6,315.2,316.85,319.5,321.6,-37.54342539473684,34.0,0,0.017710526315789482,0.019000000000000128
vehicle_008_session_00120,vehicle_008,120,train,133.1132769240571,12.4,321.4,322.1,323.25,324.4,-26.0,34.0,0,0.01182894736842107,0.013000000000000345
vehicle_008_session_00121,vehicle_008,121,train,132.87301677244295,34.4,330.7,331.79999999999995,333.55,335.7,-73.89868039473684,34.276315789473685,1,0.023447368421052633,0.02499999999999991
vehicle_008_session_00122,vehicle_008,122,train,132.04230790289256,32.8,330.3,331.5,333.2,335.2,-74.12500815789474,33.88157894736842,1,0.023394736842105263,0.025000000000000355
vehicle_008_session_00123,vehicle_008,123,train,132.67170448908732,38.8,331.9,333.25,335.5,338.5,-73.80528157894736,32.36842105263158,2,0.023078947368421036,0.02499999999999991
vehicle_008_session_00124,vehicle_008,124,train,133.86101443276797,49.6,336.8,338.70000000000005,343.0,346.9,-73.01333360000001,33.53333333333333,1,0.02376,0.026000000000000245
vehicle_008_session_00125,vehicle_008,125,train,132.3119532732046,29.2,329.4,330.75,332.29999999999995,334.1,-74.9171027631579,31.68421052631579,1,0.023315789473684224,0.02499999999999991
vehicle_008_session_00126,vehicle_008,126,train,133.61636547619048,47.2,334.9,336.70000000000005,340.25,344.6,-70.46973855263158,31.81578947368421,1,0.02290789473684213,0.025000000000000355
vehicle_008_session_00127,vehicle_008,127,train,132.86910085841052,37.2,331.6,332.7,334.6,337.1,-74.04400266666666,34.17333333333333,1,0.02337333333333337,0.025000000000000355
vehicle_008_session_00128,vehicle_008,128,train,131.39950050975176,28.8,328.9,329.9,331.1,332.4,-59.70658999999997,30.44736842105263,1,0.01861842105263163,0.020000000000000018
vehicle_008_session_00129,vehicle_008,129,train,134.0115535632056,12.8,323.2,324.7,327.5,329.4,-74.17895736842104,32.0,0,0.024605263157894738,0.026000000000000245
vehicle_008_session_00130,vehicle_008,130,train,127.84247605970415,22.4,325.5,326.6,327.2,327.8,-22.467115131578943,31.657894736842106,0,0.00846052631578946,0.010000000000000231
vehicle_008_session_00131,vehicle_008,131,train,132.27950394042233,6.4,319.6,320.6,322.7,324.6,-45.10527315789474,32.0,0,0.01714473684210528,0.020000000000000018
vehicle_008_session_00132,vehicle_008,132,train,130.715245636314,26.4,327.8,328.70000000000005,329.9,331.0,-49.911834342105266,29.289473684210527,1,0.01573684210526317,0.017000000000000348
vehicle_008_session_00133,vehicle_008,133,train,131.04223130171397,19.6,325.2,326.65,328.0,328.9,-44.981343333333335,26.266666666666666,1,0.014813333333333336,0.016999999999999904
vehicle_008_session_00134,vehicle_008,134,train,130.3416955701754,32.0,329.1,330.6,331.5,332.5,-44.897378421052636,32.0,0,0.014210526315789493,0.016000000000000014
vehicle_008_session_00135,vehicle_008,135,train,132.91600989583335,48.8,336.1,337.85,341.85,346.0,-70.28948736842104,32.05263157894737,2,0.02305263157894735,0.02499999999999991
vehicle_008_session_00136,vehicle_008,136,train,132.13602903269904,46.8,335.2,337.0,341.0,345.3,-74.03600253333335,26.773333333333333,1,0.023666666666666666,0.026000000000000245
vehicle_008_session_00137,vehicle_008,137,train,129.655909392238,17.6,324.1,326.0,327.5,328.5,-44.80922065789474,27.157894736842106,1,0.015460526315789471,0.018000000000000238
vehicle_008_session_00138,vehicle_008,138,train,140.97262117669754,70.8,353.2,353.70000000000005,354.9,356.4,-22.505263684210526,29.0,0,0.014342105263157887,0.015000000000000124
vehicle_008_session_00139,vehicle_008,139,train,133.51376541923872,50.4,335.8,337.6,340.75,343.8,-49.82105302631579,35.0,0,0.020618421052631588,0.02400000000000002
vehicle_008_session_00140,vehicle_008,140,train,131.03625421511632,12.0,322.4,323.25,325.3,327.1,-49.86447486842107,34.0,0,0.01780263157894733,0.020000000000000018
vehicle_008_session_00141,vehicle_008,141,train,133.5159213734568,50.8,336.9,338.25,341.35,344.3,-50.49736815789474,35.0,0,0.020815789473684204,0.02300000000000013
vehicle_008_session_00142,vehicle_008,142,train,133.12629708753232,42.4,330.5,332.0,333.8,335.3,-37.35200171066667,33.0,0,0.012640000000000005,0.01499999999999968
vehicle_008_session_00143,vehicle_008,143,train,130.07259222094802,26.4,328.3,329.1,330.2,331.1,-50.10801000000001,27.84,1,0.015520000000000008,0.017000000000000348
vehicle_008_session_00144,vehicle_008,144,train,132.07441735668792,34.8,329.9,330.7,331.9,333.3,-50.570673600000006,33.0,0,0.015933333333333338,0.018000000000000238
vehicle_008_session_00145,vehicle_008,145,train,129.54570180021366,30.4,328.9,329.7,330.75,331.7,-45.112010000000005,30.0,0,0.014146666666666672,0.015000000000000124
vehicle_008_session_00146,vehicle_008,146,train,132.4123377897026,43.6,331.3,332.75,334.7,336.4,-37.73552365789474,31.30263157894737,1,0.013342105263157898,0.016000000000000014
vehicle_008_session_00147,vehicle_008,147,train,130.07643613647005,24.0,328.5,329.9,331.3,332.8,-74.06579447368422,26.026315789473685,2,0.022486842105263166,0.02400000000000002
vehicle_008_session_00148,vehicle_008,148,train,131.70696504400442,16.8,325.3,326.65,328.9,330.2,-70.4839984,30.0,0,0.02292000000000002,0.02499999999999991
vehicle_008_session_00149,vehicle_008,149,train,132.42794987194642,34.8,330.5,331.79999999999995,333.6,335.8,-74.31201586666666,32.986666666666665,2,0.023200000000000016,0.02400000000000002
vehicle_008_session_00150,vehicle_008,150,train,130.07975383134922,28.0,329.4,330.7,332.1,333.6,-74.00666733333334,29.893333333333334,2,0.02289333333333336,0.02499999999999991
vehicle_008_session_00151,vehicle_008,151,train,129.76527758246525,19.2,325.2,326.1,327.4,328.3,-40.11467666666667,30.0,0,0.013719999999999963,0.016000000000000014
vehicle_008_session_00152,vehicle_008,152,train,131.03126144323673,4.4,318.1,319.29999999999995,321.4,323.2,-39.652641578947375,28.723684210526315,1,0.016697368421052645,0.019000000000000128
vehicle_008_session_00153,vehicle_008,153,train,131.78271905715815,12.4,321.1,323.2,325.2,326.9,-44.62236868421053,31.0,0,0.0161052631578947,0.018000000000000238
vehicle_008_session_00154,vehicle_008,154,train,131.25641994808856,16.8,325.7,327.0,329.15,330.5,-74.00789552631579,31.526315789473685,1,0.02389473684210526,0.026000000000000245
vehicle_008_session_00155,vehicle_008,155,train,130.75780993831268,22.4,327.8,329.0,330.3,331.7,-69.94868013157895,31.30263157894737,1,0.021855263157894742,0.02300000000000013
vehicle_008_session_00156,vehicle_008,156,train,130.9798279744346,38.8,331.0,331.65,332.9,334.4,-45.492107631578946,31.039473684210527,1,0.014473684210526328,0.016000000000000014
vehicle_008_session_00157,vehicle_008,157,train,130.60781054984776,8.0,319.9,321.65,323.6,325.5,-44.86185210526316,31.69736842105263,0,0.016355263157894772,0.018000000000000238
vehicle_008_session_00158,vehicle_008,158,train,132.04155146577378,32.4,330.0,331.1,332.7,334.6,-69.88421210526316,32.421052631578945,1,0.021894736842105272,0.02300000000000013
vehicle_008_session_00159,vehicle_008,159,train,131.0235202705939,28.0,328.9,330.1,331.5,333.0,-69.62934186666666,31.133333333333333,1,0.021533333333333352,0.02300000000000013
vehicle_008_session_00160,vehicle_008,160,train,132.06837181781046,24.4,328.0,329.1,330.5,331.7,-69.3946588,30.24,2,0.021600000000000032,0.02300000000000013
vehicle_008_session_00161,vehicle_008,161,train,132.52135890639116,48.4,335.8,337.29999999999995,341.175,345.3,-69.9697380263158,32.36842105263158,1,0.0231842105263158,0.0259999999999998
vehicle_008_session_00162,vehicle_008,162,train,133.59544896501066,43.6,333.5,335.04999999999995,337.75,341.9,-73.7986844,31.706666666666667,1,0.023573333333333325,0.026000000000000245
vehicle_008_session_00163,vehicle_008,163,train,131.48619955190878,26.4,328.6,329.9,331.3,332.7,-73.70659039473684,28.789473684210527,1,0.02255263157894738,0.02400000000000002
vehicle_008_session_00164,vehicle_008,164,train,131.48650622071622,31.2,328.9,329.79999999999995,330.9,332.1,-50.005263684210526,31.0,0,0.01557894736842106,0.017000000000000348
vehicle_008_session_00165,vehicle_008,165,train,133.3527532227108,6.8,320.0,321.7,324.65,327.2,-69.7842289473684,32.21052631578947,1,0.024421052631578923,0.027000000000000135
vehicle_008_session_00166,vehicle_008,166,train,130.80531022834273,27.2,327.1,328.55,329.6,330.5,-44.85601013333334,31.0,0,0.014279999999999996,0.016000000000000014
vehicle_008_session_00167,vehicle_008,167,train,131.4773606144224,33.6,329.4,330.2,331.4,332.7,-50.05131868421053,32.8421052631579,1,0.015723684210526345,0.017000000000000348
vehicle_008_session_00168,vehicle_008,168,train,131.51586788668791,12.0,323.3,324.79999999999995,327.7,329.4,-73.70267693333331,31.0,0,0.024173333333333328,0.026000000000000245
vehicle_008_session_00169,vehicle_008,169,train,131.8102572539836,36.8,331.4,332.6,334.6,337.1,-73.90525368421052,30.157894736842106,2,0.023013157894736843,0.02400000000000002
vehicle_008_session_00170,vehicle_008,170,train,133.92321518605868,26.4,328.9,330.1,331.6,333.2,-73.31184828947369,26.289473684210527,2,0.022289473684210543,0.02400000000000002
vehicle_008_session_00171,vehicle_008,171,train,130.8837000564589,48.4,338.6,340.25,343.70000000000005,347.5,-73.43815171052631,29.57894736842105,1,0.024052631578947384,0.026000000000000245
vehicle_008_session_00172,vehicle_008,172,train,130.32007914803523,9.6,322.5,324.15,326.9,328.9,-69.87600466666667,26.6,1,0.022893333333333318,0.02499999999999991
vehicle_008_session_00173,vehicle_008,173,train,131.49533566093348,28.8,329.4,330.6,332.15,333.8,-74.13734186666666,26.88,2,0.02273333333333337,0.02400000000000002
vehicle_008_session_00174,vehicle_008,174,train,129.88608666258173,22.4,326.6,327.6,328.70000000000005,329.6,-44.772385921052646,27.157894736842106,1,0.01443421052631583,0.016000000000000014
vehicle_008_session_00175,vehicle_008,175,train,131.05645011311026,32.4,328.6,329.9,331.0,332.1,-44.74932546666667,27.133333333333333,1,0.01384000000000002,0.015000000000000124
vehicle_008_session_00176,vehicle_008,176,train,130.00591644399157,13.2,323.0,323.85,325.8,327.2,-45.200010000000006,30.893333333333334,1,0.016253333333333283,0.017000000000000348
vehicle_008_session_00177,vehicle_008,177,train,130.29879097977053,16.8,324.7,325.7,327.275,328.3,-45.20401040000001,29.0,0,0.01582666666666664,0.017999999999999794
vehicle_008_session_00178,vehicle_008,178,train,131.54986278073287,36.0,329.7,330.75,331.975,333.2,-44.84932493333333,29.973333333333333,1,0.013973333333333351,0.015000000000000124
vehicle_008_session_00179,vehicle_008,179,train,132.86086747076024,49.2,334.4,335.5,337.15,338.9,-25.881333466666668,28.0,0,0.017279999999999955,0.020999999999999908
vehicle_008_session_00180,vehicle_008,180,train,131.71492521004802,3.2,316.3,318.05,320.2,322.2,-39.52237855263159,31.513157894736842,0,0.018328947368421045,0.020000000000000018
vehicle_008_session_00181,vehicle_008,181,train,131.59736560971348,34.4,330.3,331.5,333.2,335.2,-69.56974342105265,29.486842105263158,1,0.021513157894736838,0.02300000000000013
vehicle_008_session_00182,vehicle_008,182,train,129.7290338476102,12.0,320.8,322.54999999999995,324.79999999999995,326.4,-37.38026373552632,27.0,0,0.014473684210526293,0.016999999999999904
vehicle_008_session_00183,vehicle_008,183,train,130.48516519541667,9.6,319.2,320.95000000000005,323.3,325.0,-37.13332666933333,30.84,1,0.014413333333333339,0.016000000000000014
vehicle_008_session_00184,vehicle_008,184,train,129.87662177191837,20.0,324.7,325.5,326.4,327.2,-25.997342400000004,29.0,0,0.010466666666666633,0.0129999999999999
vehicle_008_session_00185,vehicle_008,185,train,132.49851296695405,28.0,329.1,330.25,331.7,333.3,-74.05263592105261,29.894736842105264,2,0.02276315789473683,0.02499999999999991
vehicle_008_session_00186,vehicle_008,186,train,132.31765006944448,45.6,334.4,335.8888888888889,338.9,343.3,-69.5880088,26.84,2,0.02309333333333333,0.02699999999999969
vehicle_008_session_00187,vehicle_008,187,train,130.5090713457207,13.6,323.3,324.6,326.5,328.0,-49.80002000000002,24.75,1,0.017118421052631547,0.019000000000000128
vehicle_008_session_00188,vehicle_008,188,train,127.64586406165313,15.6,325.2,326.3,328.0,329.1,-49.84533973333334,22.0,0,0.01618666666666666,0.018000000000000238
vehicle_008_session_00189,vehicle_008,189,train,134.85001325329569,14.8,322.1,323.65,325.9,327.2,-37.36532389333333,26.0,0,0.01453333333333329,0.016999999999999904
vehicle_008_session_00190,vehicle_008,190,train,129.15218409534535,37.6,331.1,332.54999999999995,333.9,335.2,-37.498657146666666,28.0,0,0.012506666666666645,0.014000000000000234
vehicle_008_session_00191,vehicle_008,191,train,130.03883475999535,2.0,317.8,319.2,321.79999999999995,323.9,-50.39465826666667,27.0,0,0.02001333333333337,0.021999999999999797
vehicle_008_session_00192,vehicle_008,192,train,132.8212712107488,60.8,346.3,348.5375,352.1,356.0,-70.25600573333332,25.706666666666667,1,0.022933333333333347,0.02400000000000002
vehicle_008_session_00193,vehicle_008,193,train,129.30065056515957,22.4,328.0,329.5,331.1,332.5,-73.95000144736842,22.973684210526315,2,0.02230263157894739,0.025000000000000355
vehicle_008_session_00194,vehicle_008,194,train,132.407029200542,64.8,350.2,352.85,356.4,360.3,-69.5000048,18.026666666666667,2,0.022120000000000004,0.02400000000000002
vehicle_008_session_00195,vehicle_008,195,train,132.39148243261823,46.8,336.1,338.1,342.4,346.9,-74.18553631578946,20.592105263157894,1,0.024776315789473702,0.028000000000000025
vehicle_008_session_00196,vehicle_008,196,train,129.3953090584715,25.2,328.3,330.2,331.65,333.3,-73.56579605263158,24.105263157894736,2,0.022013157894736842,0.02400000000000002
vehicle_008_session_00197,vehicle_008,197,train,131.06058948483056,41.2,333.2,334.29999999999995,335.75,337.5,-50.04605644736842,24.473684210526315,1,0.016092105263157897,0.018000000000000238
vehicle_008_session_00198,vehicle_008,198,train,130.35389273003472,59.6,346.3,348.5,352.1375,356.3,-74.32267493333333,25.69333333333333,1,0.023119999999999977,0.02499999999999991
vehicle_008_session_00199,vehicle_008,199,train,131.32204053605642,16.4,325.3,326.79999999999995,329.1,330.3,-70.29342855263158,23.92105263157895,1,0.02232894736842106,0.02400000000000002
vehicle_008_session_00200,vehicle_008,200,train,129.55428409072448,20.8,327.4,328.85,330.3,331.7,-70.23553605263157,24.07894736842105,2,0.021434210526315813,0.02300000000000013
vehicle_008_session_00201,vehicle_008,201,train,129.61650981418063,10.4,321.6,322.9,325.2,327.1,-50.36578973684212,26.0,0,0.018315789473684185,0.020000000000000018
vehicle_008_session_00202,vehicle_008,202,train,130.53752021419012,31.2,329.7,331.1,332.75,334.6,-70.58948065789473,23.42105263157895,1,0.021434210526315785,0.02300000000000013
vehicle_008_session_00203,vehicle_008,203,train,130.9772829362339,25.2,328.5,329.9,331.4,333.0,-74.39209763157895,22.657894736842106,1,0.022263157894736863,0.02400000000000002
vehicle_008_session_00204,vehicle_008,204,train,131.5353351930766,39.2,332.4,333.70000000000005,336.1,338.9,-70.03866959999999,23.186666666666667,2,0.02116000000000001,0.02300000000000013
vehicle_008_session_00205,vehicle_008,205,train,133.04517880569307,44.4,334.4,336.05,339.20000000000005,343.6,-69.98421092105264,22.973684210526315,2,0.023210526315789487,0.027000000000000135
vehicle_008_session_00206,vehicle_008,206,train,133.46353737922703,20.0,324.9,326.35,327.75,328.8,-44.81314842105263,24.61842105263158,1,0.014789473684210522,0.016999999999999904
vehicle_008_session_00207,vehicle_008,207,train,130.30833589285717,41.6,331.0,331.4,332.29999999999995,333.2,-22.5,25.0,0,0.01056000000000002,0.01200000000000001
vehicle_008_session_00208,vehicle_008,208,train,132.58488560363247,18.4,325.2,326.20000000000005,327.7,328.6,-45.0586716,26.0,0,0.015453333333333324,0.017999999999999794
vehicle_008_session_00209,vehicle_008,209,train,128.9259766852981,25.2,327.8,328.6,329.79999999999995,330.8,-50.144009466666674,25.69333333333333,1,0.015440000000000016,0.017000000000000348
vehicle_008_session_00210,vehicle_008,210,train,132.52769927248679,55.6,341.4,342.9,345.7375,348.5,-50.1493428,26.48,1,0.021400000000000034,0.025000000000000355
vehicle_008_session_00211,vehicle_008,211,train,130.00361482439843,32.4,328.9,329.9,331.1,332.4,-44.972733376623374,28.558441558441558,1,0.014000000000000009,0.015000000000000124
vehicle_008_session_00212,vehicle_008,212,train,131.16429908179015,16.0,324.9,326.475,328.8375,330.2,-70.68801013333332,26.14666666666667,1,0.022653333333333345,0.02499999999999991
vehicle_008_session_00213,vehicle_008,213,train,132.19970369471415,56.4,341.6,343.25,345.8,348.5,-44.94473776315789,28.0,0,0.020328947368421068,0.02400000000000002
vehicle_008_session_00214,vehicle_008,214,train,130.119009114016,26.8,326.4,328.5,329.5,330.3,-44.63066826666667,26.266666666666666,1,0.013973333333333351,0.015000000000000124
vehicle_008_session_00215,vehicle_008,215,train,130.82724263117288,23.2,327.8,329.1,330.5,331.7,-69.96533466666668,27.6,1,0.021360000000000004,0.02300000000000013
vehicle_008_session_00216,vehicle_008,216,train,132.9156111748866,50.0,337.5,339.79999999999995,344.5,348.6,-73.88026578947368,24.736842105263158,1,0.02565789473684213,0.02900000000000036
vehicle_008_session_00217,vehicle_008,217,train,132.91159625843719,46.4,333.8,334.9,336.8375,339.1,-39.82001453333335,23.546666666666667,1,0.01754666666666665,0.02300000000000013
vehicle_008_session_00218,vehicle_008,218,train,130.38134199689202,22.4,326.9,327.7,328.6,329.6,-45.20132592105264,28.513157894736842,1,0.014539473684210538,0.016000000000000014
vehicle_008_session_00219,vehicle_008,219,train,130.9581508934373,29.2,326.9,328.85,329.9,330.8,-44.605264473684215,28.0,0,0.013868421052631582,0.015000000000000124
vehicle_008_session_00220,vehicle_008,220,train,128.10846718750003,29.6,329.1,330.0,331.20000000000005,332.4,-50.389466842105264,28.81578947368421,1,0.015592105263157895,0.016999999999999904
vehicle_008_session_00221,vehicle_008,221,train,131.97752063867847,44.8,333.3,334.29999999999995,336.4,338.9,-50.013336800000005,31.92,1,0.017746666666666643,0.02200000000000024
vehicle_008_session_00222,vehicle_008,222,train,130.2491445086705,16.8,324.9,326.1,327.8,328.9,-50.068425394736835,20.736842105263158,1,0.016486842105263137,0.019000000000000128
vehicle_008_session_00223,vehicle_008,223,train,130.98462879148025,36.8,331.1,332.4,334.2,336.6,-69.94079171052633,23.86842105263158,2,0.02121052631578951,0.022999999999999687
vehicle_008_session_00224,vehicle_008,224,train,128.6287290612599,30.8,330.0,331.35,333.0,334.9,-71.69343210526316,20.605263157894736,1,0.02147368421052634,0.02300000000000013
vehicle_008_session_00225,vehicle_008,225,train,131.04354681599492,36.4,330.3,331.20000000000005,332.5,334.1,-50.11974473684211,25.13157894736842,1,0.015552631578947379,0.017000000000000348
vehicle_008_session_00226,vehicle_008,226,train,131.07092865614686,16.8,325.3,326.9,329.0,330.3,-70.6760104,25.68,1,0.02259999999999999,0.02499999999999991
vehicle_008_session_00227,vehicle_008,227,train,128.81762683114033,21.6,327.7,329.15,330.5,331.7,-70.31317394736841,24.0,2,0.02123684210526316,0.02300000000000013
vehicle_008_session_00228,vehicle_008,228,train,128.67093099569647,69.2,356.1,357.7,361.05,365.2,-70.11974631578948,29.0,0,0.02315789473684212,0.025000000000000355
vehicle_008_session_00229,vehicle_008,229,train,133.12742143221203,43.2,332.5,333.5,335.3,337.7,-50.01184328947369,27.92105263157895,1,0.016644736842105264,0.019000000000000128
vehicle_008_session_00230,vehicle_008,230,train,130.98635588167588,25.2,328.2,329.7,331.20000000000005,332.7,-73.87894999999999,26.06578947368421,2,0.022197368421052646,0.02400000000000002
vehicle_008_session_00231,vehicle_008,231,train,131.13332778308825,16.0,321.7,324.9,326.9,328.3,-49.48000978533333,25.0,0,0.017826666666666647,0.019000000000000128
vehicle_008_session_00232,vehicle_008,232,train,129.21034298445767,14.0,324.4,326.1,328.8,330.0,-70.22534626666666,22.933333333333334,1,0.022653333333333324,0.02499999999999991
vehicle_008_session_00233,vehicle_008,233,train,130.59033420376716,39.2,331.9,333.3,335.5,338.2,-70.10000813333335,22.28,2,0.021146666666666664,0.02300000000000013
vehicle_008_session_00234,vehicle_008,234,train,129.73675399537038,37.6,331.7,333.2,335.3,338.2,-74.48420894736843,25.263157894736842,1,0.022644736842105235,0.02400000000000002
vehicle_008_session_00235,vehicle_008,235,train,129.49421502725036,9.2,321.4,322.6,324.6,326.4,-44.946047236842105,23.394736842105264,1,0.016065789473684217,0.017999999999999794
vehicle_008_session_00236,vehicle_008,236,train,131.36577379238156,43.2,332.7,333.6,335.6,337.8,-50.45866253333334,26.293333333333333,1,0.016800000000000002,0.019000000000000128
vehicle_008_session_00237,vehicle_008,237,train,130.8214898467433,39.6,332.7,333.85,336.1,339.3,-74.00666853333334,25.053333333333335,2,0.022640000000000004,0.02400000000000002
vehicle_008_session_00238,vehicle_008,238,train,131.145428781168,25.2,328.0,329.4,330.8,332.2,-69.3473742105263,29.67105263157895,1,0.021276315789473685,0.02300000000000013
vehicle_008_session_00239,vehicle_008,239,train,129.56273854166668,23.2,326.9,327.9,329.1,330.0,-50.02763460526316,29.0,0,0.015763157894736847,0.018000000000000238
vehicle_008_session_00240,vehicle_008,240,train,129.00275221455107,28.8,329.4,330.9,332.5,334.2,-74.29343881578946,26.42105263157895,1,0.02249999999999999,0.02499999999999991
vehicle_008_session_00241,vehicle_008,241,train,130.90123997574202,29.6,328.6,330.4,332.1,333.8,-70.2144769736842,24.657894736842106,1,0.02096052631578951,0.02300000000000013
vehicle_008_session_00242,vehicle_008,242,train,131.38934749737945,12.0,322.4,323.55,325.7,327.2,-45.001333466666665,26.093333333333334,1,0.016026666666666613,0.018000000000000238
vehicle_008_session_00243,vehicle_008,243,train,129.64152631912876,17.6,323.2,324.95,327.1,328.0,-37.33333317733334,23.84,1,0.014333333333333293,0.016999999999999904
vehicle_008_session_00244,vehicle_008,244,train,128.53484145127752,22.8,328.2,329.4,330.9,332.4,-70.07369157894736,26.56578947368421,1,0.021302631578947396,0.02300000000000013
vehicle_008_session_00245,vehicle_008,245,train,130.41989118012688,33.2,330.0,331.3,332.8,334.7,-70.05733906666666,28.733333333333334,1,0.021453333333333335,0.02300000000000013
vehicle_008_session_00246,vehicle_008,246,train,131.0934467528736,23.6,327.8,329.1,330.5,331.9,-70.05263500000001,26.263157894736842,2,0.02111842105263156,0.02300000000000013
vehicle_008_session_00247,vehicle_008,247,train,131.04766249291384,39.2,331.7,332.9,335.0,337.7,-70.63816592105262,28.56578947368421,1,0.021763157894736842,0.02300000000000013
vehicle_008_session_00248,vehicle_008,248,train,131.0067174697512,32.4,329.1,329.9,331.1,332.2,-50.01733493333333,29.813333333333333,1,0.015480000000000006,0.016999999999999904
vehicle_008_session_00249,vehicle_008,249,train,132.61167240918806,70.8,355.5,357.15,360.75,364.7,-70.80135186666666,31.066666666666666,1,0.023239999999999993,0.024999999999999467
vehicle_008_session_00250,vehicle_008,250,train,131.08007173202617,2.4,318.0,319.9,323.3,326.1,-70.0829027631579,29.894736842105264,1,0.02559210526315789,0.028000000000000025
vehicle_008_session_00251,vehicle_008,251,train,129.72025375234838,14.8,324.7,326.20000000000005,328.675,330.0,-70.05333719999999,29.786666666666665,1,0.022706666666666677,0.02499999999999991
vehicle_008_session_00252,vehicle_008,252,train,133.7044967811562,68.0,352.5,354.35,357.8,361.9,-70.03026710526315,34.63157894736842,1,0.023342105263157883,0.025000000000000355
vehicle_008_session_00253,vehicle_008,253,train,131.92228050213674,41.6,331.1,334.4,337.1,340.7,-73.30667160000002,28.92,2,0.02306666666666664,0.027000000000000135
vehicle_008_session_00254,vehicle_008,254,train,130.97791368131035,13.6,323.8,325.6,328.25,329.9,-70.91446986842105,28.82894736842105,1,0.0230657894736842,0.02499999999999991
vehicle_008_session_00255,vehicle_008,255,train,131.57311055790962,36.0,331.0,332.1,333.9,336.1,-70.24343210526315,27.473684210526315,1,0.021644736842105293,0.02300000000000013
vehicle_008_session_00256,vehicle_008,256,train,130.10494752192983,59.6,348.5,349.20000000000005,352.29999999999995,356.1,-70.08533933333334,30.213333333333335,1,0.023799999999999995,0.025000000000000355
vehicle_008_session_00257,vehicle_008,257,train,128.850886130166,26.4,327.2,328.8,329.775,330.7,-44.801336,27.706666666666667,1,0.013960000000000002,0.015000000000000124
vehicle_008_session_00258,vehicle_008,258,train,130.47761422288363,56.0,343.2,345.1,349.0,353.2,-74.69474881578947,28.67105263157895,1,0.025223684210526315,0.028999999999999915
vehicle_008_session_00259,vehicle_008,259,train,133.57726035756502,60.0,344.3,346.35,348.95000000000005,351.8,-49.67235934210526,32.0,0,0.021092105263157884,0.02300000000000013
vehicle_008_session_00260,vehicle_008,260,train,129.22055104166668,34.8,329.9,330.7,332.15,333.5,-50.04079223684211,26.210526315789473,1,0.015421052631578985,0.017000000000000348
vehicle_008_session_00261,vehicle_008,261,train,133.88462206131442,60.0,347.1,348.2,350.375,353.0,-50.068004933333334,29.0,0,0.021213333333333313,0.02300000000000013
vehicle_008_session_00262,vehicle_008,262,train,127.52746418706843,26.8,329.2,330.5,332.1,333.6,-70.87236881578947,21.355263157894736,1,0.021105263157894766,0.02300000000000013
vehicle_008_session_00263,vehicle_008,263,train,130.60635216191523,21.6,326.1,327.2,328.6,329.4,-49.9802677631579,25.42105263157895,1,0.015842105263157904,0.018000000000000238
vehicle_008_session_00264,vehicle_008,264,train,127.69460890693082,16.0,325.2,326.4,328.1,329.1,-50.121060526315794,22.644736842105264,1,0.0164736842105263,0.019000000000000128
vehicle_008_session_00265,vehicle_008,265,train,131.072526293573,57.2,343.6,345.75,349.6,353.6,-74.26579749999999,27.36842105263158,1,0.025171052631578945,0.028999999999999915
vehicle_008_session_00266,vehicle_008,266,train,130.7634210179325,34.4,330.5,331.6,333.4,335.5,-70.3539519736842,25.460526315789473,1,0.021421052631578973,0.02300000000000013
vehicle_008_session_00267,vehicle_008,267,train,130.951112037037,40.4,330.5,332.0,333.3,334.7,-39.80789631578948,28.026315789473685,1,0.013565789473684236,0.016000000000000014
vehicle_008_session_00268,vehicle_008,268,train,129.15301150012863,11.2,323.5,324.95,327.75,329.6,-70.10000973333334,25.12,1,0.022666666666666658,0.025000000000000355
vehicle_008_session_00269,vehicle_008,269,train,129.85168039225795,16.8,322.7,324.4,326.4,327.7,-37.89466946666667,27.0,0,0.015453333333333302,0.018000000000000238
vehicle_008_session_00270,vehicle_008,270,train,131.05376827039936,33.6,330.2,331.5,333.2,335.0,-70.12895697368423,27.460526315789473,1,0.02140789473684212,0.02300000000000013
vehicle_008_session_00271,vehicle_008,271,train,129.92979254375402,28.4,327.5,328.4,329.4,330.3,-39.92894026315789,22.0,0,0.012486842105263173,0.014000000000000234
vehicle_008_session_00272,vehicle_008,272,train,130.0140544376694,32.0,329.7,331.35,333.0,334.9,-70.16667746666668,21.573333333333334,1,0.021226666666666685,0.022999999999999687
vehicle_008_session_00273,vehicle_008,273,train,130.59326335044284,42.4,332.2,333.4,335.2,337.5,-50.09211447368422,19.0,0,0.017026315789473702,0.020000000000000018
vehicle_008_session_00274,vehicle_008,274,train,130.3208737861337,47.2,335.8,337.45,341.4,345.8,-70.240014,24.586666666666666,1,0.026106666666666688,0.03000000000000025
vehicle_008_session_00275,vehicle_008,275,train,126.82630372222224,27.6,328.6,329.6,330.7,331.9,-50.0,22.907894736842106,1,0.015144736842105289,0.016000000000000014
vehicle_008_session_00276,vehicle_008,276,train,129.95710644005848,60.0,345.7,347.15,349.9,352.7,-49.68290473684211,24.776315789473685,1,0.021723684210526294,0.02400000000000002
vehicle_008_session_00277,vehicle_008,277,train,130.79588027146465,67.2,352.1,354.35,357.9,361.9,-69.97762986842105,23.92105263157895,1,0.023842105263157887,0.025000000000000355
vehicle_008_session_00278,vehicle_008,278,train,131.01912904647438,14.4,324.2,325.9,328.5,329.9,-70.04473934210527,21.55263157894737,1,0.02311842105263157,0.02499999999999991
vehicle_008_session_00279,vehicle_008,279,train,128.5239753545066,40.8,333.2,334.5,336.85,340.2,-69.72632842105261,21.973684210526315,2,0.02167105263157892,0.025000000000000355
vehicle_008_session_00280,vehicle_008,280,train,131.3964215369152,6.8,320.2,322.15,325.2,327.7,-70.52763434210527,24.75,1,0.02488157894736838,0.027000000000000135
vehicle_008_session_00281,vehicle_008,281,train,130.3062882277778,47.6,335.8,337.6,341.5,345.8,-70.04133653333334,26.346666666666668,1,0.026053333333333335,0.02900000000000036
vehicle_008_session_00282,vehicle_008,282,train,129.3909431989042,10.4,322.8,324.5,327.29999999999995,329.2,-70.9105247368421,28.57894736842105,1,0.023171052631578943,0.025000000000000355
vehicle_008_session_00283,vehicle_008,283,train,130.578128759058,30.0,327.5,328.9,330.1,331.1,-45.00001013333335,29.0,0,0.013893333333333337,0.016000000000000014
vehicle_008_session_00284,vehicle_008,284,train,130.08055306233064,15.6,324.7,326.25,328.70000000000005,330.0,-70.31039558441557,28.87012987012987,1,0.022714285714285697,0.02499999999999991
vehicle_008_session_00285,vehicle_008,285,train,130.27952993282008,20.0,326.6,328.4,330.2,331.3,-74.2013259210526,27.105263157894736,2,0.022868421052631566,0.0259999999999998
vehicle_008_session_00286,vehicle_008,286,train,129.45729683965402,30.8,329.9,331.05,332.625,334.2,-69.49466613333333,21.866666666666667,2,0.02085333333333334,0.022999999999999687
vehicle_008_session_00287,vehicle_008,287,train,126.82558244545919,10.0,323.6,325.75,328.55,330.3,-70.36711381578947,16.355263157894736,1,0.022157894736842085,0.02400000000000002
vehicle_008_session_00288,vehicle_008,288,train,130.97742811574074,67.6,353.0,354.95,358.70000000000005,362.8,-70.34079394736843,22.855263157894736,1,0.025236842105263148,0.027000000000000135
vehicle_008_session_00289,vehicle_008,289,train,128.46087843453915,46.4,335.0,337.15,340.875,345.5,-70.15601093333333,15.626666666666667,1,0.02553333333333334,0.03000000000000025
vehicle_008_session_00290,vehicle_008,290,train,131.15091791087963,54.0,343.2,344.5,346.6,349.1,-43.38290315789475,14.157894736842104,1,0.02303947368421052,0.0259999999999998
vehicle_008_session_00291,vehicle_008,291,train,129.35598367165244,35.6,331.0,332.2,334.1375,336.4,-69.836006,20.92,2,0.02094666666666667,0.02300000000000013
vehicle_008_session_00292,vehicle_008,292,train,128.0792262040492,17.2,326.7,328.25,330.0,331.3,-71.1289547368421,20.81578947368421,1,0.02164473684210525,0.02400000000000002
vehicle_008_session_00293,vehicle_008,293,train,129.94404441721133,56.8,343.8,346.20000000000005,349.79999999999995,353.8,-70.04605565789473,22.86842105263158,1,0.025065789473684198,0.028000000000000025
vehicle_008_session_00294,vehicle_008,294,train,129.431470610755,19.6,326.9,328.55,330.2,331.6,-74.0381607894737,23.07894736842105,2,0.022473684210526364,0.02499999999999991
vehicle_008_session_00295,vehicle_008,295,train,126.98680600255432,28.0,330.0,331.65,333.3,334.9,-70.23200933333334,15.573333333333334,1,0.020946666666666693,0.02300000000000013
vehicle_008_session_00296,vehicle_008,296,train,127.69530189095346,38.4,332.4,334.275,336.8,339.7,-70.07733879999999,16.346666666666668,2,0.021506666666666643,0.02499999999999991
vehicle_008_session_00297,vehicle_008,297,train,130.76708633286648,50.0,337.1,339.0,343.5375,347.7,-70.19334306666666,22.48,1,0.02782666666666668,0.03100000000000014
vehicle_008_session_00298,vehicle_008,298,train,133.0647571435509,40.4,332.4,334.15,336.475,339.4,-69.69201093333334,18.746666666666666,2,0.021106666666666638,0.02400000000000002
vehicle_008_session_00299,vehicle_008,299,train,125.72265171025414,22.4,327.2,328.4,329.6,330.5,-45.106676666666665,17.0,0,0.013733333333333349,0.016000000000000014
vehicle_008_session_00300,vehicle_008,300,train,129.06751621023747,48.0,335.8,337.5888888888889,341.475,346.1,-69.3560032,23.12,2,0.027079999999999996,0.03200000000000003
vehicle_008_session_00301,vehicle_008,301,train,129.6448164502818,70.4,355.7,356.20000000000005,357.45,358.9,-26.078955263157898,25.0,0,0.019210526315789497,0.02100000000000035
vehicle_008_session_00302,vehicle_008,302,train,131.5848224321706,61.2,345.8,346.6,348.0,349.4,-24.721343866666665,23.0,0,0.019199999999999974,0.020999999999999908
vehicle_008_session_00303,vehicle_008,303,train,127.10557355146558,32.8,328.5,329.6,330.4,331.3,-33.980005999999996,25.0,0,0.010879999999999985,0.01200000000000001
vehicle_008_session_00304,vehicle_008,304,train,131.0476839979092,60.4,345.5,347.0,349.5,352.1,-44.91841289473683,24.0,0,0.021881578947368377,0.02400000000000002
vehicle_008_session_00305,vehicle_008,305,train,126.13747337470451,41.6,333.6,335.25,338.0,341.9,-70.0302680263158,15.118421052631579,2,0.022999999999999975,0.02900000000000036
vehicle_008_session_00306,vehicle_008,306,train,126.79870524488307,29.2,329.6,331.1,332.8,334.7,-70.67334386666666,19.106666666666666,2,0.02098666666666668,0.02200000000000024
vehicle_008_session_00307,vehicle_008,307,train,129.35810088485664,66.4,352.1,354.20000000000005,357.6,361.8,-70.08948105263157,23.43421052631579,1,0.02498684210526314,0.026000000000000245
vehicle_008_session_00308,vehicle_008,308,train,126.65533497113454,31.2,329.2,330.2,331.5,332.8,-50.34211276315791,20.486842105263158,1,0.015026315789473707,0.016000000000000014
vehicle_008_session_00309,vehicle_008,309,train,128.12472719559315,44.4,333.6,334.79999999999995,337.1,339.9,-50.14667546666667,21.2,1,0.020493333333333322,0.027000000000000135
vehicle_008_session_00310,vehicle_008,310,train,127.75393844943578,46.4,334.6,335.9,338.55,342.1,-49.75001394736843,19.93421052631579,1,0.02336842105263157,0.03000000000000025
vehicle_008_session_00311,vehicle_008,311,train,126.11172905949932,32.8,330.2,331.0,332.4,333.8,-49.68401000000001,24.08,1,0.015186666666666687,0.017000000000000348
vehicle_008_session_00312,vehicle_008,312,train,128.6677434903607,44.0,331.7,335.5,338.5,342.8,-69.54736915789474,26.68421052631579,1,0.024486842105263137,0.03100000000000014
vehicle_008_session_00313,vehicle_008,313,train,126.56601764601139,19.6,325.5,326.0,326.9,327.5,-28.664478947368426,29.0,0,0.011486842105263115,0.015000000000000124
vehicle_008_session_00314,vehicle_008,314,train,129.5104464143991,38.8,330.8,331.79999999999995,333.3,334.9,-49.98533186666667,32.0,0,0.015893333333333346,0.017999999999999794
vehicle_008_session_00315,vehicle_008,315,train,125.0192799491627,14.0,324.2,325.5,327.4,328.6,-50.06267293333334,25.026666666666667,1,0.017239999999999985,0.019000000000000128
vehicle_008_session_00316,vehicle_008,316,train,128.22926422356096,64.4,350.7,352.29999999999995,355.85,359.7,-70.8520044,33.24,1,0.02520000000000002,0.027000000000000135
vehicle_008_session_00317,vehicle_008,317,train,127.23972387602883,43.6,334.1,335.4,338.3,342.5,-70.48289355263158,29.36842105263158,2,0.02463157894736843,0.03100000000000014
vehicle_008_session_00318,vehicle_008,318,train,129.77594310595882,72.8,357.1,358.70000000000005,362.45,366.9,-70.5552680263158,28.894736842105264,1,0.02548684210526313,0.027000000000000135
vehicle_008_session_00319,vehicle_008,319,train,126.918246474359,61.6,347.2,349.5,352.9,356.9,-69.55733906666667,28.2,1,0.02515999999999998,0.02699999999999969
vehicle_008_session_00320,vehicle_008,320,train,127.36408761981612,40.8,331.6,332.6,334.15,336.0,-44.55526671052632,26.342105263157894,1,0.01582894736842105,0.018000000000000238
vehicle_008_session_00321,vehicle_008,321,train,127.32188628027066,66.8,351.1,352.6,355.25,358.3,-49.700011710526326,23.539473684210527,1,0.022644736842105287,0.02400000000000002
vehicle_008_session_00322,vehicle_008,322,train,127.98076150579537,42.0,332.2,333.0,334.7,336.8,-49.9759976,29.986666666666668,1,0.017146666666666685,0.020000000000000018
vehicle_008_session_00323,vehicle_008,323,train,126.50940654021558,44.4,332.4,334.5,336.4,338.9,-44.851325789473684,19.723684210526315,1,0.019289473684210516,0.02400000000000002
vehicle_008_session_00324,vehicle_008,324,train,126.27737729125084,30.8,330.0,331.35,333.075,334.9,-70.4200064,19.773333333333333,2,0.020813333333333326,0.02300000000000013
vehicle_008_session_00325,vehicle_008,325,train,125.42938227298208,8.8,322.7,324.5,327.4,329.4,-69.80528105263159,22.973684210526315,1,0.02246052631578946,0.02400000000000002
vehicle_008_session_00326,vehicle_008,326,train,126.2032061734618,23.2,328.3,329.6,331.0,332.4,-70.27067946666666,24.56,1,0.020866666666666672,0.02300000000000013
vehicle_008_session_00327,vehicle_008,327,train,125.89157751024587,73.6,358.5,360.35,364.3,369.1,-75.43026513157895,29.42105263157895,1,0.026723684210526323,0.028999999999999915
vehicle_008_session_00328,vehicle_008,328,train,128.5457844566994,70.4,354.1,354.95,356.6,358.5,-29.302640789473692,29.0,0,0.020131578947368448,0.02100000000000035
vehicle_008_session_00329,vehicle_008,329,train,126.67370467085237,39.2,332.4,333.6,335.9,338.9,-70.38157710526316,27.263157894736842,2,0.022013157894736818,0.02499999999999991
vehicle_008_session_00330,vehicle_008,330,train,128.15140466645622,44.8,335.7,337.1,339.6,343.6,-70.39865706666666,30.666666666666668,1,0.025533333333333304,0.030999999999999694
vehicle_008_session_00331,vehicle_008,331,train,127.52432581714706,44.4,333.5,334.65,336.8,339.6,-50.17237934210527,28.63157894736842,1,0.02032894736842105,0.026000000000000245
vehicle_008_session_00332,vehicle_008,332,train,126.7906074832376,39.6,331.4,333.70000000000005,336.05,338.9,-69.36801,24.866666666666667,2,0.021546666666666645,0.02499999999999991
vehicle_008_session_00333,vehicle_008,333,train,127.83570290032681,56.8,343.9,345.9,349.5,353.5,-69.1539572368421,28.526315789473685,1,0.02640789473684209,0.03000000000000025
vehicle_008_session_00334,vehicle_008,334,train,125.6753606208028,24.8,328.6,329.79999999999995,331.3,332.8,-70.00800346666666,24.14666666666667,2,0.020826666666666663,0.02200000000000024
vehicle_008_session_00335,vehicle_008,335,train,128.34494321895423,54.4,341.4,343.85,347.75,351.8,-69.85000157894737,25.88157894736842,1,0.02839473684210524,0.03400000000000025
vehicle_008_session_00336,vehicle_008,336,train,125.72658212962965,38.0,332.1,333.25,335.3,338.2,-70.00666786666665,24.533333333333335,1,0.02138666666666666,0.022999999999999687
vehicle_008_session_00337,vehicle_008,337,train,127.40887115507135,51.6,338.6,341.25,345.875,350.0,-74.13600813333333,26.653333333333332,1,0.029880000000000007,0.03500000000000014
vehicle_008_session_00338,vehicle_008,338,train,125.61730467484085,21.2,327.5,328.9,330.3,331.6,-70.23468013333333,26.813333333333333,1,0.021173333333333346,0.02300000000000013
vehicle_008_session_00339,vehicle_008,339,train,126.1814467082549,26.8,327.4,328.9,329.9,331.0,-44.97895763157896,27.460526315789473,1,0.013750000000000005,0.015000000000000124
vehicle_008_session_00340,vehicle_008,340,train,127.03023783238368,50.8,337.2,338.70000000000005,342.0,345.2,-45.10395736842106,20.894736842105264,1,0.02889473684210529,0.03300000000000036
vehicle_008_session_00341,vehicle_008,341,train,127.57136187720462,47.2,334.6,336.05,338.675,342.2,-50.360002,21.093333333333334,1,0.02491999999999998,0.03200000000000003
vehicle_008_session_00342,vehicle_008,342,train,125.94415234895033,11.2,322.1,323.1,325.0,326.7,-45.11316789473685,25.105263157894736,1,0.017210526315789454,0.019000000000000128
vehicle_008_session_00343,vehicle_008,343,train,126.42462151124339,39.6,332.2,333.8,336.05,339.1,-69.19201,25.453333333333333,1,0.02137333333333333,0.02499999999999991
vehicle_008_session_00344,vehicle_008,344,train,127.8574936361567,73.2,359.1,360.75,364.35,368.6,-69.20395776315787,28.67105263157895,1,0.027210526315789508,0.029000000000000803
vehicle_008_session_00345,vehicle_008,345,train,125.746974638209,40.8,333.0,334.4,336.8375,340.2,-70.11867626666667,23.786666666666665,2,0.022413333333333292,0.027000000000000135
vehicle_008_session_00346,vehicle_008,346,train,128.11325013651472,50.8,337.7,339.75,344.35,348.6,-71.27764592105262,30.289473684210527,1,0.030039473684210526,0.03400000000000025
vehicle_008_session_00347,vehicle_008,347,train,127.83801453960908,43.6,333.6,335.0,337.75,341.6,-69.7160116,31.586666666666666,1,0.024279999999999986,0.03100000000000014
vehicle_008_session_00348,vehicle_008,348,train,127.70096702327328,48.8,336.6,338.3,342.4375,346.9,-71.48800680000001,31.773333333333333,1,0.029560000000000006,0.03400000000000025
vehicle_008_session_00349,vehicle_008,349,train,127.7600446668837,14.0,324.2,325.8,328.4,329.9,-70.09079815789472,28.75,1,0.02265789473684211,0.026000000000000245
vehicle_008_session_00350,vehicle_008,350,train,126.13598940373564,39.6,334.9,335.25,336.975,339.7,-69.99866653333333,31.64,1,0.022093333333333305,0.025000000000000355
vehicle_008_session_00351,vehicle_008,351,train,126.59481709259262,37.6,331.6,333.0,335.0,337.7,-70.05132092105264,32.03947368421053,2,0.021723684210526308,0.02300000000000013
vehicle_008_session_00352,vehicle_008,352,train,127.23932896604941,43.6,333.0,333.85,335.7,337.8,-45.19737855263159,27.960526315789473,1,0.018565789473684223,0.02300000000000013
vehicle_008_session_00353,vehicle_008,353,train,125.33459756775066,16.0,324.1,325.3,327.2,328.3,-45.086676800000006,30.0,0,0.017199999999999993,0.020000000000000018
vehicle_008_session_00354,vehicle_008,354,train,125.98556807458144,39.2,329.9,331.4,332.5,333.6,-29.08816473684211,25.0,0,0.013000000000000017,0.015000000000000124
vehicle_008_session_00355,vehicle_008,355,train,114.42409031635803,21.2,325.3,325.6,325.9,326.3,-8.881583684210526,17.0,0,0.007868421052631594,0.009999999999999787
vehicle_008_session_00356,vehicle_008,356,train,125.36332185430464,23.6,328.6,329.9,331.35,332.7,-70.05200413333334,19.333333333333332,2,0.02059999999999997,0.02200000000000024
vehicle_008_session_00357,vehicle_008,357,train,127.5321969658619,50.0,337.4,339.45000000000005,343.85,348.2,-69.98552749999999,23.657894736842106,1,0.030342105263157924,0.03400000000000025
vehicle_008_session_00358,vehicle_008,358,train,125.61206657242066,41.6,333.2,334.95,337.7,341.6,-70.05200693333333,20.586666666666666,1,0.0234133333333333,0.03000000000000025
vehicle_008_session_00359,vehicle_008,359,train,127.23399569515308,56.8,343.6,346.20000000000005,349.79999999999995,353.8,-70.07467173333333,22.92,1,0.027853333333333317,0.03200000000000003
vehicle_008_session_00360,vehicle_008,360,train,128.09081802761813,62.8,349.4,351.20000000000005,354.79999999999995,358.9,-71.96184815789472,22.30263157894737,1,0.026578947368421063,0.028000000000000025
vehicle_008_session_00361,vehicle_008,361,train,127.18774196019476,48.8,336.8,338.55,342.9,347.5,-70.24343539473682,24.013157894736842,2,0.03022368421052634,0.03400000000000025
vehicle_008_session_00362,vehicle_008,362,train,125.19203673371648,28.4,329.4,330.7,332.4,334.1,-70.26317421052632,22.539473684210527,1,0.021039473684210518,0.02300000000000013
vehicle_008_session_00363,vehicle_008,363,train,126.73054472391601,64.8,351.1,353.25,356.8,360.8,-70.23817078947366,24.263157894736842,1,0.02736842105263157,0.02900000000000036
vehicle_008_session_00364,vehicle_008,364,train,127.12044686334826,38.0,331.7,333.1,335.2,337.8,-70.29467559999999,22.453333333333333,1,0.02134666666666665,0.02300000000000013
vehicle_008_session_00365,vehicle_008,365,train,127.26759203232548,52.4,337.4,339.75,343.1,345.8,-37.79473342105263,19.0,0,0.03069736842105263,0.03500000000000014
vehicle_008_session_00366,vehicle_008,366,train,126.28770353579813,39.2,332.2,333.6,336.0,338.9,-69.70134359999999,23.533333333333335,1,0.021666666666666654,0.02499999999999991
vehicle_008_session_00367,vehicle_008,367,train,126.16991369047619,36.0,329.2,330.9,332.2,333.8,-44.76184315789474,25.657894736842106,1,0.014355263157894746,0.016000000000000014
vehicle_008_session_00368,vehicle_008,368,train,126.59100348996353,42.8,333.5,335.1,337.9,342.1,-70.52500815789475,29.67105263157895,1,0.02446052631578944,0.03200000000000003
vehicle_008_session_00369,vehicle_008,369,train,126.55891613562095,36.8,331.3,332.6,334.6,337.1,-70.36400133333332,27.2,2,0.021506666666666677,0.02300000000000013
vehicle_008_session_00370,vehicle_008,370,train,127.54691834069172,37.2,331.4,332.6,334.65,337.1,-70.04342671052632,31.894736842105264,1,0.02147368421052637,0.02300000000000013
vehicle_008_session_00371,vehicle_008,371,train,127.87222781221308,49.2,336.9,338.7125,343.075,347.4,-70.1466752,27.813333333333333,1,0.030159999999999996,0.03400000000000025
vehicle_008_session_00372,vehicle_008,372,train,126.79462547782877,44.0,334.1,334.95,336.4,338.6,-45.20264184210527,32.0,0,0.019328947368421064,0.02400000000000002
vehicle_008_session_00373,vehicle_008,373,train,127.70803714304256,50.0,336.3,337.6,340.4,343.6,-45.10267666666667,28.0,0,0.02818666666666665,0.03299999999999992
vehicle_008_session_00374,vehicle_008,374,train,126.38281471853493,7.2,321.7,323.55,326.3,328.6,-70.1263255263158,25.92105263157895,1,0.023947368421052606,0.026000000000000245
vehicle_008_session_00375,vehicle_008,375,train,124.46889878375238,26.4,328.9,330.4,331.9,333.5,-70.17895460526316,23.63157894736842,1,0.0207763157894737,0.02300000000000013
vehicle_008_session_00376,vehicle_008,376,train,128.77288367616035,53.6,338.6,341.05,343.975,346.8,-44.894676800000006,31.026666666666667,1,0.028786666666666686,0.03400000000000025
vehicle_008_session_00377,vehicle_008,377,train,129.2441327592593,61.6,345.0,347.0,349.6,351.9,-37.72933298666667,26.0,0,0.022226666666666648,0.02400000000000002
vehicle_008_session_00378,vehicle_008,378,train,125.78442319444449,16.8,324.2,324.9,326.0,326.9,-26.075010000000006,31.0,0,0.015631578947368364,0.017999999999999794
vehicle_008_session_00379,vehicle_008,379,train,126.21466475970016,48.8,337.1,337.8,339.0,340.7,-26.102641578947374,33.0,0,0.0242631578947368,0.03000000000000025
vehicle_008_session_00380,vehicle_008,380,train,128.652435225827,45.2,333.2,334.1,336.0,338.2,-45.112010000000005,32.0,0,0.019119999999999977,0.02400000000000002
vehicle_008_session_00381,vehicle_008,381,train,127.31541948667422,68.4,353.6,355.25,358.9,363.0,-70.1226744,28.0,0,0.025800000000000024,0.027000000000000135
vehicle_008_session_00382,vehicle_008,382,train,126.21306953502416,14.8,324.7,326.35,328.8,330.2,-70.13027157894737,31.94736842105263,1,0.022815789473684234,0.02499999999999991
vehicle_008_session_00383,vehicle_008,383,train,127.45161406859161,52.4,338.9,341.25,345.7,349.6,-70.06133759999999,29.786666666666665,1,0.030866666666666678,0.03600000000000003
vehicle_008_session_00384,vehicle_008,384,train,125.3626589183273,17.2,326.3,327.6,329.5,330.7,-69.96052565789473,31.144736842105264,1,0.022328947368421042,0.02499999999999991
vehicle_008_session_00385,vehicle_008,385,train,126.66650920548996,47.2,335.7,337.29999999999995,341.25,346.3,-73.98026526315789,30.276315789473685,1,0.029499999999999988,0.03400000000000025
vehicle_008_session_00386,vehicle_008,386,train,126.91232392697137,35.6,331.3,332.325,334.2,336.6,-70.6906772,33.08,1,0.021933333333333346,0.02400000000000002
vehicle_008_session_00387,vehicle_008,387,train,126.20620105555555,38.0,331.6,333.0,335.1,337.8,-70.37105184210527,33.46052631578947,1,0.02188157894736843,0.02400000000000002
vehicle_008_session_00388,vehicle_008,388,train,127.58040213868762,42.4,333.5,334.7,337.2,340.8,-70.06934,35.50666666666667,1,0.023773333333333313,0.029999999999999805
vehicle_008_session_00389,vehicle_008,389,train,126.27264894924375,21.6,327.4,328.70000000000005,330.1,331.4,-70.01052736842105,31.31578947368421,1,0.0214605263157895,0.02400000000000002
vehicle_008_session_00390,vehicle_008,390,train,124.85174038194445,25.2,326.3,327.75,329.1,329.9,-37.75657839473684,32.0,0,0.0122763157894737,0.014000000000000234
vehicle_008_session_00391,vehicle_008,391,train,125.93460211867931,30.8,329.9,331.05,332.75,334.7,-70.10263828947369,24.5,1,0.021052631578947375,0.02200000000000024
vehicle_008_session_00392,vehicle_008,392,train,127.4358485705596,42.8,333.6,335.04999999999995,337.75,342.1,-73.59869184210525,25.657894736842106,1,0.02551315789473683,0.03299999999999992
vehicle_008_session_00393,vehicle_008,393,train,125.39401768369177,35.6,331.6,332.9,334.9,337.4,-69.67067666666667,23.386666666666667,1,0.021280000000000018,0.02200000000000024
vehicle_008_session_00394,vehicle_008,394,train,128.46061901135008,60.4,347.1,348.85,352.45,356.4,-70.0605319736842,25.0,0,0.026631578947368433,0.028999999999999915
vehicle_008_session_00395,vehicle_008,395,train,125.62397372512439,29.2,330.7,331.0,332.2,333.8,-70.07869573770492,26.540983606557376,1,0.021065573770491827,0.02300000000000013
vehicle_008_session_00396,vehicle_008,396,train,127.01337505182418,56.4,345.5,346.3,349.4,353.3,-70.01803459016394,30.0,0,0.028032786885245888,0.03000000000000025
vehicle_008_session_00397,vehicle_008,397,train,126.33884023268399,10.4,324.4,324.9,327.1,328.9,-70.11640032786886,37.01639344262295,0,0.023360655737704916,0.0259999999999998
vehicle_008_session_00398,vehicle_008,398,train,125.6052404380342,41.2,335.5,335.8,337.7,340.8,-69.99180737704918,39.73770491803279,1,0.02319672131147541,0.028000000000000025
vehicle_008_session_00399,vehicle_008,399,train,129.00282964409718,67.6,354.9,355.7,358.8,362.8,-69.96393836065573,42.0,0,0.027065573770491815,0.028999999999999915
vehicle_008_session_00400,vehicle_008,400,train,125.44161810446016,39.2,333.5,333.9,335.8,338.8,-70.15738737704918,33.47540983606557,1,0.022524590163934412,0.02499999999999991
vehicle_008_session_00401,vehicle_008,401,train,125.43962711864404,67.6,355.2,355.8,358.9,363.0,-70.02295639344261,36.0,0,0.027081967213114736,0.02800000000000047
vehicle_008_session_00402,vehicle_008,402,train,126.02715296717174,33.2,329.4,331.4,333.0,335.0,-69.54426327868853,35.26229508196721,1,0.02173770491803281,0.02400000000000002
vehicle_008_session_00403,vehicle_008,403,train,126.22958803104578,55.2,344.3,345.0,348.2,352.1,-69.83935114754098,37.75409836065574,1,0.02855737704918032,0.03100000000000014
vehicle_008_session_00404,vehicle_008,404,train,126.79130065724212,43.2,333.8,334.9,337.5,341.4,-70.03934770491803,34.557377049180324,1,0.024934426229508196,0.03200000000000003
vehicle_008_session_00405,vehicle_008,405,train,125.99306191239315,65.6,353.3,354.1,357.2,361.1,-69.99836295081967,36.50819672131148,1,0.02714754098360655,0.028999999999999915
vehicle_008_session_00406,vehicle_008,406,train,126.83379919962331,46.8,335.2,336.8,340.0,344.7,-69.94917524590164,33.34426229508197,1,0.028442622950819677,0.03399999999999981
vehicle_008_session_00407,vehicle_008,407,train,128.32668683619286,70.4,357.1,357.8,361.1,365.2,-70.0,35.0,0,0.027000000000000027,0.02800000000000047
vehicle_008_session_00408,vehicle_008,408,train,124.05640005446628,34.0,331.1,331.4,332.2,333.3,-45.100010000000005,32.63934426229508,1,0.014393442622950822,0.015000000000000124
vehicle_008_session_00409,vehicle_008,409,train,125.7381127420034,17.6,328.6,328.9,329.9,331.0,-69.89672147540983,34.0655737704918,1,0.02175409836065578,0.02400000000000002
vehicle_008_session_00410,vehicle_008,410,train,123.52115588173399,44.0,337.2,337.7,339.9,343.9,-69.86721885245903,37.34426229508197,1,0.02631147540983606,0.03200000000000003
vehicle_008_session_00411,vehicle_008,411,train,124.56323611111115,37.6,333.5,333.8,335.3,337.7,-69.90819803278687,37.868852459016395,1,0.02218032786885247,0.02300000000000013
vehicle_008_session_00412,vehicle_008,412,train,127.351202436067,68.0,354.9,355.7,358.8,362.8,-69.87541672131148,40.59016393442623,1,0.027196721311475384,0.028999999999999915
vehicle_008_session_00413,vehicle_008,413,train,128.8453654684096,66.0,352.1,352.5,354.7,357.5,-49.79838049180331,39.0,0,0.024327868852459047,0.025000000000000355
vehicle_008_session_00414,vehicle_008,414,train,129.3509791666667,70.0,356.4,357.2,360.5,364.7,-70.73935819672131,34.65573770491803,1,0.026688524590163944,0.02800000000000047
vehicle_008_session_00415,vehicle_008,415,train,124.89530064102566,36.4,332.7,333.2,334.6,336.8,-70.0180355737705,38.47540983606557,1,0.02244262295081967,0.02400000000000002
vehicle_008_session_00416,vehicle_008,416,train,127.24469291258174,62.4,350.2,351.0,353.9,357.8,-69.96557409836066,41.0,0,0.027163934426229525,0.02900000000000036
vehicle_008_session_00417,vehicle_008,417,train,127.47580839646464,66.0,353.2,353.9,356.9,360.8,-70.00000442622951,38.0,0,0.027098360655737706,0.02900000000000036
vehicle_008_session_00418,vehicle_008,418,train,126.12821491500833,37.2,333.6,333.9,335.3,337.7,-69.94917967213114,39.19672131147541,1,0.022295081967213085,0.02400000000000002
vehicle_008_session_00419,vehicle_008,419,train,127.11931988636364,64.4,352.1,352.8,355.8,359.7,-69.91803409836064,42.0,0,0.02711475409836066,0.028999999999999915
vehicle_008_session_00420,vehicle_008,420,train,127.97087541666667,15.6,324.9,325.5,327.1,328.5,-49.79837786885248,34.032786885245905,0,0.017852459016393426,0.020000000000000018
vehicle_008_session_00421,vehicle_008,421,train,124.32542599686384,35.6,332.2,332.5,333.3,334.7,-49.79837852459018,35.78688524590164,1,0.016016393442622977,0.017000000000000348
vehicle_008_session_00422,vehicle_008,422,train,124.24280581944447,48.8,337.7,338.0,339.9,343.0,-45.200010000000006,37.01639344262295,1,0.026655737704918032,0.03100000000000014
vehicle_008_session_00423,vehicle_008,423,train,127.89930090890522,59.2,346.0,347.8,351.3,355.3,-70.25246836065575,29.983606557377048,1,0.027606557377049146,0.03100000000000014
vehicle_008_session_00424,vehicle_008,424,train,127.24468933823526,22.4,329.4,329.7,330.7,332.1,-69.99836049180328,35.721311475409834,1,0.021475409836065603,0.02300000000000013
vehicle_008_session_00425,vehicle_008,425,train,123.85749609969557,50.0,340.8,341.6,344.9,348.8,-70.0,39.08196721311475,1,0.030180327868852476,0.03299999999999992
vehicle_008_session_00426,vehicle_008,426,train,124.7035506715507,25.2,330.2,330.5,331.4,332.7,-70.69509196721312,33.114754098360656,1,0.02162295081967213,0.02300000000000013
vehicle_008_session_00427,vehicle_008,427,train,128.15178079462666,61.6,349.9,350.8,353.8,357.7,-70.770508852459,37.721311475409834,1,0.02760655737704922,0.02900000000000036
vehicle_008_session_00428,vehicle_008,428,train,126.18058347222225,53.2,341.3,341.9,344.1,346.8,-45.19837065573771,37.24590163934426,1,0.028213114754098385,0.03100000000000014
vehicle_008_session_00429,vehicle_008,429,train,124.04538070066336,43.2,335.8,336.3,338.5,341.9,-70.39998999999999,38.9344262295082,2,0.025098360655737662,0.03200000000000003
vehicle_008_session_00430,vehicle_008,430,train,127.26464704585537,70.0,356.6,357.4,360.7,364.7,-70.40654803278689,41.0,0,0.027950819672131134,0.03000000000000025
vehicle_008_session_00431,vehicle_008,431,train,125.73832919103317,28.0,329.6,329.9,330.7,331.7,-50.100010000000005,36.60655737704918,1,0.015672131147540982,0.017000000000000348
vehicle_008_session_00432,vehicle_008,432,train,124.72486766247377,51.2,340.0,340.7,343.3,346.1,-50.100010000000005,39.0,0,0.0295409836065574,0.03299999999999992
vehicle_008_session_00433,vehicle_008,433,train,125.35200959967328,72.4,358.2,358.8,361.1,363.9,-50.100010000000005,40.0,0,0.024590163934426187,0.02600000000000069
vehicle_008_session_00434,vehicle_008,434,train,125.63621746794871,46.8,337.4,338.0,341.0,345.5,-69.98852344262295,33.59016393442623,1,0.029672131147540977,0.03500000000000014
vehicle_008_session_00435,vehicle_008,435,train,124.54469575471698,72.8,359.7,360.7,363.8,368.0,-70.0541037704918,35.9344262295082,1,0.027885245901639315,0.029000000000000803
vehicle_008_session_00436,vehicle_008,436,train,126.8382352941177,55.2,343.0,343.5,345.7,348.3,-45.0,36.868852459016395,1,0.027934426229508192,0.03200000000000003
vehicle_008_session_00437,vehicle_008,437,train,128.10934552015246,52.0,338.9,339.6,342.1,345.0,-45.0,34.0,0,0.030737704918032807,0.03400000000000025
vehicle_008_session_00438,vehicle_008,438,train,125.1537799823633,15.2,326.0,326.6,328.8,330.2,-70.12459770491805,34.81967213114754,1,0.02295081967213116,0.02499999999999991
vehicle_008_session_00439,vehicle_008,439,train,123.8247122790404,40.4,335.0,335.5,337.2,340.2,-70.0639393442623,37.47540983606557,1,0.022967213114754068,0.027000000000000135
vehicle_008_session_00440,vehicle_008,440,train,126.36271123633884,67.2,354.6,355.2,358.3,362.4,-70.01147885245902,40.0,0,0.027606557377049198,0.029000000000000803
vehicle_008_session_00441,vehicle_008,441,train,127.07044881687244,25.2,329.4,329.6,330.2,331.1,-49.904908524590155,35.721311475409834,1,0.015442622950819647,0.016999999999999904
vehicle_008_session_00442,vehicle_008,442,train,127.2862996794872,66.8,353.3,353.8,356.0,358.8,-49.899989999999995,39.0,0,0.024688524590163925,0.026000000000000245
vehicle_008_session_00443,vehicle_008,443,train,124.46742774714049,53.2,344.7,345.5,348.2,351.6,-60.052462459016404,31.262295081967213,1,0.028524590163934438,0.03200000000000003
vehicle_008_session_00444,vehicle_008,444,train,125.20037209027778,69.2,356.1,357.1,360.2,364.3,-69.22132360655738,35.032786885245905,1,0.027131147540983596,0.029000000000000803
vehicle_008_session_00445,vehicle_008,445,train,125.98640536971834,48.4,338.6,339.3,342.4,346.6,-70.00163950819672,35.26229508196721,1,0.030163934426229534,0.03400000000000025
vehicle_008_session_00446,vehicle_008,446,train,125.88991859567896,46.8,336.3,337.7,340.8,345.5,-69.94754262295082,34.22950819672131,1,0.029901639344262293,0.03500000000000014
vehicle_008_session_00447,vehicle_008,447,train,126.95188923611111,61.2,347.5,349.1,352.5,356.4,-69.92295491803279,36.80327868852459,1,0.027344262295081977,0.02900000000000036
vehicle_008_session_00448,vehicle_008,448,train,127.3093121260684,53.2,341.8,342.7,346.4,350.5,-70.08689393442624,35.98360655737705,1,0.031311475409836066,0.03600000000000003
vehicle_008_session_00449,vehicle_008,449,train,128.55985069444444,63.2,351.0,351.8,354.9,358.8,-70.43933819672132,35.0,0,0.0273114754098361,0.028999999999999915
vehicle_008_session_00450,vehicle_008,450,train,127.06041586061505,44.8,334.1,335.7,338.6,342.8,-69.24263721311476,34.98360655737705,2,0.02662295081967209,0.03399999999999981
vehicle_008_session_00451,vehicle_008,451,train,127.28352287581706,67.2,354.6,355.3,358.5,362.5,-69.2459162295082,37.0,0,0.027557377049180293,0.02900000000000036
vehicle_008_session_00452,vehicle_008,452,train,128.00021034621577,56.4,344.7,345.5,348.8,352.8,-71.00819754098362,36.032786885245905,1,0.029655737704918028,0.03500000000000014
vehicle_008_session_00453,vehicle_008,453,train,123.41610567129634,30.0,331.1,331.4,332.7,334.6,-70.19345278688525,33.98360655737705,1,0.02170491803278689,0.02300000000000013
vehicle_008_session_00454,vehicle_008,454,train,124.91823748172516,54.0,344.1,344.9,348.2,351.9,-70.10328852459017,36.85245901639344,1,0.029704918032786874,0.03399999999999981
vehicle_008_session_00455,vehicle_008,455,train,126.8262759502924,52.4,341.3,342.2,345.5,349.4,-69.8541037704918,39.557377049180324,1,0.03100000000000003,0.03500000000000014
vehicle_008_session_00456,vehicle_008,456,train,128.77928628812634,75.6,361.1,362.1,365.3,369.6,-69.86393852459017,40.50819672131148,1,0.02855737704918037,0.03000000000000025
vehicle_008_session_00457,vehicle_008,457,train,126.8694037858423,40.4,334.7,335.2,336.9,339.9,-69.91967655737704,35.21311475409836,2,0.02322950819672128,0.028000000000000025
vehicle_008_session_00458,vehicle_008,458,train,127.54144914874549,65.6,353.6,354.3,357.4,361.4,-69.92950918032787,37.85245901639344,1,0.027901639344262322,0.02900000000000036
vehicle_008_session_00459,vehicle_008,459,train,124.42905063505118,27.6,331.1,331.3,332.43,333.9,-69.96229770491804,35.24590163934426,1,0.021508196721311486,0.02300000000000013
vehicle_008_session_00460,vehicle_008,460,train,126.83717469941958,58.4,347.7,348.6,351.6,355.5,-69.93115032786886,39.0,0,0.02836065573770489,0.03000000000000025
vehicle_008_session_00461,vehicle_008,461,train,127.68521875000003,66.4,353.6,354.3,357.5,361.4,-69.27378721311476,34.67213114754098,1,0.02711475409836064,0.028999999999999915
vehicle_008_session_00462,vehicle_008,462,train,124.66503656045752,26.8,331.0,331.3,332.4,333.9,-74.00164196721312,36.131147540983605,1,0.022852459016393465,0.02400000000000002
vehicle_008_session_00463,vehicle_008,463,train,126.12342703938113,54.4,344.6,345.3,348.8,352.7,-73.94754622950819,39.0,0,0.03011475409836066,0.03300000000000036
vehicle_008_session_00464,vehicle_008,464,train,128.1392687777778,67.6,353.8,354.6,357.7,361.9,-69.95901901639346,39.0,0,0.02726229508196723,0.02900000000000036
vehicle_008_session_00465,vehicle_008,465,train,128.02851673611116,55.6,341.6,343.4,346.8,350.2,-60.128007866666664,34.906666666666666,1,0.030706666666666653,0.03799999999999981
vehicle_008_session_00466,vehicle_008,466,train,125.921076754386,30.0,331.0,331.1,331.9,333.0,-52.200010000000006,33.50819672131148,1,0.01616393442622952,0.017000000000000348
vehicle_008_session_00467,vehicle_008,467,train,128.46493689083826,72.8,358.5,359.1,361.6,364.7,-52.200010000000006,37.0,0,0.025557377049180322,0.027000000000000135
vehicle_008_session_00468,vehicle_008,468,train,123.4255801323785,28.8,329.7,330.7,332.2,333.9,-70.22459901639344,31.78688524590164,1,0.02142622950819673,0.02300000000000013
vehicle_008_session_00469,vehicle_008,469,train,126.1667845179739,54.4,344.4,345.3,348.6,352.4,-70.18197688524589,34.90163934426229,1,0.030000000000000044,0.03300000000000036
vehicle_008_session_00470,vehicle_008,470,train,125.73337758751906,24.4,326.1,328.5,329.6,330.7,-49.51968229508197,32.0,0,0.015311475409836076,0.017000000000000348
vehicle_008_session_00471,vehicle_008,471,train,123.88023301091269,54.0,342.7,343.3,345.8,348.6,-50.200010000000006,35.50819672131148,1,0.029081967213114755,0.03299999999999992
vehicle_008_session_00472,vehicle_008,472,train,123.85835805555557,50.8,339.6,340.0,342.5,345.7,-50.100010000000005,34.78688524590164,1,0.029655737704918063,0.03200000000000003
vehicle_008_session_00473,vehicle_008,473,train,125.77590587121216,70.8,356.6,357.2,359.4,362.4,-50.100010000000005,36.0,0,0.025377049180327804,0.027000000000000135
vehicle_008_session_00474,vehicle_008,474,train,124.1463752620545,49.2,338.8,339.4,341.9,345.3,-55.083614098360655,36.0,0,0.029606557377049203,0.03300000000000036
vehicle_008_session_00475,vehicle_008,475,train,127.22467750974661,70.4,356.9,357.4,359.9,363.2,-55.10328770491804,37.21311475409836,1,0.025967213114754084,0.027000000000000135
vehicle_008_session_00476,vehicle_008,476,train,127.38512065972222,66.0,353.6,354.4,357.4,361.4,-70.10000557377049,35.85245901639344,1,0.027950819672131106,0.02900000000000036
vehicle_008_session_00477,vehicle_008,477,train,128.0021903503317,13.6,324.9,325.7,327.8,329.6,-70.1721381967213,38.0,0,0.023245901639344223,0.0259999999999998
vehicle_008_session_00478,vehicle_008,478,train,124.1891761052426,40.4,335.0,335.5,337.2,340.0,-70.15574393442623,40.131147540983605,2,0.02324590163934425,0.027000000000000135
vehicle_008_session_00479,vehicle_008,479,train,128.055570915725,68.8,356.0,356.8,359.9,363.9,-70.15246786885244,42.0,0,0.028278688524590114,0.03000000000000025
vehicle_008_session_00480,vehicle_008,480,train,124.10828693639294,40.0,334.9,335.2,337.1,339.9,-70.47212836065573,39.47540983606557,1,0.0235409836065574,0.027000000000000135
vehicle_008_session_00481,vehicle_008,481,train,125.3337849462365,67.6,355.2,356.0,359.1,363.2,-70.47868639344263,42.0,0,0.02845901639344262,0.03000000000000025
vehicle_008_session_00482,vehicle_008,482,train,125.26349560866015,33.6,332.4,332.7,333.9,336.0,-70.10164868852459,35.42622950819672,1,0.022065573770491818,0.02300000000000013
vehicle_008_session_00483,vehicle_008,483,train,127.64971704234979,61.2,349.9,350.7,353.6,357.5,-70.07705639344263,38.0,0,0.028442622950819663,0.03000000000000025
vehicle_008_session_00484,vehicle_008,484,train,126.52887017963435,19.6,326.1,327.2,328.85,329.9,-60.0631625,32.80263157894737,1,0.019828947368421043,0.02300000000000013
vehicle_008_session_00485,vehicle_008,485,train,126.00399898947434,7.6,320.3,322.29999999999995,324.65,327.1,-59.85000486842105,31.0,0,0.020749999999999977,0.02400000000000002
vehicle_008_session_00486,vehicle_008,486,train,124.37190433250417,35.6,331.0,332.1,333.8,336.1,-70.55738196721312,35.01639344262295,2,0.02185245901639348,0.02300000000000013
vehicle_008_session_00487,vehicle_008,487,train,125.87058881843801,62.4,350.0,350.8,353.9,357.8,-70.60328852459017,38.0,0,0.028622950819672147,0.03000000000000025
vehicle_008_session_00488,vehicle_008,488,train,124.3218019661275,2.8,318.8,320.3,323.2,325.3,-59.78948,34.0,0,0.02331578947368422,0.028000000000000025
vehicle_008_session_00489,vehicle_008,489,train,125.89223704117062,27.2,329.2,330.3,331.7,333.5,-70.47868639344263,32.721311475409834,1,0.021540983606557408,0.02300000000000013
vehicle_008_session_00490,vehicle_008,490,train,123.38880262445889,50.0,340.7,341.4,344.9,348.9,-70.50327901639345,35.78688524590164,1,0.031557377049180324,0.03400000000000025
vehicle_008_session_00491,vehicle_008,491,train,129.5207103077343,77.2,362.2,363.2,366.6,371.0,-70.04098868852459,32.0,0,0.028409836065573853,0.03000000000000025
vehicle_008_session_00492,vehicle_008,492,train,126.09098631944444,13.6,323.9,324.4,326.0,327.4,-46.20000180327868,40.0,0,0.01759016393442617,0.020000000000000018
vehicle_008_session_00493,vehicle_008,493,train,125.45320504148629,23.6,330.0,330.2,331.3,332.5,-72.08361475409836,38.59016393442623,1,0.022229508196721325,0.02400000000000002
vehicle_008_session_00494,vehicle_008,494,train,125.81550139853397,54.8,344.1,344.9,348.2,352.2,-72.03770868852459,42.36065573770492,1,0.030409836065573778,0.03400000000000025
vehicle_008_session_00495,vehicle_008,495,train,120.16259095528454,23.6,329.4,330.0,331.3,333.0,-69.8606562295082,29.360655737704917,1,0.021196721311475413,0.02200000000000024
vehicle_008_session_00496,vehicle_008,496,train,121.44659473536035,56.4,346.9,347.5,350.7,354.6,-69.92130360655737,33.63934426229508,1,0.029721311475409795,0.03299999999999992
vehicle_008_session_00497,vehicle_008,497,train,124.39181759982634,66.8,354.1,354.9,358.0,362.2,-69.97704688524591,37.0,0,0.027950819672131134,0.02900000000000036
vehicle_008_session_00498,vehicle_008,498,train,121.34232671568628,32.0,330.7,331.9,333.8,336.0,-73.87869278688525,31.016393442622952,2,0.02285245901639343,0.02400000000000002
vehicle_008_session_00499,vehicle_008,499,train,123.75417449074075,66.0,354.1,354.9,358.2,362.5,-73.90328213114755,34.83606557377049,1,0.029442622950819654,0.03100000000000014
vehicle_008_session_00500,vehicle_008,500,train,121.29157274519893,38.4,334.1,334.6,336.3,339.1,-71.41966409836066,37.52459016393443,1,0.023311475409836045,0.027000000000000135
vehicle_008_session_00501,vehicle_008,501,train,123.42352382330246,63.6,351.6,352.4,355.5,359.6,-70.52131360655737,34.049180327868854,1,0.028852459016393453,0.03000000000000025
vehicle_008_session_00502,vehicle_008,502,train,122.61152517361114,65.2,351.8,353.3,356.8,360.8,-70.0983693442623,35.85245901639344,1,0.02767213114754101,0.02900000000000036
vehicle_008_session_00503,vehicle_008,503,train,123.4928673048048,48.8,338.8,339.4,342.7,346.9,-70.00163950819672,37.868852459016395,1,0.0318524590163935,0.03600000000000003
vehicle_008_session_00504,vehicle_008,504,train,120.30565556533648,37.6,333.9,334.2,336.0,338.6,-69.88032901639345,37.83606557377049,1,0.022754098360655742,0.026000000000000245
vehicle_008_session_00505,vehicle_008,505,train,124.38266579861117,66.4,353.8,354.4,357.5,361.6,-69.8688544262295,40.0,0,0.028852459016393425,0.03100000000000014
vehicle_008_session_00506,vehicle_008,506,train,122.59696868448637,43.2,333.9,335.0,337.7,341.4,-70.3491855737705,40.16393442622951,2,0.025950819672131115,0.03299999999999992
vehicle_008_session_00507,vehicle_008,507,train,122.64477150974027,46.8,337.7,338.3,341.1,345.7,-70.80985311475409,39.377049180327866,1,0.030754098360655742,0.03600000000000003
vehicle_008_session_00508,vehicle_008,508,train,123.39090287698416,56.8,345.5,346.3,349.4,353.5,-70.26395081967213,39.0,0,0.030245901639344236,0.03400000000000025
vehicle_008_session_00509,vehicle_008,509,train,123.24930909722225,58.8,345.7,347.2,350.7,354.6,-69.89016409836066,39.0,0,0.02913114754098363,0.03299999999999992
vehicle_008_session_00510,vehicle_008,510,train,125.00000000000001,21.6,327.7,328.0,328.9,329.7,-45.0,39.0,0,0.015098360655737745,0.018000000000000238
vehicle_008_session_00511,vehicle_008,511,train,120.64380248199592,27.2,327.8,328.9,329.9,330.8,-44.96066573770492,39.0,0,0.014278688524590164,0.016000000000000014
vehicle_008_session_00512,vehicle_008,512,train,122.06269569268638,29.6,329.7,330.7,332.2,333.9,-70.1623050819672,37.967213114754095,1,0.021737704918032803,0.02300000000000013
vehicle_008_session_00513,vehicle_008,513,train,123.22107176282056,61.2,349.3,350.0,353.2,357.1,-70.21476573770491,41.21311475409836,1,0.02901639344262295,0.03100000000000014
vehicle_008_session_00514,vehicle_008,514,train,125.0677374772313,69.6,355.8,356.6,359.7,363.8,-69.94917524590164,43.49180327868852,1,0.028868852459016388,0.03000000000000025
vehicle_008_session_00515,vehicle_008,515,train,121.79237277777777,37.2,331.4,331.7,333.0,334.4,-45.76557475409836,35.0,0,0.016327868852459022,0.019000000000000128
vehicle_008_session_00516,vehicle_008,516,train,125.64574149865592,72.0,356.9,357.4,359.3,361.6,-42.43115721311476,37.0,0,0.025114754098360635,0.026000000000000245
vehicle_008_session_00517,vehicle_008,517,train,123.95437847222225,16.0,326.4,327.1,329.1,330.5,-70.53442967213115,40.0,0,0.023557377049180317,0.0259999999999998
vehicle_008_session_00518,vehicle_008,518,train,121.75000967261902,44.4,336.9,337.4,339.7,343.8,-70.58197508196722,43.16393442622951,1,0.02772131147540979,0.03500000000000014
vehicle_008_session_00519,vehicle_008,519,train,123.92299906994053,72.4,358.9,359.6,362.7,366.8,-67.92950114754098,45.0,0,0.029049180327868847,0.03000000000000025
vehicle_008_session_00520,vehicle_008,520,train,121.75831211419752,25.2,330.3,330.5,331.4,333.0,-70.13115754098362,40.9344262295082,1,0.021737704918032796,0.02300000000000013
vehicle_008_session_00521,vehicle_008,521,train,121.40678561658245,54.0,343.5,344.3,347.5,351.3,-69.60656606557377,44.19672131147541,1,0.0312950819672131,0.03500000000000014
vehicle_008_session_00522,vehicle_008,522,train,122.37468136935763,14.4,327.2,327.7,328.9,330.2,-70.06066032786886,40.377049180327866,0,0.02255737704918034,0.02499999999999991
vehicle_008_session_00523,vehicle_008,523,train,125.21061760018218,40.4,334.9,335.2,336.9,339.7,-70.08197327868852,42.60655737704918,1,0.023213114754098322,0.026000000000000245
vehicle_008_session_00524,vehicle_008,524,train,126.64958030202823,65.2,352.4,353.2,356.1,359.9,-67.72950770491803,44.90163934426229,1,0.02840983606557378,0.03000000000000025
vehicle_008_session_00525,vehicle_008,525,train,125.78091306341715,76.0,360.3,361.0,363.5,366.6,-50.0,36.0,0,0.025983606557376998,0.027000000000000135
vehicle_008_session_00526,vehicle_008,526,train,124.5072932098766,47.6,337.1,337.8,341.1,345.7,-70.16722360655739,41.42622950819672,1,0.03150819672131151,0.03699999999999992
vehicle_008_session_00527,vehicle_008,527,train,126.23327597966278,73.2,359.1,359.9,363.2,367.5,-70.15738704918031,43.0,0,0.029311475409836106,0.031000000000000583
vehicle_008_session_00528,vehicle_008,528,train,121.93232407407407,26.4,330.5,330.7,331.7,333.3,-70.03279098360657,38.31147540983606,1,0.021819672131147556,0.02300000000000013
vehicle_008_session_00529,vehicle_008,529,train,121.83647988013702,51.6,341.6,342.4,345.8,349.9,-69.97377393442622,41.557377049180324,1,0.0324098360655738,0.03600000000000003
vehicle_008_session_00530,vehicle_008,530,train,120.79188609182098,36.4,333.5,333.6,335.3,337.5,-70.74099770491802,39.81967213114754,2,0.02296721311475409,0.02400000000000002
vehicle_008_session_00531,vehicle_008,531,train,123.74308379629633,65.2,352.5,353.5,356.6,360.5,-70.79018163934425,43.0,0,0.028983606557377067,0.03100000000000014
vehicle_008_session_00532,vehicle_008,532,train,121.42028462709283,40.8,334.9,335.3,337.4,340.5,-70.51967409836067,35.81967213114754,2,0.024442622950819653,0.028999999999999915
vehicle_008_session_00533,vehicle_008,533,train,122.47481053987455,44.8,334.6,336.1,339.1,343.8,-70.12131967213116,31.19672131147541,1,0.028819672131147528,0.038000000000000256
vehicle_008_session_00534,vehicle_008,534,train,123.88829855124521,69.6,356.8,357.5,360.7,364.9,-70.0311531147541,33.0,0,0.02954098360655739,0.03100000000000014
vehicle_008_session_00535,vehicle_008,535,train,123.29544913419915,54.0,343.2,344.1,347.5,351.4,-70.47212836065573,37.278688524590166,1,0.03195081967213115,0.03600000000000003
vehicle_008_session_00536,vehicle_008,536,train,122.16914151785714,16.8,326.7,327.8,329.9,331.4,-79.98524442622951,34.16393442622951,1,0.02536065573770494,0.028000000000000025
vehicle_008_session_00537,vehicle_008,537,train,121.84117149170277,44.8,337.5,338.2,341.0,345.7,-79.94425672131148,37.67213114754098,2,0.029950819672131125,0.03600000000000003
vehicle_008_session_00538,vehicle_008,538,train,123.12239996141977,46.0,335.5,336.8,340.2,344.7,-70.08525426229508,35.442622950819676,1,0.031016393442622928,0.039000000000000146
vehicle_008_session_00539,vehicle_008,539,train,127.03621670386912,75.2,361.3,362.2,365.5,369.9,-69.98360491803278,37.0,0,0.02991803278688525,0.03200000000000003
vehicle_008_session_00540,vehicle_008,540,train,123.7693710154827,60.4,349.1,349.9,353.0,356.8,-70.15410836065573,37.0,0,0.029196721311475413,0.03000000000000025
vehicle_008_session_00541,vehicle_008,541,train,121.35657315779318,34.4,332.4,332.7,334.1,336.3,-69.91638836065574,35.721311475409834,1,0.022032786885245913,0.02300000000000013
vehicle_008_session_00542,vehicle_008,542,train,125.18449632048093,63.6,351.1,351.9,355.0,358.9,-69.90000180327868,39.0,0,0.028901639344262323,0.03000000000000025
vehicle_008_session_00543,vehicle_008,543,train,122.00892187499997,54.8,343.6,344.3,346.9,350.0,-54.97868639344262,36.0,0,0.030639344262295077,0.03500000000000014
vehicle_008_session_00544,vehicle_008,544,train,125.97494873366018,77.2,362.4,363.2,365.7,369.1,-54.963932131147544,37.0,0,0.02747540983606562,0.028999999999999915
vehicle_008_session_00545,vehicle_008,545,train,121.39816481481483,29.2,331.3,331.6,332.7,334.4,-70.11640344262295,38.21311475409836,1,0.022032786885245913,0.02400000000000002
vehicle_008_session_00546,vehicle_008,546,train,124.20341908212565,59.2,348.0,348.6,351.8,355.7,-70.1065668852459,41.0,0,0.029852459016393447,0.03200000000000003
vehicle_008_session_00547,vehicle_008,547,train,123.0965646219136,35.2,332.1,332.5,334.1,336.4,-70.10656737704917,38.16393442622951,1,0.02211475409836071,0.02300000000000013
vehicle_008_session_00548,vehicle_008,548,train,124.57033051215281,64.4,351.9,352.7,355.8,359.7,-70.12787885245902,41.0,0,0.029377049180327887,0.03200000000000003
vehicle_008_session_00549,vehicle_008,549,train,123.42690636770246,53.6,340.2,342.7,346.8,350.8,-70.33607147540984,36.885245901639344,1,0.034475409836065576,0.040999999999999925
vehicle_008_session_00550,vehicle_008,550,train,127.60764875000002,77.6,362.8,363.6,367.2,371.6,-70.44097770491803,38.0655737704918,1,0.030114754098360636,0.03200000000000003
vehicle_008_session_00551,vehicle_008,551,train,122.41221174004197,33.2,329.6,330.7,331.7,333.0,-47.60655737704918,35.0,0,0.015262295081967258,0.017000000000000348
vehicle_008_session_00552,vehicle_008,552,train,124.62345833333336,57.6,344.9,346.8,350.3,354.3,-70.73771983606557,37.32786885245902,1,0.030704918032786868,0.03699999999999992
vehicle_008_session_00553,vehicle_008,553,train,124.13050255594136,59.2,347.8,348.6,351.8,355.7,-69.94754213114754,43.295081967213115,1,0.02963934426229504,0.03200000000000003
vehicle_008_session_00554,vehicle_008,554,train,124.47337013888887,68.8,355.3,356.1,359.3,363.3,-70.3983524590164,43.18032786885246,1,0.028819672131147528,0.03100000000000014
vehicle_008_session_00555,vehicle_008,555,train,124.46154772927692,61.6,349.3,349.9,353.2,357.1,-70.11148540983605,43.0,0,0.029344262295081983,0.03100000000000014
vehicle_008_session_00556,vehicle_008,556,train,122.41666875000001,68.8,355.0,355.8,359.1,363.2,-70.47868639344263,38.0,0,0.029032786885245885,0.03000000000000025
vehicle_008_session_00557,vehicle_008,557,train,122.0893538425926,30.4,329.9,331.0,332.5,334.4,-70.50327901639345,40.377049180327866,1,0.022278688524590185,0.02400000000000002
vehicle_008_session_00558,vehicle_008,558,train,123.85169221230159,60.8,348.6,349.6,352.7,356.6,-70.50983704918032,43.57377049180328,1,0.02978688524590162,0.031999999999999584
vehicle_008_session_00559,vehicle_008,559,train,123.74583291666667,58.0,344.9,345.8,348.5,351.3,-49.5,38.83606557377049,-1,0.028508196721311458,0.03300000000000036
vehicle_008_session_00560,vehicle_008,560,train,121.66983642676765,44.4,335.5,335.8,337.8,340.8,-55.055743278688524,41.0,0,0.025393442622950804,0.03200000000000003
vehicle_008_session_00561,vehicle_008,561,train,122.91000827991452,66.4,353.5,354.1,356.4,359.6,-55.10984540983608,42.22950819672131,1,0.02742622950819676,0.028999999999999915
vehicle_008_session_00562,vehicle_008,562,train,122.27819612676058,11.6,324.9,325.2,326.4,327.5,-45.100010000000005,37.0,0,0.01696721311475405,0.020000000000000018
vehicle_008_session_00563,vehicle_008,563,train,124.80216869758911,75.2,360.3,360.8,362.8,365.7,-45.100010000000005,41.0,0,0.025999999999999947,0.027000000000000135
vehicle_008_session_00564,vehicle_008,564,train,121.47632551037483,37.2,333.3,333.8,335.3,337.5,-69.70656426229509,44.34426229508197,1,0.022770491803278683,0.025000000000000355
vehicle_008_session_00565,vehicle_008,565,train,124.32425200320515,70.4,356.6,357.4,360.5,364.4,-68.01803459016394,47.0,0,0.02906557377049177,0.03000000000000025
vehicle_008_session_00566,vehicle_008,566,train,123.101376496085,32.4,330.3,331.3,332.9,334.9,-69.99210684210526,39.43421052631579,1,0.022013157894736856,0.02400000000000002
vehicle_008_session_00567,vehicle_008,567,train,122.23169917929293,28.0,330.5,330.8,332.1,333.5,-69.97541360655738,37.67213114754098,1,0.021540983606557408,0.02300000000000013
vehicle_008_session_00568,vehicle_008,568,train,123.93519424315618,54.8,343.9,344.7,348.0,351.9,-69.96721590163934,40.950819672131146,1,0.03252459016393439,0.03699999999999992
vehicle_008_session_00569,vehicle_008,569,train,120.8198358410494,27.6,331.1,331.4,332.4,333.9,-70.00000344262294,41.459016393442624,1,0.021950819672131205,0.02400000000000002
vehicle_008_session_00570,vehicle_008,570,train,124.01417442810454,66.8,352.7,354.4,357.8,361.8,-70.07213901639345,40.90163934426229,1,0.02898360655737709,0.03000000000000025
vehicle_008_session_00571,vehicle_008,571,train,122.6401125372024,3.6,319.6,321.0,323.9,326.4,-69.40326967213115,42.0,0,0.02567213114754101,0.03000000000000025
vehicle_008_session_00572,vehicle_008,572,train,121.88616466572505,26.0,330.7,331.0,331.9,333.3,-69.39998999999999,43.18032786885246,1,0.021655737704918066,0.02300000000000013
vehicle_008_session_00573,vehicle_008,573,train,124.91834224849849,50.0,339.6,340.3,343.3,347.2,-66.89998999999999,46.16393442622951,1,0.03136065573770496,0.03500000000000014
vehicle_008_session_00574,vehicle_008,574,train,122.32830719696972,60.0,347.2,347.8,350.0,352.8,-50.19673131147542,44.0,0,0.027704918032786848,0.03000000000000025
vehicle_008_session_00575,vehicle_008,575,train,119.22982196969697,40.0,333.9,334.2,335.5,337.4,-49.700010000000006,37.0655737704918,1,0.019836065573770514,0.02300000000000013
vehicle_008_session_00576,vehicle_008,576,train,124.25002499999997,62.4,349.6,350.2,352.4,355.2,-49.700010000000006,39.0,0,0.027049180327868867,0.028999999999999915
vehicle_008_session_00577,vehicle_008,577,train,122.43986448552428,39.6,333.9,334.2,336.1,338.9,-70.32787918032787,37.22950819672131,1,0.02367213114754096,0.028000000000000025
vehicle_008_session_00578,vehicle_008,578,train,124.8454922453704,68.4,354.9,355.8,358.9,363.2,-70.35246327868853,40.0,0,0.03016393442622954,0.031999999999999584
vehicle_008_session_00579,vehicle_008,579,train,121.50983616898151,28.8,329.6,330.5,331.9,333.6,-70.03442967213115,40.868852459016395,1,0.021918032786885262,0.02400000000000002
vehicle_008_session_00580,vehicle_008,580,train,123.90548636272143,53.2,342.2,343.0,346.4,350.5,-69.9540937704918,43.24590163934426,1,0.0334262295081967,0.03699999999999992
vehicle_008_session_00581,vehicle_008,581,train,120.5824608274648,18.0,328.6,328.9,329.9,331.1,-70.04754557377049,41.75409836065574,0,0.022000000000000016,0.02400000000000002
vehicle_008_session_00582,vehicle_008,582,train,122.91667404513885,46.4,337.8,338.3,340.8,344.7,-69.42623344262296,44.24590163934426,1,0.029180327868852454,0.03500000000000014
vehicle_008_session_00583,vehicle_008,583,train,122.86701468002812,58.4,346.9,347.7,351.0,354.9,-70.56394081967213,42.42622950819672,1,0.030950819672131133,0.03300000000000036
vehicle_008_session_00584,vehicle_008,584,train,123.87232338308459,46.4,337.1,337.7,340.3,344.7,-71.71312606557375,43.721311475409834,1,0.030704918032786875,0.03699999999999992
vehicle_008_session_00585,vehicle_008,585,train,125.11197102490421,73.2,359.3,359.9,363.2,367.4,-69.1016493442623,45.0,0,0.029901639344262345,0.031000000000000583
vehicle_008_session_00586,vehicle_008,586,train,124.32292568108969,75.6,361.3,362.1,365.5,369.9,-69.932791147541,42.0,0,0.02957377049180332,0.031000000000000583
vehicle_008_session_00587,vehicle_008,587,train,122.86707809744271,47.6,336.8,337.4,340.5,345.2,-70.1524693442623,40.98360655737705,1,0.032295081967213105,0.038000000000000256
vehicle_008_session_00588,vehicle_008,588,train,124.20963382768358,72.8,358.5,359.4,362.7,366.9,-70.0573824590164,42.0,0,0.030196721311475383,0.031000000000000583
vehicle_008_session_00589,vehicle_008,589,train,121.67768970458553,36.0,331.7,332.1,333.2,334.6,-49.506558032786884,41.50819672131148,1,0.016967213114754128,0.019000000000000128
vehicle_008_session_00590,vehicle_008,590,train,124.93567873406194,61.6,348.5,348.9,351.1,353.9,-49.5,44.0,0,0.027327868852459004,0.028999999999999915
vehicle_008_session_00591,vehicle_008,591,train,123.32258097408233,46.4,334.9,336.5,339.65,344.1,-69.89733373333334,39.56,1,0.030599999999999992,0.038000000000000256
vehicle_008_session_00592,vehicle_008,592,train,122.8249422484985,25.2,328.6,329.7,331.05,332.5,-69.86447592105262,41.473684210526315,1,0.021894736842105272,0.02400000000000002
vehicle_008_session_00593,vehicle_008,593,train,122.91938970588237,35.6,331.1,332.1,333.9,336.3,-69.94590081967213,39.9344262295082,1,0.02237704918032791,0.02400000000000002
vehicle_008_session_00594,vehicle_008,594,train,123.2895531904187,56.0,344.6,345.5,348.6,352.7,-69.9934419672131,41.9344262295082,1,0.0321639344262295,0.03600000000000003
vehicle_008_session_00595,vehicle_008,595,train,122.19522657627863,34.0,330.8,331.7,333.6,335.8,-71.06558032786887,39.540983606557376,1,0.02245901639344263,0.02400000000000002
vehicle_008_session_00596,vehicle_008,596,train,124.11185713633041,59.6,347.8,348.6,351.8,355.8,-71.06394081967213,42.0,0,0.03067213114754099,0.03399999999999981
vehicle_008_session_00597,vehicle_008,597,train,122.41917496744794,33.2,332.1,332.5,333.8,335.8,-70.10820672131148,39.59016393442623,1,0.022459016393442617,0.02400000000000002
vehicle_008_session_00598,vehicle_008,598,train,123.2777902777778,59.2,347.7,348.6,351.8,355.5,-70.04754573770492,42.50819672131148,1,0.030590163934426203,0.03299999999999992
vehicle_008_session_00599,vehicle_008,599,train,121.1792984825103,14.4,324.6,325.8,328.3,329.9,-69.78854081967214,40.16393442622951,0,0.023573770491803273,0.026000000000000245
vehicle_008_session_00600,vehicle_008,600,train,120.87824606199189,36.0,333.5,333.8,335.2,337.4,-69.8098524590164,42.26229508196721,1,0.022442622950819682,0.02400000000000002
vehicle_008_session_00601,vehicle_008,601,train,124.97955908978173,68.8,355.7,356.4,359.4,363.3,-67.31476967213115,45.0,0,0.029360655737704865,0.031000000000000583
vehicle_008_session_00602,vehicle_008,602,train,124.21041343580622,52.4,339.3,341.05,345.375,349.4,-69.92266946666668,40.93333333333333,1,0.035706666666666664,0.040000000000000036
vehicle_008_session_00603,vehicle_008,603,train,124.1383706965488,50.0,337.5,339.1,343.25,347.7,-69.84474184210525,39.55263157894737,1,0.03480263157894737,0.039000000000000146
vehicle_008_session_00604,vehicle_008,604,train,119.6147125400641,35.2,333.2,333.5,335.0,337.4,-69.96393081967211,35.049180327868854,2,0.022393442622950843,0.02400000000000002
vehicle_008_session_00605,vehicle_008,605,train,122.68954582194901,55.6,345.0,346.6,349.9,353.8,-69.9458962295082,37.0,0,0.03234426229508194,0.038000000000000256
vehicle_008_session_00606,vehicle_008,606,train,122.10630272435898,39.2,332.4,333.5,335.8,338.8,-70.96885131147542,41.31147540983606,2,0.023836065573770503,0.027000000000000135
vehicle_008_session_00607,vehicle_008,607,train,122.83069449955907,65.2,352.7,353.5,356.8,360.7,-71.00983704918033,44.0,0,0.029999999999999978,0.03100000000000014
vehicle_008_session_00608,vehicle_008,608,train,122.73774098557698,17.6,326.3,327.4,329.4,330.8,-71.180338852459,39.08196721311475,1,0.023967213114754065,0.028000000000000025
vehicle_008_session_00609,vehicle_008,609,train,121.93362000868052,38.4,334.2,334.7,336.3,339.1,-71.30329770491802,41.442622950819676,1,0.02372131147540983,0.02799999999999958
vehicle_008_session_00610,vehicle_008,610,train,125.47777874999997,70.8,357.5,358.3,361.6,365.8,-71.47868639344263,44.0,0,0.0306229508196721,0.03200000000000003
vehicle_008_session_00611,vehicle_008,611,train,121.63381231398813,44.4,334.6,336.0,338.8,343.2,-70.10820377049181,35.68852459016394,1,0.029245901639344266,0.037000000000000366
vehicle_008_session_00612,vehicle_008,612,train,124.4193403846154,66.8,354.3,355.0,358.3,362.2,-69.9885249180328,37.68852459016394,1,0.0303934426229508,0.03200000000000003
vehicle_008_session_00613,vehicle_008,613,train,123.29808327907985,14.4,324.4,326.0,328.5,330.0,-70.17214163934425,34.885245901639344,1,0.023508196721311485,0.026000000000000245
vehicle_008_session_00614,vehicle_008,614,train,120.74270436507938,40.4,335.2,335.5,337.4,340.3,-70.10000721311475,37.34426229508197,1,0.024311475409836067,0.02900000000000036
vehicle_008_session_00615,vehicle_008,615,train,124.92544478597458,71.2,358.0,358.8,362.1,366.1,-70.0655806557377,40.0,0,0.030442622950819648,0.03200000000000003
vehicle_008_session_00616,vehicle_008,616,train,121.68552792658727,48.4,338.8,339.6,342.8,347.2,-70.12787737704917,38.91803278688525,1,0.03368852459016396,0.03799999999999981
vehicle_008_session_00617,vehicle_008,617,train,126.8449666800214,76.8,362.7,363.5,366.8,371.1,-70.06885934426228,40.278688524590166,1,0.030672131147541033,0.03200000000000003
vehicle_008_session_00618,vehicle_008,618,train,121.39423076923076,27.2,329.9,330.0,330.7,331.4,-45.0,32.0,0,0.013786885245901628,0.015000000000000124
vehicle_008_session_00619,vehicle_008,619,train,122.47824060457519,63.6,350.2,350.7,352.7,355.2,-45.200010000000006,37.0,0,0.026967213114754085,0.028000000000000025
vehicle_008_session_00620,vehicle_008,620,train,123.99406264880953,50.0,337.4,339.3,343.6,348.2,-70.56558032786887,35.52459016393443,1,0.03562295081967216,0.040999999999999925
vehicle_008_session_00621,vehicle_008,621,train,121.61937152777782,19.2,326.6,327.2,328.3,329.2,-44.80493655737707,36.704918032786885,0,0.016131147540983607,0.021999999999999797
vehicle_008_session_00622,vehicle_008,622,train,115.90419117647063,41.2,334.4,334.6,335.8,337.7,-44.80002000000002,38.42622950819672,1,0.020081967213114754,0.02300000000000013
vehicle_008_session_00623,vehicle_008,623,train,120.17434558823534,61.6,348.9,349.4,351.4,353.9,-44.80002000000002,40.0,0,0.02698360655737706,0.028999999999999915
vehicle_008_session_00624,vehicle_008,624,train,117.11140104166665,32.4,331.3,331.4,332.4,333.6,-50.12460016393443,34.032786885245905,1,0.01626229508196724,0.017999999999999794
vehicle_008_session_00625,vehicle_008,625,train,118.96467007575761,53.2,341.8,342.4,345.0,348.0,-50.10984606557378,36.34426229508197,1,0.033213114754098376,0.03600000000000003
vehicle_008_session_00626,vehicle_008,626,train,119.70413394953049,40.0,332.7,333.9,336.4,339.7,-69.52787163934427,32.60655737704918,1,0.024672131147540917,0.03100000000000014
vehicle_008_session_00627,vehicle_008,627,train,121.50622443181825,68.4,355.7,356.6,359.7,363.8,-69.59673098360656,35.0,0,0.03059016393442623,0.03200000000000003
vehicle_008_session_00628,vehicle_008,628,train,120.79598617662478,45.6,335.2,336.8,340.2,344.9,-70.38687918032787,32.65573770491803,1,0.03204918032786885,0.039000000000000146
vehicle_008_session_00629,vehicle_008,629,train,121.07112010732327,67.2,354.9,355.7,358.8,362.8,-70.37540721311476,34.0,0,0.03055737704918036,0.03300000000000036
vehicle_008_session_00630,vehicle_008,630,train,119.89150876736112,44.0,336.1,336.8,339.1,343.3,-70.11312459016393,33.65573770491803,1,0.02924590163934424,0.037000000000000366
vehicle_008_session_00631,vehicle_008,631,train,122.80543981481485,76.0,361.9,362.7,366.0,370.5,-70.09672901639345,36.0,0,0.03124590163934427,0.03200000000000003
vehicle_008_session_00632,vehicle_008,632,train,119.96542066727052,21.2,327.7,328.85,330.3,331.6,-70.22934320000002,36.24,1,0.021986666666666686,0.025000000000000355
vehicle_008_session_00633,vehicle_008,633,train,119.23247313596494,36.4,333.2,333.5,335.0,337.7,-70.1688624590164,38.75409836065574,1,0.022803278688524584,0.027000000000000135
vehicle_008_session_00634,vehicle_008,634,train,122.14831406810038,67.2,354.3,354.9,358.0,362.1,-70.15410819672131,41.52459016393443,1,0.030557377049180295,0.03200000000000003
vehicle_008_session_00635,vehicle_008,635,train,120.30757195048312,28.4,329.4,330.5,332.1,333.8,-69.9171075,38.86842105263158,1,0.021907894736842112,0.02300000000000013
vehicle_008_session_00636,vehicle_008,636,train,122.55778948902609,59.6,346.4,348.25,351.70000000000005,355.7,-69.9171075,37.0,0,0.030710526315789476,0.03600000000000003
vehicle_008_session_00637,vehicle_008,637,train,117.8530995207355,32.8,332.1,332.4,333.8,336.0,-70.07049819672132,38.60655737704918,1,0.022098360655737725,0.02400000000000002
vehicle_008_session_00638,vehicle_008,638,train,121.22116047008548,61.2,349.6,350.2,353.3,357.2,-70.04262721311476,41.540983606557376,1,0.030737704918032807,0.03299999999999992
vehicle_008_session_00639,vehicle_008,639,train,120.95486837705761,24.0,326.4,329.4,331.0,332.4,-68.95738147540983,43.0,0,0.02178688524590165,0.02400000000000002
vehicle_008_session_00640,vehicle_008,640,train,120.00460248161764,46.0,337.2,337.7,339.9,343.9,-66.00820114754099,45.09836065573771,1,0.029426229508196705,0.037000000000000366
vehicle_008_session_00641,vehicle_008,641,train,125.01801626800417,73.2,358.6,359.6,362.5,366.4,-65.97869295081968,46.442622950819676,1,0.029721311475409795,0.03100000000000014
vehicle_008_session_00642,vehicle_008,642,train,120.89594665404043,15.6,326.7,327.4,329.2,330.5,-70.09344983606559,39.16393442622951,1,0.023098360655737702,0.0259999999999998
vehicle_008_session_00643,vehicle_008,643,train,118.94332394894894,42.4,336.1,336.6,338.6,342.1,-70.04590573770493,41.85245901639344,1,0.02629508196721307,0.03200000000000003
vehicle_008_session_00644,vehicle_008,644,train,124.25024005414315,72.0,358.5,359.1,362.4,366.6,-70.01311639344262,44.0,0,0.030557377049180313,0.03200000000000047
vehicle_008_session_00645,vehicle_008,645,train,119.74047956730769,10.8,323.0,324.2,327.2,329.2,-70.03770819672131,41.0,0,0.02372131147540984,0.025000000000000355
vehicle_008_session_00646,vehicle_008,646,train,118.04779223673303,42.0,335.8,336.3,338.3,341.6,-70.03443098360657,43.68852459016394,1,0.025688524590163915,0.03200000000000003
vehicle_008_session_00647,vehicle_008,647,train,123.0227389520202,68.8,355.2,356.1,359.1,362.7,-66.09508852459017,45.131147540983605,1,0.029836065573770432,0.03100000000000014
vehicle_008_session_00648,vehicle_008,648,train,120.3899519982993,19.6,326.3,327.2,328.3,329.2,-45.0106676,39.0,0,0.01653333333333333,0.020999999999999908
vehicle_008_session_00649,vehicle_008,649,train,119.81402430555556,34.4,332.1,332.4,333.9,336.3,-70.32951934426231,38.67213114754098,1,0.022393442622950864,0.02400000000000002
vehicle_008_session_00650,vehicle_008,650,train,122.57730574074077,63.6,351.1,352.1,355.2,358.9,-70.39671229508197,41.60655737704918,1,0.03013114754098361,0.03200000000000003
vehicle_008_session_00651,vehicle_008,651,train,121.754068287037,50.4,339.4,340.3,344.4,348.9,-70.15902639344263,30.442622950819672,1,0.03627868852459015,0.040000000000000036
vehicle_008_session_00652,vehicle_008,652,train,125.11819925682262,74.8,360.8,361.6,364.9,369.1,-70.1327968852459,32.42622950819672,1,0.031737704918032836,0.03399999999999981
vehicle_008_session_00653,vehicle_008,653,train,118.63205996472664,34.4,331.1,332.1,333.9,336.3,-69.92950967213115,34.32786885245902,1,0.02195081967213117,0.02400000000000002
vehicle_008_session_00654,vehicle_008,654,train,120.86268828247265,59.6,348.3,349.1,352.4,356.3,-69.79836983606556,37.0,0,0.03103278688524589,0.03399999999999981
vehicle_008_session_00655,vehicle_008,655,train,119.81636016949153,3.6,320.5,321.1,323.0,324.9,-49.899989999999995,37.0,0,0.0223770491803279,0.028000000000000025
vehicle_008_session_00656,vehicle_008,656,train,119.3595439814815,27.2,330.2,330.3,331.1,332.1,-49.899989999999995,37.42622950819672,1,0.015327868852459025,0.016999999999999904
vehicle_008_session_00657,vehicle_008,657,train,119.58603267973851,48.8,338.3,338.8,340.7,343.9,-49.899989999999995,39.622950819672134,1,0.029327868852459003,0.03500000000000014
vehicle_008_session_00658,vehicle_008,658,train,119.6009617077465,40.4,333.0,334.1,336.4,339.7,-70.20493065573771,39.131147540983605,1,0.024934426229508158,0.03000000000000025
vehicle_008_session_00659,vehicle_008,659,train,122.24391840277772,68.8,355.5,356.3,359.6,363.6,-70.39179573770491,41.0,0,0.030590163934426217,0.03200000000000003
vehicle_008_session_00660,vehicle_008,660,train,118.98423311546838,65.6,352.1,352.7,354.9,357.7,-50.216405081967224,37.0,0,0.027819672131147572,0.02900000000000036
vehicle_008_session_00661,vehicle_008,661,train,119.8564107218014,24.0,329.1,329.2,330.0,331.0,-49.70492852459017,35.22950819672131,1,0.015344262295081967,0.016000000000000014
vehicle_008_session_00662,vehicle_008,662,train,121.18548024256657,37.2,333.5,333.8,335.3,337.8,-70.80001999999999,40.26229508196721,1,0.023147540983606534,0.026000000000000245
vehicle_008_session_00663,vehicle_008,663,train,123.29658246527777,66.0,353.0,353.8,356.9,361.0,-70.82788049180328,43.0,0,0.030639344262295084,0.03200000000000003
vehicle_008_session_00664,vehicle_008,664,train,118.4909081196581,40.4,334.6,335.0,337.1,340.2,-70.41474754098361,37.704918032786885,1,0.02527868852459014,0.03100000000000014
vehicle_008_session_00665,vehicle_008,665,train,120.41737795138889,52.0,340.7,342.2,346.0,349.9,-69.96229131147541,39.131147540983605,1,0.03519672131147539,0.038000000000000256
vehicle_008_session_00666,vehicle_008,666,train,118.05684169238684,27.2,329.2,329.6,330.3,331.3,-45.0,30.0,0,0.014049180327868848,0.015000000000000124
vehicle_008_session_00667,vehicle_008,667,train,118.28431617647054,48.8,338.2,338.6,340.5,343.5,-45.0,32.39344262295082,1,0.031147540983606562,0.037000000000000366
vehicle_008_session_00668,vehicle_008,668,train,119.28482918470422,35.2,333.0,333.3,334.9,337.1,-71.11148540983606,37.622950819672134,1,0.02260655737704918,0.02400000000000002
vehicle_008_session_00669,vehicle_008,669,train,121.12020934829063,66.0,353.2,354.1,357.2,361.3,-71.1262395081967,41.0,0,0.030803278688524574,0.03299999999999992
vehicle_008_session_00670,vehicle_008,670,train,119.66247292545708,16.4,325.8,327.1,329.2,330.5,-69.78690196721311,35.14754098360656,1,0.023557377049180348,0.027000000000000135
vehicle_008_session_00671,vehicle_008,671,train,118.27198492199393,48.0,338.9,339.6,342.5,346.9,-69.82624163934426,38.73770491803279,1,0.033262295081967236,0.038000000000000256
vehicle_008_session_00672,vehicle_008,672,train,126.20983905228762,77.2,362.4,363.3,366.8,371.0,-69.89179573770491,40.40983606557377,1,0.03144262295081972,0.03300000000000036
vehicle_008_session_00673,vehicle_008,673,train,119.17715524048351,32.4,332.4,332.7,333.9,335.8,-70.04590606557376,41.442622950819676,1,0.022540983606557406,0.02300000000000013
vehicle_008_session_00674,vehicle_008,674,train,121.13694509548607,54.4,343.6,344.6,347.8,351.8,-70.06066147540983,43.967213114754095,1,0.03380327868852459,0.038000000000000256
vehicle_008_session_00675,vehicle_008,675,train,118.91724810244163,25.2,328.3,329.5,330.8,332.1,-59.88289513157894,32.73684210526316,1,0.018171052631578956,0.019000000000000128
vehicle_008_session_00676,vehicle_008,676,train,121.75092321265937,55.6,343.9,344.6,347.5,350.8,-57.98197213114755,36.0,0,0.03313114754098362,0.038000000000000256
vehicle_008_session_00677,vehicle_008,677,train,120.2449848894033,28.0,330.2,330.3,331.1,332.1,-50.00491852459017,40.01639344262295,1,0.015672131147540968,0.017000000000000348
vehicle_008_session_00678,vehicle_008,678,train,118.87947269303201,49.6,338.9,339.4,341.6,344.9,-50.0,42.22950819672131,1,0.03185245901639348,0.03600000000000003
vehicle_008_session_00679,vehicle_008,679,train,119.73180076628351,56.8,343.9,344.7,347.1,349.9,-50.0,41.0,0,0.0319344262295082,0.03600000000000003
vehicle_008_session_00680,vehicle_008,680,train,118.91994781144787,41.2,334.9,335.3,337.2,340.7,-70.21968409836064,39.60655737704918,1,0.025918032786885193,0.03100000000000014
vehicle_008_session_00681,vehicle_008,681,train,122.73265699404762,67.6,354.6,355.3,358.5,362.7,-70.17705983606557,42.0,0,0.031196721311475373,0.03200000000000003
vehicle_008_session_00682,vehicle_008,682,train,120.13890356891706,16.8,327.4,327.8,329.6,330.8,-70.09837016393443,36.0,0,0.022573770491803275,0.025000000000000355
vehicle_008_session_00683,vehicle_008,683,train,120.20017333877995,67.6,354.9,355.7,358.8,362.8,-70.06558032786884,40.77049180327869,1,0.031196721311475353,0.03299999999999992
vehicle_008_session_00684,vehicle_008,684,train,119.0672484303653,32.0,331.9,332.2,333.5,335.7,-69.95081475409835,40.295081967213115,1,0.02208196721311479,0.02400000000000002
vehicle_008_session_00685,vehicle_008,685,train,121.94075832815092,68.8,355.7,356.75,360.25,364.1,-69.93278344262295,43.68852459016394,1,0.030901639344262277,0.03200000000000003
vehicle_008_session_00686,vehicle_008,686,train,119.15423933531746,43.6,334.2,334.7,336.3,338.3,-44.899989999999995,32.967213114754095,1,0.0226229508196721,0.027000000000000135
vehicle_008_session_00687,vehicle_008,687,train,120.60400877882597,66.0,352.2,352.8,354.9,357.4,-44.899989999999995,34.0,0,0.027639344262295102,0.028999999999999915
vehicle_008_session_00688,vehicle_008,688,train,118.85754547646607,34.0,331.6,332.1,333.8,336.0,-70.01311606557377,37.85245901639344,1,0.022278688524590178,0.02400000000000002
vehicle_008_session_00689,vehicle_008,689,train,122.03910901826484,62.8,350.7,351.4,354.6,358.5,-70.05082475409836,41.0,0,0.031147540983606593,0.03299999999999992
vehicle_008_session_00690,vehicle_008,690,train,118.3427039262821,28.8,331.4,331.7,332.8,334.6,-69.26395081967215,36.114754098360656,1,0.02150819672131151,0.02400000000000002
vehicle_008_session_00691,vehicle_008,691,train,121.97633095509894,60.4,349.1,349.9,352.8,356.8,-69.20000999999999,39.0,0,0.031557377049180345,0.03400000000000025
vehicle_008_session_00692,vehicle_008,692,train,119.76118538279135,41.2,333.3,334.4,336.9,340.3,-70.05082459016394,41.80327868852459,1,0.02596721311475407,0.03299999999999992
vehicle_008_session_00693,vehicle_008,693,train,122.12185315656566,74.0,359.9,360.8,363.9,368.3,-69.99836540983607,44.0,0,0.03140983606557373,0.03300000000000036
vehicle_008_session_00694,vehicle_008,694,train,119.481315414952,36.4,333.2,333.5,335.0,337.5,-70.0393481967213,38.40983606557377,1,0.02270491803278689,0.02499999999999991
vehicle_008_session_00695,vehicle_008,695,train,123.4005154257742,69.2,355.7,356.4,359.6,363.8,-70.09509147540983,41.0,0,0.03131147540983604,0.03299999999999992
vehicle_008_session_00696,vehicle_008,696,train,117.28402654190207,29.6,330.8,331.1,332.2,333.6,-60.2836131147541,41.9344262295082,1,0.01898360655737706,0.021999999999999797
vehicle_008_session_00697,vehicle_008,697,train,119.31653143274853,53.2,342.2,343.0,346.0,349.3,-57.88360868852458,44.0,0,0.03421311475409834,0.03799999999999981
vehicle_008_session_00698,vehicle_008,698,train,120.60260667945907,44.4,336.3,336.8,339.1,342.8,-70.93605918032786,41.24590163934426,1,0.028737704918032788,0.03799999999999981
vehicle_008_session_00699,vehicle_008,699,train,121.19331278935188,35.6,331.3,332.4,334.4,336.9,-70.66230688524591,36.0,0,0.022508196721311463,0.02499999999999991
vehicle_008_session_00700,vehicle_008,700,train,121.36130070395737,60.0,348.5,349.3,352.5,356.4,-70.84426901639345,38.704918032786885,1,0.03175409836065572,0.03399999999999981
vehicle_008_session_00701,vehicle_008,701,train,120.11981609940246,19.2,327.1,328.4,329.9,331.1,-70.0120028,37.36,1,0.022826666666666662,0.027000000000000135
vehicle_008_session_00702,vehicle_008,702,train,119.05819218928983,32.0,332.4,332.5,333.8,335.8,-70.43441967213116,42.9344262295082,2,0.022442622950819682,0.02300000000000013
vehicle_008_session_00703,vehicle_008,703,train,121.62079129464283,52.0,338.6,340.5,344.9,349.3,-69.9704962295082,43.9344262295082,1,0.03688524590163934,0.040999999999999925
vehicle_008_session_00704,vehicle_008,704,train,121.89400746855354,74.4,359.9,360.7,363.6,367.7,-65.97377147540985,44.98360655737705,0,0.03090163934426235,0.03200000000000003
vehicle_008_session_00705,vehicle_008,705,train,120.00842403198656,36.4,333.3,333.6,335.2,337.7,-69.98688983606557,39.557377049180324,1,0.022950819672131133,0.0259999999999998
vehicle_008_session_00706,vehicle_008,706,train,120.71225017806269,17.6,328.2,328.5,329.7,331.0,-70.49508147540983,43.0,0,0.022836065573770502,0.02499999999999991
vehicle_008_session_00707,vehicle_008,707,train,120.61152477197348,49.2,339.1,339.7,342.5,346.6,-66.49016295081967,45.622950819672134,1,0.03277049180327872,0.037000000000000366
vehicle_008_session_00708,vehicle_008,708,train,121.76939670138893,64.4,351.4,352.2,355.3,359.4,-70.03279213114753,42.0,0,0.030967213114754116,0.03299999999999992
vehicle_008_session_00709,vehicle_008,709,train,119.54863258020349,22.8,329.9,330.2,331.1,332.7,-72.31640852459014,41.47540983606557,1,0.022672131147541,0.02400000000000002
vehicle_008_session_00710,vehicle_008,710,train,120.49370535078349,51.6,341.4,342.2,345.5,349.6,-68.59345590163936,44.91803278688525,1,0.03481967213114759,0.038000000000000256
vehicle_008_session_00711,vehicle_008,711,train,120.34197832491583,22.8,328.3,329.4,330.8,332.2,-70.6016493442623,36.704918032786885,1,0.021819672131147546,0.02400000000000002
vehicle_008_session_00712,vehicle_008,712,train,120.0775124798712,49.6,340.0,340.7,344.1,348.3,-70.59673098360656,39.78688524590164,1,0.035065573770491805,0.038000000000000256
vehicle_008_session_00713,vehicle_008,713,train,126.03682791666668,77.6,363.0,363.8,367.2,371.6,-70.60001000000001,41.540983606557376,1,0.03200000000000004,0.034000000000000696
vehicle_008_session_00714,vehicle_008,714,train,120.27562516276042,50.4,339.9,340.8,344.6,348.9,-70.1885355737705,36.032786885245905,2,0.03660655737704918,0.040999999999999925
vehicle_008_session_00715,vehicle_008,715,train,122.35719202044025,76.0,362.2,363.0,366.4,370.8,-70.11312426229507,37.63934426229508,1,0.032016393442622956,0.03300000000000036
vehicle_008_session_00716,vehicle_008,716,train,117.84725451940038,30.4,331.6,331.9,333.0,334.6,-64.79018163934428,37.47540983606557,1,0.0204754098360656,0.02200000000000024
vehicle_008_session_00717,vehicle_008,717,train,119.77489348118283,55.6,344.7,345.5,348.6,352.2,-64.79018163934428,40.16393442622951,1,0.0334262295081967,0.037000000000000366
vehicle_008_session_00718,vehicle_008,718,train,120.3611251262626,21.2,328.0,329.1,330.5,331.9,-70.11476327868851,35.68852459016394,1,0.021524590163934442,0.02300000000000013
vehicle_008_session_00719,vehicle_008,719,train,117.50535096153845,43.2,336.6,337.2,339.6,343.3,-70.05738278688526,38.42622950819672,1,0.02922950819672129,0.037000000000000366
vehicle_008_session_00720,vehicle_008,720,train,120.07524756944444,36.0,331.4,332.5,334.6,337.1,-70.10164868852459,37.90163934426229,1,0.022540983606557406,0.02499999999999991
vehicle_008_session_00721,vehicle_008,721,train,119.63784109760803,60.0,348.6,349.4,352.7,356.6,-70.09345163934425,40.0,0,0.03183606557377047,0.03400000000000025
vehicle_008_session_00722,vehicle_008,722,train,117.42223645833334,49.2,338.5,339.1,341.1,344.4,-49.46558016393443,33.0,0,0.03252459016393442,0.039000000000000146
vehicle_008_session_00723,vehicle_008,723,train,118.98772496894759,35.2,331.0,331.9,333.6,335.7,-60.07368947368421,32.80263157894737,1,0.019802631578947415,0.02300000000000013
vehicle_008_session_00724,vehicle_008,724,train,118.80304292929291,24.4,328.2,329.2,330.5,331.9,-61.17049590163935,33.0,0,0.018737704918032796,0.020000000000000018
vehicle_008_session_00725,vehicle_008,725,train,117.99627403846152,46.4,337.4,337.8,339.9,343.5,-59.35738377049181,35.65573770491803,1,0.030409836065573757,0.03799999999999981
vehicle_008_session_00726,vehicle_008,726,train,120.56083144360271,28.0,329.4,330.5,332.15,333.8,-70.24342921052632,34.828947368421055,1,0.021592105263157923,0.02400000000000002
vehicle_008_session_00727,vehicle_008,727,train,118.71378804563493,32.8,330.8,331.7,333.5,335.7,-69.93442295081968,35.295081967213115,1,0.021918032786885307,0.02400000000000002
vehicle_008_session_00728,vehicle_008,728,train,121.59933375420874,60.8,349.4,350.2,353.3,357.2,-70.02623213114754,38.24590163934426,1,0.031983606557377066,0.03400000000000025
vehicle_008_session_00729,vehicle_008,729,train,120.40725173611112,50.8,338.9,340.2,344.6,348.9,-70.56066065573769,38.09836065573771,1,0.035819672131147534,0.040000000000000036
vehicle_008_session_00730,vehicle_008,730,train,122.35963810641624,62.8,350.7,351.4,354.6,358.6,-69.90491573770491,39.0,0,0.02952459016393443,0.03100000000000014
vehicle_008_session_00731,vehicle_008,731,train,121.1095952596618,58.8,347.8,348.6,351.9,355.8,-69.97868639344263,39.0,0,0.030885245901639335,0.03400000000000025
vehicle_008_session_00732,vehicle_008,732,train,120.61409668890704,28.8,329.2,330.1,331.4,333.0,-59.8920052,34.0,0,0.018560000000000017,0.020000000000000018
vehicle_008_session_00733,vehicle_008,733,train,122.16119623538012,48.8,336.8,338.3,342.2,347.1,-70.0786962295082,39.622950819672134,1,0.03336065573770493,0.038000000000000256
vehicle_008_session_00734,vehicle_008,734,train,119.60607670454543,40.4,332.8,333.9,336.4,339.7,-70.13443491803277,36.91803278688525,2,0.024262295081967197,0.028999999999999915
vehicle_008_session_00735,vehicle_008,735,train,121.11438368055555,62.4,350.7,351.3,354.4,358.5,-70.20000999999999,39.0,0,0.030213114754098404,0.03200000000000003
vehicle_008_session_00736,vehicle_008,736,train,118.94367820813771,38.0,331.9,333.2,335.3,338.2,-69.09673081967213,34.08196721311475,2,0.02273770491803278,0.0259999999999998
vehicle_008_session_00737,vehicle_008,737,train,121.62542200080519,66.4,353.8,354.6,357.7,361.8,-69.10820672131148,37.0,0,0.02996721311475412,0.03100000000000014
vehicle_008_session_00738,vehicle_008,738,train,120.68289105273753,24.4,329.6,329.9,331.1,332.5,-69.75083475409835,32.704918032786885,1,0.02122950819672133,0.02200000000000024
vehicle_008_session_00739,vehicle_008,739,train,120.03379095319639,52.4,342.1,342.8,346.4,350.3,-69.69181327868853,36.22950819672131,1,0.033770491803278666,0.037000000000000366
vehicle_008_session_00740,vehicle_008,740,train,118.31838482905984,35.2,331.3,332.5,334.4,337.1,-70.4737718032787,32.032786885245905,2,0.02221311475409839,0.02400000000000002
vehicle_008_session_00741,vehicle_008,741,train,119.98343034825872,61.2,350.0,351.0,354.1,358.0,-70.57049885245902,35.0,0,0.030475409836065604,0.03100000000000014
vehicle_008_session_00742,vehicle_008,742,train,120.83245354254571,51.6,338.9,340.8,345.5,349.9,-70.71968393442623,33.950819672131146,1,0.0355409836065574,0.040999999999999925
vehicle_008_session_00743,vehicle_008,743,train,119.33414542483662,35.2,332.1,332.7,334.4,336.9,-69.97048885245901,35.950819672131146,1,0.022409836065573778,0.02400000000000002
vehicle_008_session_00744,vehicle_008,744,train,121.14693612213401,62.8,350.8,351.6,354.7,358.6,-69.98688393442623,38.278688524590166,1,0.029590163934426254,0.03100000000000014
vehicle_008_session_00745,vehicle_008,745,train,117.63845009793444,28.4,331.0,331.4,332.5,334.2,-71.0311506557377,35.885245901639344,1,0.02193442622950822,0.02300000000000013
vehicle_008_session_00746,vehicle_008,746,train,120.55834171296299,59.6,348.6,349.4,352.5,356.6,-71.05082475409836,39.0,0,0.030196721311475418,0.03200000000000003
vehicle_008_session_00747,vehicle_008,747,train,119.92928401491774,49.2,337.1,338.6,342.7,347.5,-70.59836737704919,36.63934426229508,1,0.03295081967213116,0.038000000000000256
vehicle_008_session_00748,vehicle_008,748,train,121.28970634920633,70.8,357.4,358.3,361.4,365.8,-70.70984704918033,38.0,0,0.030573770491803296,0.03200000000000003
vehicle_008_session_00749,vehicle_008,749,train,119.12972814280627,18.4,328.8,329.1,330.2,331.4,-70.08197540983606,35.0,0,0.021524590163934435,0.02300000000000013
vehicle_008_session_00750,vehicle_008,750,train,119.68455491979657,49.6,340.2,341.0,344.3,348.5,-69.9770468852459,38.57377049180328,1,0.0315409836065574,0.03500000000000014
vehicle_008_session_00751,vehicle_008,751,train,121.10600147996357,66.0,352.5,354.1,357.4,361.8,-69.85901868852459,36.0,0,0.029327868852459003,0.03100000000000014
vehicle_008_session_00752,vehicle_008,752,train,121.08847072723768,54.4,343.6,344.6,348.0,352.1,-69.7082075409836,33.08196721311475,1,0.031852459016393435,0.03600000000000003
vehicle_008_session_00753,vehicle_008,753,train,118.87747374429225,45.6,337.1,337.7,340.3,344.7,-70.98688393442623,36.57377049180328,1,0.029229508196721304,0.03600000000000003
vehicle_008_session_00754,vehicle_008,754,train,125.03717318469789,74.8,360.7,361.4,364.9,369.3,-71.08525442622951,39.0,0,0.03121311475409836,0.032999999999999474
vehicle_008_session_00755,vehicle_008,755,train,117.6819679166667,0.8,317.5,318.9,321.6,323.6,-50.139354262295086,37.0,0,0.02362295081967215,0.027000000000000135
vehicle_008_session_00756,vehicle_008,756,train,118.60148971193419,20.8,328.8,328.9,329.6,330.3,-50.12951819672132,36.47540983606557,1,0.015573770491803274,0.017000000000000348
vehicle_008_session_00757,vehicle_008,757,train,123.48858592047928,42.8,334.9,335.3,336.6,338.6,-50.11148540983607,38.49180327868852,1,0.01993442622950817,0.02300000000000013
vehicle_008_session_00758,vehicle_008,758,train,123.71916036522637,63.6,350.3,351.0,353.2,356.0,-50.10328852459017,40.0,0,0.02563934426229511,0.027000000000000135
vehicle_008_session_00759,vehicle_008,759,train,119.90464490414709,26.8,331.0,331.3,332.4,333.9,-70.05902229508197,37.34426229508197,1,0.021721311475409847,0.02300000000000013
vehicle_008_session_00760,vehicle_008,760,train,121.94207405821918,55.6,344.9,345.7,349.1,352.8,-70.05082459016393,40.80327868852459,1,0.030836065573770482,0.03500000000000014
vehicle_008_session_00761,vehicle_008,761,train,117.14784337797626,34.0,331.1,331.4,332.4,333.6,-45.200010000000006,31.81967213114754,1,0.015426229508196748,0.017000000000000348
vehicle_008_session_00762,vehicle_008,762,train,119.40089787581704,56.4,344.1,344.7,347.1,349.6,-45.200010000000006,34.0,0,0.028540983606557394,0.03299999999999992
vehicle_008_session_00763,vehicle_008,763,train,120.66278548951048,36.0,331.6,332.75,334.79999999999995,337.4,-69.99736986842106,31.513157894736842,1,0.02238157894736841,0.02499999999999991
vehicle_008_session_00764,vehicle_008,764,train,118.51601348631237,33.6,331.9,332.2,333.8,336.1,-70.12131918032787,33.57377049180328,1,0.022131147540983637,0.02400000000000002
vehicle_008_session_00765,vehicle_008,765,train,120.79186810378087,61.2,349.7,350.5,353.6,357.5,-70.0672175409836,36.81967213114754,1,0.02996721311475412,0.03100000000000014
vehicle_008_session_00766,vehicle_008,766,train,119.46837758070572,23.2,330.0,330.3,331.3,332.7,-69.97213295081967,36.9344262295082,1,0.021360655737704952,0.02300000000000013
vehicle_008_session_00767,vehicle_008,767,train,119.55598997395833,52.8,343.0,343.8,347.2,351.3,-69.90655704918032,40.0,0,0.0315573770491803,0.03500000000000014
vehicle_008_session_00768,vehicle_008,768,train,121.16453098290594,48.4,337.7,338.6,342.2,346.9,-70.05246426229508,36.21311475409836,1,0.03193442622950825,0.037000000000000366
vehicle_008_session_00769,vehicle_008,769,train,119.1834304330065,30.4,329.9,331.1,333.0,335.0,-70.1491904918033,28.19672131147541,2,0.021262295081967194,0.022999999999999687
vehicle_008_session_00770,vehicle_008,770,train,120.37523807123658,64.8,353.3,354.1,357.2,361.3,-70.13279590163934,32.08196721311475,1,0.02968852459016391,0.03100000000000014
vehicle_008_session_00771,vehicle_008,771,train,121.05513847429518,61.6,350.0,350.8,354.1,358.0,-69.86721360655737,34.0,0,0.029639344262295114,0.03100000000000014
vehicle_008_session_00772,vehicle_008,772,train,121.73461503623184,65.6,352.5,353.5,356.8,361.0,-70.15902704918032,29.78688524590164,1,0.029229508196721297,0.03000000000000025
vehicle_008_session_00773,vehicle_008,773,train,121.85376286206079,50.8,341.0,341.8,345.3,349.6,-70.08525442622951,34.950819672131146,2,0.032262295081967214,0.03600000000000003
vehicle_008_session_00774,vehicle_008,774,train,120.12120806100215,56.0,344.1,344.9,347.4,350.2,-51.590172950819685,39.0,0,0.029049180327868872,0.03300000000000036
vehicle_008_session_00775,vehicle_008,775,train,118.69102882420094,50.4,340.7,341.3,344.9,349.3,-70.11803918032787,35.68852459016394,1,0.03227868852459016,0.03600000000000003
vehicle_008_session_00776,vehicle_008,776,train,119.62521354166664,22.0,329.6,329.9,330.8,332.2,-70.56230049180328,32.40983606557377,1,0.021508196721311486,0.02300000000000013
vehicle_008_session_00777,vehicle_008,777,train,118.93251312669379,49.2,340.0,340.8,344.3,348.5,-70.55082426229508,35.65573770491803,1,0.031983606557377066,0.03600000000000003
vehicle_008_session_00778,vehicle_008,778,train,117.96070423922056,18.8,329.1,329.4,330.3,331.6,-69.38360213114754,33.31147540983606,1,0.020885245901639368,0.02200000000000024
vehicle_008_session_00779,vehicle_008,779,train,121.53490387176556,57.2,346.6,347.4,350.5,354.4,-69.38851868852458,38.0,0,0.030475409836065545,0.03299999999999992
vehicle_008_session_00780,vehicle_008,780,train,119.49060425804097,23.6,329.7,330.2,331.3,332.8,-75.10492786885246,34.22950819672131,1,0.022852459016393465,0.02400000000000002
vehicle_008_session_00781,vehicle_008,781,train,122.02445021081351,72.8,359.4,360.3,363.9,368.5,-75.19509196721307,39.0,0,0.03216393442622948,0.034000000000000696
vehicle_008_session_00782,vehicle_008,782,train,120.51336097494554,16.0,326.0,327.1,329.2,330.7,-70.75903,35.91803278688525,1,0.023327868852458994,0.027000000000000135
vehicle_008_session_00783,vehicle_008,783,train,119.47849706018519,36.8,333.9,334.2,336.0,338.5,-70.80985049180326,37.704918032786885,1,0.023344262295081967,0.027000000000000135
vehicle_008_session_00784,vehicle_008,784,train,121.21838303275294,61.2,349.9,350.7,353.8,357.8,-70.86721557377048,40.0,0,0.03024590163934428,0.03100000000000014
vehicle_008_session_00785,vehicle_008,785,train,122.74786819172115,60.8,346.8,348.0,350.7,353.5,-49.81477098360658,40.0,0,0.026032786885245882,0.028999999999999915
vehicle_008_session_00786,vehicle_008,786,train,118.8253339201878,42.8,336.0,336.4,338.6,342.4,-70.2164050819672,37.721311475409834,1,0.026852459016393406,0.03200000000000003
vehicle_008_session_00787,vehicle_008,787,train,122.41380179398148,71.6,357.8,358.6,362.1,366.1,-70.26559032786885,40.0,0,0.03119672131147541,0.032999999999999474
vehicle_008_session_00788,vehicle_008,788,train,118.96108013523394,43.2,336.1,336.6,338.9,342.5,-71.52131360655737,39.77049180327869,1,0.027147540983606524,0.03200000000000003
vehicle_008_session_00789,vehicle_008,789,train,124.2131886160714,73.6,359.6,360.5,363.8,368.2,-71.5803355737705,42.0,0,0.031295081967213076,0.03300000000000036
vehicle_008_session_00790,vehicle_008,790,train,119.15027232434637,43.2,333.2,334.1,336.0,338.5,-49.93770655737705,34.77049180327869,1,0.021327868852459013,0.02499999999999991
vehicle_008_session_00791,vehicle_008,791,train,119.85470498971195,63.6,350.5,351.1,353.3,356.3,-50.100010000000005,36.0,0,0.026049180327868866,0.028000000000000025
vehicle_008_session_00792,vehicle_008,792,train,120.71436054942814,57.6,346.9,347.5,351.0,354.9,-69.94098295081967,36.0,0,0.03072131147540985,0.03300000000000036
vehicle_008_session_00793,vehicle_008,793,train,120.58703206380211,49.2,338.9,339.6,342.4,346.1,-58.06721639344263,37.26229508196721,1,0.0313770491803279,0.03600000000000003
vehicle_008_session_00794,vehicle_008,794,train,123.31188087121213,75.2,360.8,361.4,364.1,367.4,-55.43115344262294,38.0,0,0.028295081967213174,0.029000000000000803
vehicle_008_session_00795,vehicle_008,795,train,118.17170270593869,22.0,327.7,329.2,330.7,332.2,-70.00984180327869,32.19672131147541,1,0.02124590163934428,0.02300000000000013
vehicle_008_session_00796,vehicle_008,796,train,116.61310049603173,45.2,337.7,338.3,341.0,345.2,-69.95574065573771,34.967213114754095,2,0.029999999999999964,0.03600000000000003
vehicle_008_session_00797,vehicle_008,797,train,122.75445036429876,73.2,359.7,360.5,363.8,368.2,-69.97541459016394,37.0,0,0.031409836065573744,0.03300000000000036
vehicle_008_session_00798,vehicle_008,798,train,122.06580081666668,47.6,335.0,336.1,338.4,341.6,-45.61843131578948,34.0,0,0.025473684210526287,0.03200000000000003
vehicle_008_session_00799,vehicle_008,799,train,121.98956611368313,43.6,333.8,334.95,337.4375,340.7,-60.11600813333332,33.70666666666666,1,0.02465333333333332,0.03100000000000014
vehicle_008_session_00800,vehicle_008,800,train,120.60008582607796,40.0,332.2,333.25,335.25,337.8,-59.68816486842105,31.94736842105263,2,0.021565789473684194,0.02400000000000002
vehicle_008_session_00801,vehicle_008,801,train,117.80733462893865,22.4,329.9,330.0,331.1,332.5,-70.18525639344264,32.540983606557376,1,0.02149180327868857,0.02300000000000013
vehicle_008_session_00802,vehicle_008,802,train,119.06251628943767,49.2,340.3,341.1,344.4,348.6,-70.14591163934426,35.75409836065574,1,0.032229508196721324,0.03600000000000003
vehicle_008_session_00803,vehicle_008,803,train,117.96262346813731,42.4,335.7,336.1,338.5,342.4,-70.02459262295082,31.42622950819672,1,0.02675409836065571,0.03200000000000003
vehicle_008_session_00804,vehicle_008,804,train,121.0190681216931,69.6,356.9,357.8,361.0,365.0,-69.98360491803278,34.0,0,0.03047540983606558,0.03200000000000003
vehicle_008_session_00805,vehicle_008,805,train,121.0892029380342,55.2,342.5,344.7,348.9,353.0,-69.9606518032787,33.0,0,0.03301639344262293,0.040000000000000036
vehicle_008_session_00806,vehicle_008,806,train,120.99088747427986,23.2,328.6,329.6,331.0,332.4,-70.21804393442622,34.049180327868854,2,0.021508196721311518,0.02300000000000013
vehicle_008_session_00807,vehicle_008,807,train,118.7050547542735,45.2,337.4,338.0,340.5,344.7,-70.17705852459017,36.81967213114754,2,0.02934426229508197,0.03500000000000014
vehicle_008_session_00808,vehicle_008,808,train,122.58039030349798,76.4,362.4,363.2,366.6,371.0,-70.15902524590163,39.0,0,0.03162295081967212,0.03300000000000036
vehicle_008_session_00809,vehicle_008,809,train,120.19792207341267,56.4,346.1,346.9,350.3,354.1,-70.05574229508197,31.688524590163933,1,0.03149180327868853,0.03500000000000014
vehicle_008_session_00810,vehicle_008,810,train,120.81265787037036,46.8,335.2,336.6,339.6,343.6,-59.99736921052631,32.78947368421053,1,0.028618421052631588,0.03600000000000003
vehicle_008_session_00811,vehicle_008,811,train,120.08281127997877,24.4,328.6,329.6,331.0,332.2,-60.09211144736842,27.723684210526315,1,0.018052631578947355,0.020000000000000018
vehicle_008_session_00812,vehicle_008,812,train,120.28755891927086,68.0,355.5,356.3,359.6,363.6,-69.69673213114754,34.0,0,0.030590163934426203,0.03200000000000047
vehicle_008_session_00813,vehicle_008,813,train,119.89273990384616,41.6,333.3,334.65,337.29999999999995,340.8,-69.96000133333334,31.16,1,0.025426666666666625,0.03200000000000003
vehicle_008_session_00814,vehicle_008,814,train,119.93479780815976,68.0,355.5,356.3,359.6,363.6,-70.10820311475409,35.0,0,0.031180327868852425,0.03300000000000036
vehicle_008_session_00815,vehicle_008,815,train,119.13729398148148,44.8,337.1,337.7,340.2,344.6,-70.08525196721313,32.459016393442624,1,0.029491803278688517,0.03600000000000003
vehicle_008_session_00816,vehicle_008,816,train,124.74647379454936,76.4,362.4,363.2,366.6,371.0,-70.06065983606557,35.0,0,0.03165573770491809,0.03300000000000036
vehicle_008_session_00817,vehicle_008,817,train,119.9025272435897,48.4,336.4,338.2,342.2,347.1,-70.15738704918034,30.852459016393443,2,0.03275409836065573,0.038000000000000256
vehicle_008_session_00818,vehicle_008,818,train,119.63543344907409,69.2,356.4,357.4,360.7,364.7,-70.13115704918033,32.68852459016394,1,0.030737704918032772,0.03300000000000036
vehicle_008_session_00819,vehicle_008,819,train,120.33871809486371,62.0,349.6,350.2,352.8,356.1,-57.2426293442623,32.0,0,0.027655737704918037,0.02900000000000036
vehicle_008_session_00820,vehicle_008,820,train,119.93421749921087,27.2,329.2,330.4,332.1,333.8,-70.17334346666667,28.08,2,0.021160000000000036,0.02300000000000013
vehicle_008_session_00821,vehicle_008,821,train,117.27430555555556,34.8,333.5,333.8,335.2,337.7,-70.0,32.60655737704918,1,0.02280327868852456,0.0259999999999998
vehicle_008_session_00822,vehicle_008,822,train,118.84615669515671,39.6,333.9,334.4,336.6,339.7,-69.91967180327869,28.868852459016395,2,0.02475409836065575,0.03000000000000025
vehicle_008_session_00823,vehicle_008,823,train,122.63827348484848,71.2,358.2,358.9,362.1,366.4,-69.81804000000001,32.0,0,0.03122950819672133,0.03300000000000036
vehicle_008_session_00824,vehicle_008,824,train,116.95843488455988,33.6,332.7,333.0,334.6,336.8,-70.07049655737706,31.0327868852459,2,0.022196721311475435,0.02400000000000002
vehicle_008_session_00825,vehicle_008,825,train,120.65973369107749,64.4,353.0,353.8,356.9,360.8,-70.08361213114755,34.0,0,0.03052459016393443,0.03200000000000047
vehicle_008_session_00826,vehicle_008,826,train,127.67995688256329,59.2,346.1,347.4,349.9,352.4,-45.00533386666667,28.0,0,0.026679999999999992,0.03000000000000025
vehicle_008_session_00827,vehicle_008,827,train,117.87800477941175,32.0,327.8,329.54999999999995,331.05,332.1,-37.76066131147541,28.704918032786885,1,0.01362295081967213,0.016000000000000014
vehicle_008_session_00828,vehicle_008,828,train,116.76268389161223,52.4,340.8,341.4,343.6,346.1,-40.09673098360656,30.9672131147541,1,0.031868852459016446,0.03400000000000025
vehicle_008_session_00829,vehicle_008,829,train,120.71816457231043,48.8,336.4,338.3,342.2,347.2,-70.14591114754097,29.737704918032787,1,0.033098360655737714,0.038000000000000256
vehicle_008_session_00830,vehicle_008,830,train,122.74601836158197,74.0,360.3,361.3,364.6,368.9,-70.28198540983607,31.80327868852459,1,0.031491803278688585,0.03300000000000036
vehicle_008_session_00831,vehicle_008,831,train,119.98782521645026,58.0,347.4,348.2,351.4,355.5,-70.00819737704919,31.0,0,0.030754098360655707,0.03400000000000025
vehicle_008_session_00832,vehicle_008,832,train,116.92976121794875,32.0,330.5,331.6,333.5,335.7,-70.04426704918032,29.704918032786885,1,0.021590163934426254,0.02300000000000013
vehicle_008_session_00833,vehicle_008,833,train,119.06701537698414,59.2,348.6,349.4,352.5,356.4,-70.00983950819672,33.0,0,0.030442622950819676,0.03200000000000003
vehicle_008_session_00834,vehicle_008,834,train,118.91273341625207,50.8,340.3,341.1,345.0,349.4,-69.49180245901638,30.770491803278688,1,0.03409836065573775,0.038000000000000256
vehicle_008_session_00835,vehicle_008,835,train,118.65610789609052,14.4,324.9,326.3,328.6,330.2,-69.8901568852459,35.0,0,0.02349180327868851,0.026000000000000245
vehicle_008_session_00836,vehicle_008,836,train,119.8867922916666,52.4,340.7,342.7,346.6571428571429,350.7,-69.89343524590163,39.114754098360656,1,0.03278688524590161,0.03600000000000003
vehicle_008_session_00837,vehicle_008,837,train,124.13530600358425,72.8,359.3,360.0,363.3,367.5,-69.89179639344263,40.0,0,0.03129508196721316,0.03300000000000036
vehicle_008_session_00838,vehicle_008,838,train,120.31565940656564,60.4,349.3,350.0,353.3,357.1,-70.01311606557377,35.0,0,0.03085245901639343,0.03299999999999992
vehicle_008_session_00839,vehicle_008,839,train,121.31232237723214,52.4,338.9,341.20000000000005,345.9,350.3,-69.87894999999999,32.88157894736842,1,0.034855263157894764,0.040000000000000036
vehicle_008_session_00840,vehicle_008,840,train,121.3547170940171,47.2,335.8,337.2,340.8,345.7,-70.11968180327868,35.377049180327866,1,0.031540983606557424,0.038000000000000256
vehicle_008_session_00841,vehicle_008,841,train,122.83870924707597,73.6,359.6,360.5,363.8,368.2,-70.08361393442623,37.0,0,0.03134426229508194,0.032999999999999474
vehicle_008_session_00842,vehicle_008,842,train,119.09173047174329,65.6,353.8,354.6,357.7,361.8,-70.13443590163934,37.0,0,0.03096721311475408,0.03200000000000047
vehicle_008_session_00843,vehicle_008,843,train,121.65028901427469,60.4,347.2,349.4,352.7,356.4,-65.12459836065575,33.0,0,0.029131147540983615,0.03100000000000014
vehicle_008_session_00844,vehicle_008,844,train,120.47253160225442,48.8,338.8,339.6,343.5,348.2,-70.05738311475409,27.62295081967213,1,0.03396721311475409,0.038000000000000256
vehicle_008_session_00845,vehicle_008,845,train,121.11162401533997,13.2,326.4,327.1,328.8,330.0,-69.97868639344263,30.0,0,0.023131147540983592,0.026000000000000245
vehicle_008_session_00846,vehicle_008,846,train,119.87418150252522,40.4,335.2,335.7,337.4,340.3,-69.9606518032787,32.540983606557376,1,0.024967213114754087,0.028999999999999915
vehicle_008_session_00847,vehicle_008,847,train,123.55811744639378,71.2,358.0,358.8,361.9,366.1,-69.94917655737704,35.0,0,0.03152459016393444,0.034000000000000696
vehicle_008_session_00848,vehicle_008,848,train,120.4768409722222,52.0,341.4,342.4,346.0,350.2,-69.38688049180328,31.311475409836067,1,0.03368852459016395,0.037000000000000366
vehicle_008_session_00849,vehicle_008,849,train,119.28105875544665,44.4,334.6,336.1,339.3,343.8,-70.07705606557377,28.770491803278688,1,0.029131147540983574,0.03699999999999992
vehicle_008_session_00850,vehicle_008,850,train,120.1507926179604,64.8,353.2,354.1,357.4,361.3,-70.0836149180328,31.0,0,0.030377049180327836,0.03200000000000003
vehicle_008_session_00851,vehicle_008,851,train,118.32862812928671,32.4,332.2,332.5,333.8,335.8,-70.05574327868852,28.704918032786885,1,0.021704918032786912,0.02300000000000013
vehicle_008_session_00852,vehicle_008,852,train,120.71290359157985,64.8,352.8,353.6,356.8,360.7,-70.07377786885246,32.31147540983606,1,0.030573770491803282,0.03200000000000003
vehicle_008_session_00853,vehicle_008,853,train,119.84876206450092,73.6,358.6,360.3,364.1,368.6,-69.96393622950819,32.08196721311475,1,0.030622950819672055,0.032999999999999474
vehicle_008_session_00854,vehicle_008,854,train,118.76885009920638,34.8,332.2,332.5,334.4,336.8,-69.99836049180328,33.967213114754095,2,0.022590163934426238,0.025000000000000355
vehicle_008_session_00855,vehicle_008,855,train,121.00695182902979,63.2,351.4,352.2,355.3,359.4,-70.00983885245903,37.0,0,0.030819672131147575,0.03299999999999992
vehicle_008_session_00856,vehicle_008,856,train,120.11999811070265,56.4,343.2,345.3,349.4,353.6,-70.05902229508197,33.83606557377049,1,0.032950819672131114,0.040999999999999925
vehicle_008_session_00857,vehicle_008,857,train,116.7798158436214,45.6,335.8,336.3,338.2,341.0,-49.89835114754097,31.59016393442623,1,0.025032786885245868,0.03100000000000014
vehicle_008_session_00858,vehicle_008,858,train,120.58747708333333,67.2,353.5,354.1,356.3,359.3,-49.89671229508196,33.0,0,0.02637704918032789,0.028000000000000025
vehicle_008_session_00859,vehicle_008,859,train,120.76599548611111,71.2,357.2,357.8,360.0,363.2,-50.20984704918034,34.0,0,0.02695081967213109,0.02800000000000047
vehicle_008_session_00860,vehicle_008,860,train,119.38274640239197,35.6,331.3,332.7,334.7,337.2,-69.9973344,29.213333333333335,2,0.022573333333333327,0.0259999999999998
vehicle_008_session_00861,vehicle_008,861,train,118.95082019675924,31.2,330.3,331.1,332.5,334.2,-60.84426819672131,27.688524590163933,1,0.01868852459016395,0.020000000000000018
vehicle_008_session_00862,vehicle_008,862,train,120.29301900584795,55.6,344.7,345.5,348.3,351.6,-58.05246442622951,30.80327868852459,1,0.031229508196721316,0.03600000000000003
vehicle_008_session_00863,vehicle_008,863,train,117.39033041158537,38.8,334.6,334.9,336.8,339.7,-70.03442934426229,30.39344262295082,1,0.02440983606557373,0.028000000000000025
vehicle_008_session_00864,vehicle_008,864,train,119.74917727958939,5.2,320.7,322.0,324.4,326.9,-60.014475,32.0,0,0.021263157894736845,0.02400000000000002
vehicle_008_session_00865,vehicle_008,865,train,121.2524395711501,65.2,351.8,352.4,354.6,357.5,-50.03115065573771,35.0,0,0.02665573770491806,0.028000000000000025
vehicle_008_session_00866,vehicle_008,866,train,116.50109415064102,55.6,344.6,345.2,347.4,350.0,-45.200010000000006,38.0,0,0.02963934426229508,0.03300000000000036
vehicle_008_session_00867,vehicle_008,867,train,114.49893572984752,44.8,336.3,336.6,338.2,340.5,-45.700010000000006,33.540983606557376,1,0.023590163934426207,0.02900000000000036
vehicle_008_session_00868,vehicle_008,868,train,119.03717294337608,43.6,335.0,335.3,336.9,339.3,-49.79510147540986,31.9672131147541,1,0.022803278688524577,0.027000000000000135
vehicle_008_session_00869,vehicle_008,869,train,120.64375326197757,44.4,334.7,336.3,339.4,343.9,-70.20656803278688,33.39344262295082,1,0.030098360655737694,0.03699999999999992
vehicle_008_session_00870,vehicle_008,870,train,119.60616631944447,58.8,348.2,349.1,352.2,356.3,-70.07869639344264,33.9344262295082,1,0.03140983606557379,0.03299999999999992
vehicle_008_session_00871,vehicle_008,871,train,115.8123147985133,39.6,335.7,336.1,338.2,341.3,-70.07377786885245,28.262295081967213,2,0.025868852459016368,0.03200000000000003
vehicle_008_session_00872,vehicle_008,872,train,119.76081192129634,68.0,356.4,357.2,360.3,364.4,-70.05574311475411,31.0,0,0.031098360655737723,0.03300000000000036
vehicle_008_session_00873,vehicle_008,873,train,119.85489583333337,48.4,339.3,339.9,343.2,347.7,-70.09837049180328,33.47540983606557,1,0.032868852459016405,0.03699999999999992
vehicle_008_session_00874,vehicle_008,874,train,120.30598676215273,68.8,356.1,357.1,360.3,364.6,-70.35574098360657,31.639344262295083,1,0.030639344262295084,0.03200000000000047
vehicle_008_session_00875,vehicle_008,875,train,120.85011311413457,38.8,331.1,333.70000000000005,336.0,339.1,-69.65867000000001,27.466666666666665,1,0.0237333333333333,0.028000000000000025
vehicle_008_session_00876,vehicle_008,876,train,117.31990791666665,44.0,336.8,337.4,340.0,344.3,-70.01803459016394,28.360655737704917,1,0.02959016393442621,0.03600000000000003
vehicle_008_session_00877,vehicle_008,877,train,120.73599739583332,74.0,360.8,361.8,365.0,369.4,-69.97212901639344,31.0,0,0.03198360655737708,0.03399999999999981
vehicle_008_session_00878,vehicle_008,878,train,122.23540374999996,75.6,360.5,360.8,363.0,365.8,-44.899989999999995,30.0,0,0.026442622950819665,0.02800000000000047
vehicle_008_session_00879,vehicle_008,879,train,117.97924762575073,48.4,338.9,339.7,342.8,347.4,-69.90490918032786,34.0655737704918,2,0.033016393442622964,0.037000000000000366
vehicle_008_session_00880,vehicle_008,880,train,116.98066187402193,30.8,332.1,332.4,333.6,335.7,-70.78690393442622,31.21311475409836,2,0.02204918032786884,0.02400000000000002
vehicle_008_session_00881,vehicle_008,881,train,119.38693432539687,59.2,348.8,349.6,352.8,356.9,-70.76722983606557,34.721311475409834,1,0.03126229508196723,0.03299999999999992
vehicle_008_session_00882,vehicle_008,882,train,119.30209931841561,9.2,322.5,324.04,327.04,329.1,-70.12132081967212,32.0,0,0.02342622950819671,0.02499999999999991
vehicle_008_session_00883,vehicle_008,883,train,118.25993611111113,30.8,332.4,332.5,333.8,335.7,-70.12296016393442,33.40983606557377,1,0.02191803278688525,0.02400000000000002
vehicle_008_session_00884,vehicle_008,884,train,120.66527355072466,59.2,348.5,349.3,352.5,356.4,-70.11476327868853,36.967213114754095,1,0.031081967213114754,0.03299999999999992
vehicle_008_session_00885,vehicle_008,885,train,121.16345610156915,45.2,333.9,334.79999999999995,336.9,339.3,-45.19867666666668,31.0,0,0.02302666666666663,0.028999999999999915
vehicle_008_session_00886,vehicle_008,886,train,121.01122971322016,50.0,336.3,337.9,340.7375,343.9,-44.81865786666667,33.0,0,0.031039999999999988,0.03600000000000003
vehicle_008_session_00887,vehicle_008,887,train,119.85713127670944,48.8,337.5,337.8,339.9,342.8,-45.100010000000005,35.0,0,0.02826229508196721,0.03400000000000025
vehicle_008_session_00888,vehicle_008,888,train,119.5491060692542,39.2,333.9,334.4,336.1,339.1,-70.21804475409836,33.34426229508197,1,0.0243606557377049,0.028999999999999915
vehicle_008_session_00889,vehicle_008,889,train,121.39573497267766,68.4,355.5,356.4,359.6,363.6,-70.19509344262293,36.0,0,0.031229508196721368,0.03200000000000003
vehicle_008_session_00890,vehicle_008,890,train,121.27497861111108,62.4,349.3,349.9,352.2,355.2,-49.890156885245894,35.75409836065574,-1,0.0265737704918033,0.028000000000000025
vehicle_008_session_00891,vehicle_008,891,train,119.76659657921806,56.8,346.1,346.9,350.3,354.3,-70.03771,37.77049180327869,1,0.031852459016393456,0.03600000000000003
vehicle_008_session_00892,vehicle_008,892,train,117.75643376068376,30.4,329.9,330.2,331.4,332.7,-50.100010000000005,32.50819672131148,1,0.01603278688524595,0.018000000000000238
vehicle_008_session_00893,vehicle_008,893,train,119.15107031250001,58.8,346.4,347.1,349.6,352.4,-51.18033786885246,35.0,0,0.028672131147540955,0.03299999999999992
vehicle_008_session_00894,vehicle_008,894,train,119.04237595611919,46.0,337.1,337.8,341.0,345.7,-69.98852852459014,35.442622950819676,1,0.03188524590163933,0.03799999999999981
vehicle_008_session_00895,vehicle_008,895,train,123.4343321327684,74.0,360.7,361.4,364.7,369.1,-69.97213426229509,37.0,0,0.032081967213114765,0.034000000000000696
vehicle_008_session_00896,vehicle_008,896,train,118.75295209510354,62.8,349.7,351.3,354.9,358.9,-70.10492540983607,34.01639344262295,0,0.030622950819672166,0.03200000000000003
vehicle_008_session_00897,vehicle_008,897,train,118.61574350397824,18.4,327.2,328.55,330.2,331.6,-69.88933666666667,26.84,1,0.021613333333333345,0.025000000000000355
vehicle_008_session_00898,vehicle_008,898,train,120.26263232323227,44.4,334.6,336.0,339.1,343.5,-70.0065580327869,28.60655737704918,1,0.028918032786885234,0.03600000000000003
vehicle_008_session_00899,vehicle_008,899,train,120.82618457892416,66.8,354.6,355.3,358.5,362.7,-70.10164918032787,30.934426229508198,1,0.03144262295081966,0.03299999999999992
vehicle_008_session_00900,vehicle_008,900,train,118.53909775502873,36.4,331.9,333.0,335.0,337.8,-69.88421315789473,28.32894736842105,1,0.022789473684210557,0.02699999999999969
vehicle_008_session_00901,vehicle_008,901,train,119.65363655060216,40.8,331.4,334.29999999999995,336.9,340.3,-69.5407944736842,30.539473684210527,1,0.025499999999999932,0.03200000000000003
vehicle_008_session_00902,vehicle_008,902,train,121.79481193249703,60.4,346.9,349.1,352.7375,356.8,-70.12934133333334,28.733333333333334,1,0.03105333333333333,0.03500000000000014
vehicle_008_session_00903,vehicle_008,903,train,120.06630406746032,58.8,348.3,349.1,352.4,356.4,-70.64755098360655,32.885245901639344,1,0.031245901639344258,0.03399999999999981
vehicle_008_session_00904,vehicle_008,904,train,120.53955547196504,48.0,338.2,338.8,342.2,347.1,-70.01312196721312,32.950819672131146,2,0.03347540983606559,0.038000000000000256
vehicle_008_session_00905,vehicle_008,905,train,121.13585810630339,71.6,357.5,358.2,360.5,363.5,-49.765590327868864,34.0,0,0.026852459016393413,0.029000000000000803
vehicle_008_session_00906,vehicle_008,906,train,120.33781309523808,60.8,348.6,349.6,352.8,356.8,-70.1475506557377,33.08196721311475,1,0.031295081967213104,0.03400000000000025
vehicle_008_session_00907,vehicle_008,907,train,120.30054326047362,50.4,339.9,340.7,344.9,349.4,-69.99016295081967,30.770491803278688,1,0.035393442622950834,0.039000000000000146
vehicle_008_session_00908,vehicle_008,908,train,120.83333881578947,75.2,361.8,362.5,366.0,370.4,-69.98852344262295,32.0,0,0.03291803278688521,0.03500000000000014
vehicle_008_session_00909,vehicle_008,909,train,118.2534488451935,13.6,325.7,326.7,329.2,330.8,-74.25902573770487,27.75409836065574,1,0.023770491803278684,0.027000000000000135
vehicle_008_session_00910,vehicle_008,910,train,121.23057861111116,66.4,353.6,354.3,356.6,359.4,-49.600010000000005,24.295081967213115,1,0.02647540983606562,0.02800000000000047
vehicle_008_session_00911,vehicle_008,911,train,120.47040075136613,49.2,336.4,337.6,340.3,343.6,-45.001333466666665,28.0,0,0.031519999999999986,0.03699999999999992
vehicle_008_session_00912,vehicle_008,912,train,119.98065251068377,50.4,338.6,340.5,345.2,349.9,-69.13607655737705,21.688524590163933,1,0.035786885245901665,0.040000000000000036
vehicle_008_session_00913,vehicle_008,913,train,120.80686793785308,71.6,359.3,360.2,363.3,367.7,-69.10984606557376,23.688524590163933,1,0.03172131147540979,0.034000000000000696
vehicle_008_session_00914,vehicle_008,914,train,115.9313725490196,27.2,329.9,329.9,330.8,332.1,-49.5,23.311475409836067,1,0.015475409836065587,0.017000000000000348
vehicle_008_session_00915,vehicle_008,915,train,116.64868743799603,47.6,337.7,338.0,340.0,343.0,-49.5,25.704918032786885,1,0.028147540983606507,0.03500000000000014
vehicle_008_session_00916,vehicle_008,916,train,116.31815187757199,34.4,331.6,331.7,332.8,334.2,-49.99508147540983,23.852459016393443,1,0.01736065573770495,0.019000000000000128
vehicle_008_session_00917,vehicle_008,917,train,117.47107127700617,47.2,338.8,339.6,342.5,347.1,-70.02951360655737,27.229508196721312,2,0.0327704918032787,0.03699999999999992
vehicle_008_session_00918,vehicle_008,918,train,120.41077653301886,76.0,362.7,363.3,366.8,371.3,-69.98524704918032,29.688524590163933,1,0.03259016393442618,0.034000000000000696
vehicle_008_session_00919,vehicle_008,919,train,116.46702826605905,37.6,332.1,333.3,335.5,338.5,-70.18197655737706,25.78688524590164,2,0.024016393442622942,0.028000000000000025
vehicle_008_session_00920,vehicle_008,920,train,119.10025437801936,63.2,351.8,352.4,355.7,359.7,-70.10984213114754,28.9672131147541,1,0.0316393442622951,0.03299999999999992
vehicle_008_session_00921,vehicle_008,921,train,118.68056238615662,50.8,341.0,341.9,345.7,350.0,-69.9622993442623,29.491803278688526,1,0.034868852459016414,0.038000000000000256
vehicle_008_session_00922,vehicle_008,922,train,122.51042881944447,75.6,362.1,363.0,366.3,370.7,-69.96066098360654,31.16393442622951,1,0.03244262295081967,0.03399999999999981
vehicle_008_session_00923,vehicle_008,923,train,121.65200073450849,75.6,362.2,363.0,366.4,371.0,-71.29837655737705,29.0,0,0.03309836065573771,0.03500000000000014
vehicle_008_session_00924,vehicle_008,924,train,119.92483618721461,62.8,352.2,353.2,356.3,360.3,-70.38687918032787,24.34426229508197,1,0.030606557377049218,0.03200000000000003
vehicle_008_session_00925,vehicle_008,925,train,116.49927256944446,26.0,329.1,330.5,332.1,333.9,-70.10656737704917,21.42622950819672,1,0.021147540983606574,0.02300000000000013
vehicle_008_session_00926,vehicle_008,926,train,116.55357302188553,48.4,340.2,341.0,344.3,348.6,-70.10820672131148,24.57377049180328,1,0.033950819672131156,0.037000000000000366
vehicle_008_session_00927,vehicle_008,927,train,121.24875934343436,75.2,362.2,363.0,366.4,370.8,-70.14263295081969,27.0,0,0.03298360655737704,0.03500000000000014
vehicle_008_session_00928,vehicle_008,928,train,121.68098828976034,60.0,347.5,348.2,350.7,353.5,-49.631157540983615,24.0,0,0.02845901639344259,0.03200000000000003
vehicle_008_session_00929,vehicle_008,929,train,120.21621802935007,75.2,364.1,364.9,368.3,372.7,-70.66886278688524,26.524590163934427,1,0.031786885245901626,0.03300000000000036
vehicle_008_session_00930,vehicle_008,930,train,117.3268810281636,19.2,328.0,329.4,330.7,332.1,-70.38360836065573,22.950819672131146,2,0.020819672131147555,0.02300000000000013
vehicle_008_session_00931,vehicle_008,931,train,116.37203625992063,48.0,340.5,341.3,344.6,348.9,-70.24426868852458,26.918032786885245,2,0.0337049180327869,0.037000000000000366
vehicle_008_session_00932,vehicle_008,932,train,117.11292579732512,2.8,320.3,322.1,325.0,327.7,-70.57541721311476,27.0,0,0.02501639344262292,0.028999999999999915
vehicle_008_session_00933,vehicle_008,933,train,117.89601421957673,24.4,331.0,331.3,332.2,333.6,-70.59509081967214,28.147540983606557,1,0.020999999999999994,0.02300000000000013
vehicle_008_session_00934,vehicle_008,934,train,122.1995724587912,58.4,347.8,348.8,351.9,355.8,-70.62132131147541,32.0655737704918,1,0.03185245901639343,0.03399999999999981
vehicle_008_session_00935,vehicle_008,935,train,121.52062218291412,57.6,345.0,345.7,348.0,350.7,-44.80002000000002,27.24590163934426,1,0.030557377049180302,0.03500000000000014
vehicle_008_session_00936,vehicle_008,936,train,117.45636738978082,25.6,331.0,331.3,332.4,333.9,-70.08689229508197,26.934426229508198,2,0.020819672131147583,0.02300000000000013
vehicle_008_session_00937,vehicle_008,937,train,121.45722267025083,69.6,357.1,357.8,361.1,365.2,-70.00000475409836,32.18032786885246,1,0.03149180327868852,0.03300000000000036
vehicle_008_session_00938,vehicle_008,938,train,120.69245859953708,49.6,336.4,337.6,340.4,343.9,-44.90788552631578,29.592105263157894,1,0.031565789473684186,0.03799999999999981
vehicle_008_session_00939,vehicle_008,939,train,120.1307267667484,57.6,343.8,346.3,350.3,354.6,-70.09836639344263,27.62295081967213,1,0.03350819672131149,0.040999999999999925
vehicle_008_session_00940,vehicle_008,940,train,119.47642768959442,70.4,357.8,358.6,361.9,366.1,-69.82951934426231,26.770491803278688,1,0.03159016393442617,0.03399999999999981
vehicle_008_session_00941,vehicle_008,941,train,119.38972836538464,75.2,361.6,362.2,364.7,367.7,-50.2524742622951,27.459016393442624,1,0.02962295081967213,0.031000000000000583
vehicle_008_session_00942,vehicle_008,942,train,119.85418137626264,71.2,358.6,359.6,362.7,366.8,-67.58197475409837,23.0,0,0.033950819672131136,0.03500000000000014
vehicle_008_session_00943,vehicle_008,943,train,117.71173361280493,16.8,328.0,328.5,329.4,331.1,-62.28688688524591,19.147540983606557,7,0.01985245901639345,0.022999999999999687
vehicle_008_session_00944,vehicle_008,944,train,115.92579778645842,49.6,341.9,342.8,346.3,350.5,-70.10001000000001,27.311475409836067,1,0.035098360655737695,0.038000000000000256
vehicle_008_session_00945,vehicle_008,945,train,119.73265711805557,54.8,341.8,344.1,347.8,352.2,-60.736074426229514,19.114754098360656,7,0.036098360655737675,0.04200000000000026
vehicle_008_session_00946,vehicle_008,946,train,116.92441893696584,47.2,339.6,340.2,343.5,348.2,-70.0426268852459,19.639344262295083,1,0.03426229508196722,0.038000000000000256
vehicle_008_session_00947,vehicle_008,947,train,119.0983156467014,68.0,356.9,357.8,361.1,365.2,-70.03770836065574,22.0,0,0.03193442622950817,0.03300000000000036
vehicle_008_session_00948,vehicle_008,948,train,117.35602185457518,20.8,327.7,328.9,330.0,331.9,-61.649189344262304,19.0,7,0.01914754098360659,0.02300000000000013
vehicle_008_session_00949,vehicle_008,949,train,118.04963153326024,48.4,340.3,341.0,344.4,348.8,-70.2164019672131,26.983606557377048,2,0.03475409836065575,0.038000000000000256
vehicle_008_session_00950,vehicle_008,950,train,118.45808681841564,44.4,337.2,337.8,340.7,345.0,-70.20968354838709,20.516129032258064,1,0.0315483870967742,0.039000000000000146
vehicle_008_session_00951,vehicle_008,951,train,120.57127882599586,74.4,359.9,360.3,362.4,365.2,-45.0,23.0,0,0.027409836065573744,0.028999999999999915
vehicle_008_session_00952,vehicle_008,952,train,119.78281161492374,54.4,343.0,343.8,346.6,349.7,-49.95081475409836,25.295081967213115,1,0.03409836065573772,0.0389999999999997
vehicle_008_session_00953,vehicle_008,953,train,121.19193378831419,56.0,343.0,345.5,349.9,354.3,-70.25246868852459,20.770491803278688,1,0.035573770491803276,0.04300000000000015
vehicle_008_session_00954,vehicle_008,954,train,117.07970659722226,35.2,333.6,333.9,335.5,338.0,-70.05246393442624,22.327868852459016,1,0.023262295081967213,0.027000000000000135
vehicle_008_session_00955,vehicle_008,955,train,120.26658411738354,70.0,357.7,358.5,361.8,366.0,-70.03115049180327,26.0,0,0.03260655737704926,0.034000000000000696
vehicle_008_session_00956,vehicle_008,956,train,121.10056181795633,72.0,357.8,358.5,360.7,363.6,-49.45573327868852,27.0,0,0.027934426229508178,0.02999999999999936
vehicle_008_session_00957,vehicle_008,957,train,116.9710367296007,35.6,333.3,333.8,335.5,338.2,-69.55574311475411,27.295081967213115,1,0.023754098360655722,0.028000000000000025
vehicle_008_session_00958,vehicle_008,958,train,119.9940261015326,61.6,351.1,351.8,354.9,358.9,-69.5688586885246,30.0,0,0.03193442622950822,0.03300000000000036
vehicle_008_session_00959,vehicle_008,959,train,116.11574754629628,27.2,331.1,331.4,332.7,334.6,-70.08525114754099,25.147540983606557,2,0.021491803278688524,0.02300000000000013
vehicle_008_session_00960,vehicle_008,960,train,119.06954926529791,57.6,347.7,348.5,351.8,355.7,-70.00819885245902,28.950819672131146,1,0.032442622950819656,0.03500000000000014
vehicle_008_session_00961,vehicle_008,961,train,121.32330594746976,57.2,343.5,345.75,349.4,353.0,-60.08533866666666,25.893333333333334,1,0.03302666666666666,0.040999999999999925
vehicle_008_session_00962,vehicle_008,962,train,118.82478311965812,23.6,329.2,329.4,330.2,331.1,-49.98360491803279,26.0,0,0.015196721311475425,0.016999999999999904
vehicle_008_session_00963,vehicle_008,963,train,114.12058673878205,44.4,336.4,336.9,338.6,341.3,-49.96229131147541,28.37704918032787,1,0.024868852459016325,0.03000000000000025
vehicle_008_session_00964,vehicle_008,964,train,118.5613189203354,65.2,352.7,353.3,355.5,358.3,-49.98524442622951,30.0,0,0.027524590163934444,0.028999999999999915
vehicle_008_session_00965,vehicle_008,965,train,117.58578431372554,47.2,337.4,337.8,339.6,342.2,-45.0,29.39344262295082,1,0.026459016393442614,0.03200000000000003
vehicle_008_session_00966,vehicle_008,966,train,118.68230329861113,65.6,355.8,356.8,359.9,364.1,-70.10656524590163,26.262295081967213,1,0.03139344262295085,0.03300000000000036
vehicle_008_session_00967,vehicle_008,967,train,116.72475901442309,23.2,328.3,329.6,331.1,332.8,-70.45573524590165,26.491803278688526,1,0.021131147540983608,0.02200000000000024
vehicle_008_session_00968,vehicle_008,968,train,116.33054171489198,44.0,337.2,337.7,340.2,344.3,-70.50819754098362,29.327868852459016,1,0.03014754098360652,0.03699999999999992
vehicle_008_session_00969,vehicle_008,969,train,120.4690825471698,72.8,359.7,360.5,363.8,368.2,-70.57377770491803,31.983606557377048,1,0.033016393442622916,0.03500000000000014
vehicle_008_session_00970,vehicle_008,970,train,119.84387943899783,36.4,331.6,332.9,335.2,338.0,-70.30132486842105,27.539473684210527,1,0.02323684210526314,0.027000000000000135
vehicle_008_session_00971,vehicle_008,971,train,120.65775664682543,63.6,352.1,353.0,356.1,360.2,-70.18033786885246,32.0,0,0.03203278688524588,0.03300000000000036
vehicle_008_session_00972,vehicle_008,972,train,120.26368479938279,68.4,355.0,355.5,357.7,360.2,-44.79182245901641,22.0,0,0.026770491803278697,0.02800000000000047
vehicle_008_session_00973,vehicle_008,973,train,117.54243775720168,67.2,354.4,354.9,357.2,360.2,-50.49180245901639,27.0,0,0.029377049180327866,0.03100000000000014
vehicle_008_session_00974,vehicle_008,974,train,119.17361490174672,6.4,320.8,322.1,324.1,326.0,-44.906657333333335,20.0,0,0.018106666666666674,0.02100000000000035
vehicle_008_session_00975,vehicle_008,975,train,119.85533564814818,71.2,358.2,358.9,361.6,364.9,-56.02623524590165,24.0,0,0.030131147540983557,0.03200000000000003
vehicle_008_session_00976,vehicle_008,976,train,118.27419881687243,31.6,330.7,330.8,331.7,333.0,-45.08197540983607,20.524590163934427,1,0.015393442622950842,0.017000000000000348
vehicle_008_session_00977,vehicle_008,977,train,121.54724916666669,72.4,358.0,358.5,360.5,363.2,-45.100010000000005,25.0,0,0.026622950819672097,0.02800000000000047
vehicle_008_session_00978,vehicle_008,978,train,117.86872437499999,24.4,327.8,328.5,329.7,330.7,-44.908187540983604,24.672131147540984,1,0.01454098360655737,0.016000000000000014
vehicle_008_session_00979,vehicle_008,979,train,122.29795093351547,72.8,359.4,360.2,363.6,368.2,-70.31968098360656,27.737704918032787,1,0.033065573770491734,0.03500000000000014
vehicle_008_session_00980,vehicle_008,980,train,120.02587342171715,44.0,334.9,336.4,339.6,344.3,-70.39343721311475,23.491803278688526,1,0.029868852459016396,0.037000000000000366
vehicle_008_session_00981,vehicle_008,981,train,121.0612020399306,66.4,355.2,356.0,359.1,363.3,-70.46720983606556,26.0,0,0.031836065573770514,0.033999999999999364
vehicle_008_session_00982,vehicle_008,982,train,119.11771794871792,57.2,348.0,348.9,352.2,356.1,-70.70000999999998,24.80327868852459,1,0.032688524590163935,0.03600000000000003
vehicle_008_session_00983,vehicle_008,983,train,121.21067335069448,67.2,353.0,354.95,358.55,362.7,-70.0333376,25.85333333333333,1,0.031186666666666685,0.03300000000000036
vehicle_008_session_00984,vehicle_008,984,train,118.5911204755892,60.8,349.9,350.8,354.1,358.2,-69.99836049180328,26.459016393442624,1,0.031754098360655764,0.03300000000000036
vehicle_008_session_00985,vehicle_008,985,train,116.75556203703702,29.2,332.1,332.4,333.6,335.5,-70.08033344262296,24.672131147540984,1,0.021459016393442634,0.02400000000000002
vehicle_008_session_00986,vehicle_008,986,train,118.10268348214288,59.2,349.4,350.2,353.3,357.2,-70.02459278688525,28.83606557377049,1,0.03206557377049182,0.03400000000000025
vehicle_008_session_00987,vehicle_008,987,train,119.95406869658122,62.8,353.3,354.3,357.2,361.3,-69.96885622950819,24.262295081967213,1,0.03240983606557376,0.03400000000000025
vehicle_008_session_00988,vehicle_008,988,train,118.64840290637859,53.6,342.1,342.7,344.9,348.3,-41.27704245901639,19.508196721311474,9,0.03308196721311477,0.03600000000000003
vehicle_008_session_00989,vehicle_008,989,train,115.04631944444448,35.2,332.7,333.0,334.1,335.7,-49.700010000000006,21.737704918032787,1,0.01944262295081968,0.021999999999999797
vehicle_008_session_00990,vehicle_008,990,train,115.72306250000003,55.6,345.0,345.8,348.3,351.1,-49.700010000000006,24.0,0,0.030803278688524567,0.03400000000000025
vehicle_008_session_00991,vehicle_008,991,train,118.18975275735295,9.6,323.2,324.9,327.2,328.6,-58.406668933333336,18.8,6,0.0238533333333333,0.026000000000000245
vehicle_008_session_00992,vehicle_008,992,train,118.03596852598567,49.2,339.6,340.2,343.3,347.1,-58.739351803278694,24.81967213114754,1,0.03426229508196725,0.038000000000000256
vehicle_008_session_00993,vehicle_008,993,train,120.11552717681627,74.0,360.7,361.4,364.1,367.4,-55.44918508196721,26.0,0,0.03155737704918035,0.03300000000000036
vehicle_008_session_00994,vehicle_008,994,train,117.34783701989028,27.2,331.4,331.7,332.8,334.6,-70.20492606557377,25.672131147540984,1,0.022639344262295122,0.02400000000000002
vehicle_008_session_00995,vehicle_008,995,train,118.28586279616017,59.6,349.9,350.7,353.8,357.8,-70.1967318032787,29.0,0,0.03365573770491804,0.03500000000000014
vehicle_008_session_00996,vehicle_008,996,train,117.31263266283526,37.2,334.4,334.7,336.4,339.3,-70.0934518032787,26.24590163934426,1,0.025918032786885245,0.029999999999999805
vehicle_008_session_00997,vehicle_008,997,train,113.67526442307697,46.0,337.7,338.0,339.9,342.5,-44.80002000000002,23.0,0,0.027393442622950803,0.03299999999999992
vehicle_008_session_00998,vehicle_008,998,train,121.24780395723106,48.4,336.9,338.8,343.0,348.0,-70.1295180327869,21.57377049180328,1,0.03514754098360657,0.040000000000000036
vehicle_008_session_00999,vehicle_008,999,train,120.21517618897303,64.8,353.5,354.4,357.7,361.8,-70.01967409836067,22.0,0,0.03286885245901637,0.0349999999999997
vehicle_008_session_01000,vehicle_008,1000,train,120.48658425925923,58.4,348.0,348.8,352.4,356.3,-70.09344901639344,21.0,0,0.03244262295081965,0.03500000000000014
vehicle_008_session_01001,vehicle_008,1001,train,121.1092102402998,64.0,351.1,351.6,353.8,356.4,-44.899989999999995,22.0,0,0.02637704918032789,0.028000000000000025
vehicle_008_session_01002,vehicle_008,1002,train,114.87079644808742,26.8,329.7,331.0,332.7,334.6,-70.13443524590164,20.098360655737704,2,0.02078688524590165,0.02300000000000013
vehicle_008_session_01003,vehicle_008,1003,train,117.82919744925218,48.0,336.4,338.5,342.5,347.5,-70.0311506557377,23.40983606557377,1,0.03519672131147542,0.040000000000000036
vehicle_008_session_01004,vehicle_008,1004,train,120.83440641025639,68.8,356.8,357.7,360.8,365.2,-70.02131360655737,25.0,0,0.03370491803278691,0.03599999999999959
vehicle_008_session_01005,vehicle_008,1005,train,116.85187241285406,22.4,329.2,329.4,330.0,331.0,-46.1557486885246,24.524590163934427,1,0.014000000000000009,0.015000000000000124
vehicle_008_session_01006,vehicle_008,1006,train,114.88018327886711,42.8,335.8,336.0,337.4,339.3,-45.296723606557386,26.983606557377048,1,0.02172131147540978,0.026000000000000245
vehicle_008_session_01007,vehicle_008,1007,train,117.88846381293403,26.4,329.4,330.5,332.1,333.9,-70.15738573770491,22.737704918032787,1,0.02152459016393448,0.02400000000000002
vehicle_008_session_01008,vehicle_008,1008,train,118.67966053391054,52.4,342.8,343.8,347.4,351.4,-70.01475770491803,26.360655737704917,1,0.03481967213114755,0.037000000000000366
vehicle_008_session_01009,vehicle_008,1009,train,119.30419604700855,68.4,356.0,356.4,358.8,361.8,-49.899989999999995,18.491803278688526,1,0.027311475409836035,0.028999999999999915
vehicle_008_session_01010,vehicle_008,1010,train,120.55997608024691,66.8,355.7,356.4,359.9,363.9,-70.14918704918033,22.540983606557376,1,0.03203278688524585,0.033999999999999364
vehicle_008_session_01011,vehicle_008,1011,train,119.91310736047109,10.8,322.8,324.29999999999995,326.79999999999995,328.8,-60.030671066666656,23.0,0,0.021119999999999976,0.02300000000000013
vehicle_008_session_01012,vehicle_008,1012,train,120.02013490300736,44.4,334.2,335.7,338.4,342.1,-60.202642499999996,23.855263157894736,1,0.027618421052631563,0.03400000000000025
vehicle_008_session_01013,vehicle_008,1013,train,117.04838075678661,22.8,328.5,329.5,330.8,332.2,-60.04933773333333,22.613333333333333,1,0.017813333333333344,0.019000000000000128
vehicle_008_session_01014,vehicle_008,1014,train,118.42661646825398,19.2,329.1,329.4,330.5,331.7,-69.80329770491802,28.098360655737704,1,0.021229508196721324,0.02400000000000002
vehicle_008_session_01015,vehicle_008,1015,train,116.23242480022833,47.2,339.3,339.9,342.8,347.2,-69.80657540983607,31.62295081967213,1,0.03314754098360657,0.03799999999999981
vehicle_008_session_01016,vehicle_008,1016,train,115.36756850198415,46.8,339.4,340.0,343.0,347.5,-70.0541037704918,27.639344262295083,1,0.03355737704918037,0.038000000000000256
vehicle_008_session_01017,vehicle_008,1017,train,118.27358310564667,39.2,332.7,333.8,336.4,339.6,-70.20000967213116,27.24590163934426,2,0.025459016393442616,0.03000000000000025
vehicle_008_session_01018,vehicle_008,1018,train,119.94766383547012,63.6,352.2,353.0,356.1,360.2,-70.1557462295082,30.0,0,0.03255737704918035,0.03400000000000025
vehicle_008_session_01019,vehicle_008,1019,train,118.12713322649574,52.8,342.2,343.2,346.9,351.1,-69.9688493442623,31.770491803278688,1,0.03568852459016394,0.039000000000000146
vehicle_008_session_01020,vehicle_008,1020,train,115.64513737922702,50.8,342.2,343.0,346.8,350.8,-70.07541573770492,32.75409836065574,1,0.03447540983606555,0.03799999999999981
vehicle_008_session_01021,vehicle_008,1021,train,116.65347965277779,32.4,331.9,332.4,333.9,336.1,-69.98852770491803,26.327868852459016,1,0.021967213114754087,0.02499999999999991
vehicle_008_session_01022,vehicle_008,1022,train,118.30213994565219,52.4,342.7,343.6,347.2,351.4,-69.98525032786885,28.81967213114754,1,0.03450819672131147,0.03699999999999992
vehicle_008_session_01023,vehicle_008,1023,train,117.60005250000002,48.0,337.7,338.0,339.9,342.8,-44.80002000000002,27.0,0,0.027737704918032766,0.03299999999999992
vehicle_008_session_01024,vehicle_008,1024,train,119.2806007728495,64.8,350.7,351.9,354.3,357.1,-45.03934819672133,27.0,0,0.02649180327868857,0.028000000000000025
vehicle_008_session_01025,vehicle_008,1025,train,118.98091961805557,49.2,340.3,341.1,344.6,349.1,-70.61640344262295,29.672131147540984,1,0.034885245901639376,0.038000000000000256
vehicle_008_session_01026,vehicle_008,1026,train,117.0669805424529,19.6,327.2,328.6,330.2,331.7,-69.78198409836065,29.37704918032787,1,0.021754098360655744,0.02400000000000002
vehicle_008_session_01027,vehicle_008,1027,train,115.96567839714714,40.8,335.7,336.1,338.2,341.6,-69.80493590163934,32.032786885245905,2,0.027770491803278674,0.03300000000000036
vehicle_008_session_01028,vehicle_008,1028,train,122.72477844785575,70.8,357.7,358.5,361.8,366.0,-69.84754672131147,34.68852459016394,1,0.03344262295081962,0.03500000000000014
vehicle_008_session_01029,vehicle_008,1029,train,119.40495510057471,16.4,326.6,328.0,329.9,331.3,-70.2082075409836,26.0327868852459,2,0.022311475409836055,0.026000000000000245
vehicle_008_session_01030,vehicle_008,1030,train,116.14082817068713,39.6,335.8,336.3,338.3,341.6,-70.25247426229508,29.016393442622952,2,0.02732786885245899,0.03299999999999992
vehicle_008_session_01031,vehicle_008,1031,train,119.70992607526884,70.0,358.5,359.3,362.5,366.8,-70.24099770491803,31.885245901639344,1,0.033327868852459044,0.03500000000000014
vehicle_008_session_01032,vehicle_008,1032,train,116.52200331439393,42.4,335.8,336.3,338.9,342.8,-70.05574327868852,24.491803278688526,1,0.02870491803278687,0.03500000000000014
vehicle_008_session_01033,vehicle_008,1033,train,119.30523333333333,68.8,356.9,357.5,360.88,365.0,-70.1639444262295,27.34426229508197,1,0.03272131147540979,0.03500000000000014
vehicle_008_session_01034,vehicle_008,1034,train,121.34431708333334,65.6,351.9,353.55,357.15,361.3,-70.11843065789472,25.894736842105264,1,0.03215789473684209,0.03300000000000036
vehicle_008_session_01035,vehicle_008,1035,train,118.4236265873016,42.8,334.7,336.1,338.9,343.2,-69.74263704918033,24.39344262295082,1,0.029131147540983587,0.03600000000000003
vehicle_008_session_01036,vehicle_008,1036,train,118.89289523237183,70.8,358.9,359.7,363.0,367.4,-69.89343918032786,27.0,0,0.033131147540983605,0.03500000000000014
vehicle_008_session_01037,vehicle_008,1037,train,120.84853396267364,66.4,354.3,355.0,358.5,362.5,-70.07377737704918,24.0,0,0.031163934426229542,0.03300000000000036
vehicle_008_session_01038,vehicle_008,1038,train,119.9198279040404,74.0,361.0,361.9,365.3,369.9,-69.92458459016393,27.262295081967213,1,0.03240983606557377,0.03399999999999981
vehicle_008_session_01039,vehicle_008,1039,train,121.17813182261212,72.0,359.6,360.3,363.6,368.0,-70.19017180327867,26.0,0,0.03349180327868856,0.03500000000000014
vehicle_008_session_01040,vehicle_008,1040,train,120.06760187251982,56.8,344.6,346.8,350.8,354.9,-70.19181393442622,21.918032786885245,2,0.03398360655737708,0.040000000000000036
vehicle_008_session_01041,vehicle_008,1041,train,117.42852971813728,30.8,332.7,333.0,334.2,336.3,-70.11968213114754,27.491803278688526,1,0.02221311475409836,0.025000000000000355
vehicle_008_session_01042,vehicle_008,1042,train,119.77104883720932,58.4,348.6,349.6,352.7,356.6,-70.10984606557376,31.0,0,0.03278688524590164,0.03500000000000014
vehicle_008_session_01043,vehicle_008,1043,train,119.76673285818715,49.6,337.5,339.35,343.70000000000005,348.3,-70.1240076,28.413333333333334,1,0.03561333333333335,0.040000000000000036
vehicle_008_session_01044,vehicle_008,1044,train,117.58633396026232,29.2,331.0,331.4,332.7,334.7,-70.09345163934427,27.42622950819672,1,0.021721311475409854,0.02300000000000013
vehicle_008_session_01045,vehicle_008,1045,train,119.18073909985935,58.4,347.7,348.5,351.8,355.8,-70.03279016393444,31.0,0,0.03326229508196719,0.03600000000000003
vehicle_008_session_01046,vehicle_008,1046,train,117.41065317622953,44.4,334.4,336.3,339.4,344.1,-69.22952114754098,25.278688524590162,2,0.030508196721311463,0.039000000000000146
vehicle_008_session_01047,vehicle_008,1047,train,120.09782679398153,68.8,356.8,357.5,360.7,364.9,-69.20656803278689,27.704918032786885,1,0.032737704918032726,0.034999999999999254
vehicle_008_session_01048,vehicle_008,1048,train,120.02474742213805,69.6,356.6,357.2,360.5,364.7,-70.08033573770493,27.491803278688526,1,0.03216393442622948,0.03300000000000036
vehicle_008_session_01049,vehicle_008,1049,train,116.32472390572397,43.2,336.9,337.4,340.0,344.3,-71.31968491803279,28.918032786885245,2,0.030639344262295077,0.037000000000000366
vehicle_008_session_01050,vehicle_008,1050,train,120.71262511022927,70.0,357.7,358.6,361.9,366.1,-71.38032573770492,31.75409836065574,1,0.03314754098360655,0.03500000000000014
vehicle_008_session_01051,vehicle_008,1051,train,119.76914442179951,42.4,333.8,335.25,338.1,342.1,-70.40265693333332,31.28,1,0.02893333333333334,0.03600000000000003
vehicle_008_session_01052,vehicle_008,1052,train,117.27805405773421,42.0,333.3,334.7,337.4,341.3,-70.03279016393444,31.39344262295082,1,0.028098360655737675,0.03400000000000025
vehicle_008_session_01053,vehicle_008,1053,train,119.92029435641628,62.4,350.8,351.8,354.9,358.8,-70.03606918032789,33.0,0,0.03337704918032788,0.03500000000000014
vehicle_008_session_01054,vehicle_008,1054,train,118.72398464209405,63.2,350.5,351.1,353.2,355.7,-45.10656737704919,25.737704918032787,1,0.02721311475409837,0.02900000000000036
vehicle_008_session_01055,vehicle_008,1055,train,114.99998914141415,42.8,335.3,335.8,337.5,340.2,-50.89179573770492,20.0,0,0.024475409836065543,0.028999999999999915
vehicle_008_session_01056,vehicle_008,1056,train,117.97619047619047,26.0,329.6,329.7,330.3,331.1,-40.0,23.19672131147541,1,0.012622950819672138,0.01399999999999979
vehicle_008_session_01057,vehicle_008,1057,train,118.69538738715278,18.8,327.7,328.70000000000005,330.3,331.7,-69.95600093333333,24.14666666666667,1,0.021093333333333332,0.02300000000000013
vehicle_008_session_01058,vehicle_008,1058,train,117.10006572788063,24.4,328.9,330.0,331.3,332.7,-60.65246622950821,23.639344262295083,1,0.017918032786885283,0.020000000000000018
vehicle_008_session_01059,vehicle_008,1059,train,113.18110249732905,46.0,338.5,338.9,341.4,345.2,-58.77541442622952,26.672131147540984,1,0.027360655737704912,0.03200000000000003
vehicle_008_session_01060,vehicle_008,1060,train,119.71913498263886,66.8,354.9,355.5,358.0,361.1,-56.46066114754099,28.60655737704918,1,0.025688524590163943,0.027000000000000135
vehicle_008_session_01061,vehicle_008,1061,train,117.21417578125002,51.2,341.9,342.8,346.4,350.8,-71.57213819672131,29.0,2,0.03093442622950819,0.03300000000000036
vehicle_008_session_01062,vehicle_008,1062,train,116.84593782956688,27.2,328.6,330.7,332.2,334.1,-69.81640262295083,27.16393442622951,1,0.02126229508196722,0.02300000000000013
vehicle_008_session_01063,vehicle_008,1063,train,117.66958700684383,51.2,341.9,342.7,346.3,350.5,-70.02295311475409,30.147540983606557,2,0.031163934426229462,0.03400000000000025
vehicle_008_session_01064,vehicle_008,1064,train,119.11523926183123,72.8,359.9,360.8,364.3,368.6,-70.21967967213116,32.0,0,0.029245901639344266,0.031000000000000583
vehicle_008_session_01065,vehicle_008,1065,train,117.18515842749531,7.6,322.8,324.4,327.2,329.4,-70.13771360655737,25.0,0,0.022672131147540946,0.02400000000000002
vehicle_008_session_01066,vehicle_008,1066,train,116.53072232003129,31.2,332.8,333.2,334.4,336.4,-70.06557852459017,27.360655737704917,1,0.021426229508196743,0.02300000000000013
vehicle_008_session_01067,vehicle_008,1067,train,119.64555203510803,59.6,349.7,350.5,353.6,357.5,-70.10000639344263,31.0,0,0.02831147540983607,0.03000000000000025
vehicle_008_session_01068,vehicle_008,1068,train,120.22498615867579,62.0,350.5,351.4,354.6,358.6,-70.02295311475409,30.0,0,0.029180327868852485,0.03100000000000014
vehicle_008_session_01069,vehicle_008,1069,train,117.61171084943639,17.2,326.3,327.7,329.7,331.1,-69.97704688524591,29.459016393442624,1,0.022262295081967223,0.026000000000000245
vehicle_008_session_01070,vehicle_008,1070,train,117.52580137950453,45.2,337.7,338.3,340.8,345.0,-69.96229131147541,32.68852459016394,1,0.027836065573770455,0.03299999999999992
vehicle_008_session_01071,vehicle_008,1071,train,124.27270622519845,75.2,361.3,362.1,365.5,369.9,-69.96721049180329,35.0,0,0.02981967213114757,0.03200000000000003
vehicle_008_session_01072,vehicle_008,1072,train,119.23664142827529,64.4,352.5,353.5,356.6,360.7,-70.07541737704919,31.0,0,0.02886885245901638,0.03000000000000025
vehicle_008_session_01073,vehicle_008,1073,train,117.73259293032787,39.2,334.4,334.78,336.68,339.7,-70.04918524590164,29.540983606557376,1,0.02301639344262292,0.027000000000000135
vehicle_008_session_01074,vehicle_008,1074,train,118.70959297263681,63.6,352.1,353.0,356.1,360.2,-70.09181245901641,32.09836065573771,1,0.028672131147540993,0.03000000000000025
vehicle_008_session_01075,vehicle_008,1075,train,118.23290959821425,22.8,329.6,329.7,330.3,331.3,-52.100010000000005,29.0,0,0.015606557377049194,0.017000000000000348
vehicle_008_session_01076,vehicle_008,1076,train,116.3959616290019,45.2,337.1,337.5,339.3,342.2,-52.080335901639344,31.442622950819672,1,0.023098360655737716,0.02900000000000036
vehicle_008_session_01077,vehicle_008,1077,train,120.14087676886793,68.8,355.7,356.3,358.6,361.6,-52.0918124590164,33.0,0,0.025262295081967225,0.026000000000000245
vehicle_008_session_01078,vehicle_008,1078,train,116.62358285440617,23.6,327.7,328.5,329.7,330.8,-52.09673098360656,27.491803278688526,1,0.016426229508196746,0.018000000000000238
vehicle_008_session_01079,vehicle_008,1079,train,115.62986854166665,46.8,337.2,337.7,339.6,342.7,-52.03606918032787,30.278688524590162,1,0.024704918032786852,0.03000000000000025
vehicle_008_session_01080,vehicle_008,1080,train,120.38133611111111,66.8,353.3,353.9,356.3,359.3,-52.09837049180329,32.0,0,0.025229508196721342,0.027000000000000135
vehicle_008_session_01081,vehicle_008,1081,train,116.80138939814815,32.4,331.1,332.1,333.8,336.1,-70.00983704918032,27.852459016393443,1,0.021540983606557415,0.02300000000000013
vehicle_008_session_01082,vehicle_008,1082,train,120.01736699459882,62.8,351.6,352.5,355.7,359.6,-70.0,31.049180327868854,1,0.028295081967213156,0.02900000000000036
vehicle_008_session_01083,vehicle_008,1083,train,116.53446299467281,25.2,329.4,330.3,331.9,333.6,-70.79346131147541,24.9672131147541,2,0.02108196721311479,0.02200000000000024
vehicle_008_session_01084,vehicle_008,1084,train,117.60771185587764,54.8,345.3,346.3,349.7,353.8,-70.80165885245901,28.901639344262296,1,0.02985245901639343,0.03300000000000036
vehicle_008_session_01085,vehicle_008,1085,train,116.29234957627116,33.6,331.7,332.1,333.0,334.4,-49.899989999999995,30.57377049180328,1,0.016409836065573804,0.018000000000000238
vehicle_008_session_01086,vehicle_008,1086,train,116.25557717293906,57.2,346.0,346.4,348.9,351.9,-49.899989999999995,33.0,0,0.027393442622950823,0.03100000000000014
vehicle_008_session_01087,vehicle_008,1087,train,118.66125913065842,57.6,346.4,347.1,349.6,352.4,-49.88032442622952,33.0,0,0.02680327868852457,0.03000000000000025
vehicle_008_session_01088,vehicle_008,1088,train,120.12011508424406,70.8,357.7,358.39,361.83,366.0,-70.08033491803278,31.9672131147541,1,0.029245901639344252,0.031000000000000583
vehicle_008_session_01089,vehicle_008,1089,train,114.22251974400879,45.2,336.4,336.8,338.5,341.0,-45.100010000000005,31.0,0,0.022245901639344222,0.027000000000000135
vehicle_008_session_01090,vehicle_008,1090,train,120.10623095383986,65.6,351.0,353.0,356.9,361.1,-70.75739278688523,26.59016393442623,1,0.028426229508196715,0.02900000000000036
vehicle_008_session_01091,vehicle_008,1091,train,117.5072150812369,40.0,333.3,334.2,336.8,340.2,-70.060661147541,32.83606557377049,1,0.023918032786885285,0.029999999999999805
vehicle_008_session_01092,vehicle_008,1092,train,118.97756917735047,61.6,350.3,351.1,354.3,358.3,-70.03442901639343,35.0,0,0.02831147540983609,0.03000000000000025
vehicle_008_session_01093,vehicle_008,1093,train,117.61363636363633,46.4,336.1,336.6,338.5,341.1,-45.0,30.540983606557376,1,0.023491803278688515,0.028999999999999915
vehicle_008_session_01094,vehicle_008,1094,train,119.14284209162523,68.4,356.3,357.1,360.5,364.6,-70.2606681967213,31.0,0,0.028426229508196742,0.03000000000000025
vehicle_008_session_01095,vehicle_008,1095,train,119.01600421626983,9.6,323.3,324.7,327.7,329.7,-70.12132081967212,25.475409836065573,1,0.023295081967213128,0.025000000000000355
vehicle_008_session_01096,vehicle_008,1096,train,118.02777499999999,32.4,333.0,333.3,334.6,336.6,-69.99180245901638,27.442622950819672,1,0.021606557377049217,0.02300000000000013
vehicle_008_session_01097,vehicle_008,1097,train,121.13909359452738,60.8,349.9,350.8,353.9,358.0,-69.97868639344263,31.0,0,0.02885245901639346,0.03000000000000025
vehicle_008_session_01098,vehicle_008,1098,train,116.27112037037033,64.0,351.9,352.4,354.6,357.2,-47.277054426229505,23.0,0,0.024819672131147538,0.026000000000000245
vehicle_008_session_01099,vehicle_008,1099,train,115.72979267676769,15.6,328.5,329.2,330.3,331.6,-69.97212836065573,27.21311475409836,1,0.021885245901639386,0.02400000000000002
vehicle_008_session_01100,vehicle_008,1100,train,114.09616340488216,37.6,335.2,335.7,337.5,340.5,-69.96393081967213,29.60655737704918,1,0.023721311475409793,0.028000000000000025
vehicle_008_session_01101,vehicle_008,1101,train,116.59380077413478,64.0,353.5,354.3,357.4,361.4,-69.96229131147541,32.0,0,0.029049180327868847,0.03000000000000025
vehicle_008_session_01102,vehicle_008,1102,train,117.22971044389975,58.0,348.0,348.9,352.2,356.1,-70.00163950819672,27.672131147540984,1,0.029557377049180326,0.03200000000000003
vehicle_008_session_01103,vehicle_008,1103,train,116.16249624238965,50.8,341.1,342.1,345.8,350.3,-70.19509262295082,26.508196721311474,1,0.031770491803278685,0.03400000000000025
vehicle_008_session_01104,vehicle_008,1104,train,115.61309839120372,11.6,324.7,326.4,329.1,330.5,-70.24591508196721,25.60655737704918,1,0.022524590163934436,0.025000000000000355
vehicle_008_session_01105,vehicle_008,1105,train,114.60477409122083,36.0,334.6,334.7,336.4,339.1,-70.33443590163935,28.40983606557377,1,0.02259016393442618,0.02499999999999991
vehicle_008_session_01106,vehicle_008,1106,train,118.98919416887131,68.4,356.6,357.2,360.5,364.7,-70.42130426229507,31.9672131147541,1,0.02868852459016389,0.03000000000000025
vehicle_008_session_01107,vehicle_008,1107,train,115.75303189223058,40.4,332.8,334.29999999999995,336.70000000000005,339.6,-60.134218815789474,21.30263157894737,1,0.021763157894736828,0.026000000000000245
vehicle_008_session_01108,vehicle_008,1108,train,116.07258930386182,59.2,349.1,349.9,353.3,357.2,-70.1065637704918,25.278688524590162,1,0.029065573770491827,0.03200000000000003
vehicle_008_session_01109,vehicle_008,1109,train,117.2496752912186,67.6,356.0,356.8,359.9,364.1,-70.14591,22.491803278688526,1,0.028327868852458967,0.03000000000000025
vehicle_008_session_01110,vehicle_008,1110,train,113.60977464596954,50.4,339.7,340.3,342.5,345.7,-45.100010000000005,28.0,0,0.029655737704918073,0.03200000000000003
vehicle_008_session_01111,vehicle_008,1111,train,117.0618615222953,52.0,342.5,343.5,347.1,351.3,-70.00163950819672,27.81967213114754,2,0.03140983606557375,0.03400000000000025
vehicle_008_session_01112,vehicle_008,1112,train,114.5024703490497,37.6,334.7,335.0,337.1,339.9,-70.0311506557377,29.19672131147541,2,0.023508196721311433,0.027000000000000135
vehicle_008_session_01113,vehicle_008,1113,train,119.0955225979053,68.4,356.1,356.9,360.2,364.3,-69.96721721311475,32.0,0,0.029131147540983594,0.03000000000000025
vehicle_008_session_01114,vehicle_008,1114,train,115.63809178743963,27.2,331.6,331.9,333.0,334.7,-70.04754491803278,27.65573770491803,1,0.021098360655737676,0.02200000000000024
vehicle_008_session_01115,vehicle_008,1115,train,117.58488580246915,55.2,345.3,346.3,349.7,353.6,-70.09836704918033,31.60655737704918,1,0.03032786885245901,0.03399999999999981
vehicle_008_session_01116,vehicle_008,1116,train,116.99541328463202,49.6,339.9,340.7,344.3,348.8,-70.12459803278689,31.278688524590162,1,0.03149180327868854,0.03400000000000025
vehicle_008_session_01117,vehicle_008,1117,train,114.95909176587303,30.0,330.5,331.4,333.3,335.2,-70.25410901639344,27.57377049180328,1,0.021245901639344287,0.02300000000000013
vehicle_008_session_01118,vehicle_008,1118,train,116.29077266379831,52.4,342.8,343.8,347.4,351.4,-70.20656327868853,30.524590163934427,1,0.031196721311475394,0.03400000000000025
vehicle_008_session_01119,vehicle_008,1119,train,111.94792783564816,36.8,333.5,333.8,335.3,337.5,-60.186890000000005,27.311475409836067,1,0.020065573770491806,0.02300000000000013
vehicle_008_session_01120,vehicle_008,1120,train,116.9320212264151,60.8,349.7,350.5,353.5,356.9,-60.65082901639345,32.08196721311475,1,0.027098360655737706,0.028999999999999915
vehicle_008_session_01121,vehicle_008,1121,train,117.1244870192308,16.8,326.6,328.2,329.9,331.3,-70.7082075409836,30.262295081967213,1,0.02259016393442625,0.02499999999999991
vehicle_008_session_01122,vehicle_008,1122,train,114.62411679750407,43.2,337.4,338.0,340.5,344.6,-70.71804459016393,33.540983606557376,1,0.02808196721311476,0.03400000000000025
vehicle_008_session_01123,vehicle_008,1123,train,118.82800705828785,71.2,358.6,359.4,362.8,367.2,-70.76067180327868,35.63934426229508,1,0.030016393442622944,0.03200000000000003
vehicle_008_session_01124,vehicle_008,1124,train,116.80279847222224,58.0,347.8,348.8,351.9,356.0,-69.6246,30.852459016393443,1,0.029295081967213085,0.03200000000000003
vehicle_008_session_01125,vehicle_008,1125,train,114.50735953878406,44.0,334.2,335.8,338.6,342.7,-65.20656901639346,31.80327868852459,1,0.02616393442622949,0.03399999999999981
vehicle_008_session_01126,vehicle_008,1126,train,116.82631317371475,65.2,352.8,353.6,356.8,360.5,-65.24591622950821,33.868852459016395,1,0.02788524590163936,0.02900000000000036
vehicle_008_session_01127,vehicle_008,1127,train,118.15168330265851,32.4,330.69998,331.6,333.4,335.5,-70.20790584210526,32.25,2,0.021986832894736855,0.02400000000000002
vehicle_008_session_01128,vehicle_008,1128,train,116.30373875289354,41.6,333.9,335.1,337.75,341.6,-70.05526763157896,31.56578947368421,1,0.02535526315789469,0.03100000000000014
vehicle_008_session_01129,vehicle_008,1129,train,116.92889565373562,67.2,354.3,355.2,358.3,362.5,-70.17378081967212,34.0,0,0.028819672131147528,0.03000000000000025
vehicle_008_session_01130,vehicle_008,1130,train,116.35044417735045,52.0,338.6,341.1,345.8,350.3,-71.11640098360654,31.704918032786885,1,0.032934426229508186,0.037000000000000366
vehicle_008_session_01131,vehicle_008,1131,train,117.03347285353534,70.4,356.3,357.7,361.4,365.8,-70.17705704918033,32.39344262295082,1,0.029049180327868834,0.03000000000000025
vehicle_008_session_01132,vehicle_008,1132,train,116.13891458333337,54.8,344.1,344.7,346.9,349.7,-45.200010000000006,34.032786885245905,1,0.02859016393442622,0.03100000000000014
vehicle_008_session_01133,vehicle_008,1133,train,115.27051233416253,36.8,332.4,333.5,335.8,338.6,-70.37376836065573,27.59016393442623,1,0.022262295081967184,0.0259999999999998
vehicle_008_session_01134,vehicle_008,1134,train,116.84816003787881,63.6,352.4,353.2,356.3,360.3,-70.41802459016394,31.0,0,0.028688524590163928,0.03000000000000025
vehicle_008_session_01135,vehicle_008,1135,train,116.90260651552292,18.4,328.5,328.9,330.2,331.6,-69.80002,32.34426229508197,1,0.021967213114754126,0.025000000000000355
vehicle_008_session_01136,vehicle_008,1136,train,115.63395942460322,46.0,338.3,338.8,341.4,345.7,-69.79346196721312,35.73770491803279,1,0.02852459016393443,0.03400000000000025
vehicle_008_session_01137,vehicle_008,1137,train,115.90419117647063,29.6,330.2,330.3,331.1,332.4,-44.80002000000002,33.0,0,0.01434426229508196,0.016000000000000014
vehicle_008_session_01138,vehicle_008,1138,train,120.78436764705883,68.8,354.4,355.0,356.9,359.6,-44.80002000000002,35.0,0,0.024590163934426236,0.026000000000000245
vehicle_008_session_01139,vehicle_008,1139,train,117.24143329678361,26.8,330.8,331.1,332.2,333.9,-69.71804475409836,31.901639344262296,2,0.021311475409836092,0.02400000000000002
vehicle_008_session_01140,vehicle_008,1140,train,118.47834783220723,57.6,346.9,347.8,351.1,355.0,-69.73607918032786,35.90163934426229,1,0.02968852459016392,0.03299999999999992
vehicle_008_session_01141,vehicle_008,1141,train,116.13891458333337,33.6,331.1,331.3,332.2,333.6,-45.200010000000006,32.0,0,0.015327868852459032,0.017000000000000348
vehicle_008_session_01142,vehicle_008,1142,train,115.67646617798356,53.6,341.8,342.4,344.9,347.7,-45.200010000000006,34.0,0,0.030065573770491825,0.03200000000000003
vehicle_008_session_01143,vehicle_008,1143,train,116.26289465725809,27.6,331.0,331.3,332.2,333.6,-60.25410655737706,32.14754098360656,1,0.01826229508196724,0.020000000000000018
vehicle_008_session_01144,vehicle_008,1144,train,115.26811207877962,52.4,342.2,343.0,345.8,349.4,-57.90820147540985,35.0,0,0.030180327868852462,0.03200000000000003
vehicle_008_session_01145,vehicle_008,1145,train,120.03654433075225,52.4,339.7,342.04999999999995,347.1,351.6,-74.08133826666666,28.32,2,0.033519999999999994,0.037000000000000366
vehicle_008_session_01146,vehicle_008,1146,train,120.79980657327587,72.0,358.8,359.4,362.7,367.1,-69.99672098360655,37.0,0,0.029688524590163964,0.03200000000000003
vehicle_008_session_01147,vehicle_008,1147,train,115.97224537037042,47.6,337.2,337.7,339.9,343.0,-50.100010000000005,32.885245901639344,1,0.026508196721311467,0.03200000000000003
vehicle_008_session_01148,vehicle_008,1148,train,119.45399843409587,71.6,357.2,357.7,360.0,363.0,-50.100010000000005,34.0,0,0.025918032786885252,0.027000000000000135
vehicle_008_session_01149,vehicle_008,1149,train,117.30102523839139,58.4,348.6,349.4,352.8,356.9,-70.29510081967213,25.21311475409836,1,0.030016393442622972,0.03299999999999992
vehicle_008_session_01150,vehicle_008,1150,train,112.89063802083334,42.0,335.2,335.5,336.9,339.1,-49.10492147540984,23.950819672131146,1,0.020868852459016367,0.02499999999999991
vehicle_008_session_01151,vehicle_008,1151,train,116.81390145833336,62.8,350.7,351.4,353.6,356.3,-48.94426704918033,26.0,0,0.02591803278688523,0.028000000000000025
vehicle_008_session_01152,vehicle_008,1152,train,117.14523320707075,65.6,353.9,354.7,358.0,362.1,-70.27214836065573,28.0,0,0.029442622950819626,0.03200000000000003
vehicle_008_session_01153,vehicle_008,1153,train,113.81756981981981,14.0,326.3,327.1,329.2,330.8,-70.51967409836067,24.0,0,0.02252459016393443,0.0259999999999998
vehicle_008_session_01154,vehicle_008,1154,train,117.79941782407411,44.0,336.9,337.4,339.7,343.5,-70.50983704918032,27.278688524590162,1,0.02647540983606555,0.03299999999999992
vehicle_008_session_01155,vehicle_008,1155,train,122.7237824074074,72.0,358.2,358.9,362.2,366.4,-70.55738278688526,29.672131147540984,1,0.02988524590163927,0.031000000000000583
vehicle_008_session_01156,vehicle_008,1156,train,120.92555519290126,61.6,348.3,349.65,353.0,356.6,-60.177641842105245,22.539473684210527,1,0.02780263157894739,0.031999999999999584
vehicle_008_session_01157,vehicle_008,1157,train,119.13796933922559,54.4,344.3,345.2,348.76,352.7,-70.86229639344262,30.688524590163933,1,0.03132786885245902,0.03400000000000025
vehicle_008_session_01158,vehicle_008,1158,train,117.91517013888891,56.0,345.7,346.6,350.0,354.3,-70.59345196721311,29.311475409836067,1,0.03116393442622949,0.03600000000000003
vehicle_008_session_01159,vehicle_008,1159,train,117.76841133847999,18.8,327.2,328.5,330.2,331.6,-70.3144877631579,30.407894736842106,1,0.02188157894736843,0.02499999999999991
vehicle_008_session_01160,vehicle_008,1160,train,115.24562234477122,48.0,339.7,340.5,343.8,348.2,-70.10328737704918,31.491803278688526,1,0.031245901639344258,0.03400000000000025
vehicle_008_session_01161,vehicle_008,1161,train,122.11672235576917,75.6,361.9,362.8,366.1,370.7,-70.09345049180327,33.557377049180324,1,0.030000000000000058,0.031000000000000583
vehicle_008_session_01162,vehicle_008,1162,train,116.38593720359081,34.8,331.7,332.5,334.4,337.1,-70.82623967213114,29.540983606557376,1,0.02231147540983606,0.02499999999999991
vehicle_008_session_01163,vehicle_008,1163,train,120.85428237336602,68.0,355.2,356.0,359.3,363.5,-70.85082442622951,33.0,0,0.02955737704918032,0.03100000000000014
vehicle_008_session_01164,vehicle_008,1164,train,114.87947108134922,23.6,330.0,330.3,331.4,332.8,-71.0,32.42622950819672,1,0.02162295081967216,0.02300000000000013
vehicle_008_session_01165,vehicle_008,1165,train,117.9822220486112,51.6,341.1,341.9,345.3,349.7,-71.09837049180328,35.91803278688525,2,0.031557377049180324,0.03400000000000025
vehicle_008_session_01166,vehicle_008,1166,train,120.76426831481483,67.6,354.6,355.9,359.20000000000005,363.3,-69.99868828947368,33.06578947368421,1,0.02922368421052631,0.030999999999999694
vehicle_008_session_01167,vehicle_008,1167,train,116.2891765196918,15.6,325.7,327.15,329.29999999999995,330.8,-70.05395157894738,35.276315789473685,1,0.023605263157894744,0.027000000000000135
vehicle_008_session_01168,vehicle_008,1168,train,116.78994016203704,37.6,332.2,333.5,335.8,338.8,-70.11476163934427,34.67213114754098,1,0.023540983606557354,0.026000000000000245
vehicle_008_session_01169,vehicle_008,1169,train,119.34571104600697,62.0,350.7,351.6,354.7,358.8,-70.02951163934425,37.0,0,0.0295737704918033,0.03100000000000014
vehicle_008_session_01170,vehicle_008,1170,train,114.374009863124,26.0,330.8,331.0,332.2,333.9,-70.16394442622952,34.34426229508197,1,0.021508196721311493,0.02300000000000013
vehicle_008_session_01171,vehicle_008,1171,train,116.52779430379749,53.6,343.9,344.7,348.2,352.4,-70.14427229508198,37.68852459016394,1,0.03137704918032787,0.0349999999999997
vehicle_008_session_01172,vehicle_008,1172,train,119.23547455808084,66.4,351.6,353.6,357.2,361.4,-69.96393147540984,31.868852459016395,1,0.028704918032786884,0.03000000000000025
vehicle_008_session_01173,vehicle_008,1173,train,119.37339746767245,51.2,338.8,340.9,345.6,350.0,-69.86052986842105,32.0921052631579,1,0.03328947368421052,0.03699999999999992
vehicle_008_session_01174,vehicle_008,1174,train,116.84128348090275,38.4,332.1,332.9,334.95,337.5,-60.04079249999999,34.60526315789474,1,0.020815789473684215,0.02400000000000002
vehicle_008_session_01175,vehicle_008,1175,train,122.39988769693203,70.8,356.8,357.45,360.2,363.6,-60.045337599999996,37.0,0,0.02769333333333331,0.029000000000000803
vehicle_008_session_01176,vehicle_008,1176,train,117.94334594404187,40.0,332.5,333.70000000000005,335.9,338.6,-60.08421671052631,35.35526315789474,1,0.021921052631578942,0.0259999999999998
vehicle_008_session_01177,vehicle_008,1177,train,119.23425533234122,73.6,359.7,360.7,364.1,368.5,-70.10000934426229,37.0,0,0.0298852459016393,0.031000000000000583
vehicle_008_session_01178,vehicle_008,1178,train,118.09496021021022,57.2,346.1,347.1,350.7,354.7,-69.87704606557378,35.540983606557376,1,0.030524590163934412,0.03399999999999981
vehicle_008_session_01179,vehicle_008,1179,train,115.80798732363314,5.6,322.2,323.3,326.0,328.5,-70.06558032786887,34.950819672131146,1,0.02452459016393442,0.026000000000000245
vehicle_008_session_01180,vehicle_008,1180,train,117.6744732081619,39.2,335.2,335.5,337.4,340.3,-70.02787163934427,37.16393442622951,1,0.02418032786885244,0.027000000000000135
vehicle_008_session_01181,vehicle_008,1181,train,120.46341219284189,72.0,358.6,359.6,362.8,367.1,-70.02787163934427,39.885245901639344,1,0.030573770491803296,0.03300000000000036
vehicle_008_session_01182,vehicle_008,1182,train,119.42437383348941,58.0,345.7,346.9,350.7,354.7,-70.17214114754098,36.68852459016394,1,0.030918032786885263,0.037000000000000366
vehicle_008_session_01183,vehicle_008,1183,train,119.05173196388891,45.2,333.5,335.0,337.1,339.4,-44.64933413333334,37.0,0,0.02182666666666663,0.026000000000000245
vehicle_008_session_01184,vehicle_008,1184,train,116.3026311306424,40.0,333.0,334.1,336.6,339.9,-70.05246213114754,33.459016393442624,1,0.024196721311475374,0.028000000000000025
vehicle_008_session_01185,vehicle_008,1185,train,117.19990383184522,65.6,353.3,354.3,357.4,361.4,-70.01475491803278,36.0,0,0.02965573770491805,0.03100000000000014
vehicle_008_session_01186,vehicle_008,1186,train,117.9599327943425,8.8,321.4,324.19998,327.0,329.19998,-69.76842826315787,32.0,0,0.023368427631578936,0.025000200000000028
vehicle_008_session_01187,vehicle_008,1187,train,114.71322685185189,33.6,333.0,333.3,334.9,337.2,-70.08689114754098,34.60655737704918,1,0.02254098360655737,0.02400000000000002
vehicle_008_session_01188,vehicle_008,1188,train,118.36282298218028,66.0,354.3,354.9,358.2,362.2,-70.03934950819672,38.0,0,0.029803278688524563,0.03100000000000014
vehicle_008_session_01189,vehicle_008,1189,train,118.78526136363635,64.0,352.2,353.0,356.1,360.2,-70.56558032786887,35.0,0,0.02967213114754099,0.03100000000000014
vehicle_008_session_01190,vehicle_008,1190,train,117.3417385438643,30.0,330.2,331.1,332.8,334.9,-70.13027223684212,35.078947368421055,2,0.021947368421052656,0.02400000000000002
vehicle_008_session_01191,vehicle_008,1191,train,116.79130362222223,19.6,327.69998,328.9,330.5,331.9,-70.12369113157894,29.263157894736842,1,0.021947360526315785,0.026000000000000245
vehicle_008_session_01192,vehicle_008,1192,train,118.71454010867605,36.0,331.7,333.2,335.3,338.3,-75.25467666666667,28.426666666666666,1,0.023840000000000004,0.026000000000000245
vehicle_008_session_01193,vehicle_008,1193,train,117.33524645969501,23.6,328.6,329.6,330.8,332.4,-70.07541524590164,31.704918032786885,1,0.021131147540983608,0.022999999999999687
vehicle_008_session_01194,vehicle_008,1194,train,115.4101924074074,44.0,336.6,337.1,339.6,343.3,-70.01967540983607,34.049180327868854,2,0.0268196721311475,0.03300000000000036
vehicle_008_session_01195,vehicle_008,1195,train,122.97906291195862,74.0,359.7,360.5,363.9,368.2,-69.99344868852458,36.0,0,0.03021311475409841,0.031000000000000583
vehicle_008_session_01196,vehicle_008,1196,train,117.72066119649362,24.4,328.3,329.29999999999995,330.7,332.1,-60.231589210526316,29.93421052631579,1,0.018552631578947387,0.020000000000000018
vehicle_008_session_01197,vehicle_008,1197,train,120.57300437343949,62.0,348.3,350.35,354.0,358.2,-70.06053065789473,30.0,0,0.02924999999999998,0.03200000000000003
vehicle_008_session_01198,vehicle_008,1198,train,117.74046882716051,55.6,341.8,342.85,345.8,348.6,-43.530271447368435,33.98684210526316,0,0.03136842105263158,0.03500000000000014
vehicle_008_session_01199,vehicle_008,1199,train,116.5160529641813,36.0,331.7,333.2,335.2375,338.0,-69.85600600000001,30.493333333333332,1,0.0227066666666667,0.0259999999999998
vehicle_008_session_01200,vehicle_008,1200,train,117.80815467289717,38.0,332.1,333.3,335.5,338.5,-70.01052763157894,36.723684210526315,1,0.023578947368421033,0.02699999999999969
vehicle_008_session_01201,vehicle_008,1201,train,116.40209590179968,31.6,332.1,332.4,333.8,335.8,-70.02295393442624,37.81967213114754,1,0.02227868852459017,0.02400000000000002
vehicle_008_session_01202,vehicle_008,1202,train,118.55482507365322,60.4,349.1,349.9,353.2,357.1,-69.98688868852459,41.0,0,0.030081967213114746,0.03200000000000003
vehicle_008_session_01203,vehicle_008,1203,train,116.55404730976433,17.6,326.6,327.74999,329.64999,331.1,-70.15658726315787,38.0,0,0.023881578947368455,0.02800009999999986
vehicle_008_session_01204,vehicle_008,1204,train,120.48403072222224,65.6,351.3,352.59999,356.20000000000005,360.3,-70.07368855263158,37.026315789473685,1,0.02968422105263161,0.031000200000000255
vehicle_008_session_01205,vehicle_008,1205,train,115.21412191468255,34.0,331.3,332.29999999999995,334.2,336.8,-69.96399906666667,36.84,1,0.022506666666666706,0.02499999999999991
vehicle_008_session_01206,vehicle_008,1206,train,118.11027168949774,56.8,346.0,346.9,350.3,354.4,-70.13935409836064,35.0,0,0.03149180327868851,0.03500000000000014
vehicle_008_session_01207,vehicle_008,1207,train,119.1677681725968,62.0,348.5,350.0125,353.6,357.5,-70.09067306666667,38.0,0,0.02966666666666666,0.03299999999999992
vehicle_008_session_01208,vehicle_008,1208,train,119.40972235324946,70.8,356.6,357.5,360.7,364.3,-60.96557032786885,40.0,0,0.02785245901639343,0.02900000000000036
vehicle_008_session_01209,vehicle_008,1209,train,116.36029534313725,22.4,330.3,330.5,331.6,333.0,-70.49836049180328,40.59016393442623,1,0.022131147540983644,0.02400000000000002
vehicle_008_session_01210,vehicle_008,1210,train,118.82629171927604,56.8,346.6,347.5,351.0,354.9,-70.51311606557377,44.0,0,0.03134426229508195,0.03399999999999981
vehicle_008_session_01211,vehicle_008,1211,train,115.04648336737475,27.2,327.5,328.0,328.525,329.1,-22.600010000000008,36.0,0,0.009828947368421074,0.01100000000000012
vehicle_008_session_01212,vehicle_008,1212,train,114.0730258838384,28.0,331.4,331.6,332.8,334.6,-69.95246,37.36065573770492,1,0.02186885245901641,0.02300000000000013
vehicle_008_session_01213,vehicle_008,1213,train,117.17219005310461,54.4,343.6,344.6,348.0,352.2,-69.95902081967213,40.57377049180328,1,0.03224590163934424,0.03500000000000014
vehicle_008_session_01214,vehicle_008,1214,train,116.05251447038152,36.0,333.0,333.3,334.7,336.6,-60.098368852459025,38.52459016393443,1,0.02050819672131149,0.02300000000000013
vehicle_008_session_01215,vehicle_008,1215,train,120.60907690118395,69.6,355.8,356.4,359.3,362.7,-60.07049868852459,41.0,0,0.028377049180327876,0.03000000000000025
vehicle_008_session_01216,vehicle_008,1216,train,115.77227277777779,25.2,329.1,329.2,330.2,331.1,-45.80002000000002,36.01639344262295,1,0.014655737704918036,0.016000000000000014
vehicle_008_session_01217,vehicle_008,1217,train,115.77227277777781,65.6,352.7,353.3,355.3,358.0,-45.80002000000002,38.73770491803279,1,0.02588524590163937,0.028000000000000025
vehicle_008_session_01218,vehicle_008,1218,train,114.8064876851852,35.6,333.5,333.9,335.5,338.0,-70.05574180327869,38.721311475409834,1,0.023540983606557382,0.02699999999999969
vehicle_008_session_01219,vehicle_008,1219,train,115.99025620993585,65.6,353.8,354.7,357.8,361.9,-70.03278950819671,41.34426229508197,1,0.03060655737704921,0.03200000000000047
vehicle_008_session_01220,vehicle_008,1220,train,114.44572479552474,61.6,349.1,350.6,354.0,358.0,-70.02237144736843,38.89473684210526,1,0.030328947368421084,0.03200000000000003
vehicle_008_session_01221,vehicle_008,1221,train,117.25916726711172,25.6,329.4,330.2,331.65,333.3,-70.2855375,38.473684210526315,1,0.021855263157894777,0.02300000000000013
vehicle_008_session_01222,vehicle_008,1222,train,117.62041702741703,53.6,342.8,343.9,347.5,351.8,-70.09673098360656,42.57377049180328,1,0.033278688524590136,0.03600000000000003
vehicle_008_session_01223,vehicle_008,1223,train,117.21083409436837,56.0,345.2,346.1,349.6,353.8,-70.80165885245901,37.73770491803279,1,0.03209836065573769,0.03600000000000003
vehicle_008_session_01224,vehicle_008,1224,train,116.28221673711757,63.2,350.5,351.4,354.9,358.8,-70.10328573770492,38.49180327868852,1,0.029934426229508176,0.03200000000000003
vehicle_008_session_01225,vehicle_008,1225,train,115.71707465277777,28.4,331.1,331.9,333.3,335.2,-70.04426672131147,37.557377049180324,1,0.022229508196721332,0.02400000000000002
vehicle_008_session_01226,vehicle_008,1226,train,116.78658504629628,55.2,346.3,347.2,350.5,354.6,-70.05246426229508,40.75409836065574,1,0.031557377049180324,0.03500000000000014
vehicle_008_session_01227,vehicle_008,1227,train,115.15874190836057,24.0,328.6,329.4,330.7,331.9,-60.10658618421053,38.223684210526315,1,0.018789473684210554,0.020000000000000018
vehicle_008_session_01228,vehicle_008,1228,train,117.59558007223622,18.0,325.7,326.6,328.075,329.1,-46.458665599999996,37.25333333333333,1,0.019546666666666653,0.02499999999999991
vehicle_008_session_01229,vehicle_008,1229,train,117.0654860493827,36.4,331.9,333.0,334.9375,337.7,-69.5,38.8,1,0.02318666666666664,0.0259999999999998
vehicle_008_session_01230,vehicle_008,1230,train,117.62730570652177,64.4,352.4,353.2,356.3,360.3,-70.90162950819672,41.0,0,0.030540983606557392,0.03200000000000003
vehicle_008_session_01231,vehicle_008,1231,train,118.34955302083335,25.6,328.8,330.0,331.6,333.3,-70.59600559999998,36.82666666666667,1,0.02174666666666669,0.02300000000000013
vehicle_008_session_01232,vehicle_008,1232,train,117.90082677593017,9.6,322.8,324.15,327.0,329.2,-70.45525868421052,41.9078947368421,1,0.024368421052631525,0.026000000000000245
vehicle_008_session_01233,vehicle_008,1233,train,117.78489804894183,53.2,340.7,342.9,347.29999999999995,351.8,-69.81316460526314,41.0,0,0.03403947368421054,0.038000000000000256
vehicle_008_session_01234,vehicle_008,1234,train,119.17768041604664,52.8,340.2,341.85,346.3,350.8,-70.06974157894737,36.94736842105263,1,0.03436842105263158,0.038000000000000256
vehicle_008_session_01235,vehicle_008,1235,train,114.52938547867065,33.6,331.3,332.2,334.1,336.4,-69.98852344262295,40.59016393442623,1,0.022770491803278694,0.025000000000000355
vehicle_008_session_01236,vehicle_008,1236,train,116.6387013888889,56.0,345.3,346.3,349.7,353.8,-69.91802655737706,43.0,0,0.03193442622950822,0.03500000000000014
vehicle_008_session_01237,vehicle_008,1237,train,118.20859082323233,54.0,340.69998,342.84999,347.29999,351.6,-70.02105389473684,40.0,0,0.034092128947368405,0.03900009999999998
vehicle_008_session_01238,vehicle_008,1238,train,116.26592717978396,23.2,330.0,330.3,331.4,332.8,-70.08525393442623,38.032786885245905,1,0.02167213114754099,0.02300000000000013
vehicle_008_session_01239,vehicle_008,1239,train,115.98347058823532,52.4,342.4,343.2,346.8,351.0,-70.08853262295082,41.459016393442624,1,0.032655737704918024,0.03500000000000014
vehicle_008_session_01240,vehicle_008,1240,train,117.43805308051215,45.2,333.3,336.1,338.85,342.5,-59.33026752631578,44.21052631578947,1,0.02719736842105261,0.03399999999999981
vehicle_008_session_01241,vehicle_008,1241,train,115.1574350742009,26.0,329.2,330.2,331.7,333.3,-69.98852344262295,36.39344262295082,1,0.021606557377049203,0.02300000000000013
vehicle_008_session_01242,vehicle_008,1242,train,116.85436377818039,55.2,344.6,345.5,348.9,353.0,-69.93770131147541,39.75409836065574,1,0.032311475409836074,0.03500000000000014
vehicle_008_session_01243,vehicle_008,1243,train,114.26545608372457,33.2,332.5,333.0,334.4,336.6,-69.96065672131147,38.49180327868852,1,0.02273770491803278,0.02400000000000002
vehicle_008_session_01244,vehicle_008,1244,train,117.73779713804716,61.6,350.0,350.8,354.1,358.0,-69.94918213114755,41.0,0,0.030639344262295094,0.03200000000000003
vehicle_008_session_01245,vehicle_008,1245,train,118.21912687876834,46.0,333.5,335.5,337.4,339.7,-39.453324,38.0,0,0.022946666666666643,0.028000000000000025
vehicle_008_session_01246,vehicle_008,1246,train,115.74478044484705,46.0,337.1,337.7,340.7,345.2,-70.14919,37.78688524590164,1,0.030672131147541,0.03600000000000003
vehicle_008_session_01247,vehicle_008,1247,train,119.96702210648148,73.6,359.7,360.7,363.9,368.3,-70.10984360655738,39.0,0,0.031409836065573765,0.03300000000000036
vehicle_008_session_01248,vehicle_008,1248,train,116.22619975198414,46.0,337.2,337.8,340.7,345.0,-64.97540737704918,38.0,0,0.030196721311475418,0.03600000000000003
vehicle_008_session_01249,vehicle_008,1249,train,120.0288524599812,74.0,360.7,361.4,364.4,368.6,-65.20492967213116,39.114754098360656,1,0.030377049180327822,0.03300000000000036
vehicle_008_session_01250,vehicle_008,1250,train,114.375,32.0,331.1,331.4,332.2,333.5,-45.0,33.0655737704918,1,0.015573770491803317,0.018000000000000238
vehicle_008_session_01251,vehicle_008,1251,train,114.78873239436618,52.0,341.0,341.6,343.9,346.9,-45.0,35.442622950819676,1,0.03147540983606557,0.03399999999999981
vehicle_008_session_01252,vehicle_008,1252,train,117.2630794526144,60.4,347.5,349.1,352.8,356.9,-70.00656000000002,34.50819672131148,1,0.030491803278688553,0.03400000000000025
vehicle_008_session_01253,vehicle_008,1253,train,114.39167906746029,39.6,334.7,335.0,337.2,340.3,-70.47704688524591,39.540983606557376,1,0.02518032786885243,0.029999999999999805
vehicle_008_session_01254,vehicle_008,1254,train,120.96149823232327,75.2,361.0,361.9,365.2,369.7,-69.92950442622951,37.0,0,0.030934426229508254,0.03300000000000036
vehicle_008_session_01255,vehicle_008,1255,train,116.53057453703707,47.6,338.3,339.1,342.2,346.8,-70.69181409836065,40.81967213114754,1,0.03168852459016395,0.03600000000000003
vehicle_008_session_01256,vehicle_008,1256,train,116.13128085797491,16.8,326.4,327.8,329.7,331.1,-70.1131224590164,34.950819672131146,1,0.023819672131147537,0.028000000000000025
vehicle_008_session_01257,vehicle_008,1257,train,113.90950954861111,41.6,336.1,336.8,338.8,342.2,-70.00000229508197,37.9344262295082,2,0.02647540983606557,0.03100000000000014
vehicle_008_session_01258,vehicle_008,1258,train,118.1168666449653,67.2,354.9,355.8,358.9,363.0,-69.95901786885246,40.24590163934426,1,0.03060655737704918,0.03200000000000047
vehicle_008_session_01259,vehicle_008,1259,train,116.40684103009262,63.6,351.8,352.4,354.9,358.2,-56.909841639344265,35.22950819672131,1,0.028196721311475426,0.029999999999999805
vehicle_008_session_01260,vehicle_008,1260,train,117.78787645609319,62.0,350.2,350.8,353.8,357.2,-60.095091475409845,31.0,0,0.028508196721311458,0.03100000000000014
vehicle_008_session_01261,vehicle_008,1261,train,117.64479703878408,16.8,326.4,328.0,329.9,331.1,-70.16558081967213,30.34426229508197,1,0.02275409836065576,0.027000000000000135
vehicle_008_session_01262,vehicle_008,1262,train,115.1634593495935,38.4,334.9,335.3,337.2,340.3,-70.09181016393444,32.950819672131146,2,0.024377049180327827,0.028999999999999915
vehicle_008_session_01263,vehicle_008,1263,train,113.71007864583333,38.8,334.7,335.2,337.1,340.2,-70.05410409836065,35.49180327868852,1,0.024590163934426236,0.028000000000000025
vehicle_008_session_01264,vehicle_008,1264,train,116.96363002694862,61.2,348.9,349.7,353.3,357.2,-70.10164573770493,40.0,0,0.030803278688524567,0.03299999999999992
vehicle_008_session_01265,vehicle_008,1265,train,113.69137081653228,35.2,332.2,333.2,335.2,337.8,-69.87866893333333,29.52,1,0.022613333333333343,0.0259999999999998
vehicle_008_session_01266,vehicle_008,1266,train,116.29213125000004,59.2,347.5,348.5,351.9,355.8,-70.80001999999999,40.0,0,0.03145901639344263,0.03399999999999981
vehicle_008_session_01267,vehicle_008,1267,train,117.22770887681159,49.6,335.7,336.6,338.0,339.6,-22.57201,35.0,0,0.021253333333333315,0.02400000000000002
vehicle_008_session_01268,vehicle_008,1268,train,117.05621947390571,31.6,328.5,328.9,329.6,330.2,-21.899989999999992,35.0,0,0.01032467532467537,0.01100000000000012
vehicle_008_session_01269,vehicle_008,1269,train,116.87491368234768,35.6,329.1,330.3,331.3,332.2,-28.82533928000001,35.96,1,0.012933333333333324,0.015000000000000124
vehicle_008_session_01270,vehicle_008,1270,train,117.35558595008047,65.6,352.7,353.6,356.9,361.0,-70.07377672131146,37.0,0,0.030000000000000002,0.031999999999999584
vehicle_008_session_01271,vehicle_008,1271,train,113.10673282163744,44.0,335.3,335.8,338.0,341.0,-59.36066,40.0,0,0.02495081967213112,0.029999999999999805
vehicle_008_session_01272,vehicle_008,1272,train,117.77648244234797,66.8,353.0,353.5,356.1,359.3,-56.35410475409838,41.0,0,0.02783606557377054,0.03000000000000025
vehicle_008_session_01273,vehicle_008,1273,train,114.39478098628695,49.2,339.9,340.8,343.9,348.5,-69.96721459016393,35.67213114754098,1,0.0322786885245902,0.03600000000000003
vehicle_008_session_01274,vehicle_008,1274,train,113.41112750000003,34.0,332.4,332.7,334.1,336.4,-69.20000999999999,35.36065573770492,1,0.0225081967213115,0.025000000000000355
vehicle_008_session_01275,vehicle_008,1275,train,116.12323293909145,20.8,326.9,328.2,329.65,330.8,-59.915790921052626,32.526315789473685,1,0.01931578947368421,0.02300000000000013
vehicle_008_session_01276,vehicle_008,1276,train,116.06230087167367,22.800001,328.5,329.19998,330.59999,332.1,-70.0223697631579,37.0,0,0.02201314736842107,0.024000200000000138
vehicle_008_session_01277,vehicle_008,1277,train,114.43047921392177,16.4,325.5,326.9,329.29999999999995,330.7,-70.03553013157894,30.94736842105263,1,0.023513157894736875,0.02799999999999958
vehicle_008_session_01278,vehicle_008,1278,train,115.49623131313133,60.8,347.4,348.0,351.0,354.6,-60.15902639344263,33.90163934426229,1,0.029278688524590105,0.03299999999999992
vehicle_008_session_01279,vehicle_008,1279,train,114.09935865384617,47.6,337.1,337.5,339.9,343.5,-59.998360491803275,35.85245901639344,1,0.02762295081967212,0.03300000000000036
vehicle_008_session_01280,vehicle_008,1280,train,116.818819760101,73.6,357.8,358.6,361.4,364.9,-60.00655803278689,37.0,0,0.028901639344262323,0.03000000000000025
vehicle_008_session_01281,vehicle_008,1281,train,113.29343931384741,33.2,331.9,332.2,333.3,334.9,-60.05246409836066,34.14754098360656,1,0.019196721311475415,0.020999999999999908
vehicle_008_session_01282,vehicle_008,1282,train,106.0069598214286,68.8,352.8,354.1,357.2,360.7,-60.12951770491804,37.0655737704918,1,0.02865573770491803,0.03000000000000025
vehicle_008_session_01283,vehicle_008,1283,train,115.46688681089742,13.2,323.19998,324.79999,327.5,329.6,-70.078952,34.96052631578947,1,0.02419734736842106,0.026000099999999637
vehicle_008_session_01284,vehicle_008,1284,train,117.59417643596981,68.8,353.3,353.9,356.4,359.7,-56.52787704918033,37.0,0,0.027655737704918058,0.028999999999999915
vehicle_008_session_01285,vehicle_008,1285,train,114.89062748842592,11.2,322.4,323.8,326.4,328.9,-69.93114770491802,36.0,0,0.024147540983606542,0.026000000000000245
vehicle_008_session_01286,vehicle_008,1286,train,114.84177988748246,35.2,332.7,333.0,334.2,336.4,-69.85246475409836,37.81967213114754,2,0.02231147540983604,0.02400000000000002
vehicle_008_session_01287,vehicle_008,1287,train,118.23700224960879,67.2,352.2,353.0,356.1,360.0,-69.83935098360656,41.049180327868854,1,0.030622950819672128,0.03200000000000003
vehicle_008_session_01288,vehicle_008,1288,train,115.29464829282408,57.2,343.6,344.6,348.2,352.4,-69.87212950819672,40.0,0,0.032934426229508214,0.03600000000000003
vehicle_008_session_01289,vehicle_008,1289,train,114.79691882861637,32.0,329.9,330.8,332.4,334.4,-70.1409931147541,40.295081967213115,1,0.02219672131147541,0.02300000000000013
vehicle_008_session_01290,vehicle_008,1290,train,116.22786478462159,53.6,340.3,341.1,344.6,349.1,-70.00328163934428,42.73770491803279,1,0.03301639344262297,0.03600000000000003
vehicle_008_session_01291,vehicle_008,1291,train,116.55019858870966,54.4,338.9,340.3,344.4,348.6,-60.12787852459016,37.60655737704918,1,0.03283606557377053,0.03699999999999992
vehicle_008_session_01292,vehicle_008,1292,train,115.31967024101309,30.4,330.2,330.5,331.6,333.0,-60.69181344262295,34.0,0,0.018672131147540988,0.020000000000000018
vehicle_008_session_01293,vehicle_008,1293,train,114.60245815972223,58.0,343.6,344.4,347.4,351.1,-60.716405081967224,37.0,0,0.031836065573770445,0.03500000000000014
vehicle_008_session_01294,vehicle_008,1294,train,114.56819180359942,55.2,341.1,341.9,345.2,349.1,-60.67705918032787,35.32786885245902,1,0.03216393442622954,0.03500000000000014
vehicle_008_session_01295,vehicle_008,1295,train,114.45518813131312,71.2,353.5,354.1,356.8,360.0,-56.5262362295082,32.0,0,0.027393442622950823,0.028999999999999915
vehicle_008_session_01296,vehicle_008,1296,train,115.42617770502648,13.6,323.2,324.7,327.45,329.6,-69.98399973333333,35.36,1,0.02370666666666665,0.025000000000000355
vehicle_008_session_01297,vehicle_008,1297,train,115.68215124214619,30.4,329.6,330.4,331.9,333.6,-69.9773344,34.68,1,0.021693333333333353,0.02300000000000013
vehicle_008_session_01298,vehicle_008,1298,train,113.80433729575164,28.0,330.3,330.7,331.7,333.2,-70.35574098360657,38.704918032786885,1,0.021836065573770498,0.02300000000000013
vehicle_008_session_01299,vehicle_008,1299,train,116.62597936507935,62.4,347.2,348.0,351.4,355.3,-70.39179573770491,42.67213114754098,1,0.031901639344262295,0.03500000000000014
vehicle_008_session_01300,vehicle_008,1300,train,113.06489943910258,44.8,334.6,335.0,337.2,340.3,-69.98032590163935,38.9344262295082,1,0.025688524590163887,0.029999999999999805
vehicle_008_session_01301,vehicle_008,1301,train,115.55586185465768,18.8,325.2,326.1,328.6,330.3,-69.93289842105263,40.0,0,0.024171052631578944,0.027000000000000135
vehicle_008_session_01302,vehicle_008,1302,train,114.7758550677403,30.4,329.4,330.5,332.1,333.8,-69.84133973333333,32.48,1,0.021306666666666717,0.02300000000000013
vehicle_008_session_01303,vehicle_008,1303,train,114.11872597001765,38.4,331.7,332.2,333.5,335.3,-60.32131786885247,37.0,0,0.01990163934426231,0.021999999999999797
vehicle_008_session_01304,vehicle_008,1304,train,114.876083584127,27.6,327.8,329.0,330.3,331.6,-61.239479,37.61842105263158,1,0.019394747368421086,0.021000200000000024
vehicle_008_session_01305,vehicle_008,1305,train,115.68238765174134,42.8,332.4,333.3,335.4,338.3,-70.04473942105261,38.53947368421053,1,0.023973678947368415,0.02799999999999958
vehicle_008_session_01306,vehicle_008,1306,train,116.14636326354405,57.600002,339.4,341.5,346.35,351.0,-70.02763310526316,32.421052631578945,1,0.03439473157894736,0.03800020000000037
vehicle_008_session_01307,vehicle_008,1307,train,116.32331802983533,72.8,355.5,356.1,358.6,362.1,-56.042629672131156,39.0,0,0.028295081967213063,0.02999999999999936
vehicle_008_session_01308,vehicle_008,1308,train,115.42782688492059,44.8,333.2,334.1,336.6,339.9,-69.98852393442623,37.24590163934426,1,0.025065573770491772,0.02900000000000036
vehicle_008_session_01309,vehicle_008,1309,train,117.61389287037036,67.6,350.5,351.4,354.6,358.6,-69.99836016393442,39.0,0,0.031065573770491826,0.03300000000000036
vehicle_008_session_01310,vehicle_008,1310,train,116.45086574074078,77.2,357.5,358.5,361.8,366.1,-70.8032937704918,39.0,0,0.03185245901639344,0.03300000000000036
vehicle_008_session_01311,vehicle_008,1311,train,115.09353085797493,23.2,328.8,329.1,330.3,331.6,-70.80985311475409,37.22950819672131,1,0.022344262295081966,0.02499999999999991
vehicle_008_session_01312,vehicle_008,1312,train,116.52146275252525,67.6,350.5,351.3,354.6,358.6,-70.98196540983606,41.950819672131146,1,0.03136065573770496,0.03300000000000036
vehicle_008_session_01313,vehicle_008,1313,train,115.59155109071487,40.4,331.6,332.69998,334.69998,337.4,-70.16448226315788,36.14473684210526,2,0.023197368421052647,0.027000000000000135
vehicle_008_session_01314,vehicle_008,1314,train,115.58511783050413,28.4,328.2,329.4,330.8,332.4,-70.11448157894736,37.80263157894737,1,0.02201315789473685,0.02499999999999991
vehicle_008_session_01315,vehicle_008,1315,train,113.44364644607842,20.4,326.9,327.4,328.8,330.0,-60.70164950819673,42.60655737704918,0,0.02077049180327871,0.02300000000000013
vehicle_008_session_01316,vehicle_008,1316,train,113.95184244791668,47.6,335.8,336.1,338.0,340.7,-60.70164950819673,44.622950819672134,1,0.02442622950819668,0.028000000000000025
vehicle_008_session_01317,vehicle_008,1317,train,118.64399404761912,73.2,354.4,355.0,357.8,361.3,-60.72296311475411,46.0,0,0.029655737704918042,0.03100000000000014
vehicle_008_session_01318,vehicle_008,1318,train,115.90373079414964,26.0,327.5,328.85,330.4,331.7,-69.88666866666668,39.81333333333333,1,0.022493333333333344,0.0259999999999998
vehicle_008_session_01319,vehicle_008,1319,train,115.139936276184,21.6,326.0,327.29999999999995,329.5,331.0,-69.8986704,39.0,0,0.024413333333333363,0.028999999999999915
vehicle_008_session_01320,vehicle_008,1320,train,115.7051996527778,62.4,346.0,346.9,350.3,354.3,-70.13115737704919,42.75409836065574,1,0.0328360655737705,0.037000000000000366
vehicle_008_session_01321,vehicle_008,1321,train,114.25659071180556,27.6,328.8,329.1,329.7,330.7,-46.16230754098361,39.01639344262295,1,0.014918032786885284,0.016000000000000014
vehicle_008_session_01322,vehicle_008,1322,train,115.70152401129948,74.0,354.9,355.5,358.3,361.9,-60.104926557377055,42.0,0,0.02919672131147542,0.03100000000000014
vehicle_008_session_01323,vehicle_008,1323,train,114.81167814265535,23.6,326.6,327.8,329.4,330.7,-60.88032836065574,37.0655737704918,1,0.02190163934426228,0.028000000000000025
vehicle_008_session_01324,vehicle_008,1324,train,113.0495255636071,47.2,335.7,336.1,337.8,340.7,-61.03934819672131,39.63934426229508,1,0.0246229508196721,0.028000000000000025
vehicle_008_session_01325,vehicle_008,1325,train,117.89475645711504,74.8,355.8,356.6,359.4,363.0,-61.07541737704919,42.0,0,0.02963934426229506,0.030999999999999694
vehicle_008_session_01326,vehicle_008,1326,train,112.84976491595052,8.400001,320.3,321.79999999999995,324.6375,327.1,-70.00533933333334,42.0,0,0.025599999999999987,0.029999999999999805
vehicle_008_session_01327,vehicle_008,1327,train,114.44626406926409,37.2,332.4,332.8,334.1,336.1,-70.10328819672131,38.14754098360656,2,0.022409836065573764,0.02400000000000002
vehicle_008_session_01328,vehicle_008,1328,train,118.25894464285714,68.4,350.7,351.4,354.6,358.6,-70.10656721311476,41.52459016393443,1,0.031573770491803314,0.03300000000000036
vehicle_008_session_01329,vehicle_008,1329,train,116.3250267878899,52.0,336.8,338.2,341.8375,346.4,-69.98533693333333,34.44,1,0.032440000000000004,0.038000000000000256
vehicle_008_session_01330,vehicle_008,1330,train,115.98204948170734,32.0,328.6,329.6,330.69998,332.8,-53.52632118421053,35.973684210526315,1,0.016907917105263157,0.023000099999999968
vehicle_008_session_01331,vehicle_008,1331,train,113.03092430555556,37.2,332.4,332.7,334.1,336.1,-69.94425672131148,37.967213114754095,2,0.022377049180327915,0.02400000000000002
vehicle_008_session_01332,vehicle_008,1332,train,114.15447100389864,59.2,343.8,344.7,348.3,352.4,-69.90490852459017,40.622950819672134,1,0.03349180327868851,0.03699999999999992
vehicle_008_session_01333,vehicle_008,1333,train,114.12422363683127,49.2,336.8,337.2,339.6,343.5,-69.87212950819672,38.40983606557377,1,0.02836065573770489,0.03399999999999981
vehicle_008_session_01334,vehicle_008,1334,train,114.67993049242423,64.0,347.4,348.2,351.9,356.3,-74.44426540983608,38.721311475409834,1,0.03329508196721311,0.03699999999999992
vehicle_008_session_01335,vehicle_008,1335,train,116.52438888888895,72.4,354.7,355.5,358.6,362.7,-70.15574704918033,35.18032786885246,1,0.03090163934426227,0.03299999999999992
vehicle_008_session_01336,vehicle_008,1336,train,114.66109674064768,13.2,322.2,323.5,325.875,328.2,-61.509338266666674,32.0,0,0.021573333333333312,0.02300000000000013
vehicle_008_session_01337,vehicle_008,1337,train,114.70239719742064,38.8,333.0,333.3,334.9,337.1,-70.6016493442623,37.0655737704918,2,0.02331147540983607,0.026000000000000245
vehicle_008_session_01338,vehicle_008,1338,train,115.12955689102562,61.6,345.8,346.8,350.2,354.4,-70.63279688524588,39.622950819672134,1,0.03334426229508195,0.03699999999999992
vehicle_008_session_01339,vehicle_008,1339,train,115.78824012605045,46.0,333.0,334.275,336.9,340.2,-69.79867706666667,39.306666666666665,1,0.025666666666666657,0.03000000000000025
vehicle_008_session_01340,vehicle_008,1340,train,116.28357355324074,66.4,348.6,349.4,352.1,355.3,-57.12623393442624,39.0,0,0.029213114754098324,0.031999999999999584
vehicle_008_session_01341,vehicle_008,1341,train,114.84385070460705,49.2,333.9,334.69998,336.9,339.4,-49.97763944736843,39.0,0,0.022960513157894706,0.027000199999999808
vehicle_008_session_01342,vehicle_008,1342,train,115.83344026058855,42.0,331.9,333.1,335.2375,338.0,-69.88799999999999,38.17333333333333,1,0.023679999999999993,0.027000000000000135
vehicle_008_session_01343,vehicle_008,1343,train,116.49371174004192,50.0,337.2,337.8,340.0,343.8,-70.0,37.52459016393443,1,0.028081967213114734,0.03399999999999981
vehicle_008_session_01344,vehicle_008,1344,train,116.32448258856685,61.2,344.9,345.8,349.6,353.6,-70.03934786885245,38.967213114754095,1,0.033622950819672114,0.038000000000000256
vehicle_008_session_01345,vehicle_008,1345,train,115.22085040983606,22.4,328.3,328.6,329.6,330.7,-60.97868639344263,39.0,0,0.01947540983606563,0.02200000000000024
vehicle_008_session_01346,vehicle_008,1346,train,116.43445594618056,47.2,335.7,336.0,337.7,340.5,-60.96557032786885,41.18032786885246,1,0.024278688524590156,0.028000000000000025
vehicle_008_session_01347,vehicle_008,1347,train,117.85859620450191,72.8,354.6,355.2,358.0,361.4,-60.998360491803275,43.0,0,0.02996721311475408,0.03200000000000047
vehicle_008_session_01348,vehicle_008,1348,train,115.37296210488509,35.2,331.3,331.6,332.7,334.2,-60.96557032786886,32.704918032786885,1,0.01916393442622953,0.020999999999999908
vehicle_008_session_01349,vehicle_008,1349,train,115.97419568920334,58.8,342.7,343.5,346.8,350.5,-61.00327901639345,35.540983606557376,1,0.03303278688524591,0.03600000000000003
vehicle_008_session_01350,vehicle_008,1350,train,114.23082221045196,14.4,325.2,325.7,327.2,328.8,-59.54918524590164,33.0,0,0.02034426229508192,0.02200000000000024
vehicle_008_session_01351,vehicle_008,1351,train,116.16080369971264,38.4,332.5,332.8,333.9,335.7,-59.5229531147541,34.868852459016395,1,0.019262295081967216,0.02100000000000035
vehicle_008_session_01352,vehicle_008,1352,train,117.43331464947089,62.0,345.2,346.0,348.9,352.4,-59.50819754098361,37.80327868852459,1,0.03144262295081963,0.03500000000000014
vehicle_008_session_01353,vehicle_008,1353,train,115.88314884696021,27.6,329.7,329.9,331.1,332.5,-70.7623113114754,40.32786885245902,1,0.02268852459016396,0.02499999999999991
vehicle_008_session_01354,vehicle_008,1354,train,113.3105248511905,44.0,336.0,336.6,339.1,343.2,-89.2278757377049,37.721311475409834,2,0.030393442622950777,0.03500000000000014
vehicle_008_session_01355,vehicle_008,1355,train,115.82558283554572,48.4,334.4,335.75,338.8,342.8,-70.45866253333334,35.653333333333336,1,0.02852000000000001,0.03400000000000025
vehicle_008_session_01356,vehicle_008,1356,train,115.88111121031748,24.8,327.4,328.70000000000005,330.3,331.7,-70.95332866666668,37.77333333333333,1,0.023213333333333353,0.028000000000000025
vehicle_008_session_01357,vehicle_008,1357,train,114.25337567460316,22.4,326.7,328.0,329.9,331.3,-69.93466853333334,32.74666666666667,1,0.02325333333333333,0.028999999999999915
vehicle_008_session_01358,vehicle_008,1358,train,116.54437566443762,53.2,337.1,338.25,342.0,346.8,-69.86933746666666,35.24,2,0.03300000000000001,0.0389999999999997
vehicle_008_session_01359,vehicle_008,1359,train,115.67279970894614,68.4,349.9,351.20000000000005,354.75,358.9,-69.95789749999999,36.56578947368421,1,0.031526315789473736,0.03300000000000036
vehicle_008_session_01360,vehicle_008,1360,train,118.22754072712422,63.6,344.3,346.5,350.6,354.7,-70.1329032894737,36.53947368421053,1,0.033999999999999996,0.04100000000000037
vehicle_008_session_01361,vehicle_008,1361,train,113.95384036796538,28.8,330.5,330.8,331.9,333.3,-70.20001016393442,32.65573770491803,1,0.021098360655737718,0.02300000000000013
vehicle_008_session_01362,vehicle_008,1362,train,114.77283373015875,59.6,344.6,345.5,349.1,353.2,-70.14099360655739,36.83606557377049,1,0.033459016393442606,0.03600000000000003
vehicle_008_session_01363,vehicle_008,1363,train,114.42194868854915,29.6,328.8,329.7,331.3,333.0,-69.86842421052631,35.5,1,0.021789473684210546,0.02400000000000002
vehicle_008_session_01364,vehicle_008,1364,train,115.18525705439814,25.2,327.5,328.85,330.5,331.7,-70.09334146666667,33.29333333333334,1,0.0225066666666667,0.027000000000000135
vehicle_008_session_01365,vehicle_008,1365,train,116.16405745759589,50.4,335.2,336.70000000000005,339.79999999999995,344.4,-69.9552622368421,35.6578947368421,1,0.03009210526315791,0.037000000000000366
vehicle_008_session_01366,vehicle_008,1366,train,115.2777161228689,22.0,326.3,327.2,329.1,330.3,-60.98553184210526,34.28947368421053,1,0.021855263157894742,0.027000000000000135
vehicle_008_session_01367,vehicle_008,1367,train,115.91267945775118,29.2,328.8,329.95,331.6,333.2,-69.9973356,29.586666666666666,1,0.02112,0.02300000000000013
vehicle_008_session_01368,vehicle_008,1368,train,116.79605362179488,68.4,350.2,351.70000000000005,355.2,359.3,-70.1329022368421,36.0,0,0.0314605263157895,0.03300000000000036
vehicle_008_session_01369,vehicle_008,1369,train,113.00286033950616,34.4,331.7,332.1,333.3,335.2,-70.29837983606556,39.295081967213115,1,0.022213114754098397,0.02400000000000002
vehicle_008_session_01370,vehicle_008,1370,train,114.60376429738562,18.8,325.3,325.8,327.5,329.1,-60.03442967213114,37.0,0,0.020737704918032753,0.02200000000000024
vehicle_008_session_01371,vehicle_008,1371,train,115.64307794347548,6.4,319.9,321.35,324.29999,326.9,-70.13816536842103,37.80263157894737,1,0.0269078894736842,0.031000099999999975
vehicle_008_session_01372,vehicle_008,1372,train,116.1867635973142,37.2,330.8,331.6,333.4,335.5,-70.03816015789474,39.18421052631579,1,0.022697371052631577,0.02499980000000024
vehicle_008_session_01373,vehicle_008,1373,train,113.58794516312996,35.600002,329.4,329.9,331.1,332.4,-42.971056315789475,38.0,0,0.015552630263157913,0.01700020000000002
vehicle_008_session_01374,vehicle_008,1374,train,116.21255276896504,4.4,318.1,319.5,322.7375,325.5,-69.86933466666666,39.973333333333336,1,0.029240000000000006,0.03200000000000003
vehicle_008_session_01375,vehicle_008,1375,train,114.37093581706704,28.0,328.6,329.5,330.8,332.4,-70.014668,37.13333333333333,1,0.02202666666666669,0.025000000000000355
vehicle_008_session_01376,vehicle_008,1376,train,115.16340294392175,17.6,323.6,325.2,328.0,329.9,-69.88399853333334,37.0,0,0.024333333333333318,0.026000000000000245
vehicle_008_session_01377,vehicle_008,1377,train,115.67680755709138,14.4,322.7,324.1,326.9,329.2,-70.12134093333334,37.0,0,0.024733333333333326,0.027000000000000135
vehicle_008_session_01378,vehicle_008,1378,train,113.58795329520694,48.0,336.3,336.8,338.6,341.4,-60.45245426229507,43.295081967213115,1,0.02539344262295079,0.02900000000000036
vehicle_008_session_01379,vehicle_008,1379,train,114.9992393094136,12.0,321.9,323.4,326.1,328.6,-70.1539555263158,34.0,0,0.024052631578947367,0.027000000000000135
vehicle_008_session_01380,vehicle_008,1380,train,114.09406723484848,36.4,331.4,331.7,333.2,335.3,-69.5081975409836,37.57377049180328,1,0.022098360655737725,0.02400000000000002
vehicle_008_session_01381,vehicle_008,1381,train,115.04238761233657,67.2,350.3,351.1,354.3,358.3,-69.50819754098362,40.90163934426229,1,0.032475409836065595,0.03400000000000025
vehicle_008_session_01382,vehicle_008,1382,train,116.78297585710713,53.2,336.8,338.45000000000005,342.29999999999995,347.2,-70.04533853333334,34.906666666666666,2,0.03359999999999999,0.039000000000000146
vehicle_008_session_01383,vehicle_008,1383,train,114.50059168195317,20.4,325.5,326.75,329.15,330.7,-69.95921157894738,37.0,0,0.024526315789473695,0.028999999999999915
vehicle_008_session_01384,vehicle_008,1384,train,116.49989604519779,58.0,338.8,340.1,343.1,346.3,-43.728001600000006,36.0,0,0.03273333333333335,0.03600000000000003
vehicle_008_session_01385,vehicle_008,1385,train,115.57917426564501,25.6,327.2,328.55,330.2,331.6,-70.09334013333334,36.053333333333335,1,0.023333333333333352,0.028000000000000025
vehicle_008_session_01386,vehicle_008,1386,train,116.12120435476456,37.2,330.3,331.6,333.3,335.5,-70.0855312368421,37.51315789473684,1,0.022513164473684216,0.02499999999999991
vehicle_008_session_01387,vehicle_008,1387,train,113.78768534784786,40.0,333.2,333.5,335.0,337.4,-68.75903229508197,39.19672131147541,1,0.023409836065573775,0.026000000000000245
vehicle_008_session_01388,vehicle_008,1388,train,113.01757376834384,35.6,332.2,332.5,333.8,335.7,-70.70000999999998,40.721311475409834,1,0.022786885245901656,0.02400000000000002
vehicle_008_session_01389,vehicle_008,1389,train,114.9410873881827,9.2,320.7,322.15,324.9,327.5,-69.7571535064935,39.714285714285715,1,0.02503896103896103,0.028999999999999915
vehicle_008_session_01390,vehicle_008,1390,train,114.26843453181004,10.8,320.7,322.1,324.2,326.7,-58.78526442622952,39.868852459016395,1,0.021803278688524597,0.02400000000000002
vehicle_008_session_01391,vehicle_008,1391,train,114.16226925505052,48.0,336.0,336.3,338.0,340.7,-58.70820754098362,41.98360655737705,1,0.02454098360655733,0.02900000000000036
vehicle_008_session_01392,vehicle_008,1392,train,117.37525444878477,70.0,352.1,352.7,355.3,358.6,-58.77378786885248,44.0,0,0.02998360655737708,0.03100000000000014
vehicle_008_session_01393,vehicle_008,1393,train,111.24822012691568,24.0,328.9,329.2,330.0,331.1,-60.33279573770493,42.0,0,0.01898360655737704,0.020999999999999908
vehicle_008_session_01394,vehicle_008,1394,train,116.86662359991041,47.2,335.7,336.0,337.7,340.3,-60.306570819672146,43.967213114754095,1,0.024524590163934396,0.028000000000000025
vehicle_008_session_01395,vehicle_008,1395,train,118.62070761494252,72.0,353.9,354.6,357.4,360.8,-60.337713606557394,46.0,0,0.030360655737704922,0.03200000000000047
vehicle_008_session_01396,vehicle_008,1396,train,116.21879206644145,2.8,316.6,318.0,321.20000000000005,324.2,-69.9266684,39.0,0,0.030253333333333347,0.03300000000000036
vehicle_008_session_01397,vehicle_008,1397,train,114.62435487784477,39.6,332.4,332.7,334.4,336.8,-70.19673295081968,41.34426229508197,1,0.02336065573770493,0.0259999999999998
vehicle_008_session_01398,vehicle_008,1398,train,116.17235736013303,40.8,331.7,332.7,334.79999999999995,337.4,-70.46534026666669,36.53333333333333,1,0.023653333333333356,0.027000000000000135
vehicle_008_session_01399,vehicle_008,1399,train,114.88291884531591,26.0,328.9,329.4,330.7,332.2,-69.71476590163935,34.65573770491803,1,0.02234426229508199,0.026000000000000245
vehicle_008_session_01400,vehicle_008,1400,train,114.8897275326797,46.8,336.0,336.4,338.5,341.9,-69.72952114754098,37.18032786885246,2,0.02739344262295078,0.03200000000000003
vehicle_008_session_01401,vehicle_008,1401,train,115.6311617408787,20.800001,325.3,326.6,329.1,330.69998,-69.98421084210526,36.9078947368421,1,0.024460522368421053,0.027999899999999744
vehicle_008_session_01402,vehicle_008,1402,train,115.45052723015874,10.0,320.5,322.0,324.4,326.6,-62.35200573333333,37.89333333333333,-1,0.023653333333333304,0.028000000000000025
vehicle_008_session_01403,vehicle_008,1403,train,117.53471791666666,68.0,351.0,351.9,355.0,359.1,-69.93934081967213,41.0,0,0.03259016393442627,0.03400000000000025
vehicle_008_session_01404,vehicle_008,1404,train,114.47461056754301,29.6,328.6,329.6,330.875,332.2,-60.608005199999994,33.92,1,0.019000000000000034,0.02100000000000035
vehicle_008_session_01405,vehicle_008,1405,train,114.14698230200065,15.6,322.8,324.04999999999995,326.6,328.8,-61.708005199999995,37.013333333333335,0,0.0226133333333333,0.02400000000000002
vehicle_008_session_01406,vehicle_008,1406,train,114.71085921717172,36.0,330.3,331.4,333.2,335.2,-70.9426231147541,36.47540983606557,1,0.022409836065573778,0.02499999999999991
vehicle_008_session_01407,vehicle_008,1407,train,116.8841482090643,58.4,342.5,343.3,347.1,351.6,-71.06721983606558,38.868852459016395,1,0.035295081967213114,0.038000000000000256
vehicle_008_session_01408,vehicle_008,1408,train,115.59427039007095,37.6,331.0,331.7,333.55,335.7,-69.93600053333333,37.61333333333334,1,0.022626666666666673,0.026000000000000245
vehicle_008_session_01409,vehicle_008,1409,train,113.25735626310272,24.8,326.7,328.0,329.6,330.8,-59.598370327868864,35.16393442622951,1,0.02054098360655736,0.02499999999999991
vehicle_008_session_01410,vehicle_008,1410,train,113.87208940972228,46.0,335.0,335.3,337.1,339.7,-59.62296081967214,37.52459016393443,1,0.023918032786885188,0.027000000000000135
vehicle_008_session_01411,vehicle_008,1411,train,118.21630611559142,72.0,353.8,354.4,357.1,360.7,-59.65082967213115,40.0,0,0.03001639344262298,0.03200000000000003
vehicle_008_session_01412,vehicle_008,1412,train,114.61834375410913,28.0,328.8,329.64999,331.05,332.5,-69.97368389473684,35.98684210526316,2,0.02197366842105265,0.025000200000000028
vehicle_008_session_01413,vehicle_008,1413,train,114.64373052536236,39.2,331.3,331.7,333.3,335.3,-60.06065967213116,40.09836065573771,1,0.020622950819672147,0.02300000000000013
vehicle_008_session_01414,vehicle_008,1414,train,115.11320708333332,66.8,349.4,350.2,352.8,356.0,-56.75082639344263,42.26229508196721,1,0.03037704918032783,0.03299999999999992
vehicle_008_session_01415,vehicle_008,1415,train,116.13674975131381,8.8,320.5,322.29999999999995,325.0,327.5,-70.10667400000001,36.78666666666667,1,0.025853333333333287,0.02900000000000036
vehicle_008_session_01416,vehicle_008,1416,train,116.61794089626736,46.4,333.8,334.65,337.15,340.8,-69.92499513157894,40.71052631578947,1,0.02701315789473682,0.03200000000000003
vehicle_008_session_01417,vehicle_008,1417,train,112.29599426410422,14.8,321.6,322.4,323.85,325.5,-34.97894618421053,36.0,0,0.0176578947368421,0.019000000000000128
vehicle_008_session_01418,vehicle_008,1418,train,116.93951830168778,66.0,347.5,348.1,349.9,351.9,-34.967102499999996,39.0,0,0.028052631578947336,0.031999999999999584
vehicle_008_session_01419,vehicle_008,1419,train,114.38112007275129,32.8,329.4,330.6,332.2,334.1,-69.94400133333333,34.666666666666664,1,0.021693333333333342,0.02300000000000013
vehicle_008_session_01420,vehicle_008,1420,train,114.82163116855283,37.6,331.0,331.7,333.5,335.7,-69.96799906666666,35.45333333333333,1,0.022560000000000014,0.02499999999999991
vehicle_008_session_01421,vehicle_008,1421,train,114.91779721257717,25.2,327.2,328.25,329.7,331.0,-61.0802694736842,34.973684210526315,1,0.020921052631578976,0.0259999999999998
vehicle_008_session_01422,vehicle_008,1422,train,115.61168206588499,18.0,324.19998,325.09999,327.5,329.4,-61.619744868421044,38.0,0,0.02285526973684211,0.025000200000000028
vehicle_008_session_01423,vehicle_008,1423,train,115.85167568158438,54.4,339.1,341.1,344.95,349.9,-73.59342973684211,34.0921052631579,2,0.03572368421052633,0.040000000000000036
vehicle_008_session_01424,vehicle_008,1424,train,113.99972035256408,38.8,333.2,333.5,334.9,337.1,-69.40163147540983,39.59016393442623,1,0.023426229508196724,0.026000000000000245
vehicle_008_session_01425,vehicle_008,1425,train,116.00564763374489,60.0,344.3,345.2,348.6,352.8,-69.38687918032788,42.09836065573771,1,0.03516393442622952,0.03799999999999981
vehicle_008_session_01426,vehicle_008,1426,train,116.33942300077643,33.2,329.4,330.5,331.975,333.8,-69.9813344,40.22666666666667,1,0.022253333333333326,0.02400000000000002
vehicle_008_session_01427,vehicle_008,1427,train,114.1765174107143,22.0,326.0,327.4375,329.6,331.0,-70.00000306666666,37.74666666666667,1,0.024773333333333345,0.03000000000000025
vehicle_008_session_01428,vehicle_008,1428,train,114.44813545626222,36.0,330.3,331.35,333.0888888888889,335.2,-70.0733388,38.45333333333333,1,0.02248000000000001,0.02499999999999991
vehicle_008_session_01429,vehicle_008,1429,train,114.59261150769335,12.8,322.1,323.5,326.1,328.6,-69.95333266666665,38.0,0,0.024559999999999967,0.027000000000000135
vehicle_008_session_01430,vehicle_008,1430,train,113.76719082244013,22.4,328.6,328.9,329.7,330.8,-59.80493655737706,41.0,0,0.01913114754098364,0.02100000000000035
vehicle_008_session_01431,vehicle_008,1431,train,114.82301933551203,43.2,334.2,334.6,336.0,338.2,-59.80985311475412,42.83606557377049,1,0.022557377049180333,0.0259999999999998
vehicle_008_session_01432,vehicle_008,1432,train,115.84695152505444,58.8,340.5,342.5,347.2,351.8,-70.84754606557375,39.83606557377049,1,0.037491803278688514,0.04100000000000037
vehicle_008_session_01433,vehicle_008,1433,train,115.84474320436507,43.2,333.3,333.8,335.7,338.6,-69.51147655737705,36.278688524590166,1,0.024573770491803267,0.028000000000000025
vehicle_008_session_01434,vehicle_008,1434,train,118.871535047743,71.6,353.5,354.3,357.5,361.6,-69.52787163934427,39.0,0,0.032622950819672154,0.03400000000000025
vehicle_008_session_01435,vehicle_008,1435,train,115.32732296767108,26.8,327.5,328.6,330.2,331.4,-61.0131647368421,34.01315789473684,1,0.01961842105263157,0.02300000000000013
vehicle_008_session_01436,vehicle_008,1436,train,114.6121054563492,17.2,323.8,325.3,328.2,330.0,-70.1049242622951,36.59016393442623,1,0.024557377049180318,0.027000000000000135
vehicle_008_session_01437,vehicle_008,1437,train,114.2282894170579,45.6,335.7,336.1,338.2,341.3,-69.92131147540984,39.18032786885246,1,0.02680327868852453,0.03100000000000014
vehicle_008_session_01438,vehicle_008,1438,train,118.50635290948281,74.4,356.4,357.2,360.5,364.6,-69.9327886885246,41.59016393442623,1,0.03288524590163932,0.034000000000000696
vehicle_008_session_01439,vehicle_008,1439,train,117.13456136156651,73.2,354.7,355.5,358.3,361.9,-60.45081540983607,38.60655737704918,1,0.030459016393442624,0.03200000000000003
vehicle_008_session_01440,vehicle_008,1440,train,116.1795004889456,51.6,336.0,337.29999999999995,340.7,345.3,-69.87895210526315,36.0,0,0.031828947368421026,0.038000000000000256
vehicle_008_session_01441,vehicle_008,1441,train,116.21704627136752,56.8,338.6,340.4,344.775,349.6,-70.00400306666667,39.76,1,0.036400000000000016,0.040000000000000036
vehicle_008_session_01442,vehicle_008,1442,train,114.80714868295024,37.2,330.7,331.6,333.3,335.5,-70.09737565789474,37.38157894736842,1,0.022618421052631593,0.025000000000000355
vehicle_008_session_01443,vehicle_008,1443,train,115.62928582398501,54.4,337.1,338.25,341.35,345.3,-59.04800493333334,38.08,1,0.03197333333333331,0.038000000000000256
vehicle_008_session_01444,vehicle_008,1444,train,114.24283109318998,28.8,329.2,329.6,330.5,331.7,-60.0,38.98360655737705,1,0.01947540983606562,0.02200000000000024
vehicle_008_session_01445,vehicle_008,1445,train,114.38205967514128,54.0,338.6,339.3,341.8,345.5,-59.988523442622956,41.24590163934426,1,0.030852459016393437,0.03600000000000003
vehicle_008_session_01446,vehicle_008,1446,train,115.17727390046292,71.6,353.2,354.4,357.17,360.7,-59.97376786885246,39.0,0,0.03036065573770494,0.03200000000000003
vehicle_008_session_01447,vehicle_008,1447,train,115.0764782352941,46.4,334.6,334.9,336.8,339.4,-60.01803459016394,35.77049180327869,1,0.02416393442622951,0.028000000000000025
vehicle_008_session_01448,vehicle_008,1448,train,114.37500013616558,52.4,338.6,339.3,342.1,346.4,-70.00163950819672,39.52459016393443,1,0.03288524590163936,0.039000000000000146
vehicle_008_session_01449,vehicle_008,1449,train,118.29533320230607,73.2,355.0,355.8,359.1,363.2,-69.99016295081968,41.0,0,0.03293442622950824,0.03500000000000014
vehicle_008_session_01450,vehicle_008,1450,train,113.12681807383042,32.4,331.0,331.3,332.2,333.6,-60.39343721311475,33.0,0,0.01926229508196723,0.020999999999999908
vehicle_008_session_01451,vehicle_008,1451,train,114.6190805866501,62.8,346.9,347.7,350.7,354.3,-60.40491180327869,36.0,0,0.03300000000000001,0.03600000000000003
vehicle_008_session_01452,vehicle_008,1452,train,113.15461549408016,3.6,317.5,319.1,322.2,324.9,-60.51476065573772,29.0,0,0.027901639344262295,0.030999999999999694
vehicle_008_session_01453,vehicle_008,1453,train,116.83346832175926,38.8,333.0,333.2,334.2,336.0,-60.700010000000006,31.311475409836067,1,0.02009836065573774,0.02200000000000024
vehicle_008_session_01454,vehicle_008,1454,train,117.06300347222223,63.2,346.6,347.4,350.5,353.9,-60.70328901639345,34.278688524590166,1,0.032918032786885244,0.03699999999999992
vehicle_008_session_01455,vehicle_008,1455,train,112.0204240451389,34.0,329.9,331.0,332.7,334.7,-69.76395016393444,35.08196721311475,2,0.02236065573770494,0.02400000000000002
vehicle_008_session_01456,vehicle_008,1456,train,114.62297168427233,59.6,344.1,345.0,348.6,353.0,-69.72624213114754,37.91803278688525,1,0.03634426229508199,0.039000000000000146
vehicle_008_session_01457,vehicle_008,1457,train,114.27044128133468,34.8,330.2,331.0,332.7,334.6,-68.38524032786886,32.22950819672131,2,0.02147540983606559,0.02300000000000013
vehicle_008_session_01458,vehicle_008,1458,train,117.31142529899691,68.0,351.0,351.8,354.9,358.8,-68.3901568852459,35.81967213114754,1,0.03267213114754099,0.03500000000000014
vehicle_008_session_01459,vehicle_008,1459,train,113.5945211352657,27.6,329.9,330.2,331.3,332.8,-69.65902639344262,30.114754098360656,1,0.021196721311475434,0.02200000000000024
vehicle_008_session_01460,vehicle_008,1460,train,114.40729342723007,55.6,341.0,341.8,345.2,349.6,-69.6360755737705,33.57377049180328,1,0.03475409836065579,0.038000000000000256
vehicle_008_session_01461,vehicle_008,1461,train,115.01883670634922,64.4,347.8,348.6,352.2,356.3,-69.41966409836066,33.0,0,0.03442622950819672,0.038000000000000256
vehicle_008_session_01462,vehicle_008,1462,train,113.96139103349672,50.8,338.3,338.8,341.6,346.0,-69.95901229508196,31.491803278688526,1,0.03245901639344263,0.0389999999999997
vehicle_008_session_01463,vehicle_008,1463,train,113.48778556034486,51.6,336.9,337.5,339.9,343.6,-59.988523442622956,33.377049180327866,1,0.029163934426229485,0.03500000000000014
vehicle_008_session_01464,vehicle_008,1464,train,116.95374770585312,74.8,356.0,356.8,359.6,363.0,-60.006558032786884,35.0,0,0.030655737704918043,0.03200000000000003
vehicle_008_session_01465,vehicle_008,1465,train,114.07380630260941,31.6,329.2,330.75,332.4,334.2,-69.94133586666668,26.0,2,0.021533333333333342,0.02400000000000002
vehicle_008_session_01466,vehicle_008,1466,train,114.17097901742203,38.4,329.9,330.7,332.1,333.5,-45.46133946666668,28.0,0,0.017026666666666686,0.019000000000000128
vehicle_008_session_01467,vehicle_008,1467,train,113.76984720052086,20.4,325.8,326.79999,328.9,330.3,-61.340796368421046,29.0,0,0.022000019736842093,0.027000199999999808
vehicle_008_session_01468,vehicle_008,1468,train,114.56142117446392,31.2,331.7,332.1,333.2,334.9,-70.17378114754098,23.934426229508198,2,0.021245901639344273,0.02300000000000013
vehicle_008_session_01469,vehicle_008,1469,train,113.5634477926587,54.0,341.3,341.9,345.2,349.7,-70.17050196721313,27.39344262295082,1,0.034606557377049166,0.038000000000000256
vehicle_008_session_01470,vehicle_008,1470,train,112.46673160830376,32.8,328.5,330.5,332.1,333.6,-60.58934120000001,24.2,1,0.0189466666666667,0.02100000000000035
vehicle_008_session_01471,vehicle_008,1471,train,114.64411801792556,16.4,324.6,325.75,328.5,330.3,-70.11867386666667,25.946666666666665,1,0.024213333333333326,0.027000000000000135
vehicle_008_session_01472,vehicle_008,1472,train,113.42078137860082,46.4,335.7,336.1,338.3,341.9,-69.99672098360655,28.83606557377049,2,0.028377049180327837,0.03400000000000025
vehicle_008_session_01473,vehicle_008,1473,train,113.92103411458336,50.0,337.2,337.7,340.5,344.7,-69.79346196721312,28.737704918032787,1,0.03149180327868852,0.038000000000000256
vehicle_008_session_01474,vehicle_008,1474,train,112.69162821502056,38.8,333.2,333.5,334.7,336.9,-60.016399344262304,25.557377049180328,1,0.021491803278688545,0.02400000000000002
vehicle_008_session_01475,vehicle_008,1475,train,110.90475563417192,60.4,346.0,346.8,349.9,353.5,-60.07869442622951,28.39344262295082,1,0.03422950819672129,0.038000000000000256
vehicle_008_session_01476,vehicle_008,1476,train,113.54828808421514,20.0,327.2,327.8,329.2,330.7,-59.5983693442623,23.0,0,0.019868852459016404,0.02499999999999991
vehicle_008_session_01477,vehicle_008,1477,train,110.19412968223908,45.6,336.1,336.4,338.2,341.0,-59.50983704918033,25.83606557377049,2,0.02508196721311472,0.02900000000000036
vehicle_008_session_01478,vehicle_008,1478,train,114.84808859592017,72.0,355.2,355.7,358.5,361.9,-59.5,28.57377049180328,1,0.030573770491803254,0.03200000000000047
vehicle_008_session_01479,vehicle_008,1479,train,111.43856122538674,42.8,334.1,334.6,336.4,339.4,-70.01639508196722,31.475409836065573,1,0.025081967213114727,0.03000000000000025
vehicle_008_session_01480,vehicle_008,1480,train,112.28633092948716,30.4,330.7,331.0,331.7,333.0,-60.86229803278689,31.327868852459016,1,0.0189672131147541,0.020999999999999908
vehicle_008_session_01481,vehicle_008,1481,train,112.26028112037038,20.8,326.0,327.4,329.6,331.0,-70.01184328947369,32.03947368421053,1,0.024473684210526314,0.029999999999999805
vehicle_008_session_01482,vehicle_008,1482,train,114.83943183396467,51.2,334.7,336.8,340.0,344.7,-69.74342013157894,33.276315789473685,1,0.03189473684210526,0.039000000000000146
vehicle_008_session_01483,vehicle_008,1483,train,112.2024903795948,19.2,325.2,326.4,328.975,330.7,-70.06000413333334,33.0,0,0.02449333333333331,0.028000000000000025
vehicle_008_session_01484,vehicle_008,1484,train,110.31710167714881,38.4,332.7,333.0,334.6,336.9,-70.15574770491801,35.22950819672131,1,0.023262295081967206,0.026000000000000245
vehicle_008_session_01485,vehicle_008,1485,train,114.36775310241644,34.0,331.7,332.0,333.2,334.9,-70.05263592105263,28.43421052631579,1,0.021460526315789506,0.02300000000000013
vehicle_008_session_01486,vehicle_008,1486,train,114.59662481060609,72.8,355.2,355.8,358.6,362.2,-60.28198540983609,29.065573770491802,1,0.031049180327868856,0.03300000000000036
vehicle_008_session_01487,vehicle_008,1487,train,114.48069913499027,72.8,353.5,355.2,358.8,363.0,-70.053338,27.933333333333334,1,0.03238666666666663,0.03500000000000014
vehicle_008_session_01488,vehicle_008,1488,train,110.76329920977014,17.6,324.7,326.1,328.8,330.5,-70.16558262295081,31.508196721311474,1,0.024098360655737686,0.027000000000000135
vehicle_008_session_01489,vehicle_008,1489,train,111.65060318200666,40.8,334.1,334.4,336.0,338.6,-69.9672137704918,33.65573770491803,1,0.024344262295081937,0.028000000000000025
vehicle_008_session_01490,vehicle_008,1490,train,114.4761298794766,49.2,335.19998,336.35,339.35,343.5,-69.94078965789474,29.43421052631579,1,0.030197380263157898,0.03700020000000004
vehicle_008_session_01491,vehicle_008,1491,train,114.39963238636365,58.0,341.9,342.7,345.8,349.4,-58.26885639344264,36.50819672131148,1,0.03486885245901638,0.03799999999999981
vehicle_008_session_01492,vehicle_008,1492,train,113.52332938869993,38.8,331.3,332.29999999999995,334.2,336.8,-70.22134386666667,31.733333333333334,1,0.023400000000000018,0.026000000000000245
vehicle_008_session_01493,vehicle_008,1493,train,115.57252961309521,68.4,349.9,351.85,355.6,359.6,-70.11067373333333,27.84,1,0.03297333333333336,0.03600000000000003
vehicle_008_session_01494,vehicle_008,1494,train,114.2343290660226,62.0,344.6,346.70000000000005,350.9,355.2,-69.80135186666666,27.533333333333335,1,0.037146666666666654,0.04400000000000004
vehicle_008_session_01495,vehicle_008,1495,train,115.06095883207074,53.6,336.9,338.65,342.4375,347.5,-70.0106676,25.626666666666665,1,0.0355866666666667,0.04200000000000026
vehicle_008_session_01496,vehicle_008,1496,train,112.79268198105667,6.4,320.69998,322.29999,325.24999,327.8,-70.10395328947367,26.68421052631579,1,0.026250015789473665,0.03000000000000025
vehicle_008_session_01497,vehicle_008,1497,train,114.05485956175835,50.8,335.3,336.9,340.24999,344.9,-70.18685226315789,28.75,1,0.03246054078947367,0.040000000000000036
vehicle_008_session_01498,vehicle_008,1498,train,112.44816258101851,27.6,330.5,330.8,331.9,333.3,-71.60000950819672,30.262295081967213,1,0.021606557377049203,0.02300000000000013
vehicle_008_session_01499,vehicle_008,1499,train,111.19706202749143,36.0,330.5,331.775,333.8,336.0,-70.01867013333334,26.92,2,0.022733333333333345,0.026000000000000245
vehicle_008_session_01500,vehicle_008,1500,train,112.746787283237,14.0,323.2,324.65,327.5,329.7,-70.00800079999999,27.106666666666666,1,0.023159999999999972,0.02499999999999991
vehicle_008_session_01501,vehicle_008,1501,train,111.27823361545141,17.2,327.1,327.5,329.1,330.5,-70.23443983606556,28.0,0,0.02254098360655737,0.02499999999999991
vehicle_008_session_01502,vehicle_008,1502,train,113.83225980750493,42.8,334.6,334.7,336.4,338.9,-70.26722721311477,30.475409836065573,1,0.02445901639344261,0.028000000000000025
vehicle_008_session_01503,vehicle_008,1503,train,116.16669002525254,65.6,348.5,349.4,352.8,356.8,-70.23771967213115,33.0,0,0.03445901639344262,0.03799999999999981
