segment_id,vehicle,session_index,split,proxy_capacity_ah,soc_start,voltage_start,voltage_60,voltage_300,voltage_600,current_mean,tmax_mean,temperature_rise,cell_gap_mean,cell_gap_max
vehicle_009_session_00001,vehicle_009,1,train,136.64394005905513,48.8,336.1,337.75,341.4,344.9,-70.14343105263157,37.89473684210526,1,0.0263157894736842,0.028000000000000025
vehicle_009_session_00002,vehicle_009,2,train,133.56505990903185,20.8,327.2,328.70000000000005,330.2,331.4,-74.9631552631579,34.23684210526316,1,0.026644736842105297,0.028000000000000025
vehicle_009_session_00003,vehicle_009,3,train,134.82443442437565,12.4,323.3,324.9,327.4,329.1,-70.41709697368421,36.9078947368421,1,0.025447368421052618,0.027000000000000135
vehicle_009_session_00004,vehicle_009,4,train,133.93655558691756,26.0,329.6,330.5,331.5,332.7,-71.18027315789473,39.56578947368421,1,0.02576315789473685,0.027000000000000135
vehicle_009_session_00005,vehicle_009,5,train,135.15180689547722,36.8,331.1,332.2,333.9,336.3,-74.09343039473686,38.94736842105263,2,0.026697368421052647,0.028000000000000025
vehicle_009_session_00006,vehicle_009,6,train,137.41695569923377,18.4,325.7,327.1,329.15,330.5,-74.18816789473684,36.3421052631579,1,0.02676315789473685,0.028999999999999915
vehicle_009_session_00007,vehicle_009,7,train,136.4037787954981,41.6,332.7,333.9,336.20000000000005,339.9,-73.94999552631579,35.38157894736842,1,0.026986842105263153,0.028999999999999915
vehicle_009_session_00008,vehicle_009,8,train,136.67800567251467,61.6,347.2,348.9,352.29999999999995,356.4,-74.46973434210527,36.94736842105263,1,0.029828947368421063,0.03200000000000003
vehicle_009_session_00009,vehicle_009,9,train,134.68871656045755,30.8,328.3,329.2,330.2,331.1,-45.13377753246755,36.285714285714285,1,0.01696103896103895,0.018000000000000238
vehicle_009_session_00010,vehicle_009,10,train,133.9275876548761,38.0,329.9,331.1,332.4,333.6,-44.93637363636364,34.0,0,0.016688311688311707,0.018000000000000238
vehicle_009_session_00011,vehicle_009,11,train,135.8548506030702,46.4,332.8,334.65,336.8,339.4,-44.7653404,35.45333333333333,1,0.019266666666666633,0.02200000000000024
vehicle_009_session_00012,vehicle_009,12,train,134.38343247599448,62.0,346.1,347.6,349.775,352.2,-45.14934440000001,34.8,1,0.02006666666666667,0.02100000000000035
vehicle_009_session_00013,vehicle_009,13,train,132.52695756090316,24.8,326.7,327.55,328.45000000000005,328.6,-33.546062368421055,28.19736842105263,1,0.013078947368421067,0.017999999999999794
vehicle_009_session_00014,vehicle_009,14,train,134.3103983085809,48.4,335.0,336.20000000000005,339.0,341.6,-45.15658894736842,29.473684210526315,1,0.020131578947368424,0.02300000000000013
vehicle_009_session_00015,vehicle_009,15,train,131.87184665075233,20.0,326.1,327.15,328.3,329.1,-45.20267693333334,27.0,0,0.016973333333333358,0.018000000000000238
vehicle_009_session_00016,vehicle_009,16,train,134.77549065582815,14.0,323.6,325.5,328.0,329.6,-73.8460525,34.0,0,0.026776315789473676,0.028999999999999915
vehicle_009_session_00017,vehicle_009,17,train,134.00079203296704,56.0,342.4,344.1,347.15,350.8,-70.24001493333333,37.76,1,0.02766666666666667,0.02900000000000036
vehicle_009_session_00018,vehicle_009,18,train,134.20028849067603,36.8,331.0,332.29999999999995,334.1,336.6,-74.17106263157893,36.94736842105263,2,0.02721052631578944,0.028999999999999915
vehicle_009_session_00019,vehicle_009,19,train,135.56784910027952,36.0,331.0,332.1,333.70000000000005,336.0,-73.6934322368421,38.973684210526315,2,0.026868421052631576,0.028999999999999915
vehicle_009_session_00020,vehicle_009,20,train,133.81585735844018,57.6,343.9,345.5,348.6,352.5,-70.976315,37.0,0,0.028342105263157877,0.03000000000000025
vehicle_009_session_00021,vehicle_009,21,train,135.76872525275735,45.2,333.3,334.2,336.3,339.3,-50.58421894736843,39.0,0,0.02057894736842104,0.02400000000000002
vehicle_009_session_00022,vehicle_009,22,train,136.1719616582492,46.8,333.8,334.79999999999995,336.8,339.6,-45.20527368421053,39.0,0,0.019802631578947356,0.02300000000000013
vehicle_009_session_00023,vehicle_009,23,train,133.3707192001916,20.8,327.7,327.8,328.5,329.1,-45.200010000000006,38.0,0,0.017253333333333353,0.018999999999999684
vehicle_009_session_00024,vehicle_009,24,train,134.7811428164845,50.0,335.8,336.85,339.3,341.4,-40.114483684210526,38.0,0,0.02009210526315788,0.02400000000000002
vehicle_009_session_00025,vehicle_009,25,train,135.4122782969256,17.2,325.2,326.5,328.8,330.0,-74.79733466666667,42.16,1,0.02814666666666668,0.03000000000000025
vehicle_009_session_00026,vehicle_009,26,train,133.6203268389918,56.0,343.0,343.55,345.6,348.3,-50.5289502631579,41.0,0,0.021986842105263166,0.02400000000000002
vehicle_009_session_00027,vehicle_009,27,train,135.38906202967175,55.6,341.9,343.55,346.8375,350.5,-74.04267240000001,44.18666666666667,1,0.02977333333333331,0.03200000000000003
vehicle_009_session_00028,vehicle_009,28,train,133.72693079545456,10.0,321.6,323.2,325.9,328.0,-69.85921092105264,39.0,0,0.027171052631578936,0.028999999999999915
vehicle_009_session_00029,vehicle_009,29,train,132.73222370422977,18.4,323.3,324.79999999999995,326.6,327.5,-37.68799557333333,40.17333333333333,-1,0.018266666666666622,0.020999999999999908
vehicle_009_session_00030,vehicle_009,30,train,135.5075809327107,56.8,342.7,343.1,344.7,346.9,-39.92894026315789,42.0,0,0.019210526315789483,0.020000000000000018
vehicle_009_session_00031,vehicle_009,31,train,136.65144508230455,45.6,332.8,333.70000000000005,335.3,337.5,-40.0,38.0,0,0.017355263157894714,0.020000000000000018
vehicle_009_session_00032,vehicle_009,32,train,138.02650871913585,67.2,351.8,353.4,356.8375,361.0,-74.35200040000001,42.0,0,0.03137333333333331,0.03300000000000036
vehicle_009_session_00033,vehicle_009,33,train,137.68139785628028,72.0,355.0,356.1,358.3,360.8,-45.200010000000006,41.0,0,0.02226666666666666,0.02400000000000002
vehicle_009_session_00034,vehicle_009,34,train,132.61930012326388,12.4,323.2,324.6,327.15,328.8,-70.040004,36.82666666666667,1,0.02694666666666666,0.03000000000000025
vehicle_009_session_00035,vehicle_009,35,train,133.11090457854408,9.6,321.6,323.0,325.75,328.0,-70.86973592105264,39.0,0,0.027789473684210517,0.03000000000000025
vehicle_009_session_00036,vehicle_009,36,train,134.85428272417147,67.6,353.0,354.35,357.4,361.4,-70.92856428571427,43.0,0,0.031116883116883053,0.03299999999999992
vehicle_009_session_00037,vehicle_009,37,train,133.78650084541064,53.2,337.7,339.35,341.85,343.9,-37.740792368421054,38.0,0,0.018565789473684192,0.020999999999999908
vehicle_009_session_00038,vehicle_009,38,train,134.41510159876543,9.6,320.7,323.25,326.0,328.2,-71.10266786666666,35.76,1,0.027613333333333313,0.02900000000000036
vehicle_009_session_00039,vehicle_009,39,train,134.2646378586333,14.4,323.0,323.85,325.5,327.1,-45.20401040000001,38.70666666666666,1,0.019679999999999975,0.021999999999999797
vehicle_009_session_00040,vehicle_009,40,train,134.86498624727668,18.0,324.9,325.7,327.2,328.2,-45.10527315789474,32.1578947368421,1,0.019263157894736805,0.02200000000000024
vehicle_009_session_00041,vehicle_009,41,train,134.6662504015495,40.4,331.1,331.9,333.3,334.9,-45.12764157894737,32.64473684210526,1,0.017578947368421062,0.019000000000000128
vehicle_009_session_00042,vehicle_009,42,train,133.15156032102465,32.0,327.8,328.5,329.1,329.7,-26.186852105263153,34.0,0,0.011052631578947378,0.01200000000000001
vehicle_009_session_00043,vehicle_009,43,train,133.9871020245444,24.0,327.8,328.9,330.2,331.6,-70.29212447368418,35.723684210526315,1,0.025381578947368453,0.028000000000000025
vehicle_009_session_00044,vehicle_009,44,train,136.01723092161936,48.0,335.3,337.1,340.9,344.6,-70.16711565789474,34.23684210526316,1,0.02755263157894736,0.02900000000000036
vehicle_009_session_00045,vehicle_009,45,train,133.3405017092262,40.8,329.7,331.25,333.1,334.6,-37.373684686842104,35.0,0,0.015184210526315783,0.018000000000000238
vehicle_009_session_00046,vehicle_009,46,train,135.0686826841949,24.8,325.7,326.9,328.3,329.1,-37.391993146666664,39.0,0,0.015400000000000027,0.018000000000000238
vehicle_009_session_00047,vehicle_009,47,train,136.09584608778627,47.2,334.9,336.4,339.9,343.8,-70.82237328947369,38.61842105263158,1,0.02828947368421052,0.03000000000000025
vehicle_009_session_00048,vehicle_009,48,train,136.45523875399684,44.0,333.5,334.7,337.45,341.6,-74.07369052631579,40.421052631578945,1,0.028842105263157874,0.03200000000000003
vehicle_009_session_00049,vehicle_009,49,train,135.88226994234805,36.0,330.7,331.6,333.3,335.3,-70.12500986842106,38.94736842105263,1,0.025815789473684226,0.027000000000000135
vehicle_009_session_00050,vehicle_009,50,train,134.98845867877495,21.6,326.1,326.9,328.0,328.8,-45.211853289473694,34.9078947368421,1,0.018000000000000016,0.020000000000000018
vehicle_009_session_00051,vehicle_009,51,train,133.4272786080918,28.4,328.9,329.95,331.35,332.8,-74.51711276315787,39.4078947368421,1,0.027302631578947394,0.028000000000000025
vehicle_009_session_00052,vehicle_009,52,train,136.96719602588388,55.6,341.6,343.55,346.70000000000005,350.3,-69.4131497368421,41.3421052631579,1,0.02914473684210525,0.03100000000000014
vehicle_009_session_00053,vehicle_009,53,train,134.29260171635053,49.6,335.3,336.3,338.675,341.1,-40.20001,37.0,0,0.020946666666666634,0.02400000000000002
vehicle_009_session_00054,vehicle_009,54,train,131.58510889254387,23.6,328.3,329.4,330.8,332.2,-74.50921460526315,30.86842105263158,1,0.026802631578947373,0.028000000000000025
vehicle_009_session_00055,vehicle_009,55,train,132.3177939136905,18.0,324.7,325.4,326.775,327.7,-40.38266186666667,36.0,0,0.01961333333333329,0.02300000000000013
vehicle_009_session_00056,vehicle_009,56,train,133.00404620147256,21.2,325.0,326.79999999999995,327.8,328.8,-44.8473802631579,39.18421052631579,1,0.018710526315789493,0.020999999999999908
vehicle_009_session_00057,vehicle_009,57,train,138.04700487557872,61.2,346.4,348.25,351.675,355.7,-74.16934253333334,38.50666666666667,1,0.031853333333333296,0.03399999999999981
vehicle_009_session_00058,vehicle_009,58,train,132.65053652202508,13.2,322.1,322.75,324.6,326.1,-40.290808552631596,36.0,0,0.019868421052631563,0.02300000000000013
vehicle_009_session_00059,vehicle_009,59,train,132.02481660927455,24.4,326.9,327.7,328.6,329.6,-45.09734293333334,33.6,1,0.01769333333333335,0.020000000000000018
vehicle_009_session_00060,vehicle_009,60,train,136.25648387183966,32.8,328.0,329.6,330.6,331.6,-44.57367447368421,35.36842105263158,1,0.017118421052631592,0.018000000000000238
vehicle_009_session_00061,vehicle_009,61,train,136.59742977083334,59.6,345.3,347.0,350.25,354.1,-70.0447410526316,37.0,0,0.030276315789473686,0.03200000000000003
vehicle_009_session_00062,vehicle_009,62,train,135.49596406643082,56.4,340.0,341.75,344.3,346.3,-37.72933298666667,34.306666666666665,-1,0.019453333333333364,0.02100000000000035
vehicle_009_session_00063,vehicle_009,63,train,134.2495934610076,35.2,330.7,331.65,333.5,335.7,-74.21843289473684,37.223684210526315,2,0.027578947368421054,0.03000000000000025
vehicle_009_session_00064,vehicle_009,64,train,132.9385752664329,18.8,325.2,326.35,327.5,328.3,-44.941343333333336,32.70666666666666,1,0.019746666666666652,0.023999999999999577
vehicle_009_session_00065,vehicle_009,65,train,133.5896020049283,12.0,320.2,321.7,323.9,325.5,-37.852640526315795,32.0,0,0.020092105263157925,0.02200000000000024
vehicle_009_session_00066,vehicle_009,66,train,133.74051856278803,12.8,323.2,324.5,327.1,328.8,-70.00666733333333,37.0,0,0.02831999999999997,0.03100000000000014
vehicle_009_session_00067,vehicle_009,67,train,131.8657400597545,30.4,329.4,330.75,332.29999999999995,334.1,-74.26268306666667,31.96,2,0.026973333333333377,0.028999999999999915
vehicle_009_session_00068,vehicle_009,68,train,132.2659396016082,37.2,331.3,332.45,334.4,336.9,-74.52763578947368,33.96052631578947,2,0.027921052631578923,0.030999999999999694
vehicle_009_session_00069,vehicle_009,69,train,136.47911970255657,54.4,339.9,342.5,345.9,349.9,-71.78267813333333,38.0,0,0.030159999999999982,0.03200000000000003
vehicle_009_session_00070,vehicle_009,70,train,133.64722112360377,24.0,326.7,327.7,328.6,329.4,-45.13507493506494,37.0,0,0.01831168831168832,0.020000000000000018
vehicle_009_session_00071,vehicle_009,71,train,132.16661570075757,24.0,327.5,328.85,330.2,331.4,-70.09606223684212,39.23684210526316,1,0.026144736842105287,0.028999999999999915
vehicle_009_session_00072,vehicle_009,72,train,132.30600063750865,19.6,323.9,325.25,326.9,327.8,-37.638152078947364,38.80263157894737,1,0.02031578947368415,0.02499999999999991
vehicle_009_session_00073,vehicle_009,73,train,135.70320121897166,43.2,333.2,334.29999999999995,336.70000000000005,340.5,-70.99737236842107,38.921052631578945,1,0.028552631578947333,0.03200000000000003
vehicle_009_session_00074,vehicle_009,74,train,134.13898939760986,30.8,327.4,329.2,330.2,331.1,-44.927648815789496,36.43421052631579,1,0.01756578947368423,0.019000000000000128
vehicle_009_session_00075,vehicle_009,75,train,133.18707944315844,46.8,332.8,334.7,336.85,339.6,-44.75527315789474,37.921052631578945,1,0.021381578947368415,0.026000000000000245
vehicle_009_session_00076,vehicle_009,76,train,132.44483032475486,24.0,327.5,328.70000000000005,329.95,331.3,-70.85263210526315,38.13157894736842,2,0.026355263157894767,0.028000000000000025
vehicle_009_session_00077,vehicle_009,77,train,131.69529578598485,10.8,322.2,323.85,326.5,328.6,-74.11734160000002,40.0,0,0.03089333333333331,0.03300000000000036
vehicle_009_session_00078,vehicle_009,78,train,135.9164923406863,45.2,332.2,333.8,335.5,337.8,-44.842115394736844,38.14473684210526,1,0.020105263157894727,0.02400000000000002
vehicle_009_session_00079,vehicle_009,79,train,133.98764188563564,44.4,332.2,333.3,334.9,337.1,-44.4697455263158,38.0,0,0.019315789473684186,0.021999999999999797
vehicle_009_session_00080,vehicle_009,80,train,132.28343681921675,3.2,315.5,317.75,319.9,321.7,-38.965779526315785,39.0,0,0.026407894736842137,0.028999999999999915
vehicle_009_session_00081,vehicle_009,81,train,138.6091074671446,62.4,347.5,348.975,352.275,356.1,-70.63734173333333,39.973333333333336,1,0.031746666666666694,0.03300000000000036
vehicle_009_session_00082,vehicle_009,82,train,132.94453434178743,24.8,326.1,327.6,328.55,329.4,-44.86579960526316,39.0,0,0.018513157894736895,0.02100000000000035
vehicle_009_session_00083,vehicle_009,83,train,136.34132290322586,37.6,329.7,330.875,332.1,333.3,-45.157344133333346,41.82666666666667,1,0.018186666666666684,0.020000000000000018
vehicle_009_session_00084,vehicle_009,84,train,134.3416039732476,40.0,330.8,331.6,332.75,334.1,-39.99868407894737,31.0,0,0.01656578947368424,0.018000000000000238
vehicle_009_session_00085,vehicle_009,85,train,132.30768788909828,16.0,322.2,323.70000000000005,325.6,327.1,-37.744735552631575,36.0,0,0.021302631578947295,0.02400000000000002
vehicle_009_session_00086,vehicle_009,86,train,132.99177943923613,34.8,328.0,329.5,330.8,331.9,-37.6842027368421,33.0,0,0.01523684210526321,0.017000000000000348
vehicle_009_session_00087,vehicle_009,87,train,132.74169990172956,47.2,333.9,335.1,337.5,340.7,-50.792013333333344,37.946666666666665,1,0.023599999999999982,0.027000000000000135
vehicle_009_session_00088,vehicle_009,88,train,137.19455101425444,69.2,353.5,354.6,357.1,359.9,-50.801345466666675,38.0,0,0.02614666666666663,0.02799999999999958
vehicle_009_session_00089,vehicle_009,89,train,132.30750219280245,17.6,324.9,325.9,327.4,328.3,-45.20267693333334,32.0,0,0.021759999999999977,0.0259999999999998
vehicle_009_session_00090,vehicle_009,90,train,134.9051333867521,32.0,329.7,330.8,332.4,334.1,-74.01066919999998,35.986666666666665,0,0.027573333333333363,0.02900000000000036
vehicle_009_session_00091,vehicle_009,91,train,136.39669342780286,55.2,341.3,343.55,347.1,351.1,-74.03289789473683,33.71052631578947,1,0.03203947368421051,0.03500000000000014
vehicle_009_session_00092,vehicle_009,92,train,134.47960444394485,44.0,332.7,333.70000000000005,335.5,338.0,-49.89736605263158,37.11842105263158,1,0.02184210526315786,0.02400000000000002
vehicle_009_session_00093,vehicle_009,93,train,134.19759560026634,66.8,350.8,352.29999999999995,355.1,358.6,-60.05658289473684,34.0,0,0.028671052631578976,0.03100000000000014
vehicle_009_session_00094,vehicle_009,94,train,134.91022267833662,32.0,328.9,329.6,330.7,331.7,-49.70401040000001,33.38666666666666,1,0.019080000000000014,0.020000000000000018
vehicle_009_session_00095,vehicle_009,95,train,135.4268439768782,29.2,328.0,328.8,329.9,331.0,-50.576323421052635,34.0,0,0.019539473684210537,0.02200000000000024
vehicle_009_session_00096,vehicle_009,96,train,138.3145873652571,72.8,356.1,357.15,359.65,362.5,-50.18134333333333,37.013333333333335,-1,0.026413333333333296,0.02800000000000047
vehicle_009_session_00097,vehicle_009,97,train,135.50671485285548,42.4,332.4,333.4,335.3,338.0,-59.97894947368421,36.0,0,0.024421052631578923,0.027000000000000135
vehicle_009_session_00098,vehicle_009,98,train,133.41176970336448,6.8,320.5,322.15,324.95,327.4,-74.08684868421052,37.11842105263158,0,0.03380263157894735,0.037000000000000366
vehicle_009_session_00099,vehicle_009,99,train,134.36661272522528,62.0,345.8,347.6,349.9,352.4,-45.106597763157914,38.0,0,0.023855263157894702,0.0259999999999998
vehicle_009_session_00100,vehicle_009,100,train,134.06950443652855,22.4,326.3,327.15,328.2,329.1,-45.310543157894756,36.0,0,0.019473684210526317,0.02400000000000002
vehicle_009_session_00101,vehicle_009,101,train,135.66502820555556,29.6,327.2,327.5,328.2,328.6,-22.60395736842106,34.0,0,0.011026315789473714,0.0129999999999999
vehicle_009_session_00102,vehicle_009,102,train,132.34148798701298,2.8,317.8,319.5,322.7,325.3,-69.63421934210527,40.0,0,0.03603947368421054,0.039000000000000146
vehicle_009_session_00103,vehicle_009,103,train,133.5718190125689,2.8,317.7,319.6,322.8,325.5,-69.92399613333332,35.0,0,0.03593333333333333,0.038000000000000256
vehicle_009_session_00104,vehicle_009,104,train,132.2368226693767,17.6,323.6,325.75,327.2,328.2,-44.57236894736842,32.0,0,0.02257894736842102,0.027000000000000135
vehicle_009_session_00105,vehicle_009,105,train,131.3470357485251,9.2,321.7,323.3,326.1,328.2,-69.88157763157895,35.828947368421055,-1,0.031289473684210506,0.03400000000000025
vehicle_009_session_00106,vehicle_009,106,train,128.5977423022599,11.6,321.4,321.9,323.2,324.2,-26.10395736842106,35.0,0,0.01957894736842107,0.02100000000000035
vehicle_009_session_00107,vehicle_009,107,train,129.22278440995527,35.2,330.7,330.7,331.1,331.6,-26.100010000000008,36.0,0,0.011697368421052646,0.013000000000000345
vehicle_009_session_00108,vehicle_009,108,train,130.6791646475367,39.6,329.6,330.9,332.5,333.8,-37.441330906666664,39.25333333333333,-1,0.016253333333333366,0.019000000000000128
vehicle_009_session_00109,vehicle_009,109,train,135.32417994318186,55.6,341.3,342.6,345.2,347.8,-50.104009866666665,34.0,0,0.02477333333333336,0.027000000000000135
vehicle_009_session_00110,vehicle_009,110,train,132.27376061354528,22.0,327.2,328.6,329.9,331.1,-70.06842960526315,35.828947368421055,1,0.02636842105263163,0.029999999999999805
vehicle_009_session_00111,vehicle_009,111,train,133.31848997040075,26.4,328.3,329.5,330.7,332.2,-70.35000447368421,37.0,0,0.02635526315789476,0.028000000000000025
vehicle_009_session_00112,vehicle_009,112,train,129.51758106589148,13.2,323.8,325.1,327.7,329.2,-70.96184197368422,35.0,0,0.030710526315789445,0.03500000000000014
vehicle_009_session_00113,vehicle_009,113,train,129.76364953881765,16.4,324.6,325.9,327.8,329.1,-60.1671139473684,32.01315789473684,1,0.026749999999999986,0.03100000000000014
vehicle_009_session_00114,vehicle_009,114,train,135.69084790798613,51.6,338.3,340.25,344.1,348.2,-73.4578947368421,35.53947368421053,1,0.032526315789473674,0.03400000000000025
vehicle_009_session_00115,vehicle_009,115,train,136.7223149305556,59.6,343.6,345.4,347.7,350.2,-44.99211565789474,37.0,0,0.023842105263157845,0.026000000000000245
vehicle_009_session_00116,vehicle_009,116,train,129.700519873366,19.2,325.7,326.79999999999995,328.5,329.6,-60.02857363636364,36.311688311688314,-1,0.0264805194805195,0.03200000000000003
vehicle_009_session_00117,vehicle_009,117,train,131.29137392378388,19.2,326.6,327.8,329.4,330.7,-69.79068466666665,33.0,0,0.027693333333333344,0.03300000000000036
vehicle_009_session_00118,vehicle_009,118,train,136.22673295195813,50.8,336.9,339.0,342.9,346.8,-69.17106263157895,33.71052631578947,1,0.03125000000000001,0.03400000000000025
vehicle_009_session_00119,vehicle_009,119,train,130.0708137486111,1.6,314.6,316.05,317.4625,318.9,-25.86711528947369,39.276315789473685,-1,0.027710526315789474,0.03000000000000025
vehicle_009_session_00120,vehicle_009,120,train,130.88211642300195,41.6,332.1,332.7,333.3,333.9,-26.10132578947369,39.0,0,0.013092105263157896,0.015000000000000124
vehicle_009_session_00121,vehicle_009,121,train,130.69670554846937,16.0,323.3,324.2,326.0,327.4,-45.19343105263159,37.0,0,0.02436842105263151,0.027000000000000135
vehicle_009_session_00122,vehicle_009,122,train,128.62274221965023,18.0,325.3,326.1,327.4,328.3,-44.803966184210545,36.0,0,0.02364473684210527,0.028999999999999915
vehicle_009_session_00123,vehicle_009,123,train,133.03767082054094,23.6,327.7,328.85,330.2,331.6,-74.01184447368422,37.53947368421053,1,0.02813157894736843,0.03200000000000003
vehicle_009_session_00124,vehicle_009,124,train,132.01494825410796,42.4,331.9,332.7,334.2,336.1,-45.11467666666667,37.0,0,0.019826666666666687,0.02200000000000024
vehicle_009_session_00125,vehicle_009,125,train,129.6180016568691,24.4,325.2,326.75,328.2,328.9,-37.27762250263157,36.0,0,0.017236842105263193,0.020999999999999908
vehicle_009_session_00126,vehicle_009,126,train,132.06634077777778,19.6,326.9,328.1,329.6,330.8,-70.4893344,31.733333333333334,1,0.02838666666666667,0.03600000000000003
vehicle_009_session_00127,vehicle_009,127,train,129.8748226249366,7.2,319.2,321.05,322.875,324.9,-44.962676666666674,33.0,0,0.026600000000000037,0.03100000000000014
vehicle_009_session_00128,vehicle_009,128,train,131.4802765733507,48.0,334.6,335.7,338.025,341.0,-45.206504155844165,35.96103896103896,1,0.024038961038961058,0.028000000000000025
vehicle_009_session_00129,vehicle_009,129,train,130.6976342261905,59.2,343.3,344.9,347.0,349.3,-39.602677066666665,34.0,0,0.022399999999999965,0.02400000000000002
vehicle_009_session_00130,vehicle_009,130,train,138.8156831096987,76.0,359.6,361.1,364.79999999999995,369.3,-69.85000078947367,32.93421052631579,1,0.034276315789473676,0.036000000000000476
vehicle_009_session_00131,vehicle_009,131,train,130.53102991071427,38.0,331.3,332.45,334.29999999999995,336.8,-70.43289381578948,34.61842105263158,1,0.02747368421052631,0.029999999999999805
vehicle_009_session_00132,vehicle_009,132,train,132.5468398717949,52.8,338.2,339.6375,342.4375,345.2,-50.302685866666685,36.0,0,0.02638666666666669,0.029999999999999805
vehicle_009_session_00133,vehicle_009,133,train,130.86828799507168,36.4,330.7,331.7,333.55,335.7,-69.29343828947367,32.18421052631579,2,0.026552631578947383,0.028999999999999915
vehicle_009_session_00134,vehicle_009,134,train,131.52066458010336,13.6,323.6,325.1,327.7,329.2,-70.5802711842105,34.0,0,0.031105263157894737,0.03500000000000014
vehicle_009_session_00135,vehicle_009,135,train,128.13258499388314,14.0,324.2,325.8,328.25,329.6,-70.18801080000001,31.0,0,0.030266666666666667,0.03500000000000014
vehicle_009_session_00136,vehicle_009,136,train,129.50363533229492,14.0,324.1,325.6,328.2,329.6,-70.15395736842105,31.93421052631579,1,0.030723684210526292,0.03599999999999959
vehicle_009_session_00137,vehicle_009,137,train,131.3118445550639,49.6,336.1,337.45,340.7,343.9,-54.671063157894736,33.96052631578947,1,0.027328947368421057,0.03000000000000025
vehicle_009_session_00138,vehicle_009,138,train,130.63943238168724,60.4,344.3,346.4,348.8,351.3,-44.821062894736855,36.0,0,0.02425,0.026000000000000245
vehicle_009_session_00139,vehicle_009,139,train,129.8669970994669,15.6,322.2,324.4,326.1,327.5,-44.66974684210527,34.86842105263158,1,0.025052631578947333,0.028999999999999915
vehicle_009_session_00140,vehicle_009,140,train,131.01476861536278,36.0,329.9,330.6,331.79999999999995,333.2,-49.51973881578948,34.0,0,0.01988157894736844,0.02100000000000035
vehicle_009_session_00141,vehicle_009,141,train,129.70642307383042,6.8,320.7,322.29999999999995,325.1,327.7,-74.16883922077922,35.935064935064936,1,0.03568831168831166,0.040000000000000036
vehicle_009_session_00142,vehicle_009,142,train,130.46924488357845,40.4,329.9,331.20000000000005,332.9,334.4,-37.58025818421052,33.0,0,0.016565789473684214,0.019000000000000128
vehicle_009_session_00143,vehicle_009,143,train,129.9985452832162,31.2,329.6,330.7,332.2,333.9,-69.79601533333333,31.88,1,0.02629333333333334,0.027000000000000135
vehicle_009_session_00144,vehicle_009,144,train,130.16236650085833,23.6,327.4,328.70000000000005,330.1,331.4,-70.02763434210527,34.5921052631579,1,0.02678947368421055,0.03000000000000025
vehicle_009_session_00145,vehicle_009,145,train,131.18145654623157,37.6,331.3,332.29999999999995,334.15,336.6,-70.68027315789473,31.513157894736842,1,0.02752631578947369,0.03000000000000025
vehicle_009_session_00146,vehicle_009,146,train,131.180498553719,46.4,333.6,334.7,336.8,339.6,-45.09343105263158,32.0,0,0.023065789473684182,0.028000000000000025
vehicle_009_session_00147,vehicle_009,147,train,127.35567015700488,17.6,324.9,325.75,327.275,328.2,-46.308017600000014,34.0,0,0.024933333333333318,0.03000000000000025
vehicle_009_session_00148,vehicle_009,148,train,130.08275395799123,3.2,318.1,319.65,322.5,324.7,-60.00789592105263,34.5921052631579,1,0.035342105263157925,0.038000000000000256
vehicle_009_session_00149,vehicle_009,149,train,127.81602100694442,22.8,325.8,326.3,327.1,327.7,-26.200009999999995,29.0,0,0.014539473684210491,0.016999999999999904
vehicle_009_session_00150,vehicle_009,150,train,131.15634280973453,49.6,336.4,338.4,342.5,346.4,-70.24801226666668,30.88,1,0.03216000000000001,0.03400000000000025
vehicle_009_session_00151,vehicle_009,151,train,128.12249826119722,14.4,323.2,324.15,325.9,327.4,-45.11316789473685,34.0,0,0.0250526315789473,0.028000000000000025
vehicle_009_session_00152,vehicle_009,152,train,128.86747156413614,3.2,316.1,317.65,320.375,322.2,-37.6249995,34.0,0,0.030565789473684234,0.03300000000000036
vehicle_009_session_00153,vehicle_009,153,train,132.2311696881153,63.2,345.7,347.35,349.9,352.2,-37.327627451315784,34.81578947368421,1,0.022842105263157875,0.025000000000000355
vehicle_009_session_00154,vehicle_009,154,train,131.88953797019676,56.4,342.2,344.65,348.4,352.5,-74.35526710526315,29.80263157894737,1,0.03361842105263157,0.03500000000000014
vehicle_009_session_00155,vehicle_009,155,train,129.12715192532772,26.4,328.0,329.95,331.4,333.0,-73.80921315789475,27.644736842105264,1,0.027092105263157914,0.028999999999999915
vehicle_009_session_00156,vehicle_009,156,train,127.74527029370137,22.8,326.9,327.75,328.9,329.9,-50.1053432,27.32,1,0.020533333333333327,0.02400000000000002
vehicle_009_session_00157,vehicle_009,157,train,130.41537751322755,43.6,331.9,332.75,334.2,336.0,-39.71185328947368,33.0,0,0.018486842105263156,0.020999999999999908
vehicle_009_session_00158,vehicle_009,158,train,125.29900291529152,31.6,328.9,329.9,330.3,330.8,-25.94343105263159,29.0,0,0.011736842105263151,0.0129999999999999
vehicle_009_session_00159,vehicle_009,159,train,131.29847393143586,40.8,331.1,332.1,333.5,335.2,-49.74268093333335,31.0,0,0.02109333333333335,0.02300000000000013
vehicle_009_session_00160,vehicle_009,160,train,130.2770598323755,51.6,335.5,337.25,340.575,343.0,-37.59733317333333,30.0,0,0.025546666666666665,0.028999999999999915
vehicle_009_session_00161,vehicle_009,161,train,130.4243796796595,35.6,329.6,330.3,331.6,332.8,-45.10534333333334,30.0,0,0.018293333333333363,0.020000000000000018
vehicle_009_session_00162,vehicle_009,162,train,130.98726517761753,45.2,331.6,333.0,335.1,337.1,-37.70527026315789,32.81578947368421,1,0.018855263157894712,0.021999999999999797
vehicle_009_session_00163,vehicle_009,163,train,131.58543850694448,57.6,343.6,345.25,348.8375,352.7,-70.10800706666664,33.0,0,0.03307999999999998,0.03500000000000014
vehicle_009_session_00164,vehicle_009,164,train,129.69015108425054,12.4,322.5,324.15,326.7,328.6,-70.0210547368421,34.0,0,0.03302631578947366,0.03600000000000003
vehicle_009_session_00165,vehicle_009,165,train,129.71464891247385,35.2,328.6,330.5,331.7,333.0,-49.87764250000001,35.0,0,0.020000000000000025,0.02100000000000035
vehicle_009_session_00166,vehicle_009,166,train,129.0516536981922,14.8,323.2,323.85,325.5,326.9,-39.91841289473683,31.0,0,0.02436842105263152,0.028000000000000025
vehicle_009_session_00167,vehicle_009,167,train,130.7227905758648,55.6,341.3,343.55,347.15,351.3,-73.03552934210526,34.5921052631579,1,0.03361842105263157,0.03500000000000014
vehicle_009_session_00168,vehicle_009,168,train,130.17739121351227,26.8,328.2,329.5,331.0,332.4,-70.16711539473685,30.17105263157895,2,0.02652631578947373,0.02900000000000036
vehicle_009_session_00169,vehicle_009,169,train,131.32664975043403,58.4,344.4,346.20000000000005,349.7,353.9,-73.86578973684209,33.921052631578945,1,0.03447368421052633,0.03600000000000003
vehicle_009_session_00170,vehicle_009,170,train,129.77874175217661,36.8,331.4,332.6,334.6,337.2,-74.51447513157893,29.57894736842105,1,0.02900000000000002,0.03100000000000014
vehicle_009_session_00171,vehicle_009,171,train,129.29485438194445,12.4,323.2,324.79999999999995,327.575,329.4,-73.870666,31.746666666666666,1,0.03358666666666664,0.03699999999999992
vehicle_009_session_00172,vehicle_009,172,train,129.29790952498357,22.8,327.7,328.9,330.3,331.7,-74.19869421052631,30.69736842105263,1,0.028223684210526352,0.03200000000000003
vehicle_009_session_00173,vehicle_009,173,train,129.15160875037742,20.8,327.2,328.55,329.9,331.3,-73.76711986842105,29.789473684210527,1,0.029289473684210567,0.03600000000000003
vehicle_009_session_00174,vehicle_009,174,train,129.7481464922952,38.4,331.7,332.8,334.9,337.7,-74.6360076,32.8,1,0.029546666666666617,0.03200000000000003
vehicle_009_session_00175,vehicle_009,175,train,131.3291586848423,65.2,350.0,352.1,355.6,359.9,-74.72764552631578,34.13157894736842,1,0.035276315789473676,0.03699999999999992
vehicle_009_session_00176,vehicle_009,176,train,128.25598990410052,13.6,324.2,325.9,328.5,329.9,-73.9131497368421,29.92105263157895,1,0.03253947368421051,0.038000000000000256
vehicle_009_session_00177,vehicle_009,177,train,130.26111006944444,46.8,334.7,336.6,340.25,344.7,-71.95263421052631,29.486842105263158,1,0.031855263157894734,0.03400000000000025
vehicle_009_session_00178,vehicle_009,178,train,130.8053179738562,50.0,336.9,338.70000000000005,342.9,346.9,-70.32369131578946,30.394736842105264,1,0.03310526315789477,0.03500000000000014
vehicle_009_session_00179,vehicle_009,179,train,129.13665420775806,30.0,329.2,330.5,331.975,333.6,-69.21067773333333,30.76,1,0.02617333333333334,0.028000000000000025
vehicle_009_session_00180,vehicle_009,180,train,128.4643521412037,3.6,319.4,321.1,324.0,326.6,-70.37368210526316,33.0,0,0.03910526315789472,0.042999999999999705
vehicle_009_session_00181,vehicle_009,181,train,129.06430450875754,16.4,325.3,326.79999999999995,328.9,330.2,-70.3520044,28.906666666666666,1,0.031080000000000017,0.03699999999999992
vehicle_009_session_00182,vehicle_009,182,train,128.7286375035251,18.8,326.7,328.0,329.6375,331.0,-74.02800280000001,29.906666666666666,1,0.030120000000000046,0.03799999999999981
vehicle_009_session_00183,vehicle_009,183,train,128.42843985514872,18.4,326.4,327.8,329.4,330.7,-69.91578894736843,28.342105263157894,1,0.02892105263157896,0.03599999999999959
vehicle_009_session_00184,vehicle_009,184,train,129.7343581968391,39.6,332.1,333.5,335.9,339.3,-74.60132302631577,27.92105263157895,2,0.029921052631578907,0.03200000000000003
vehicle_009_session_00185,vehicle_009,185,train,129.34293499606247,20.0,326.9,328.1,329.65,331.0,-70.7829114473684,28.723684210526315,1,0.02926315789473688,0.03699999999999992
vehicle_009_session_00186,vehicle_009,186,train,129.7897037746416,23.2,326.4,327.45,328.6,329.6,-49.79468400000002,29.0,0,0.021706666666666655,0.0259999999999998
vehicle_009_session_00187,vehicle_009,187,train,129.00713834925688,26.4,328.3,329.6,331.0,332.4,-71.37236973684212,30.710526315789473,1,0.027157894736842124,0.03000000000000025
vehicle_009_session_00188,vehicle_009,188,train,130.98360311447814,50.4,336.9,338.70000000000005,342.8,346.9,-69.82632328947368,34.8421052631579,1,0.033644736842105276,0.03600000000000003
vehicle_009_session_00189,vehicle_009,189,train,129.62079561915886,48.4,333.3,334.75,337.4,340.0,-37.610667600000006,31.0,0,0.022959999999999994,0.028000000000000025
vehicle_009_session_00190,vehicle_009,190,train,129.85259434974748,36.8,331.1,332.2,334.15,336.8,-74.01200346666666,33.54666666666667,1,0.02889333333333332,0.03100000000000014
vehicle_009_session_00191,vehicle_009,191,train,128.18306681770832,17.6,326.0,327.45,329.2,330.5,-70.77633342105261,29.93421052631579,2,0.030710526315789462,0.0389999999999997
vehicle_009_session_00192,vehicle_009,192,train,128.71255090595042,17.2,325.3,327.15,329.1,330.3,-70.22632855263157,25.88157894736842,2,0.030618421052631597,0.03799999999999981
vehicle_009_session_00193,vehicle_009,193,train,128.77690518973216,8.0,321.9,323.85,326.7,328.9,-74.06053157894739,24.13157894736842,2,0.03627631578947368,0.040000000000000036
vehicle_009_session_00194,vehicle_009,194,train,129.192947167756,41.2,330.3,332.15,333.70000000000005,335.5,-44.662668000000004,28.30666666666667,1,0.019800000000000016,0.02200000000000024
vehicle_009_session_00195,vehicle_009,195,train,130.43556737421383,45.6,334.4,335.8,339.1,343.6,-73.76317421052632,29.763157894736842,1,0.03265789473684209,0.03600000000000003
vehicle_009_session_00196,vehicle_009,196,train,130.9030651885831,50.8,337.4,339.5,343.8375,347.8,-74.2960196,31.72,1,0.035306666666666674,0.03699999999999992
vehicle_009_session_00197,vehicle_009,197,train,130.04531933417795,38.4,330.5,331.4,332.8,334.6,-50.0289502631579,29.0,0,0.020842105263157912,0.02300000000000013
vehicle_009_session_00198,vehicle_009,198,train,126.9669153637065,18.8,326.6,328.1,329.65,331.0,-70.03421263157892,27.19736842105263,1,0.028723684210526335,0.03600000000000003
vehicle_009_session_00199,vehicle_009,199,train,127.90148330118316,11.2,323.0,324.29999999999995,327.1,328.9,-70.00131947368422,32.0,0,0.03360526315789472,0.03799999999999981
vehicle_009_session_00200,vehicle_009,200,train,129.77172304110474,28.4,327.8,328.70000000000005,329.9,331.0,-50.296019600000015,28.773333333333333,1,0.020400000000000026,0.02300000000000013
vehicle_009_session_00201,vehicle_009,201,train,129.993538189688,39.2,331.6,332.9,334.9,337.7,-69.38815302631578,29.05263157894737,2,0.0280657894736842,0.03100000000000014
vehicle_009_session_00202,vehicle_009,202,train,131.41346460098873,50.4,335.8,336.9,339.6,342.2,-40.20001,30.0,0,0.02676315789473683,0.029999999999999805
vehicle_009_session_00203,vehicle_009,203,train,129.68573047309033,33.6,330.3,331.5,333.25,335.3,-73.713346,29.093333333333334,2,0.028200000000000038,0.03100000000000014
vehicle_009_session_00204,vehicle_009,204,train,127.48799100930421,12.4,321.7,323.70000000000005,325.6,327.2,-44.80000986842106,28.0,0,0.02785526315789467,0.03100000000000014
vehicle_009_session_00205,vehicle_009,205,train,128.86287575644843,37.6,330.3,331.1,332.4,333.8,-45.20134346666668,29.0,0,0.01902666666666666,0.02100000000000035
vehicle_009_session_00206,vehicle_009,206,train,130.3654641716567,30.8,327.2,329.1,330.1,331.1,-44.823694736842114,29.605263157894736,1,0.0187105263157895,0.02100000000000035
vehicle_009_session_00207,vehicle_009,207,train,128.99117213871307,32.0,329.9,331.0,332.6,334.4,-69.87895065789473,29.210526315789473,1,0.02676315789473685,0.028000000000000025
vehicle_009_session_00208,vehicle_009,208,train,127.85553410063247,8.0,322.1,323.85,326.79999999999995,328.9,-74.060006,25.786666666666665,1,0.036866666666666624,0.040999999999999925
vehicle_009_session_00209,vehicle_009,209,train,127.79184647658477,17.6,326.7,328.3,330.0,331.3,-74.18001013333333,22.85333333333333,1,0.03062666666666665,0.03799999999999981
vehicle_009_session_00210,vehicle_009,210,train,129.14970097715548,24.4,328.3,329.6,331.0,332.4,-74.16134386666666,26.213333333333335,2,0.028173333333333387,0.03100000000000014
vehicle_009_session_00211,vehicle_009,211,train,129.79700616815475,41.6,332.8,334.15,336.70000000000005,340.0,-69.96710565789472,26.69736842105263,1,0.029526315789473664,0.03400000000000025
vehicle_009_session_00212,vehicle_009,212,train,128.22060231664227,36.8,328.3,330.8,332.0,333.3,-44.46578726315789,25.289473684210527,1,0.018894736842105256,0.020000000000000018
vehicle_009_session_00213,vehicle_009,213,train,127.68691280743631,20.0,325.7,326.79999999999995,328.0,328.9,-45.05132578947369,23.93421052631579,1,0.02175000000000004,0.028000000000000025
vehicle_009_session_00214,vehicle_009,214,train,128.32659316983123,17.6,324.1,325.7,327.2,328.2,-44.972010133333335,25.466666666666665,1,0.02637333333333331,0.03200000000000003
vehicle_009_session_00215,vehicle_009,215,train,130.99492609649124,52.0,337.4,338.85,342.1,345.0,-50.06533773333333,28.946666666666665,1,0.029826666666666668,0.03200000000000003
vehicle_009_session_00216,vehicle_009,216,train,127.81824649668327,11.2,323.2,325.25,328.1,329.7,-74.09605973684211,23.644736842105264,1,0.03493421052631578,0.040000000000000036
vehicle_009_session_00217,vehicle_009,217,train,128.3324608749295,18.8,325.2,326.1,327.6,328.5,-45.0160016,23.0,0,0.023533333333333337,0.028999999999999915
vehicle_009_session_00218,vehicle_009,218,train,128.64866157535297,24.4,327.1,328.0,329.1,330.0,-45.14134333333333,20.013333333333332,1,0.01952000000000004,0.02300000000000013
vehicle_009_session_00219,vehicle_009,219,train,126.61438618634259,37.2,329.1,331.1,332.575,333.0,-42.1493268,22.133333333333333,1,0.018160000000000013,0.020999999999999908
vehicle_009_session_00220,vehicle_009,220,train,128.64761878221648,20.0,326.0,328.2,328.85,329.6,-44.652641578947375,24.0,0,0.018684210526315814,0.02100000000000035
vehicle_009_session_00221,vehicle_009,221,train,127.71385075457793,25.6,328.5,329.79999999999995,331.3,332.7,-70.73027657894737,24.05263157894737,2,0.026907894736842134,0.029999999999999805
vehicle_009_session_00222,vehicle_009,222,train,128.8684056785301,35.2,330.8,332.1,333.9,336.1,-74.24267480000002,25.44,1,0.028866666666666648,0.03100000000000014
vehicle_009_session_00223,vehicle_009,223,train,127.88994322471511,23.6,328.3,329.6,331.1,332.5,-74.39209763157893,22.342105263157894,2,0.02825000000000002,0.03200000000000003
vehicle_009_session_00224,vehicle_009,224,train,130.41027539758275,45.2,333.6,335.3,338.25,342.5,-69.70790552631577,26.236842105263158,2,0.03173684210526315,0.03600000000000003
vehicle_009_session_00225,vehicle_009,225,train,129.7718338257058,48.8,336.4,338.4,342.75,347.1,-73.80263894736841,23.56578947368421,1,0.0349078947368421,0.038000000000000256
vehicle_009_session_00226,vehicle_009,226,train,127.22921443117977,32.4,329.2,330.1,331.35,332.7,-50.06711039473685,23.0,0,0.020302631578947405,0.02200000000000024
vehicle_009_session_00227,vehicle_009,227,train,128.38853549107142,34.0,329.4,330.25,331.6,333.0,-50.11184960526316,22.710526315789473,1,0.020552631578947395,0.02200000000000024
vehicle_009_session_00228,vehicle_009,228,train,127.2589514636076,21.6,326.3,327.2,328.3,329.4,-44.72401186666667,21.706666666666667,1,0.0207866666666667,0.02499999999999991
vehicle_009_session_00229,vehicle_009,229,train,129.05343836433002,4.4,319.6,321.65,324.7,327.4,-70.81316552631579,24.907894736842106,1,0.04193421052631576,0.04600000000000026
vehicle_009_session_00230,vehicle_009,230,train,128.6736412383672,18.8,326.6,328.1,329.9,331.1,-73.75001355263157,23.644736842105264,1,0.030394736842105304,0.037000000000000366
vehicle_009_session_00231,vehicle_009,231,train,127.07582906639932,22.8,327.8,329.29999999999995,330.9,332.2,-70.28027052631579,21.144736842105264,2,0.026947368421052668,0.03100000000000014
vehicle_009_session_00232,vehicle_009,232,train,129.0239746163877,6.0,320.5,322.29999999999995,325.25,327.7,-69.86666720000001,25.0,0,0.039759999999999955,0.04400000000000004
vehicle_009_session_00233,vehicle_009,233,train,127.43965438888888,18.0,325.5,326.5,327.8,328.8,-45.00657960526316,23.0,0,0.024842105263157888,0.03200000000000003
vehicle_009_session_00234,vehicle_009,234,train,129.36257261695906,50.0,334.2,336.20000000000005,339.3,342.1,-37.76184202631579,24.894736842105264,1,0.02676315789473684,0.03100000000000014
vehicle_009_session_00235,vehicle_009,235,train,127.31749687200673,5.2,321.0,322.75,325.7375,328.2,-74.50400040000001,25.4,1,0.04036000000000003,0.04600000000000026
vehicle_009_session_00236,vehicle_009,236,train,126.3159818177848,20.0,324.7,326.6,327.7,328.6,-39.87764157894737,25.0,0,0.020986842105263165,0.0259999999999998
vehicle_009_session_00237,vehicle_009,237,train,129.45671029958015,41.2,331.3,331.975,333.3,334.9,-40.203957763157895,24.55263157894737,1,0.018513157894736867,0.02100000000000035
vehicle_009_session_00238,vehicle_009,238,train,128.97066719663746,39.2,330.3,331.6,333.0,334.6,-45.069747500000005,27.0,0,0.019657894736842124,0.02100000000000035
vehicle_009_session_00239,vehicle_009,239,train,128.09965548766297,26.0,327.4,328.55,329.7,330.8,-50.01974,26.144736842105264,1,0.020881578947368452,0.02400000000000002
vehicle_009_session_00240,vehicle_009,240,train,127.73207859227246,22.8,327.7,329.1,330.7,332.1,-74.11974513157895,26.526315789473685,1,0.028986842105263186,0.03400000000000025
vehicle_009_session_00241,vehicle_009,241,train,126.82652852777781,31.6,328.9,330.0,331.05,332.1,-44.90131763157895,28.0,0,0.01881578947368422,0.020000000000000018
vehicle_009_session_00242,vehicle_009,242,train,129.1490854347042,29.2,328.9,330.0,331.6,333.2,-69.93466746666667,29.826666666666668,1,0.02697333333333333,0.028999999999999915
vehicle_009_session_00243,vehicle_009,243,train,129.41260626827486,36.8,331.0,332.2,334.1,336.6,-70.43684157894737,29.657894736842106,1,0.027947368421052644,0.03100000000000014
vehicle_009_session_00244,vehicle_009,244,train,126.42548946581199,25.2,326.4,327.9,328.8625,329.7,-39.577349200000015,27.0,0,0.01833333333333335,0.02100000000000035
vehicle_009_session_00245,vehicle_009,245,train,131.3537488001543,48.0,334.2,335.4,338.0,341.3,-50.02133546666666,31.906666666666666,1,0.027373333333333333,0.03100000000000014
vehicle_009_session_00246,vehicle_009,246,train,131.17058411680912,46.8,336.4,337.45,339.6,342.2,-45.00266693333334,27.213333333333335,1,0.026613333333333305,0.029999999999999805
vehicle_009_session_00247,vehicle_009,247,train,130.988351627385,58.0,342.8,344.35,347.0,349.6,-45.02237039473684,25.0,0,0.02768421052631578,0.03000000000000025
vehicle_009_session_00248,vehicle_009,248,train,128.82551170724565,28.4,329.1,330.3,331.79999999999995,333.5,-70.22501302631578,21.61842105263158,1,0.02701315789473686,0.028999999999999915
vehicle_009_session_00249,vehicle_009,249,train,127.58181626034279,22.4,327.5,329.15,330.7,332.1,-73.1893452,22.746666666666666,1,0.02844000000000005,0.03400000000000025
vehicle_009_session_00250,vehicle_009,250,train,126.81423870475594,18.4,326.7,328.1,329.7,331.0,-69.70132605263154,24.06578947368421,2,0.029131578947368432,0.03600000000000003
vehicle_009_session_00251,vehicle_009,251,train,129.20512895609323,35.6,330.7,332.0,333.8,336.1,-69.68816855263158,25.710526315789473,1,0.027802631578947384,0.03000000000000025
vehicle_009_session_00252,vehicle_009,252,train,128.99335763314969,49.6,336.0,338.55,342.9,347.1,-69.81315855263158,26.17105263157895,2,0.03498684210526317,0.038000000000000256
vehicle_009_session_00253,vehicle_009,253,train,128.91379737924632,34.8,330.7,331.79999999999995,333.6,335.8,-70.29735199999999,27.0,2,0.027760000000000017,0.03000000000000025
vehicle_009_session_00254,vehicle_009,254,train,127.88974117759149,20.4,327.2,328.6,330.1,331.4,-70.22896026315787,23.42105263157895,1,0.02868421052631581,0.03500000000000014
vehicle_009_session_00255,vehicle_009,255,train,128.01837881593718,30.0,329.7,331.0,332.7,334.6,-74.44868434210527,26.657894736842106,1,0.02856578947368424,0.03000000000000025
vehicle_009_session_00256,vehicle_009,256,train,125.50210258432541,70.0,357.2,358.675,362.375,366.8,-74.5207812987013,30.649350649350648,1,0.03772727272727271,0.03900000000000059
vehicle_009_session_00257,vehicle_009,257,train,127.14161679495079,16.4,325.8,327.54999999999995,329.475,330.8,-73.98933600000001,25.56,1,0.03289333333333333,0.040999999999999925
vehicle_009_session_00258,vehicle_009,258,train,129.80284331126185,46.0,334.2,336.05,339.35,343.8,-69.89209763157893,25.894736842105264,2,0.03365789473684207,0.038000000000000256
vehicle_009_session_00259,vehicle_009,259,train,129.98409754871474,38.4,331.6,333.0,335.0,337.7,-69.91600333333334,22.386666666666667,2,0.028239999999999987,0.03100000000000014
vehicle_009_session_00260,vehicle_009,260,train,128.36706346167833,7.2,321.6,323.4,326.20000000000005,328.6,-74.01184605263158,25.973684210526315,1,0.04096052631578945,0.04600000000000026
vehicle_009_session_00261,vehicle_009,261,train,128.96578953498596,31.6,328.2,329.4,330.5,331.7,-44.98027289473685,24.11842105263158,1,0.019118421052631594,0.02100000000000035
vehicle_009_session_00262,vehicle_009,262,train,129.6671708470035,46.8,334.9,336.5,339.95,344.4,-70.0565852631579,26.842105263157894,1,0.03386842105263159,0.038000000000000256
vehicle_009_session_00263,vehicle_009,263,train,126.67125662162698,13.6,321.7,326.05,328.5,329.9,-69.193341096,26.92,1,0.034093333333333344,0.040999999999999925
vehicle_009_session_00264,vehicle_009,264,train,127.90218965053766,23.2,325.5,326.20000000000005,327.0,327.7,-25.034220526315796,28.0,0,0.016763157894736813,0.019999999999999574
vehicle_009_session_00265,vehicle_009,265,train,120.61219468362196,66.8,350.8,352.45,354.9,357.2,-37.37631647763158,31.86842105263158,1,0.025921052631578984,0.028000000000000025
vehicle_009_session_00266,vehicle_009,266,train,128.5789810058831,6.0,320.5,322.45,325.375,328.0,-73.81067066666668,28.0,0,0.04225333333333328,0.04800000000000004
vehicle_009_session_00267,vehicle_009,267,train,129.61767573529414,21.6,326.3,327.2,328.3,329.2,-45.200010000000006,27.88,1,0.022799999999999994,0.028000000000000025
vehicle_009_session_00268,vehicle_009,268,train,129.20031036131243,41.6,332.2,334.1,335.4,337.2,-44.9539577631579,29.93421052631579,1,0.02194736842105261,0.02400000000000002
vehicle_009_session_00269,vehicle_009,269,train,131.8673724878472,58.8,342.1,343.95000000000005,346.70000000000005,348.9,-37.27104334473684,28.0,0,0.026026315789473665,0.02900000000000036
vehicle_009_session_00270,vehicle_009,270,train,129.91861617798352,65.6,348.2,349.95,352.75,355.2,-37.42630857894736,21.855263157894736,1,0.025039473684210545,0.027000000000000135
vehicle_009_session_00271,vehicle_009,271,train,129.67030375318066,37.2,330.5,331.3,332.5,333.8,-40.100010000000005,20.546666666666667,1,0.017666666666666664,0.019000000000000128
vehicle_009_session_00272,vehicle_009,272,train,125.6790943631797,22.4,327.1,328.2,329.4,330.3,-49.80002000000002,27.0,0,0.022026315789473696,0.026000000000000245
vehicle_009_session_00273,vehicle_009,273,train,129.1228462664072,24.8,326.7,327.8,328.9,329.9,-49.9719972,29.346666666666668,1,0.022613333333333385,0.027000000000000135
vehicle_009_session_00274,vehicle_009,274,train,128.3607102074707,33.2,330.2,331.5,333.3,335.3,-70.03600333333333,25.706666666666667,1,0.02708000000000003,0.02900000000000036
vehicle_009_session_00275,vehicle_009,275,train,128.63989305801817,41.2,332.8,334.29999999999995,336.9,340.5,-70.18290618421052,24.894736842105264,2,0.030815789473684182,0.03500000000000014
vehicle_009_session_00276,vehicle_009,276,train,130.83664943376067,62.0,347.7,349.45000000000005,352.8,356.8,-69.92631789473684,30.63157894736842,1,0.035499999999999976,0.037000000000000366
vehicle_009_session_00277,vehicle_009,277,train,126.90045977269054,16.4,325.3,327.15,329.0,330.3,-69.9644739473684,28.539473684210527,1,0.032881578947368414,0.041999999999999815
vehicle_009_session_00278,vehicle_009,278,train,130.82419922385625,63.6,348.9,350.9,354.3,358.2,-70.20134346666667,27.92,1,0.03569333333333337,0.038000000000000256
vehicle_009_session_00279,vehicle_009,279,train,127.23403484681373,18.0,326.4,328.0,329.7,331.0,-74.05733746666668,27.026666666666667,2,0.032866666666666676,0.041999999999999815
vehicle_009_session_00280,vehicle_009,280,train,131.2880080913299,70.0,353.2,354.1,357.4,360.3,-51.74079947368422,30.31578947368421,1,0.030723684210526344,0.03200000000000047
vehicle_009_session_00281,vehicle_009,281,train,127.92215138888889,20.4,325.3,326.7,328.0,328.9,-44.98816789473685,28.0,0,0.025381578947368425,0.031999999999999584
vehicle_009_session_00282,vehicle_009,282,train,128.68094745569925,50.4,337.7,339.9,342.4,345.0,-44.80790473684211,31.61842105263158,1,0.028315789473684235,0.03000000000000025
vehicle_009_session_00283,vehicle_009,283,train,128.64939666095893,10.0,322.1,323.85,326.6,328.6,-70.10400746666666,26.0,0,0.038413333333333306,0.042999999999999705
vehicle_009_session_00284,vehicle_009,284,train,129.14812125178068,35.2,330.7,331.9,333.70000000000005,336.0,-69.65001,23.526315789473685,1,0.02802631578947373,0.03000000000000025
vehicle_009_session_00285,vehicle_009,285,train,127.65994534050176,23.6,327.7,329.0,330.7,332.1,-70.19606513157893,22.157894736842106,2,0.027947368421052634,0.03399999999999981
vehicle_009_session_00286,vehicle_009,286,train,127.267868937946,10.4,321.7,324.95,328.0,329.7,-73.43067786666667,22.4,1,0.037653333333333344,0.042999999999999705
vehicle_009_session_00287,vehicle_009,287,train,126.87228938063065,17.6,326.3,327.9,329.7,331.0,-70.41183328947368,23.13157894736842,2,0.031184210526315807,0.040000000000000036
vehicle_009_session_00288,vehicle_009,288,train,128.4350027809059,53.6,340.5,342.75,346.70000000000005,350.8,-70.3157930263158,23.039473684210527,2,0.036960526315789465,0.040000000000000036
vehicle_009_session_00289,vehicle_009,289,train,128.8282302281746,27.6,328.8,329.9375,331.4,333.0,-70.2413432,24.973333333333333,2,0.027240000000000042,0.03000000000000025
vehicle_009_session_00290,vehicle_009,290,train,129.73937747976814,44.4,333.8,335.4,338.25,342.5,-69.81317078947367,24.407894736842106,1,0.032368421052631574,0.037000000000000366
vehicle_009_session_00291,vehicle_009,291,train,129.31753658343547,37.6,331.4,332.45,334.5,337.1,-69.56974381578948,27.210526315789473,2,0.028539473684210493,0.03299999999999992
vehicle_009_session_00292,vehicle_009,292,train,127.29569409285466,26.4,328.6,329.9,331.3,332.8,-70.07500684210525,26.56578947368421,1,0.027684210526315832,0.03100000000000014
vehicle_009_session_00293,vehicle_009,293,train,124.11787051854398,10.8,323.2,324.2,326.4,328.0,-50.202678,20.0,0,0.03207999999999994,0.03500000000000014
vehicle_009_session_00294,vehicle_009,294,train,129.46174297252415,57.6,344.1,346.3,349.9375,354.1,-74.14134186666668,25.76,1,0.03791999999999997,0.04100000000000037
vehicle_009_session_00295,vehicle_009,295,train,124.68578885433944,17.2,326.9,328.55,330.25,331.6,-70.56053236842105,18.31578947368421,1,0.02876315789473685,0.03699999999999992
vehicle_009_session_00296,vehicle_009,296,train,126.36794681011509,18.4,326.9,328.3,329.9,331.1,-70.06711026315789,21.605263157894736,1,0.030131578947368433,0.038000000000000256
vehicle_009_session_00297,vehicle_009,297,train,127.25197925601043,29.2,329.6,330.8,332.4,334.1,-70.06184736842106,20.75,2,0.026934210526315814,0.02900000000000036
vehicle_009_session_00298,vehicle_009,298,train,129.75173423730848,51.2,336.8,338.25,341.5,344.4,-45.0120012,20.506666666666668,1,0.031146666666666687,0.03399999999999981
vehicle_009_session_00299,vehicle_009,299,train,124.87548541094321,24.8,325.8,327.54999999999995,329.15,330.2,-37.5,20.75,1,0.01825000000000003,0.02100000000000035
vehicle_009_session_00300,vehicle_009,300,train,127.98389417583861,34.0,330.7,331.9,333.70000000000005,335.8,-70.11185184210528,18.63157894736842,1,0.027671052631578975,0.03000000000000025
vehicle_009_session_00301,vehicle_009,301,train,129.88813934628743,56.0,342.4,345.1,349.175,353.3,-74.35467200000001,21.546666666666667,1,0.03932000000000001,0.04300000000000015
vehicle_009_session_00302,vehicle_009,302,train,127.40488524425291,39.6,331.4,332.7,334.4,336.6,-50.27500684210527,18.960526315789473,1,0.02314473684210525,0.025000000000000355
vehicle_009_session_00303,vehicle_009,303,train,125.86437506157638,16.4,326.1,327.7,329.6,330.8,-69.65132526315789,20.605263157894736,1,0.03161842105263161,0.040999999999999925
vehicle_009_session_00304,vehicle_009,304,train,128.96669646148993,53.6,340.7,343.0,347.1,351.1,-69.94736894736843,21.605263157894736,1,0.037618421052631565,0.04200000000000026
vehicle_009_session_00305,vehicle_009,305,train,128.85149820312503,65.6,351.3,353.25,356.9,361.0,-70.3999996,20.56,1,0.03632,0.038000000000000256
vehicle_009_session_00306,vehicle_009,306,train,126.46141630658438,22.0,327.4,329.0,330.5,331.9,-70.19737842105262,22.276315789473685,1,0.028736842105263196,0.03500000000000014
vehicle_009_session_00307,vehicle_009,307,train,129.2409385199653,65.6,351.3,353.1,356.5,360.7,-70.02894973684211,26.907894736842106,1,0.03723684210526318,0.039000000000000146
vehicle_009_session_00308,vehicle_009,308,train,126.99152851589801,34.0,330.7,332.15,334.0,336.3,-70.37500539473683,20.973684210526315,2,0.028657894736842122,0.03100000000000014
vehicle_009_session_00309,vehicle_009,309,train,126.11740589622642,32.0,329.1,330.3,331.6,333.0,-44.94133413333333,15.946666666666667,1,0.01966666666666667,0.02200000000000024
vehicle_009_session_00310,vehicle_009,310,train,125.36423727941177,29.6,329.1,330.0,331.3,332.5,-45.200010000000006,17.8,1,0.01918666666666671,0.021999999999999797
vehicle_009_session_00311,vehicle_009,311,train,129.58897271634615,56.0,340.8,344.0,347.2,350.0,-44.87501,12.144736842105264,1,0.03182894736842101,0.03600000000000003
vehicle_009_session_00312,vehicle_009,312,train,129.8556658730159,22.4,327.8,329.25,330.9,332.2,-70.45921592105262,17.5,1,0.02842105263157898,0.03400000000000025
vehicle_009_session_00313,vehicle_009,313,train,128.3459098090278,46.4,334.9,337.0,340.6,345.2,-70.22728194805195,18.714285714285715,1,0.035298701298701274,0.040000000000000036
vehicle_009_session_00314,vehicle_009,314,train,126.15825232439845,35.2,331.1,332.45,334.6,336.9,-70.12764131578948,19.36842105263158,1,0.028381578947368414,0.03100000000000014
vehicle_009_session_00315,vehicle_009,315,train,127.97403105685767,33.6,330.5,331.79999999999995,333.6,335.7,-70.01866839999998,20.16,2,0.027746666666666697,0.029999999999999805
vehicle_009_session_00316,vehicle_009,316,train,127.36961756879545,10.4,322.8,324.5,327.275,329.1,-70.03200306666668,24.813333333333333,1,0.03938666666666662,0.04400000000000004
vehicle_009_session_00317,vehicle_009,317,train,128.52562601546128,76.4,360.5,362.1,365.9,370.4,-69.96578986842106,29.18421052631579,1,0.03942105263157895,0.04100000000000037
vehicle_009_session_00318,vehicle_009,318,train,129.34686804220087,56.0,342.5,345.04999999999995,349.0,352.8,-70.09200786666666,22.2,1,0.03818666666666668,0.04300000000000015
vehicle_009_session_00319,vehicle_009,319,train,130.18657956989247,60.4,346.1,348.4,351.85,355.8,-70.10132434210526,28.94736842105263,1,0.03694736842105264,0.040000000000000036
vehicle_009_session_00320,vehicle_009,320,train,128.11742581087825,30.0,328.9,330.7,332.1375,333.9,-71.82533946666666,24.36,1,0.027786666666666675,0.030999999999999694
vehicle_009_session_00321,vehicle_009,321,train,130.43349420138892,49.6,336.1,338.1,342.2,346.4,-70.16711578947368,30.06578947368421,2,0.038236842105263194,0.04100000000000037
vehicle_009_session_00322,vehicle_009,322,train,130.53615075044803,48.0,334.2,335.3,337.575,340.5,-45.11601,28.96,1,0.027826666666666652,0.03400000000000025
vehicle_009_session_00323,vehicle_009,323,train,130.6111258161512,58.8,345.0,347.0,350.6,354.4,-69.96183828947369,27.36842105263158,1,0.03788157894736842,0.04200000000000026
vehicle_009_session_00324,vehicle_009,324,train,131.1895160101997,72.0,356.1,357.8,361.35,365.7,-69.37368421052629,29.94736842105263,1,0.03789473684210526,0.040000000000000036
vehicle_009_session_00325,vehicle_009,325,train,130.13724970959598,53.6,339.7,342.0,346.05,350.0,-69.86579289473684,30.894736842105264,1,0.03955263157894736,0.04300000000000015
vehicle_009_session_00326,vehicle_009,326,train,128.18044378255206,28.4,328.9,330.1,331.5,333.2,-70.02368618421053,28.539473684210527,1,0.02826315789473687,0.03299999999999992
vehicle_009_session_00327,vehicle_009,327,train,128.767790033284,30.0,329.2,330.25,331.7,333.5,-70.14606315789473,31.31578947368421,1,0.02859210526315793,0.03200000000000003
vehicle_009_session_00328,vehicle_009,328,train,130.25085526012893,25.2,326.7,327.7,328.85,329.9,-50.486841315789476,31.263157894736842,1,0.02557894736842108,0.03200000000000003
vehicle_009_session_00329,vehicle_009,329,train,130.0171745949074,44.8,333.8,335.1,337.95,342.2,-70.16400933333331,31.6,1,0.03422666666666666,0.040000000000000036
vehicle_009_session_00330,vehicle_009,330,train,126.49893519872936,22.4,327.7,329.0,330.4,331.9,-69.93552657894736,26.30263157894737,2,0.02957894736842108,0.03799999999999981
vehicle_009_session_00331,vehicle_009,331,train,124.84247140151514,22.8,328.3,329.6,331.0,332.4,-70.03816157894737,25.039473684210527,2,0.028631578947368435,0.03400000000000025
vehicle_009_session_00332,vehicle_009,332,train,128.68730189457497,38.0,331.4,332.8,334.9,337.5,-70.13200973333333,23.586666666666666,1,0.02961333333333333,0.03299999999999992
vehicle_009_session_00333,vehicle_009,333,train,125.71209267429195,36.4,331.9,333.2,335.2,338.0,-69.802645,22.039473684210527,2,0.029763157894736807,0.03299999999999992
vehicle_009_session_00334,vehicle_009,334,train,129.75047330572292,64.4,350.0,352.1375,355.7375,359.6,-70.09067426666667,23.48,1,0.03733333333333336,0.040000000000000036
vehicle_009_session_00335,vehicle_009,335,train,126.2235674847561,15.6,325.5,326.79999999999995,328.9,330.2,-69.96799733333333,26.293333333333333,1,0.03682666666666668,0.04699999999999971
vehicle_009_session_00336,vehicle_009,336,train,130.31059473180082,74.4,358.5,360.2,363.85,368.3,-70.15922381578946,29.0,0,0.03956578947368423,0.04100000000000037
vehicle_009_session_00337,vehicle_009,337,train,130.72815706615125,58.8,343.8,345.4,348.25,351.1,-49.884205263157895,29.0,0,0.03221052631578947,0.03600000000000003
vehicle_009_session_00338,vehicle_009,338,train,129.18501523398402,53.6,338.6,340.1,343.5,346.4,-50.642675600000004,30.0,0,0.03500000000000004,0.037000000000000366
vehicle_009_session_00339,vehicle_009,339,train,127.26103101973683,21.6,327.1,328.5,329.9,331.3,-70.0855325,28.894736842105264,1,0.03110526315789477,0.040000000000000036
vehicle_009_session_00340,vehicle_009,340,train,129.38574910600258,59.2,346.0,347.8,351.3,355.2,-70.25263921052631,27.644736842105264,1,0.03776315789473681,0.041999999999999815
vehicle_009_session_00341,vehicle_009,341,train,125.78609687303832,26.8,329.4,330.5,331.9,333.6,-69.85921118421052,24.25,2,0.02765789473684211,0.03100000000000014
vehicle_009_session_00342,vehicle_009,342,train,129.17287217465758,39.2,331.0,331.7,333.25,335.0,-50.180273157894746,31.38157894736842,1,0.024236842105263157,0.027000000000000135
vehicle_009_session_00343,vehicle_009,343,train,128.29568166878713,39.2,331.7,332.9,334.95,337.8,-69.88684736842104,33.03947368421053,2,0.0313157894736842,0.03500000000000014
vehicle_009_session_00344,vehicle_009,344,train,128.45372224069155,22.4,327.2,328.4,329.79999999999995,331.1,-70.13600840000002,31.186666666666667,1,0.033333333333333375,0.043999999999999595
vehicle_009_session_00345,vehicle_009,345,train,131.14183815532087,69.2,353.3,354.95,358.2375,361.9,-65.233344,33.0,0,0.038626666666666656,0.040999999999999925
vehicle_009_session_00346,vehicle_009,346,train,129.48676754758233,54.4,340.7,342.75,346.8375,350.7,-69.96266293333333,29.96,1,0.04107999999999998,0.04499999999999993
vehicle_009_session_00347,vehicle_009,347,train,129.38876159855772,56.0,342.4,344.7125,348.5,352.4,-69.9346644,26.026666666666667,2,0.04077333333333333,0.04599999999999982
vehicle_009_session_00348,vehicle_009,348,train,122.32940658564816,11.6,321.3,323.0,325.25,326.9,-37.410517526315786,23.973684210526315,1,0.033828947368421035,0.037000000000000366
vehicle_009_session_00349,vehicle_009,349,train,123.96535257731959,29.2,329.2,330.6,332.1,333.8,-70.02237065789474,25.0,2,0.028815789473684232,0.03200000000000003
vehicle_009_session_00350,vehicle_009,350,train,127.39479451013517,68.0,355.2,356.0,359.20000000000005,363.2,-70.00533386666666,29.0,0,0.040253333333333315,0.041999999999999815
vehicle_009_session_00351,vehicle_009,351,train,128.782377338256,56.0,340.8,342.7,345.3,347.8,-45.081343466666674,29.973333333333333,0,0.032360000000000014,0.038000000000000256
vehicle_009_session_00352,vehicle_009,352,train,128.5010011111111,14.4,323.9,325.25,327.75,329.4,-70.11448289473685,31.92105263157895,1,0.03942105263157893,0.04500000000000037
vehicle_009_session_00353,vehicle_009,353,train,124.92856687602124,70.8,356.9,358.2375,361.6,365.7,-70.03733706666667,36.78666666666667,1,0.036480000000000005,0.03900000000000059
vehicle_009_session_00354,vehicle_009,354,train,129.03409889520202,62.4,345.8,349.65,353.25,357.1,-69.46842763157895,31.960526315789473,1,0.03511842105263159,0.037000000000000366
vehicle_009_session_00355,vehicle_009,355,train,128.47618704312868,52.0,340.8,341.70000000000005,344.95,348.9,-70.07237473684211,34.0,0,0.03540789473684212,0.038000000000000256
vehicle_009_session_00356,vehicle_009,356,train,128.22988162878792,56.0,342.4,344.35,348.1,352.1,-70.14343105263158,30.42105263157895,1,0.03689473684210526,0.04300000000000015
vehicle_009_session_00357,vehicle_009,357,train,125.94755292879856,30.0,326.9,328.15,329.7,330.7,-37.630263078947365,31.0,0,0.018671052631578953,0.02100000000000035
vehicle_009_session_00358,vehicle_009,358,train,127.35547733382937,42.0,330.3,331.9,333.8,335.3,-37.57466413333333,30.053333333333335,1,0.018400000000000024,0.02200000000000024
vehicle_009_session_00359,vehicle_009,359,train,125.64419604622871,31.2,329.6,330.9,332.4,334.2,-70.0829025,31.36842105263158,1,0.027486842105263174,0.029999999999999805
vehicle_009_session_00360,vehicle_009,360,train,127.79514773652886,44.4,333.6,335.1,337.9,342.2,-69.9723672368421,32.75,1,0.03219736842105261,0.038000000000000256
vehicle_009_session_00361,vehicle_009,361,train,126.22830351334066,30.8,329.4,330.5,332.1,333.9,-69.89079013157894,32.723684210526315,1,0.027697368421052648,0.03000000000000025
vehicle_009_session_00362,vehicle_009,362,train,126.98254050925927,60.8,348.3,349.95,353.1,356.9,-69.86266893333332,35.733333333333334,1,0.03481333333333336,0.03600000000000003
vehicle_009_session_00363,vehicle_009,363,train,126.7161681487573,21.6,327.1,328.4,329.9,331.1,-70.10790381578948,32.73684210526316,1,0.03261842105263161,0.04300000000000015
vehicle_009_session_00364,vehicle_009,364,train,126.75970877421419,36.8,331.1,332.4,334.2,336.8,-70.01066773333334,33.22666666666667,1,0.028293333333333327,0.03100000000000014
vehicle_009_session_00365,vehicle_009,365,train,129.22816135582013,55.6,341.3,343.55,347.4,351.4,-70.97895157894737,33.89473684210526,1,0.03732894736842104,0.04300000000000015
vehicle_009_session_00366,vehicle_009,366,train,126.60519302696078,29.6,329.2,330.25,331.79999999999995,333.6,-70.03158171052631,33.473684210526315,1,0.027723684210526324,0.03100000000000014
vehicle_009_session_00367,vehicle_009,367,train,125.85624796763511,10.4,321.1,322.5,324.475,326.3,-44.682682133333344,31.0,0,0.035786666666666675,0.04100000000000037
vehicle_009_session_00368,vehicle_009,368,train,127.90290424321962,46.8,335.5,337.15,340.9,345.5,-69.9539480263158,21.394736842105264,2,0.03480263157894739,0.040000000000000036
vehicle_009_session_00369,vehicle_009,369,train,123.67479763989533,11.6,324.4,325.9,328.5,329.9,-70.2680168,23.68,1,0.038426666666666665,0.04499999999999993
vehicle_009_session_00370,vehicle_009,370,train,124.3511234844997,22.8,327.8,329.1,330.5,331.9,-65.01842328947369,23.25,2,0.027118421052631608,0.03300000000000036
vehicle_009_session_00371,vehicle_009,371,train,125.32561375793654,27.6,329.1,330.5,332.1,333.6,-70.68001,23.493333333333332,1,0.027533333333333358,0.03200000000000003
vehicle_009_session_00372,vehicle_009,372,train,126.84446908467201,46.0,336.8,337.4,340.0,344.3,-69.53770868852459,32.18032786885246,2,0.03322950819672133,0.037000000000000366
vehicle_009_session_00373,vehicle_009,373,train,126.59722271825399,51.2,340.7,341.4,344.9,348.9,-70.49508147540983,33.0655737704918,1,0.03527868852459018,0.037000000000000366
vehicle_009_session_00374,vehicle_009,374,train,125.64385168650793,34.8,332.4,332.5,333.9,336.0,-69.99016459016394,33.295081967213115,1,0.027754098360655753,0.029999999999999805
vehicle_009_session_00375,vehicle_009,375,train,128.51512428513072,63.2,350.5,351.3,354.4,358.3,-69.97049508196721,36.0,0,0.03563934426229512,0.037000000000000366
vehicle_009_session_00376,vehicle_009,376,train,126.75477228441127,20.4,329.1,329.2,330.2,331.4,-69.9114744262295,37.85245901639344,1,0.029065573770491807,0.03299999999999992
vehicle_009_session_00377,vehicle_009,377,train,123.20988591269845,47.6,338.6,339.1,342.1,346.1,-69.8737742622951,40.77049180327869,1,0.03380327868852461,0.03600000000000003
vehicle_009_session_00378,vehicle_009,378,train,128.4777158260234,72.8,358.9,359.7,363.0,367.1,-69.88525032786885,42.0,0,0.03678688524590163,0.0389999999999997
vehicle_009_session_00379,vehicle_009,379,train,128.29308559782606,58.8,346.9,347.7,350.8,354.7,-70.07541606557376,31.475409836065573,1,0.03524590163934423,0.03699999999999992
vehicle_009_session_00380,vehicle_009,380,train,128.0178310185186,54.0,341.0,342.5,346.4,350.3,-70.59672901639343,35.0,0,0.03767213114754099,0.04300000000000015
vehicle_009_session_00381,vehicle_009,381,train,125.50267110042735,36.4,332.4,332.7,334.2,336.6,-69.91967196721312,35.14754098360656,1,0.028426229508196708,0.03100000000000014
vehicle_009_session_00382,vehicle_009,382,train,127.76313655598958,62.8,350.2,351.0,354.1,358.0,-69.91475803278688,37.34426229508197,1,0.0356393442622951,0.037000000000000366
vehicle_009_session_00383,vehicle_009,383,train,128.1577553075397,60.0,348.0,348.8,351.9,355.7,-70.17050180327868,35.08196721311475,1,0.0350983606557377,0.03600000000000003
vehicle_009_session_00384,vehicle_009,384,train,126.34579022988507,48.0,338.0,338.6,341.4,345.7,-69.89344442622951,37.295081967213115,1,0.03444262295081971,0.03699999999999992
vehicle_009_session_00385,vehicle_009,385,train,125.2720034079218,29.6,329.1,330.0,331.4,333.2,-70.07705606557377,35.98360655737705,2,0.02863934426229511,0.03299999999999992
vehicle_009_session_00386,vehicle_009,386,train,127.09474657960203,51.2,339.9,340.5,343.9,347.8,-70.07049852459016,38.557377049180324,1,0.035409836065573776,0.037000000000000366
vehicle_009_session_00387,vehicle_009,387,train,127.4840160383598,69.2,355.2,356.0,359.1,363.3,-70.02459262295082,35.0,0,0.03621311475409841,0.03700000000000081
vehicle_009_session_00388,vehicle_009,388,train,129.0865032828283,75.6,360.7,361.4,364.7,369.1,-69.96393672131148,37.81967213114754,1,0.03699999999999998,0.03900000000000059
vehicle_009_session_00389,vehicle_009,389,train,127.9148278703704,54.0,342.2,343.2,346.4,350.3,-70.14099114754099,40.868852459016395,1,0.036180327868852474,0.039000000000000146
vehicle_009_session_00390,vehicle_009,390,train,126.8493327625571,16.0,325.8,326.4,328.5,329.7,-70.20328852459015,38.0,0,0.038655737704918064,0.04499999999999993
vehicle_009_session_00391,vehicle_009,391,train,125.74157493589746,45.2,336.6,337.2,339.6,343.5,-70.20000836065573,41.24590163934426,1,0.03321311475409833,0.03600000000000003
vehicle_009_session_00392,vehicle_009,392,train,129.0316488646384,71.6,357.5,358.3,361.4,365.7,-70.15738672131148,43.0,0,0.03719672131147539,0.03900000000000059
vehicle_009_session_00393,vehicle_009,393,train,125.77015749999995,25.2,328.0,329.1,330.5,331.9,-70.18689540983605,39.73770491803279,1,0.030540983606557427,0.03799999999999981
vehicle_009_session_00394,vehicle_009,394,train,124.02677430555556,45.2,336.4,336.9,339.4,343.5,-70.20164950819671,42.08196721311475,2,0.033655737704918025,0.037000000000000366
vehicle_009_session_00395,vehicle_009,395,train,124.09489090653156,17.2,327.7,328.2,329.4,330.5,-70.35901868852459,38.0,0,0.034098360655737715,0.041999999999999815
vehicle_009_session_00396,vehicle_009,396,train,122.42606286075043,46.8,338.2,338.8,341.6,345.5,-70.32460278688524,40.950819672131146,2,0.03434426229508196,0.03699999999999992
vehicle_009_session_00397,vehicle_009,397,train,125.38605385348583,77.6,363.0,363.9,367.2,371.6,-70.36393524590164,42.459016393442624,1,0.03806557377049185,0.040000000000000036
vehicle_009_session_00398,vehicle_009,398,train,129.17300516748372,70.4,356.1,356.9,360.0,364.1,-69.92950901639345,39.80327868852459,1,0.03654098360655739,0.038000000000000256
vehicle_009_session_00399,vehicle_009,399,train,125.28442892156865,51.6,341.6,342.5,345.7,349.6,-70.10000721311475,37.83606557377049,1,0.03573770491803278,0.038000000000000256
vehicle_009_session_00400,vehicle_009,400,train,125.26452746212122,25.6,328.0,329.2,330.5,331.9,-69.87705196721312,38.24590163934426,1,0.030606557377049225,0.03799999999999981
vehicle_009_session_00401,vehicle_009,401,train,126.61664871704333,47.6,337.5,338.0,340.8,344.9,-69.85082311475409,40.73770491803279,1,0.0343770491803279,0.037000000000000366
vehicle_009_session_00402,vehicle_009,402,train,130.0909244318182,71.6,357.2,358.0,361.1,365.2,-69.83771098360656,42.0,0,0.03685245901639345,0.038000000000000256
vehicle_009_session_00403,vehicle_009,403,train,121.20020964360585,34.0,331.3,331.4,332.4,333.6,-50.0,32.59016393442623,1,0.021016393442622943,0.02200000000000024
vehicle_009_session_00404,vehicle_009,404,train,123.91884613289766,55.2,343.0,343.6,346.0,348.8,-50.0,34.885245901639344,1,0.03009836065573771,0.03299999999999992
vehicle_009_session_00405,vehicle_009,405,train,125.45572916666661,40.8,333.8,334.2,336.1,339.3,-70.5,34.26229508196721,1,0.030262295081967185,0.03399999999999981
vehicle_009_session_00406,vehicle_009,406,train,126.32449927195343,66.4,353.3,354.1,357.2,361.3,-70.54426672131147,36.622950819672134,1,0.03627868852459019,0.038000000000000256
vehicle_009_session_00407,vehicle_009,407,train,129.33824700435727,48.0,335.3,336.9,340.5,345.0,-69.82951737704917,35.18032786885246,2,0.03565573770491805,0.040000000000000036
vehicle_009_session_00408,vehicle_009,408,train,129.4073308189655,68.8,355.0,356.0,358.9,363.2,-69.86557409836067,36.80327868852459,1,0.036655737704918014,0.03900000000000059
vehicle_009_session_00409,vehicle_009,409,train,126.40325868055551,44.4,335.5,336.1,338.5,342.5,-70.38524032786884,35.83606557377049,1,0.03301639344262291,0.037000000000000366
vehicle_009_session_00410,vehicle_009,410,train,127.11852726022015,17.6,327.2,327.7,328.78000000000003,329.7,-59.860660819672134,34.0,0,0.03152459016393444,0.040000000000000036
vehicle_009_session_00411,vehicle_009,411,train,121.5014882154882,38.8,333.8,334.1,335.5,337.7,-59.85082721311476,35.868852459016395,1,0.026147540983606516,0.028999999999999915
vehicle_009_session_00412,vehicle_009,412,train,126.17607182355971,65.2,352.2,352.8,355.5,358.8,-59.84263065573771,38.0,0,0.032983606557377074,0.03500000000000014
vehicle_009_session_00413,vehicle_009,413,train,124.58071737421386,23.6,328.8,328.9,329.6,330.3,-45.806557704918035,34.0,0,0.021262295081967253,0.025000000000000355
vehicle_009_session_00414,vehicle_009,414,train,119.0438618184156,44.8,336.0,336.3,337.8,340.2,-44.67377344262295,36.0,0,0.025295081967213088,0.03000000000000025
vehicle_009_session_00415,vehicle_009,415,train,124.65170502645506,30.8,329.6,330.5,332.1,333.8,-69.81640786885245,35.0,0,0.028426229508196742,0.03200000000000003
vehicle_009_session_00416,vehicle_009,416,train,127.02705630630636,56.0,344.6,345.3,348.5,352.2,-69.78198409836065,37.950819672131146,1,0.03545901639344263,0.037000000000000366
vehicle_009_session_00417,vehicle_009,417,train,126.510680982906,51.2,339.7,340.2,343.8,347.7,-70.46557032786886,38.90163934426229,1,0.03650819672131152,0.038000000000000256
vehicle_009_session_00418,vehicle_009,418,train,128.91341952614383,77.2,362.1,363.0,366.3,370.7,-70.53442967213115,40.0,0,0.038524590163934495,0.040000000000000036
vehicle_009_session_00419,vehicle_009,419,train,127.23040962009804,45.2,335.8,336.3,338.8,343.0,-71.59509147540983,39.50819672131148,1,0.03398360655737705,0.038000000000000256
vehicle_009_session_00420,vehicle_009,420,train,128.63372845017645,72.4,358.3,359.1,362.4,366.8,-71.65574770491801,41.67213114754098,1,0.0380819672131147,0.040000000000000036
vehicle_009_session_00421,vehicle_009,421,train,128.7925665322581,66.8,353.5,354.3,357.4,361.4,-69.9524606557377,39.0,0,0.03696721311475407,0.03999999999999959
vehicle_009_session_00422,vehicle_009,422,train,129.17955034722223,64.8,351.8,352.7,355.8,359.7,-69.94425999999999,36.0,0,0.036803278688524586,0.039000000000000146
vehicle_009_session_00423,vehicle_009,423,train,125.74254767628207,35.2,330.8,331.7,333.5,335.8,-69.73280032786886,36.67213114754098,1,0.028852459016393467,0.03100000000000014
vehicle_009_session_00424,vehicle_009,424,train,128.17375196012546,56.4,344.7,345.5,348.6,352.5,-69.7623113114754,39.0,0,0.03540983606557377,0.037000000000000366
vehicle_009_session_00425,vehicle_009,425,train,128.358702436067,51.2,337.8,339.7,344.1,348.3,-70.05902311475408,32.459016393442624,1,0.03868852459016393,0.04200000000000026
vehicle_009_session_00426,vehicle_009,426,train,129.29556931089746,76.8,362.4,363.2,366.6,371.0,-70.18033786885246,34.0,0,0.03852459016393439,0.040000000000000036
vehicle_009_session_00427,vehicle_009,427,train,124.19370478716567,25.6,330.2,330.3,331.4,332.8,-69.91147377049181,32.31147540983606,1,0.02719672131147543,0.02900000000000036
vehicle_009_session_00428,vehicle_009,428,train,126.73115389384921,26.4,328.6,329.7,331.0,332.5,-70.02131409836065,34.75409836065574,1,0.02878688524590165,0.03400000000000025
vehicle_009_session_00429,vehicle_009,429,train,127.02354488168724,54.4,342.5,344.3,347.7,351.6,-70.07869540983606,35.73770491803279,1,0.03621311475409838,0.039000000000000146
vehicle_009_session_00430,vehicle_009,430,train,122.88313341572506,35.6,332.8,333.2,334.6,336.9,-70.0688593442623,36.721311475409834,1,0.028688524590163942,0.030999999999999694
vehicle_009_session_00431,vehicle_009,431,train,124.39584236111112,59.2,347.8,348.6,351.8,355.5,-70.05082475409836,39.0,0,0.035721311475409856,0.037000000000000366
vehicle_009_session_00432,vehicle_009,432,train,123.63249332264957,36.8,331.7,331.9,332.8,334.1,-46.15902655737704,37.0,0,0.020655737704918072,0.02200000000000024
vehicle_009_session_00433,vehicle_009,433,train,124.7717714351852,37.2,332.7,333.0,334.6,336.9,-69.84262819672132,35.09836065573771,1,0.028918032786885227,0.03200000000000003
vehicle_009_session_00434,vehicle_009,434,train,128.41524338312365,67.2,353.8,354.7,357.7,361.8,-69.81640147540985,37.67213114754098,1,0.036754098360655706,0.039000000000000146
vehicle_009_session_00435,vehicle_009,435,train,124.73739221439747,34.8,332.1,332.4,333.8,336.0,-70.11968032786885,33.31147540983606,1,0.028065573770491806,0.03000000000000025
vehicle_009_session_00436,vehicle_009,436,train,128.61657638888894,63.6,350.8,351.6,354.7,358.6,-70.08525229508197,36.442622950819676,1,0.03608196721311479,0.03799999999999981
vehicle_009_session_00437,vehicle_009,437,train,120.45942841880347,44.8,335.3,335.7,337.1,339.3,-45.100010000000005,35.08196721311475,1,0.024131147540983576,0.028999999999999915
vehicle_009_session_00438,vehicle_009,438,train,127.91500336021501,69.6,354.4,354.9,356.9,359.3,-43.204920655737695,32.0,0,0.027754098360655753,0.02900000000000036
vehicle_009_session_00439,vehicle_009,439,train,127.32159679487182,24.0,328.9,329.2,330.5,331.7,-70.13115737704919,32.91803278688525,1,0.030868852459016393,0.04100000000000037
vehicle_009_session_00440,vehicle_009,440,train,125.31108447488587,50.4,339.7,340.3,343.8,347.7,-70.06394049180327,36.295081967213115,1,0.035868852459016394,0.03799999999999981
vehicle_009_session_00441,vehicle_009,441,train,123.49622257965689,23.2,328.0,329.2,330.5,332.1,-69.90655721311475,34.08196721311475,1,0.03090163934426232,0.040999999999999925
vehicle_009_session_00442,vehicle_009,442,train,123.84001155884506,50.4,340.8,341.6,345.0,348.9,-69.85738131147541,37.42622950819672,1,0.03604918032786885,0.038000000000000256
vehicle_009_session_00443,vehicle_009,443,train,124.34947713574427,25.6,329.9,330.0,330.8,331.9,-55.82951934426231,37.67213114754098,1,0.023409836065573814,0.025000000000000355
vehicle_009_session_00444,vehicle_009,444,train,121.76939133411582,46.8,337.8,338.3,340.5,343.8,-55.82624163934428,39.90163934426229,1,0.031278688524590155,0.0349999999999997
vehicle_009_session_00445,vehicle_009,445,train,123.62048116987182,19.6,328.6,328.8,329.6,330.5,-56.104928032786894,36.0,0,0.02619672131147542,0.03100000000000014
vehicle_009_session_00446,vehicle_009,446,train,127.77682913773154,57.2,344.9,345.8,348.9,352.8,-70.06394081967213,37.91803278688525,1,0.036540983606557366,0.038000000000000256
vehicle_009_session_00447,vehicle_009,447,train,126.80898999183012,70.4,356.1,356.6,358.6,361.3,-45.216405081967224,32.0,0,0.029409836065573736,0.03100000000000014
vehicle_009_session_00448,vehicle_009,448,train,126.27124266975312,60.4,347.5,348.2,350.3,353.2,-50.586893934426236,35.0,0,0.029901639344262262,0.03100000000000014
vehicle_009_session_00449,vehicle_009,449,train,125.37945312499998,50.0,338.5,339.1,341.8,345.2,-54.95081475409836,34.0,0,0.0334754098360656,0.03600000000000003
vehicle_009_session_00450,vehicle_009,450,train,126.7026968684487,72.4,357.8,358.5,361.1,364.3,-54.94425868852459,35.0,0,0.032934426229508165,0.03500000000000014
vehicle_009_session_00451,vehicle_009,451,train,123.53567087339738,32.4,331.3,331.4,332.4,333.8,-56.02623213114754,37.540983606557376,1,0.02365573770491808,0.025000000000000355
vehicle_009_session_00452,vehicle_009,452,train,126.46907935606063,67.6,354.4,355.0,357.5,360.8,-56.05246426229509,40.0,0,0.03295081967213112,0.0349999999999997
vehicle_009_session_00453,vehicle_009,453,train,129.2218658854167,54.4,341.4,342.4,345.2,348.3,-54.83279704918035,37.31147540983606,1,0.03495081967213115,0.039000000000000146
vehicle_009_session_00454,vehicle_009,454,train,127.32954061447813,44.4,335.3,335.8,338.0,341.6,-69.96557098360657,36.459016393442624,1,0.03291803278688522,0.03699999999999992
vehicle_009_session_00455,vehicle_009,455,train,129.83921939102564,71.2,356.8,357.5,360.8,364.9,-69.90819934426229,38.0,0,0.03785245901639343,0.040000000000000036
vehicle_009_session_00456,vehicle_009,456,train,126.30880004629631,33.2,331.6,331.9,333.0,334.9,-69.96393672131148,34.32786885245902,1,0.028147540983606553,0.03000000000000025
vehicle_009_session_00457,vehicle_009,457,train,127.69532291666668,63.6,350.8,351.6,354.7,358.5,-69.91311836065573,37.08196721311475,1,0.03696721311475411,0.038000000000000256
vehicle_009_session_00458,vehicle_009,458,train,129.1131730418944,63.2,348.9,350.5,353.9,357.8,-70.1278786885246,34.0,0,0.03649180327868853,0.0389999999999997
vehicle_009_session_00459,vehicle_009,459,train,122.78333388888889,41.2,333.0,333.3,334.2,335.7,-40.0,31.0,0,0.020065573770491812,0.02200000000000024
vehicle_009_session_00460,vehicle_009,460,train,126.36688000801286,51.2,339.1,339.6,342.2,345.2,-50.326241639344275,34.0,0,0.03339344262295082,0.03600000000000003
vehicle_009_session_00461,vehicle_009,461,train,124.88461901709405,24.8,329.4,329.7,330.8,332.2,-70.05738131147541,31.327868852459016,1,0.029508196721311525,0.03699999999999992
vehicle_009_session_00462,vehicle_009,462,train,124.11706735008819,50.8,340.7,341.4,344.7,348.6,-69.94754295081968,34.704918032786885,1,0.036032786885245895,0.038000000000000256
vehicle_009_session_00463,vehicle_009,463,train,128.12087722844112,65.6,352.4,353.2,356.3,360.3,-70.71640508196721,36.721311475409834,1,0.037491803278688535,0.039000000000000146
vehicle_009_session_00464,vehicle_009,464,train,125.9790420751634,48.4,337.1,337.5,339.9,343.3,-55.0885306557377,35.0,0,0.03198360655737706,0.03600000000000003
vehicle_009_session_00465,vehicle_009,465,train,126.82598549836597,42.8,332.8,334.4,336.9,340.7,-70.04262655737705,31.672131147540984,1,0.03183606557377048,0.03799999999999981
vehicle_009_session_00466,vehicle_009,466,train,127.64800159380695,63.2,351.0,351.8,354.9,358.8,-70.0311506557377,33.39344262295082,1,0.037098360655737746,0.039000000000000146
vehicle_009_session_00467,vehicle_009,467,train,125.25045782615483,24.8,328.2,329.2,330.5,332.1,-70.4131080327869,34.31147540983606,1,0.03155737704918035,0.040999999999999925
vehicle_009_session_00468,vehicle_009,468,train,127.59448725198408,70.8,356.0,357.4,360.88,365.0,-70.4836049180328,38.80327868852459,1,0.03804918032786887,0.040000000000000036
vehicle_009_session_00469,vehicle_009,469,train,126.27488038971805,21.2,327.4,328.6,330.0,331.3,-70.04262557377051,35.0,2,0.03467213114754101,0.04700000000000015
vehicle_009_session_00470,vehicle_009,470,train,122.57514733623547,48.4,339.3,339.9,343.2,347.2,-69.97049081967212,38.442622950819676,1,0.03634426229508199,0.038000000000000256
vehicle_009_session_00471,vehicle_009,471,train,126.36832085905354,75.2,361.6,362.2,365.7,369.9,-69.95246114754099,40.0,0,0.03890163934426229,0.04100000000000037
vehicle_009_session_00472,vehicle_009,472,train,125.4239126243781,14.0,326.3,326.9,328.6,329.9,-69.9540937704918,40.0,0,0.03950819672131147,0.04600000000000026
vehicle_009_session_00473,vehicle_009,473,train,121.74912252604166,41.2,335.5,336.0,338.0,341.3,-69.93278081967213,43.114754098360656,2,0.03257377049180324,0.037000000000000366
vehicle_009_session_00474,vehicle_009,474,train,126.54192225753292,73.6,359.7,360.5,363.8,368.0,-69.47868639344263,45.0,0,0.03840983606557378,0.040000000000000036
vehicle_009_session_00475,vehicle_009,475,train,122.5045555555556,4.8,320.8,322.7,325.3,327.8,-69.86065754098361,28.934426229508198,1,0.04903278688524586,0.05699999999999994
vehicle_009_session_00476,vehicle_009,476,train,121.63623116438357,29.2,331.9,332.1,333.2,334.7,-69.87213606557378,30.737704918032787,1,0.027032786885245918,0.02900000000000036
vehicle_009_session_00477,vehicle_009,477,train,124.00078047839506,58.4,347.7,348.3,351.4,355.2,-69.86721885245902,34.278688524590166,1,0.035704918032786886,0.03799999999999981
vehicle_009_session_00478,vehicle_009,478,train,123.13675982905987,18.8,328.8,329.1,330.0,331.3,-69.86557409836067,37.0,0,0.031081967213114788,0.03799999999999981
vehicle_009_session_00479,vehicle_009,479,train,121.22352330043859,44.8,337.5,338.0,340.5,344.7,-69.8295193442623,39.83606557377049,1,0.03467213114754099,0.038000000000000256
vehicle_009_session_00480,vehicle_009,480,train,124.31387675925927,18.8,328.9,329.2,330.2,331.3,-69.9540937704918,34.34426229508197,1,0.03009836065573772,0.03699999999999992
vehicle_009_session_00481,vehicle_009,481,train,122.28506447784812,49.2,340.3,341.1,344.4,348.3,-69.91146786885244,38.295081967213115,1,0.03578688524590167,0.037000000000000366
vehicle_009_session_00482,vehicle_009,482,train,125.11510988940329,24.0,328.0,329.1,330.3,331.7,-70.0836149180328,33.67213114754098,1,0.03173770491803284,0.041999999999999815
vehicle_009_session_00483,vehicle_009,483,train,127.63090676614111,56.8,344.4,345.3,348.6,352.7,-70.4458968852459,36.459016393442624,1,0.037540983606557395,0.04100000000000037
vehicle_009_session_00484,vehicle_009,484,train,121.87914697346602,28.0,330.8,331.1,332.1,333.6,-70.00655836065573,36.77049180327869,1,0.027967213114754107,0.02900000000000036
vehicle_009_session_00485,vehicle_009,485,train,125.36321578033623,54.8,343.8,344.7,347.8,351.8,-70.00164131147542,39.98360655737705,1,0.036475409836065543,0.038000000000000256
vehicle_009_session_00486,vehicle_009,486,train,124.79602601851852,20.0,326.1,327.29999999999995,328.70000000000005,329.9,-59.930266710526304,39.88157894736842,1,0.03774999999999997,0.04999999999999982
vehicle_009_session_00487,vehicle_009,487,train,128.54588467808384,50.4,336.8,338.25,342.0,345.8,-59.98133453333333,34.61333333333334,1,0.03624000000000002,0.040000000000000036
vehicle_009_session_00488,vehicle_009,488,train,123.41687790643601,8.0,321.6,323.0,325.5,327.7,-60.0157925,33.0,0,0.0429473684210526,0.04800000000000004
vehicle_009_session_00489,vehicle_009,489,train,126.59455209375001,41.2,332.2,333.1,335.075,337.5,-59.93466813333334,40.8,1,0.02747999999999998,0.030999999999999694
vehicle_009_session_00490,vehicle_009,490,train,127.85322729334676,48.0,335.3,336.5,339.6,343.6,-60.112007999999996,40.93333333333333,1,0.03306666666666664,0.037000000000000366
vehicle_009_session_00491,vehicle_009,491,train,127.66369630456352,57.6,343.8,345.7,349.1,353.2,-70.0704975409836,39.75409836065574,1,0.03836065573770492,0.04400000000000004
vehicle_009_session_00492,vehicle_009,492,train,124.55315029761904,26.4,328.2,329.1,330.2,331.4,-59.93815434210526,40.0,0,0.028144736842105278,0.03400000000000025
vehicle_009_session_00493,vehicle_009,493,train,128.54276499118163,63.2,348.3,350.0,353.3,357.4,-70.42622475409836,40.91803278688525,1,0.037508196721311504,0.039000000000000146
vehicle_009_session_00494,vehicle_009,494,train,121.10328118448642,39.6,333.0,333.2,334.4,336.1,-50.23935819672133,43.557377049180324,1,0.02380327868852462,0.026000000000000245
vehicle_009_session_00495,vehicle_009,495,train,128.36678125,61.2,347.4,347.8,350.2,352.8,-50.21968409836066,45.0,0,0.030852459016393417,0.03200000000000003
vehicle_009_session_00496,vehicle_009,496,train,121.747445045406,22.8,328.6,328.9,329.7,330.7,-54.92622213114753,37.0,0,0.02577049180327871,0.03100000000000014
vehicle_009_session_00497,vehicle_009,497,train,122.77810489583337,43.6,335.3,335.7,337.2,339.7,-54.90654868852459,39.19672131147541,1,0.027557377049180286,0.03100000000000014
vehicle_009_session_00498,vehicle_009,498,train,122.38511654040403,27.2,329.2,329.6,330.3,331.4,-55.07377770491803,40.049180327868854,1,0.025229508196721328,0.029999999999999805
vehicle_009_session_00499,vehicle_009,499,train,123.41679989035089,49.2,338.0,338.5,340.8,344.3,-55.0639406557377,42.47540983606557,1,0.03180327868852461,0.03500000000000014
vehicle_009_session_00500,vehicle_009,500,train,122.05239846096099,35.6,332.7,333.0,334.4,336.6,-70.30493655737705,42.0655737704918,1,0.029426229508196712,0.03200000000000003
vehicle_009_session_00501,vehicle_009,501,train,128.00229460009575,65.6,352.1,352.8,356.0,359.9,-70.33115819672132,44.0,0,0.03813114754098361,0.039000000000000146
vehicle_009_session_00502,vehicle_009,502,train,126.73153799790354,57.2,343.5,345.3,348.9,353.0,-70.02951163934425,38.90163934426229,1,0.038524590163934405,0.04400000000000004
vehicle_009_session_00503,vehicle_009,503,train,122.02216158854166,12.4,324.9,325.7,327.8,329.6,-70.26559032786885,39.704918032786885,1,0.04247540983606555,0.04699999999999971
vehicle_009_session_00504,vehicle_009,504,train,121.67790624999999,44.4,336.8,337.4,339.7,343.6,-70.29017770491802,42.91803278688525,2,0.034508196721311474,0.038000000000000256
vehicle_009_session_00505,vehicle_009,505,train,126.51478162202388,70.4,357.1,357.8,361.0,365.2,-69.99673245901639,44.63934426229508,1,0.038344262295081914,0.040000000000000036
vehicle_009_session_00506,vehicle_009,506,train,122.31020476598172,10.0,322.4,323.6,326.1,328.3,-64.93605918032786,39.0,0,0.043540983606557344,0.04800000000000004
vehicle_009_session_00507,vehicle_009,507,train,122.62868990740742,39.6,334.2,334.6,336.1,338.6,-64.93278016393442,41.68852459016394,1,0.029245901639344214,0.03299999999999992
vehicle_009_session_00508,vehicle_009,508,train,124.50624187500003,69.6,356.1,356.8,359.7,363.3,-64.93441967213116,44.0,0,0.03640983606557382,0.038000000000000256
vehicle_009_session_00509,vehicle_009,509,train,127.50508658119655,56.4,341.9,343.55,346.6,349.9,-58.18933933333332,43.0,0,0.035786666666666654,0.04100000000000037
vehicle_009_session_00510,vehicle_009,510,train,124.85335083150584,58.8,348.5,349.3,352.5,356.6,-74.04262803278688,43.0,0,0.038426229508196755,0.040000000000000036
vehicle_009_session_00511,vehicle_009,511,train,123.22071826032766,30.4,329.4,330.7,332.1,333.9,-69.87541442622951,39.98360655737705,0,0.029147540983606536,0.03200000000000003
vehicle_009_session_00512,vehicle_009,512,train,127.29474045138888,62.0,349.4,350.2,353.3,357.2,-69.89344573770491,43.0,0,0.037409836065573805,0.040000000000000036
vehicle_009_session_00513,vehicle_009,513,train,122.85366591407495,1.6,318.3,319.79999999999995,322.45,324.9,-60.12237671052631,41.0,0,0.055184210526315815,0.06000000000000005
vehicle_009_session_00514,vehicle_009,514,train,120.38128009259263,2.4,319.2,321.0,323.8,326.3,-70.20656786885246,40.57377049180328,0,0.056049180327868875,0.06199999999999983
vehicle_009_session_00515,vehicle_009,515,train,122.76409722222223,23.2,329.9,330.0,331.0,332.2,-70.11640163934426,41.0,0,0.029114754098360687,0.03299999999999992
vehicle_009_session_00516,vehicle_009,516,train,124.5737015335648,51.6,341.3,342.1,345.3,349.3,-70.08361409836066,44.0,0,0.037098360655737704,0.039000000000000146
vehicle_009_session_00517,vehicle_009,517,train,118.68118282828281,36.4,330.7,330.8,332.1,332.7,-27.283605409836067,38.0,0,0.014622950819672144,0.020999999999999908
vehicle_009_session_00518,vehicle_009,518,train,121.4386305367868,34.4,332.7,332.8,334.2,336.4,-69.94426393442622,40.26229508196721,1,0.029049180327868827,0.03200000000000003
vehicle_009_session_00519,vehicle_009,519,train,121.84484527925534,16.8,326.1,327.15,328.8,329.9,-59.91447407894737,34.5921052631579,1,0.03798684210526315,0.04999999999999982
vehicle_009_session_00520,vehicle_009,520,train,122.39491007360282,16.0,325.2,326.5,328.3,329.6,-60.08553315789473,34.026315789473685,1,0.039407894736842086,0.04899999999999993
vehicle_009_session_00521,vehicle_009,521,train,123.01322166666668,48.8,336.9,337.4,339.1,341.9,-45.17541983606558,37.0,0,0.028114754098360638,0.03200000000000003
vehicle_009_session_00522,vehicle_009,522,train,128.38124090038318,50.4,337.2,338.8,343.2,347.5,-70.0836149180328,36.08196721311475,2,0.03900000000000001,0.04300000000000015
vehicle_009_session_00523,vehicle_009,523,train,128.3237590996168,74.0,359.9,360.7,363.9,368.3,-70.04262721311476,37.47540983606557,1,0.039196721311475405,0.04100000000000037
vehicle_009_session_00524,vehicle_009,524,train,129.2541962539124,57.2,345.5,346.4,349.7,353.6,-71.39179573770491,35.459016393442624,1,0.038114754098360654,0.04200000000000026
vehicle_009_session_00525,vehicle_009,525,train,121.84799952846365,34.8,332.8,333.2,334.6,336.8,-70.0114793442623,38.049180327868854,2,0.02962295081967213,0.03200000000000003
vehicle_009_session_00526,vehicle_009,526,train,125.81768498093678,72.0,357.1,357.7,359.6,362.2,-44.85246327868853,40.0,0,0.029950819672131146,0.03200000000000003
vehicle_009_session_00527,vehicle_009,527,train,122.08061737472767,17.6,326.7,328.0,329.4,330.8,-70.08197508196723,35.81967213114754,1,0.03895081967213113,0.052999999999999936
vehicle_009_session_00528,vehicle_009,528,train,120.87098268072289,38.0,334.2,334.7,336.4,339.3,-69.99836049180328,38.36065573770492,1,0.03096721311475405,0.03400000000000025
vehicle_009_session_00529,vehicle_009,529,train,126.57027771791186,71.6,358.5,359.4,362.5,366.8,-70.0,41.0,0,0.03819672131147538,0.040000000000000036
vehicle_009_session_00530,vehicle_009,530,train,128.98899605119826,66.0,351.6,352.2,354.4,357.2,-50.63935426229509,43.0,0,0.03155737704918036,0.03300000000000036
vehicle_009_session_00531,vehicle_009,531,train,124.31126508084574,46.4,336.8,337.2,339.7,343.9,-70.52787163934427,40.885245901639344,1,0.03567213114754096,0.040000000000000036
vehicle_009_session_00532,vehicle_009,532,train,126.96553102231339,73.2,358.5,359.4,362.7,366.9,-70.59345196721311,42.0,0,0.039377049180327875,0.04100000000000037
vehicle_009_session_00533,vehicle_009,533,train,128.03242483660136,77.2,362.2,363.0,366.4,371.0,-70.36229639344262,40.22950819672131,1,0.03988524590163927,0.041999999999999815
vehicle_009_session_00534,vehicle_009,534,train,122.99144674145299,38.4,331.9,332.8,334.9,337.5,-69.02131147540985,37.0655737704918,2,0.029999999999999995,0.03299999999999992
vehicle_009_session_00535,vehicle_009,535,train,127.00995592517921,64.4,351.6,352.4,355.5,359.3,-68.88524032786886,39.0,0,0.037639344262295094,0.039000000000000146
vehicle_009_session_00536,vehicle_009,536,train,122.52604801014957,28.8,328.9,330.0,331.4,333.2,-70.01147655737705,39.032786885245905,1,0.030131147540983616,0.03600000000000003
vehicle_009_session_00537,vehicle_009,537,train,124.27270752728178,49.6,338.8,339.6,342.7,346.9,-70.08197540983606,41.36065573770492,1,0.037344262295082004,0.040000000000000036
vehicle_009_session_00538,vehicle_009,538,train,126.75612664783431,72.0,357.8,358.5,361.9,366.0,-70.08853344262296,42.377049180327866,1,0.038983606557377024,0.04100000000000037
vehicle_009_session_00539,vehicle_009,539,train,125.63942523324847,32.8,329.6,330.5,332.1,333.6,-59.939999333333326,37.373333333333335,1,0.02637333333333337,0.02900000000000036
vehicle_009_session_00540,vehicle_009,540,train,127.17406514573558,68.4,353.8,355.4,358.25,361.4,-56.14211078947367,41.0,0,0.03351315789473678,0.03500000000000014
vehicle_009_session_00541,vehicle_009,541,train,122.22729251355017,32.8,331.7,332.1,333.3,335.0,-69.39507344262294,41.08196721311475,2,0.028852459016393474,0.03100000000000014
vehicle_009_session_00542,vehicle_009,542,train,118.87553516737894,39.6,335.3,335.8,337.7,341.1,-69.92294836065574,35.85245901639344,2,0.03227868852459009,0.03600000000000003
vehicle_009_session_00543,vehicle_009,543,train,121.86963822115389,28.0,330.2,330.5,331.1,332.2,-50.42458262295081,40.885245901639344,1,0.021426229508196736,0.02400000000000002
vehicle_009_session_00544,vehicle_009,544,train,118.14543991815475,48.8,338.8,339.4,341.8,344.9,-50.41474557377049,42.721311475409834,1,0.03011475409836068,0.03200000000000003
vehicle_009_session_00545,vehicle_009,545,train,120.26549877450978,8.8,321.9,322.4,324.1,326.1,-49.899989999999995,41.65573770491803,-1,0.04311475409836065,0.04800000000000004
vehicle_009_session_00546,vehicle_009,546,train,122.30389705882351,29.2,330.0,330.3,331.0,331.9,-49.899989999999995,42.0,0,0.021508196721311493,0.02300000000000013
vehicle_009_session_00547,vehicle_009,547,train,123.57308844339623,49.6,338.2,338.6,340.8,343.9,-49.899989999999995,44.0,0,0.029639344262295107,0.03299999999999992
vehicle_009_session_00548,vehicle_009,548,train,129.85634211601314,71.2,355.8,356.4,358.6,361.6,-49.899989999999995,44.557377049180324,1,0.030672131147540947,0.03200000000000047
vehicle_009_session_00549,vehicle_009,549,train,122.31935100210971,20.8,328.9,329.1,330.2,331.3,-69.82294770491804,44.295081967213115,1,0.032524590163934455,0.040000000000000036
vehicle_009_session_00550,vehicle_009,550,train,124.89143442334738,52.8,341.6,342.5,345.8,349.6,-69.47540737704918,48.0,0,0.035704918032786866,0.038000000000000256
vehicle_009_session_00551,vehicle_009,551,train,123.90451731321839,18.4,326.0,327.29999999999995,329.15,330.5,-70.00533466666666,42.0,0,0.04209333333333336,0.05400000000000027
vehicle_009_session_00552,vehicle_009,552,train,128.1638248337766,49.6,336.4,338.1,342.0,346.4,-69.9500002631579,40.921052631578945,1,0.03731578947368421,0.040999999999999925
vehicle_009_session_00553,vehicle_009,553,train,128.06076834490742,60.0,347.2,348.8,352.1,356.0,-70.03934786885246,42.0,0,0.03660655737704916,0.038000000000000256
vehicle_009_session_00554,vehicle_009,554,train,124.7329815629891,63.2,349.4,350.3,353.6,357.7,-70.02623180327868,39.34426229508197,1,0.03663934426229509,0.038000000000000256
vehicle_009_session_00555,vehicle_009,555,train,126.58395128676467,52.0,338.5,339.9,344.3,348.6,-69.9918024590164,39.98360655737705,1,0.03896721311475409,0.04200000000000026
vehicle_009_session_00556,vehicle_009,556,train,129.42466725427352,56.0,345.7,346.4,349.6,353.5,-70.39835114754098,42.19672131147541,1,0.03637704918032785,0.039000000000000146
vehicle_009_session_00557,vehicle_009,557,train,123.12290551346803,26.8,328.6,329.6,331.0,332.4,-70.06557950819672,37.63934426229508,1,0.030295081967213127,0.038000000000000256
vehicle_009_session_00558,vehicle_009,558,train,128.08160978618423,53.6,341.8,342.5,346.0,350.0,-70.08689131147541,40.75409836065574,1,0.03654098360655736,0.038000000000000256
vehicle_009_session_00559,vehicle_009,559,train,125.17364812828731,27.6,328.6,329.775,331.1,332.7,-70.22001066666667,38.77333333333333,1,0.030160000000000013,0.03600000000000003
vehicle_009_session_00560,vehicle_009,560,train,127.7732461478758,50.8,337.4,339.0,343.2375,347.5,-70.01866906666667,39.48,1,0.03829333333333333,0.04200000000000026
vehicle_009_session_00561,vehicle_009,561,train,127.92780236111116,62.8,348.5,349.9,353.2,357.2,-70.29509688524591,40.73770491803279,1,0.03695081967213116,0.039000000000000146
vehicle_009_session_00562,vehicle_009,562,train,121.49810063844086,22.8,327.7,328.8,330.2,331.6,-70.00164262295081,38.26229508196721,1,0.03427868852459018,0.04700000000000015
vehicle_009_session_00563,vehicle_009,563,train,124.7579847118574,48.0,338.2,338.6,341.6,345.8,-69.96229573770492,40.885245901639344,1,0.035770491803278695,0.038000000000000256
vehicle_009_session_00564,vehicle_009,564,train,126.92080324074074,52.4,341.4,342.4,345.7,349.7,-70.06230081967212,39.278688524590166,1,0.037065573770491786,0.039000000000000146
vehicle_009_session_00565,vehicle_009,565,train,123.68842893518516,42.4,335.2,335.5,337.5,340.8,-69.94754344262296,38.295081967213115,1,0.03206557377049176,0.03600000000000003
vehicle_009_session_00566,vehicle_009,566,train,125.58334537037035,72.4,358.5,359.3,362.5,366.8,-69.9180362295082,40.032786885245905,0,0.037491803278688486,0.040000000000000036
vehicle_009_session_00567,vehicle_009,567,train,122.23926912997906,17.2,325.5,326.6,328.8,330.2,-70.18525459016392,39.0,0,0.0430655737704918,0.052999999999999936
vehicle_009_session_00568,vehicle_009,568,train,120.88486783154121,38.4,333.8,334.1,335.7,338.2,-70.0901706557377,40.950819672131146,2,0.030278688524590133,0.03299999999999992
vehicle_009_session_00569,vehicle_009,569,train,129.80524527994794,71.2,356.9,357.7,361.0,365.3,-71.01803459016394,41.0,0,0.037655737704918014,0.03900000000000059
vehicle_009_session_00570,vehicle_009,570,train,121.10702798202612,32.8,332.4,332.7,334.1,336.1,-71.00163950819672,39.78688524590164,2,0.02939344262295083,0.03100000000000014
vehicle_009_session_00571,vehicle_009,571,train,123.71039666471047,60.4,349.4,350.0,353.3,357.1,-71.01311606557377,43.0,0,0.03690163934426231,0.0389999999999997
vehicle_009_session_00572,vehicle_009,572,train,123.85856526033739,10.0,322.2,323.55,326.35,328.6,-70.03066906666668,42.18666666666667,0,0.04669333333333328,0.052000000000000046
vehicle_009_session_00573,vehicle_009,573,train,124.16519034426715,37.2,333.0,333.3,334.9,337.4,-70.03606901639344,41.67213114754098,1,0.030229508196721294,0.03299999999999992
vehicle_009_session_00574,vehicle_009,574,train,121.1815332550861,27.6,331.0,331.3,332.4,333.9,-69.99672098360655,41.704918032786885,1,0.0282131147540984,0.02900000000000036
vehicle_009_session_00575,vehicle_009,575,train,122.07995780285498,56.0,345.8,346.6,349.7,353.5,-69.55901655737705,44.885245901639344,1,0.0361967213114754,0.038000000000000256
vehicle_009_session_00576,vehicle_009,576,train,126.60019920634919,42.4,334.4,334.9,337.1,340.3,-70.50327901639345,40.40983606557377,1,0.03226229508196722,0.03600000000000003
vehicle_009_session_00577,vehicle_009,577,train,123.71242660768648,40.4,334.1,334.4,336.3,339.1,-69.91639557377049,40.34426229508197,1,0.031131147540983586,0.03400000000000025
vehicle_009_session_00578,vehicle_009,578,train,127.37524588041427,69.6,356.0,356.8,359.9,363.9,-69.88197098360656,42.01639344262295,1,0.037688524590163905,0.03900000000000059
vehicle_009_session_00579,vehicle_009,579,train,122.75992281746035,22.0,327.8,328.6,329.9,331.3,-69.92459147540983,36.81967213114754,1,0.0362131147540984,0.051000000000000156
vehicle_009_session_00580,vehicle_009,580,train,126.51679027777779,64.4,351.6,352.4,355.5,359.4,-69.89016852459017,41.63934426229508,1,0.036655737704918014,0.038000000000000256
vehicle_009_session_00581,vehicle_009,581,train,126.86233901088589,43.2,334.7,335.2,337.4,341.0,-70.02623213114754,36.78688524590164,1,0.03263934426229509,0.03699999999999992
vehicle_009_session_00582,vehicle_009,582,train,127.61467341457023,73.2,359.1,359.9,363.2,367.4,-70.09345196721311,39.0,0,0.03842622950819671,0.04099999999999948
vehicle_009_session_00583,vehicle_009,583,train,126.98519437767091,54.4,343.0,343.8,347.2,351.1,-70.14427229508196,36.0,0,0.0370327868852459,0.039000000000000146
vehicle_009_session_00584,vehicle_009,584,train,127.3270348462302,75.2,361.3,362.1,365.3,369.7,-70.2164050819672,37.0,0,0.038131147540983595,0.040000000000000036
vehicle_009_session_00585,vehicle_009,585,train,127.14468929398147,66.4,352.2,353.3,356.6,360.7,-69.96721655737706,34.40983606557377,1,0.03683606557377052,0.039000000000000146
vehicle_009_session_00586,vehicle_009,586,train,125.09261029411766,52.4,338.5,340.5,345.0,349.3,-70.14263295081969,33.704918032786885,1,0.03990163934426228,0.04400000000000004
vehicle_009_session_00587,vehicle_009,587,train,126.9388763020833,72.8,358.8,359.6,363.0,367.2,-70.1000093442623,34.68852459016394,1,0.038229508196721315,0.040000000000000036
vehicle_009_session_00588,vehicle_009,588,train,128.42751352062285,64.8,352.1,352.8,356.0,359.9,-70.50327901639345,35.0,0,0.03726229508196722,0.038000000000000256
vehicle_009_session_00589,vehicle_009,589,train,124.34778695436508,23.2,327.7,328.9,330.25,331.6,-69.83553302631579,32.64473684210526,1,0.03367105263157897,0.04699999999999971
vehicle_009_session_00590,vehicle_009,590,train,128.64959025735303,77.2,360.7,362.2,366.0,370.5,-70.04342592105262,36.88157894736842,1,0.038289473684210554,0.040000000000000036
vehicle_009_session_00591,vehicle_009,591,train,123.72537847621328,20.4,326.4,328.1,329.65,331.0,-69.88421026315788,34.526315789473685,1,0.038355263157894746,0.052999999999999936
vehicle_009_session_00592,vehicle_009,592,train,126.6491515470297,50.8,337.2,339.35,343.70000000000005,348.0,-70.31600773333334,36.693333333333335,1,0.039066666666666694,0.042999999999999705
vehicle_009_session_00593,vehicle_009,593,train,125.753856609623,70.0,354.9,356.4,359.9,364.1,-70.14099213114754,32.81967213114754,1,0.037213114754098296,0.0389999999999997
vehicle_009_session_00594,vehicle_009,594,train,122.55877688746439,32.8,331.9,332.1,333.5,335.5,-70.59837049180328,37.278688524590166,1,0.02888524590163939,0.03100000000000014
vehicle_009_session_00595,vehicle_009,595,train,125.83728197064997,64.4,351.9,352.5,355.7,359.7,-70.60001000000001,40.85245901639344,1,0.03688524590163934,0.038000000000000256
vehicle_009_session_00596,vehicle_009,596,train,123.3061498263889,20.0,326.7,328.0,329.6,331.0,-70.0918124590164,36.57377049180328,1,0.039344262295081985,0.05400000000000027
vehicle_009_session_00597,vehicle_009,597,train,121.66510169402352,44.0,336.3,336.9,339.3,343.2,-70.07377770491803,39.278688524590166,1,0.03411475409836066,0.038000000000000256
vehicle_009_session_00598,vehicle_009,598,train,126.64147429435486,70.4,357.2,358.0,361.1,365.3,-70.07213786885247,41.0,0,0.0380819672131147,0.040000000000000036
vehicle_009_session_00599,vehicle_009,599,train,125.1929824681239,39.2,331.7,332.8,334.9,337.7,-68.82132114754098,38.75409836065574,1,0.03054098360655736,0.03399999999999981
vehicle_009_session_00600,vehicle_009,600,train,126.91966198192243,63.6,351.0,351.8,354.7,358.6,-68.67214114754098,40.0,0,0.036655737704918055,0.038000000000000256
vehicle_009_session_00601,vehicle_009,601,train,119.5148857689211,32.4,332.8,333.2,334.6,336.6,-69.45081475409836,38.60655737704918,1,0.02924590163934426,0.03200000000000003
vehicle_009_session_00602,vehicle_009,602,train,120.31665935185183,60.0,350.2,351.0,354.1,357.8,-69.42622213114754,41.0,0,0.0369508196721312,0.039000000000000146
vehicle_009_session_00603,vehicle_009,603,train,124.99146306360714,40.0,333.3,333.8,335.8,338.8,-70.1360755737705,39.0,0,0.031442622950819635,0.03500000000000014
vehicle_009_session_00604,vehicle_009,604,train,126.11807575757575,67.6,354.7,355.5,358.6,362.7,-70.19673131147539,41.0,0,0.037442622950819675,0.03900000000000059
vehicle_009_session_00605,vehicle_009,605,train,125.62269564471882,32.8,329.9,331.05,332.75,334.9,-69.87105763157894,34.94736842105263,1,0.029355263157894745,0.03200000000000003
vehicle_009_session_00606,vehicle_009,606,train,123.07338748123122,32.8,331.1,331.4,333.0,335.0,-70.50819754098362,39.540983606557376,1,0.02962295081967218,0.03200000000000003
vehicle_009_session_00607,vehicle_009,607,train,128.19955657679733,62.8,350.2,351.1,354.3,358.0,-70.51147655737705,42.91803278688525,1,0.03732786885245907,0.039000000000000146
vehicle_009_session_00608,vehicle_009,608,train,122.67213859126984,13.2,324.7,325.7,328.2,329.7,-70.60820360655737,37.0,0,0.04465573770491801,0.052000000000000046
vehicle_009_session_00609,vehicle_009,609,train,121.2594873737374,41.6,335.7,336.1,338.3,341.6,-70.70000999999998,39.68852459016394,1,0.03306557377049175,0.03699999999999992
vehicle_009_session_00610,vehicle_009,610,train,125.64522688640137,68.4,355.7,356.4,359.6,363.8,-70.75247426229508,42.0,0,0.037983606557377064,0.040000000000000036
vehicle_009_session_00611,vehicle_009,611,train,120.35004833333338,42.0,334.6,334.9,336.1,338.2,-49.80002000000002,41.0,0,0.02499999999999997,0.028999999999999915
vehicle_009_session_00612,vehicle_009,612,train,119.85734734848485,31.6,330.2,330.5,331.3,332.5,-49.700010000000006,31.491803278688526,1,0.021721311475409854,0.02300000000000013
vehicle_009_session_00613,vehicle_009,613,train,124.25002500000005,53.6,341.1,341.8,344.4,347.4,-49.700010000000006,34.0,0,0.0319344262295082,0.03400000000000025
vehicle_009_session_00614,vehicle_009,614,train,125.43939489850426,46.4,336.0,336.4,338.2,341.1,-49.69345262295082,33.0,0,0.02798360655737701,0.03200000000000003
vehicle_009_session_00615,vehicle_009,615,train,126.36842147070017,48.4,338.2,338.9,342.1,346.4,-69.89671229508197,36.59016393442623,1,0.03683606557377053,0.040000000000000036
vehicle_009_session_00616,vehicle_009,616,train,121.25339863040128,16.0,327.2,327.7,329.2,330.3,-70.20328918032787,36.0,0,0.038721311475409845,0.04800000000000004
vehicle_009_session_00617,vehicle_009,617,train,121.64273185641628,44.8,337.2,337.7,340.2,344.3,-70.2229631147541,39.295081967213115,1,0.03454098360655741,0.038000000000000256
vehicle_009_session_00618,vehicle_009,618,train,125.86939412997904,73.6,360.0,360.8,364.1,368.5,-70.30329770491802,41.0,0,0.03859016393442622,0.040000000000000036
vehicle_009_session_00619,vehicle_009,619,train,122.43345003858028,33.2,331.4,331.7,333.2,335.0,-69.39671295081968,37.81967213114754,1,0.02872131147540986,0.030999999999999694
vehicle_009_session_00620,vehicle_009,620,train,126.95939858217594,62.0,349.6,350.3,353.5,357.2,-69.3393524590164,40.0,0,0.03714754098360657,0.039000000000000146
vehicle_009_session_00621,vehicle_009,621,train,124.73277160577695,28.0,328.3,329.29999999999995,330.7,332.1,-59.94400186666667,35.0,0,0.027320000000000035,0.03399999999999981
vehicle_009_session_00622,vehicle_009,622,train,121.67019449476652,16.8,326.7,327.4,329.1,330.5,-69.91147573770492,37.14754098360656,1,0.04118032786885242,0.052999999999999936
vehicle_009_session_00623,vehicle_009,623,train,124.11733491294994,60.0,348.6,349.4,352.5,356.4,-69.84262967213115,41.704918032786885,1,0.03716393442622952,0.039000000000000146
vehicle_009_session_00624,vehicle_009,624,train,121.67777662037035,22.4,328.9,329.2,330.3,331.6,-69.68689524590164,35.39344262295082,1,0.03300000000000006,0.04400000000000004
vehicle_009_session_00625,vehicle_009,625,train,125.44246701388892,51.6,340.5,341.3,344.7,348.8,-69.70001032786884,38.98360655737705,1,0.03698360655737705,0.039000000000000146
vehicle_009_session_00626,vehicle_009,626,train,124.92849267904955,38.4,333.5,333.8,335.5,338.3,-70.7541137704918,39.47540983606557,1,0.031147540983606534,0.03400000000000025
vehicle_009_session_00627,vehicle_009,627,train,125.74284972677594,72.0,358.5,359.3,362.5,366.8,-70.8000193442623,42.0,0,0.038918032786885166,0.040000000000000036
vehicle_009_session_00628,vehicle_009,628,train,128.72617785970664,62.0,347.1,348.55,351.5,354.7,-57.37500657894736,36.93421052631579,1,0.03378947368421053,0.039000000000000146
vehicle_009_session_00629,vehicle_009,629,train,122.73640829528158,41.2,334.7,335.2,337.1,340.2,-70.13115540983605,38.22950819672131,1,0.03203278688524588,0.03600000000000003
vehicle_009_session_00630,vehicle_009,630,train,128.28296405228755,70.8,356.9,357.7,360.8,364.9,-70.1065631147541,40.59016393442623,1,0.038245901639344194,0.040000000000000036
vehicle_009_session_00631,vehicle_009,631,train,123.75263473274408,42.8,334.9,335.3,337.5,341.0,-70.0196744262295,35.950819672131146,2,0.03283606557377046,0.037000000000000366
vehicle_009_session_00632,vehicle_009,632,train,127.02812539845178,69.2,355.8,356.6,359.7,363.9,-69.97377295081967,38.40983606557377,1,0.03773770491803281,0.040000000000000036
vehicle_009_session_00633,vehicle_009,633,train,124.9305660300926,43.2,333.2,334.6,337.2,341.0,-70.13607377049179,36.73770491803279,1,0.0332622950819672,0.038000000000000256
vehicle_009_session_00634,vehicle_009,634,train,127.83199628411309,67.2,354.1,354.9,358.2,362.1,-70.01311655737705,38.0,0,0.038245901639344236,0.040000000000000036
vehicle_009_session_00635,vehicle_009,635,train,129.898548679194,75.2,360.3,361.3,364.7,369.1,-70.00983704918033,29.950819672131146,1,0.038016393442623024,0.03900000000000059
vehicle_009_session_00636,vehicle_009,636,train,126.41024935515875,46.8,336.3,337.2,340.2,345.0,-70.7623113114754,31.508196721311474,1,0.036688524590163966,0.04200000000000026
vehicle_009_session_00637,vehicle_009,637,train,126.40406672979802,75.2,361.4,362.2,365.7,370.0,-70.82460278688524,33.0,0,0.03888524590163937,0.04100000000000037
vehicle_009_session_00638,vehicle_009,638,train,120.6180482638889,14.4,325.2,326.6,328.8,330.2,-70.37376852459016,35.80327868852459,1,0.043836065573770476,0.05500000000000016
vehicle_009_session_00639,vehicle_009,639,train,119.0169786505255,38.4,334.7,335.0,337.1,339.9,-70.42458262295082,38.34426229508197,1,0.031868852459016356,0.03500000000000014
vehicle_009_session_00640,vehicle_009,640,train,122.28366041666665,68.0,356.1,356.9,360.0,364.1,-70.49180245901638,40.78688524590164,1,0.03809836065573767,0.04099999999999948
vehicle_009_session_00641,vehicle_009,641,train,125.88003951149425,39.6,332.1,333.2,335.3,338.5,-70.56066180327869,35.42622950819672,1,0.03139344262295078,0.03400000000000025
vehicle_009_session_00642,vehicle_009,642,train,126.40702163848628,62.8,351.0,351.8,354.9,358.9,-70.57541737704918,37.65573770491803,1,0.037557377049180336,0.039000000000000146
vehicle_009_session_00643,vehicle_009,643,train,122.06021002492882,34.4,332.4,332.7,334.1,336.1,-70.31148868852459,39.77049180327869,1,0.029590163934426195,0.03200000000000003
vehicle_009_session_00644,vehicle_009,644,train,125.75839070767195,65.6,352.8,353.6,356.8,360.7,-70.3213244262295,43.0,0,0.03765573770491801,0.039000000000000146
vehicle_009_session_00645,vehicle_009,645,train,121.50559209463829,26.4,330.3,330.7,331.6,333.2,-70.31968426229508,39.114754098360656,1,0.028786885245901665,0.03200000000000003
vehicle_009_session_00646,vehicle_009,646,train,126.07690114087303,61.2,348.9,349.7,352.8,356.8,-70.30820967213116,42.557377049180324,1,0.03754098360655742,0.039000000000000146
vehicle_009_session_00647,vehicle_009,647,train,121.20858735380116,17.6,325.7,327.1,329.1,330.3,-70.52459327868854,38.0,0,0.04404918032786886,0.05600000000000005
vehicle_009_session_00648,vehicle_009,648,train,122.16561292735041,40.4,334.6,335.0,336.9,339.9,-70.57377786885245,39.950819672131146,2,0.03218032786885241,0.03500000000000014
vehicle_009_session_00649,vehicle_009,649,train,125.46239687500002,68.0,354.9,355.7,358.8,362.8,-70.62296081967213,42.0,0,0.03824590163934426,0.040000000000000036
vehicle_009_session_00650,vehicle_009,650,train,120.47513212719295,30.8,331.4,331.7,333.0,334.7,-69.39179573770491,37.36065573770492,1,0.028278688524590187,0.03000000000000025
vehicle_009_session_00651,vehicle_009,651,train,125.5024054608586,61.2,349.3,350.0,353.2,357.1,-69.39835114754098,40.39344262295082,1,0.03713114754098365,0.038000000000000256
vehicle_009_session_00652,vehicle_009,652,train,122.96650184811831,35.6,331.4,331.9,333.5,335.8,-69.97048885245901,41.9344262295082,1,0.0305081967213115,0.03299999999999992
vehicle_009_session_00653,vehicle_009,653,train,127.44064112903226,60.4,348.0,348.8,351.9,355.8,-69.85246393442624,44.0,0,0.03749180327868853,0.040000000000000036
vehicle_009_session_00654,vehicle_009,654,train,122.80260348462305,25.6,328.8,329.6,330.8,332.4,-70.70165065573771,39.34426229508197,1,0.03259016393442626,0.04400000000000004
vehicle_009_session_00655,vehicle_009,655,train,123.87318046296295,48.0,338.3,338.9,341.9,346.3,-70.78198540983607,42.42622950819672,1,0.03691803278688526,0.040000000000000036
vehicle_009_session_00656,vehicle_009,656,train,124.82589409722223,20.0,327.7,328.8,330.3,331.7,-70.60164622950819,35.32786885245902,1,0.036098360655737766,0.050000000000000266
vehicle_009_session_00657,vehicle_009,657,train,117.17501666666668,47.2,340.2,340.8,344.3,348.5,-70.69181327868851,38.78688524590164,1,0.03752459016393445,0.039000000000000146
vehicle_009_session_00658,vehicle_009,658,train,119.80803458605668,77.2,364.6,365.3,368.8,371.6,-67.92787819672132,40.52459016393443,1,0.03899999999999995,0.041999999999999815
vehicle_009_session_00659,vehicle_009,659,train,119.74755987237239,38.0,333.6,334.1,335.7,338.3,-70.49672098360655,36.459016393442624,1,0.031163934426229476,0.03399999999999981
vehicle_009_session_00660,vehicle_009,660,train,124.62583856757873,67.6,354.6,355.2,358.3,362.4,-70.50163950819672,39.0,0,0.03850819672131147,0.040000000000000036
vehicle_009_session_00661,vehicle_009,661,train,126.01454038228157,56.4,342.4,344.1,347.45,351.0,-60.16053684210526,35.86842105263158,1,0.037973684210526326,0.04400000000000004
vehicle_009_session_00662,vehicle_009,662,train,125.4806004946728,58.4,344.3,345.9,349.0,352.5,-59.93684631578946,40.0,0,0.03638157894736844,0.04200000000000026
vehicle_009_session_00663,vehicle_009,663,train,121.95820787473794,42.0,334.7,336.1,338.2,341.8,-69.96557672131148,38.98360655737705,2,0.03329508196721306,0.03799999999999981
vehicle_009_session_00664,vehicle_009,664,train,122.87833558789953,63.2,351.8,352.5,355.7,359.6,-70.00492196721311,41.0,0,0.037754098360655804,0.039000000000000146
vehicle_009_session_00665,vehicle_009,665,train,117.93453862847224,32.0,332.4,332.7,333.9,336.1,-70.24919524590163,39.09836065573771,2,0.029786885245901656,0.03200000000000003
vehicle_009_session_00666,vehicle_009,666,train,122.11229445496639,61.2,350.0,350.8,353.9,357.8,-70.26395081967213,42.0,0,0.037721311475409865,0.039000000000000146
vehicle_009_session_00667,vehicle_009,667,train,121.99948204926622,40.4,332.5,333.6,336.0,339.1,-70.05902245901639,37.73770491803279,1,0.03185245901639342,0.03600000000000003
vehicle_009_session_00668,vehicle_009,668,train,126.23437876157409,62.0,349.4,350.2,353.3,357.2,-69.9311493442623,39.98360655737705,1,0.037344262295082024,0.039000000000000146
vehicle_009_session_00669,vehicle_009,669,train,118.94396046626983,9.2,322.1,323.5,326.3,328.5,-70.17050147540984,38.0,0,0.049721311475409785,0.05600000000000005
vehicle_009_session_00670,vehicle_009,670,train,119.63301466049387,37.2,333.6,333.9,335.7,338.0,-70.07869360655737,40.09836065573771,2,0.030819672131147502,0.03399999999999981
vehicle_009_session_00671,vehicle_009,671,train,123.30254149865593,66.0,353.2,353.9,357.1,361.0,-70.04918426229509,42.540983606557376,1,0.03808196721311473,0.040000000000000036
vehicle_009_session_00672,vehicle_009,672,train,119.75348381944445,14.0,324.4,325.8,328.2,329.7,-70.14427081967213,39.19672131147541,1,0.045934426229508184,0.053999999999999826
vehicle_009_session_00673,vehicle_009,673,train,119.64922284544161,34.4,332.7,333.0,334.2,336.4,-69.99836459016394,41.32786885245902,1,0.029754098360655745,0.03200000000000003
vehicle_009_session_00674,vehicle_009,674,train,123.00816435185183,65.6,352.8,353.6,356.8,360.7,-69.97377377049182,44.0,0,0.03777049180327871,0.039000000000000146
vehicle_009_session_00675,vehicle_009,675,train,124.27580654761901,54.8,340.5,342.7,346.8,351.0,-70.06066163934426,39.81967213114754,1,0.0412622950819672,0.04500000000000037
vehicle_009_session_00676,vehicle_009,676,train,126.85021695261446,77.2,362.2,363.0,366.4,370.8,-70.10984540983607,40.90163934426229,1,0.039836065573770514,0.041999999999999815
vehicle_009_session_00677,vehicle_009,677,train,116.85282146990737,4.4,321.9,322.7,325.2,327.5,-70.03442967213115,36.01639344262295,0,0.05498360655737703,0.06300000000000017
vehicle_009_session_00678,vehicle_009,678,train,119.03197024664755,33.2,332.5,333.0,334.2,336.3,-70.04098770491804,38.278688524590166,1,0.029688524590163926,0.03200000000000003
vehicle_009_session_00679,vehicle_009,679,train,122.18443045343139,56.4,345.8,346.8,349.9,353.6,-69.95573327868853,40.98360655737705,1,0.037049180327868844,0.038000000000000256
vehicle_009_session_00680,vehicle_009,680,train,125.24213485360362,50.4,339.4,340.0,343.5,347.7,-70.61312475409837,42.60655737704918,1,0.038409836065573785,0.040999999999999925
vehicle_009_session_00681,vehicle_009,681,train,124.25977972432659,60.0,347.7,348.5,351.6,355.7,-69.87376836065573,38.0,0,0.0378360655737705,0.039000000000000146
vehicle_009_session_00682,vehicle_009,682,train,121.83043439054725,37.6,333.2,333.6,335.2,337.7,-69.97377262295082,38.868852459016395,2,0.031196721311475387,0.03400000000000025
vehicle_009_session_00683,vehicle_009,683,train,119.07532612179489,68.8,354.3,355.5,358.8,362.8,-69.97049344262295,41.85245901639344,1,0.03801639344262291,0.040000000000000036
vehicle_009_session_00684,vehicle_009,684,train,123.56713692129632,48.0,337.7,338.2,341.1,345.3,-69.32623278688526,44.278688524590166,1,0.03713114754098361,0.040000000000000036
vehicle_009_session_00685,vehicle_009,685,train,126.13012414832293,72.4,357.7,358.5,361.6,365.7,-67.85574360655738,45.09836065573771,1,0.03850819672131144,0.040000000000000036
vehicle_009_session_00686,vehicle_009,686,train,122.13677172364675,42.8,334.9,335.5,337.7,341.1,-70.71312606557377,41.459016393442624,1,0.03406557377049177,0.039000000000000146
vehicle_009_session_00687,vehicle_009,687,train,125.82686911487762,74.0,359.6,360.3,363.8,368.0,-70.74755573770491,43.0,0,0.03995081967213117,0.0420000000000007
vehicle_009_session_00688,vehicle_009,688,train,123.40438605769235,43.6,334.7,335.2,337.5,341.3,-70.02459393442622,40.36065573770492,1,0.034295081967213065,0.039000000000000146
vehicle_009_session_00689,vehicle_009,689,train,125.61617108585857,70.0,355.8,356.6,359.9,363.9,-69.98196983606557,42.0,0,0.039098360655737706,0.04100000000000037
vehicle_009_session_00690,vehicle_009,690,train,124.60319223985891,46.8,335.3,336.6,339.9,344.6,-70.64427229508196,40.557377049180324,1,0.03742622950819671,0.04200000000000026
vehicle_009_session_00691,vehicle_009,691,train,118.01607481925419,28.0,330.8,331.1,332.4,334.1,-70.4934419672131,35.67213114754098,1,0.029147540983606588,0.03100000000000014
vehicle_009_session_00692,vehicle_009,692,train,125.16378098794557,76.4,362.5,363.3,366.8,371.0,-70.5393481967213,39.59016393442623,1,0.03960655737704923,0.04100000000000037
vehicle_009_session_00693,vehicle_009,693,train,122.62584567532774,26.8,328.5,329.2,330.6,331.9,-60.02105447368422,36.723684210526315,1,0.028407894736842132,0.03600000000000003
vehicle_009_session_00694,vehicle_009,694,train,119.0282986614332,16.8,325.7,327.1,329.1,330.3,-69.19837147540984,32.09836065573771,1,0.042901639344262305,0.05600000000000005
vehicle_009_session_00695,vehicle_009,695,train,118.7167417052469,44.4,336.8,337.2,339.6,343.6,-69.14919032786887,35.19672131147541,1,0.034573770491803275,0.039000000000000146
vehicle_009_session_00696,vehicle_009,696,train,125.10886651976499,73.2,359.3,360.0,363.3,367.4,-69.20000999999999,37.0,0,0.038901639344262294,0.04099999999999948
vehicle_009_session_00697,vehicle_009,697,train,125.35644892756683,49.2,336.4,338.0,342.1,346.8,-69.77213459016393,33.0,0,0.03921311475409839,0.04300000000000015
vehicle_009_session_00698,vehicle_009,698,train,119.5379482407407,20.0,329.4,329.7,330.5,331.9,-69.3999913114754,34.81967213114754,1,0.030360655737704932,0.03699999999999992
vehicle_009_session_00699,vehicle_009,699,train,119.50458465375587,50.4,341.3,342.2,345.7,349.6,-69.39999196721311,38.622950819672134,1,0.037245901639344284,0.039000000000000146
vehicle_009_session_00700,vehicle_009,700,train,121.92164837271973,45.2,336.1,336.8,339.4,343.5,-70.04426737704918,35.47540983606557,1,0.03572131147540982,0.040000000000000036
vehicle_009_session_00701,vehicle_009,701,train,125.97223060796644,72.0,358.0,358.9,362.2,366.4,-70.0049231147541,37.032786885245905,1,0.03919672131147544,0.04100000000000037
vehicle_009_session_00702,vehicle_009,702,train,125.63659889403287,64.8,350.3,351.0,353.5,356.3,-50.10164918032787,33.0,0,0.03155737704918035,0.03300000000000036
vehicle_009_session_00703,vehicle_009,703,train,119.36146463041432,28.4,330.3,330.5,331.7,333.3,-69.93278672131147,38.36065573770492,1,0.030081967213114784,0.03400000000000025
vehicle_009_session_00704,vehicle_009,704,train,127.14054861111116,62.4,349.3,349.9,352.1,354.9,-50.195091967213116,39.0,0,0.03198360655737708,0.03300000000000036
vehicle_009_session_00705,vehicle_009,705,train,122.17797530241937,52.0,338.5,340.3,344.7,349.1,-70.36229639344262,38.0,0,0.0413770491803279,0.04499999999999993
vehicle_009_session_00706,vehicle_009,706,train,121.73270770202019,40.8,332.7,333.8,336.20000000000005,339.6,-70.114525,33.903225806451616,1,0.03299999999999995,0.037000000000000366
vehicle_009_session_00707,vehicle_009,707,train,124.65696152777775,67.2,354.4,355.2,358.3,362.4,-70.12623918032786,36.0,0,0.03881967213114749,0.040000000000000036
vehicle_009_session_00708,vehicle_009,708,train,125.36658025956281,69.6,355.7,356.6,359.7,363.9,-70.06394081967213,35.0,0,0.03877049180327866,0.040000000000000036
vehicle_009_session_00709,vehicle_009,709,train,116.53185285586126,6.0,322.1,323.2625,325.75,327.8,-60.15845038961038,33.0,0,0.04823376623376619,0.054999999999999716
vehicle_009_session_00710,vehicle_009,710,train,121.49318987758951,52.0,340.3,341.3,345.04,349.3,-70.13771475409837,35.77049180327869,1,0.03962295081967216,0.04300000000000015
vehicle_009_session_00711,vehicle_009,711,train,125.12282896090532,75.6,361.1,361.9,365.2,369.6,-70.1049262295082,37.0,0,0.03926229508196726,0.04100000000000037
vehicle_009_session_00712,vehicle_009,712,train,123.77451960784312,56.8,344.9,345.7,348.9,353.0,-70.06394065573771,39.34426229508197,1,0.03754098360655735,0.040000000000000036
vehicle_009_session_00713,vehicle_009,713,train,122.7443131200397,43.6,333.9,335.0,337.8,342.1,-70.70164950819671,37.59016393442623,1,0.035163934426229504,0.040000000000000036
vehicle_009_session_00714,vehicle_009,714,train,123.16210616438356,60.0,347.5,348.5,351.8,355.7,-69.80001475409837,37.0,0,0.03808196721311478,0.04200000000000026
vehicle_009_session_00715,vehicle_009,715,train,122.82797848462306,70.4,355.5,356.1,358.3,361.3,-49.899989999999995,38.0,0,0.03145901639344261,0.03299999999999992
vehicle_009_session_00716,vehicle_009,716,train,117.94321591979843,70.8,353.0,354.7,357.4,359.7,-37.042622234426226,37.0,0,0.02740983606557378,0.02900000000000036
vehicle_009_session_00717,vehicle_009,717,train,117.60554226059944,29.6,331.9,332.1,333.3,335.0,-69.96393754098361,32.40983606557377,1,0.028672131147540973,0.03100000000000014
vehicle_009_session_00718,vehicle_009,718,train,121.06758364427859,60.4,349.3,350.0,353.2,357.1,-69.94754360655737,36.0,0,0.03677049180327874,0.039000000000000146
vehicle_009_session_00719,vehicle_009,719,train,117.90140076388889,38.0,331.6,332.8,334.9,337.8,-70.2131229508197,34.31147540983606,1,0.031721311475409804,0.0349999999999997
vehicle_009_session_00720,vehicle_009,720,train,121.24015982587068,58.0,346.4,347.2,350.5,354.4,-70.06557803278689,36.01639344262295,1,0.037573770491803264,0.040000000000000036
vehicle_009_session_00721,vehicle_009,721,train,122.83958415725051,68.4,355.7,356.4,359.7,363.8,-70.0918106557377,40.0,0,0.03829508196721314,0.040000000000000036
vehicle_009_session_00722,vehicle_009,722,train,121.56413764105905,54.0,340.7,342.7,347.1,351.1,-70.07541770491804,35.83606557377049,1,0.041131147540983626,0.04600000000000026
vehicle_009_session_00723,vehicle_009,723,train,122.93660667122037,58.0,346.4,347.4,350.7,354.6,-70.10000983606558,35.0,0,0.03840983606557377,0.04300000000000015
vehicle_009_session_00724,vehicle_009,724,train,118.75,44.8,334.9,335.2,336.8,338.9,-45.0,36.19672131147541,1,0.026524590163934395,0.02900000000000036
vehicle_009_session_00725,vehicle_009,725,train,118.03766894531252,34.4,332.4,332.7,334.2,336.4,-70.19181344262294,35.83606557377049,1,0.030475409836065587,0.03299999999999992
vehicle_009_session_00726,vehicle_009,726,train,122.1330232445988,60.0,348.3,349.1,352.4,356.1,-70.1655837704918,38.540983606557376,1,0.03737704918032791,0.039000000000000146
vehicle_009_session_00727,vehicle_009,727,train,121.08784660493826,38.8,332.1,333.2,335.375,338.3,-70.0026684,36.093333333333334,2,0.031973333333333284,0.03500000000000014
vehicle_009_session_00728,vehicle_009,728,train,120.37215767973856,42.0,334.4,334.9,337.1,340.7,-70.12623950819672,35.57377049180328,1,0.03383606557377048,0.038000000000000256
vehicle_009_session_00729,vehicle_009,729,train,126.19342894804532,76.0,361.4,362.2,365.5,369.9,-70.19837065573769,38.0,0,0.039229508196721365,0.04100000000000037
vehicle_009_session_00730,vehicle_009,730,train,117.56196963507628,35.2,331.0,331.9,333.8,336.3,-69.54754786885245,34.704918032786885,1,0.03049180327868852,0.03299999999999992
vehicle_009_session_00731,vehicle_009,731,train,122.07051526826488,55.6,344.1,345.0,348.5,352.4,-69.70000999999999,36.9344262295082,1,0.03788524590163933,0.040000000000000036
vehicle_009_session_00732,vehicle_009,732,train,121.34071416301171,29.2,329.6,330.5,332.15,333.9,-69.85658407894736,36.0,0,0.030434210526315793,0.03500000000000014
vehicle_009_session_00733,vehicle_009,733,train,124.4791915064103,64.8,351.3,351.8,354.1,356.9,-50.10656737704919,34.0,0,0.03142622950819673,0.03299999999999992
vehicle_009_session_00734,vehicle_009,734,train,121.78223605984344,38.0,331.7,333.2,335.4,338.5,-70.075005,30.86842105263158,2,0.031789473684210506,0.03600000000000003
vehicle_009_session_00735,vehicle_009,735,train,119.18636254097655,19.2,326.4,327.6,329.1,330.2,-60.04474065789473,32.0,0,0.03811842105263157,0.052000000000000046
vehicle_009_session_00736,vehicle_009,736,train,117.91791414517195,39.6,334.4,334.7,336.6,339.4,-69.934428852459,37.67213114754098,1,0.032868852459016364,0.03600000000000003
vehicle_009_session_00737,vehicle_009,737,train,122.80802249124123,49.6,335.2,336.9,339.6,342.8,-44.90527289473685,34.76315789473684,1,0.031052631578947373,0.03500000000000014
vehicle_009_session_00738,vehicle_009,738,train,124.35862987294824,61.2,348.5,349.3,352.5,356.4,-69.34590786885245,37.0,0,0.03772131147540985,0.040000000000000036
vehicle_009_session_00739,vehicle_009,739,train,116.75126308760683,26.4,330.5,330.8,331.9,333.6,-70.1360755737705,33.21311475409836,1,0.02942622950819677,0.03299999999999992
vehicle_009_session_00740,vehicle_009,740,train,121.4911166862285,58.0,346.9,347.8,351.0,354.9,-70.16394442622949,36.85245901639344,1,0.03780327868852456,0.039000000000000146
vehicle_009_session_00741,vehicle_009,741,train,115.90734858834246,28.0,329.2,330.3,331.9,333.8,-70.70492852459016,30.34426229508197,1,0.030573770491803317,0.037000000000000366
vehicle_009_session_00742,vehicle_009,742,train,120.24100585613597,52.4,341.9,342.7,346.3,350.5,-70.70492852459016,33.34426229508197,1,0.03832786885245901,0.040999999999999925
vehicle_009_session_00743,vehicle_009,743,train,119.06292510548525,39.2,334.1,334.6,336.3,339.3,-70.9081875409836,35.98360655737705,2,0.03286885245901637,0.03600000000000003
vehicle_009_session_00744,vehicle_009,744,train,124.25200900423731,71.2,357.1,357.8,361.1,365.3,-70.97212836065573,38.83606557377049,1,0.03934426229508194,0.04100000000000037
vehicle_009_session_00745,vehicle_009,745,train,117.89469809027777,35.6,331.0,332.1,334.1,336.6,-70.20165147540983,34.57377049180328,1,0.03152459016393445,0.03500000000000014
vehicle_009_session_00746,vehicle_009,746,train,122.99993112633189,59.6,348.0,348.8,352.1,356.0,-70.30001213114754,36.91803278688525,1,0.03819672131147542,0.040000000000000036
vehicle_009_session_00747,vehicle_009,747,train,120.07595236545139,38.0,333.2,333.5,335.2,338.0,-70.47212836065573,36.52459016393443,1,0.03204918032786881,0.0349999999999997
vehicle_009_session_00748,vehicle_009,748,train,124.70685650045532,64.0,351.1,351.9,355.0,358.9,-70.49016295081968,38.950819672131146,1,0.03816393442622952,0.040000000000000036
vehicle_009_session_00749,vehicle_009,749,train,122.38266118935842,48.4,336.8,338.0,341.8,346.6,-70.27870639344262,37.26229508196721,1,0.04011475409836068,0.04400000000000004
vehicle_009_session_00750,vehicle_009,750,train,125.5146199305556,77.2,362.5,363.5,366.9,371.3,-70.31640852459016,39.0,0,0.03990163934426233,0.04100000000000037
vehicle_009_session_00751,vehicle_009,751,train,118.17472705610022,28.8,329.1,329.4,330.3,331.4,-45.20656803278689,30.0,0,0.022524590163934436,0.026000000000000245
vehicle_009_session_00752,vehicle_009,752,train,115.48367733134926,37.2,333.3,333.6,334.7,336.4,-49.80002000000002,34.0,0,0.02475409836065575,0.02699999999999969
vehicle_009_session_00753,vehicle_009,753,train,123.59460798041893,65.6,352.5,353.3,356.4,360.5,-70.06229967213116,31.508196721311474,1,0.038229508196721315,0.040000000000000036
vehicle_009_session_00754,vehicle_009,754,train,118.39297444968557,25.2,328.9,329.2,330.0,331.1,-50.19345262295082,30.459016393442624,1,0.024245901639344265,0.028999999999999915
vehicle_009_session_00755,vehicle_009,755,train,117.8029449233717,46.4,336.9,337.2,339.1,341.9,-50.200010000000006,32.9344262295082,1,0.029934426229508183,0.03400000000000025
vehicle_009_session_00756,vehicle_009,756,train,122.5297867063492,69.6,355.3,356.0,358.2,361.1,-50.19673131147542,34.0,0,0.03201639344262293,0.03399999999999981
vehicle_009_session_00757,vehicle_009,757,train,120.85547105034723,48.8,339.1,339.9,343.3,347.7,-69.99344524590164,31.42622950819672,1,0.03891803278688524,0.04100000000000037
vehicle_009_session_00758,vehicle_009,758,train,126.00697379454931,76.4,361.4,362.4,365.8,370.2,-70.26559032786885,34.0,0,0.03977049180327878,0.041999999999999815
vehicle_009_session_00759,vehicle_009,759,train,119.52395815048763,22.4,327.7,329.2,330.75,332.2,-69.88800106666667,29.413333333333334,1,0.033360000000000035,0.04400000000000004
vehicle_009_session_00760,vehicle_009,760,train,122.55037827660404,52.0,340.7,341.4,345.3,349.4,-69.99508540983608,34.14754098360656,1,0.039934426229508165,0.04200000000000026
vehicle_009_session_00761,vehicle_009,761,train,123.2689536850358,65.6,351.1,352.7,356.1,360.2,-70.18853590163934,35.950819672131146,1,0.03819672131147542,0.040000000000000036
vehicle_009_session_00762,vehicle_009,762,train,124.55102384259261,58.0,342.5,344.4,347.1,349.7,-44.923694342105264,34.0,0,0.035078947368421064,0.04100000000000037
vehicle_009_session_00763,vehicle_009,763,train,121.18238992446392,47.6,336.0,337.5,341.1,346.0,-70.06557885245903,34.622950819672134,1,0.03947540983606559,0.04400000000000004
vehicle_009_session_00764,vehicle_009,764,train,123.30819504310351,70.4,357.2,357.8,361.1,365.5,-70.02951147540985,36.0,0,0.03916393442622947,0.04100000000000037
vehicle_009_session_00765,vehicle_009,765,train,123.4359893038618,48.4,334.2,336.9,340.075,344.1,-58.62800626666666,34.13333333333333,1,0.03589333333333333,0.04100000000000037
vehicle_009_session_00766,vehicle_009,766,train,122.38618738615673,53.2,339.3,341.4,346.0,350.3,-69.82296459016393,33.90163934426229,1,0.04224590163934423,0.04600000000000026
vehicle_009_session_00767,vehicle_009,767,train,122.71322633020341,56.0,342.4,344.5125,348.5375,352.5,-69.93200106666669,33.89333333333333,1,0.04201333333333331,0.04800000000000004
vehicle_009_session_00768,vehicle_009,768,train,119.10753349292617,23.2,327.8,328.70000000000005,329.95,331.3,-60.00394789473683,30.092105263157894,1,0.03132894736842107,0.04300000000000015
vehicle_009_session_00769,vehicle_009,769,train,117.71252300925927,36.8,333.5,333.9,335.3,338.0,-70.22624213114754,34.32786885245902,1,0.03193442622950819,0.03500000000000014
vehicle_009_session_00770,vehicle_009,770,train,115.51816239316238,8.0,323.6,324.1,325.5,327.1,-50.0,33.0,0,0.048836065573770446,0.052999999999999936
vehicle_009_session_00771,vehicle_009,771,train,118.31275720164611,28.8,330.5,330.8,331.4,332.5,-50.0,34.39344262295082,1,0.022409836065573778,0.02400000000000002
vehicle_009_session_00772,vehicle_009,772,train,118.31275720164605,50.8,339.9,340.3,342.8,345.8,-50.0,37.0,0,0.03245901639344265,0.03500000000000014
vehicle_009_session_00773,vehicle_009,773,train,124.33176100628938,72.4,357.7,358.2,360.3,363.5,-50.0,38.0,0,0.032377049180327896,0.034000000000000696
vehicle_009_session_00774,vehicle_009,774,train,115.50974777777783,16.4,327.1,327.2,328.2,328.9,-45.200010000000006,30.0327868852459,1,0.033950819672131136,0.04400000000000004
vehicle_009_session_00775,vehicle_009,775,train,120.04873030181626,50.0,338.9,339.4,341.9,345.3,-49.91146655737705,31.147540983606557,1,0.03406557377049184,0.03699999999999992
vehicle_009_session_00776,vehicle_009,776,train,124.30304797979798,69.2,354.4,356.1,359.9,364.4,-73.60820590163932,30.0,0,0.03986885245901637,0.041999999999999815
vehicle_009_session_00777,vehicle_009,777,train,123.83499087893863,58.4,347.4,348.3,351.4,355.3,-69.85246327868852,31.0,0,0.03821311475409834,0.040999999999999925
vehicle_009_session_00778,vehicle_009,778,train,119.04317222222222,46.0,337.7,338.3,341.3,345.8,-70.19509229508196,29.311475409836067,1,0.03780327868852464,0.04200000000000026
vehicle_009_session_00779,vehicle_009,779,train,124.01711104433763,74.0,360.7,361.4,364.9,369.3,-70.16066459016392,31.39344262295082,1,0.03952459016393443,0.041999999999999815
vehicle_009_session_00780,vehicle_009,780,train,122.74305299707599,54.0,342.7,343.8,347.7,351.8,-69.99016295081968,28.59016393442623,1,0.04159016393442621,0.04599999999999982
vehicle_009_session_00781,vehicle_009,781,train,122.63264792658734,41.6,333.0,334.2,336.9,340.5,-69.95658210526317,31.894736842105264,1,0.0344210526315789,0.038000000000000256
vehicle_009_session_00782,vehicle_009,782,train,121.35614544240481,40.0,332.2,333.3,335.4,338.0,-60.08533879999999,30.413333333333334,1,0.030066666666666634,0.03299999999999992
vehicle_009_session_00783,vehicle_009,783,train,119.6971773539886,19.6,325.3,327.1,328.3,329.1,-45.32134346666667,30.906666666666666,1,0.03633333333333336,0.04800000000000004
vehicle_009_session_00784,vehicle_009,784,train,117.7206536568214,21.6,330.0,330.3,331.3,332.7,-70.13771426229508,29.868852459016395,1,0.029114754098360687,0.03300000000000036
vehicle_009_session_00785,vehicle_009,785,train,120.23096664562293,53.6,343.8,344.7,348.0,351.9,-70.11312213114755,33.868852459016395,1,0.03770491803278686,0.040000000000000036
vehicle_009_session_00786,vehicle_009,786,train,122.79291647104851,58.8,344.9,346.9,350.5,354.6,-69.65646112903225,31.93548387096774,1,0.040967741935483845,0.04800000000000004
vehicle_009_session_00787,vehicle_009,787,train,116.31035023907104,32.4,331.6,331.9,333.2,334.9,-60.5016455737705,29.81967213114754,1,0.027016393442622997,0.02900000000000036
vehicle_009_session_00788,vehicle_009,788,train,121.3449202546296,57.2,345.8,346.6,349.1,352.4,-57.72131819672132,32.0,0,0.034540983606557336,0.038000000000000256
vehicle_009_session_00789,vehicle_009,789,train,120.11828309461808,49.2,339.1,339.7,343.2,347.5,-70.07377770491803,32.31147540983606,1,0.03924590163934426,0.04100000000000037
vehicle_009_session_00790,vehicle_009,790,train,124.46334064327486,74.8,360.7,361.6,364.7,369.3,-70.06885852459017,34.0,0,0.04019672131147546,0.041999999999999815
vehicle_009_session_00791,vehicle_009,791,train,123.87570880245273,60.0,346.8,348.85,352.45,356.4,-70.0039492105263,30.842105263157894,1,0.03957894736842105,0.04599999999999982
vehicle_009_session_00792,vehicle_009,792,train,117.56273937416331,42.4,336.1,336.6,338.9,342.8,-69.91638770491802,29.327868852459016,1,0.03537704918032785,0.039000000000000146
vehicle_009_session_00793,vehicle_009,793,train,123.48422743055548,75.6,359.4,360.0,362.4,365.5,-49.94753573770492,36.0,0,0.03280327868852459,0.034999999999999254
vehicle_009_session_00794,vehicle_009,794,train,124.01240124198715,55.6,343.2,343.8,346.4,349.3,-49.916385081967206,39.868852459016395,1,0.03555737704918033,0.039000000000000146
vehicle_009_session_00795,vehicle_009,795,train,121.78447440087143,54.8,342.2,342.8,345.5,348.5,-49.68853459016393,35.0,0,0.034721311475409834,0.03600000000000003
vehicle_009_session_00796,vehicle_009,796,train,114.73142072851154,38.8,332.5,332.7,333.6,335.2,-42.09509147540984,35.721311475409834,1,0.022885245901639373,0.025000000000000355
vehicle_009_session_00797,vehicle_009,797,train,118.44062059494195,28.4,330.7,330.8,332.1,333.8,-70.14263131147541,32.80327868852459,1,0.03016393442622952,0.03399999999999981
vehicle_009_session_00798,vehicle_009,798,train,121.33021283255087,55.6,344.3,345.2,348.5,352.4,-70.07213573770491,36.09836065573771,1,0.03821311475409834,0.040000000000000036
vehicle_009_session_00799,vehicle_009,799,train,123.16103681576796,63.2,349.4,350.0,351.8,353.9,-39.888518032786884,36.0,0,0.028721311475409878,0.03000000000000025
vehicle_009_session_00800,vehicle_009,800,train,120.36210258838382,39.6,332.1,333.6,336.0,339.3,-69.88524557377049,28.327868852459016,1,0.0330327868852459,0.03600000000000003
vehicle_009_session_00801,vehicle_009,801,train,123.84794910862357,70.4,357.4,358.2,361.4,365.5,-69.88851868852458,31.0,0,0.03929508196721305,0.04100000000000037
vehicle_009_session_00802,vehicle_009,802,train,121.71442168898805,72.0,358.6,359.4,362.8,367.1,-70.06230131147542,29.885245901639344,1,0.039262295081967206,0.04100000000000037
vehicle_009_session_00803,vehicle_009,803,train,118.78270601851854,22.4,328.2,328.5,329.1,330.0,-45.19673131147542,27.0,0,0.028327868852459012,0.040000000000000036
vehicle_009_session_00804,vehicle_009,804,train,116.58093382352948,51.2,340.5,341.0,343.3,346.1,-45.30002000000002,33.24590163934426,1,0.031573770491803314,0.03400000000000025
vehicle_009_session_00805,vehicle_009,805,train,122.29698288001545,59.2,347.8,348.6,351.9,356.0,-70.14591032786885,32.65573770491803,1,0.03881967213114755,0.04100000000000037
vehicle_009_session_00806,vehicle_009,806,train,117.73102256944442,14.0,322.2,323.9,326.0,327.4,-37.62950134426229,31.0,0,0.04362295081967208,0.04700000000000015
vehicle_009_session_00807,vehicle_009,807,train,120.96437578616354,61.6,347.7,348.3,350.3,353.2,-47.878694426229515,33.0,0,0.031114754098360644,0.03300000000000036
vehicle_009_session_00808,vehicle_009,808,train,119.9672482966457,36.0,331.1,332.2,334.2,336.8,-70.91147836065575,34.14754098360656,2,0.032065573770491775,0.03599999999999959
vehicle_009_session_00809,vehicle_009,809,train,122.69725284529318,57.6,346.0,346.9,350.3,354.3,-71.04426672131147,36.557377049180324,1,0.039081967213114716,0.041999999999999815
vehicle_009_session_00810,vehicle_009,810,train,123.23849554311776,63.2,349.3,351.0,354.4,358.6,-70.28525081967213,31.983606557377048,1,0.038868852459016404,0.041999999999999815
vehicle_009_session_00811,vehicle_009,811,train,117.57539286366959,30.4,331.0,331.3,332.7,334.7,-69.54262721311476,29.24590163934426,1,0.029688524590163957,0.03100000000000014
vehicle_009_session_00812,vehicle_009,812,train,121.55491824001733,60.8,349.4,350.2,353.3,357.2,-69.56066180327869,33.0,0,0.038295081967213124,0.040000000000000036
vehicle_009_session_00813,vehicle_009,813,train,121.6589987664474,36.8,330.8,332.1,333.85,336.1,-60.1263244736842,29.36842105263158,1,0.028565789473684242,0.03200000000000003
vehicle_009_session_00814,vehicle_009,814,train,115.54688281250003,29.6,331.9,332.1,333.3,335.2,-70.06066065573769,31.229508196721312,2,0.02962295081967215,0.03299999999999992
vehicle_009_session_00815,vehicle_009,815,train,118.95599319632132,58.4,348.0,348.8,351.9,355.8,-70.04426573770492,34.67213114754098,1,0.03804918032786885,0.040000000000000036
vehicle_009_session_00816,vehicle_009,816,train,125.44960249042144,67.6,352.5,354.3,357.8,362.1,-70.08525163934426,30.901639344262296,1,0.03875409836065575,0.040999999999999925
vehicle_009_session_00817,vehicle_009,817,train,123.4631546474359,63.2,351.0,351.8,354.9,358.9,-70.15246524590164,31.983606557377048,1,0.03844262295081971,0.040000000000000036
vehicle_009_session_00818,vehicle_009,818,train,123.18978612147599,62.0,350.3,351.1,354.3,358.2,-70.00327983606557,31.459016393442624,1,0.03872131147540988,0.040000000000000036
vehicle_009_session_00819,vehicle_009,819,train,123.64529947916665,61.6,348.5,348.9,351.4,354.3,-50.40654803278689,31.0,0,0.03232786885245902,0.03500000000000014
vehicle_009_session_00820,vehicle_009,820,train,123.4375,54.0,341.1,341.8,344.3,347.2,-45.0,34.0,0,0.03580327868852463,0.038000000000000256
vehicle_009_session_00821,vehicle_009,821,train,111.93803922325101,42.8,336.0,336.3,337.7,339.9,-45.100010000000005,33.0,0,0.027245901639344195,0.03000000000000025
vehicle_009_session_00822,vehicle_009,822,train,118.4441698835785,33.6,330.5,331.4,333.3,335.5,-70.2770668852459,30.852459016393443,2,0.031196721311475446,0.03300000000000036
vehicle_009_session_00823,vehicle_009,823,train,123.61498675411524,51.6,338.3,340.2,344.7,349.3,-70.13771491803278,32.442622950819676,1,0.042934426229508174,0.04700000000000015
vehicle_009_session_00824,vehicle_009,824,train,124.76173175381258,73.6,359.7,360.7,363.9,368.3,-70.20000999999999,33.18032786885246,1,0.0405737704918033,0.0420000000000007
vehicle_009_session_00825,vehicle_009,825,train,116.51723704117062,24.8,326.7,328.0,329.1,330.2,-44.854098524590164,28.0,0,0.02736065573770494,0.03600000000000003
vehicle_009_session_00826,vehicle_009,826,train,114.98842592592592,32.8,331.9,332.1,333.0,334.2,-45.0,29.262295081967213,1,0.022344262295081983,0.02400000000000002
vehicle_009_session_00827,vehicle_009,827,train,114.00462962962962,54.4,344.4,345.0,347.2,349.9,-45.0,32.0,0,0.030999999999999972,0.03300000000000036
vehicle_009_session_00828,vehicle_009,828,train,116.84973358134924,19.6,328.9,329.4,330.7,332.1,-69.28526442622952,27.278688524590162,1,0.033983606557377095,0.04800000000000004
vehicle_009_session_00829,vehicle_009,829,train,113.83463385172145,47.6,340.5,341.3,344.9,348.9,-69.24919524590165,30.83606557377049,1,0.03832786885245903,0.04100000000000037
vehicle_009_session_00830,vehicle_009,830,train,118.87776768867923,76.0,363.3,364.1,367.4,371.8,-69.27542737704918,33.0,0,0.04008196721311473,0.041999999999999815
vehicle_009_session_00831,vehicle_009,831,train,120.00821016414143,41.6,333.0,334.2,336.9,340.5,-69.91147639344261,31.442622950819672,1,0.0351639344262295,0.039000000000000146
vehicle_009_session_00832,vehicle_009,832,train,122.61626667718858,63.6,351.6,352.4,355.7,359.7,-69.87540983606559,33.0,0,0.039114754098360655,0.040000000000000036
vehicle_009_session_00833,vehicle_009,833,train,117.35429713114756,38.0,333.8,334.2,336.0,338.8,-70.6049280327869,31.442622950819672,1,0.03309836065573767,0.03600000000000003
vehicle_009_session_00834,vehicle_009,834,train,121.0534287683824,62.4,350.7,351.4,354.6,358.5,-70.61476409836065,34.0,0,0.03873770491803279,0.040000000000000036
vehicle_009_session_00835,vehicle_009,835,train,123.84350491192413,64.8,351.0,352.65,356.1,360.2,-70.0986732,28.48,1,0.039106666666666706,0.040999999999999925
vehicle_009_session_00836,vehicle_009,836,train,122.01691239184888,67.2,352.8,355.04999999999995,358.70000000000005,362.7,-70.03200360000001,26.88,1,0.038466666666666656,0.04000000000000048
vehicle_009_session_00837,vehicle_009,837,train,124.07929418103456,63.6,351.8,352.5,355.7,359.7,-70.2623113114754,29.0,0,0.03914754098360655,0.040999999999999925
vehicle_009_session_00838,vehicle_009,838,train,118.48665926362682,28.8,329.2,330.7,332.4,334.2,-71.09673049180329,28.16393442622951,2,0.030688524590163954,0.03600000000000003
vehicle_009_session_00839,vehicle_009,839,train,121.48799305555553,67.2,354.9,355.8,358.9,363.2,-71.39835114754098,32.967213114754095,1,0.039524590163934434,0.04100000000000037
vehicle_009_session_00840,vehicle_009,840,train,117.94615841194967,47.2,336.9,337.2,338.8,341.4,-44.93935131147541,32.22950819672131,1,0.029377049180327866,0.03300000000000036
vehicle_009_session_00841,vehicle_009,841,train,117.28892318497475,9.6,323.5,325.1,327.7375,329.6,-69.9146672,32.08,1,0.050493333333333314,0.058000000000000274
vehicle_009_session_00842,vehicle_009,842,train,115.84889578150913,18.8,327.7,328.8,330.2,331.6,-70.30820540983608,31.901639344262296,2,0.03968852459016395,0.058000000000000274
vehicle_009_session_00843,vehicle_009,843,train,116.91834926549146,45.6,338.3,338.8,341.8,346.1,-70.28197508196722,35.26229508196721,1,0.038655737704918085,0.04200000000000026
vehicle_009_session_00844,vehicle_009,844,train,124.02589345509894,60.8,348.8,349.6,352.8,356.9,-69.8016575409836,32.42622950819672,1,0.039442622950819684,0.04400000000000004
vehicle_009_session_00845,vehicle_009,845,train,118.80949999999997,45.6,335.7,336.0,337.8,340.5,-49.899989999999995,33.78688524590164,1,0.030557377049180275,0.03400000000000025
vehicle_009_session_00846,vehicle_009,846,train,117.88385026636227,32.0,331.4,331.7,333.2,335.2,-70.03934672131149,33.49180327868852,1,0.030639344262295136,0.03400000000000025
vehicle_009_session_00847,vehicle_009,847,train,121.89704971340393,61.6,349.4,350.2,353.3,357.2,-69.99672245901638,36.50819672131148,1,0.039049180327868874,0.04100000000000037
vehicle_009_session_00848,vehicle_009,848,train,116.21529485735738,22.8,330.2,330.5,331.4,332.8,-69.1918136065574,28.704918032786885,1,0.030245901639344243,0.03600000000000003
vehicle_009_session_00849,vehicle_009,849,train,117.00382560483872,52.8,343.5,344.4,347.7,351.8,-69.1688624590164,32.49180327868852,1,0.038950819672131126,0.04100000000000037
vehicle_009_session_00850,vehicle_009,850,train,123.63825797526044,63.6,349.4,351.1,354.7,358.6,-69.68197721311475,32.80327868852459,1,0.0394754098360656,0.04200000000000026
vehicle_009_session_00851,vehicle_009,851,train,121.2722320833334,45.6,333.8,336.4,339.88,344.6,-69.62295704918031,25.60655737704918,1,0.03767213114754101,0.04400000000000004
vehicle_009_session_00852,vehicle_009,852,train,122.35903618055556,77.6,363.9,364.7,368.3,371.1,-68.12295426229508,28.0,0,0.0403770491803279,0.04299999999999926
vehicle_009_session_00853,vehicle_009,853,train,121.22058180320147,48.8,338.6,339.4,342.8,347.5,-70.06721704918033,29.34426229508197,1,0.04073770491803284,0.04300000000000015
vehicle_009_session_00854,vehicle_009,854,train,110.90686274509805,47.6,339.1,339.6,341.8,344.7,-45.0,30.983606557377048,1,0.032622950819672175,0.03500000000000014
vehicle_009_session_00855,vehicle_009,855,train,116.93471625169376,22.4,329.2,329.6,330.8,332.2,-70.11312295081967,29.59016393442623,1,0.03436065573770496,0.04899999999999993
vehicle_009_session_00856,vehicle_009,856,train,122.49477057127882,75.2,361.3,362.1,365.5,369.7,-70.05574213114754,35.0,0,0.04070491803278697,0.04300000000000015
vehicle_009_session_00857,vehicle_009,857,train,118.92671481135989,40.0,334.2,334.7,336.6,339.7,-69.98524442622951,33.22950819672131,1,0.03403278688524588,0.038000000000000256
vehicle_009_session_00858,vehicle_009,858,train,122.20298589743591,66.8,353.9,354.7,357.8,361.9,-69.95245491803277,35.36065573770492,1,0.03934426229508195,0.04100000000000037
vehicle_009_session_00859,vehicle_009,859,train,117.89323029513889,22.4,330.0,330.3,331.3,332.7,-70.01147655737705,32.31147540983606,1,0.030114754098360702,0.03500000000000014
vehicle_009_session_00860,vehicle_009,860,train,118.98848876096491,54.8,344.7,345.7,348.9,352.8,-70.01475557377049,36.0,0,0.039147540983606524,0.041999999999999815
vehicle_009_session_00861,vehicle_009,861,train,120.67984173850574,32.0,330.5,331.4,333.2,335.3,-70.00526539473682,27.289473684210527,2,0.030855263157894768,0.03400000000000025
vehicle_009_session_00862,vehicle_009,862,train,119.59053599537039,31.6,330.2,331.5,333.4,335.5,-70.04605605263157,24.986842105263158,2,0.030789473684210544,0.03300000000000036
vehicle_009_session_00863,vehicle_009,863,train,122.95108125000003,63.6,351.9,352.71,355.82,359.9,-70.32624163934427,26.442622950819672,1,0.03916393442622955,0.040999999999999925
vehicle_009_session_00864,vehicle_009,864,train,116.55159141454097,8.400001,323.0,324.6,327.4,329.4,-70.17541918032786,26.81967213114754,1,0.05216393442622947,0.06199999999999983
vehicle_009_session_00865,vehicle_009,865,train,117.24003997624267,36.8,334.4,334.9,336.6,339.3,-70.49508147540983,29.40983606557377,1,0.03309836065573765,0.03699999999999992
vehicle_009_session_00866,vehicle_009,866,train,119.50507567239858,67.6,355.7,356.4,359.7,363.8,-70.49672098360655,32.0,0,0.040000000000000015,0.0420000000000007
vehicle_009_session_00867,vehicle_009,867,train,114.02951449652778,30.0,332.7,333.0,334.4,336.4,-69.47868639344263,24.60655737704918,1,0.03049180327868853,0.03299999999999992
vehicle_009_session_00868,vehicle_009,868,train,117.42361805555555,62.4,352.5,353.3,356.4,360.5,-69.5065580327869,28.37704918032787,1,0.03896721311475407,0.040000000000000036
vehicle_009_session_00869,vehicle_009,869,train,114.19067285353536,10.0,324.2,325.8,328.5,330.2,-70.10656737704917,22.688524590163933,1,0.049016393442622916,0.05899999999999972
vehicle_009_session_00870,vehicle_009,870,train,114.35502472643098,32.0,333.2,333.5,334.9,337.1,-70.12296081967213,25.0,2,0.030868852459016372,0.03399999999999981
vehicle_009_session_00871,vehicle_009,871,train,117.88140120967739,58.4,348.9,349.7,352.8,356.8,-70.15574770491803,28.0,0,0.03837704918032789,0.040000000000000036
vehicle_009_session_00872,vehicle_009,872,train,117.17695827132934,29.2,329.9,331.1,332.8,334.9,-69.98524442622951,24.131147540983605,2,0.030262295081967237,0.03400000000000025
vehicle_009_session_00873,vehicle_009,873,train,118.68464215686278,51.6,342.5,343.5,347.1,351.0,-69.98524442622951,27.19672131147541,1,0.03906557377049178,0.04100000000000037
vehicle_009_session_00874,vehicle_009,874,train,121.5518928433642,45.2,337.2,337.8,340.5,344.9,-70.02459262295082,23.852459016393443,2,0.03400000000000002,0.037000000000000366
vehicle_009_session_00875,vehicle_009,875,train,116.77996711309522,22.8,330.7,330.8,331.9,333.3,-69.94425672131148,23.459016393442624,1,0.02747540983606557,0.03100000000000014
vehicle_009_session_00876,vehicle_009,876,train,123.4094559962607,60.8,346.9,348.9,352.7,356.6,-70.03606868852458,25.934426229508198,1,0.03718032786885247,0.04400000000000004
vehicle_009_session_00877,vehicle_009,877,train,122.70626291666667,77.6,361.4,363.5,367.5,372.4,-70.09508885245903,25.81967213114754,1,0.035622950819672074,0.03699999999999992
vehicle_009_session_00878,vehicle_009,878,train,120.13889603758173,44.4,336.8,337.2,339.9,343.9,-70.03770868852459,25.16393442622951,2,0.03308196721311474,0.03699999999999992
vehicle_009_session_00879,vehicle_009,879,train,119.97139583333329,14.4,325.8,327.4,329.4,330.7,-69.90819147540982,25.672131147540984,1,0.0433934426229508,0.05699999999999994
vehicle_009_session_00880,vehicle_009,880,train,115.55817829335017,35.2,334.1,334.4,336.0,338.6,-69.95081475409835,28.262295081967213,1,0.030180327868852427,0.03200000000000003
vehicle_009_session_00881,vehicle_009,881,train,120.3262799734477,62.0,351.6,352.4,355.7,359.6,-69.96557032786885,31.0,0,0.034770491803278694,0.03600000000000003
vehicle_009_session_00882,vehicle_009,882,train,121.88394846230162,61.2,349.9,350.8,353.9,357.8,-69.64263295081966,29.540983606557376,1,0.035016393442622994,0.03600000000000003
vehicle_009_session_00883,vehicle_009,883,train,117.71680216802167,40.4,335.2,335.7,337.7,341.1,-69.5,28.229508196721312,2,0.03188524590163928,0.03500000000000014
vehicle_009_session_00884,vehicle_009,884,train,122.54107049663303,60.8,349.6,350.3,353.5,357.4,-69.29510147540985,28.0,0,0.03495081967213115,0.03699999999999992
vehicle_009_session_00885,vehicle_009,885,train,116.5597771381579,33.6,332.7,333.0,334.4,336.8,-69.70492901639345,25.442622950819672,1,0.029049180327868834,0.03100000000000014
vehicle_009_session_00886,vehicle_009,886,train,121.20648266559833,64.0,352.4,353.3,356.3,360.2,-69.69837065573769,28.983606557377048,1,0.03503278688524588,0.03600000000000003
vehicle_009_session_00887,vehicle_009,887,train,118.5197105800654,33.2,330.8,331.7,333.6,335.8,-69.80000524590164,25.9672131147541,2,0.02878688524590165,0.03100000000000014
vehicle_009_session_00888,vehicle_009,888,train,122.36796547339594,60.4,349.1,349.9,353.2,357.1,-70.02459262295082,29.0,0,0.03450819672131149,0.03600000000000003
vehicle_009_session_00889,vehicle_009,889,train,120.07062816193856,22.4,326.7,327.6,328.8,329.9,-45.00263184210527,19.960526315789473,1,0.029105263157894738,0.039000000000000146
vehicle_009_session_00890,vehicle_009,890,train,116.92988580246917,15.6,328.6,329.1,330.2,331.4,-70.31476393442625,21.0,0,0.038049180327868845,0.051000000000000156
vehicle_009_session_00891,vehicle_009,891,train,118.7608977508292,48.0,340.0,340.8,343.9,348.2,-70.29837016393442,24.80327868852459,1,0.03454098360655739,0.03699999999999992
vehicle_009_session_00892,vehicle_009,892,train,123.71256944444451,75.2,362.1,362.8,366.4,369.9,-68.03443196721312,26.918032786885245,1,0.036426229508196725,0.0389999999999997
vehicle_009_session_00893,vehicle_009,893,train,118.6883433354063,45.6,337.4,338.0,340.8,345.2,-70.25738754098361,23.42622950819672,1,0.034540983606557364,0.038000000000000256
vehicle_009_session_00894,vehicle_009,894,train,123.94067215909091,72.4,359.3,360.2,363.5,367.8,-70.25082786885247,25.81967213114754,1,0.03622950819672135,0.03799999999999937
vehicle_009_session_00895,vehicle_009,895,train,120.38972548714762,40.8,333.0,334.4,337.1,340.7,-69.9934468852459,21.049180327868854,2,0.03163934426229506,0.03500000000000014
vehicle_009_session_00896,vehicle_009,896,train,123.07684397401437,68.0,355.8,356.6,359.9,364.1,-69.93934836065574,23.852459016393443,1,0.03549180327868849,0.03699999999999992
vehicle_009_session_00897,vehicle_009,897,train,115.55553914141416,6.0,321.7,323.8,326.7,328.9,-70.39998999999999,22.901639344262296,1,0.05703278688524587,0.06800000000000006
vehicle_009_session_00898,vehicle_009,898,train,117.07692059576021,36.8,334.6,334.9,336.6,339.3,-70.39998999999999,25.639344262295083,1,0.030557377049180302,0.03400000000000025
vehicle_009_session_00899,vehicle_009,899,train,121.87214110883428,67.2,355.5,356.3,359.4,363.6,-70.40490852459017,28.491803278688526,1,0.0357540983606557,0.03799999999999937
vehicle_009_session_00900,vehicle_009,900,train,116.83384097222222,22.0,328.0,329.4,330.8,332.4,-70.10820475409835,23.704918032786885,1,0.03401639344262295,0.04700000000000015
vehicle_009_session_00901,vehicle_009,901,train,120.72827520743145,50.4,341.1,341.8,345.2,349.4,-70.06721819672133,26.770491803278688,1,0.036311475409836085,0.038000000000000256
vehicle_009_session_00902,vehicle_009,902,train,123.3685238715278,57.6,344.7,347.0,351.05,355.2,-70.18290381578947,21.13157894736842,2,0.039460526315789494,0.04600000000000026
vehicle_009_session_00903,vehicle_009,903,train,123.19734265046297,54.8,344.6,345.5,349.3,353.3,-70.03279,22.852459016393443,1,0.03896721311475408,0.04300000000000015
vehicle_009_session_00904,vehicle_009,904,train,116.38089556623929,40.4,333.9,334.2,335.7,337.7,-50.086893934426236,20.262295081967213,1,0.024803278688524583,0.027000000000000135
vehicle_009_session_00905,vehicle_009,905,train,122.11603703703709,61.6,349.3,349.9,352.1,354.9,-50.100009508196734,22.0,0,0.028918032786885265,0.03000000000000025
vehicle_009_session_00906,vehicle_009,906,train,118.92628899572645,16.4,326.0,327.1,328.6,329.7,-50.0459062295082,17.934426229508198,1,0.03708196721311474,0.04899999999999993
vehicle_009_session_00907,vehicle_009,907,train,113.53919370039684,37.6,333.9,334.2,335.5,337.4,-50.03115065573771,20.37704918032787,1,0.024016393442622918,0.026000000000000245
vehicle_009_session_00908,vehicle_009,908,train,122.9743793525039,56.8,346.8,347.5,351.0,354.9,-70.01967409836067,24.0,0,0.03701639344262295,0.040999999999999925
vehicle_009_session_00909,vehicle_009,909,train,122.90130635245906,61.6,348.8,350.7,354.3,358.5,-69.50163950819672,23.0,0,0.03683606557377049,0.041999999999999815
vehicle_009_session_00910,vehicle_009,910,train,115.29382892628207,46.0,337.1,337.5,339.3,341.9,-45.200010000000006,25.0,0,0.026229508196721298,0.03000000000000025
vehicle_009_session_00911,vehicle_009,911,train,117.8722376851852,24.0,328.9,330.0,331.4,333.2,-71.10984491803278,21.19672131147541,2,0.03200000000000002,0.04400000000000004
vehicle_009_session_00912,vehicle_009,912,train,118.22360292658726,54.0,344.7,345.7,348.9,353.0,-71.127878852459,25.049180327868854,1,0.035983606557377076,0.038000000000000256
vehicle_009_session_00913,vehicle_009,913,train,123.26529638888891,76.4,363.3,364.3,367.7,371.1,-67.44919213114756,26.688524590163933,1,0.036508196721311434,0.03900000000000059
vehicle_009_session_00914,vehicle_009,914,train,121.82291097680819,54.4,344.6,345.5,349.1,353.2,-70.71968409836064,23.16393442622951,1,0.03644262295081964,0.039000000000000146
vehicle_009_session_00915,vehicle_009,915,train,116.54817377645504,30.8,332.2,332.5,333.8,335.8,-70.02787163934427,22.098360655737704,2,0.028606557377049206,0.03100000000000014
vehicle_009_session_00916,vehicle_009,916,train,120.34178777610444,56.0,346.1,347.1,350.3,354.3,-70.01967409836065,25.24590163934426,1,0.035032786885245866,0.03600000000000003
vehicle_009_session_00917,vehicle_009,917,train,120.13171749281608,36.8,332.1,333.3,335.5,338.5,-70.24263065573771,21.114754098360656,2,0.030245901639344222,0.03299999999999992
vehicle_009_session_00918,vehicle_009,918,train,120.67340867003365,60.0,350.0,350.8,353.9,358.0,-70.04590508196722,24.0,0,0.03477049180327872,0.03600000000000003
vehicle_009_session_00919,vehicle_009,919,train,121.56308213797818,53.2,342.2,343.2,347.2,351.4,-70.30820377049179,24.918032786885245,1,0.038868852459016404,0.04200000000000026
vehicle_009_session_00920,vehicle_009,920,train,123.65001472222222,77.6,364.3,365.0,368.5,371.3,-68.06722147540984,26.901639344262296,1,0.03604918032786876,0.03900000000000059
vehicle_009_session_00921,vehicle_009,921,train,116.85830709134613,26.4,328.0,328.9,330.2,331.3,-50.006558032786884,24.475409836065573,1,0.025409836065573833,0.03400000000000025
vehicle_009_session_00922,vehicle_009,922,train,117.02674897119346,47.2,337.2,337.7,339.7,342.8,-50.0,27.42622950819672,1,0.028590163934426198,0.03200000000000003
vehicle_009_session_00923,vehicle_009,923,train,123.23113207547168,68.8,354.9,355.5,357.7,360.7,-50.0,29.0,0,0.028836065573770445,0.03000000000000025
vehicle_009_session_00924,vehicle_009,924,train,117.01456261160716,8.0,323.0,324.29999999999995,326.79999999999995,328.6,-60.05789868421053,25.0,0,0.048907894736842046,0.05699999999999994
vehicle_009_session_00925,vehicle_009,925,train,113.89757527281748,36.0,333.0,333.2,334.2,335.8,-45.01639508196722,28.0,0,0.021557377049180336,0.02400000000000002
vehicle_009_session_00926,vehicle_009,926,train,117.18029802148848,75.2,362.1,362.8,366.3,369.6,-67.25573344262295,26.0,0,0.03614754098360654,0.038000000000000256
vehicle_009_session_00927,vehicle_009,927,train,117.5928014853395,60.8,349.4,350.0,352.7,356.0,-57.23607147540985,26.0,0,0.031327868852459057,0.03299999999999992
vehicle_009_session_00928,vehicle_009,928,train,111.67894948340111,38.0,334.7,335.2,337.1,340.0,-70.50163950819672,27.114754098360656,2,0.03163934426229503,0.03400000000000025
vehicle_009_session_00929,vehicle_009,929,train,119.35765787037036,71.2,357.5,358.3,361.8,365.8,-70.58361475409836,30.0,0,0.03618032786885245,0.038000000000000256
vehicle_009_session_00930,vehicle_009,930,train,115.22255587121215,49.6,339.7,340.5,344.6,348.9,-70.16886245901638,25.885245901639344,1,0.03829508196721308,0.04100000000000037
vehicle_009_session_00931,vehicle_009,931,train,110.10352515723272,39.2,333.3,333.6,335.0,336.9,-48.063940983606564,29.24590163934426,1,0.024426229508196687,0.02699999999999969
vehicle_009_session_00932,vehicle_009,932,train,109.66114165787623,26.8,331.4,331.7,333.0,334.9,-70.09837032786885,26.9672131147541,2,0.02822950819672134,0.03100000000000014
vehicle_009_session_00933,vehicle_009,933,train,113.39682389322913,46.8,338.2,338.8,341.9,346.4,-70.15574737704918,28.42622950819672,1,0.03588524590163936,0.039000000000000146
vehicle_009_session_00934,vehicle_009,934,train,122.00625400188322,72.8,358.6,359.4,362.7,366.9,-70.10492475409836,30.62295081967213,1,0.0361967213114754,0.038000000000000256
vehicle_009_session_00935,vehicle_009,935,train,112.50227715439277,11.6,323.2,324.25,325.65,327.4,-32.447373684210525,25.342105263157894,1,0.042999999999999955,0.051000000000000156
vehicle_009_session_00936,vehicle_009,936,train,117.9192525077161,74.0,361.6,362.4,365.8,369.1,-67.85902409836066,22.721311475409838,1,0.035983606557377056,0.038000000000000256
vehicle_009_session_00937,vehicle_009,937,train,110.98057791666668,39.6,333.3,333.8,335.3,337.5,-49.639354262295086,22.0,0,0.02532786885245898,0.028000000000000025
vehicle_009_session_00938,vehicle_009,938,train,114.37052199074074,59.6,348.2,348.8,351.0,353.9,-49.700010000000006,24.0,0,0.029459016393442627,0.03200000000000003
vehicle_009_session_00939,vehicle_009,939,train,110.63173404882156,26.4,326.9,329.29999999999995,330.6,331.7,-44.56133346666667,21.52,1,0.022333333333333347,0.028000000000000025
vehicle_009_session_00940,vehicle_009,940,train,114.14352946566358,46.4,335.2,337.2,340.0,345.0,-61.38525475409837,21.098360655737704,6,0.03496721311475408,0.04200000000000026
vehicle_009_session_00941,vehicle_009,941,train,117.88944648692816,75.2,361.4,362.4,365.8,369.1,-67.77869327868852,27.0,0,0.038688524590163954,0.04100000000000037
vehicle_009_session_00942,vehicle_009,942,train,115.28597694830246,57.6,347.7,348.6,351.9,355.8,-69.92950114754098,24.491803278688526,1,0.035950819672131144,0.039000000000000146
vehicle_009_session_00943,vehicle_009,943,train,114.56364104729734,51.2,341.1,342.2,346.3,350.7,-70.17378016393442,23.60655737704918,1,0.03940983606557377,0.04200000000000026
vehicle_009_session_00944,vehicle_009,944,train,114.00284430857491,48.8,340.2,341.0,344.7,349.1,-70.17869639344262,23.65573770491803,1,0.038081967213114735,0.040000000000000036
vehicle_009_session_00945,vehicle_009,945,train,110.7768159352837,28.0,331.6,331.9,333.5,335.3,-70.37213213114754,20.278688524590162,2,0.02837704918032789,0.03000000000000025
vehicle_009_session_00946,vehicle_009,946,train,116.63248193359372,65.6,354.3,354.9,358.2,362.2,-70.4131113114754,24.934426229508198,1,0.03573770491803276,0.037000000000000366
vehicle_009_session_00947,vehicle_009,947,train,115.4122247519841,58.4,347.7,348.6,352.2,356.3,-70.24427672131146,23.524590163934427,1,0.03799999999999997,0.04499999999999993
vehicle_009_session_00948,vehicle_009,948,train,110.41905893335768,28.8,329.7,330.9,332.5,334.2,-60.34211289473684,20.236842105263158,1,0.026644736842105304,0.03100000000000014
vehicle_009_session_00949,vehicle_009,949,train,122.90716706178169,74.4,360.2,360.9,363.8,367.4,-60.202674266666655,24.0,0,0.033880000000000014,0.036000000000000476
vehicle_009_session_00950,vehicle_009,950,train,113.77044634831461,26.4,328.2,329.2,330.4,331.7,-44.936842368421054,23.05263157894737,1,0.02240789473684212,0.028000000000000025
vehicle_009_session_00951,vehicle_009,951,train,115.56044600330225,40.4,332.1,332.8,334.6375,336.6,-44.906657333333335,27.24,1,0.023599999999999996,0.027000000000000135
vehicle_009_session_00952,vehicle_009,952,train,115.90002541666665,54.8,343.5,344.1,346.8,349.6,-45.600010000000005,25.0,0,0.033409836065573774,0.03600000000000003
vehicle_009_session_00953,vehicle_009,953,train,111.2862154083571,4.0,319.9,323.4,326.0375,328.2,-59.531584605263156,22.263157894736842,1,0.05414473684210522,0.06300000000000017
vehicle_009_session_00954,vehicle_009,954,train,109.26063615294511,16.0,327.1,328.8,330.5,331.9,-70.10328540983606,20.39344262295082,1,0.038409836065573806,0.055999999999999606
vehicle_009_session_00955,vehicle_009,955,train,112.78745930028133,49.2,341.1,341.9,345.3,349.6,-70.12623786885246,24.59016393442623,1,0.03531147540983608,0.03799999999999981
vehicle_009_session_00956,vehicle_009,956,train,109.23738135162603,29.6,331.6,331.7,333.6,335.7,-68.06393770491803,23.83606557377049,6,0.030344262295081952,0.03399999999999981
vehicle_009_session_00957,vehicle_009,957,train,110.5911874549062,32.4,333.2,333.5,334.9,337.4,-70.07213639344263,25.78688524590164,2,0.03214754098360654,0.03500000000000014
vehicle_009_session_00958,vehicle_009,958,train,115.23377523474183,63.2,352.5,353.3,356.4,360.3,-70.07377508196721,28.918032786885245,1,0.03737704918032791,0.039000000000000146
vehicle_009_session_00959,vehicle_009,959,train,114.35000528571429,28.0,327.8,328.70000000000005,329.6,330.5,-34.13027223684211,16.80263157894737,7,0.01930263157894738,0.02400000000000002
vehicle_009_session_00960,vehicle_009,960,train,108.4805648015873,33.2,333.2,333.5,334.93,337.4,-70.1125071875,25.921875,1,0.03128125,0.03500000000000014
vehicle_009_session_00961,vehicle_009,961,train,114.36244018199233,50.4,340.0,341.57500000000005,344.9875,348.8,-60.15658723684211,26.710526315789473,1,0.03728947368421055,0.039000000000000146
vehicle_009_session_00962,vehicle_009,962,train,111.8750099085366,36.8,333.3,333.6,336.0,338.9,-65.97541721311477,23.508196721311474,6,0.032131147540983535,0.03699999999999992
vehicle_009_session_00963,vehicle_009,963,train,118.24796066712203,70.0,357.2,358.0,361.3,365.7,-70.03770852459016,28.0,0,0.03847540983606556,0.040000000000000036
vehicle_009_session_00964,vehicle_009,964,train,115.28489876991819,43.2,334.1,335.4,338.1,341.8,-60.30934026666666,22.453333333333333,1,0.032013333333333345,0.03600000000000003
vehicle_009_session_00965,vehicle_009,965,train,114.36714085136587,25.2,328.3,329.2,330.5,331.7,-46.89341355263158,18.30263157894737,1,0.023276315789473704,0.029999999999999805
vehicle_009_session_00966,vehicle_009,966,train,116.38392289462081,68.0,355.5,356.3,359.6,363.8,-69.39179704918033,25.885245901639344,1,0.03926229508196717,0.04099999999999948
vehicle_009_session_00967,vehicle_009,967,train,114.30937474747476,68.4,354.6,355.2,357.5,360.3,-50.31804737704919,26.0,0,0.030426229508196706,0.031999999999999584
vehicle_009_session_00968,vehicle_009,968,train,112.46054995265152,0.8,321.7,323.55,326.35,328.8,-70.15000789473685,23.68421052631579,1,0.06174999999999995,0.07200000000000006
vehicle_009_session_00969,vehicle_009,969,train,108.53900534188031,26.4,331.1,331.4,332.8,334.6,-70.08033540983608,21.75409836065574,1,0.028885245901639368,0.03200000000000003
vehicle_009_session_00970,vehicle_009,970,train,115.00778627694858,57.6,347.5,348.3,351.6,355.5,-70.0688593442623,25.0,0,0.03601639344262294,0.038000000000000256
vehicle_009_session_00971,vehicle_009,971,train,109.52098694701645,21.2,329.1,329.2,329.9,330.8,-45.32460508196723,21.19672131147541,1,0.022016393442622944,0.028000000000000025
vehicle_009_session_00972,vehicle_009,972,train,107.7703709899237,42.8,335.7,336.0,337.4,339.6,-44.326237377049196,23.60655737704918,1,0.02467213114754095,0.02699999999999969
vehicle_009_session_00973,vehicle_009,973,train,117.43193504901964,63.2,350.2,350.7,352.7,354.9,-42.357386065573785,25.0,0,0.02701639344262299,0.028000000000000025
vehicle_009_session_00974,vehicle_009,974,train,116.71735344416389,58.0,343.9,345.6,348.25,351.0,-44.809227763157914,24.0,0,0.03368421052631579,0.039000000000000146
vehicle_009_session_00975,vehicle_009,975,train,114.41482847222224,52.0,342.7,343.6,347.2,351.4,-70.21640278688524,27.19672131147541,1,0.037360655737704924,0.040000000000000036
vehicle_009_session_00976,vehicle_009,976,train,116.26402312948032,64.8,353.8,354.6,357.7,361.8,-70.28362491803279,20.0,0,0.036245901639344255,0.038000000000000256
vehicle_009_session_00977,vehicle_009,977,train,113.98088614766083,61.6,348.9,351.1,354.9,358.9,-70.20328672131147,20.508196721311474,1,0.038016393442622996,0.04300000000000015
vehicle_009_session_00978,vehicle_009,978,train,109.48559428418805,26.4,329.7,331.0,332.7,334.6,-70.18033836065574,21.0,2,0.0296393442622951,0.03500000000000014
vehicle_009_session_00979,vehicle_009,979,train,114.61143382352942,52.8,343.5,344.4,347.8,351.9,-70.15082967213115,24.639344262295083,1,0.03624590163934424,0.03799999999999981
vehicle_009_session_00980,vehicle_009,980,train,112.00211999072077,4.8,322.2,323.70000000000005,325.7,327.7,-49.53553092105264,18.88157894736842,5,0.05039473684210525,0.058000000000000274
vehicle_009_session_00981,vehicle_009,981,train,117.73044886363637,73.2,359.7,360.7,364.1,368.6,-70.33607475409836,27.475409836065573,1,0.03763934426229509,0.03900000000000059
vehicle_009_session_00982,vehicle_009,982,train,110.29564144483027,28.0,329.6,331.1,332.7,334.7,-69.74099770491803,23.540983606557376,1,0.02978688524590167,0.03400000000000025
vehicle_009_session_00983,vehicle_009,983,train,115.33600229851335,57.2,346.8,347.5,350.8,354.7,-69.73607918032786,27.0,0,0.03604918032786888,0.03799999999999981
vehicle_009_session_00984,vehicle_009,984,train,117.00976163449758,43.2,334.6,336.0,338.975,343.3,-70.03600226666667,25.28,2,0.03513333333333331,0.04100000000000037
vehicle_009_session_00985,vehicle_009,985,train,114.467326120484,28.4,329.6,331.05,332.75,334.7,-69.95131657894736,23.960526315789473,2,0.029723684210526367,0.03400000000000025
vehicle_009_session_00986,vehicle_009,986,train,112.10704697712423,40.0,335.0,335.5,337.7,341.3,-70.73280016393441,25.114754098360656,2,0.033049180327868834,0.037000000000000366
vehicle_009_session_00987,vehicle_009,987,train,120.17110637626264,74.0,360.2,360.8,364.3,368.6,-70.75083475409835,28.0,0,0.03732786885245903,0.03900000000000059
vehicle_009_session_00988,vehicle_009,988,train,114.35566732594937,57.6,346.6,347.4,350.8,354.9,-69.40326901639344,28.901639344262296,1,0.03716393442622949,0.040000000000000036
vehicle_009_session_00989,vehicle_009,989,train,108.94900627670941,18.4,325.5,327.8,328.9,330.0,-49.38851721311475,25.60655737704918,1,0.0345901639344262,0.04800000000000004
vehicle_009_session_00990,vehicle_009,990,train,116.38759975961538,63.6,351.6,352.2,354.4,357.2,-49.80002000000002,30.0,0,0.029639344262295107,0.03100000000000014
vehicle_009_session_00991,vehicle_009,991,train,112.30792013888887,24.4,329.4,330.3,331.7,333.5,-70.17050295081967,24.540983606557376,1,0.030622950819672173,0.04100000000000037
vehicle_009_session_00992,vehicle_009,992,train,112.27073748978759,49.6,340.8,341.4,344.9,349.1,-70.02623262295084,27.75409836065574,1,0.03632786885245903,0.039000000000000146
vehicle_009_session_00993,vehicle_009,993,train,120.78704622821347,76.8,362.2,363.0,366.4,370.8,-70.01475655737704,30.0,0,0.037393442622950884,0.03900000000000059
vehicle_009_session_00994,vehicle_009,994,train,116.3002857587065,57.2,346.3,347.1,350.5,354.4,-70.13115754098361,28.704918032786885,1,0.03675409836065571,0.040000000000000036
vehicle_009_session_00995,vehicle_009,995,train,110.5324074074074,39.6,333.5,333.8,335.0,336.9,-45.0,24.0,0,0.023672131147540996,0.027000000000000135
vehicle_009_session_00996,vehicle_009,996,train,116.25,61.2,348.6,349.3,351.3,353.8,-45.0,25.639344262295083,1,0.028016393442622967,0.03000000000000025
vehicle_009_session_00997,vehicle_009,997,train,109.3261268004115,18.0,328.5,328.6,329.2,329.9,-44.98196540983606,28.0,0,0.024901639344262313,0.03100000000000014
vehicle_009_session_00998,vehicle_009,998,train,109.06045669934643,39.6,334.2,334.6,335.7,337.4,-44.99180245901639,30.0,0,0.023573770491803273,0.025000000000000355
vehicle_009_session_00999,vehicle_009,999,train,115.53589845387839,60.0,347.7,348.2,350.3,352.8,-44.998360491803275,32.0,0,0.027688524590163913,0.028999999999999915
vehicle_009_session_01000,vehicle_009,1000,train,109.00060115740742,12.4,326.3,327.4,329.4,330.8,-70.2393575409836,25.885245901639344,1,0.044852459016393446,0.05900000000000016
vehicle_009_session_01001,vehicle_009,1001,train,110.18209139066953,36.8,334.6,335.0,336.9,339.7,-70.34918557377048,28.557377049180328,1,0.031672131147540965,0.03400000000000025
vehicle_009_session_01002,vehicle_009,1002,train,115.55253198099419,68.0,355.5,356.3,359.6,363.6,-70.30329639344262,31.229508196721312,1,0.03680327868852457,0.038000000000000256
vehicle_009_session_01003,vehicle_009,1003,train,108.35789062500004,28.8,332.1,332.4,333.3,334.9,-60.4475486885246,20.491803278688526,1,0.025295081967213133,0.028000000000000025
vehicle_009_session_01004,vehicle_009,1004,train,112.19688106261023,52.0,342.8,343.5,346.4,349.9,-58.21639819672132,23.311475409836067,1,0.032459016393442584,0.03500000000000014
vehicle_009_session_01005,vehicle_009,1005,train,112.63530545892296,12.8,326.6,327.75,329.95,331.3,-69.96710394736841,18.776315789473685,1,0.04300000000000001,0.05600000000000005
vehicle_009_session_01006,vehicle_009,1006,train,109.51717087418302,16.0,327.7,328.9,330.3,331.7,-70.27705836065574,25.114754098360656,2,0.03880327868852461,0.05699999999999994
vehicle_009_session_01007,vehicle_009,1007,train,111.99802881944443,50.4,342.1,342.8,346.4,350.5,-70.11968016393443,29.65573770491803,1,0.03640983606557377,0.039000000000000146
vehicle_009_session_01008,vehicle_009,1008,train,111.70910680298353,21.6,327.4,328.2,329.2,330.2,-45.01803442622951,25.0,0,0.03109836065573771,0.04300000000000015
vehicle_009_session_01009,vehicle_009,1009,train,109.32113308189658,17.2,327.2,328.5,330.0,331.4,-70.26886,27.360655737704917,1,0.040606557377049206,0.05699999999999994
vehicle_009_session_01010,vehicle_009,1010,train,111.04933440563728,40.4,335.7,336.1,338.2,341.6,-70.19016852459016,30.34426229508197,1,0.03322950819672125,0.03699999999999992
vehicle_009_session_01011,vehicle_009,1011,train,117.92481879340282,68.0,354.7,355.7,358.8,362.8,-70.17541655737706,32.91803278688525,1,0.037065573770491814,0.039000000000000146
vehicle_009_session_01012,vehicle_009,1012,train,111.74126305298354,43.6,334.2,335.8,338.9,343.3,-70.10984344262296,28.311475409836067,2,0.03567213114754096,0.040000000000000036
vehicle_009_session_01013,vehicle_009,1013,train,119.57133950617288,65.2,352.7,353.5,356.8,360.7,-69.98852524590164,30.0,0,0.03721311475409837,0.038000000000000256
vehicle_009_session_01014,vehicle_009,1014,train,108.46930371485944,28.8,331.9,332.4,333.6,335.7,-70.0754144262295,28.540983606557376,1,0.029557377049180326,0.03200000000000003
vehicle_009_session_01015,vehicle_009,1015,train,114.80059192004506,62.0,351.0,351.9,354.9,358.9,-70.05410409836067,32.16393442622951,1,0.0365409836065574,0.0389999999999997
vehicle_009_session_01016,vehicle_009,1016,train,112.90252348318718,45.2,336.1,336.9,340.0,344.7,-69.76231049180328,29.459016393442624,1,0.036918032786885255,0.04100000000000037
vehicle_009_session_01017,vehicle_009,1017,train,121.06437072649568,75.6,361.0,361.9,365.2,369.6,-69.85082442622951,31.37704918032787,1,0.03822950819672135,0.040000000000000036
vehicle_009_session_01018,vehicle_009,1018,train,110.10592928094235,20.0,329.9,330.2,331.1,332.5,-70.02787344262296,27.262295081967213,1,0.031229508196721375,0.040999999999999925
vehicle_009_session_01019,vehicle_009,1019,train,112.66898171296295,52.0,342.7,343.5,347.1,351.1,-69.95573770491802,31.60655737704918,1,0.036590163934426205,0.0389999999999997
vehicle_009_session_01020,vehicle_009,1020,train,111.32801826484018,20.8,329.7,330.2,331.1,332.5,-70.05574327868852,27.229508196721312,1,0.030049180327868862,0.038000000000000256
vehicle_009_session_01021,vehicle_009,1021,train,112.86837218196457,50.4,341.3,342.1,345.5,349.7,-70.0836149180328,31.081967213114755,2,0.036557377049180315,0.0389999999999997
vehicle_009_session_01022,vehicle_009,1022,train,111.8168346861472,44.0,337.4,338.0,340.8,345.3,-70.06393950819673,28.704918032786885,1,0.03663934426229509,0.04100000000000037
vehicle_009_session_01023,vehicle_009,1023,train,119.02120605842913,74.8,361.3,362.2,365.5,369.9,-70.01311590163934,31.0,0,0.03806557377049189,0.040000000000000036
vehicle_009_session_01024,vehicle_009,1024,train,110.27427009207244,40.0,336.4,336.9,339.3,342.8,-69.96885622950819,28.442622950819672,1,0.03380327868852458,0.03799999999999981
vehicle_009_session_01025,vehicle_009,1025,train,109.2285543536325,29.6,332.1,332.4,333.9,336.0,-70.11804147540984,26.737704918032787,1,0.029508196721311473,0.03299999999999992
vehicle_009_session_01026,vehicle_009,1026,train,115.99779210069445,61.2,350.3,351.1,354.3,358.3,-70.07213672131148,30.0,0,0.036819672131147556,0.038000000000000256
vehicle_009_session_01027,vehicle_009,1027,train,109.8526787256006,18.0,330.0,330.3,331.3,332.7,-70.10164852459016,22.147540983606557,1,0.03157377049180331,0.04400000000000004
vehicle_009_session_01028,vehicle_009,1028,train,109.69191529733958,48.0,341.0,341.8,345.2,349.4,-70.09345114754099,25.75409836065574,1,0.036327868852459005,0.039000000000000146
vehicle_009_session_01029,vehicle_009,1029,train,118.8849916797695,76.4,362.8,363.8,367.1,371.6,-70.10328819672131,27.65573770491803,1,0.03844262295081963,0.040000000000000036
vehicle_009_session_01030,vehicle_009,1030,train,113.88670976631394,48.8,339.4,340.2,343.8,348.5,-70.31312950819672,24.78688524590164,1,0.03873770491803281,0.04100000000000037
vehicle_009_session_01031,vehicle_009,1031,train,119.17469324252139,74.0,360.3,361.1,364.6,368.3,-69.8049324590164,26.639344262295083,1,0.03800000000000005,0.040000000000000036
vehicle_009_session_01032,vehicle_009,1032,train,115.11043137538582,59.2,348.9,349.9,353.2,357.1,-70.46393081967213,25.0,0,0.037426229508196726,0.039000000000000146
vehicle_009_session_01033,vehicle_009,1033,train,111.0803115708138,43.6,337.2,337.7,340.5,344.6,-70.13279475409834,28.639344262295083,1,0.03581967213114753,0.040000000000000036
vehicle_009_session_01034,vehicle_009,1034,train,119.09594798096714,72.4,358.6,359.4,362.7,366.9,-70.10000655737704,30.9672131147541,1,0.03773770491803276,0.040000000000000036
vehicle_009_session_01035,vehicle_009,1035,train,109.17934478228227,20.0,330.2,330.3,331.4,332.8,-70.09672754098362,27.934426229508198,1,0.029803278688524597,0.03699999999999992
vehicle_009_session_01036,vehicle_009,1036,train,114.41723925487992,50.0,341.3,342.2,345.7,349.9,-70.07213721311476,31.114754098360656,1,0.037114754098360625,0.040000000000000036
vehicle_009_session_01037,vehicle_009,1037,train,110.29814487547893,38.4,333.6,333.9,335.3,337.2,-49.60820278688525,23.885245901639344,1,0.025180327868852423,0.02799999999999958
vehicle_009_session_01038,vehicle_009,1038,train,117.33753911163521,62.0,349.4,350.0,352.2,354.9,-48.98525065573771,26.0,0,0.029786885245901614,0.03200000000000003
vehicle_009_session_01039,vehicle_009,1039,train,114.91830010893243,58.0,345.8,346.3,348.3,350.8,-39.99672098360655,23.0,0,0.03003278688524586,0.03299999999999992
vehicle_009_session_01040,vehicle_009,1040,train,107.93718010018216,16.4,328.3,328.6,329.2,330.0,-50.70492852459017,30.0,0,0.029967213114754147,0.040000000000000036
vehicle_009_session_01041,vehicle_009,1041,train,109.39734300595237,40.8,335.0,335.2,336.8,338.9,-50.700010000000006,32.114754098360656,1,0.026491803278688483,0.028000000000000025
vehicle_009_session_01042,vehicle_009,1042,train,115.68330654761913,63.2,350.3,351.0,353.2,356.0,-50.700010000000006,34.0,0,0.030524590163934443,0.03200000000000003
vehicle_009_session_01043,vehicle_009,1043,train,108.54402721471473,58.0,344.9,345.8,349.1,353.2,-70.10328836065575,32.85245901639344,1,0.037016393442622954,0.040000000000000036
vehicle_009_session_01044,vehicle_009,1044,train,116.98831256091617,67.2,352.7,354.3,357.7,361.9,-70.07377770491803,29.065573770491802,1,0.03722950819672129,0.039000000000000146
vehicle_009_session_01045,vehicle_009,1045,train,112.95195421468675,38.8,334.4,334.7,336.8,340.0,-70.11476180327868,26.688524590163933,1,0.032590163934426236,0.03600000000000003
vehicle_009_session_01046,vehicle_009,1046,train,123.77044260620913,76.8,361.9,362.7,366.1,370.5,-70.06721803278688,29.80327868852459,1,0.038278688524590175,0.040000000000000036
vehicle_009_session_01047,vehicle_009,1047,train,112.48543997564936,27.2,329.2,330.1,331.6,333.2,-59.93333773333332,26.12,1,0.0274266666666667,0.03400000000000025
vehicle_009_session_01048,vehicle_009,1048,train,114.66135112085776,57.2,345.3,346.0,348.5,351.3,-49.79838049180331,31.0,0,0.03213114754098358,0.03500000000000014
vehicle_009_session_01049,vehicle_009,1049,train,112.95856806445867,15.2,326.3,327.9,329.7,331.1,-69.95658171052632,27.723684210526315,1,0.04456578947368421,0.06199999999999983
vehicle_009_session_01050,vehicle_009,1050,train,107.74147302043427,18.8,328.0,329.2,330.8,332.4,-70.60656426229508,26.0,2,0.03655737704918035,0.052999999999999936
vehicle_009_session_01051,vehicle_009,1051,train,111.85080989583336,53.6,344.3,345.2,348.6,352.8,-70.7229631147541,30.508196721311474,1,0.03732786885245902,0.039000000000000146
vehicle_009_session_01052,vehicle_009,1052,train,108.09559818672841,12.8,325.7,326.9,329.1,330.3,-69.18689524590164,29.704918032786885,1,0.047737704918032794,0.06099999999999994
vehicle_009_session_01053,vehicle_009,1053,train,110.60948236476608,41.6,336.1,336.6,338.6,342.2,-69.15574770491804,32.68852459016394,1,0.033786885245901635,0.037000000000000366
vehicle_009_session_01054,vehicle_009,1054,train,118.73922904693487,72.0,357.8,358.6,361.9,366.0,-69.18853459016394,35.0,0,0.03778688524590164,0.040000000000000036
vehicle_009_session_01055,vehicle_009,1055,train,101.82556123737375,2.8,322.2,323.9,326.7,328.9,-69.60656655737704,22.934426229508198,1,0.05885245901639341,0.07000000000000028
vehicle_009_session_01056,vehicle_009,1056,train,108.0515200587607,29.2,332.2,332.5,333.8,335.5,-69.63115754098361,25.16393442622951,2,0.02885245901639349,0.03100000000000014
vehicle_009_session_01057,vehicle_009,1057,train,111.30967280982907,40.8,336.1,336.8,338.9,342.4,-70.21148655737704,23.262295081967213,2,0.033999999999999996,0.038000000000000256
vehicle_009_session_01058,vehicle_009,1058,train,119.99404358237547,72.0,358.8,359.6,362.8,367.1,-70.29018295081967,26.360655737704917,1,0.038262295081967226,0.040000000000000036
vehicle_009_session_01059,vehicle_009,1059,train,109.60834037037037,18.8,329.6,329.9,331.0,332.2,-70.04918524590165,24.721311475409838,1,0.03273770491803283,0.04499999999999993
vehicle_009_session_01060,vehicle_009,1060,train,113.52307407407412,49.2,340.5,341.3,344.6,348.8,-70.03279016393444,28.59016393442623,1,0.03709836065573772,0.039000000000000146
vehicle_009_session_01061,vehicle_009,1061,train,114.90554978553922,56.0,345.3,346.1,349.7,353.6,-70.30001147540985,29.0,0,0.03849180327868851,0.040999999999999925
vehicle_009_session_01062,vehicle_009,1062,train,107.7790177875244,30.8,330.5,330.8,332.1,333.5,-49.69837065573771,30.557377049180328,1,0.023442622950819697,0.025000000000000355
vehicle_009_session_01063,vehicle_009,1063,train,107.52713061868685,12.4,326.0,326.6,328.2,329.2,-50.388518032786884,22.508196721311474,1,0.043114754098360644,0.053999999999999826
vehicle_009_session_01064,vehicle_009,1064,train,108.48320156249999,34.4,333.0,333.2,334.2,336.0,-50.398351803278686,25.016393442622952,1,0.02393442622950821,0.026000000000000245
vehicle_009_session_01065,vehicle_009,1065,train,113.16201597222219,58.8,347.4,348.0,350.3,353.2,-50.399989999999995,27.83606557377049,1,0.030295081967213068,0.03100000000000014
vehicle_009_session_01066,vehicle_009,1066,train,109.85461776129942,28.0,330.0,330.3,331.3,332.4,-49.92786163934426,24.0,0,0.022770491803278736,0.026000000000000245
vehicle_009_session_01067,vehicle_009,1067,train,112.91597569444444,51.6,340.5,341.1,343.6,346.9,-49.91474557377049,26.721311475409838,1,0.03262295081967219,0.03400000000000025
vehicle_009_session_01068,vehicle_009,1068,train,116.8763096174004,72.0,357.1,357.7,359.9,362.8,-49.99672098360655,28.0,0,0.03134426229508193,0.03299999999999992
vehicle_009_session_01069,vehicle_009,1069,train,115.33801925851256,35.6,329.9,332.75,334.95,337.8,-69.57066839999999,23.84,2,0.031119999999999978,0.03399999999999981
vehicle_009_session_01070,vehicle_009,1070,train,113.59454995854063,53.6,343.2,343.9,347.2,350.8,-60.20165016393443,26.016393442622952,1,0.036459016393442636,0.039000000000000146
vehicle_009_session_01071,vehicle_009,1071,train,112.47874051849011,26.0,329.2,330.7,332.4,334.2,-69.68685289473683,22.960526315789473,2,0.03021052631578951,0.037000000000000366
vehicle_009_session_01072,vehicle_009,1072,train,108.83875019290124,26.4,329.2,330.5,332.2,334.1,-69.6360755737705,24.57377049180328,1,0.030688524590163954,0.038000000000000256
vehicle_009_session_01073,vehicle_009,1073,train,113.59200503220615,55.2,345.0,346.0,349.4,353.3,-69.64755098360655,28.0,0,0.037377049180327866,0.039000000000000146
vehicle_009_session_01074,vehicle_009,1074,train,108.67339224137935,33.2,330.7,331.6,333.3,335.3,-59.716405081967224,27.524590163934427,1,0.027803278688524617,0.03000000000000025
vehicle_009_session_01075,vehicle_009,1075,train,114.02664108796294,56.4,345.5,346.3,349.1,352.7,-59.708207540983615,30.0,0,0.03481967213114753,0.037000000000000366
vehicle_009_session_01076,vehicle_009,1076,train,112.7835686728395,44.4,336.0,336.9,340.2,344.9,-70.03934721311475,27.721311475409838,1,0.037770491803278676,0.04300000000000015
vehicle_009_session_01077,vehicle_009,1077,train,117.1431369598766,73.2,359.9,360.7,363.9,368.3,-70.0065593442623,30.0,0,0.039196721311475446,0.04100000000000037
vehicle_009_session_01078,vehicle_009,1078,train,110.36548090277779,34.4,332.7,333.2,335.2,337.8,-70.11312180327869,24.83606557377049,2,0.03175409836065571,0.03500000000000014
vehicle_009_session_01079,vehicle_009,1079,train,116.985299121732,65.6,353.8,354.6,357.8,361.9,-69.95409934426232,28.0,0,0.038032786885245876,0.040000000000000036
vehicle_009_session_01080,vehicle_009,1080,train,111.95025630144036,28.8,329.1,329.7,330.8,332.1,-45.11640344262296,23.62295081967213,1,0.02257377049180332,0.028000000000000025
vehicle_009_session_01081,vehicle_009,1081,train,112.38156086601307,50.8,339.6,340.2,342.4,345.5,-45.100010000000005,26.21311475409836,1,0.03145901639344264,0.03400000000000025
vehicle_009_session_01082,vehicle_009,1082,train,108.76049592151679,11.6,323.3,325.2,326.9,328.3,-44.76230508196722,29.0,0,0.047081967213114695,0.05400000000000027
vehicle_009_session_01083,vehicle_009,1083,train,109.3333575757576,37.2,333.2,333.5,334.6,336.1,-45.100010000000005,31.065573770491802,1,0.023459016393442632,0.026000000000000245
vehicle_009_session_01084,vehicle_009,1084,train,113.79400671296298,59.2,347.2,347.7,349.9,352.2,-45.100010000000005,33.0,0,0.029557377049180305,0.03100000000000014
vehicle_009_session_01085,vehicle_009,1085,train,108.85833719679187,31.6,331.1,331.9,333.8,336.1,-70.28197622950819,29.721311475409838,1,0.030819672131147547,0.03399999999999981
vehicle_009_session_01086,vehicle_009,1086,train,115.1923621031746,60.0,348.6,349.6,352.7,356.6,-70.13115639344264,33.0,0,0.03785245901639343,0.040000000000000036
vehicle_009_session_01087,vehicle_009,1087,train,115.48663725490195,64.8,352.8,353.8,357.1,361.1,-70.30000786885246,33.0,0,0.038278688524590154,0.04000000000000048
vehicle_009_session_01088,vehicle_009,1088,train,112.1861651976496,40.4,334.6,335.2,337.4,341.0,-70.03770868852459,31.311475409836067,1,0.034688524590163916,0.0389999999999997
vehicle_009_session_01089,vehicle_009,1089,train,119.05133655753964,71.6,357.7,358.5,361.8,366.0,-69.98688393442623,34.0,0,0.03885245901639343,0.04100000000000037
vehicle_009_session_01090,vehicle_009,1090,train,114.76953347367099,30.4,330.5,331.4,333.19998,335.3,-69.99210478947369,26.57894736842105,1,0.030539481578947394,0.033999800000000135
vehicle_009_session_01091,vehicle_009,1091,train,114.59096461095329,27.2,329.6,330.75,332.4,334.2,-69.74401439999998,28.76,1,0.03081333333333337,0.03699999999999992
vehicle_009_session_01092,vehicle_009,1092,train,116.80931628550546,44.4,334.9,336.25,339.6,344.1,-70.28001413333332,30.493333333333332,1,0.0376,0.04200000000000026
vehicle_009_session_01093,vehicle_009,1093,train,109.32941241319448,16.8,328.0,329.13,330.56,331.9,-70.16722147540983,26.81967213114754,1,0.039934426229508206,0.06000000000000005
vehicle_009_session_01094,vehicle_009,1094,train,110.0548273026316,44.4,338.2,338.8,341.4,345.8,-70.0245918032787,30.34426229508197,1,0.03703278688524593,0.04200000000000026
vehicle_009_session_01095,vehicle_009,1095,train,119.52608260233922,74.8,361.0,361.8,365.0,369.4,-70.00000377049182,32.704918032786885,1,0.039131147540983624,0.04100000000000037
vehicle_009_session_01096,vehicle_009,1096,train,109.28354280181628,24.0,328.5,328.9,330.0,331.3,-50.20984704918033,35.950819672131146,1,0.02826229508196723,0.039000000000000146
vehicle_009_session_01097,vehicle_009,1097,train,110.8085538194445,45.2,336.6,337.1,338.9,341.8,-50.200010000000006,37.40983606557377,1,0.030901639344262283,0.03500000000000014
vehicle_009_session_01098,vehicle_009,1098,train,108.12222194444442,17.2,327.8,328.0,328.8,329.6,-45.0,30.0,0,0.03404918032786885,0.04499999999999993
vehicle_009_session_01099,vehicle_009,1099,train,115.74074074074069,56.8,344.4,345.0,347.2,349.9,-45.0,32.0,0,0.0307540983606557,0.03300000000000036
vehicle_009_session_01100,vehicle_009,1100,train,109.70164171810701,38.4,332.7,333.8,336.1,339.4,-69.96229196721312,33.63934426229508,1,0.03354098360655733,0.03699999999999992
vehicle_009_session_01101,vehicle_009,1101,train,116.62383238636365,60.0,348.5,349.4,352.5,356.4,-69.85738180327868,35.80327868852459,1,0.03831147540983605,0.040000000000000036
vehicle_009_session_01102,vehicle_009,1102,train,112.35864950396828,48.0,336.4,338.2,341.6,346.1,-59.59509147540984,20.737704918032787,1,0.036721311475409864,0.040999999999999925
vehicle_009_session_01103,vehicle_009,1103,train,120.26731937893082,76.0,361.4,362.1,365.0,368.8,-59.67869852459017,23.0,0,0.035934426229508286,0.038000000000000256
vehicle_009_session_01104,vehicle_009,1104,train,115.73743581973582,40.4,333.3,334.29999999999995,336.6,339.7,-60.13158828947369,25.56578947368421,1,0.03113157894736839,0.03500000000000014
vehicle_009_session_01105,vehicle_009,1105,train,110.45092576951956,33.2,332.8,333.3,334.9,337.4,-70.05246295081967,23.278688524590162,1,0.031229508196721288,0.03399999999999981
vehicle_009_session_01106,vehicle_009,1106,train,115.65972901348039,62.8,351.8,352.5,355.7,359.6,-70.05410213114756,26.524590163934427,1,0.03798360655737704,0.039000000000000146
vehicle_009_session_01107,vehicle_009,1107,train,115.26644224091879,58.4,348.2,349.1,352.2,356.3,-70.19509262295081,29.0,0,0.038868852459016404,0.040999999999999925
vehicle_009_session_01108,vehicle_009,1108,train,111.91595151289684,42.4,336.4,337.1,339.4,343.3,-69.75083475409835,25.80327868852459,2,0.035606557377049194,0.040000000000000036
vehicle_009_session_01109,vehicle_009,1109,train,114.95433580043863,60.4,349.1,349.9,353.2,357.1,-69.77542540983606,29.39344262295082,1,0.038377049180327916,0.039000000000000146
vehicle_009_session_01110,vehicle_009,1110,train,112.91184018132714,46.4,338.2,338.9,341.8,346.3,-71.37868622950819,33.42622950819672,1,0.038622950819672174,0.041999999999999815
vehicle_009_session_01111,vehicle_009,1111,train,119.93184812242791,75.6,360.7,361.4,364.9,369.4,-71.39179967213114,35.0,0,0.0401147540983607,0.0420000000000007
vehicle_009_session_01112,vehicle_009,1112,train,117.49816668125585,50.0,337.4,339.5,343.975,348.8,-69.97733466666666,26.14666666666667,1,0.040866666666666676,0.04400000000000004
vehicle_009_session_01113,vehicle_009,1113,train,113.12815940656563,46.4,335.7,337.1,340.7,345.7,-69.97705016393442,31.540983606557376,1,0.039295081967213104,0.04300000000000015
vehicle_009_session_01114,vehicle_009,1114,train,117.19476321517413,68.4,355.2,356.1,359.3,363.5,-69.99016704918033,33.0,0,0.03913114754098364,0.040999999999999925
vehicle_009_session_01115,vehicle_009,1115,train,116.78510694444448,68.0,353.8,355.4,358.9,363.0,-69.71334466666666,31.92,1,0.038826666666666634,0.040000000000000036
vehicle_009_session_01116,vehicle_009,1116,train,111.31012134109918,37.6,332.8,333.2,334.2,336.0,-45.33114918032788,32.91803278688525,1,0.02434426229508199,0.027000000000000135
vehicle_009_session_01117,vehicle_009,1117,train,112.02958062214609,40.0,333.2,334.2,336.6,340.3,-70.8803237704918,32.032786885245905,2,0.034770491803278666,0.039000000000000146
vehicle_009_session_01118,vehicle_009,1118,train,111.23156527777775,46.8,336.6,337.1,338.8,341.3,-45.25575327868853,32.78688524590164,1,0.02986885245901637,0.03400000000000025
vehicle_009_session_01119,vehicle_009,1119,train,107.6260239135305,21.6,328.3,329.6,331.0,332.5,-70.02131885245902,30.868852459016395,2,0.036606557377049216,0.053999999999999826
vehicle_009_session_01120,vehicle_009,1120,train,111.49412007669986,46.4,338.3,338.9,341.8,346.3,-70.29838049180329,33.77049180327869,1,0.03834426229508199,0.04200000000000026
vehicle_009_session_01121,vehicle_009,1121,train,119.40340126262626,73.2,358.8,359.7,363.0,367.2,-70.38196262295082,36.0,0,0.03954098360655731,0.04100000000000037
vehicle_009_session_01122,vehicle_009,1122,train,106.98527233115468,20.0,328.3,328.6,329.2,330.0,-44.899989999999995,35.0,0,0.0303770491803279,0.040000000000000036
vehicle_009_session_01123,vehicle_009,1123,train,114.29144087770062,25.6,328.9,330.1,331.6375,333.5,-69.97333666666668,35.0,0,0.03305333333333339,0.04499999999999993
vehicle_009_session_01124,vehicle_009,1124,train,108.38058756419234,17.2,328.0,329.1,330.3,331.9,-70.21974526315789,30.736842105263158,1,0.04085526315789474,0.06099999999999994
vehicle_009_session_01125,vehicle_009,1125,train,117.11314765423133,64.4,352.8,354.0,357.2,361.3,-70.14211486842105,35.0,0,0.038828947368421,0.04099999999999948
vehicle_009_session_01126,vehicle_009,1126,train,114.10764627976191,54.0,343.0,343.8,347.2,351.1,-65.34590786885248,35.63934426229508,1,0.03934426229508197,0.04200000000000026
vehicle_009_session_01127,vehicle_009,1127,train,114.12487570730453,52.4,339.4,341.6,346.1,350.5,-70.94754229508197,37.83606557377049,1,0.04390163934426229,0.04700000000000015
vehicle_009_session_01128,vehicle_009,1128,train,118.12568342681622,74.4,359.6,360.3,363.8,368.2,-71.06230081967212,38.967213114754095,1,0.04065573770491811,0.041999999999999815
vehicle_009_session_01129,vehicle_009,1129,train,109.62280431967987,20.0,327.2,328.0,329.1,330.2,-49.81640852459018,33.91803278688525,1,0.03936065573770491,0.054999999999999716
vehicle_009_session_01130,vehicle_009,1130,train,111.20919498910675,44.0,335.8,336.1,337.7,340.2,-49.80002000000002,36.40983606557377,1,0.02954098360655731,0.03299999999999992
vehicle_009_session_01131,vehicle_009,1131,train,111.18820765749011,18.4,327.8,329.0,330.5,331.9,-74.04933853333333,33.84,1,0.045173333333333364,0.06499999999999995
vehicle_009_session_01132,vehicle_009,1132,train,108.44968315972226,20.4,329.2,329.6,330.7,332.1,-69.79510147540984,35.32786885245902,1,0.037459016393442686,0.052000000000000046
vehicle_009_session_01133,vehicle_009,1133,train,114.57885326479078,52.4,341.8,342.5,346.1,350.3,-69.79674098360655,38.90163934426229,1,0.0395573770491803,0.04200000000000026
vehicle_009_session_01134,vehicle_009,1134,train,107.56261190801456,19.2,328.8,328.9,329.7,330.5,-49.98524442622951,35.60655737704918,1,0.029393442622950842,0.038000000000000256
vehicle_009_session_01135,vehicle_009,1135,train,109.73565994623654,43.6,336.0,336.3,337.8,340.2,-49.97540737704918,37.34426229508197,1,0.02891803278688518,0.03100000000000014
vehicle_009_session_01136,vehicle_009,1136,train,116.8536324786325,68.4,353.9,354.4,356.6,359.6,-50.0,38.0,0,0.03277049180327869,0.03400000000000025
vehicle_009_session_01137,vehicle_009,1137,train,106.98730398220488,20.8,328.0,329.2,330.8,332.4,-70.35484032258063,31.241935483870968,1,0.03816129032258067,0.053999999999999826
vehicle_009_session_01138,vehicle_009,1138,train,112.04622258141764,46.4,338.5,339.1,341.9,346.4,-70.5,34.0,2,0.038672131147541006,0.04200000000000026
vehicle_009_session_01139,vehicle_009,1139,train,111.2211501623377,42.0,336.0,336.4,338.8,342.4,-70.06394065573772,28.81967213114754,2,0.03573770491803279,0.040999999999999925
vehicle_009_session_01140,vehicle_009,1140,train,119.49538292824072,72.8,358.6,359.4,362.7,366.9,-70.04262934426231,31.491803278688526,1,0.03955737704918036,0.04100000000000037
vehicle_009_session_01141,vehicle_009,1141,train,108.42219566993464,26.8,330.7,331.0,331.9,333.3,-60.63443524590165,29.131147540983605,1,0.026770491803278704,0.029999999999999805
vehicle_009_session_01142,vehicle_009,1142,train,111.64196033427498,54.0,342.8,343.6,346.8,350.0,-58.05574295081968,32.09836065573771,1,0.03614754098360651,0.039000000000000146
vehicle_009_session_01143,vehicle_009,1143,train,113.30600652777778,50.8,340.5,341.4,344.9,349.3,-69.9163850819672,33.67213114754098,1,0.04040983606557378,0.04200000000000026
vehicle_009_session_01144,vehicle_009,1144,train,108.4013517884323,23.6,329.4,330.3,331.7,333.6,-70.19345278688526,28.721311475409838,1,0.03362295081967217,0.04600000000000026
vehicle_009_session_01145,vehicle_009,1145,train,112.82118937317254,53.2,343.5,344.4,348.0,352.1,-70.51147655737705,32.34426229508197,1,0.03949180327868852,0.04200000000000026
vehicle_009_session_01146,vehicle_009,1146,train,116.7687333884995,54.8,342.4,344.65,348.75,352.8,-69.87237144736842,32.60526315789474,1,0.04411842105263156,0.04999999999999982
vehicle_009_session_01147,vehicle_009,1147,train,115.58499551366842,67.2,353.5,355.25,358.85,363.0,-69.89333546666666,32.92,1,0.03899999999999996,0.04100000000000037
vehicle_009_session_01148,vehicle_009,1148,train,114.161863885272,46.4,336.0,337.5,341.3,346.1,-70.07049590163933,27.508196721311474,1,0.04009836065573774,0.04599999999999982
vehicle_009_session_01149,vehicle_009,1149,train,112.12260034219005,53.2,343.2,344.1,347.7,351.8,-69.61312426229507,28.983606557377048,1,0.04060655737704914,0.04300000000000015
vehicle_009_session_01150,vehicle_009,1150,train,108.58392647058824,24.8,329.4,329.6,330.3,331.4,-44.80002000000002,24.098360655737704,1,0.024278688524590197,0.03100000000000014
vehicle_009_session_01151,vehicle_009,1151,train,114.24503561507937,60.8,348.6,349.6,352.2,355.7,-59.95573327868852,29.57377049180328,1,0.03590163934426228,0.040000000000000036
vehicle_009_session_01152,vehicle_009,1152,train,110.43839115547844,33.6,333.0,333.5,334.9,337.4,-70.22132360655736,25.78688524590164,2,0.03177049180327869,0.03600000000000003
vehicle_009_session_01153,vehicle_009,1153,train,111.0548876194743,20.8,329.9,330.3,331.4,332.8,-70.03026539473683,30.157894736842106,1,0.03260526315789478,0.04300000000000015
vehicle_009_session_01154,vehicle_009,1154,train,106.89107161458335,6.4,323.5,324.9,327.7,329.6,-70.64754983606558,30.0,0,0.05670491803278686,0.06700000000000017
vehicle_009_session_01155,vehicle_009,1155,train,110.235607390873,38.8,335.2,335.8,337.7,340.8,-70.88524032786884,33.278688524590166,1,0.034344262295081925,0.03799999999999981
vehicle_009_session_01156,vehicle_009,1156,train,117.008452954793,72.8,358.6,359.4,362.8,367.1,-71.02787163934427,36.0,0,0.040098360655737686,0.041999999999999815
vehicle_009_session_01157,vehicle_009,1157,train,108.34054094827587,27.2,330.2,330.5,331.1,332.2,-45.700010000000006,33.39344262295082,1,0.021901639344262338,0.02400000000000002
vehicle_009_session_01158,vehicle_009,1158,train,111.07641319444448,50.8,339.6,340.0,342.2,345.3,-45.700010000000006,35.98360655737705,1,0.03309836065573774,0.03500000000000014
vehicle_009_session_01159,vehicle_009,1159,train,109.72222319688109,20.4,328.0,329.1,330.7,332.2,-70.30656327868851,31.950819672131146,1,0.040180327868852485,0.05899999999999972
vehicle_009_session_01160,vehicle_009,1160,train,110.75673233251638,43.6,336.8,337.2,339.7,343.8,-70.39507737704918,34.49180327868852,1,0.036950819672131145,0.04200000000000026
vehicle_009_session_01161,vehicle_009,1161,train,119.84917751736107,70.8,356.9,357.7,360.8,365.0,-70.43442032786885,36.622950819672134,1,0.03967213114754099,0.04100000000000037
vehicle_009_session_01162,vehicle_009,1162,train,109.6499296042618,34.8,333.3,333.8,335.3,338.0,-69.87049262295082,34.032786885245905,2,0.03257377049180325,0.03500000000000014
vehicle_009_session_01163,vehicle_009,1163,train,109.8608463921441,10.8,324.4,325.75,327.9,329.2,-60.07105776315789,34.0,0,0.05182894736842099,0.06199999999999983
vehicle_009_session_01164,vehicle_009,1164,train,108.19942754103539,13.6,326.1,327.2,329.32,330.7,-69.51451758064516,33.016129032258064,1,0.05020967741935484,0.06499999999999995
vehicle_009_session_01165,vehicle_009,1165,train,110.45515850225225,48.8,339.9,340.5,343.8,348.2,-69.6688624590164,36.9344262295082,2,0.03927868852459019,0.04200000000000026
vehicle_009_session_01166,vehicle_009,1166,train,112.86209807900433,47.2,336.8,337.7,341.1,346.0,-69.84918229508196,34.85245901639344,1,0.040098360655737735,0.04400000000000004
vehicle_009_session_01167,vehicle_009,1167,train,106.42448671875,5.6,323.8,324.7,327.2,329.2,-70.12295983606559,33.81967213114754,1,0.058459016393442594,0.06499999999999995
vehicle_009_session_01168,vehicle_009,1168,train,110.75158728902954,37.6,334.7,335.0,336.9,339.7,-69.99344540983606,36.22950819672131,1,0.03308196721311469,0.03600000000000003
vehicle_009_session_01169,vehicle_009,1169,train,117.65267609126985,69.2,356.0,356.8,359.9,363.9,-69.98033147540984,39.0,0,0.03924590163934423,0.04099999999999948
vehicle_009_session_01170,vehicle_009,1170,train,109.5757818181819,45.6,336.4,336.8,338.5,340.8,-45.200010000000006,32.442622950819676,1,0.02922950819672126,0.03299999999999992
vehicle_009_session_01171,vehicle_009,1171,train,117.23165688844085,67.6,353.2,353.6,355.7,358.3,-45.200010000000006,34.0,0,0.030852459016393465,0.03200000000000003
vehicle_009_session_01172,vehicle_009,1172,train,117.71574635701278,70.4,356.8,357.5,360.8,365.0,-70.13935262295084,29.918032786885245,1,0.039868852459016384,0.04100000000000037
vehicle_009_session_01173,vehicle_009,1173,train,110.94417846331908,36.8,333.2,333.6,335.7,338.6,-70.04098770491804,28.639344262295083,1,0.033491803278688545,0.038000000000000256
vehicle_009_session_01174,vehicle_009,1174,train,117.49305312500002,68.0,355.0,355.8,358.9,363.2,-69.98196540983606,31.34426229508197,1,0.03959016393442622,0.04100000000000037
vehicle_009_session_01175,vehicle_009,1175,train,114.68477546296305,68.4,355.2,356.0,359.3,363.3,-70.30165885245903,29.0,0,0.039442622950819656,0.04099999999999948
vehicle_009_session_01176,vehicle_009,1176,train,114.67859567379878,60.4,348.9,349.9,353.2,357.1,-70.08033573770493,31.0,0,0.040032786885245926,0.04400000000000004
vehicle_009_session_01177,vehicle_009,1177,train,114.63665108300265,54.4,343.5,344.4,348.0,352.1,-70.35246327868852,28.918032786885245,1,0.041278688524590164,0.04400000000000004
vehicle_009_session_01178,vehicle_009,1178,train,113.80204023972603,36.4,332.2,333.55,335.75,338.8,-69.99066626666666,28.76,1,0.033599999999999956,0.03799999999999981
vehicle_009_session_01179,vehicle_009,1179,train,108.4511419890873,23.6,329.1,330.0,331.7,333.5,-69.92131278688525,28.83606557377049,1,0.03398360655737707,0.04700000000000015
vehicle_009_session_01180,vehicle_009,1180,train,112.03499041842475,46.4,338.8,339.3,342.4,346.8,-70.0163950819672,31.42622950819672,1,0.03911475409836069,0.04200000000000026
vehicle_009_session_01181,vehicle_009,1181,train,109.14222492283952,33.6,333.3,333.6,335.2,337.7,-69.9622913114754,28.78688524590164,2,0.03198360655737705,0.0349999999999997
vehicle_009_session_01182,vehicle_009,1182,train,116.82483845899476,66.4,353.8,354.7,357.8,361.9,-69.93605983606558,32.0,0,0.03904918032786884,0.040999999999999925
vehicle_009_session_01183,vehicle_009,1183,train,115.08015117521366,58.4,346.0,346.6,349.3,352.1,-50.100010000000005,31.0,0,0.03703278688524586,0.04200000000000026
vehicle_009_session_01184,vehicle_009,1184,train,113.1695508719136,41.2,333.6,334.2,336.4,339.4,-60.79510147540986,35.39344262295082,1,0.032704918032786835,0.03699999999999992
vehicle_009_session_01185,vehicle_009,1185,train,107.32691011345857,31.6,332.1,332.4,333.6,335.3,-60.29018229508198,36.34426229508197,1,0.028213114754098385,0.03100000000000014
vehicle_009_session_01186,vehicle_009,1186,train,114.71583632478632,60.0,348.2,348.9,351.6,355.0,-60.29837983606559,39.0,0,0.036344262295081996,0.038000000000000256
vehicle_009_session_01187,vehicle_009,1187,train,114.53594918355853,56.4,344.1,344.9,347.8,351.3,-59.518034590163936,35.0,0,0.03783606557377048,0.040000000000000036
vehicle_009_session_01188,vehicle_009,1188,train,109.51927687978929,35.6,330.5,331.7,333.2,335.0,-49.90327885245902,37.85245901639344,1,0.026721311475409862,0.028999999999999915
vehicle_009_session_01189,vehicle_009,1189,train,113.28724994013409,41.2,335.2,335.7,338.0,341.4,-70.10656721311476,30.688524590163933,1,0.03586885245901636,0.040000000000000036
vehicle_009_session_01190,vehicle_009,1190,train,109.4759937264595,31.6,332.2,332.5,333.8,335.5,-60.34754672131148,31.34426229508197,1,0.027819672131147548,0.030999999999999694
vehicle_009_session_01191,vehicle_009,1191,train,110.34068671383646,28.4,329.9,330.8,332.7,334.7,-70.198371147541,29.60655737704918,1,0.03229508196721317,0.039000000000000146
vehicle_009_session_01192,vehicle_009,1192,train,114.73079975266361,50.0,340.7,341.4,344.9,349.3,-70.1246,32.16393442622951,2,0.04080327868852459,0.04300000000000015
vehicle_009_session_01193,vehicle_009,1193,train,116.30448522028688,48.0,336.0,337.65,341.175,345.5,-60.11467426666666,27.733333333333334,1,0.038200000000000046,0.04300000000000015
vehicle_009_session_01194,vehicle_009,1194,train,107.7048728395062,4.4,324.6,325.2,327.5,329.2,-70.15246606557378,28.459016393442624,1,0.06175409836065567,0.06800000000000006
vehicle_009_session_01195,vehicle_009,1195,train,111.40526364942531,40.4,336.3,336.8,338.9,342.4,-70.10656278688525,31.9672131147541,2,0.035327868852458984,0.040000000000000036
vehicle_009_session_01196,vehicle_009,1196,train,117.89931916666667,75.2,361.4,362.2,365.7,369.9,-70.11639983606558,34.91803278688525,1,0.04096721311475421,0.0420000000000007
vehicle_009_session_01197,vehicle_009,1197,train,107.92015944444445,35.6,332.1,332.2,333.3,334.7,-45.09344950819672,27.0,0,0.023688524590163948,0.026000000000000245
vehicle_009_session_01198,vehicle_009,1198,train,116.98853932959405,71.2,357.4,358.2,361.4,365.7,-69.80985311475409,29.0,0,0.04047540983606558,0.0420000000000007
vehicle_009_session_01199,vehicle_009,1199,train,115.91729819651744,58.0,346.8,347.5,350.8,354.7,-69.93443213114755,31.18032786885246,1,0.040196721311475385,0.04300000000000015
vehicle_009_session_01200,vehicle_009,1200,train,107.20889129273505,32.8,331.6,331.7,332.7,333.9,-45.100010000000005,33.36065573770492,1,0.022754098360655787,0.02499999999999991
vehicle_009_session_01201,vehicle_009,1201,train,114.43645699786323,53.6,341.8,342.4,344.7,347.7,-45.100010000000005,35.0,0,0.03437704918032789,0.03600000000000003
vehicle_009_session_01202,vehicle_009,1202,train,115.69665397414745,47.2,336.0,337.6,341.35,346.3,-69.83290065789474,35.0921052631579,1,0.04101315789473684,0.04499999999999993
vehicle_009_session_01203,vehicle_009,1203,train,113.8019153023599,39.6,333.0,334.29999999999995,336.8,340.0,-69.65467666666667,36.6,1,0.035546666666666636,0.039000000000000146
vehicle_009_session_01204,vehicle_009,1204,train,108.36307424463939,25.6,330.0,330.46,331.7,333.6,-70.10154846153847,32.184615384615384,1,0.033584615384615386,0.04499999999999993
vehicle_009_session_01205,vehicle_009,1205,train,109.8813907214506,20.4,330.2,330.3,331.4,332.8,-70.76067180327868,31.327868852459016,1,0.03172131147540987,0.039000000000000146
vehicle_009_session_01206,vehicle_009,1206,train,111.76515330098937,49.2,340.5,341.3,344.7,349.1,-70.75083475409835,34.57377049180328,1,0.03934426229508194,0.041999999999999815
vehicle_009_session_01207,vehicle_009,1207,train,115.50144011544015,48.8,339.3,339.9,343.3,347.8,-69.99672098360655,29.901639344262296,2,0.04059016393442621,0.04300000000000015
vehicle_009_session_01208,vehicle_009,1208,train,115.11041340174135,52.8,343.2,344.1,347.5,351.8,-70.26559032786885,33.90163934426229,1,0.04022950819672129,0.042999999999999705
vehicle_009_session_01209,vehicle_009,1209,train,115.46538634950247,61.6,350.5,351.3,354.6,358.5,-70.0000031147541,32.08196721311475,1,0.0399016393442623,0.04200000000000026
vehicle_009_session_01210,vehicle_009,1210,train,113.09163897907646,46.4,336.0,337.5,341.3,346.3,-70.04918426229509,29.62295081967213,1,0.041163934426229544,0.04600000000000026
vehicle_009_session_01211,vehicle_009,1211,train,107.50721256775066,14.4,328.5,328.8,329.9,331.1,-70.17214196721312,35.0,0,0.041934426229508215,0.05600000000000005
vehicle_009_session_01212,vehicle_009,1212,train,110.8155268640351,47.2,339.3,339.9,343.0,347.4,-70.10820377049181,38.21311475409836,1,0.03900000000000001,0.04200000000000026
vehicle_009_session_01213,vehicle_009,1213,train,118.7833694172113,77.6,362.7,363.5,366.9,371.3,-70.08033377049182,39.36065573770492,1,0.04068852459016401,0.0420000000000007
vehicle_009_session_01214,vehicle_009,1214,train,116.0845286421395,56.4,344.1,345.9,349.79999999999995,353.9,-69.84474171052632,30.0,0,0.0439342105263158,0.050000000000000266
vehicle_009_session_01215,vehicle_009,1215,train,107.63207186259919,12.4,325.8,327.1,329.2,330.7,-70.004918852459,32.85245901639344,1,0.05183606557377047,0.06799999999999962
vehicle_009_session_01216,vehicle_009,1216,train,109.31279113618828,35.2,333.8,334.2,336.0,338.5,-69.94426393442622,34.98360655737705,2,0.0329180327868852,0.03600000000000003
vehicle_009_session_01217,vehicle_009,1217,train,115.2556416566023,64.0,352.2,353.0,356.1,360.0,-69.92951016393444,37.377049180327866,1,0.03934426229508197,0.04100000000000037
vehicle_009_session_01218,vehicle_009,1218,train,107.31321180555555,8.8,324.7,325.8,328.3,330.0,-70.22295901639345,34.19672131147541,1,0.054754098360655735,0.06499999999999995
vehicle_009_session_01219,vehicle_009,1219,train,108.55057950498573,40.8,336.3,336.8,338.9,342.5,-70.0786949180328,37.39344262295082,1,0.036180327868852453,0.040999999999999925
vehicle_009_session_01220,vehicle_009,1220,train,115.70645202651518,72.0,358.3,359.1,362.4,366.8,-70.07213754098362,39.377049180327866,1,0.040278688524590184,0.0420000000000007
vehicle_009_session_01221,vehicle_009,1221,train,115.25287536764706,50.0,339.7,340.5,344.3,348.8,-70.20984737704919,37.73770491803279,1,0.04204918032786887,0.04400000000000004
vehicle_009_session_01222,vehicle_009,1222,train,108.50963341346154,17.2,326.9,327.8,329.2,330.5,-60.17705918032787,39.0,0,0.046000000000000006,0.06200000000000028
vehicle_009_session_01223,vehicle_009,1223,train,110.52964076605907,45.2,337.4,337.8,339.96999999999997,343.6,-60.162305081967226,41.21311475409836,1,0.035770491803278695,0.040000000000000036
vehicle_009_session_01224,vehicle_009,1224,train,119.02836010304662,71.2,356.8,357.4,360.0,363.6,-60.18689524590164,42.540983606557376,1,0.036999999999999963,0.03900000000000059
vehicle_009_session_01225,vehicle_009,1225,train,105.58501330037666,5.2,324.4,324.9,326.6,328.3,-59.800018032786895,43.0,0,0.06175409836065568,0.06800000000000006
vehicle_009_session_01226,vehicle_009,1226,train,108.11180588624342,28.8,331.6,331.9,332.8,334.6,-59.80985311475411,44.0,0,0.02785245901639344,0.03000000000000025
vehicle_009_session_01227,vehicle_009,1227,train,114.96782648953305,54.0,343.6,344.4,347.4,351.0,-59.79674098360658,46.0,0,0.037180327868852454,0.04100000000000037
vehicle_009_session_01228,vehicle_009,1228,train,118.34433449074074,72.8,358.2,358.9,362.4,366.6,-70.09509114754098,41.32786885245902,1,0.04104918032786886,0.04300000000000015
vehicle_009_session_01229,vehicle_009,1229,train,108.8855301299283,24.4,330.7,330.8,331.7,333.2,-60.0,41.0,0,0.027491803278688526,0.03100000000000014
vehicle_009_session_01230,vehicle_009,1230,train,110.13690654761903,49.2,340.5,341.1,344.3,348.0,-60.00983704918033,43.34426229508197,1,0.03755737704918033,0.040000000000000036
vehicle_009_session_01231,vehicle_009,1231,train,121.05208791666666,77.6,362.2,363.0,365.8,369.6,-60.02787163934426,44.0,0,0.037852459016393517,0.03900000000000059
vehicle_009_session_01232,vehicle_009,1232,train,114.6365890250545,47.2,336.6,338.1,341.975,346.6,-70.2920192,38.50666666666667,1,0.041800000000000025,0.04500000000000037
vehicle_009_session_01233,vehicle_009,1233,train,113.83731746339363,37.6,331.6,332.29999999999995,333.70000000000005,335.5,-45.01579105263158,34.73684210526316,1,0.02517105263157897,0.028000000000000025
vehicle_009_session_01234,vehicle_009,1234,train,113.00107773919753,43.6,336.1,336.8,339.3,343.3,-70.19017573770492,38.0,2,0.038295081967213096,0.04400000000000004
vehicle_009_session_01235,vehicle_009,1235,train,110.75878884259261,40.0,335.0,335.5,337.7,341.0,-69.98360491803278,32.36065573770492,1,0.035934426229508154,0.040000000000000036
vehicle_009_session_01236,vehicle_009,1236,train,118.43748988266283,70.0,356.4,357.2,360.5,364.6,-69.93278081967213,35.0,0,0.04078688524590158,0.041999999999999815
vehicle_009_session_01237,vehicle_009,1237,train,107.92299518623737,24.8,330.8,331.0,332.2,333.8,-70.1344362295082,38.16393442622951,2,0.03157377049180329,0.03600000000000003
vehicle_009_session_01238,vehicle_009,1238,train,115.38890699074075,60.0,348.6,349.4,352.5,356.4,-70.16066573770492,42.0,0,0.03937704918032787,0.040999999999999925
vehicle_009_session_01239,vehicle_009,1239,train,111.66668185185185,40.4,334.9,335.2,337.5,340.8,-70.10000901639344,37.459016393442624,1,0.036229508196721306,0.040000000000000036
vehicle_009_session_01240,vehicle_009,1240,train,117.04204693486595,70.4,356.6,357.4,360.7,364.7,-70.15246901639344,40.0,0,0.040590163934426236,0.04300000000000015
vehicle_009_session_01241,vehicle_009,1241,train,111.8897831665753,26.8,329.7,330.5,332.1,333.8,-70.01733586666667,36.986666666666665,2,0.03369333333333337,0.04400000000000004
vehicle_009_session_01242,vehicle_009,1242,train,107.29874427726335,0.4,320.7,322.1,324.9,327.4,-69.52951114754099,39.0,0,0.07026229508196721,0.08300000000000018
vehicle_009_session_01243,vehicle_009,1243,train,109.21180703125,22.0,330.3,330.7,331.7,333.2,-69.52295311475409,39.704918032786885,1,0.0316065573770492,0.03699999999999992
vehicle_009_session_01244,vehicle_009,1244,train,114.3055563165906,54.4,344.3,345.2,348.5,352.5,-69.50163950819672,43.49180327868852,1,0.03986885245901638,0.042999999999999705
vehicle_009_session_01245,vehicle_009,1245,train,110.81741710069443,39.6,334.7,335.2,337.2,340.3,-70.48688393442623,39.42622950819672,1,0.0353934426229508,0.0389999999999997
vehicle_009_session_01246,vehicle_009,1246,train,117.46638161375667,68.4,354.7,355.5,358.8,362.8,-70.49836049180328,41.77049180327869,1,0.04036065573770491,0.041999999999999815
vehicle_009_session_01247,vehicle_009,1247,train,107.5368054519071,26.4,331.0,331.3,332.4,333.8,-60.23607327868853,35.81967213114754,1,0.026967213114754127,0.028999999999999915
vehicle_009_session_01248,vehicle_009,1248,train,107.60357346491229,53.2,343.2,343.9,346.9,350.3,-57.801646721311485,38.704918032786885,1,0.036852459016393405,0.040000000000000036
vehicle_009_session_01249,vehicle_009,1249,train,116.53612118055555,76.0,360.3,361.1,363.6,366.9,-55.18525049180329,39.0,0,0.035852459016393494,0.038000000000000256
vehicle_009_session_01250,vehicle_009,1250,train,107.24426785714286,16.0,326.9,328.2,329.7,331.1,-70.00491901639343,35.85245901639344,1,0.04844262295081968,0.06699999999999973
vehicle_009_session_01251,vehicle_009,1251,train,110.54414098173518,41.6,335.8,336.3,338.6,342.1,-69.99672213114754,38.40983606557377,1,0.036672131147540955,0.04200000000000026
vehicle_009_session_01252,vehicle_009,1252,train,118.92478966572507,71.2,356.8,357.7,360.8,365.0,-70.00000065573771,40.31147540983606,1,0.040918032786885265,0.0420000000000007
vehicle_009_session_01253,vehicle_009,1253,train,107.53065400326798,15.6,327.4,327.7,328.5,329.4,-46.41803770491804,38.0,0,0.0416885245901639,0.052000000000000046
vehicle_009_session_01254,vehicle_009,1254,train,112.49024099392363,35.2,331.4,332.7,334.7,337.4,-70.93606770491805,33.49180327868852,1,0.03339344262295083,0.03699999999999992
vehicle_009_session_01255,vehicle_009,1255,train,115.6729852887427,60.8,349.3,350.0,353.3,357.2,-71.08689295081967,36.32786885245902,1,0.04009836065573774,0.04100000000000037
vehicle_009_session_01256,vehicle_009,1256,train,105.80262873931626,32.0,332.1,332.2,333.2,334.4,-45.421314098360654,35.47540983606557,1,0.023327868852459032,0.026000000000000245
vehicle_009_session_01257,vehicle_009,1257,train,106.94904526991616,53.2,342.2,342.8,345.2,348.0,-43.85410508196722,37.950819672131146,1,0.03324590163934427,0.03600000000000003
vehicle_009_session_01258,vehicle_009,1258,train,108.55752302631583,29.2,331.0,331.7,333.3,335.3,-70.70164967213114,40.65573770491803,1,0.03157377049180328,0.0349999999999997
vehicle_009_session_01259,vehicle_009,1259,train,114.26287147070018,52.0,342.2,343.2,346.8,351.0,-70.75903229508195,43.14754098360656,1,0.04024590163934423,0.04300000000000015
vehicle_009_session_01260,vehicle_009,1260,train,108.70258820512822,22.4,329.2,329.4,330.0,331.0,-45.100010000000005,38.0,0,0.02508196721311476,0.030999999999999694
vehicle_009_session_01261,vehicle_009,1261,train,114.5512518939394,63.6,349.4,351.1,354.1,357.5,-60.180332786885245,40.0,0,0.03624590163934426,0.039000000000000146
vehicle_009_session_01262,vehicle_009,1262,train,116.577624465812,51.6,340.5,341.4,345.2,349.7,-70.37704606557378,38.08196721311475,1,0.04216393442622948,0.04499999999999993
vehicle_009_session_01263,vehicle_009,1263,train,105.01201837121215,6.4,322.4,323.0,325.0,326.7,-45.20328901639345,38.0,0,0.05309836065573771,0.06000000000000005
vehicle_009_session_01264,vehicle_009,1264,train,102.30355809343436,60.0,346.8,347.90999999999997,350.27,352.8,-45.17542016393443,38.295081967213115,1,0.031213114754098346,0.03300000000000036
vehicle_009_session_01265,vehicle_009,1265,train,107.73678411968955,25.2,329.2,329.7,331.0,332.4,-60.06129564516129,36.516129032258064,1,0.03240322580645166,0.04499999999999993
vehicle_009_session_01266,vehicle_009,1266,train,113.69819401709398,52.4,341.3,342.1,345.0,348.9,-60.1213168852459,39.0,0,0.03798360655737706,0.04100000000000037
vehicle_009_session_01267,vehicle_009,1267,train,114.76614216457021,73.6,358.5,358.9,361.1,363.8,-45.200010000000006,38.0,0,0.03231147540983602,0.034000000000000696
vehicle_009_session_01268,vehicle_009,1268,train,109.98291912393165,39.6,334.6,335.0,336.6,339.1,-59.45410524590165,40.60655737704918,1,0.030737704918032765,0.03399999999999981
vehicle_009_session_01269,vehicle_009,1269,train,108.82813472645664,20.0,327.8,328.6,329.9,331.0,-60.880652419354846,38.064516129032256,1,0.04282258064516129,0.06000000000000005
vehicle_009_session_01270,vehicle_009,1270,train,116.11054288194443,53.2,341.6,342.4,345.3,348.8,-58.054104262295084,41.50819672131148,1,0.037262295081967226,0.040999999999999925
vehicle_009_session_01271,vehicle_009,1271,train,111.42027459839359,34.8,332.5,332.8,334.7,337.4,-70.17214065573772,37.21311475409836,1,0.03293442622950822,0.03600000000000003
vehicle_009_session_01272,vehicle_009,1272,train,118.47399311440682,68.4,354.7,355.5,358.6,362.8,-70.01967524590165,40.0,0,0.04011475409836062,0.04200000000000026
vehicle_009_session_01273,vehicle_009,1273,train,107.90668279109588,28.0,330.3,331.0,332.5,334.6,-70.0737762295082,40.540983606557376,1,0.03280327868852461,0.040000000000000036
vehicle_009_session_01274,vehicle_009,1274,train,115.75061580882351,57.2,346.3,347.2,350.5,354.4,-69.96885327868853,43.14754098360656,1,0.03986885245901637,0.041999999999999815
vehicle_009_session_01275,vehicle_009,1275,train,112.65207981715893,42.4,335.8,336.4,338.9,342.7,-70.04590573770493,38.704918032786885,1,0.03785245901639342,0.04200000000000026
vehicle_009_session_01276,vehicle_009,1276,train,122.06778154932955,74.4,359.9,360.7,363.9,368.3,-69.98033213114753,40.98360655737705,1,0.040901639344262296,0.0420000000000007
vehicle_009_session_01277,vehicle_009,1277,train,110.54470264756947,45.2,338.0,338.5,341.1,345.5,-69.97868770491803,42.77049180327869,1,0.039213114754098395,0.04300000000000015
vehicle_009_session_01278,vehicle_009,1278,train,109.29113230519482,13.6,325.3,326.7,328.9,330.3,-70.02787163934427,37.81967213114754,1,0.05378688524590164,0.06899999999999995
vehicle_009_session_01279,vehicle_009,1279,train,111.28413218858503,44.8,337.2,337.8,340.2,344.1,-70.01475786885246,40.73770491803279,1,0.03793442622950819,0.04300000000000015
vehicle_009_session_01280,vehicle_009,1280,train,117.04723187500005,70.4,356.1,357.1,360.2,364.4,-70.04426770491803,42.24590163934426,1,0.04024590163934423,0.041999999999999815
vehicle_009_session_01281,vehicle_009,1281,train,108.99747585470084,28.8,329.4,330.25,331.7,333.3,-60.79737421052631,34.96052631578947,2,0.029618421052631613,0.038000000000000256
vehicle_009_session_01282,vehicle_009,1282,train,115.11367225411,49.6,337.5,338.9,341.8375,345.8,-59.04533906666666,35.586666666666666,1,0.03733333333333334,0.04100000000000037
vehicle_009_session_01283,vehicle_009,1283,train,106.76225673010973,17.2,327.2,328.5,330.0,331.4,-69.97376983606557,36.114754098360656,1,0.04657377049180325,0.06599999999999984
vehicle_009_session_01284,vehicle_009,1284,train,111.46011360398863,49.6,340.3,341.1,344.6,348.8,-69.94262442622951,39.60655737704918,1,0.04037704918032789,0.04300000000000015
vehicle_009_session_01285,vehicle_009,1285,train,108.91748413671023,19.2,325.7,327.2,328.5,329.4,-44.63114819672131,37.0,0,0.04547540983606556,0.05900000000000016
vehicle_009_session_01286,vehicle_009,1286,train,109.37499999999999,40.0,333.6,333.8,334.9,336.6,-45.0,38.39344262295082,1,0.025327868852459037,0.028000000000000025
vehicle_009_session_01287,vehicle_009,1287,train,115.2760027882363,31.2,329.9,331.1,332.75,335.0,-69.9644747368421,33.75,1,0.03225000000000003,0.038000000000000256
vehicle_009_session_01288,vehicle_009,1288,train,112.15921993231365,30.8,330.3,331.5,333.4,335.5,-70.00658052631579,30.75,1,0.03172368421052635,0.037000000000000366
vehicle_009_session_01289,vehicle_009,1289,train,113.37360075058272,37.600002,332.19998,333.4,335.69998,338.6,-69.98947305263158,37.223684210526315,2,0.03415789078947368,0.03799999999999981
vehicle_009_session_01290,vehicle_009,1290,train,113.30857125162441,26.0,328.8,329.79999999999995,331.3,333.0,-70.06579605263158,42.421052631578945,1,0.03536842105263161,0.051000000000000156
vehicle_009_session_01291,vehicle_009,1291,train,109.89487121248408,16.0,326.7,327.9,329.65,331.0,-70.17334333333334,38.6,1,0.050546666666666656,0.06800000000000006
vehicle_009_session_01292,vehicle_009,1292,train,107.48194637647424,4.8,322.8,324.2,326.7,328.9,-70.07105828947368,34.0,0,0.060078947368421017,0.06800000000000006
vehicle_009_session_01293,vehicle_009,1293,train,115.537532788769,41.2,332.7,333.85,336.4,339.7,-70.17632592105265,33.8421052631579,1,0.034157894736842054,0.03799999999999981
vehicle_009_session_01294,vehicle_009,1294,train,113.10074159649125,21.6,328.5,329.19998,330.69998,332.19998,-70.13553373684209,33.39473684210526,1,0.04053945394736843,0.06000000000000005
vehicle_009_session_01295,vehicle_009,1295,train,107.75967255434782,14.4,327.2,327.8,328.9,330.2,-61.2803324590164,29.0,0,0.04401639344262294,0.05699999999999994
vehicle_009_session_01296,vehicle_009,1296,train,106.57763076836918,42.0,335.7,336.0,337.8,340.5,-59.657383114754104,32.01639344262295,2,0.031180327868852446,0.03399999999999981
vehicle_009_session_01297,vehicle_009,1297,train,112.30992084510355,66.8,352.5,353.3,355.7,358.8,-56.70000475409837,34.0,0,0.034180327868852486,0.03600000000000003
vehicle_009_session_01298,vehicle_009,1298,train,110.75521450617282,42.4,335.0,335.5,337.7,341.0,-70.02623295081968,32.81967213114754,2,0.034803278688524536,0.038000000000000256
vehicle_009_session_01299,vehicle_009,1299,train,108.457344284188,34.0,333.0,333.3,334.7,337.1,-70.01803426229507,33.032786885245905,2,0.03150819672131144,0.03399999999999981
vehicle_009_session_01300,vehicle_009,1300,train,107.91788176169591,21.6,327.4,328.3,329.7,331.0,-59.767221475409826,31.950819672131146,1,0.042442622950819665,0.05900000000000016
vehicle_009_session_01301,vehicle_009,1301,train,109.4244311440678,44.4,335.5,336.0,337.8,340.7,-59.96393081967213,34.21311475409836,1,0.03186885245901636,0.03600000000000003
vehicle_009_session_01302,vehicle_009,1302,train,115.29667019980509,75.2,357.8,358.6,361.4,365.0,-60.0,36.16393442622951,1,0.03583606557377051,0.03700000000000081
vehicle_009_session_01303,vehicle_009,1303,train,106.71070956131437,28.4,331.6,331.9,333.2,334.9,-70.04918426229509,33.32786885245902,1,0.029442622950819685,0.03200000000000003
vehicle_009_session_01304,vehicle_009,1304,train,107.84150065789476,61.2,348.6,349.6,352.75,356.6,-69.97419629032258,36.806451612903224,1,0.037854838709677464,0.039000000000000146
vehicle_009_session_01305,vehicle_009,1305,train,116.16299280598955,60.8,347.7,349.4,352.74,356.8,-70.19017409836066,34.22950819672131,1,0.034721311475409855,0.03699999999999992
vehicle_009_session_01306,vehicle_009,1306,train,112.73403082191783,47.6,336.9,337.4,339.9,344.1,-70.11476163934427,36.40983606557377,1,0.03424590163934428,0.039000000000000146
vehicle_009_session_01307,vehicle_009,1307,train,120.80610968137259,77.2,359.3,360.0,363.3,367.7,-70.10984295081965,38.50819672131148,1,0.03590163934426229,0.03700000000000081
vehicle_009_session_01308,vehicle_009,1308,train,116.36065189500935,62.8,347.4,348.3,351.6,355.7,-70.10984196721313,38.0,0,0.036131147540983594,0.03799999999999981
vehicle_009_session_01309,vehicle_009,1309,train,115.37102269804527,61.6,344.9,346.6,350.5,354.6,-70.12295770491802,36.0,0,0.03959016393442624,0.04600000000000026
vehicle_009_session_01310,vehicle_009,1310,train,116.3090157986111,73.6,355.5,356.1,358.9,362.5,-59.89835114754097,38.540983606557376,1,0.03290163934426226,0.034000000000000696
vehicle_009_session_01311,vehicle_009,1311,train,111.29590761408728,50.8,337.2,337.7,339.4,342.1,-45.100010000000005,34.0,0,0.027409836065573772,0.03200000000000003
vehicle_009_session_01312,vehicle_009,1312,train,114.80110595238094,53.2,339.1,339.9,343.6,348.3,-70.18525721311475,31.934426229508198,2,0.038245901639344285,0.040999999999999925
vehicle_009_session_01313,vehicle_009,1313,train,117.04922788742692,74.8,357.1,358.0,361.1,365.5,-70.04098786885244,34.0,0,0.03657377049180332,0.038000000000000256
vehicle_009_session_01314,vehicle_009,1314,train,108.06946597222223,24.0,329.2,329.4,330.0,331.0,-50.200010000000006,35.0,0,0.02663934426229511,0.03400000000000025
vehicle_009_session_01315,vehicle_009,1315,train,108.18428891283524,48.0,336.8,337.2,338.9,341.6,-50.200010000000006,37.18032786885246,1,0.02762295081967214,0.03100000000000014
vehicle_009_session_01316,vehicle_009,1316,train,109.62810379016065,38.4,333.3,333.8,335.3,337.7,-70.06885754098361,39.459016393442624,1,0.030836065573770503,0.03400000000000025
vehicle_009_session_01317,vehicle_009,1317,train,115.83622361766244,71.6,354.4,355.2,358.3,362.4,-70.0639393442623,42.0,0,0.03632786885245901,0.038000000000000256
vehicle_009_session_01318,vehicle_009,1318,train,108.44798411306043,40.8,333.8,334.1,336.0,338.6,-70.06230049180328,36.40983606557377,1,0.03175409836065571,0.03400000000000025
vehicle_009_session_01319,vehicle_009,1319,train,117.72055876004018,63.6,347.7,348.6,351.9,355.8,-70.04099065573769,39.0,0,0.03563934426229508,0.037000000000000366
vehicle_009_session_01320,vehicle_009,1320,train,108.25355250974657,16.4,323.8,324.9,326.7,328.2,-46.39672606557377,33.77049180327869,1,0.051163934426229456,0.06000000000000005
vehicle_009_session_01321,vehicle_009,1321,train,108.68880973399249,39.2,332.2,332.5,333.5,334.9,-45.43279524590165,35.26229508196721,1,0.021754098360655737,0.02400000000000002
vehicle_009_session_01322,vehicle_009,1322,train,113.54723999999999,62.8,346.1,346.6,348.8,351.3,-43.41148672131149,37.0,0,0.027524590163934395,0.028999999999999915
vehicle_009_session_01323,vehicle_009,1323,train,112.42605381944443,49.6,334.7,336.3,339.6,344.1,-69.97540934426229,35.049180327868854,2,0.035672131147540996,0.040000000000000036
vehicle_009_session_01324,vehicle_009,1324,train,116.99056423611114,71.2,353.5,354.3,357.5,361.6,-69.85902,37.0,0,0.036180327868852474,0.038000000000000256
vehicle_009_session_01325,vehicle_009,1325,train,112.66517367690061,39.6,330.8,331.7,333.55,335.7,-59.98816131578946,39.0,0,0.028315789473684235,0.03200000000000003
vehicle_009_session_01326,vehicle_009,1326,train,110.10161402165029,28.0,328.6,329.6,331.0,332.7,-70.40819737704919,40.39344262295082,1,0.03970491803278692,0.06000000000000005
vehicle_009_session_01327,vehicle_009,1327,train,113.74489266748368,55.6,340.3,341.1,344.6,348.9,-70.49180245901638,43.032786885245905,1,0.03688524590163935,0.039000000000000146
vehicle_009_session_01328,vehicle_009,1328,train,106.9054009796627,9.2,323.5,323.8,325.2,326.6,-46.1803375409836,35.01639344262295,0,0.06583606557377047,0.07000000000000028
vehicle_009_session_01329,vehicle_009,1329,train,105.76389611111112,31.6,330.3,330.5,331.1,332.1,-45.3098380327869,36.0,0,0.020606557377049212,0.02400000000000002
vehicle_009_session_01330,vehicle_009,1330,train,110.35109207818928,51.6,336.9,337.2,338.8,341.0,-44.296725901639356,38.0,0,0.025081967213114745,0.028000000000000025
vehicle_009_session_01331,vehicle_009,1331,train,109.77372880747126,25.2,328.9,329.2,329.9,330.8,-50.100010000000005,39.39344262295082,1,0.0279344262295082,0.03600000000000003
vehicle_009_session_01332,vehicle_009,1332,train,114.87816758385743,68.0,350.5,351.1,353.3,356.1,-50.100010000000005,43.0,0,0.030459016393442645,0.03200000000000003
vehicle_009_session_01333,vehicle_009,1333,train,108.20221843905472,20.0,326.6,327.7,329.6,331.0,-71.49672098360655,39.52459016393443,1,0.05119672131147541,0.06999999999999984
vehicle_009_session_01334,vehicle_009,1334,train,108.62377706128751,24.8,328.0,329.2,330.5,332.2,-69.88687918032787,39.442622950819676,1,0.04180327868852461,0.06099999999999994
vehicle_009_session_01335,vehicle_009,1335,train,107.27460367933723,50.4,338.0,338.6,341.3,345.7,-69.8803237704918,42.24590163934426,1,0.036672131147540976,0.040000000000000036
vehicle_009_session_01336,vehicle_009,1336,train,109.32800089605739,16.0,324.6,324.9,326.6,328.0,-49.80002000000002,36.0,0,0.05165573770491795,0.05600000000000005
vehicle_009_session_01337,vehicle_009,1337,train,110.3089523467433,40.8,332.5,332.7,333.8,335.3,-49.80002000000002,37.0,0,0.023754098360655763,0.025000000000000355
vehicle_009_session_01338,vehicle_009,1338,train,110.12543259319311,14.0,323.6,325.24999,328.0,329.9,-70.11842765789473,30.907894736842106,1,0.055513153947368415,0.06700020000000029
vehicle_009_session_01339,vehicle_009,1339,train,112.23508324759942,36.8,331.1,331.7,333.3,335.5,-70.00163950819672,30.78688524590164,1,0.030491803278688553,0.03299999999999992
vehicle_009_session_01340,vehicle_009,1340,train,106.05519426406927,40.8,334.4,334.9,336.8,339.7,-70.0,29.491803278688526,1,0.031967213114754096,0.03500000000000014
vehicle_009_session_01341,vehicle_009,1341,train,111.65918648504272,71.6,354.6,355.3,358.6,362.5,-69.99016295081968,32.65573770491803,1,0.0365081967213114,0.03799999999999981
vehicle_009_session_01342,vehicle_009,1342,train,112.7603588330518,28.4,328.5,329.5,331.0,332.5,-69.8236922368421,33.80263157894737,1,0.037486842105263186,0.05500000000000016
vehicle_009_session_01343,vehicle_009,1343,train,114.6999977777778,55.6,339.7,340.5,343.9,348.5,-69.97868639344263,35.09836065573771,2,0.03744262295081969,0.040000000000000036
vehicle_009_session_01344,vehicle_009,1344,train,115.50444116512342,56.4,339.9,340.8,344.7,349.3,-70.05410278688524,36.0,0,0.03870491803278689,0.04100000000000037
vehicle_009_session_01345,vehicle_009,1345,train,107.97602087370801,21.2,326.9,327.8,329.6,331.0,-69.99508524590163,36.0,0,0.04837704918032787,0.06599999999999984
vehicle_009_session_01346,vehicle_009,1346,train,115.46474755163818,64.8,347.8,348.6,351.9,356.0,-70.00983737704918,40.0,0,0.036459016393442636,0.03799999999999981
vehicle_009_session_01347,vehicle_009,1347,train,108.6975071985095,30.4,330.8,331.1,332.2,333.8,-70.13771442622952,36.26229508196721,1,0.029754098360655745,0.03200000000000003
vehicle_009_session_01348,vehicle_009,1348,train,114.11959313165906,63.2,347.1,347.8,351.1,355.2,-70.15246901639344,39.09836065573771,1,0.036655737704918014,0.038000000000000256
vehicle_009_session_01349,vehicle_009,1349,train,112.9696564152443,29.2,328.3,329.1,330.4,331.9,-60.05395131578946,34.328947368421055,1,0.03460526315789477,0.050000000000000266
vehicle_009_session_01350,vehicle_009,1350,train,110.77976946159119,30.8,330.3,330.7,331.7,333.5,-70.21148688524589,34.36065573770492,1,0.031393442622950844,0.040999999999999925
vehicle_009_session_01351,vehicle_009,1351,train,114.74475289351855,63.2,346.3,347.2,350.7,354.6,-70.23771868852458,38.0,0,0.036786885245901624,0.038000000000000256
vehicle_009_session_01352,vehicle_009,1352,train,115.17015971959177,44.8,331.0,331.4,332.5,333.8,-28.46711052631579,31.486842105263158,1,0.01767105263157896,0.020000000000000018
vehicle_009_session_01353,vehicle_009,1353,train,107.18068130081302,51.2,336.0,336.0,336.6,337.1,-14.312003866666668,36.0,0,0.01629333333333331,0.017999999999999794
vehicle_009_session_01354,vehicle_009,1354,train,110.78448096707825,35.2,331.6,331.9,333.2,334.9,-69.1016493442623,36.950819672131146,2,0.029475409836065582,0.03100000000000014
vehicle_009_session_01355,vehicle_009,1355,train,109.75082352941178,48.4,334.9,335.2,336.4,338.3,-45.198365245901634,37.67213114754098,1,0.025999999999999968,0.028999999999999915
vehicle_009_session_01356,vehicle_009,1356,train,111.2532239583334,43.2,332.7,333.0,334.1,335.7,-45.86229918032788,38.0,0,0.023803278688524603,0.026000000000000245
vehicle_009_session_01357,vehicle_009,1357,train,108.27153722222222,24.4,327.5,327.8,328.8,329.7,-46.537710000000004,36.0,0,0.040245901639344245,0.053999999999999826
vehicle_009_session_01358,vehicle_009,1358,train,108.45861907679739,44.4,333.6,333.9,335.0,336.8,-45.83935032786887,37.83606557377049,1,0.024967213114754073,0.028000000000000025
vehicle_009_session_01359,vehicle_009,1359,train,115.55849633200359,48.0,333.2,334.15,336.5,339.6,-59.76580065789473,37.86842105263158,1,0.031249999999999993,0.03400000000000025
vehicle_009_session_01360,vehicle_009,1360,train,113.87501527777779,45.2,333.5,333.9,336.1,339.1,-69.09837049180328,35.0,2,0.032868852459016384,0.03500000000000014
vehicle_009_session_01361,vehicle_009,1361,train,109.75716229021994,26.4,327.8,329.0,330.4,331.9,-69.9473694736842,35.31578947368421,1,0.04198684210526318,0.06299999999999972
vehicle_009_session_01362,vehicle_009,1362,train,108.29824221688035,65.2,347.1,348.4,351.85,355.8,-69.92666933333334,38.50666666666667,1,0.03814666666666667,0.039000000000000146
vehicle_009_session_01363,vehicle_009,1363,train,107.96743037749286,30.0,331.0,331.3,332.4,334.1,-69.69345262295082,38.26229508196721,1,0.029557377049180333,0.03299999999999992
vehicle_009_session_01364,vehicle_009,1364,train,112.29843769290126,61.2,345.8,346.8,350.0,354.1,-69.70164999999999,41.67213114754098,1,0.03793442622950816,0.040000000000000036
vehicle_009_session_01365,vehicle_009,1365,train,110.44317815656564,32.8,329.2,330.2,331.7,333.6,-69.97540737704918,39.40983606557377,1,0.0343770491803279,0.04800000000000004
vehicle_009_session_01366,vehicle_009,1366,train,114.80172775764893,54.8,339.3,339.9,343.0,347.4,-69.96557032786885,41.77049180327869,1,0.038754098360655735,0.04200000000000026
vehicle_009_session_01367,vehicle_009,1367,train,107.70303491423317,4.0,317.1,318.29999,318.4,319.6,-17.42763770263158,41.0,0,0.0632368289473684,0.07900000000000018
vehicle_009_session_01368,vehicle_009,1368,train,113.83945159932657,56.8,340.0,340.7,343.6,347.7,-60.09181065573771,42.39344262295082,1,0.036688524590163966,0.039000000000000146
vehicle_009_session_01369,vehicle_009,1369,train,110.37787370642704,31.6,330.3,330.5,331.3,332.2,-46.1032868852459,34.52459016393443,1,0.021163934426229523,0.02400000000000002
vehicle_009_session_01370,vehicle_009,1370,train,107.61842636335784,52.0,338.0,338.3,340.0,342.7,-44.90164540983608,36.868852459016395,1,0.028934426229508214,0.03299999999999992
vehicle_009_session_01371,vehicle_009,1371,train,114.87719330357142,58.8,339.7,341.70000000000005,346.4,351.0,-70.4671077631579,37.63157894736842,1,0.0407236842105263,0.04400000000000004
vehicle_009_session_01372,vehicle_009,1372,train,114.71588366284013,44.8,332.5,333.55,336.0375,339.1,-69.97733373333334,36.10666666666667,1,0.03326666666666663,0.03600000000000003
vehicle_009_session_01373,vehicle_009,1373,train,108.24919346405231,23.2,328.2,328.6,329.9,331.3,-70.10492524590164,41.459016393442624,1,0.04352459016393448,0.05799999999999983
vehicle_009_session_01374,vehicle_009,1374,train,113.59434155092593,57.2,340.8,341.3,344.4,348.3,-63.70000786885247,44.91803278688525,1,0.03700000000000002,0.040000000000000036
vehicle_009_session_01375,vehicle_009,1375,train,108.33529929577465,16.0,323.6,324.7,327.2,328.9,-61.52131704918033,41.0,0,0.05547540983606554,0.06499999999999995
vehicle_009_session_01376,vehicle_009,1376,train,109.39339488017428,44.4,334.2,334.7,336.1,338.6,-59.70164639344263,42.540983606557376,1,0.029786885245901597,0.03299999999999992
vehicle_009_session_01377,vehicle_009,1377,train,116.68804001068376,67.2,349.6,350.3,353.5,357.5,-70.03770868852459,39.24590163934426,1,0.03806557377049184,0.040000000000000036
vehicle_009_session_01378,vehicle_009,1378,train,107.216520263267,12.8,324.4,324.9,327.1,328.6,-60.47868639344262,37.0,0,0.055540983606557334,0.06099999999999994
vehicle_009_session_01379,vehicle_009,1379,train,106.23313472222225,39.6,333.3,333.6,334.9,336.9,-60.5,38.73770491803279,1,0.028590163934426226,0.031999999999999584
vehicle_009_session_01380,vehicle_009,1380,train,112.27145776326695,67.6,350.2,350.8,353.6,356.9,-60.5,41.0,0,0.0351147540983607,0.03600000000000003
vehicle_009_session_01381,vehicle_009,1381,train,110.11592619181683,23.6,328.5,328.8,329.7,331.0,-60.76886934426231,33.442622950819676,1,0.038327868852459,0.0519999999999996
vehicle_009_session_01382,vehicle_009,1382,train,112.21898361545139,53.6,338.9,339.4,342.1,346.0,-60.82296393442625,36.721311475409834,1,0.03503278688524593,0.0389999999999997
vehicle_009_session_01383,vehicle_009,1383,train,110.04308099597957,16.8,325.0,326.20000000000005,328.70000000000005,330.2,-69.9080004,34.06666666666667,1,0.05391999999999996,0.06600000000000028
vehicle_009_session_01384,vehicle_009,1384,train,115.66625170289858,51.6,335.2,336.70000000000005,339.9,344.7,-70.14606197368421,37.328947368421055,1,0.03839473684210527,0.04300000000000015
vehicle_009_session_01385,vehicle_009,1385,train,107.20441702279201,14.4,324.9,325.8,328.2,329.9,-70.02131360655737,34.75409836065574,1,0.05573770491803278,0.06400000000000006
vehicle_009_session_01386,vehicle_009,1386,train,108.0131161265432,45.6,335.8,336.3,338.5,341.8,-69.98852344262295,37.39344262295082,1,0.03477049180327867,0.038000000000000256
vehicle_009_session_01387,vehicle_009,1387,train,115.07005129142301,74.4,355.8,356.6,359.9,363.9,-69.97868639344263,39.0,0,0.039475409836065546,0.04100000000000037
vehicle_009_session_01388,vehicle_009,1388,train,114.47654579336529,40.8,331.0,332.2,334.2,336.8,-70.00800066666667,35.74666666666667,1,0.032133333333333326,0.03500000000000014
vehicle_009_session_01389,vehicle_009,1389,train,114.52481647940078,45.2,332.4,333.5,335.3,338.2,-59.50491852459016,33.34426229508197,1,0.029819672131147473,0.03299999999999992
vehicle_009_session_01390,vehicle_009,1390,train,109.82359458333333,43.6,333.5,333.8,335.3,337.7,-59.90490918032786,37.59016393442623,1,0.02983606557377046,0.03399999999999981
vehicle_009_session_01391,vehicle_009,1391,train,107.51530940145503,3.6,319.4,321.05,323.9,326.4,-69.98799866666666,40.92,1,0.07570666666666667,0.08899999999999997
vehicle_009_session_01392,vehicle_009,1392,train,113.32492098824787,45.6,335.7,336.0,338.2,341.1,-69.97733266666665,43.12,2,0.03419999999999998,0.03699999999999992
vehicle_009_session_01393,vehicle_009,1393,train,111.59014924125518,49.2,336.1,336.8,339.3,343.0,-69.98852409836064,39.65573770491803,1,0.0362950819672131,0.040999999999999925
vehicle_009_session_01394,vehicle_009,1394,train,118.5229170138889,71.2,352.4,353.3,356.3,360.3,-69.95245885245902,41.885245901639344,1,0.03852459016393442,0.04000000000000048
vehicle_009_session_01395,vehicle_009,1395,train,111.81126590909093,38.0,330.2,331.1,332.7,334.6,-60.17050196721313,40.950819672131146,1,0.02881967213114757,0.03299999999999992
vehicle_009_session_01396,vehicle_009,1396,train,115.70218242945329,60.4,342.8,343.6,346.9,350.5,-60.29673901639347,43.0,0,0.03655737704918032,0.039000000000000146
vehicle_009_session_01397,vehicle_009,1397,train,110.44161927816899,36.0,331.4,331.7,332.7,334.2,-60.078696393442634,41.377049180327866,1,0.026852459016393448,0.028999999999999915
vehicle_009_session_01398,vehicle_009,1398,train,114.5333224458569,64.4,346.8,347.5,350.5,353.8,-60.04426672131148,44.0,0,0.03495081967213113,0.03699999999999992
vehicle_009_session_01399,vehicle_009,1399,train,112.19150779024214,31.2,330.2,330.7,331.7,333.3,-70.00327901639345,39.36065573770492,1,0.032426229508196756,0.04200000000000026
vehicle_009_session_01400,vehicle_009,1400,train,116.10677059220681,62.8,345.7,346.3,349.9,353.9,-69.99672098360655,42.9344262295082,1,0.03811475409836064,0.040000000000000036
vehicle_009_session_01401,vehicle_009,1401,train,109.72955056042882,26.4,329.1,329.4,330.2,331.4,-59.63771491803279,40.0,0,0.0326393442622951,0.04200000000000026
vehicle_009_session_01402,vehicle_009,1402,train,108.33669017094019,49.2,336.3,336.9,338.8,341.8,-59.62787885245903,41.721311475409834,1,0.03267213114754096,0.03699999999999992
vehicle_009_session_01403,vehicle_009,1403,train,115.57360376602568,70.0,351.3,352.1,354.6,358.0,-59.668862459016395,43.0,0,0.03554098360655739,0.037000000000000366
vehicle_009_session_01404,vehicle_009,1404,train,112.65986679837167,50.8,336.4,336.9,338.9,342.4,-60.3295180327869,44.60655737704918,1,0.034229508196721284,0.038000000000000256
vehicle_009_session_01405,vehicle_009,1405,train,113.77150462962966,49.6,335.2,335.5,337.7,340.7,-59.46885655737706,32.622950819672134,1,0.03209836065573768,0.03400000000000025
vehicle_009_session_01406,vehicle_009,1406,train,113.98316676587308,53.6,338.0,338.6,341.8,346.3,-68.80165885245903,36.868852459016395,1,0.0390819672131148,0.04200000000000026
vehicle_009_session_01407,vehicle_009,1407,train,106.08359394654089,28.8,328.6,329.4,330.7,332.2,-59.94426131147541,33.52459016393443,1,0.03395081967213117,0.04899999999999993
vehicle_009_session_01408,vehicle_009,1408,train,108.68961292270532,50.4,337.1,337.5,339.9,343.3,-59.9918024590164,35.622950819672134,1,0.03406557377049179,0.0389999999999997
vehicle_009_session_01409,vehicle_009,1409,train,113.56459006944445,78.0,357.7,358.5,361.3,364.9,-60.006558032786884,37.0,0,0.03667213114754097,0.038000000000000256
vehicle_009_session_01410,vehicle_009,1410,train,112.22566319806134,56.8,339.1,340.6,345.1,349.9,-70.01733666666665,31.253333333333334,2,0.041373333333333304,0.04400000000000004
vehicle_009_session_01411,vehicle_009,1411,train,112.59559959563084,59.2,339.69998,342.4,347.14999,351.4,-69.93684542105262,32.93421052631579,1,0.04205262763157896,0.045000200000000046
vehicle_009_session_01412,vehicle_009,1412,train,104.78589718364195,18.4,326.7,327.4,328.8,330.0,-59.68853459016394,33.0,0,0.04722950819672129,0.05799999999999983
vehicle_009_session_01413,vehicle_009,1413,train,107.44328931924888,47.2,335.8,336.3,338.2,341.0,-59.69673131147542,36.049180327868854,2,0.03150819672131143,0.03400000000000025
vehicle_009_session_01414,vehicle_009,1414,train,110.77934645061731,48.8,334.9,335.3,337.4,340.3,-59.81968622950821,31.885245901639344,1,0.0318196721311475,0.03500000000000014
vehicle_009_session_01415,vehicle_009,1415,train,110.99723027777777,77.6,356.6,357.2,360.0,363.6,-59.84754672131148,34.0,0,0.03629508196721311,0.038000000000000256
vehicle_009_session_01416,vehicle_009,1416,train,111.62615052726333,73.6,355.8,356.6,359.3,362.8,-59.36557409836065,34.16393442622951,1,0.03586885245901636,0.038000000000000256
vehicle_009_session_01417,vehicle_009,1417,train,112.36600867108585,52.8,336.6,337.8,341.35,346.1,-69.95333533333333,35.81333333333333,1,0.03860000000000003,0.042999999999999705
vehicle_009_session_01418,vehicle_009,1418,train,111.48474569395539,40.8,331.9,332.7,334.9,337.7,-69.99079,34.18421052631579,1,0.03255263157894734,0.03600000000000003
vehicle_009_session_01419,vehicle_009,1419,train,111.79186469907404,58.4,341.0,341.70000000000005,344.9,348.6,-58.593427236842096,36.86842105263158,1,0.035934210526315784,0.039000000000000146
vehicle_009_session_01420,vehicle_009,1420,train,103.45432931857641,14.8,322.1,324.9,327.4,329.1,-60.66230114754099,39.0,0,0.056196721311475364,0.06599999999999984
vehicle_009_session_01421,vehicle_009,1421,train,107.21508379289214,40.8,333.2,333.5,334.9,336.8,-59.888529672131156,40.90163934426229,1,0.02840983606557378,0.03100000000000014
vehicle_009_session_01422,vehicle_009,1422,train,113.2249870090996,68.0,349.6,350.3,352.8,356.0,-56.85246524590165,43.0,0,0.03355737704918039,0.03500000000000014
vehicle_009_session_01423,vehicle_009,1423,train,105.43910502136752,30.0,328.9,329.9,331.6,333.3,-70.0147568852459,39.60655737704918,1,0.03604918032786887,0.051000000000000156
vehicle_009_session_01424,vehicle_009,1424,train,111.11777321156777,56.4,340.5,341.4,344.9,349.4,-69.95082262295082,41.9344262295082,1,0.039606557377049184,0.042999999999999705
vehicle_009_session_01425,vehicle_009,1425,train,112.73529304867988,56.4,340.3,341.05,344.65,348.9,-70.03866973333334,38.68,1,0.03909333333333334,0.04200000000000026
vehicle_009_session_01426,vehicle_009,1426,train,110.60988603270607,57.6,339.7,341.8,346.3,350.8,-69.50491852459017,37.31147540983606,1,0.04096721311475408,0.04400000000000004
vehicle_009_session_01427,vehicle_009,1427,train,110.81736015277777,52.8,336.8,338.09999,341.8,346.8,-70.0,36.0,2,0.03921052894736845,0.04300000000000015
vehicle_009_session_01428,vehicle_009,1428,train,102.87162753378377,15.6,325.0,326.3,328.6,330.2,-70.54262721311476,38.0,0,0.05632786885245901,0.06999999999999984
vehicle_009_session_01429,vehicle_009,1429,train,104.72761596024905,45.2,335.7,336.1,338.2,341.4,-70.54098770491804,40.50819672131148,1,0.03452459016393438,0.038000000000000256
vehicle_009_session_01430,vehicle_009,1430,train,110.13402406189081,48.4,334.1,335.2,338.2,342.1,-70.10656475409837,38.91803278688525,1,0.03596721311475411,0.040000000000000036
vehicle_009_session_01431,vehicle_009,1431,train,106.0060623219373,22.0,328.9,329.2,330.3,331.6,-70.06721836065574,38.18032786885246,1,0.040032786885245954,0.053999999999999826
vehicle_009_session_01432,vehicle_009,1432,train,109.88383783436215,53.6,339.4,339.9,343.0,347.4,-70.05902098360656,41.540983606557376,1,0.03798360655737704,0.041999999999999815
vehicle_009_session_01433,vehicle_009,1433,train,111.80039234145703,54.8,338.9,339.4,342.2,346.0,-58.768861147540996,39.77049180327869,1,0.035655737704918075,0.0389999999999997
vehicle_009_session_01434,vehicle_009,1434,train,106.0609029017857,43.6,334.6,334.9,336.9,339.9,-70.67869852459016,37.295081967213115,1,0.0339180327868852,0.03699999999999992
vehicle_009_session_01435,vehicle_009,1435,train,107.03127450742896,40.4,333.6,334.1,335.7,338.3,-69.75739278688525,37.67213114754098,1,0.03244262295081962,0.03600000000000003
vehicle_009_session_01436,vehicle_009,1436,train,113.48076327972714,75.2,355.7,356.4,359.7,363.9,-69.80657016393442,40.0,0,0.038885245901639325,0.04100000000000037
vehicle_009_session_01437,vehicle_009,1437,train,107.32236617140398,28.0,328.5,329.6375,331.1,332.7,-71.09734306666668,38.44,1,0.04068000000000004,0.05900000000000016
vehicle_009_session_01438,vehicle_009,1438,train,110.96854522222223,48.8,333.3,334.4,336.9,340.0,-59.74099770491804,30.721311475409838,1,0.031229508196721302,0.03399999999999981
vehicle_009_session_01439,vehicle_009,1439,train,112.69499249465818,56.0,338.0,339.54999,343.34999,347.5,-58.71053126315792,36.5,1,0.03785526447368424,0.04000020000000015
vehicle_009_session_01440,vehicle_009,1440,train,104.53789896262003,14.4,324.1,325.0,327.4,329.1,-60.82787180327869,37.0,0,0.05719672131147537,0.06700000000000017
vehicle_009_session_01441,vehicle_009,1441,train,105.97682521446077,47.2,336.0,336.3,338.3,341.3,-60.9918024590164,39.19672131147541,1,0.031999999999999966,0.03600000000000003
vehicle_009_session_01442,vehicle_009,1442,train,111.47932055817618,74.4,354.9,355.7,358.5,362.1,-61.16230508196722,41.0,0,0.03603278688524589,0.038000000000000256
vehicle_009_session_01443,vehicle_009,1443,train,110.52241048080327,34.8,329.9,330.75,332.4,334.4,-70.08421684210526,32.36842105263158,1,0.03263157894736846,0.04300000000000015
vehicle_009_session_01444,vehicle_009,1444,train,106.42739150252527,25.2,327.8,329.0,330.5,332.1,-69.93066293333334,36.24,1,0.044960000000000035,0.06499999999999995
vehicle_009_session_01445,vehicle_009,1445,train,110.98431707702018,65.6,346.9,347.8,351.0,354.4,-60.92950114754098,40.0,0,0.037639344262295066,0.042999999999999705
vehicle_009_session_01446,vehicle_009,1446,train,104.74694355008417,18.0,324.7,326.0,328.2,329.6,-59.99508147540984,37.0,0,0.05536065573770487,0.06899999999999995
vehicle_009_session_01447,vehicle_009,1447,train,107.04860168650791,44.4,334.4,334.7,336.4,338.8,-59.934419672131135,39.39344262295082,1,0.030327868852458976,0.03299999999999992
vehicle_009_session_01448,vehicle_009,1448,train,115.19896285273371,72.4,353.2,353.8,356.4,359.9,-59.97540737704918,41.0,0,0.03529508196721311,0.03699999999999992
vehicle_009_session_01449,vehicle_009,1449,train,109.84104241099939,28.0,328.6,329.6,331.1,332.8,-70.04868776315789,37.38157894736842,1,0.03926315789473686,0.05799999999999983
vehicle_009_session_01450,vehicle_009,1450,train,109.17428437314321,22.8,327.4,328.6,330.2,331.6,-70.0413364,36.78666666666667,1,0.04865333333333334,0.06899999999999995
vehicle_009_session_01451,vehicle_009,1451,train,107.27873781318085,44.4,333.9,334.4,336.0,338.5,-60.15082213114754,39.442622950819676,1,0.03034426229508196,0.03299999999999992
vehicle_009_session_01452,vehicle_009,1452,train,103.63160632969034,34.4,332.5,332.8,334.1,336.1,-70.01639508196722,33.21311475409836,1,0.030377049180327863,0.03299999999999992
vehicle_009_session_01453,vehicle_009,1453,train,106.48707351532566,58.8,343.5,344.4,348.0,352.1,-70.02787163934427,35.967213114754095,1,0.038868852459016404,0.04100000000000037
vehicle_009_session_01454,vehicle_009,1454,train,103.02534471450619,6.8,320.7,322.4,324.7,327.1,-62.059021803278696,39.0,0,0.06849180327868853,0.08099999999999996
vehicle_009_session_01455,vehicle_009,1455,train,106.11112230514097,28.8,330.2,330.5,331.4,332.7,-60.73935065573771,39.39344262295082,1,0.02826229508196723,0.03399999999999981
vehicle_009_session_01456,vehicle_009,1456,train,108.99367543859647,55.6,340.2,340.8,343.5,347.4,-58.619676557377055,42.0,0,0.03588524590163934,0.039000000000000146
vehicle_009_session_01457,vehicle_009,1457,train,114.19570799180332,73.2,354.6,355.3,358.5,362.7,-70.09344885245902,39.63934426229508,1,0.03931147540983606,0.041999999999999815
vehicle_009_session_01458,vehicle_009,1458,train,107.26897021901712,34.4,330.7,331.1,332.7,334.7,-70.0622993442623,37.9344262295082,1,0.032377049180327896,0.040999999999999925
vehicle_009_session_01459,vehicle_009,1459,train,112.53518800255846,65.6,348.2,349.1,352.4,356.4,-70.08197245901638,40.34426229508197,1,0.03809836065573772,0.039000000000000146
vehicle_009_session_01460,vehicle_009,1460,train,113.40784343434346,60.8,343.6,344.6,348.2,352.4,-69.6180413114754,40.0,0,0.039573770491803266,0.04300000000000015
vehicle_009_session_01461,vehicle_009,1461,train,105.59419097222222,28.4,328.9,329.7,331.3,332.8,-70.12623803278687,38.90163934426229,1,0.03983606557377051,0.05900000000000016
vehicle_009_session_01462,vehicle_009,1462,train,113.99591699961955,64.4,347.1,347.8,351.3,355.2,-70.09344836065574,42.114754098360656,1,0.038491803278688536,0.040000000000000036
vehicle_009_session_01463,vehicle_009,1463,train,109.58557479390682,29.2,328.9,329.95,331.4,333.2,-69.97600013333334,41.08,2,0.039000000000000076,0.05699999999999994
vehicle_009_session_01464,vehicle_009,1464,train,111.28781216806429,34.0,329.6,330.75,332.4,334.2,-69.89065946666666,41.68,1,0.03448000000000003,0.04500000000000037
vehicle_009_session_01465,vehicle_009,1465,train,104.77994435425686,33.2,331.6,331.9,333.3,335.2,-70.02131540983608,38.36065573770492,1,0.030803278688524612,0.03400000000000025
vehicle_009_session_01466,vehicle_009,1466,train,112.34158307291666,64.4,347.5,348.5,351.8,355.8,-69.97049393442622,41.442622950819676,1,0.03855737704918033,0.040000000000000036
vehicle_009_session_01467,vehicle_009,1467,train,108.71404398243803,34.4,331.3,331.6,333.0,334.9,-70.05246409836066,37.131147540983605,1,0.031508196721311506,0.03500000000000014
vehicle_009_session_01468,vehicle_009,1468,train,109.17615004208758,53.2,338.5,339.3,342.1,346.8,-70.11476344262296,39.442622950819676,1,0.03986885245901642,0.04300000000000015
vehicle_009_session_01469,vehicle_009,1469,train,108.77239157706093,42.0,331.1,332.1,333.9,336.4,-59.98196540983606,34.0,0,0.02993442622950823,0.03299999999999992
vehicle_009_session_01470,vehicle_009,1470,train,112.79034505837356,66.8,348.6,349.4,352.2,355.7,-59.92950114754098,36.114754098360656,1,0.035836065573770504,0.038000000000000256
vehicle_009_session_01471,vehicle_009,1471,train,111.16252724358976,52.8,336.4,337.2,340.2,344.4,-59.79181,31.19672131147541,1,0.03691803278688526,0.04200000000000026
vehicle_009_session_01472,vehicle_009,1472,train,106.53556908524902,73.6,354.6,355.2,358.0,361.4,-60.01967409836066,32.81967213114754,1,0.03659016393442619,0.03799999999999981
vehicle_009_session_01473,vehicle_009,1473,train,107.9506229007228,19.6,326.7,327.65,329.5,331.0,-70.12800933333334,33.626666666666665,1,0.05394666666666666,0.07299999999999995
vehicle_009_session_01474,vehicle_009,1474,train,106.76735170983723,21.2,327.1,327.74999,329.19998,330.5,-60.25395568684213,36.0,0,0.05193420921052632,0.07200000000000006
vehicle_009_session_01475,vehicle_009,1475,train,110.16297102123544,30.800001,329.4,330.3,332.0,333.8,-69.97500018421053,35.473684210526315,1,0.03677630789473685,0.052999999999999936
vehicle_009_session_01476,vehicle_009,1476,train,102.55619128787876,16.4,327.1,327.4,328.6,329.7,-60.13934721311476,40.0,0,0.056655737704918004,0.06899999999999995
vehicle_009_session_01477,vehicle_009,1477,train,106.83560884081194,38.4,332.7,333.0,334.2,336.1,-60.12623327868853,41.622950819672134,1,0.02842622950819673,0.03200000000000003
vehicle_009_session_01478,vehicle_009,1478,train,104.48125944444442,48.4,336.9,337.4,339.6,342.8,-60.17705672131148,31.704918032786885,1,0.03355737704918033,0.038000000000000256
vehicle_009_session_01479,vehicle_009,1479,train,112.04075982704401,68.8,351.3,352.1,354.7,358.2,-60.2213168852459,33.21311475409836,1,0.03565573770491806,0.03699999999999992
vehicle_009_session_01480,vehicle_009,1480,train,105.31165231760374,25.2,329.4,329.9,331.0,332.5,-69.93769868852459,28.442622950819672,1,0.03773770491803283,0.05400000000000027
vehicle_009_session_01481,vehicle_009,1481,train,111.47299197965572,58.8,343.2,344.1,347.7,351.9,-69.90490852459017,32.50819672131148,1,0.0398032786885246,0.041999999999999815
vehicle_009_session_01482,vehicle_009,1482,train,103.15510729166671,12.8,325.5,326.1,328.3,329.9,-70.18689524590164,31.901639344262296,1,0.06208196721311471,0.06999999999999984
vehicle_009_session_01483,vehicle_009,1483,train,102.57676900584792,36.8,333.0,333.3,334.7,337.1,-70.1672231147541,33.52459016393443,1,0.03144262295081967,0.03400000000000025
vehicle_009_session_01484,vehicle_009,1484,train,109.33193692129633,49.2,336.4,336.9,339.4,343.3,-70.26394491803279,31.688524590163933,1,0.0367540983606557,0.04100000000000037
vehicle_009_session_01485,vehicle_009,1485,train,110.31954775507512,42.4,332.4,333.4,335.74999,338.9,-70.14474405263157,31.855263157894736,2,0.03413157105263156,0.03699999999999992
vehicle_009_session_01486,vehicle_009,1486,train,110.06860078936853,37.2,331.0,331.775,333.675,336.0,-70.01866933333334,30.706666666666667,1,0.032520000000000035,0.037000000000000366
vehicle_009_session_01487,vehicle_009,1487,train,106.57320147792025,43.6,333.8,334.1,335.7,338.2,-60.147550983606564,31.262295081967213,1,0.03090163934426225,0.0349999999999997
vehicle_009_session_01488,vehicle_009,1488,train,115.04996753167646,74.8,355.0,355.7,358.5,361.9,-60.172141147540984,34.0,0,0.036524590163934445,0.038000000000000256
vehicle_009_session_01489,vehicle_009,1489,train,112.03419627882599,76.0,355.2,356.8,359.9,363.8,-59.936059836065574,25.885245901639344,1,0.03544262295081966,0.037000000000000366
vehicle_009_session_01490,vehicle_009,1490,train,107.95436871408045,52.8,338.2,338.8,341.3,345.5,-60.92458262295081,29.18032786885246,1,0.03708196721311478,0.04100000000000037
vehicle_009_session_01491,vehicle_009,1491,train,115.53785757337533,76.4,356.4,357.1,360.0,363.6,-60.904909180327856,31.0,0,0.03699999999999998,0.038000000000000256
vehicle_009_session_01492,vehicle_009,1492,train,102.88120686216429,6.8,321.7,323.55,326.4,328.8,-69.96399946666666,29.0,0,0.06974666666666664,0.08099999999999996
vehicle_009_session_01493,vehicle_009,1493,train,111.46176730418942,56.8,340.2,341.0,344.1,348.2,-59.700010000000006,32.68852459016394,1,0.03850819672131146,0.04100000000000037
vehicle_009_session_01494,vehicle_009,1494,train,105.83972297928048,29.2,330.2,330.3,331.3,332.5,-60.05410590163935,28.229508196721312,1,0.02985245901639349,0.040000000000000036
vehicle_009_session_01495,vehicle_009,1495,train,106.96340550847455,53.6,338.9,339.6,342.1,346.0,-60.106563442622964,31.131147540983605,1,0.036163934426229505,0.040000000000000036
vehicle_009_session_01496,vehicle_009,1496,train,103.53176140873018,7.6,324.2,324.6,326.3,328.2,-60.50656754098362,29.0,0,0.07286885245901639,0.07600000000000007
vehicle_009_session_01497,vehicle_009,1497,train,102.668944778312,30.0,331.1,331.3,332.2,333.6,-60.52787459016393,30.40983606557377,1,0.026754098360655745,0.029999999999999805
vehicle_009_session_01498,vehicle_009,1498,train,103.60404591049378,50.8,338.0,338.5,340.7,344.3,-60.578694098360664,32.704918032786885,1,0.03416393442622956,0.040000000000000036
vehicle_009_session_01499,vehicle_009,1499,train,103.64715308159724,21.6,329.7,330.0,331.1,332.2,-69.82296262295081,29.475409836065573,1,0.03867213114754104,0.05500000000000016
vehicle_009_session_01500,vehicle_009,1500,train,106.67561438492069,53.6,340.3,341.0,344.1,348.6,-69.81313016393443,33.114754098360656,2,0.03918032786885247,0.04200000000000026
vehicle_009_session_01501,vehicle_009,1501,train,108.18916778483997,43.2,334.1,334.6,336.1,338.3,-59.69345442622952,36.50819672131148,1,0.030229508196721242,0.03299999999999992
vehicle_009_session_01502,vehicle_009,1502,train,112.15052242714029,67.2,349.4,350.0,352.8,356.1,-59.69509327868853,38.80327868852459,1,0.03563934426229511,0.037000000000000366
vehicle_009_session_01503,vehicle_009,1503,train,112.63892679982163,54.0,337.1,338.4,342.29999999999995,347.2,-69.97867080000002,32.906666666666666,1,0.04139999999999999,0.04599999999999982
vehicle_009_session_01504,vehicle_009,1504,train,104.9593044181035,33.6,331.9,332.2,333.6,335.7,-70.1311555737705,34.49180327868852,1,0.031049180327868898,0.03399999999999981
vehicle_009_session_01505,vehicle_009,1505,train,110.64171592078188,58.4,341.9,342.8,346.6,351.0,-69.9524575409836,37.442622950819676,1,0.04119672131147537,0.04400000000000004
vehicle_009_session_01506,vehicle_009,1506,train,110.34787995113179,43.2,334.1,334.6,336.6,339.6,-70.30493524590165,24.737704918032787,1,0.03404918032786881,0.038000000000000256
vehicle_009_session_01507,vehicle_009,1507,train,111.47212496345033,65.2,348.8,349.6,353.0,356.9,-70.36229639344262,27.065573770491802,1,0.039573770491803294,0.040999999999999925
vehicle_009_session_01508,vehicle_009,1508,train,107.61087920321643,60.0,345.5,346.4,350.0,354.1,-70.08853180327868,27.65573770491803,1,0.039622950819672126,0.04100000000000037
vehicle_009_session_01509,vehicle_009,1509,train,109.73275164930551,68.8,351.6,352.2,354.9,358.3,-59.51475557377049,30.311475409836067,1,0.03570491803278695,0.037000000000000366
vehicle_009_session_01510,vehicle_009,1510,train,110.27901711309525,53.6,338.5,339.1,341.8,346.0,-60.49180245901639,29.016393442622952,2,0.0369672131147541,0.040999999999999925
vehicle_009_session_01511,vehicle_009,1511,train,110.44595281862745,54.4,338.8,339.4,342.4,346.4,-60.07869442622952,30.852459016393443,1,0.03801639344262301,0.04200000000000026
vehicle_009_session_01512,vehicle_009,1512,train,105.50612553418806,31.6,330.5,330.7,331.7,333.3,-59.399989999999995,31.114754098360656,1,0.028934426229508235,0.03600000000000003
vehicle_009_session_01513,vehicle_009,1513,train,105.05330125269397,4.8,321.4,322.75,325.3,327.8,-70.0213364,32.85333333333333,1,0.07621333333333333,0.08400000000000007
vehicle_009_session_01514,vehicle_009,1514,train,111.05383024467056,57.6,339.3,341.20000000000005,345.95000000000005,350.7,-70.09605947368419,33.86842105263158,1,0.04426315789473683,0.04700000000000015
vehicle_009_session_01515,vehicle_009,1515,train,112.20398694029852,59.2,340.8,342.75,347.5,351.9,-70.05067133333333,30.866666666666667,1,0.04461333333333334,0.04700000000000015
vehicle_009_session_01516,vehicle_009,1516,train,110.08033951912101,36.4,330.3,331.4,333.3,335.5,-69.96266920000001,32.346666666666664,1,0.032880000000000006,0.039000000000000146
vehicle_009_session_01517,vehicle_009,1517,train,109.01337887636615,35.2,330.2,331.20000000000005,333.2,335.3,-69.90000133333334,32.306666666666665,1,0.03317333333333338,0.04200000000000026
vehicle_009_session_01518,vehicle_009,1518,train,111.81910729166668,48.8,334.7,336.0,339.0,343.2,-69.45866306666667,24.866666666666667,2,0.037066666666666644,0.04200000000000026
vehicle_009_session_01519,vehicle_009,1519,train,109.36322911057694,37.6,331.0,332.1,334.1,336.6,-69.8644777631579,27.157894736842106,2,0.03228947368421055,0.037000000000000366
vehicle_009_session_01520,vehicle_009,1520,train,105.67219521825398,10.0,323.2,324.65,327.4375,329.6,-70.08400573333334,28.906666666666666,1,0.0656266666666666,0.07600000000000007
vehicle_009_session_01521,vehicle_009,1521,train,106.26830226608189,42.4,334.6,334.9,336.8,339.7,-69.78526442622952,30.524590163934427,1,0.03373770491803275,0.03600000000000003
vehicle_009_session_01522,vehicle_009,1522,train,104.97015832115008,46.0,336.1,336.6,338.6,342.1,-70.05574327868852,30.42622950819672,1,0.035081967213114726,0.039000000000000146
vehicle_009_session_01523,vehicle_009,1523,train,108.11020958561019,45.6,335.7,336.0,337.8,340.5,-60.45902131147542,34.9344262295082,1,0.03209836065573768,0.0349999999999997
vehicle_009_session_01524,vehicle_009,1524,train,111.48766494341565,70.4,352.4,353.3,356.0,359.4,-60.50492327868852,37.0,0,0.03662295081967213,0.038000000000000256
vehicle_009_session_01525,vehicle_009,1525,train,108.49317690373563,41.2,331.9,332.4,333.9,336.1,-60.02131360655738,31.81967213114754,1,0.02972131147540984,0.03299999999999992
vehicle_009_session_01526,vehicle_009,1526,train,111.11342615740743,64.4,346.8,347.5,350.5,353.9,-60.001639508196725,34.0,0,0.03745901639344261,0.040999999999999925
vehicle_009_session_01527,vehicle_009,1527,train,106.1077510189838,7.6,322.2,323.4,326.05,328.5,-70.07763710526315,33.171052631578945,1,0.07186842105263153,0.0820000000000003
vehicle_009_session_01528,vehicle_009,1528,train,111.17141225417896,50.8,335.3,336.8,339.9375,344.4,-69.84133893333333,35.8,1,0.03973333333333336,0.04600000000000026
vehicle_009_session_01529,vehicle_009,1529,train,106.87391738315698,33.6,329.7,331.0,332.5,334.7,-70.20329049180329,32.65573770491803,1,0.03372131147540984,0.04499999999999993
vehicle_009_session_01530,vehicle_009,1530,train,110.45781533119663,58.8,343.0,343.9,347.5,351.9,-70.31313081967214,35.65573770491803,1,0.04122950819672128,0.04400000000000004
vehicle_009_session_01531,vehicle_009,1531,train,104.83699536175713,42.4,332.4,333.4,335.74999,338.9,-69.98815842105263,35.78947368421053,1,0.03342107236842105,0.03600009999999987
vehicle_009_session_01532,vehicle_009,1532,train,108.29699764957265,49.2,336.1,336.8,339.4,343.6,-70.3901568852459,35.80327868852459,1,0.03867213114754099,0.04400000000000004
vehicle_009_session_01533,vehicle_009,1533,train,112.7267058142702,75.2,356.0,356.9,360.0,364.3,-70.41146721311476,37.26229508196721,1,0.04078688524590166,0.04300000000000015
vehicle_009_session_01534,vehicle_009,1534,train,107.4939527116402,46.8,333.6,335.0,337.8,341.8,-70.64919032786882,36.39344262295082,1,0.03742622950819671,0.04200000000000026
vehicle_009_session_01535,vehicle_009,1535,train,114.48840429687505,72.0,353.8,354.6,357.8,361.9,-70.6836168852459,38.0,0,0.04050819672131148,0.04200000000000026
vehicle_009_session_01536,vehicle_009,1536,train,103.7718561827957,33.2,331.9,332.2,333.5,335.2,-70.18525590163934,32.75409836065574,1,0.030262295081967216,0.03299999999999992
vehicle_009_session_01537,vehicle_009,1537,train,105.22378042328043,58.0,342.2,343.0,346.6,350.8,-70.18689524590164,35.65573770491803,1,0.0402295081967213,0.04200000000000026
vehicle_009_session_01538,vehicle_009,1538,train,104.61218695887447,27.6,330.7,331.0,332.1,333.6,-69.4606518032787,24.40983606557377,1,0.031950819672131155,0.04200000000000026
vehicle_009_session_01539,vehicle_009,1539,train,111.08826297514621,58.4,343.3,344.3,347.8,352.2,-69.45409377049181,27.868852459016395,1,0.03950819672131145,0.041999999999999815
vehicle_009_session_01540,vehicle_009,1540,train,110.36199620849295,49.6,338.3,339.3,342.7,348.2,-87.97213590163933,26.114754098360656,2,0.04339344262295082,0.04700000000000015
vehicle_009_session_01541,vehicle_009,1541,train,108.74199388812151,25.6,327.8,329.2,330.75,332.4,-69.86710513157895,29.342105263157894,1,0.04169736842105265,0.06099999999999994
vehicle_009_session_01542,vehicle_009,1542,train,110.39493110249786,46.0,333.6,334.95,337.74999,341.4,-70.26185107894736,22.81578947368421,2,0.03490786973684208,0.03900009999999998
vehicle_009_session_01543,vehicle_009,1543,train,108.31183819626239,21.2,326.9,327.875,329.6,330.8,-61.068004666666674,28.213333333333335,1,0.049040000000000014,0.06800000000000006
vehicle_009_session_01544,vehicle_009,1544,train,113.5730486111111,76.8,356.9,357.5,360.5,364.1,-60.875407213114755,30.39344262295082,1,0.03685245901639334,0.038000000000000256
vehicle_009_session_01545,vehicle_009,1545,train,102.72615402421654,17.6,328.3,328.6,329.6,330.7,-60.05738278688525,24.0,0,0.05091803278688526,0.06499999999999995
vehicle_009_session_01546,vehicle_009,1546,train,105.8059091621864,48.8,336.8,337.2,339.3,342.2,-60.15902639344263,27.24590163934426,1,0.03139344262295082,0.03400000000000025
vehicle_009_session_01547,vehicle_009,1547,train,113.8288830037665,74.0,354.3,354.9,357.5,361.1,-60.20492852459017,29.360655737704917,1,0.03485245901639343,0.036000000000000476
vehicle_009_session_01548,vehicle_009,1548,train,102.56947310405644,38.4,333.6,334.1,335.5,337.5,-59.270508852459024,24.114754098360656,2,0.028672131147540986,0.03100000000000014
