segment_id,vehicle,session_index,split,proxy_capacity_ah,soc_start,voltage_start,voltage_60,voltage_300,voltage_600,current_mean,tmax_mean,temperature_rise,cell_gap_mean,cell_gap_max
vehicle_014_session_00001,vehicle_014,1,train,132.8474092215762,15.6,323.8,325.1,326.9,328.2,-52.02667666666667,37.0,0,0.022026666666666646,0.02400000000000002
vehicle_014_session_00002,vehicle_014,2,train,134.33103821451516,12.4,323.0,324.4,327.15,329.1,-74.38420578947367,36.0,0,0.029394736842105244,0.03100000000000014
vehicle_014_session_00003,vehicle_014,3,train,134.8299726080247,28.0,328.9,330.1,331.4,333.0,-74.46183828947369,35.76315789473684,1,0.02828947368421053,0.03000000000000025
vehicle_014_session_00004,vehicle_014,4,train,134.39790640394094,18.4,328.0,328.5,329.6,330.8,-75.32764328947368,37.0,0,0.02935526315789477,0.03100000000000014
vehicle_014_session_00005,vehicle_014,5,train,132.32290600405094,27.6,328.3,329.1,330.1,331.1,-52.16185250000001,33.828947368421055,1,0.020789473684210528,0.022999999999999687
vehicle_014_session_00006,vehicle_014,6,train,133.31775296531495,24.8,328.2,329.29999999999995,330.7,331.9,-70.26843789473683,33.73684210526316,1,0.027250000000000007,0.028999999999999915
vehicle_014_session_00007,vehicle_014,7,train,135.03787946031747,29.6,329.4,330.3,331.7,333.5,-74.56711197368422,36.276315789473685,1,0.028789473684210563,0.03000000000000025
vehicle_014_session_00008,vehicle_014,8,train,131.86393627589456,35.6,328.6,329.4,330.2,330.8,-25.8880008,36.6,1,0.011986666666666656,0.01399999999999979
vehicle_014_session_00009,vehicle_014,9,train,132.81679460891812,16.4,323.8,325.0,326.6375,327.7,-44.88133346666667,34.0,0,0.019733333333333297,0.020999999999999908
vehicle_014_session_00010,vehicle_014,10,train,136.60919870197304,56.8,341.8,343.0,345.1,347.5,-45.14534346666667,36.0,0,0.02273333333333337,0.02400000000000002
vehicle_014_session_00011,vehicle_014,11,train,133.32172870670993,51.6,337.5,338.95000000000005,341.6,343.8,-45.136010133333336,30.0,0,0.022626666666666666,0.02400000000000002
vehicle_014_session_00012,vehicle_014,12,train,133.81117724867727,44.0,331.0,332.15,333.2,334.2,-25.769736842105264,29.0,0,0.013881578947368424,0.016000000000000014
vehicle_014_session_00013,vehicle_014,13,train,132.05201808624923,11.2,321.7,322.9,324.79999999999995,326.4,-44.956575921052625,29.0,0,0.020210526315789446,0.02200000000000024
vehicle_014_session_00014,vehicle_014,14,train,134.60511668154766,15.6,327.7,328.0,329.1,330.2,-74.64211526315789,35.0,0,0.029342105263157937,0.03100000000000014
vehicle_014_session_00015,vehicle_014,15,train,136.96197576283677,73.2,356.9,358.6,362.275,366.6,-73.66400986666666,31.773333333333333,1,0.03320000000000003,0.03500000000000014
vehicle_014_session_00016,vehicle_014,16,train,132.87217161637932,38.8,331.7,333.1,335.2,338.0,-74.66667586666667,34.81333333333333,1,0.030213333333333262,0.03299999999999992
vehicle_014_session_00017,vehicle_014,17,train,133.1955981884058,22.8,327.5,328.6,329.79999999999995,331.0,-70.20264302631578,38.25,1,0.027223684210526317,0.028999999999999915
vehicle_014_session_00018,vehicle_014,18,train,133.1488977358218,4.4,317.1,317.7,319.1375,320.7,-26.100010000000005,40.0,0,0.015853333333333358,0.018000000000000238
vehicle_014_session_00019,vehicle_014,19,train,132.9186407152778,40.0,331.0,331.79999999999995,333.25,334.7,-45.13201053333334,38.0,0,0.01982666666666667,0.021999999999999797
vehicle_014_session_00020,vehicle_014,20,train,133.76440193965516,3.2,316.6,317.5,319.6375,321.6,-39.20001,37.733333333333334,-1,0.020200000000000013,0.02100000000000035
vehicle_014_session_00021,vehicle_014,21,train,131.80982402618133,40.4,330.3,331.0,331.7,332.5,-25.926664666666664,35.0,0,0.012933333333333371,0.014000000000000234
vehicle_014_session_00022,vehicle_014,22,train,134.78384877339974,26.0,327.2,328.0,328.9,329.9,-45.10658894736842,35.0,0,0.01832894736842109,0.020000000000000018
vehicle_014_session_00023,vehicle_014,23,train,131.98553329377637,20.8,326.6,327.9,329.2,330.5,-70.00133346666667,39.96,1,0.027266666666666682,0.028999999999999915
vehicle_014_session_00024,vehicle_014,24,train,134.01453027176817,57.2,344.6,345.2,348.1,351.8,-69.93025618421052,44.0,0,0.03164473684210522,0.03299999999999992
vehicle_014_session_00025,vehicle_014,25,train,134.46612331396904,16.4,324.7,326.20000000000005,328.55,329.9,-74.0236892105263,41.93421052631579,1,0.02940789473684211,0.03100000000000014
vehicle_014_session_00026,vehicle_014,26,train,134.70250586852273,10.4,321.7,323.375,326.1,328.2,-70.66267666666666,38.0,0,0.029506666666666643,0.03100000000000014
vehicle_014_session_00027,vehicle_014,27,train,135.21222543690214,39.2,331.4,332.6,334.65,337.2,-69.67764157894736,37.25,1,0.029026315789473702,0.03100000000000014
vehicle_014_session_00028,vehicle_014,28,train,134.5755347936137,14.0,323.9,325.25,327.7,329.4,-74.76800973333334,38.17333333333333,1,0.030106666666666657,0.03100000000000014
vehicle_014_session_00029,vehicle_014,29,train,133.25604648385212,33.2,331.7,332.1,333.2375,335.0,-72.65734333333333,41.306666666666665,1,0.029480000000000027,0.03100000000000014
vehicle_014_session_00030,vehicle_014,30,train,134.82018978331575,36.4,329.4,332.0,333.8,336.1,-73.77734133333333,34.653333333333336,1,0.03009333333333334,0.03299999999999992
vehicle_014_session_00031,vehicle_014,31,train,134.38583500385803,27.6,327.8,328.5,329.4,330.2,-45.21601160000001,38.346666666666664,1,0.01865333333333332,0.020000000000000018
vehicle_014_session_00032,vehicle_014,32,train,134.67913498931622,26.8,327.2,328.2,329.1,329.9,-45.03867666666667,36.0,0,0.01854666666666669,0.020000000000000018
vehicle_014_session_00033,vehicle_014,33,train,135.7704574869792,48.4,334.9,336.05,338.8,341.6,-50.41710118421053,42.0,0,0.025381578947368377,0.028000000000000025
vehicle_014_session_00034,vehicle_014,34,train,134.0814847206652,10.4,321.7,323.4,326.3,328.3,-70.79467013333334,37.0,0,0.030239999999999975,0.03200000000000003
vehicle_014_session_00035,vehicle_014,35,train,130.07691087693797,23.2,326.0,326.3,327.1,327.5,-22.600010000000005,36.0,0,0.010973333333333326,0.01200000000000001
vehicle_014_session_00036,vehicle_014,36,train,132.32381399739583,60.8,347.1,347.45,349.4,351.8,-45.200010000000006,39.0,0,0.023671052631578912,0.025000000000000355
vehicle_014_session_00037,vehicle_014,37,train,131.67283107638892,24.8,326.0,326.7,327.4,328.0,-25.981588947368426,36.0,0,0.012000000000000005,0.01399999999999979
vehicle_014_session_00038,vehicle_014,38,train,136.07749735269363,33.6,330.2,331.05,332.5,334.6,-74.10658486842107,40.25,1,0.029447368421052642,0.03100000000000014
vehicle_014_session_00039,vehicle_014,39,train,131.08721089409724,19.6,324.9,325.5,326.3,326.9,-26.10134333333334,31.0,0,0.012599999999999962,0.014000000000000234
vehicle_014_session_00040,vehicle_014,40,train,135.87629483440176,47.6,335.2,336.8,340.6,344.6,-74.67237842105263,34.578947368421055,1,0.03402631578947368,0.03600000000000003
vehicle_014_session_00041,vehicle_014,41,train,132.28744215038316,39.6,331.9,333.0,334.95,337.8,-71.1052694736842,35.73684210526316,1,0.030065789473684178,0.03299999999999992
vehicle_014_session_00042,vehicle_014,42,train,134.69375688131313,33.6,329.9,331.0,332.5,334.4,-70.24343578947366,33.18421052631579,1,0.028236842105263168,0.03000000000000025
vehicle_014_session_00043,vehicle_014,43,train,132.10630860362608,18.0,323.2,324.65,326.5,327.5,-37.48947263157895,33.85526315789474,1,0.018368421052631548,0.020999999999999908
vehicle_014_session_00044,vehicle_014,44,train,130.40929696557976,21.2,325.2,326.5,327.8,328.6,-37.852640526315795,36.28947368421053,1,0.01646052631578949,0.019000000000000128
vehicle_014_session_00045,vehicle_014,45,train,133.44261814854553,5.6,316.9,318.55,321.0,322.7,-37.65657039473684,39.0,0,0.0196447368421053,0.02200000000000024
vehicle_014_session_00046,vehicle_014,46,train,132.361937005538,30.4,326.9,328.25,329.6,330.5,-37.410517526315786,36.0,0,0.016052631578947364,0.019000000000000128
vehicle_014_session_00047,vehicle_014,47,train,135.54346505009107,50.8,335.5,337.7,340.4,342.8,-44.7671152631579,37.0,0,0.024671052631578955,0.027000000000000135
vehicle_014_session_00048,vehicle_014,48,train,132.36638000217013,36.0,331.0,332.1,333.85,336.3,-74.16934173333333,38.88,1,0.030306666666666687,0.03299999999999992
vehicle_014_session_00049,vehicle_014,49,train,135.64212864708236,44.0,332.5,333.4,335.25,337.7,-50.60000973333334,39.0,0,0.023826666666666642,0.02699999999999969
vehicle_014_session_00050,vehicle_014,50,train,134.4867430638228,50.0,335.5,336.5,339.0,341.4,-40.39209763157894,38.0,0,0.023973684210526276,0.026000000000000245
vehicle_014_session_00051,vehicle_014,51,train,133.3223968108634,36.8,329.9,330.3,331.6,332.7,-40.45394276315789,35.39473684210526,1,0.018065789473684212,0.020000000000000018
vehicle_014_session_00052,vehicle_014,52,train,135.508157723821,44.0,332.2,332.9,334.4,336.1,-40.296019600000015,41.0,0,0.019866666666666675,0.02200000000000024
vehicle_014_session_00053,vehicle_014,53,train,134.6346383881579,23.6,327.5,328.70000000000005,330.1,331.4,-74.78400973333333,39.24,1,0.02928000000000002,0.03100000000000014
vehicle_014_session_00054,vehicle_014,54,train,134.5883156367305,40.4,331.0,331.79999999999995,333.2,334.7,-45.20922144736843,38.473684210526315,1,0.02063157894736844,0.02300000000000013
vehicle_014_session_00055,vehicle_014,55,train,133.21376993325242,56.4,342.4,344.35,347.6,351.3,-69.98552486842105,33.0,0,0.03310526315789472,0.03500000000000014
vehicle_014_session_00056,vehicle_014,56,train,135.58035676406934,68.8,353.2,354.95,358.55,362.8,-74.06974328947368,32.921052631578945,1,0.03488157894736844,0.036000000000000476
vehicle_014_session_00057,vehicle_014,57,train,134.16726626552799,35.2,330.3,331.5,333.2,335.2,-70.81316815789474,32.88157894736842,1,0.02882894736842107,0.03100000000000014
vehicle_014_session_00058,vehicle_014,58,train,132.57736687079122,33.6,330.0,331.0,332.5,334.4,-70.06184828947369,34.94736842105263,1,0.028078947368421075,0.029999999999999805
vehicle_014_session_00059,vehicle_014,59,train,133.44868774463384,11.6,321.4,322.2,323.9,325.5,-40.386660666666664,35.38666666666666,0,0.01955999999999999,0.02100000000000035
vehicle_014_session_00060,vehicle_014,60,train,134.15101108193278,3.6,316.7,317.6,319.79999999999995,321.7,-40.481577105263156,43.0,0,0.020868421052631595,0.02300000000000013
vehicle_014_session_00061,vehicle_014,61,train,134.738396875,13.2,323.0,324.5,327.15,328.9,-74.35263052631578,39.0,0,0.03139473684210526,0.03300000000000036
vehicle_014_session_00062,vehicle_014,62,train,134.17086179236986,48.8,334.9,336.05,338.675,341.8,-50.56267293333334,41.0,0,0.02646666666666665,0.028999999999999915
vehicle_014_session_00063,vehicle_014,63,train,134.82596980902784,35.6,330.3,331.5,333.2,335.2,-70.24606605263158,37.0,0,0.02889473684210527,0.03100000000000014
vehicle_014_session_00064,vehicle_014,64,train,135.22610094076452,52.8,339.1,341.20000000000005,344.65,348.3,-70.23554065789475,34.0,0,0.03278947368421049,0.03500000000000014
vehicle_014_session_00065,vehicle_014,65,train,135.2935651629274,47.6,334.1,335.25,337.75,340.8,-49.91999199999999,37.0,0,0.026093333333333326,0.02900000000000036
vehicle_014_session_00066,vehicle_014,66,train,134.31751749999998,25.6,327.2,327.8,328.8,329.6,-45.11334333333333,41.0,0,0.018853333333333347,0.020000000000000018
vehicle_014_session_00067,vehicle_014,67,train,132.67591991914924,16.8,325.2,326.5,328.5,329.7,-70.5460572368421,39.0,0,0.0296842105263158,0.03299999999999992
vehicle_014_session_00068,vehicle_014,68,train,132.34037422512557,28.8,328.3,329.2,330.3,331.3,-50.4559956,30.0,0,0.02077333333333333,0.02300000000000013
vehicle_014_session_00069,vehicle_014,69,train,133.5764013619281,30.8,326.9,328.25,329.6,330.5,-37.54078094736842,31.0,0,0.016394736842105264,0.019000000000000128
vehicle_014_session_00070,vehicle_014,70,train,132.73022775205763,35.6,329.2,329.9,331.0,331.9,-40.09079855263158,31.88157894736842,1,0.018013157894736846,0.020000000000000018
vehicle_014_session_00071,vehicle_014,71,train,133.57611013888888,54.0,339.3,340.4,342.4375,344.6,-39.94666133333333,31.0,0,0.023933333333333345,0.026000000000000245
vehicle_014_session_00072,vehicle_014,72,train,131.8662240933642,23.6,325.5,327.1,328.0,328.6,-38.729336933333336,34.0,0,0.016760000000000014,0.018000000000000238
vehicle_014_session_00073,vehicle_014,73,train,134.7235369118094,26.4,328.2,329.2,330.5,331.9,-70.23334773333333,32.93333333333333,1,0.027880000000000026,0.03000000000000025
vehicle_014_session_00074,vehicle_014,74,train,134.95121565446127,33.6,329.1,329.9,331.07500000000005,332.2,-49.73507948051949,36.33766233766234,1,0.021207792207792224,0.02300000000000013
vehicle_014_session_00075,vehicle_014,75,train,135.86730191293728,56.4,341.8,343.1,345.375,348.0,-49.80002000000002,39.0,0,0.02569333333333334,0.027000000000000135
vehicle_014_session_00076,vehicle_014,76,train,135.2195154219633,52.4,337.8,339.5,342.2,344.7,-49.19734333333334,39.0,0,0.026586666666666675,0.028000000000000025
vehicle_014_session_00077,vehicle_014,77,train,132.56338238913256,34.8,328.3,330.1,331.05,332.4,-44.825010657894744,40.0,0,0.01965789473684213,0.02200000000000024
vehicle_014_session_00078,vehicle_014,78,train,134.0392247261346,14.4,322.4,323.2,324.79999999999995,326.1,-39.20001,37.0,0,0.01941333333333331,0.020999999999999908
vehicle_014_session_00079,vehicle_014,79,train,133.6719531547619,66.4,350.8,352.6,356.05,360.0,-71.17237815789474,38.93421052631579,1,0.03348684210526316,0.03500000000000014
vehicle_014_session_00080,vehicle_014,80,train,132.83142473872385,18.8,326.3,327.6,329.29999999999995,330.7,-74.14474513157893,34.81578947368421,1,0.029750000000000054,0.03200000000000003
vehicle_014_session_00081,vehicle_014,81,train,132.65805513392857,8.8,321.3,322.7,325.4,327.7,-70.36447447368421,37.0,0,0.02988157894736839,0.031999999999999584
vehicle_014_session_00082,vehicle_014,82,train,133.76197024187854,5.2,319.1,321.05,324.0,326.6,-74.85733413333332,40.0,0,0.03205333333333327,0.03400000000000025
vehicle_014_session_00083,vehicle_014,83,train,136.30762409303162,53.2,339.1,341.20000000000005,344.65,348.3,-70.0946752,37.0,0,0.033679999999999995,0.03600000000000003
vehicle_014_session_00084,vehicle_014,84,train,132.46183371935135,16.0,324.2,325.75,328.2,329.6,-72.32266919999999,37.653333333333336,1,0.030040000000000018,0.03299999999999992
vehicle_014_session_00085,vehicle_014,85,train,136.8820563525133,57.6,343.2,344.9,348.1,351.9,-70.0605322368421,40.0,0,0.03357894736842102,0.03500000000000014
vehicle_014_session_00086,vehicle_014,86,train,134.1012059632491,28.4,328.6,329.65,331.0,332.5,-70.0146692,36.86666666666667,1,0.027893333333333353,0.03000000000000025
vehicle_014_session_00087,vehicle_014,87,train,133.66817230008417,33.6,330.0,331.05,332.7,334.6,-70.59467613333334,34.38666666666666,1,0.02888000000000001,0.03100000000000014
vehicle_014_session_00088,vehicle_014,88,train,133.12210560579197,5.6,319.4,321.15,324.0,326.6,-71.13290302631577,38.43421052631579,0,0.03055263157894736,0.03300000000000036
vehicle_014_session_00089,vehicle_014,89,train,132.28746914453978,17.6,322.8,324.04999999999995,326.1,327.2,-37.40656971052631,33.0,0,0.01961842105263154,0.02200000000000024
vehicle_014_session_00090,vehicle_014,90,train,132.03617609508547,13.6,322.2,323.0,324.9,326.4,-45.20658960526317,36.0,0,0.021710526315789413,0.02400000000000002
vehicle_014_session_00091,vehicle_014,91,train,138.14285340501795,62.4,347.1,348.70000000000005,352.0,356.1,-70.0947447368421,38.0,0,0.033907894736842095,0.03600000000000003
vehicle_014_session_00092,vehicle_014,92,train,134.5786800728921,43.2,332.2,333.1,334.79999999999995,337.1,-50.19737842105264,34.56578947368421,1,0.02398684210526315,0.0259999999999998
vehicle_014_session_00093,vehicle_014,93,train,133.44142484217173,16.0,323.8,324.6,326.4,327.8,-50.40130592105263,37.0,0,0.02346052631578943,0.0259999999999998
vehicle_014_session_00094,vehicle_014,94,train,136.69734578585,52.8,338.8,340.9,344.5,348.5,-74.20001092105262,40.39473684210526,1,0.03590789473684212,0.038000000000000256
vehicle_014_session_00095,vehicle_014,95,train,134.35120525415962,20.8,326.4,327.7,329.1,330.3,-70.10000881578947,39.0,0,0.028276315789473695,0.03000000000000025
vehicle_014_session_00096,vehicle_014,96,train,131.31514357311326,27.2,327.5,328.3,329.4,330.2,-45.65334360000001,34.0,0,0.019360000000000033,0.02100000000000035
vehicle_014_session_00097,vehicle_014,97,train,133.44587030909588,18.0,325.3,326.65,328.6,329.9,-70.6302727631579,36.14473684210526,1,0.02947368421052633,0.03300000000000036
vehicle_014_session_00098,vehicle_014,98,train,131.95896536766782,20.8,326.9,328.1,329.6,330.8,-71.18158894736841,36.18421052631579,1,0.02810526315789478,0.03000000000000025
vehicle_014_session_00099,vehicle_014,99,train,132.8611290090623,31.2,328.9,329.9,331.05,332.4,-59.888160921052624,36.0,0,0.024500000000000025,0.026000000000000245
vehicle_014_session_00100,vehicle_014,100,train,131.99873906344868,24.0,325.7,327.4,328.5,329.2,-44.818431184210525,31.236842105263158,1,0.01903947368421056,0.02100000000000035
vehicle_014_session_00101,vehicle_014,101,train,130.85270499200115,20.0,324.7,326.6,327.7,328.5,-44.79869434210527,37.0,0,0.019565789473684224,0.020999999999999908
vehicle_014_session_00102,vehicle_014,102,train,131.30287073355692,27.6,327.5,328.5,329.4,330.3,-45.20401040000001,30.133333333333333,1,0.019293333333333332,0.020999999999999908
vehicle_014_session_00103,vehicle_014,103,train,133.0316793956044,26.8,328.5,329.7,331.1,332.7,-75.73734626666668,32.38666666666666,1,0.030040000000000025,0.03200000000000003
vehicle_014_session_00104,vehicle_014,104,train,132.17849061367752,57.6,343.9,345.75,349.0,353.2,-74.09342763157895,34.89473684210526,1,0.03474999999999996,0.03600000000000003
vehicle_014_session_00105,vehicle_014,105,train,132.59067263117285,43.2,331.1,334.29999999999995,337.1,341.1,-73.43684907894738,35.86842105263158,1,0.03368421052631579,0.038000000000000256
vehicle_014_session_00106,vehicle_014,106,train,131.238817696241,16.8,324.9,326.3,328.5,329.7,-69.99599959999999,33.74666666666667,1,0.02888000000000001,0.03200000000000003
vehicle_014_session_00107,vehicle_014,107,train,134.3373564164519,22.0,326.9,328.25,329.6,331.0,-74.133342,37.0,0,0.029640000000000003,0.03100000000000014
vehicle_014_session_00108,vehicle_014,108,train,135.468593292298,46.8,333.8,334.7,336.85,339.9,-49.6921152631579,36.89473684210526,1,0.026592105263157858,0.03100000000000014
vehicle_014_session_00109,vehicle_014,109,train,131.07458330784917,10.4,322.2,323.70000000000005,326.6,328.6,-74.45263315789474,36.0,0,0.030763157894736833,0.03200000000000003
vehicle_014_session_00110,vehicle_014,110,train,132.5201023537365,9.2,321.7,323.25,326.05,328.3,-74.5723755263158,33.94736842105263,1,0.03209210526315789,0.03399999999999981
vehicle_014_session_00111,vehicle_014,111,train,132.3112108122363,35.6,329.6,330.2,331.35,332.4,-45.20264184210527,38.18421052631579,1,0.020184210526315804,0.021999999999999797
vehicle_014_session_00112,vehicle_014,112,train,134.26047955632714,27.6,328.6,329.7,331.0375,332.5,-74.15600866666666,36.8,1,0.02953333333333338,0.03200000000000003
vehicle_014_session_00113,vehicle_014,113,train,133.05286333406818,24.0,325.8,327.5,328.6,329.6,-49.33200973333333,35.17333333333333,1,0.020653333333333357,0.02200000000000024
vehicle_014_session_00114,vehicle_014,114,train,134.93468074744152,54.0,339.9,342.0,345.6,349.6,-74.11448039473684,36.76315789473684,1,0.03601315789473684,0.038000000000000256
vehicle_014_session_00115,vehicle_014,115,train,135.53955096992655,51.2,336.1,337.45,340.25,343.0,-45.01052736842105,35.0,0,0.02776315789473684,0.03100000000000014
vehicle_014_session_00116,vehicle_014,116,train,131.99278996151807,20.8,326.7,327.9,329.4,330.7,-70.23948513157893,36.5,1,0.028157894736842142,0.03000000000000025
vehicle_014_session_00117,vehicle_014,117,train,129.2305613584475,14.4,321.7,323.0,325.1,326.6,-37.3960437368421,36.0,0,0.019710526315789442,0.021999999999999797
vehicle_014_session_00118,vehicle_014,118,train,135.04741474645792,40.0,330.8,331.65,333.2,334.9,-50.5840084,36.0,0,0.022946666666666674,0.025000000000000355
vehicle_014_session_00119,vehicle_014,119,train,133.26784293981484,14.4,323.6,324.95,327.5,329.1,-70.53333666666668,36.0,0,0.02951999999999998,0.03200000000000003
vehicle_014_session_00120,vehicle_014,120,train,134.50571098333336,49.6,336.4,337.9,342.1,345.8,-70.9013344,34.0,0,0.03493333333333332,0.03799999999999981
vehicle_014_session_00121,vehicle_014,121,train,130.74444483535686,26.0,327.1,327.75,328.6,329.4,-40.13601,37.0,0,0.017720000000000038,0.019000000000000128
vehicle_014_session_00122,vehicle_014,122,train,129.08055620370374,25.6,327.4,328.1,328.9,329.9,-40.02368657894737,29.0,0,0.01740789473684213,0.019000000000000128
vehicle_014_session_00123,vehicle_014,123,train,131.24156896640827,40.4,329.6,331.0,332.6,333.9,-37.663148,31.0,0,0.018578947368421056,0.020999999999999908
vehicle_014_session_00124,vehicle_014,124,train,130.48552353050596,37.2,329.7,330.4,331.5,332.7,-40.20001,32.93421052631579,1,0.018776315789473707,0.020000000000000018
vehicle_014_session_00125,vehicle_014,125,train,130.6634434459557,17.6,325.7,327.0,328.85,330.0,-70.93733293333334,36.0,0,0.029453333333333352,0.03299999999999992
vehicle_014_session_00126,vehicle_014,126,train,131.89637698045266,52.4,337.7,338.9,341.70000000000005,344.1,-45.10934333333334,37.16,1,0.02844000000000006,0.03200000000000003
vehicle_014_session_00127,vehicle_014,127,train,134.72880519037358,53.2,338.5,339.95,342.9,345.7,-49.67501000000001,29.0,0,0.028368421052631623,0.03200000000000003
vehicle_014_session_00128,vehicle_014,128,train,133.6827238399621,11.6,321.3,322.2,324.4,326.3,-49.980261184210526,34.0,0,0.0239078947368421,0.025000000000000355
vehicle_014_session_00129,vehicle_014,129,train,132.1776209635417,13.2,323.2,324.5,327.1375,328.9,-71.10267413333332,36.0,0,0.03016,0.03299999999999992
vehicle_014_session_00130,vehicle_014,130,train,131.67641837673614,12.4,320.7,322.6,324.475,326.1,-44.8840112,37.0,0,0.02183999999999995,0.02400000000000002
vehicle_014_session_00131,vehicle_014,131,train,132.56653291709802,31.6,329.2,330.5,332.1,333.6,-74.74534546666668,38.57333333333333,1,0.030200000000000043,0.03200000000000003
vehicle_014_session_00132,vehicle_014,132,train,131.70412125796176,17.2,326.0,327.0,328.6,329.7,-69.78935226666664,35.13333333333333,1,0.02888,0.03100000000000014
vehicle_014_session_00133,vehicle_014,133,train,131.45613994861915,29.6,326.6,328.15,329.4,330.2,-37.805254210526314,32.0,0,0.01711842105263159,0.019000000000000128
vehicle_014_session_00134,vehicle_014,134,train,122.60299556566885,58.0,343.6,345.25,347.5,349.7,-37.63332397333333,29.0,0,0.02534666666666664,0.027000000000000135
vehicle_014_session_00135,vehicle_014,135,train,131.84198574871903,11.2,322.1,323.6,326.4,328.5,-69.99210447368421,33.0,0,0.030486842105263142,0.03200000000000003
vehicle_014_session_00136,vehicle_014,136,train,129.49872686170218,6.4,318.6,320.2375,322.325,324.1,-45.18817592105265,35.0,0,0.022250000000000002,0.02499999999999991
vehicle_014_session_00137,vehicle_014,137,train,134.04510400752315,22.8,326.1,327.15,328.3,329.2,-50.233346933333344,33.026666666666664,1,0.02143999999999999,0.02300000000000013
vehicle_014_session_00138,vehicle_014,138,train,131.02904771241833,28.0,328.2,329.15,330.3,331.6,-59.95066799999999,33.89333333333333,1,0.02474666666666666,0.027000000000000135
vehicle_014_session_00139,vehicle_014,139,train,131.06016008522732,15.2,324.4,325.85,328.2,329.6,-70.77764881578946,32.0921052631579,1,0.03030263157894737,0.03299999999999992
vehicle_014_session_00140,vehicle_014,140,train,130.958876408179,16.8,325.2,326.5,328.6,329.9,-70.89732573333332,33.586666666666666,1,0.029426666666666643,0.03200000000000003
vehicle_014_session_00141,vehicle_014,141,train,132.26948370245242,42.0,331.1,332.1,333.4,334.9,-40.0644827631579,34.0,0,0.020210526315789484,0.02300000000000013
vehicle_014_session_00142,vehicle_014,142,train,130.96795810844847,9.2,321.7,323.6,326.4,328.6,-73.78667706666667,31.2,1,0.03110666666666665,0.03299999999999992
vehicle_014_session_00143,vehicle_014,143,train,130.46394579880297,22.4,327.2,328.5375,329.9,331.1,-69.88666226666666,33.2,1,0.027773333333333355,0.02900000000000036
vehicle_014_session_00144,vehicle_014,144,train,130.91734959421018,28.4,328.9,330.25,331.7,333.3,-74.16667640000001,31.506666666666668,1,0.029946666666666667,0.03100000000000014
vehicle_014_session_00145,vehicle_014,145,train,130.98232840083074,29.6,327.8,328.5,329.4,330.2,-40.29468613333335,33.86666666666667,1,0.018053333333333345,0.019000000000000128
vehicle_014_session_00146,vehicle_014,146,train,131.3899800682607,24.8,327.7,328.8,330.0,331.3,-70.1666764,33.88,1,0.028106666666666696,0.03000000000000025
vehicle_014_session_00147,vehicle_014,147,train,132.32779783254585,17.2,324.6,325.9,328.25,329.6,-70.27105565789475,34.0,0,0.02994736842105262,0.03299999999999992
vehicle_014_session_00148,vehicle_014,148,train,132.86375518707484,55.6,341.4,343.70000000000005,347.29999999999995,351.4,-74.14211368421051,36.276315789473685,1,0.03659210526315788,0.038000000000000256
vehicle_014_session_00149,vehicle_014,149,train,131.47123415852198,30.4,329.2,330.25,331.775,333.5,-73.58000746666667,31.52,1,0.0297866666666667,0.03200000000000003
vehicle_014_session_00150,vehicle_014,150,train,131.35922559523812,10.8,322.4,323.85,326.7,328.9,-74.23553644736842,32.63157894736842,1,0.03160526315789474,0.03400000000000025
vehicle_014_session_00151,vehicle_014,151,train,131.0615805630631,12.8,321.9,322.9,324.9,326.4,-46.30133539473686,34.0,0,0.0224473684210526,0.025000000000000355
vehicle_014_session_00152,vehicle_014,152,train,131.6112839703065,30.4,328.2,328.85,329.9,330.8,-45.11601,31.0,0,0.01966666666666668,0.02100000000000035
vehicle_014_session_00153,vehicle_014,153,train,130.05958154186794,32.8,327.7,328.3,329.1,329.9,-25.955263947368422,30.0,0,0.01322368421052635,0.015000000000000124
vehicle_014_session_00154,vehicle_014,154,train,130.74762212465563,22.0,325.8,326.6,327.6,328.3,-40.202641842105265,31.0,0,0.018078947368421073,0.020000000000000018
vehicle_014_session_00155,vehicle_014,155,train,131.98308006287536,6.8,320.2,322.15,324.79999999999995,327.2,-69.77734306666666,31.786666666666665,1,0.030066666666666624,0.03200000000000003
vehicle_014_session_00156,vehicle_014,156,train,129.63822405437352,30.4,328.5,329.2,330.3,331.4,-49.5,31.0,0,0.021460526315789465,0.02300000000000013
vehicle_014_session_00157,vehicle_014,157,train,130.88391008623822,33.6,327.5,328.95000000000005,330.3,331.4,-37.36532381333333,32.0,0,0.017506666666666705,0.020000000000000018
vehicle_014_session_00158,vehicle_014,158,train,131.44740007342145,4.4,315.8,317.54999999999995,320.3,322.2,-37.64605381578947,31.0,0,0.022473684210526323,0.02499999999999991
vehicle_014_session_00159,vehicle_014,159,train,130.16740230429292,23.6,327.1,328.5,329.2,329.9,-44.7493336,32.0,0,0.019413333333333352,0.02100000000000035
vehicle_014_session_00160,vehicle_014,160,train,128.76193136548068,12.4,320.8,322.35,324.65,326.3,-37.43333061333333,28.0,0,0.020053333333333322,0.02200000000000024
vehicle_014_session_00161,vehicle_014,161,train,131.12478983771538,22.8,327.2,328.6,330.0,331.3,-69.89066266666666,25.453333333333333,1,0.02856000000000003,0.03000000000000025
vehicle_014_session_00162,vehicle_014,162,train,129.4560883690147,25.6,328.2,329.4,330.8,332.2,-70.28667719999999,29.866666666666667,2,0.028400000000000033,0.03000000000000025
vehicle_014_session_00163,vehicle_014,163,train,133.98542927442534,74.4,357.1,358.3,360.8,363.5,-44.614483684210526,29.0,0,0.026671052631578932,0.02800000000000047
vehicle_014_session_00164,vehicle_014,164,train,134.59010337009806,15.2,323.3,324.29999999999995,326.1,327.5,-45.114483684210526,29.0,0,0.021855263157894697,0.02400000000000002
vehicle_014_session_00165,vehicle_014,165,train,131.86007198183762,46.0,335.3,337.4,339.4,342.1,-44.88290473684211,32.06578947368421,1,0.02656578947368422,0.02900000000000036
vehicle_014_session_00166,vehicle_014,166,train,130.71375739644972,30.0,327.1,327.5,328.2,328.6,-22.5,30.0,0,0.011600000000000008,0.013000000000000345
vehicle_014_session_00167,vehicle_014,167,train,131.1937106684982,24.0,326.9,327.7,328.6,329.6,-45.20001026666667,29.4,1,0.019440000000000034,0.020000000000000018
vehicle_014_session_00168,vehicle_014,168,train,132.44278623333338,39.6,331.7,332.7,334.7,337.4,-70.80001578947368,33.171052631578945,2,0.03143421052631577,0.0349999999999997
vehicle_014_session_00169,vehicle_014,169,train,131.48472526851853,24.0,327.8,328.9,330.3,331.7,-73.9146672,32.42666666666667,1,0.029546666666666693,0.03100000000000014
vehicle_014_session_00170,vehicle_014,170,train,132.51626572769956,40.0,330.2,331.5,332.8,334.4,-45.03290513157896,36.0,0,0.02148684210526316,0.02300000000000013
vehicle_014_session_00171,vehicle_014,171,train,132.40261507189544,47.6,332.5,333.9,335.3,336.8,-25.739475157894738,34.0,0,0.018078947368421073,0.021999999999999797
vehicle_014_session_00172,vehicle_014,172,train,131.31086918540564,3.6,316.9,317.8,320.2,321.9,-39.91332466666667,35.0,0,0.022186666666666667,0.02400000000000002
vehicle_014_session_00173,vehicle_014,173,train,130.34938253613947,19.2,325.8,326.7,328.0,328.9,-50.869736973684205,34.0,0,0.022486842105263184,0.02400000000000002
vehicle_014_session_00174,vehicle_014,174,train,132.406943442772,11.2,321.4,322.7,325.0,327.1,-59.97333546666666,36.093333333333334,0,0.027186666666666616,0.028999999999999915
vehicle_014_session_00175,vehicle_014,175,train,132.72798344907406,39.6,331.0,331.7,333.25,334.9,-49.911991199999996,30.666666666666668,1,0.02305333333333336,0.025000000000000355
vehicle_014_session_00176,vehicle_014,176,train,129.83577617855235,13.6,322.4,323.85,325.7,327.2,-44.867111710526316,31.0,0,0.022263157894736804,0.02400000000000002
vehicle_014_session_00177,vehicle_014,177,train,132.02607212520428,43.2,331.1,333.0,334.7,336.8,-44.75001,29.0,0,0.023289473684210492,0.027000000000000135
vehicle_014_session_00178,vehicle_014,178,train,131.46730106275962,9.2,320.3,321.5,323.4,325.2,-45.09869407894737,31.0,0,0.022381578947368433,0.02400000000000002
vehicle_014_session_00179,vehicle_014,179,train,129.64799272504456,22.0,326.4,327.2,328.3,329.2,-45.030266184210525,29.0,0,0.019578947368421074,0.02100000000000035
vehicle_014_session_00180,vehicle_014,180,train,132.72173385416667,50.4,336.8,338.4,342.6,346.6,-69.99066893333332,31.14666666666667,2,0.03676000000000003,0.039000000000000146
vehicle_014_session_00181,vehicle_014,181,train,128.28524599939612,35.6,329.7,330.3,331.4,332.7,-39.92207012987013,29.5974025974026,1,0.019142857142857163,0.020999999999999908
vehicle_014_session_00182,vehicle_014,182,train,131.60338437508264,21.2,323.8,325.4,327.2,328.0,-37.24665789733333,29.0,0,0.017946666666666687,0.020999999999999908
vehicle_014_session_00183,vehicle_014,183,train,130.8314651612756,3.2,317.5,319.15,321.7,323.8,-50.376312894736856,29.80263157894737,1,0.02548684210526317,0.027000000000000135
vehicle_014_session_00184,vehicle_014,184,train,131.77877850437244,28.8,327.7,328.5375,329.6375,330.7,-49.87333133333334,32.373333333333335,1,0.021280000000000018,0.02300000000000013
vehicle_014_session_00185,vehicle_014,185,train,132.41596834167862,4.4,318.0,320.04999999999995,323.4,326.1,-71.42105368421053,33.43421052631579,1,0.034697368421052595,0.03699999999999992
vehicle_014_session_00186,vehicle_014,186,train,129.21367135611737,20.4,325.0,326.4,327.6,328.5,-39.98667666666667,28.0,0,0.01803999999999999,0.020000000000000018
vehicle_014_session_00187,vehicle_014,187,train,131.0720836093305,28.8,327.8,328.6,329.7,330.5,-45.90131394736843,30.210526315789473,1,0.01988157894736845,0.02200000000000024
vehicle_014_session_00188,vehicle_014,188,train,130.8581600392512,42.8,332.1,333.0,334.7,336.9,-49.59211447368422,29.0,0,0.02488157894736844,0.028000000000000025
vehicle_014_session_00189,vehicle_014,189,train,131.7320604251875,32.4,328.5,329.29999999999995,330.5,331.6,-48.75133092105264,31.236842105263158,1,0.021434210526315813,0.02300000000000013
vehicle_014_session_00190,vehicle_014,190,train,130.90985685329866,33.6,329.1,330.0,331.3,332.5,-49.810543157894756,27.86842105263158,1,0.022276315789473703,0.02400000000000002
vehicle_014_session_00191,vehicle_014,191,train,128.25053054503368,16.8,323.2,324.2,325.2375,326.1,-25.849336933333333,28.0,0,0.01642666666666666,0.018000000000000238
vehicle_014_session_00192,vehicle_014,192,train,129.82937466397848,21.6,327.2,328.0,328.8,329.6,-45.119746842105265,28.710526315789473,1,0.019631578947368427,0.020999999999999908
vehicle_014_session_00193,vehicle_014,193,train,127.91477705237085,15.2,322.7,323.2,324.1,325.0,-22.600010000000008,30.0,0,0.01568421052631582,0.017000000000000348
vehicle_014_session_00194,vehicle_014,194,train,131.55727295119706,22.0,326.1,326.79999999999995,328.0,328.8,-45.20658960526317,30.0,0,0.019828947368421068,0.02200000000000024
vehicle_014_session_00195,vehicle_014,195,train,131.66425701745013,20.0,326.1,327.4,329.025,330.2,-70.36133493333334,30.986666666666668,2,0.029786666666666697,0.03300000000000036
vehicle_014_session_00196,vehicle_014,196,train,131.43367701566953,11.2,322.2,323.85,326.6,328.5,-70.00000373333333,31.0,0,0.03074666666666666,0.03299999999999992
vehicle_014_session_00197,vehicle_014,197,train,129.77161840920783,17.2,324.4,325.5,327.29999999999995,328.3,-50.17369381578948,29.526315789473685,1,0.023539473684210516,0.0259999999999998
vehicle_014_session_00198,vehicle_014,198,train,132.76258275462965,48.0,335.2,337.04999999999995,341.1,345.5,-74.3320104,27.706666666666667,1,0.03840000000000001,0.04200000000000026
vehicle_014_session_00199,vehicle_014,199,train,131.87131499756336,6.4,320.2,322.1,325.1,327.7,-74.050005,27.960526315789473,1,0.03434210526315786,0.03699999999999992
vehicle_014_session_00200,vehicle_014,200,train,134.01955231984704,70.0,351.4,353.0,355.75,358.0,-37.449331599999994,29.12,1,0.024493333333333353,0.027000000000000135
vehicle_014_session_00201,vehicle_014,201,train,132.00525273644183,47.2,335.2,336.70000000000005,340.4,345.0,-74.15395657894736,29.776315789473685,2,0.03752631578947369,0.040999999999999925
vehicle_014_session_00202,vehicle_014,202,train,135.52003238536153,64.0,348.3,349.35,351.6,354.1,-44.91332466666667,29.0,0,0.02690666666666665,0.028000000000000025
vehicle_014_session_00203,vehicle_014,203,train,130.58346129310345,26.0,328.3,329.4,330.8,332.2,-69.8289602631579,27.80263157894737,1,0.028210526315789505,0.03000000000000025
vehicle_014_session_00204,vehicle_014,204,train,131.2564952795584,12.8,323.5,324.95,327.75,329.4,-73.74869907894735,28.0,0,0.03232894736842105,0.03400000000000025
vehicle_014_session_00205,vehicle_014,205,train,131.19590438657406,28.4,327.8,328.6,329.9,330.8,-49.9533356,30.0,0,0.021493333333333333,0.02300000000000013
vehicle_014_session_00206,vehicle_014,206,train,133.0391125595238,9.2,321.3,322.75,325.7,328.0,-73.97200173333333,32.81333333333333,1,0.03341333333333334,0.03500000000000014
vehicle_014_session_00207,vehicle_014,207,train,132.56037927726342,43.6,333.0,334.2,336.9,340.8,-74.11053394736842,32.26315789473684,2,0.03557894736842104,0.040999999999999925
vehicle_014_session_00208,vehicle_014,208,train,130.11763384856633,32.0,327.7,328.1,328.8,329.4,-26.0760076,29.253333333333334,1,0.013386666666666725,0.015000000000000124
vehicle_014_session_00209,vehicle_014,209,train,131.5695522390966,54.8,339.9,341.5,344.5,347.4,-50.147377368421054,29.0,0,0.029302631578947403,0.03200000000000003
vehicle_014_session_00210,vehicle_014,210,train,130.6644955702862,48.4,336.9,338.55,341.85,345.7,-69.99466853333334,33.413333333333334,1,0.035906666666666656,0.039000000000000146
vehicle_014_session_00211,vehicle_014,211,train,129.5937865395981,3.6,318.8,320.75,323.9,326.6,-70.31447723684211,28.907894736842106,1,0.03271052631578945,0.03500000000000014
vehicle_014_session_00212,vehicle_014,212,train,128.08616673964968,28.0,328.8,329.9,331.3,333.0,-70.2013259210526,31.276315789473685,1,0.02897368421052638,0.03100000000000014
vehicle_014_session_00213,vehicle_014,213,train,129.69070544871795,38.8,330.2,331.1,332.4,333.9,-45.01052736842105,32.0,0,0.02160526315789475,0.02400000000000002
vehicle_014_session_00214,vehicle_014,214,train,130.37491085324757,43.2,333.3,334.7,337.5,341.6,-74.14134013333333,25.92,2,0.036386666666666644,0.04100000000000037
vehicle_014_session_00215,vehicle_014,215,train,125.84162541459372,29.6,329.6,330.3,331.1,332.2,-45.003947763157896,23.973684210526315,1,0.020223684210526328,0.02200000000000024
vehicle_014_session_00216,vehicle_014,216,train,128.98891103769841,28.8,328.6,330.0,331.6,333.2,-70.25659039473685,24.526315789473685,1,0.029381578947368463,0.03100000000000014
vehicle_014_session_00217,vehicle_014,217,train,129.94674682377052,75.2,359.1,360.3,362.8,365.7,-45.098693815789474,27.0,0,0.02802631578947372,0.029000000000000803
vehicle_014_session_00218,vehicle_014,218,train,127.78661704545453,37.6,329.9,330.7,331.9,333.2,-40.01447513157895,24.88157894736842,1,0.019684210526315842,0.02100000000000035
vehicle_014_session_00219,vehicle_014,219,train,128.8895633985548,38.8,331.3,332.6,334.7,337.4,-70.06711157894738,26.0,2,0.03174999999999998,0.03500000000000014
vehicle_014_session_00220,vehicle_014,220,train,129.14776610473697,14.8,324.6,326.0,328.6,330.0,-74.38026644736841,27.88157894736842,1,0.03164473684210526,0.0349999999999997
vehicle_014_session_00221,vehicle_014,221,train,127.61870836724808,11.6,323.5,325.25,328.0,329.4,-70.00133426666667,21.773333333333333,1,0.029693333333333318,0.03200000000000003
vehicle_014_session_00222,vehicle_014,222,train,127.65488462278299,12.8,322.7,324.1,326.20000000000005,327.7,-50.52133546666666,23.0,0,0.024266666666666627,0.026000000000000245
vehicle_014_session_00223,vehicle_014,223,train,128.33810349438536,8.0,318.8,320.65,323.1,324.9,-37.36932376,22.8,1,0.01932000000000001,0.021999999999999797
vehicle_014_session_00224,vehicle_014,224,train,129.1529793550532,28.4,327.8,328.85,329.95,331.1,-50.09079605263158,23.57894736842105,1,0.02197368421052631,0.02400000000000002
vehicle_014_session_00225,vehicle_014,225,train,131.22774166666667,55.6,340.7,342.25,344.9,347.5,-45.01710671052632,24.223684210526315,1,0.027407894736842124,0.03000000000000025
vehicle_014_session_00226,vehicle_014,226,train,130.66571154214563,51.2,335.7,336.4,338.3,340.3,-26.011843289473685,24.0,0,0.02434210526315785,0.02699999999999969
vehicle_014_session_00227,vehicle_014,227,train,128.53206493377058,54.8,341.3,343.75,347.575,351.4,-70.03733600000001,25.173333333333332,2,0.036933333333333304,0.040000000000000036
vehicle_014_session_00228,vehicle_014,228,train,130.10035077511228,58.0,344.4,346.75,350.5,354.7,-74.47368631578946,24.592105263157894,1,0.0372236842105263,0.039000000000000146
vehicle_014_session_00229,vehicle_014,229,train,128.9098485292334,6.0,320.7,322.4,325.25,327.7,-70.01733586666667,23.653333333333332,1,0.033306666666666644,0.03500000000000014
vehicle_014_session_00230,vehicle_014,230,train,131.14206871054293,62.4,347.1,348.4,351.0,353.8,-50.081341466666665,28.0,0,0.028359999999999996,0.03000000000000025
vehicle_014_session_00231,vehicle_014,231,train,127.49209204471546,16.0,322.2,324.0,326.1,327.4,-37.237323736,24.0,0,0.021066666666666616,0.02400000000000002
vehicle_014_session_00232,vehicle_014,232,train,129.2805839750582,21.2,326.7,328.2375,329.7,331.0,-69.21467813333332,23.346666666666668,1,0.029453333333333342,0.03100000000000014
vehicle_014_session_00233,vehicle_014,233,train,129.06857484785036,8.0,318.3,320.2,322.7,324.4,-37.53551726315789,24.0,0,0.020631578947368428,0.02300000000000013
vehicle_014_session_00234,vehicle_014,234,train,130.3196503737053,50.4,336.0,337.29999999999995,340.5,343.8,-49.70001013157895,24.31578947368421,1,0.03171052631578946,0.03400000000000025
vehicle_014_session_00235,vehicle_014,235,train,130.70858599910395,41.6,331.4,332.45,334.15,336.0,-45.247378157894744,22.80263157894737,1,0.022894736842105284,0.026000000000000245
vehicle_014_session_00236,vehicle_014,236,train,128.456883998708,11.6,320.5,323.0,324.9,326.6,-44.45999253333333,26.0,0,0.022599999999999964,0.02499999999999991
vehicle_014_session_00237,vehicle_014,237,train,128.97508789718836,29.2,326.4,328.8,329.775,330.7,-44.58534336,27.213333333333335,1,0.020359999999999986,0.022999999999999687
vehicle_014_session_00238,vehicle_014,238,train,130.92176139423074,63.2,347.2,349.65,351.8,354.3,-44.59869265789474,28.0,0,0.02828947368421054,0.029999999999999805
vehicle_014_session_00239,vehicle_014,239,train,127.78508553308824,30.0,329.6,330.8,332.4,334.1,-70.1373408,21.96,2,0.029680000000000047,0.03200000000000003
vehicle_014_session_00240,vehicle_014,240,train,128.9775127192983,29.2,328.2,329.0,330.075,331.1,-50.06533986666667,24.96,1,0.021986666666666696,0.02400000000000002
vehicle_014_session_00241,vehicle_014,241,train,128.8388703309012,5.6,320.3,322.15,324.95,327.5,-70.19606171052631,27.394736842105264,1,0.030776315789473666,0.03299999999999992
vehicle_014_session_00242,vehicle_014,242,train,127.23404370481357,29.6,327.2,327.7,328.3,328.9,-26.015791052631577,27.973684210526315,1,0.013381578947368454,0.015000000000000124
vehicle_014_session_00243,vehicle_014,243,train,127.36277682786417,20.4,326.9,328.4,329.9,331.1,-70.19737618421054,24.986842105263158,2,0.02856578947368422,0.03000000000000025
vehicle_014_session_00244,vehicle_014,244,train,128.54589968278464,38.8,330.5,331.20000000000005,332.5,333.8,-40.10401,25.813333333333333,1,0.02010666666666669,0.02200000000000024
vehicle_014_session_00245,vehicle_014,245,train,128.9476381016043,23.2,324.9,327.0,328.2,329.1,-44.660527763157894,26.407894736842106,1,0.01988157894736844,0.02100000000000035
vehicle_014_session_00246,vehicle_014,246,train,130.2282197405254,45.2,332.5,333.85,335.8,338.2,-44.975006710526316,27.894736842105264,1,0.025144736842105234,0.028999999999999915
vehicle_014_session_00247,vehicle_014,247,train,129.59301937079127,45.2,333.6,335.25,338.1,342.4,-69.3657902631579,29.13157894736842,2,0.03501315789473684,0.039000000000000146
vehicle_014_session_00248,vehicle_014,248,train,131.30865793650796,52.8,337.7,339.25,342.45,345.2,-46.99066693333333,28.0,0,0.029813333333333372,0.03300000000000036
vehicle_014_session_00249,vehicle_014,249,train,128.75072307038485,21.2,326.6,328.25,329.7,331.1,-73.94473815789475,29.289473684210527,1,0.029986842105263187,0.03100000000000014
vehicle_014_session_00250,vehicle_014,250,train,129.06915985922146,34.4,330.5,331.5,333.3,335.3,-70.36533426666666,27.88,2,0.030386666666666673,0.03299999999999992
vehicle_014_session_00251,vehicle_014,251,train,130.72742648092375,64.4,349.4,351.35,354.775,358.6,-70.68667733333334,30.533333333333335,1,0.03705333333333334,0.0389999999999997
vehicle_014_session_00252,vehicle_014,252,train,128.22688666049382,7.6,320.0,321.6,323.6,325.5,-44.93866906666667,23.0,0,0.023466666666666653,0.025000000000000355
vehicle_014_session_00253,vehicle_014,253,train,127.94940758627946,18.4,325.3,326.4,328.0,328.9,-50.06267293333333,22.466666666666665,1,0.02198666666666666,0.02400000000000002
vehicle_014_session_00254,vehicle_014,254,train,128.52858971822545,30.4,329.1,330.5,332.0,333.6,-69.5328980263158,25.144736842105264,2,0.029921052631578987,0.03200000000000003
vehicle_014_session_00255,vehicle_014,255,train,128.74963370977727,16.8,324.2,325.1,326.79999999999995,328.0,-46.103953815789474,25.0,0,0.023157894736842072,0.026000000000000245
vehicle_014_session_00256,vehicle_014,256,train,128.96471488309354,42.4,332.1,332.9,334.7,336.9,-50.06184684210527,26.460526315789473,1,0.025684210526315823,0.028999999999999915
vehicle_014_session_00257,vehicle_014,257,train,130.16013942183466,46.0,333.6,334.65,336.9,339.9,-50.09734040000001,23.053333333333335,1,0.02857333333333332,0.03300000000000036
vehicle_014_session_00258,vehicle_014,258,train,130.56247289113563,60.0,346.0,348.0,351.4,355.3,-70.65658868421052,28.894736842105264,1,0.03568421052631578,0.037000000000000366
vehicle_014_session_00259,vehicle_014,259,train,128.6445046828704,38.0,331.1,332.4375,334.4,336.9,-70.32934053333334,27.72,1,0.03154666666666666,0.0349999999999997
vehicle_014_session_00260,vehicle_014,260,train,130.0141856782725,68.4,353.3,354.95,358.375,362.4,-70.04800413333334,30.493333333333332,1,0.03705333333333334,0.039000000000000146
vehicle_014_session_00261,vehicle_014,261,train,129.43599135393674,37.2,331.0,332.5,334.65,337.4,-73.92894697368422,23.855263157894736,2,0.03246052631578946,0.03600000000000003
vehicle_014_session_00262,vehicle_014,262,train,126.23909405602639,26.8,327.7,328.6,329.7,330.8,-49.82895868421053,24.026315789473685,1,0.021723684210526336,0.02300000000000013
vehicle_014_session_00263,vehicle_014,263,train,128.70093842918624,41.2,332.5,333.70000000000005,336.05,339.1,-69.44000253333334,27.013333333333332,2,0.03278666666666666,0.03600000000000003
vehicle_014_session_00264,vehicle_014,264,train,127.71357190875777,11.2,323.2,324.79999999999995,327.6,329.4,-70.15000881578948,23.42105263157895,1,0.03144736842105263,0.03399999999999981
vehicle_014_session_00265,vehicle_014,265,train,130.03940041062805,51.6,338.0,339.9375,344.3375,348.3,-70.24668133333331,26.906666666666666,1,0.03902666666666669,0.04200000000000026
vehicle_014_session_00266,vehicle_014,266,train,130.352024465812,4.0,316.9,320.25,323.55,326.1,-69.20527013157894,28.0,0,0.03519736842105263,0.038000000000000256
vehicle_014_session_00267,vehicle_014,267,train,125.8221560359589,24.8,326.9,327.74444444444447,328.8,329.6,-40.01466813333333,24.0,0,0.018426666666666685,0.019000000000000128
vehicle_014_session_00268,vehicle_014,268,train,129.03434262626263,54.0,338.3,340.04999999999995,343.2375,345.5,-37.59599976,25.573333333333334,1,0.027440000000000034,0.030999999999999694
vehicle_014_session_00269,vehicle_014,269,train,128.3171146069539,38.8,331.7,333.1,335.2,338.0,-69.7960722368421,25.13157894736842,2,0.03248684210526314,0.03600000000000003
vehicle_014_session_00270,vehicle_014,270,train,128.69645660573258,16.0,324.9,326.35,328.6,329.9,-71.0813412,27.746666666666666,1,0.0306,0.03300000000000036
vehicle_014_session_00271,vehicle_014,271,train,129.56716730726382,22.8,326.1,328.4,329.79999999999995,331.1,-69.63466893333333,28.813333333333333,1,0.028893333333333396,0.03000000000000025
vehicle_014_session_00272,vehicle_014,272,train,129.4114571626984,44.8,333.2,334.15,336.1,338.9,-51.297386052631595,29.144736842105264,1,0.027710526315789453,0.03300000000000036
vehicle_014_session_00273,vehicle_014,273,train,126.0226137358757,11.2,321.9,323.0,324.95,326.7,-45.100010000000005,25.0,0,0.023613333333333295,0.025000000000000355
vehicle_014_session_00274,vehicle_014,274,train,125.67484420315445,24.0,327.8,329.2,330.7,332.2,-69.59474499999999,24.92105263157895,2,0.02893421052631584,0.03100000000000014
vehicle_014_session_00275,vehicle_014,275,train,126.49618318152456,11.2,323.0,324.65,327.45,329.2,-69.74080355263158,25.263157894736842,1,0.03073684210526315,0.03299999999999992
vehicle_014_session_00276,vehicle_014,276,train,126.44499328703704,32.0,329.9,331.05,332.75,334.7,-69.87499749999999,23.75,1,0.030473684210526354,0.03299999999999992
vehicle_014_session_00277,vehicle_014,277,train,124.94028908362732,22.4,327.7,328.9,330.25,331.6,-70.26800946666667,29.28,1,0.0289066666666667,0.030999999999999694
vehicle_014_session_00278,vehicle_014,278,train,127.8958199823543,48.8,336.4,338.1,342.2,346.3,-70.33867413333333,25.96,2,0.037840000000000026,0.04100000000000037
vehicle_014_session_00279,vehicle_014,279,train,127.04670649524088,37.6,331.7,332.8,334.9375,338.0,-74.1946768,28.04,2,0.033426666666666674,0.03699999999999992
vehicle_014_session_00280,vehicle_014,280,train,127.35920930028131,34.4,330.7,331.79999999999995,333.8,336.1,-74.08667253333334,26.506666666666668,1,0.03173333333333338,0.03500000000000014
vehicle_014_session_00281,vehicle_014,281,train,127.41259780982908,36.4,331.0,332.2,334.1,336.4,-71.12267666666666,28.72,1,0.031213333333333326,0.03399999999999981
vehicle_014_session_00282,vehicle_014,282,train,127.38838352513228,13.6,323.8,325.4,328.0,329.7,-70.90130697368421,26.88157894736842,1,0.03146052631578946,0.03400000000000025
vehicle_014_session_00283,vehicle_014,283,train,127.34866073267793,20.4,326.9,328.25,329.79999999999995,331.1,-72.95131092105262,30.039473684210527,2,0.029631578947368464,0.03200000000000003
vehicle_014_session_00284,vehicle_014,284,train,126.73324108126721,38.8,331.9,332.9,335.1,337.8,-70.29606802631578,30.36842105263158,1,0.03259210526315787,0.03600000000000003
vehicle_014_session_00285,vehicle_014,285,train,125.73810962873934,14.4,324.6,326.20000000000005,328.5,329.9,-69.81054157894737,27.75,1,0.030131578947368405,0.03299999999999992
vehicle_014_session_00286,vehicle_014,286,train,128.56438889243196,47.2,335.2,336.8,340.6,345.2,-74.10658631578947,31.592105263157894,1,0.03909210526315789,0.04300000000000015
vehicle_014_session_00287,vehicle_014,287,train,126.88596641044063,40.0,331.7,333.2,335.25,338.3,-69.69606263157893,28.57894736842105,1,0.032815789473684194,0.03699999999999992
vehicle_014_session_00288,vehicle_014,288,train,126.4485585701567,19.6,324.2,326.65,328.0,328.9,-49.322386842105274,28.0,0,0.022000000000000002,0.02400000000000002
vehicle_014_session_00289,vehicle_014,289,train,126.51674864969138,36.8,330.8,332.1,333.975,336.3,-70.840008,30.213333333333335,2,0.031840000000000014,0.03600000000000003
vehicle_014_session_00290,vehicle_014,290,train,126.42740176401291,26.8,327.5,328.4,329.6,330.7,-50.061846315789474,28.0,0,0.022105263157894763,0.02300000000000013
vehicle_014_session_00291,vehicle_014,291,train,128.87468261923482,55.2,341.3,343.6,347.2,351.1,-69.99333519999999,31.826666666666668,1,0.03661333333333335,0.040000000000000036
vehicle_014_session_00292,vehicle_014,292,train,127.68731690668206,10.8,322.5,324.0,326.7,328.8,-70.10921815789474,27.907894736842106,1,0.032118421052631546,0.03400000000000025
vehicle_014_session_00293,vehicle_014,293,train,126.37366047278341,18.4,325.5,326.7,328.4,329.4,-50.382889868421046,20.13157894736842,1,0.023000000000000038,0.025000000000000355
vehicle_014_session_00294,vehicle_014,294,train,127.40563040013228,55.6,342.7,344.79999999999995,348.5,352.4,-70.07333866666667,26.826666666666668,1,0.038053333333333335,0.040000000000000036
vehicle_014_session_00295,vehicle_014,295,train,128.92767115224132,4.4,318.9,321.20000000000005,324.4,326.9,-70.02895131578948,22.82894736842105,1,0.03321052631578943,0.03500000000000014
vehicle_014_session_00296,vehicle_014,296,train,126.18433877615446,36.0,330.0,331.1,332.7,334.2,-50.11067493333334,23.013333333333332,0,0.023506666666666665,0.025000000000000355
vehicle_014_session_00297,vehicle_014,297,train,126.96469494097224,53.2,338.6,340.6,344.0,347.2,-50.01710684210527,21.55263157894737,1,0.030710526315789497,0.03400000000000025
vehicle_014_session_00298,vehicle_014,298,train,126.64670771713618,33.2,330.2,331.6,333.4,335.5,-73.26580236842105,23.13157894736842,2,0.03148684210526318,0.03400000000000025
vehicle_014_session_00299,vehicle_014,299,train,127.54491463933694,10.8,322.5,323.9,326.65,328.6,-70.3434272368421,30.0,0,0.03181578947368419,0.03400000000000025
vehicle_014_session_00300,vehicle_014,300,train,126.97352774273703,10.8,322.7,324.29999999999995,327.275,329.1,-74.13600866666667,27.85333333333333,1,0.03357333333333335,0.03600000000000003
vehicle_014_session_00301,vehicle_014,301,train,126.32343779813846,21.2,327.2,328.9,330.4,331.7,-74.132008,26.906666666666666,2,0.02984000000000004,0.03200000000000003
vehicle_014_session_00302,vehicle_014,302,train,127.89943534604522,48.4,335.8,337.6,341.6,346.1,-70.3355325,25.342105263157894,1,0.03976315789473686,0.04300000000000015
vehicle_014_session_00303,vehicle_014,303,train,125.3202798946592,15.2,325.8,327.29999999999995,329.4,330.7,-70.34079539473683,19.5,1,0.029710526315789486,0.03299999999999992
vehicle_014_session_00304,vehicle_014,304,train,126.77337479340281,17.2,326.0,327.4,329.2,330.5,-70.2480128,22.8,1,0.03134666666666666,0.03500000000000014
vehicle_014_session_00305,vehicle_014,305,train,125.30680152705062,21.6,327.4,328.85,330.5,331.7,-70.07632092105264,20.710526315789473,1,0.02915789473684216,0.03100000000000014
vehicle_014_session_00306,vehicle_014,306,train,126.29517945308501,10.8,323.2,324.79999999999995,327.7,329.4,-70.1750092105263,22.513157894736842,1,0.03211842105263157,0.03500000000000014
vehicle_014_session_00307,vehicle_014,307,train,126.63695580402651,10.4,322.8,324.5,327.275,329.1,-70.48533186666667,22.746666666666666,1,0.032666666666666656,0.03600000000000003
vehicle_014_session_00308,vehicle_014,308,train,125.1100117633518,25.2,328.6,329.95,331.6,333.2,-71.39474289473682,21.276315789473685,2,0.02898684210526318,0.03000000000000025
vehicle_014_session_00309,vehicle_014,309,train,126.12519403364634,40.8,330.2,332.15,334.1,335.8,-37.76315789473684,19.0,0,0.020842105263157874,0.02400000000000002
vehicle_014_session_00310,vehicle_014,310,train,125.5818748553241,20.8,326.7,328.5,329.9,331.3,-69.65264013157893,25.986842105263158,2,0.028763157894736865,0.03100000000000014
vehicle_014_session_00311,vehicle_014,311,train,127.9425609915756,48.8,334.9,336.8,339.65,343.2,-49.867105131578946,27.0,0,0.03226315789473683,0.03600000000000003
vehicle_014_session_00312,vehicle_014,312,train,126.46639212114603,21.2,327.2,328.55,330.1,331.6,-74.0093356,29.333333333333332,1,0.030453333333333343,0.03200000000000003
vehicle_014_session_00313,vehicle_014,313,train,126.90348227820843,32.8,328.6,329.4,330.5,331.4,-40.12632578947369,27.0,0,0.019315789473684234,0.02100000000000035
vehicle_014_session_00314,vehicle_014,314,train,127.83876468750003,45.6,334.1,335.75,338.85,343.5,-70.10000776315788,32.026315789473685,2,0.03671052631578945,0.04200000000000026
vehicle_014_session_00315,vehicle_014,315,train,124.99280267515056,16.4,324.9,325.8,327.4,328.2,-44.8026507894737,26.0,0,0.021789473684210504,0.02499999999999991
vehicle_014_session_00316,vehicle_014,316,train,127.81958540130287,52.4,338.3,339.9,343.3,346.3,-50.16534240000001,22.44,1,0.03304000000000001,0.03600000000000003
vehicle_014_session_00317,vehicle_014,317,train,125.01234816885967,21.6,327.7,328.85,330.3,331.7,-70.16267586666667,24.666666666666668,1,0.02917333333333337,0.03100000000000014
vehicle_014_session_00318,vehicle_014,318,train,125.91248277363185,44.4,333.2,334.15,336.1,338.5,-45.436843289473686,24.05263157894737,1,0.026986842105263097,0.030999999999999694
vehicle_014_session_00319,vehicle_014,319,train,125.41661121185956,20.4,326.9,328.55,330.0,331.4,-70.13948328947369,24.907894736842106,2,0.028552631578947378,0.03000000000000025
vehicle_014_session_00320,vehicle_014,320,train,127.86630577531649,66.0,351.0,352.75,356.3,360.2,-70.38132893333332,28.346666666666668,1,0.038279999999999995,0.040000000000000036
vehicle_014_session_00321,vehicle_014,321,train,126.52332989346105,33.2,330.2,331.20000000000005,333.0,335.0,-70.23290513157893,28.36842105263158,1,0.03069736842105265,0.03300000000000036
vehicle_014_session_00322,vehicle_014,322,train,123.4491013354701,20.0,327.5,328.8,330.3,331.6,-69.89732413333334,23.76,1,0.02824000000000003,0.03100000000000014
vehicle_014_session_00323,vehicle_014,323,train,127.14243177334944,42.4,331.9,332.8,334.6,336.6,-45.15132486842106,28.092105263157894,1,0.024855263157894728,0.028000000000000025
vehicle_014_session_00324,vehicle_014,324,train,127.68721692837894,44.0,333.6,335.0,337.9,342.2,-70.22369763157894,27.855263157894736,1,0.03618421052631576,0.04100000000000037
vehicle_014_session_00325,vehicle_014,325,train,126.09336855892509,30.0,329.4,330.6,332.2,333.9,-70.43025671052631,26.68421052631579,1,0.030065789473684254,0.03299999999999992
vehicle_014_session_00326,vehicle_014,326,train,126.35513631628793,27.2,328.6,329.9,331.35,333.0,-69.79735146666665,24.52,1,0.02954666666666667,0.03200000000000003
vehicle_014_session_00327,vehicle_014,327,train,126.37634495039686,13.6,324.1,325.9,328.55,329.9,-70.63685065789473,22.88157894736842,1,0.031052631578947356,0.03399999999999981
vehicle_014_session_00328,vehicle_014,328,train,126.36090766865084,41.6,331.7,332.8,334.6,336.4,-45.20267693333334,24.413333333333334,1,0.024506666666666663,0.027000000000000135
vehicle_014_session_00329,vehicle_014,329,train,126.12991685555555,38.4,330.5,331.3,332.7,334.2,-45.10134333333333,26.946666666666665,1,0.022946666666666667,0.02499999999999991
vehicle_014_session_00330,vehicle_014,330,train,124.97172329144622,47.6,336.8,338.2,340.4,343.3,-45.11579947368421,29.0,0,0.03094736842105264,0.03300000000000036
vehicle_014_session_00331,vehicle_014,331,train,127.35313868883372,37.2,331.1,332.15,334.15,336.8,-70.00921342105262,29.06578947368421,2,0.032078947368421054,0.03600000000000003
vehicle_014_session_00332,vehicle_014,332,train,127.01339882423376,39.6,332.2,333.3,335.4,338.3,-70.15000828947369,32.23684210526316,2,0.03327631578947363,0.03799999999999981
vehicle_014_session_00333,vehicle_014,333,train,126.65380086567734,10.0,322.1,323.55,326.3,328.5,-70.15067666666667,32.0,0,0.03163999999999997,0.03399999999999981
vehicle_014_session_00334,vehicle_014,334,train,126.37775016801078,48.0,336.6,339.0,342.45,346.4,-69.68158513157896,34.44736842105263,1,0.03793421052631582,0.040000000000000036
vehicle_014_session_00335,vehicle_014,335,train,125.84548056552364,10.8,322.4,324.1,326.79999999999995,328.9,-70.2460672368421,30.894736842105264,1,0.03126315789473679,0.03299999999999992
vehicle_014_session_00336,vehicle_014,336,train,127.44546692994508,61.2,346.9,348.6,352.15,356.0,-69.72801279999999,27.92,1,0.03728000000000003,0.039000000000000146
vehicle_014_session_00337,vehicle_014,337,train,126.85445454659825,42.4,332.8,334.29999999999995,336.85,340.5,-70.09869184210527,30.460526315789473,1,0.03524999999999998,0.040000000000000036
vehicle_014_session_00338,vehicle_014,338,train,125.02488723290598,17.2,325.7,327.15,329.15,330.3,-69.86667200000001,25.76,1,0.030453333333333367,0.03400000000000025
vehicle_014_session_00339,vehicle_014,339,train,123.92668125616372,30.0,327.4,330.9,332.5,334.4,-69.37734266666666,24.386666666666667,1,0.029933333333333353,0.03299999999999992
vehicle_014_session_00340,vehicle_014,340,train,125.56513190845196,32.0,329.9,331.20000000000005,332.8,334.9,-69.71448644736843,24.105263157894736,2,0.030736842105263184,0.03299999999999992
vehicle_014_session_00341,vehicle_014,341,train,127.96241901041668,76.8,360.7,362.4,366.35,370.0,-68.09342684210526,24.394736842105264,1,0.038381578947368405,0.04100000000000037
vehicle_014_session_00342,vehicle_014,342,train,124.94705029030054,18.8,326.4,327.9,329.65,331.0,-70.04079355263158,24.42105263157895,1,0.029855263157894767,0.03300000000000036
vehicle_014_session_00343,vehicle_014,343,train,125.90994834732992,43.6,333.8,335.25,338.25,342.5,-70.05395276315791,19.592105263157894,1,0.03676315789473685,0.04200000000000026
vehicle_014_session_00344,vehicle_014,344,train,122.94506185515876,41.6,331.6,332.75,334.5,336.4,-44.68158434210526,18.0,0,0.02425000000000001,0.027000000000000135
vehicle_014_session_00345,vehicle_014,345,train,119.7113778323413,69.6,353.9,355.2,357.4,359.7,-41.84667373333334,20.386666666666667,1,0.028053333333333322,0.03000000000000025
vehicle_014_session_00346,vehicle_014,346,train,125.85878117138367,47.6,334.4,335.7,338.0,341.1,-45.21843289473685,21.94736842105263,1,0.030223684210526302,0.03400000000000025
vehicle_014_session_00347,vehicle_014,347,train,124.38985848905723,23.2,327.4,328.85,330.3,331.7,-70.03066893333333,25.173333333333332,2,0.02941333333333336,0.03100000000000014
vehicle_014_session_00348,vehicle_014,348,train,124.10284366126545,25.6,328.9,330.2,331.6,333.2,-69.88289723684211,21.960526315789473,2,0.02982894736842107,0.03200000000000003
vehicle_014_session_00349,vehicle_014,349,train,125.37907570112182,64.8,350.2,351.9,355.075,358.8,-65.01466813333333,25.933333333333334,1,0.037386666666666686,0.040000000000000036
vehicle_014_session_00350,vehicle_014,350,train,125.81068161706352,41.6,333.0,334.4,336.9,340.5,-70.15527236842105,22.960526315789473,2,0.03453947368421053,0.040000000000000036
vehicle_014_session_00351,vehicle_014,351,train,123.617318353979,24.0,328.5,329.95,331.4,332.8,-70.2210636842105,19.026315789473685,2,0.02850000000000003,0.03000000000000025
vehicle_014_session_00352,vehicle_014,352,train,123.16901871174984,22.8,325.3,327.04999999999995,328.55,329.4,-37.631579,21.486842105263158,1,0.017723684210526332,0.020000000000000018
vehicle_014_session_00353,vehicle_014,353,train,123.3849298992209,32.0,329.4,330.1,331.4,332.7,-45.39867506666668,27.0,0,0.02180000000000002,0.02400000000000002
vehicle_014_session_00354,vehicle_014,354,train,124.9682778061484,32.0,327.7,329.0,330.375,331.4,-37.369324213333336,31.0,0,0.019053333333333356,0.02200000000000024
vehicle_014_session_00355,vehicle_014,355,train,126.85687071940106,46.4,334.7,336.35,339.79999999999995,344.6,-70.23734413333332,26.506666666666668,1,0.03861333333333335,0.04300000000000015
vehicle_014_session_00356,vehicle_014,356,train,125.13944122949054,20.4,327.4,328.70000000000005,330.0,331.4,-70.10527013157895,24.789473684210527,1,0.029578947368421097,0.03200000000000003
vehicle_014_session_00357,vehicle_014,357,train,127.17381982442352,55.2,341.1,343.5375,347.4375,351.4,-70.2106744,25.933333333333334,1,0.03892,0.04400000000000004
vehicle_014_session_00358,vehicle_014,358,train,125.77337056074768,53.2,339.9,342.15,346.34444444444443,350.3,-70.3906664,26.48,1,0.040626666666666644,0.04499999999999993
vehicle_014_session_00359,vehicle_014,359,train,125.1108219862196,36.8,331.3,332.575,334.6,337.2,-71.05067173333335,27.546666666666667,1,0.032266666666666645,0.03600000000000003
vehicle_014_session_00360,vehicle_014,360,train,125.28485018115946,70.4,353.6,354.9,357.29999999999995,360.0,-44.715799473684214,30.842105263157894,1,0.029552631578947344,0.03100000000000014
vehicle_014_session_00361,vehicle_014,361,train,125.25882501120073,23.2,327.2,328.5,329.9,331.0,-61.15467266666666,26.986666666666668,0,0.025720000000000035,0.027000000000000135
vehicle_014_session_00362,vehicle_014,362,train,127.12436968265509,63.2,348.2,350.25,353.6,357.5,-69.92000426666665,32.0,0,0.03832000000000003,0.040000000000000036
vehicle_014_session_00363,vehicle_014,363,train,125.8504185640559,24.4,327.8,329.0,330.3,331.7,-70.02000506666668,28.773333333333333,1,0.02984,0.03200000000000003
vehicle_014_session_00364,vehicle_014,364,train,125.34901607777782,41.6,331.4,332.4,333.9,335.7,-45.27334266666667,30.0,0,0.024693333333333366,0.028000000000000025
vehicle_014_session_00365,vehicle_014,365,train,127.38553316885971,67.2,352.1,353.8,357.29999999999995,361.4,-69.59601013333332,29.466666666666665,1,0.03895999999999995,0.04099999999999948
vehicle_014_session_00366,vehicle_014,366,train,126.73565671703835,40.8,332.1,333.55,335.8,339.1,-70.07237460526316,31.907894736842106,2,0.03430263157894732,0.039000000000000146
vehicle_014_session_00367,vehicle_014,367,train,126.14519134914111,36.8,331.1,332.29999999999995,334.29999999999995,336.8,-70.35067146666667,31.466666666666665,1,0.03253333333333332,0.03600000000000003
vehicle_014_session_00368,vehicle_014,368,train,125.28516134149554,13.2,322.7,323.6,325.5,327.1,-45.200010000000006,32.0,0,0.02455263157894733,0.027000000000000135
vehicle_014_session_00369,vehicle_014,369,train,126.6908159511785,58.0,343.5,344.79999999999995,347.4,350.3,-50.13685078947369,34.0,0,0.03185526315789471,0.03300000000000036
vehicle_014_session_00370,vehicle_014,370,train,125.51165758559434,11.6,322.8,324.4,327.1,328.9,-69.92400253333334,33.0,0,0.031573333333333294,0.03399999999999981
vehicle_014_session_00371,vehicle_014,371,train,127.74221838916124,56.8,342.8,344.95,348.5375,352.4,-70.08000706666667,37.0,0,0.03900000000000001,0.04200000000000026
vehicle_014_session_00372,vehicle_014,372,train,125.34560335268671,35.6,330.8,331.79999999999995,333.6,336.0,-70.01200253333333,33.906666666666666,1,0.03173333333333335,0.03500000000000014
vehicle_014_session_00373,vehicle_014,373,train,126.897701806562,62.4,347.8,349.35,352.8,356.8,-69.99333586666667,34.0,0,0.038906666666666694,0.040999999999999925
vehicle_014_session_00374,vehicle_014,374,train,125.98070377663625,64.8,350.0,352.0,355.6,359.6,-70.15395671052632,26.907894736842106,1,0.03910526315789474,0.04200000000000026
vehicle_014_session_00375,vehicle_014,375,train,124.28501087612237,18.4,326.6,328.1,329.7,331.0,-70.0560056,24.24,1,0.030133333333333342,0.03200000000000003
vehicle_014_session_00376,vehicle_014,376,train,126.69790736749685,62.8,347.5,349.20000000000005,351.8,354.6,-49.18027328947369,24.0,0,0.031065789473684224,0.03200000000000003
vehicle_014_session_00377,vehicle_014,377,train,127.12012622549025,72.4,357.2,357.7,359.7,362.4,-45.100010000000005,26.0,0,0.030327868852458997,0.03200000000000047
vehicle_014_session_00378,vehicle_014,378,train,126.28638837421201,41.2,332.7,333.85,336.20000000000005,339.7,-70.12764131578948,29.0,2,0.034776315789473655,0.040000000000000036
vehicle_014_session_00379,vehicle_014,379,train,124.2296623511905,31.6,329.9,331.0,332.5,334.6,-70.00164098360655,27.885245901639344,1,0.03050819672131151,0.03300000000000036
vehicle_014_session_00380,vehicle_014,380,train,125.94401660156254,60.0,348.0,348.8,351.9,355.7,-69.93115049180328,31.39344262295082,1,0.037737704918032806,0.039000000000000146
vehicle_014_session_00381,vehicle_014,381,train,126.56250799663306,61.2,348.2,348.9,352.1,356.0,-69.94098606557377,35.0,0,0.03862295081967215,0.040000000000000036
vehicle_014_session_00382,vehicle_014,382,train,122.05234685019843,40.0,333.3,333.6,335.3,337.7,-59.88853131147541,31.147540983606557,1,0.03011475409836065,0.03299999999999992
vehicle_014_session_00383,vehicle_014,383,train,124.44309640522877,62.4,349.6,350.0,352.7,355.8,-56.90328508196721,33.0,0,0.03349180327868856,0.03500000000000014
vehicle_014_session_00384,vehicle_014,384,train,125.47981118476434,47.6,335.0,336.8,340.3,345.2,-70.13443377049181,30.21311475409836,1,0.03939344262295082,0.04300000000000015
vehicle_014_session_00385,vehicle_014,385,train,125.31809325396823,74.0,359.9,360.7,363.9,368.2,-70.11476032786885,32.0,0,0.03993442622950823,0.04100000000000037
vehicle_014_session_00386,vehicle_014,386,train,126.3854750097809,60.0,348.6,349.4,352.4,356.3,-70.06230147540984,30.278688524590162,1,0.037918032786885256,0.039000000000000146
vehicle_014_session_00387,vehicle_014,387,train,124.62782725694441,48.8,337.4,338.2,341.8,346.0,-70.06394065573771,34.26229508196721,1,0.04013114754098361,0.04300000000000015
vehicle_014_session_00388,vehicle_014,388,train,127.64317007797274,74.4,359.7,360.5,363.8,368.2,-70.01147655737705,36.0,0,0.04018032786885249,0.04100000000000037
vehicle_014_session_00389,vehicle_014,389,train,126.18577266771483,26.0,329.1,329.4,329.9,330.8,-49.899989999999995,35.09836065573771,1,0.022672131147540985,0.02400000000000002
vehicle_014_session_00390,vehicle_014,390,train,123.52855254192869,47.2,336.6,337.1,338.8,341.6,-49.891795737704925,37.31147540983606,1,0.031131147540983565,0.03500000000000014
vehicle_014_session_00391,vehicle_014,391,train,124.27359810405645,30.4,331.1,331.4,332.5,334.1,-70.0491849180328,36.57377049180328,1,0.03060655737704923,0.03299999999999992
vehicle_014_session_00392,vehicle_014,392,train,126.39063234953703,56.0,343.9,344.9,347.8,351.8,-70.01639606557377,39.442622950819676,1,0.03886885245901641,0.040999999999999925
vehicle_014_session_00393,vehicle_014,393,train,125.2405884796627,34.4,330.3,331.4,333.2,335.3,-70.13115459016394,32.14754098360656,1,0.03140983606557381,0.03400000000000025
vehicle_014_session_00394,vehicle_014,394,train,125.4523614957265,57.2,345.2,346.1,349.1,353.0,-70.11476049180327,34.75409836065574,1,0.03886885245901637,0.040000000000000036
vehicle_014_session_00395,vehicle_014,395,train,124.80677219202904,55.2,343.6,344.4,347.5,351.4,-70.06229950819673,39.52459016393443,1,0.038573770491803244,0.040000000000000036
vehicle_014_session_00396,vehicle_014,396,train,124.71370302672955,18.4,326.1,327.4,329.2,330.3,-69.97376786885246,33.21311475409836,1,0.03144262295081968,0.03600000000000003
vehicle_014_session_00397,vehicle_014,397,train,123.47315812687687,39.6,334.1,334.4,336.1,338.8,-69.9934419672131,35.57377049180328,1,0.0340819672131147,0.03699999999999992
vehicle_014_session_00398,vehicle_014,398,train,127.33941791449656,69.2,355.5,356.1,359.3,363.5,-69.99508147540983,38.0,0,0.03947540983606557,0.04100000000000037
vehicle_014_session_00399,vehicle_014,399,train,126.3836800347222,60.8,348.2,348.9,352.1,355.8,-69.98852344262295,39.131147540983605,1,0.03911475409836068,0.04100000000000037
vehicle_014_session_00400,vehicle_014,400,train,124.04650180288462,30.4,329.4,329.6,330.5,331.6,-45.200010000000006,36.59016393442623,1,0.021606557377049182,0.02300000000000013
vehicle_014_session_00401,vehicle_014,401,train,124.22116185897436,33.6,331.4,331.7,333.0,335.0,-70.07869393442623,36.67213114754098,1,0.031590163934426256,0.03600000000000003
vehicle_014_session_00402,vehicle_014,402,train,126.85790086553943,59.6,347.4,348.2,351.1,355.0,-70.00492262295083,39.21311475409836,1,0.03891803278688525,0.040000000000000036
vehicle_014_session_00403,vehicle_014,403,train,126.30164464546782,56.8,344.6,345.3,348.6,352.4,-70.18853475409836,39.721311475409834,1,0.039098360655737706,0.040999999999999925
vehicle_014_session_00404,vehicle_014,404,train,124.02937368476432,27.6,330.2,330.3,331.4,333.0,-70.1803368852459,38.049180327868854,1,0.03021311475409841,0.03200000000000003
vehicle_014_session_00405,vehicle_014,405,train,124.83049747097849,54.0,342.5,343.5,346.6,350.3,-70.13771344262295,41.0,0,0.03922950819672127,0.041999999999999815
vehicle_014_session_00406,vehicle_014,406,train,127.11630037664789,69.2,354.6,355.3,358.6,362.8,-70.08689131147543,36.0,0,0.03918032786885247,0.04000000000000048
vehicle_014_session_00407,vehicle_014,407,train,126.93086921296295,16.4,326.0,326.7,328.6,329.9,-70.10164918032787,38.0,0,0.03155737704918033,0.03500000000000014
vehicle_014_session_00408,vehicle_014,408,train,123.62124522569444,44.4,336.3,336.8,339.1,342.8,-70.03279016393444,40.704918032786885,1,0.037311475409836044,0.04200000000000026
vehicle_014_session_00409,vehicle_014,409,train,124.03462147516836,19.6,327.2,328.0,329.4,330.8,-70.94590016393443,36.950819672131146,1,0.031049180327868863,0.03500000000000014
vehicle_014_session_00410,vehicle_014,410,train,124.03717220345345,46.0,337.1,337.7,340.0,344.3,-71.10984590163935,39.73770491803279,1,0.03934426229508199,0.04300000000000015
vehicle_014_session_00411,vehicle_014,411,train,126.48227945402296,12.4,322.8,324.2,326.9,328.9,-69.5,36.0,0,0.03234426229508194,0.03400000000000025
vehicle_014_session_00412,vehicle_014,412,train,124.95236436075497,52.8,341.4,342.4,345.7,349.4,-69.46557032786885,40.52459016393443,1,0.03918032786885245,0.04200000000000026
vehicle_014_session_00413,vehicle_014,413,train,124.41488271604938,16.4,324.9,326.1,328.5,329.9,-70.12296065573771,35.77049180327869,1,0.03208196721311477,0.03600000000000003
vehicle_014_session_00414,vehicle_014,414,train,123.58462609649122,38.0,333.5,333.8,335.3,337.7,-70.07541721311475,37.950819672131146,2,0.03316393442622947,0.03600000000000003
vehicle_014_session_00415,vehicle_014,415,train,126.51332280092593,68.4,354.6,355.3,358.5,362.5,-70.06394081967214,41.0,0,0.03916393442622957,0.04000000000000048
vehicle_014_session_00416,vehicle_014,416,train,123.9125794402357,17.6,328.2,328.5,329.6,330.7,-70.11804278688525,33.950819672131146,1,0.03055737704918036,0.03299999999999992
vehicle_014_session_00417,vehicle_014,417,train,124.01114388318112,44.0,336.6,337.1,339.3,343.0,-70.09017229508197,36.57377049180328,1,0.037770491803278725,0.04200000000000026
vehicle_014_session_00418,vehicle_014,418,train,123.19959829389576,37.2,333.3,333.6,335.2,337.8,-74.10656409836065,35.032786885245905,2,0.034098360655737694,0.03699999999999992
vehicle_014_session_00419,vehicle_014,419,train,126.13506944444448,66.4,352.7,353.3,356.0,359.4,-60.07049688524591,33.91803278688525,1,0.03572131147540984,0.038000000000000256
vehicle_014_session_00420,vehicle_014,420,train,125.88257410862349,67.6,354.1,354.9,358.2,362.2,-69.93770655737706,36.47540983606557,1,0.03949180327868849,0.04100000000000037
vehicle_014_session_00421,vehicle_014,421,train,126.0232620481928,56.4,344.6,345.5,348.9,353.2,-75.5065580327869,36.0,0,0.04140983606557376,0.04400000000000004
vehicle_014_session_00422,vehicle_014,422,train,124.8241616263441,33.2,331.4,331.9,333.2,334.9,-70.10492622950821,34.42622950819672,1,0.031344262295081964,0.03400000000000025
vehicle_014_session_00423,vehicle_014,423,train,126.93338295088567,58.4,346.0,346.8,349.9,353.6,-70.06721836065574,37.442622950819676,1,0.039098360655737685,0.04100000000000037
vehicle_014_session_00424,vehicle_014,424,train,125.19278837404218,26.8,328.5,329.6,331.0,332.5,-70.26230950819671,37.131147540983605,1,0.029786885245901656,0.03200000000000003
vehicle_014_session_00425,vehicle_014,425,train,123.240286712963,50.0,339.4,340.2,343.5,347.4,-70.05574295081966,39.85245901639344,1,0.03981967213114755,0.04200000000000026
vehicle_014_session_00426,vehicle_014,426,train,122.55837097423506,36.8,332.4,332.8,334.4,336.6,-70.0081975409836,38.90163934426229,1,0.032950819672131135,0.03600000000000003
vehicle_014_session_00427,vehicle_014,427,train,125.90387803130518,64.4,351.1,351.9,354.9,358.8,-69.9688493442623,41.0,0,0.039901639344262316,0.04100000000000037
vehicle_014_session_00428,vehicle_014,428,train,127.89300457702024,59.6,345.3,347.1,350.5,354.4,-69.84426967213113,34.78688524590164,1,0.03908196721311477,0.040999999999999925
vehicle_014_session_00429,vehicle_014,429,train,124.21109533292486,24.8,329.6,329.9,330.8,332.2,-69.9082006557377,33.950819672131146,1,0.03022950819672134,0.03200000000000003
vehicle_014_session_00430,vehicle_014,430,train,124.81702358906529,52.4,341.3,342.1,345.3,349.3,-69.89836163934426,37.32786885245902,1,0.04045901639344264,0.04300000000000015
vehicle_014_session_00431,vehicle_014,431,train,127.11807032545603,53.6,341.9,342.8,346.3,350.3,-70.05082475409836,36.0,0,0.041163934426229495,0.04400000000000004
vehicle_014_session_00432,vehicle_014,432,train,122.61310744047623,37.2,333.0,333.3,334.9,337.4,-69.8229593442623,35.704918032786885,1,0.03327868852459014,0.03799999999999981
vehicle_014_session_00433,vehicle_014,433,train,125.09723513888889,65.2,352.1,352.8,356.0,359.9,-69.82295754098361,38.0,0,0.03962295081967216,0.04100000000000037
vehicle_014_session_00434,vehicle_014,434,train,123.43118617361115,42.8,334.1,334.7,337.1,340.8,-70.0311506557377,31.131147540983605,1,0.036081967213114706,0.04200000000000026
vehicle_014_session_00435,vehicle_014,435,train,126.36124738343253,62.8,350.2,350.8,353.9,357.8,-70.02787163934427,33.0,0,0.039032786885245946,0.040000000000000036
vehicle_014_session_00436,vehicle_014,436,train,122.17974378109452,32.4,331.4,331.9,333.3,335.2,-70.15738704918033,33.50819672131148,1,0.031295081967213145,0.03399999999999981
vehicle_014_session_00437,vehicle_014,437,train,123.32072527356908,59.2,348.0,348.6,351.8,355.7,-70.16558377049179,36.67213114754098,1,0.03847540983606555,0.040000000000000036
vehicle_014_session_00438,vehicle_014,438,train,123.05230371093751,49.6,338.5,339.1,342.1,345.7,-60.01803524590164,33.08196721311475,1,0.037655737704918056,0.040999999999999925
vehicle_014_session_00439,vehicle_014,439,train,125.55613200231481,28.0,328.9,329.9,331.3,332.8,-69.9688493442623,31.62295081967213,1,0.03022950819672134,0.03200000000000003
vehicle_014_session_00440,vehicle_014,440,train,124.60778550469483,52.4,341.0,341.9,345.2,349.1,-70.0,34.68852459016394,1,0.04040983606557379,0.04300000000000015
vehicle_014_session_00441,vehicle_014,441,train,126.47819289434521,66.8,353.3,354.1,357.2,361.4,-70.67050213114753,35.0,0,0.04083606557377046,0.041999999999999815
vehicle_014_session_00442,vehicle_014,442,train,122.75501616575589,40.0,333.8,334.1,335.5,337.7,-59.90000311475411,36.0655737704918,1,0.03036065573770488,0.03299999999999992
vehicle_014_session_00443,vehicle_014,443,train,125.56646146514167,64.4,351.1,351.8,354.4,357.7,-59.86558131147542,38.0,0,0.03537704918032791,0.037000000000000366
vehicle_014_session_00444,vehicle_014,444,train,126.47249344135801,51.6,339.6,340.2,343.2,346.8,-58.2098424590164,32.0,0,0.037278688524590195,0.040000000000000036
vehicle_014_session_00445,vehicle_014,445,train,127.91334248130336,73.6,358.5,359.1,361.6,364.9,-55.231153770491815,33.0,0,0.03503278688524585,0.03699999999999992
vehicle_014_session_00446,vehicle_014,446,train,121.84750035919541,42.0,334.1,334.4,336.0,338.2,-55.31476967213116,35.0,0,0.02991803278688522,0.03299999999999992
vehicle_014_session_00447,vehicle_014,447,train,126.77225513888894,65.2,351.3,351.9,354.3,357.4,-55.30985311475411,37.0,0,0.03404918032786893,0.03500000000000014
vehicle_014_session_00448,vehicle_014,448,train,122.97002345008053,48.4,338.8,339.6,342.7,346.9,-70.59672901639344,36.63934426229508,1,0.041016393442623006,0.04400000000000004
vehicle_014_session_00449,vehicle_014,449,train,126.71844516509434,76.0,361.9,362.7,366.1,370.4,-70.69673180327868,38.0,0,0.04113114754098361,0.04300000000000015
vehicle_014_session_00450,vehicle_014,450,train,124.80433779091594,27.2,330.5,330.8,331.7,333.2,-69.9950844262295,35.295081967213115,1,0.030098360655737733,0.03200000000000003
vehicle_014_session_00451,vehicle_014,451,train,126.23023056520063,57.2,345.7,346.4,349.6,353.3,-69.98524655737705,38.57377049180328,1,0.03855737704918031,0.040999999999999925
vehicle_014_session_00452,vehicle_014,452,train,122.97192821691176,21.2,326.3,327.2,328.3,329.2,-46.29016983606558,32.0,0,0.021442622950819706,0.02400000000000002
vehicle_014_session_00453,vehicle_014,453,train,121.85298551014955,48.4,337.5,337.8,339.9,342.5,-44.66722262295083,35.0,0,0.03175409836065572,0.03400000000000025
vehicle_014_session_00454,vehicle_014,454,train,124.54351950571895,24.4,330.0,330.3,331.3,332.5,-70.09836967213116,32.80327868852459,1,0.02954098360655741,0.03100000000000014
vehicle_014_session_00455,vehicle_014,455,train,124.36564412477952,52.0,341.9,342.7,346.0,349.9,-70.08033573770493,36.442622950819676,1,0.039344262295081936,0.041999999999999815
vehicle_014_session_00456,vehicle_014,456,train,126.20373161764714,77.2,363.2,363.9,367.4,371.6,-70.06721983606558,38.0,0,0.040131147540983556,0.04299999999999926
vehicle_014_session_00457,vehicle_014,457,train,123.61967510683758,54.4,343.9,344.9,348.0,351.9,-70.1147637704918,32.032786885245905,1,0.039475409836065574,0.04200000000000026
vehicle_014_session_00458,vehicle_014,458,train,124.91115634018756,53.6,342.2,343.2,346.6,350.5,-69.94097770491803,35.47540983606557,1,0.039901639344262316,0.04300000000000015
vehicle_014_session_00459,vehicle_014,459,train,120.57267512077297,42.0,335.5,336.0,338.0,341.6,-70.05902229508197,35.278688524590166,1,0.03649180327868853,0.041999999999999815
vehicle_014_session_00460,vehicle_014,460,train,125.90572224392356,69.6,356.3,356.9,360.28000000000003,364.3,-70.05161774193547,37.016129032258064,1,0.03919354838709677,0.040999999999999925
vehicle_014_session_00461,vehicle_014,461,train,125.88013732890504,28.0,328.8,329.7,331.3,332.8,-69.88524754098361,32.60655737704918,1,0.03019672131147545,0.03200000000000003
vehicle_014_session_00462,vehicle_014,462,train,125.70129340277778,56.0,344.4,345.2,348.3,352.1,-69.85902262295082,35.91803278688525,1,0.03963934426229504,0.041999999999999815
vehicle_014_session_00463,vehicle_014,463,train,121.92641589506174,43.6,334.6,334.9,336.4,338.5,-49.899989999999995,36.85245901639344,1,0.028622950819672102,0.03200000000000003
vehicle_014_session_00464,vehicle_014,464,train,126.88311901425763,52.4,336.1,339.5,343.4,347.1,-59.33947276315789,36.88157894736842,1,0.038131578947368454,0.04200000000000026
vehicle_014_session_00465,vehicle_014,465,train,124.94447209595964,52.0,339.4,339.9,342.2,345.0,-45.168862459016395,33.49180327868852,1,0.03345901639344264,0.03500000000000014
vehicle_014_session_00466,vehicle_014,466,train,127.21309764863547,59.6,346.6,348.3,351.8,355.7,-70.12623721311476,29.39344262295082,1,0.03863934426229509,0.040999999999999925
vehicle_014_session_00467,vehicle_014,467,train,121.3528116987179,20.4,328.0,328.3,328.9,329.7,-54.41802459016393,32.68852459016394,1,0.024213114754098417,0.026000000000000245
vehicle_014_session_00468,vehicle_014,468,train,125.94491382058284,56.0,343.3,344.3,347.7,351.6,-69.55082475409836,38.0,0,0.040557377049180325,0.04400000000000004
vehicle_014_session_00469,vehicle_014,469,train,125.64592631740199,58.4,346.8,347.5,350.7,354.6,-69.88688114754098,35.49180327868852,1,0.03973770491803277,0.04100000000000037
vehicle_014_session_00470,vehicle_014,470,train,126.19391493055556,60.0,345.8,347.4,351.0,354.9,-70.02459262295083,35.42622950819672,1,0.03978688524590163,0.04100000000000037
vehicle_014_session_00471,vehicle_014,471,train,122.11139590010684,33.2,331.6,331.9,332.8,334.2,-55.08197491803279,31.62295081967213,1,0.026245901639344277,0.028000000000000025
vehicle_014_session_00472,vehicle_014,472,train,122.69197176362681,54.0,342.8,343.5,346.1,349.3,-55.085253934426234,34.0,0,0.0349344262295082,0.037000000000000366
vehicle_014_session_00473,vehicle_014,473,train,122.90372875207296,32.8,331.6,331.9,333.2,335.0,-70.17378081967215,32.0,2,0.031836065573770514,0.03400000000000025
vehicle_014_session_00474,vehicle_014,474,train,124.75222737794617,59.6,347.7,348.3,351.4,355.3,-70.1606657377049,35.0,0,0.03970491803278693,0.04100000000000037
vehicle_014_session_00475,vehicle_014,475,train,121.25621767526455,18.4,328.6,328.9,329.9,331.1,-70.17214114754098,31.721311475409838,1,0.02993442622950819,0.03200000000000003
vehicle_014_session_00476,vehicle_014,476,train,120.32350518635728,52.0,342.5,343.5,346.8,350.5,-70.18853459016394,35.557377049180324,1,0.03991803278688523,0.04200000000000026
vehicle_014_session_00477,vehicle_014,477,train,120.91903021284273,39.6,333.3,333.8,335.8,338.8,-70.24099540983606,33.721311475409834,1,0.034967213114754085,0.039000000000000146
vehicle_014_session_00478,vehicle_014,478,train,124.51390420081975,70.4,356.3,357.1,360.5,364.6,-70.15246704918033,36.0,0,0.040459016393442584,0.0420000000000007
vehicle_014_session_00479,vehicle_014,479,train,122.97160696373456,53.6,346.0,346.8,349.9,353.6,-70.10984409836065,37.90163934426229,1,0.040114754098360655,0.04200000000000026
vehicle_014_session_00480,vehicle_014,480,train,121.46785735887097,30.4,329.6,330.5,332.2,333.9,-69.94098409836067,32.81967213114754,1,0.030885245901639366,0.03299999999999992
vehicle_014_session_00481,vehicle_014,481,train,122.71189627849004,55.2,343.9,344.7,348.0,351.9,-69.9901637704918,35.85245901639344,1,0.03973770491803279,0.04200000000000026
vehicle_014_session_00482,vehicle_014,482,train,122.19291590711806,21.6,328.6,329.1,330.2,331.6,-69.94261721311474,34.59016393442623,1,0.029508196721311507,0.03100000000000014
vehicle_014_session_00483,vehicle_014,483,train,120.13371945382886,47.2,338.3,338.9,341.8,346.0,-69.93278016393442,37.721311475409834,1,0.039475409836065595,0.04200000000000026
vehicle_014_session_00484,vehicle_014,484,train,124.52190731837611,76.8,362.1,362.8,366.3,370.5,-69.9918024590164,39.36065573770492,1,0.0401639344262296,0.04100000000000037
vehicle_014_session_00485,vehicle_014,485,train,124.90892695230606,68.0,352.8,353.3,355.3,357.7,-44.92786163934426,39.26229508196721,1,0.03121311475409841,0.03299999999999992
vehicle_014_session_00486,vehicle_014,486,train,119.42268037900187,34.8,330.3,331.3,332.8,334.7,-60.15902163934426,40.0,0,0.028442622950819684,0.03100000000000014
vehicle_014_session_00487,vehicle_014,487,train,123.61312646901708,58.4,346.0,346.6,349.1,352.2,-57.28197377049182,41.75409836065574,1,0.035065573770491805,0.03699999999999992
vehicle_014_session_00488,vehicle_014,488,train,121.22164668021684,34.0,331.3,331.7,333.2,335.3,-70.20001081967214,40.114754098360656,1,0.03229508196721315,0.03500000000000014
vehicle_014_session_00489,vehicle_014,489,train,124.93174523305088,67.2,353.2,353.9,357.1,361.0,-70.12787655737704,43.0,0,0.04055737704918032,0.04300000000000015
vehicle_014_session_00490,vehicle_014,490,train,121.8436876361656,27.6,328.9,329.9,331.3,333.0,-69.93770803278687,38.24590163934426,1,0.030360655737704967,0.03200000000000003
vehicle_014_session_00491,vehicle_014,491,train,126.11580014690175,76.8,362.1,362.7,366.1,370.5,-69.8967231147541,37.0,0,0.04063934426229511,0.0420000000000007
vehicle_014_session_00492,vehicle_014,492,train,123.46193196614583,50.4,339.3,340.0,343.6,347.8,-70.62460016393442,36.0655737704918,1,0.04213114754098362,0.04500000000000037
vehicle_014_session_00493,vehicle_014,493,train,127.05386373165626,76.4,361.4,362.2,365.7,370.0,-70.72132360655736,37.39344262295082,1,0.042000000000000114,0.04300000000000015
vehicle_014_session_00494,vehicle_014,494,train,124.41193413800704,58.0,346.1,346.9,350.0,353.9,-70.51147655737707,35.91803278688525,1,0.040196721311475406,0.04100000000000037
vehicle_014_session_00495,vehicle_014,495,train,121.45263888888896,49.6,339.6,340.3,343.9,348.2,-73.83279163934426,31.62295081967213,1,0.04175409836065577,0.04400000000000004
vehicle_014_session_00496,vehicle_014,496,train,122.59615384615378,67.6,352.7,353.2,355.2,357.7,-45.0,35.0,0,0.03139344262295085,0.03200000000000003
vehicle_014_session_00497,vehicle_014,497,train,121.02525539602104,33.2,331.1,331.6,333.0,335.2,-70.10000721311475,34.0,0,0.03193442622950823,0.03500000000000014
vehicle_014_session_00498,vehicle_014,498,train,123.95544989390433,63.2,350.3,351.1,354.1,358.0,-70.05574278688525,37.0,0,0.040163934426229536,0.04200000000000026
vehicle_014_session_00499,vehicle_014,499,train,116.13277281746034,8.8,321.7,323.3,326.1,328.3,-69.60984606557378,34.0,0,0.03288524590163932,0.03500000000000014
vehicle_014_session_00500,vehicle_014,500,train,122.79187190315321,40.0,333.9,334.2,335.8,338.3,-69.60001000000001,36.60655737704918,1,0.03370491803278686,0.03699999999999992
vehicle_014_session_00501,vehicle_014,501,train,127.09724201388889,69.6,354.6,355.3,358.5,362.5,-69.60001000000001,39.08196721311475,1,0.03970491803278689,0.041999999999999815
vehicle_014_session_00502,vehicle_014,502,train,106.93287193627452,28.0,329.2,329.9,330.8,331.9,-52.01967409836065,35.63934426229508,1,0.02424590163934428,0.026000000000000245
vehicle_014_session_00503,vehicle_014,503,train,120.78544061302684,48.4,336.4,336.8,338.6,341.4,-52.0,37.42622950819672,1,0.032622950819672106,0.03699999999999992
vehicle_014_session_00504,vehicle_014,504,train,121.18206587157809,36.4,331.4,332.4,334.2,336.9,-70.02623213114754,35.622950819672134,1,0.03288524590163935,0.03699999999999992
vehicle_014_session_00505,vehicle_014,505,train,123.55726212761677,64.0,351.4,352.2,355.3,359.1,-69.99016295081967,38.08196721311475,1,0.03950819672131148,0.04100000000000037
vehicle_014_session_00506,vehicle_014,506,train,121.21212121212123,33.2,331.9,332.2,333.5,335.3,-69.99836049180328,38.557377049180324,1,0.031918032786885285,0.03500000000000014
vehicle_014_session_00507,vehicle_014,507,train,124.04454046934865,64.0,350.7,351.4,354.6,358.3,-70.00327901639345,41.622950819672134,1,0.04009836065573774,0.04200000000000026
vehicle_014_session_00508,vehicle_014,508,train,122.98558349116165,47.2,335.2,336.9,340.3,344.9,-70.03279016393444,40.67213114754098,1,0.040754098360655765,0.04400000000000004
vehicle_014_session_00509,vehicle_014,509,train,124.95163033234124,73.6,359.1,359.9,363.2,367.4,-69.94917786885247,42.0,0,0.04042622950819669,0.041999999999999815
vehicle_014_session_00510,vehicle_014,510,train,120.1955446363304,44.8,336.3,336.8,339.3,343.2,-69.97705016393442,42.49180327868852,1,0.03944262295081964,0.04400000000000004
vehicle_014_session_00511,vehicle_014,511,train,127.82765877525253,75.6,360.2,361.0,364.3,368.5,-69.92951049180326,44.0,0,0.04150819672131151,0.04300000000000015
vehicle_014_session_00512,vehicle_014,512,train,120.79015802845527,35.6,332.7,333.0,334.6,336.9,-74.27378032786883,38.26229508196721,1,0.034524590163934415,0.038000000000000256
vehicle_014_session_00513,vehicle_014,513,train,124.60672115384618,73.2,358.5,359.4,362.8,367.2,-74.2655844262295,41.22950819672131,1,0.04250819672131154,0.04400000000000048
vehicle_014_session_00514,vehicle_014,514,train,121.05389460784309,44.8,334.9,335.3,336.8,338.8,-44.899989999999995,39.0,0,0.02827868852459012,0.031999999999999584
vehicle_014_session_00515,vehicle_014,515,train,120.33243520220591,42.4,334.7,335.2,337.4,341.0,-69.73935819672131,40.459016393442624,1,0.03670491803278686,0.041999999999999815
vehicle_014_session_00516,vehicle_014,516,train,123.6949533644636,69.6,355.5,356.3,359.4,363.5,-69.76395081967213,42.950819672131146,1,0.039999999999999966,0.04100000000000037
vehicle_014_session_00517,vehicle_014,517,train,121.8933023358586,20.8,327.2,328.3,329.7,331.0,-70.44753573770492,37.01639344262295,2,0.03029508196721314,0.03200000000000003
vehicle_014_session_00518,vehicle_014,518,train,120.06136377583977,42.8,335.5,336.0,338.0,341.4,-70.46393081967211,39.540983606557376,1,0.03721311475409833,0.04300000000000015
vehicle_014_session_00519,vehicle_014,519,train,127.85268763616565,77.2,361.8,362.5,366.0,370.2,-70.50491852459017,42.0,0,0.04154098360655733,0.04300000000000015
vehicle_014_session_00520,vehicle_014,520,train,123.4624952149924,5.2,319.4,320.9,323.4,325.7,-59.892109210526314,41.0,0,0.02994736842105262,0.03200000000000003
vehicle_014_session_00521,vehicle_014,521,train,124.17844897073411,21.2,326.4,327.1,328.3,329.1,-45.02131360655738,37.950819672131146,1,0.021426229508196736,0.02300000000000013
vehicle_014_session_00522,vehicle_014,522,train,119.10377358490564,44.0,334.9,335.2,336.6,338.5,-45.0,39.09836065573771,1,0.027836065573770434,0.031999999999999584
vehicle_014_session_00523,vehicle_014,523,train,121.00388937621835,7.2,321.1,322.7,325.3,327.7,-69.9229437704918,38.0,0,0.03298360655737701,0.0349999999999997
vehicle_014_session_00524,vehicle_014,524,train,120.74601046772875,30.4,331.4,331.7,332.7,334.4,-69.95245426229509,39.32786885245902,1,0.031081967213114802,0.03299999999999992
vehicle_014_session_00525,vehicle_014,525,train,122.78668745307807,57.6,345.8,346.6,349.7,353.5,-69.95081475409835,42.0,0,0.039508196721311485,0.040999999999999925
vehicle_014_session_00526,vehicle_014,526,train,122.57468407534245,38.0,331.3,332.4,334.6,337.2,-70.04754573770491,37.67213114754098,1,0.03385245901639346,0.038000000000000256
vehicle_014_session_00527,vehicle_014,527,train,125.51480349235104,67.6,353.6,354.4,357.5,361.6,-70.02623229508197,40.0,0,0.040885245901639326,0.042999999999999705
vehicle_014_session_00528,vehicle_014,528,train,121.37234236111112,22.4,329.1,329.4,330.3,331.6,-70.13115491803279,39.0,0,0.030196721311475425,0.03100000000000014
vehicle_014_session_00529,vehicle_014,529,train,121.29709831621007,48.4,338.3,338.9,341.9,346.1,-70.06066114754098,41.91803278688525,1,0.04014754098360657,0.04300000000000015
vehicle_014_session_00530,vehicle_014,530,train,127.53265187500001,77.6,362.2,363.0,366.3,370.7,-70.06394180327868,43.01639344262295,0,0.04109836065573766,0.04300000000000015
vehicle_014_session_00531,vehicle_014,531,train,122.92981334459462,55.2,342.4,343.6,347.2,351.3,-70.05902147540984,39.0,0,0.04060655737704917,0.04699999999999971
vehicle_014_session_00532,vehicle_014,532,train,121.4242844601677,48.8,337.4,338.6,342.7,347.1,-70.20164950819671,41.42622950819672,1,0.041967213114754126,0.04500000000000037
vehicle_014_session_00533,vehicle_014,533,train,122.47451562500002,54.0,340.8,342.7,346.6,350.7,-70.14427229508198,40.0,0,0.041836065573770446,0.04600000000000026
vehicle_014_session_00534,vehicle_014,534,train,120.00247822420634,36.8,332.7,333.0,334.7,337.1,-69.91639163934425,40.42622950819672,1,0.033344262295081965,0.03600000000000003
vehicle_014_session_00535,vehicle_014,535,train,122.01798202614384,55.6,344.1,344.9,348.2,352.1,-69.88688967213115,39.0,0,0.04057377049180323,0.042999999999999705
vehicle_014_session_00536,vehicle_014,536,train,122.95707916666666,29.6,329.2,330.3,331.7,333.5,-70.06721836065574,36.704918032786885,1,0.03078688524590165,0.03200000000000003
vehicle_014_session_00537,vehicle_014,537,train,122.9210099826389,52.0,340.7,341.4,344.9,348.9,-70.02623180327869,39.0,0,0.04134426229508197,0.04400000000000004
vehicle_014_session_00538,vehicle_014,538,train,121.17548314950986,42.4,335.2,335.7,337.7,341.1,-69.79346196721312,39.22950819672131,1,0.03726229508196718,0.04200000000000026
vehicle_014_session_00539,vehicle_014,539,train,125.85197569444452,70.0,355.8,356.6,359.7,363.9,-69.81149196721312,41.16393442622951,1,0.040737704918032774,0.0420000000000007
vehicle_014_session_00540,vehicle_014,540,train,122.71402459016396,43.2,333.5,334.7,337.4,341.3,-69.98688393442623,38.83606557377049,1,0.037360655737704904,0.04300000000000015
vehicle_014_session_00541,vehicle_014,541,train,124.16239380341881,67.6,354.1,354.9,358.0,362.2,-70.0,41.0,0,0.04027868852459016,0.041999999999999815
vehicle_014_session_00542,vehicle_014,542,train,122.0722377507716,60.8,348.0,348.8,352.1,356.0,-70.32951540983606,40.0,0,0.040459016393442654,0.04200000000000026
vehicle_014_session_00543,vehicle_014,543,train,121.62997685185186,38.4,333.3,333.6,335.3,338.2,-69.29346065573772,35.131147540983605,1,0.03408196721311472,0.03799999999999981
vehicle_014_session_00544,vehicle_014,544,train,125.631000598659,73.6,359.1,359.9,363.2,367.4,-69.25575327868853,38.0,0,0.04075409836065568,0.0420000000000007
vehicle_014_session_00545,vehicle_014,545,train,120.70022648358587,28.0,330.3,330.7,331.9,333.5,-70.35246327868853,34.0,0,0.030836065573770523,0.03299999999999992
vehicle_014_session_00546,vehicle_014,546,train,121.521979841821,54.8,343.9,344.7,348.0,351.8,-70.37704606557378,37.0,0,0.040213114754098334,0.042999999999999705
vehicle_014_session_00547,vehicle_014,547,train,122.80884521198828,54.8,343.5,344.4,347.7,351.6,-70.0,36.0,0,0.04096721311475405,0.04400000000000004
vehicle_014_session_00548,vehicle_014,548,train,122.13753319444447,10.0,322.4,323.8,326.6,328.8,-69.79346131147541,32.80327868852459,1,0.03311475409836064,0.03500000000000014
vehicle_014_session_00549,vehicle_014,549,train,120.89513731060607,30.4,331.4,331.7,332.8,334.6,-69.80493590163934,34.21311475409836,1,0.031262295081967234,0.03400000000000025
vehicle_014_session_00550,vehicle_014,550,train,120.79807383897568,32.4,330.2,331.1,332.8,334.9,-70.0245931147541,33.22950819672131,1,0.031918032786885236,0.03400000000000025
vehicle_014_session_00551,vehicle_014,551,train,121.59587567640695,58.0,346.6,347.4,350.5,354.4,-69.9950850819672,36.0,0,0.04024590163934425,0.04200000000000026
vehicle_014_session_00552,vehicle_014,552,train,122.26026471560844,48.0,335.5,337.1,340.8,345.5,-71.05246409836066,36.63934426229508,1,0.04177049180327867,0.04599999999999982
vehicle_014_session_00553,vehicle_014,553,train,125.04226221064816,73.2,358.6,359.4,362.8,367.1,-71.15902639344262,38.0,0,0.04177049180327865,0.04300000000000015
vehicle_014_session_00554,vehicle_014,554,train,121.04171527777783,55.2,343.6,344.3,346.6,349.4,-49.80002000000002,45.0,0,0.033163934426229495,0.03600000000000003
vehicle_014_session_00555,vehicle_014,555,train,119.36102520743145,37.6,333.5,333.8,335.5,338.0,-70.03606918032789,37.36065573770492,1,0.03378688524590165,0.03699999999999992
vehicle_014_session_00556,vehicle_014,556,train,124.52821891534398,68.4,354.7,355.5,358.8,362.7,-70.01311606557377,40.0,0,0.039999999999999994,0.04200000000000026
vehicle_014_session_00557,vehicle_014,557,train,123.51919240196075,22.8,327.5,328.8,330.2,331.6,-70.8131149180328,37.81967213114754,1,0.030262295081967244,0.03200000000000003
vehicle_014_session_00558,vehicle_014,558,train,122.17973442068708,48.0,337.8,338.5,341.4,345.8,-70.01311606557377,40.78688524590164,1,0.04165573770491804,0.04499999999999993
vehicle_014_session_00559,vehicle_014,559,train,123.7210900772692,40.8,332.7,333.70000000000005,336.1,339.6,-70.2657994736842,33.8421052631579,1,0.03571052631578945,0.040999999999999925
vehicle_014_session_00560,vehicle_014,560,train,123.52658595008054,59.2,347.1,347.8,351.0,354.9,-70.13935295081967,40.0,0,0.04,0.04200000000000026
vehicle_014_session_00561,vehicle_014,561,train,121.81505018939393,44.0,333.6,335.0,337.8,341.9,-69.74919524590163,36.0,2,0.03827868852459013,0.04499999999999993
vehicle_014_session_00562,vehicle_014,562,train,124.32629642697135,70.4,356.1,357.1,360.3,364.4,-69.75083475409836,38.0,0,0.041016393442622937,0.0420000000000007
vehicle_014_session_00563,vehicle_014,563,train,121.10849789562292,21.6,329.2,329.4,330.3,331.6,-70.18525590163935,36.49180327868852,1,0.030163934426229527,0.03100000000000014
vehicle_014_session_00564,vehicle_014,564,train,120.25795364357867,48.0,338.5,339.1,342.1,346.3,-70.17705918032789,39.42622950819672,1,0.04063934426229512,0.04400000000000004
vehicle_014_session_00565,vehicle_014,565,train,121.84960929726365,51.6,338.3,340.0,344.4,348.6,-70.00491852459015,37.91803278688525,1,0.042032786885245914,0.04600000000000026
vehicle_014_session_00566,vehicle_014,566,train,122.24724795751632,32.8,329.4,331.0,332.5,334.6,-69.92131918032787,40.622950819672134,1,0.031360655737704905,0.03500000000000014
vehicle_014_session_00567,vehicle_014,567,train,124.05006047885573,60.4,347.5,348.3,351.4,355.3,-69.99016295081968,43.01639344262295,1,0.040196721311475385,0.04200000000000026
vehicle_014_session_00568,vehicle_014,568,train,122.65094657407413,55.2,342.7,343.6,347.1,351.0,-69.70656803278688,39.77049180327869,1,0.041655737704918,0.04499999999999993
vehicle_014_session_00569,vehicle_014,569,train,121.99825183823532,10.0,322.8,323.2,324.7,326.3,-47.05574098360654,43.0,0,0.025606557377049147,0.028000000000000025
vehicle_014_session_00570,vehicle_014,570,train,119.77772430555554,25.6,327.7,327.75,328.2,328.6,-22.399989999999992,42.0,0,0.013842105263157913,0.016000000000000014
vehicle_014_session_00571,vehicle_014,571,train,119.89515233852079,64.4,348.3,348.8,349.9,351.1,-22.403990399999998,43.0,0,0.023493333333333304,0.025000000000000355
vehicle_014_session_00572,vehicle_014,572,train,123.02867546948356,50.8,338.5,339.6,343.5,347.8,-70.62787885245899,42.622950819672134,1,0.043098360655737696,0.04700000000000015
vehicle_014_session_00573,vehicle_014,573,train,121.08457618464057,29.6,330.7,331.0,332.1,333.9,-70.1606657377049,40.59016393442623,1,0.031180327868852484,0.03399999999999981
vehicle_014_session_00574,vehicle_014,574,train,123.9312309741248,57.2,345.3,346.1,349.3,353.2,-70.14919032786887,43.98360655737705,1,0.04008196721311473,0.041999999999999815
vehicle_014_session_00575,vehicle_014,575,train,123.2841992385787,18.8,326.4,327.7,329.2,330.5,-70.01733560000001,38.46666666666667,1,0.032373333333333365,0.038000000000000256
vehicle_014_session_00576,vehicle_014,576,train,122.58955819892476,60.4,344.9,346.85,349.1,351.8,-45.505273552631586,40.0,0,0.031776315789473666,0.03300000000000036
vehicle_014_session_00577,vehicle_014,577,train,120.01939573120913,24.0,329.7,329.9,331.0,332.2,-69.9540937704918,40.63934426229508,1,0.030459016393442683,0.03200000000000003
vehicle_014_session_00578,vehicle_014,578,train,122.3644936824846,51.2,340.2,341.1,344.4,348.5,-69.93933819672131,43.721311475409834,1,0.04134426229508196,0.04400000000000004
vehicle_014_session_00579,vehicle_014,579,train,121.47974976217655,18.0,327.2,327.7,329.2,330.7,-70.79018098360656,42.0,0,0.03186885245901641,0.03600000000000003
vehicle_014_session_00580,vehicle_014,580,train,121.22891864451478,47.2,337.8,338.3,341.0,344.9,-67.67542213114754,45.114754098360656,1,0.039606557377049184,0.042999999999999705
vehicle_014_session_00581,vehicle_014,581,train,123.67224958333334,50.8,338.3,338.8,340.7,343.5,-45.200010000000006,40.442622950819676,1,0.03267213114754102,0.03600000000000003
vehicle_014_session_00582,vehicle_014,582,train,120.67812189542485,36.8,332.4,332.8,334.2,336.8,-69.68197721311475,41.459016393442624,1,0.03318032786885245,0.03600000000000003
vehicle_014_session_00583,vehicle_014,583,train,122.80547551863573,50.8,339.3,340.0,343.5,347.7,-69.83279704918033,42.295081967213115,1,0.04203278688524594,0.04500000000000037
vehicle_014_session_00584,vehicle_014,584,train,119.81168802609429,30.0,331.0,331.3,332.4,334.1,-70.29673704918032,41.60655737704918,1,0.03147540983606559,0.03300000000000036
vehicle_014_session_00585,vehicle_014,585,train,121.08743193342157,56.4,344.7,345.5,348.8,352.2,-68.91640688524592,44.42622950819672,1,0.03985245901639345,0.04200000000000026
vehicle_014_session_00586,vehicle_014,586,train,122.39133635545271,56.0,343.0,344.7,348.5,352.4,-70.98688393442623,41.032786885245905,1,0.04175409836065574,0.04499999999999993
vehicle_014_session_00587,vehicle_014,587,train,125.5250236111111,77.6,362.7,363.6,367.1,371.4,-71.09509147540983,42.0,0,0.04298360655737709,0.04400000000000048
vehicle_014_session_00588,vehicle_014,588,train,119.64138273809523,37.2,332.8,333.2,334.9,337.4,-70.14919016393442,38.21311475409836,1,0.033901639344262297,0.03799999999999981
vehicle_014_session_00589,vehicle_014,589,train,124.11669628577445,65.2,351.9,352.7,355.8,359.7,-70.07213721311476,40.540983606557376,1,0.04050819672131148,0.041999999999999815
vehicle_014_session_00590,vehicle_014,590,train,122.82454730153695,18.8,326.3,327.6,329.2,330.5,-70.1786772,39.986666666666665,0,0.03168000000000001,0.03600000000000003
vehicle_014_session_00591,vehicle_014,591,train,123.63319749579124,57.6,345.3,346.1,349.4,353.3,-69.95737278688524,40.0,0,0.040885245901639326,0.04300000000000015
vehicle_014_session_00592,vehicle_014,592,train,123.16760442872118,76.8,361.8,362.5,366.0,370.4,-70.65082967213112,40.0,0,0.042688524590163965,0.04499999999999993
vehicle_014_session_00593,vehicle_014,593,train,122.20611402979067,51.6,339.7,340.7,344.4,348.6,-69.39835770491804,38.114754098360656,1,0.04257377049180328,0.04599999999999982
vehicle_014_session_00594,vehicle_014,594,train,122.14850270061729,54.8,343.5,344.3,347.5,351.4,-70.17377704918033,41.63934426229508,1,0.04095081967213113,0.04499999999999993
vehicle_014_session_00595,vehicle_014,595,train,120.06986280241937,26.4,327.8,329.0,330.25,331.6,-59.88289684210526,39.93421052631579,1,0.02676315789473685,0.02900000000000036
vehicle_014_session_00596,vehicle_014,596,train,123.20773055555557,62.8,348.9,350.04999999999995,352.75,356.0,-57.28290144736841,42.69736842105263,1,0.03631578947368424,0.038000000000000256
vehicle_014_session_00597,vehicle_014,597,train,122.38254428325403,8.400001,321.4,322.75,325.4,327.8,-69.96710539473685,41.0,0,0.03359210526315787,0.03599999999999959
vehicle_014_session_00598,vehicle_014,598,train,121.16589409722224,55.6,341.4,343.6,347.4,351.4,-69.76722983606557,40.50819672131148,1,0.04157377049180326,0.04599999999999982
vehicle_014_session_00599,vehicle_014,599,train,126.85602365041937,76.4,361.0,361.8,365.0,369.4,-69.83771360655739,41.59016393442623,1,0.041557377049180416,0.04300000000000015
vehicle_014_session_00600,vehicle_014,600,train,121.3490502618397,27.6,328.6,329.9,331.3,333.0,-71.4672137704918,42.77049180327869,1,0.031327868852459015,0.03300000000000036
vehicle_014_session_00601,vehicle_014,601,train,119.56382405598963,52.0,341.0,341.8,344.9,348.9,-68.68853360655739,44.885245901639344,1,0.04137704918032786,0.04400000000000004
vehicle_014_session_00602,vehicle_014,602,train,127.60070680555557,77.6,361.9,362.8,366.0,368.5,-63.76886918032788,45.278688524590166,0,0.03985245901639353,0.0420000000000007
vehicle_014_session_00603,vehicle_014,603,train,121.20185907407408,40.8,332.7,333.8,336.1,339.4,-70.01967819672132,38.0,0,0.03567213114754096,0.040000000000000036
vehicle_014_session_00604,vehicle_014,604,train,122.47760887096774,32.8,329.9,330.8,332.4,334.2,-70.15574639344263,40.42622950819672,1,0.031770491803278685,0.03500000000000014
vehicle_014_session_00605,vehicle_014,605,train,123.43750608974356,58.0,345.2,346.0,349.3,353.0,-70.0229537704918,43.0,0,0.0409672131147541,0.04400000000000004
vehicle_014_session_00606,vehicle_014,606,train,121.11209555946793,28.4,331.1,331.3,332.4,333.9,-70.34590786885248,39.81967213114754,1,0.03136065573770495,0.03300000000000036
vehicle_014_session_00607,vehicle_014,607,train,123.19053550469482,56.8,345.7,346.6,349.7,353.6,-70.34426901639344,43.0,0,0.04077049180327865,0.04200000000000026
vehicle_014_session_00608,vehicle_014,608,train,125.85385040233692,72.4,355.7,357.0,359.79999999999995,363.3,-56.00263802631578,37.0,0,0.035855263157894716,0.038000000000000256
vehicle_014_session_00609,vehicle_014,609,train,120.48904709138488,48.0,338.0,338.6,341.8,346.0,-69.6344362295082,38.81967213114754,1,0.04149180327868857,0.04400000000000004
vehicle_014_session_00610,vehicle_014,610,train,125.48422051767679,75.6,360.8,361.6,364.9,369.1,-69.68197721311475,41.0,0,0.041819672131147526,0.04300000000000015
vehicle_014_session_00611,vehicle_014,611,train,122.08139264705883,2.4,317.8,319.2,322.4,324.6,-59.901319605263154,37.0,0,0.03247368421052634,0.03500000000000014
vehicle_014_session_00612,vehicle_014,612,train,125.86528291666669,76.4,361.1,361.9,365.3,369.7,-70.92786163934426,32.16393442622951,1,0.04155737704918038,0.04300000000000015
vehicle_014_session_00613,vehicle_014,613,train,120.55164827856025,28.0,330.3,330.7,331.7,333.5,-70.00327901639345,31.60655737704918,1,0.030852459016393465,0.03300000000000036
vehicle_014_session_00614,vehicle_014,614,train,122.00279060185184,56.4,345.2,346.0,349.3,353.2,-70.04262721311476,35.0,0,0.040655737704918,0.04200000000000026
vehicle_014_session_00615,vehicle_014,615,train,122.6410887586806,53.2,341.8,342.7,346.1,350.2,-69.76722983606557,34.868852459016395,1,0.04204918032786883,0.04499999999999993
vehicle_014_session_00616,vehicle_014,616,train,124.02724808250417,49.2,338.3,338.9,342.5,347.1,-70.37704606557378,35.78688524590164,1,0.042344262295082015,0.04600000000000026
vehicle_014_session_00617,vehicle_014,617,train,126.90382494758921,76.4,361.8,362.7,366.0,370.4,-70.42622278688523,37.0,0,0.04213114754098364,0.04400000000000048
vehicle_014_session_00618,vehicle_014,618,train,124.27776919191915,60.4,347.2,347.8,350.2,352.8,-49.940977704918026,36.0,0,0.03388524590163933,0.03500000000000014
vehicle_014_session_00619,vehicle_014,619,train,125.7257420138889,20.4,327.1,327.4,328.3,329.2,-50.30002000000002,34.0,0,0.024540983606557404,0.028999999999999915
vehicle_014_session_00620,vehicle_014,620,train,120.15161465010681,40.8,333.5,333.8,334.9,336.8,-50.27050885245904,35.78688524590164,1,0.02804918032786887,0.03100000000000014
vehicle_014_session_00621,vehicle_014,621,train,122.01879420970266,37.6,332.7,333.2,334.9,337.7,-70.08033590163934,32.721311475409834,1,0.03450819672131145,0.03799999999999981
vehicle_014_session_00622,vehicle_014,622,train,123.81198178418802,66.4,353.5,354.1,357.4,361.4,-70.10001000000001,35.63934426229508,1,0.04136065573770489,0.042999999999999705
vehicle_014_session_00623,vehicle_014,623,train,123.16076492537314,61.2,349.4,350.2,353.3,357.2,-69.8803331147541,35.0,0,0.041426229508196764,0.04300000000000015
vehicle_014_session_00624,vehicle_014,624,train,119.20002666666672,48.0,337.2,337.5,339.3,341.9,-44.700010000000006,41.50819672131148,1,0.031868852459016384,0.03600000000000003
vehicle_014_session_00625,vehicle_014,625,train,125.04513888888889,70.4,355.3,356.0,358.2,361.1,-50.0,40.0,0,0.03514754098360653,0.03699999999999992
vehicle_014_session_00626,vehicle_014,626,train,124.36703712606841,25.2,328.6,328.8,329.6,330.3,-49.80002000000002,41.131147540983605,1,0.0234098360655738,0.025000000000000355
vehicle_014_session_00627,vehicle_014,627,train,122.26258713031045,18.0,325.8,327.29999999999995,329.15,330.5,-70.01600293333334,36.0,0,0.032039999999999985,0.03799999999999981
vehicle_014_session_00628,vehicle_014,628,train,124.57821412037042,68.4,353.2,353.8,356.0,358.9,-50.18197721311476,42.0,0,0.033885245901639376,0.03500000000000014
vehicle_014_session_00629,vehicle_014,629,train,124.60629319679843,70.8,356.8,357.5,361.0,364.9,-70.06066163934426,37.0,0,0.04106557377049182,0.0420000000000007
vehicle_014_session_00630,vehicle_014,630,train,121.70773258998435,28.4,330.7,330.8,332.1,333.6,-69.90818819672131,33.57377049180328,1,0.031147540983606614,0.03300000000000036
vehicle_014_session_00631,vehicle_014,631,train,124.00242839714718,57.2,345.7,346.4,349.6,353.6,-69.91146918032787,37.0,0,0.04093442622950818,0.04400000000000004
vehicle_014_session_00632,vehicle_014,632,train,121.53855663314178,28.8,330.3,330.5,331.7,333.5,-70.00819819672132,35.01639344262295,1,0.031229508196721358,0.03300000000000036
vehicle_014_session_00633,vehicle_014,633,train,124.43477743624778,66.4,353.5,354.3,357.4,361.4,-70.03934836065574,38.26229508196721,1,0.04122950819672131,0.042999999999999705
vehicle_014_session_00634,vehicle_014,634,train,121.57033729460098,34.0,332.2,332.5,333.9,336.0,-70.2377106557377,36.73770491803279,1,0.033016393442623,0.03600000000000003
vehicle_014_session_00635,vehicle_014,635,train,124.38528535798119,62.8,350.2,351.0,354.1,358.0,-70.17705770491801,39.50819672131148,1,0.04160655737704919,0.04300000000000015
vehicle_014_session_00636,vehicle_014,636,train,122.7895915123457,14.8,323.8,324.95,327.15,328.8,-60.10790236842105,38.0,0,0.03149999999999996,0.03500000000000014
vehicle_014_session_00637,vehicle_014,637,train,120.04944097222219,42.8,333.6,333.9,335.5,337.8,-50.240997704918044,30.147540983606557,1,0.029245901639344245,0.03299999999999992
vehicle_014_session_00638,vehicle_014,638,train,122.42927830188682,63.6,350.2,350.8,353.0,355.8,-50.21148655737705,32.0,0,0.03339344262295087,0.03500000000000014
vehicle_014_session_00639,vehicle_014,639,train,119.21296296296292,42.8,333.9,334.2,335.5,337.2,-45.0,35.77049180327869,1,0.027196721311475408,0.029999999999999805
vehicle_014_session_00640,vehicle_014,640,train,122.47813679604263,44.4,335.8,336.3,338.5,342.4,-69.59181245901641,38.9344262295082,2,0.03895081967213114,0.04499999999999993
vehicle_014_session_00641,vehicle_014,641,train,126.41669059343438,74.0,359.1,359.9,363.3,367.4,-69.60656737704917,41.0,0,0.04185245901639351,0.04400000000000048
vehicle_014_session_00642,vehicle_014,642,train,121.81017774714053,38.8,332.8,333.3,335.2,338.0,-69.74919524590163,37.950819672131146,1,0.034524590163934415,0.03799999999999981
vehicle_014_session_00643,vehicle_014,643,train,123.4152887369792,66.0,352.8,353.6,356.8,360.8,-69.78526442622952,40.08196721311475,1,0.04045901639344261,0.04200000000000026
vehicle_014_session_00644,vehicle_014,644,train,120.61595652173911,30.4,329.6,330.7,332.4,334.4,-70.07541737704919,29.918032786885245,2,0.03160655737704921,0.03400000000000025
vehicle_014_session_00645,vehicle_014,645,train,122.56517946156772,58.0,347.2,348.0,351.1,354.9,-70.08689393442624,33.0655737704918,1,0.04078688524590163,0.04200000000000026
vehicle_014_session_00646,vehicle_014,646,train,124.74827424768522,68.4,354.3,355.2,358.5,362.7,-70.01803459016394,31.0,0,0.04062295081967217,0.0420000000000007
vehicle_014_session_00647,vehicle_014,647,train,121.86877259535657,13.2,323.6,325.0,327.7,329.6,-70.38032770491803,37.0,0,0.03340983606557375,0.03600000000000003
vehicle_014_session_00648,vehicle_014,648,train,119.05370124217528,40.0,334.7,335.0,336.9,339.9,-70.37212950819672,39.63934426229508,1,0.03583606557377045,0.040000000000000036
vehicle_014_session_00649,vehicle_014,649,train,124.69696654040403,68.4,355.0,355.8,358.9,363.2,-70.37376836065573,42.0,0,0.041393442622950756,0.04300000000000015
vehicle_014_session_00650,vehicle_014,650,train,123.07534229353097,36.0,331.1,332.1625,334.1375,336.6,-69.91999893333333,35.946666666666665,1,0.03366666666666669,0.03699999999999992
vehicle_014_session_00651,vehicle_014,651,train,120.79440871331241,23.2,327.7,328.8,330.2,331.7,-69.97048885245901,37.0,0,0.030213114754098384,0.03200000000000003
vehicle_014_session_00652,vehicle_014,652,train,122.91896085909495,65.6,352.5,353.3,356.4,360.5,-69.88196459016393,41.0,0,0.041016393442622937,0.04200000000000026
vehicle_014_session_00653,vehicle_014,653,train,120.20045512415828,41.6,334.9,335.2,337.2,340.3,-70.10000885245903,38.868852459016395,1,0.0372295081967213,0.04200000000000026
vehicle_014_session_00654,vehicle_014,654,train,123.5612092556424,68.0,354.4,355.2,358.3,362.4,-70.08197475409837,41.0,0,0.04209836065573771,0.04300000000000015
vehicle_014_session_00655,vehicle_014,655,train,117.45262282660322,8.400001,321.4,322.8,325.5,328.0,-70.1016493442623,39.459016393442624,1,0.03339344262295079,0.03500000000000014
vehicle_014_session_00656,vehicle_014,656,train,123.78473938492068,33.6,332.1,332.4,333.6,335.3,-70.10164918032787,41.22950819672131,1,0.03232786885245904,0.03500000000000014
vehicle_014_session_00657,vehicle_014,657,train,120.24122733918128,46.0,337.8,338.5,341.3,345.5,-70.00163950819672,33.557377049180324,1,0.04098360655737705,0.04600000000000026
vehicle_014_session_00658,vehicle_014,658,train,123.6812824102304,32.0,329.9,330.8,332.4,334.4,-70.02631855263158,37.921052631578945,1,0.031973684210526335,0.0349999999999997
vehicle_014_session_00659,vehicle_014,659,train,125.0509386574074,57.2,344.7,345.5,348.2,351.4,-57.99017032786887,38.442622950819676,1,0.03713114754098359,0.040000000000000036
vehicle_014_session_00660,vehicle_014,660,train,124.78589429012347,60.4,346.4,348.2,351.6,355.7,-70.25739229508197,42.0,0,0.04080327868852459,0.04200000000000026
vehicle_014_session_00661,vehicle_014,661,train,123.38258043117743,61.6,347.7,349.3,352.7,356.8,-69.54918524590165,40.377049180327866,1,0.041049180327868855,0.04200000000000026
vehicle_014_session_00662,vehicle_014,662,train,124.25643528269904,46.8,335.2,336.5,339.79999999999995,344.6,-70.18553842105263,36.11842105263158,1,0.0415657894736842,0.04600000000000026
vehicle_014_session_00663,vehicle_014,663,train,122.29255465367963,15.6,325.0,326.1,328.6,330.0,-69.89835180327869,36.90163934426229,1,0.03300000000000002,0.03699999999999992
vehicle_014_session_00664,vehicle_014,664,train,124.18674505997475,44.8,333.6,334.65,337.15,340.5,-60.105340133333335,34.42666666666667,1,0.035053333333333284,0.040000000000000036
vehicle_014_session_00665,vehicle_014,665,train,120.91689406779666,42.0,332.8,334.1,336.4,339.9,-68.99836032786885,39.39344262295082,1,0.036573770491803236,0.041999999999999815
vehicle_014_session_00666,vehicle_014,666,train,124.42627467948718,65.6,352.2,353.0,356.1,360.0,-68.91966409836066,41.0,0,0.04119672131147543,0.04300000000000015
vehicle_014_session_00667,vehicle_014,667,train,120.83656076388888,38.0,331.4,332.5,334.7,337.4,-70.17705836065574,37.78688524590164,1,0.034295081967213134,0.039000000000000146
vehicle_014_session_00668,vehicle_014,668,train,122.37500740740745,59.6,347.5,348.3,351.4,355.3,-70.02787393442624,39.40983606557377,1,0.04072131147540982,0.04200000000000026
vehicle_014_session_00669,vehicle_014,669,train,119.97829701967592,38.4,333.3,333.6,335.3,338.0,-71.52131360655737,41.08196721311475,2,0.035491803278688505,0.040000000000000036
vehicle_014_session_00670,vehicle_014,670,train,124.96803986111108,67.2,353.5,354.3,357.4,361.6,-71.39998999999999,43.540983606557376,1,0.04237704918032781,0.04300000000000015
vehicle_014_session_00671,vehicle_014,671,train,124.05163396558875,65.2,351.4,352.4,355.5,359.6,-70.11968213114754,41.0,0,0.042377049180327885,0.04400000000000004
vehicle_014_session_00672,vehicle_014,672,train,120.94589559386971,35.6,332.8,333.2,334.6,336.9,-70.14098983606556,39.377049180327866,1,0.03339344262295082,0.03600000000000003
vehicle_014_session_00673,vehicle_014,673,train,124.05817095269101,70.4,356.4,357.4,360.7,364.7,-70.13771229508197,42.721311475409834,1,0.041442622950819664,0.04300000000000015
vehicle_014_session_00674,vehicle_014,674,train,120.80063074252138,12.0,323.0,324.4,327.2,329.1,-70.64427114754098,37.9344262295082,1,0.03329508196721308,0.03500000000000014
vehicle_014_session_00675,vehicle_014,675,train,120.97223943661972,32.8,332.2,332.5,333.8,335.7,-70.69509213114753,39.63934426229508,1,0.03240983606557379,0.03500000000000014
vehicle_014_session_00676,vehicle_014,676,train,122.9970426587302,61.6,349.4,350.2,353.3,357.2,-70.6606657377049,42.83606557377049,1,0.040754098360655786,0.04200000000000026
vehicle_014_session_00677,vehicle_014,677,train,125.12552470619661,52.0,340.5,341.3,345.0,349.3,-70.42458262295081,38.278688524590166,1,0.043557377049180335,0.04600000000000026
vehicle_014_session_00678,vehicle_014,678,train,125.48384727914394,73.2,358.9,359.9,363.2,367.4,-70.51147655737705,39.377049180327866,1,0.04290163934426233,0.04499999999999993
vehicle_014_session_00679,vehicle_014,679,train,122.70046634259259,50.0,339.1,339.9,343.3,347.4,-69.04426672131147,36.14754098360656,1,0.04232786885245905,0.04500000000000037
vehicle_014_session_00680,vehicle_014,680,train,122.4040868969299,41.2,334.4,334.7,336.8,339.9,-69.77050885245902,37.67213114754098,1,0.03672131147540978,0.04100000000000037
vehicle_014_session_00681,vehicle_014,681,train,126.2147790798612,72.0,357.7,358.5,361.8,366.0,-69.79674098360655,40.0,0,0.042098360655737764,0.04400000000000048
vehicle_014_session_00682,vehicle_014,682,train,123.11835554534316,55.6,343.5,344.6,348.0,352.1,-70.8704906557377,40.0,0,0.0421967213114754,0.04600000000000026
vehicle_014_session_00683,vehicle_014,683,train,123.16600587100186,8.400001,320.7,322.0,324.4,326.7,-59.95526434210526,34.0,0,0.030065789473684188,0.03200000000000003
vehicle_014_session_00684,vehicle_014,684,train,122.11508710317462,48.0,337.7,338.3,341.3,345.8,-69.98524983606559,39.21311475409836,1,0.04255737704918036,0.04600000000000026
vehicle_014_session_00685,vehicle_014,685,train,127.6316944444445,76.4,361.3,362.1,365.5,369.7,-69.9196737704918,41.0,0,0.043196721311475415,0.04499999999999993
vehicle_014_session_00686,vehicle_014,686,train,121.53507527434846,19.6,327.8,328.3,329.6,330.8,-70.06721950819671,43.0,0,0.03159016393442627,0.03600000000000003
vehicle_014_session_00687,vehicle_014,687,train,121.22757382478633,52.0,341.0,341.9,345.2,349.1,-67.54918409836067,45.75409836065574,1,0.04137704918032787,0.04400000000000004
vehicle_014_session_00688,vehicle_014,688,train,122.78751673611114,49.2,336.1,337.7,341.6,346.3,-70.12951721311474,41.377049180327866,1,0.04311475409836065,0.04700000000000015
vehicle_014_session_00689,vehicle_014,689,train,124.76576139475746,69.2,355.3,356.1,359.3,363.5,-70.19673131147539,42.622950819672134,1,0.04267213114754098,0.04400000000000004
vehicle_014_session_00690,vehicle_014,690,train,124.39004204204208,56.0,344.7,345.7,349.1,353.0,-71.23280016393441,34.0,0,0.04147540983606555,0.04600000000000026
vehicle_014_session_00691,vehicle_014,691,train,122.41252417695472,17.2,325.7,326.1,327.4,328.3,-44.899989999999995,35.0,0,0.02393442622950818,0.027000000000000135
vehicle_014_session_00692,vehicle_014,692,train,123.73768626644737,56.4,344.9,346.0,349.4,353.8,-75.20820754098357,38.09836065573771,1,0.04421311475409835,0.04600000000000026
vehicle_014_session_00693,vehicle_014,693,train,116.05182612179487,6.4,321.0,322.7,325.3,327.8,-70.11804163934427,32.0,0,0.03336065573770488,0.03500000000000014
vehicle_014_session_00694,vehicle_014,694,train,121.93978798714758,32.4,331.9,332.1,333.3,335.0,-70.03934836065574,34.19672131147541,2,0.0318032786885246,0.03500000000000014
vehicle_014_session_00695,vehicle_014,695,train,124.09363829022986,59.2,347.1,347.8,351.0,354.7,-70.03115295081967,37.75409836065574,1,0.040459016393442605,0.04200000000000026
vehicle_014_session_00696,vehicle_014,696,train,121.51181040564376,30.8,331.0,331.3,332.7,334.9,-70.60656524590162,31.540983606557376,1,0.03198360655737708,0.03500000000000014
vehicle_014_session_00697,vehicle_014,697,train,120.61021308210786,56.0,345.8,346.6,349.9,353.6,-70.68853459016394,34.65573770491803,1,0.04144262295081965,0.04300000000000015
vehicle_014_session_00698,vehicle_014,698,train,122.60594738247863,42.8,333.2,334.7,337.4,341.3,-70.94918049180329,36.52459016393443,1,0.038016393442622906,0.04400000000000004
vehicle_014_session_00699,vehicle_014,699,train,118.58027314814817,36.0,331.7,331.9,332.7,333.9,-45.200010000000006,38.0,0,0.024327868852459023,0.027000000000000135
vehicle_014_session_00700,vehicle_014,700,train,119.25608124048706,32.4,331.6,331.9,333.2,335.0,-68.89998999999999,39.18032786885246,1,0.0323114754098361,0.03500000000000014
vehicle_014_session_00701,vehicle_014,701,train,120.8162015277778,61.6,349.3,350.0,353.0,356.9,-68.85737983606558,42.0,0,0.0411803278688525,0.042999999999999705
vehicle_014_session_00702,vehicle_014,702,train,119.85258044871794,22.4,327.7,328.8,330.2,331.4,-70.12787852459017,38.0,0,0.030491803278688567,0.03299999999999992
vehicle_014_session_00703,vehicle_014,703,train,118.3034471450617,48.4,338.6,339.3,342.4,346.6,-70.0983693442623,40.65573770491803,1,0.042098360655737715,0.04499999999999993
vehicle_014_session_00704,vehicle_014,704,train,125.43030378540311,77.2,362.1,362.8,366.3,370.5,-70.07869573770492,42.0,0,0.04280327868852456,0.04400000000000048
vehicle_014_session_00705,vehicle_014,705,train,125.09178038194442,74.8,360.2,361.0,364.4,368.6,-69.9983624590164,37.0,0,0.043147540983606514,0.04400000000000048
vehicle_014_session_00706,vehicle_014,706,train,120.02448384205425,48.8,338.9,339.6,343.0,347.2,-70.14919016393443,36.868852459016395,1,0.04342622950819676,0.04600000000000026
vehicle_014_session_00707,vehicle_014,707,train,122.137851408179,54.8,340.8,342.5,346.20000000000005,349.7,-59.983999333333344,36.0,0,0.0400933333333333,0.04499999999999993
vehicle_014_session_00708,vehicle_014,708,train,118.68055492424241,34.0,331.4,331.9,333.6,336.0,-69.98852344262295,34.16393442622951,1,0.033278688524590185,0.03699999999999992
vehicle_014_session_00709,vehicle_014,709,train,120.7261081495098,64.8,352.4,353.2,356.3,360.3,-70.00327901639345,37.0,0,0.042098360655737695,0.04300000000000015
vehicle_014_session_00710,vehicle_014,710,train,117.78302251683502,23.6,328.2,329.2,330.7,332.2,-70.40326901639344,29.540983606557376,1,0.030540983606557413,0.03200000000000003
vehicle_014_session_00711,vehicle_014,711,train,118.61792509107464,50.0,340.0,340.8,344.3,348.3,-70.40326901639344,32.967213114754095,2,0.042524590163934416,0.04499999999999993
vehicle_014_session_00712,vehicle_014,712,train,123.57513042929294,74.4,360.2,361.0,364.3,368.6,-70.42786163934426,34.83606557377049,1,0.04273770491803283,0.04499999999999993
vehicle_014_session_00713,vehicle_014,713,train,120.86309821428573,22.8,329.6,329.9,330.8,332.1,-70.00327901639345,35.31147540983606,1,0.030426229508196786,0.03200000000000003
vehicle_014_session_00714,vehicle_014,714,train,119.52034489087302,51.2,340.8,341.6,344.9,349.1,-70.01639508196722,38.83606557377049,1,0.04234426229508193,0.04499999999999993
vehicle_014_session_00715,vehicle_014,715,train,119.01752484350548,33.2,331.6,331.9,333.3,335.3,-69.14099360655739,33.16393442622951,1,0.0321475409836066,0.03600000000000003
vehicle_014_session_00716,vehicle_014,716,train,121.54190104166666,61.6,349.3,349.9,353.0,356.9,-69.13115721311476,36.16393442622951,1,0.041098360655737715,0.04300000000000015
vehicle_014_session_00717,vehicle_014,717,train,120.64061730324072,54.4,340.8,342.8,347.1,351.3,-69.93278016393442,35.98360655737705,1,0.043327868852458984,0.04800000000000004
vehicle_014_session_00718,vehicle_014,718,train,119.43983206018521,18.8,326.6,327.8,329.6,330.8,-70.68361672131147,35.32786885245902,1,0.03196721311475411,0.03600000000000003
vehicle_014_session_00719,vehicle_014,719,train,119.16821890318629,42.8,335.8,336.3,338.5,342.1,-70.70328901639343,38.032786885245905,2,0.03903278688524585,0.04400000000000004
vehicle_014_session_00720,vehicle_014,720,train,124.50254465996177,70.4,356.4,357.2,360.5,364.7,-70.7852644262295,40.0,0,0.04299999999999996,0.04499999999999993
vehicle_014_session_00721,vehicle_014,721,train,122.50380148654511,44.0,333.5,334.5,336.85,340.2,-59.949999605263166,37.18421052631579,1,0.03509210526315788,0.040000000000000036
vehicle_014_session_00722,vehicle_014,722,train,119.93540326003088,28.0,330.2,330.5,331.9,333.6,-70.23935836065573,32.540983606557376,1,0.03162295081967216,0.03300000000000036
vehicle_014_session_00723,vehicle_014,723,train,121.33152290702162,57.2,345.8,346.8,349.9,353.8,-70.24591557377049,35.81967213114754,1,0.04199999999999997,0.04400000000000004
vehicle_014_session_00724,vehicle_014,724,train,119.7316508385744,55.2,344.1,344.9,348.24,352.2,-69.95081475409835,34.78688524590164,1,0.04137704918032786,0.04499999999999993
vehicle_014_session_00725,vehicle_014,725,train,124.25148631143165,76.4,361.8,362.7,366.0,370.4,-70.00163950819672,36.0,0,0.042065573770491846,0.04400000000000048
vehicle_014_session_00726,vehicle_014,726,train,119.01131316773507,46.4,337.5,338.2,341.0,345.3,-70.34590786885245,33.721311475409834,1,0.04211475409836066,0.04600000000000026
vehicle_014_session_00727,vehicle_014,727,train,118.30151938657407,36.4,333.3,333.8,335.5,338.0,-70.095091147541,36.459016393442624,1,0.034950819672131116,0.0389999999999997
vehicle_014_session_00728,vehicle_014,728,train,122.8472404513889,65.6,353.3,354.1,357.1,361.3,-70.08197540983606,39.0,0,0.04170491803278691,0.04300000000000015
vehicle_014_session_00729,vehicle_014,729,train,120.39887028133906,52.4,339.7,341.4,345.7,349.9,-70.08525278688526,41.0,0,0.04427868852459021,0.04800000000000004
vehicle_014_session_00730,vehicle_014,730,train,119.4234548120915,11.6,321.1,324.65,327.4,329.2,-69.17200333333334,34.0,0,0.033186666666666656,0.03600000000000003
vehicle_014_session_00731,vehicle_014,731,train,120.07298409822864,50.8,339.6,340.3,343.8,348.2,-70.16066573770492,38.131147540983605,1,0.04368852459016396,0.04600000000000026
vehicle_014_session_00732,vehicle_014,732,train,118.48156571310119,31.2,331.4,331.7,333.0,335.0,-70.1409931147541,35.67213114754098,1,0.03221311475409841,0.0349999999999997
vehicle_014_session_00733,vehicle_014,733,train,121.06541297468358,58.0,346.8,347.7,350.8,354.7,-70.10820442622952,38.80327868852459,1,0.041508196721311466,0.04300000000000015
vehicle_014_session_00734,vehicle_014,734,train,118.69932020833335,41.6,333.5,333.8,335.0,336.8,-45.637709508196714,34.032786885245905,1,0.0276229508196721,0.030999999999999694
vehicle_014_session_00735,vehicle_014,735,train,121.25844696969699,59.6,347.5,348.5,351.6,355.7,-70.25903229508197,37.0,0,0.041540983606557384,0.04300000000000015
vehicle_014_session_00736,vehicle_014,736,train,121.70011316872427,60.4,346.6,348.3,351.8,355.8,-70.13935131147541,35.868852459016395,1,0.04170491803278687,0.04300000000000015
vehicle_014_session_00737,vehicle_014,737,train,121.97467354681073,71.2,357.5,358.3,361.6,365.8,-69.92131278688525,35.0,0,0.043311475409836014,0.04500000000000082
vehicle_014_session_00738,vehicle_014,738,train,123.65683502747258,61.2,347.4,348.3,350.5,353.0,-44.50657960526316,32.0,0,0.03263157894736841,0.03400000000000025
vehicle_014_session_00739,vehicle_014,739,train,121.47505045995672,53.6,341.9,342.8,346.4,350.3,-69.7770668852459,36.77049180327869,1,0.043114754098360644,0.04600000000000026
vehicle_014_session_00740,vehicle_014,740,train,120.83882136330412,53.2,341.3,342.2,345.8,349.9,-69.9950862295082,37.950819672131146,1,0.04401639344262297,0.04700000000000015
vehicle_014_session_00741,vehicle_014,741,train,120.55138041968601,50.0,339.3,339.9,343.3,347.5,-69.9377031147541,36.16393442622951,1,0.04337704918032792,0.04700000000000015
vehicle_014_session_00742,vehicle_014,742,train,126.058070125,77.6,362.5,363.5,366.8,371.1,-69.91967327868852,38.0,0,0.04354098360655737,0.04600000000000026
vehicle_014_session_00743,vehicle_014,743,train,121.14856638071895,54.0,341.0,343.3,347.5,351.8,-70.04098770491804,30.278688524590162,1,0.0433934426229508,0.04900000000000038
vehicle_014_session_00744,vehicle_014,744,train,121.25299221743303,74.4,360.8,361.6,365.0,369.4,-70.08525442622951,31.57377049180328,1,0.04285245901639352,0.04500000000000082
vehicle_014_session_00745,vehicle_014,745,train,118.82738819444447,35.6,332.7,333.0,334.6,336.9,-70.07869409836066,31.770491803278688,1,0.03427868852459017,0.03799999999999981
vehicle_014_session_00746,vehicle_014,746,train,123.65608373178506,64.0,351.3,352.1,355.2,359.3,-69.99344508196722,34.83606557377049,1,0.042163934426229524,0.04400000000000004
vehicle_014_session_00747,vehicle_014,747,train,124.20927633647807,74.4,359.1,359.7,362.5,365.8,-55.73279442622952,34.0,0,0.03836065573770491,0.040000000000000036
vehicle_014_session_00748,vehicle_014,748,train,122.303240577919,49.2,336.3,337.7,341.1,345.2,-60.09467293333333,35.0,0,0.04089333333333335,0.04400000000000004
vehicle_014_session_00749,vehicle_014,749,train,122.81880623978758,56.8,340.3,343.25,346.0375,348.8,-44.58533546666667,32.0,0,0.034306666666666666,0.039000000000000146
vehicle_014_session_00750,vehicle_014,750,train,118.01190198863637,15.2,327.1,327.4,328.9,330.2,-70.11312278688526,35.0,0,0.031737704918032815,0.03600000000000003
vehicle_014_session_00751,vehicle_014,751,train,120.49872194220428,40.4,334.1,335.7,337.75,341.0,-70.07213606557377,37.622950819672134,1,0.03729508196721307,0.042999999999999705
vehicle_014_session_00752,vehicle_014,752,train,119.12181099537035,18.4,326.3,327.7,329.4,330.8,-70.12131918032786,33.442622950819676,1,0.0316065573770492,0.03600000000000003
vehicle_014_session_00753,vehicle_014,753,train,119.45482726692208,43.6,336.1,336.8,338.9,342.8,-69.95574163934425,36.377049180327866,1,0.03965573770491802,0.04599999999999982
vehicle_014_session_00754,vehicle_014,754,train,119.828431372549,27.2,328.8,329.9,331.3,333.0,-70.93606573770492,33.131147540983605,1,0.03137704918032791,0.03300000000000036
vehicle_014_session_00755,vehicle_014,755,train,120.61752222222223,48.0,338.2,338.6,341.6,346.1,-71.00327901639345,35.50819672131148,1,0.0427377049180328,0.04600000000000026
vehicle_014_session_00756,vehicle_014,756,train,120.40279482323231,31.6,329.7,330.8,332.4,334.4,-70.62787885245902,33.08196721311475,2,0.03242622950819676,0.0349999999999997
vehicle_014_session_00757,vehicle_014,757,train,121.29920698302473,54.0,342.2,343.2,346.8,350.8,-70.63607557377048,35.83606557377049,1,0.04377049180327868,0.04700000000000015
vehicle_014_session_00758,vehicle_014,758,train,122.5979944816468,75.6,360.8,361.6,365.0,369.4,-70.68525590163934,37.0,0,0.04406557377049175,0.04600000000000026
vehicle_014_session_00759,vehicle_014,759,train,120.64455278862849,57.6,346.1,347.1,350.5,354.4,-71.67050229508195,35.24590163934426,1,0.042737704918032776,0.04400000000000004
vehicle_014_session_00760,vehicle_014,760,train,117.02578591133943,32.0,332.2,332.5,333.9,336.0,-69.90328409836066,32.09836065573771,2,0.032163934426229515,0.03599999999999959
vehicle_014_session_00761,vehicle_014,761,train,119.59947789514871,61.2,349.9,350.8,353.9,357.7,-69.91639491803281,35.83606557377049,1,0.04090163934426232,0.04200000000000026
vehicle_014_session_00762,vehicle_014,762,train,119.86314970959597,51.2,338.6,339.1,341.1,344.1,-44.43935262295082,41.0,0,0.03540983606557382,0.038000000000000256
vehicle_014_session_00763,vehicle_014,763,train,123.86286237980765,63.6,348.8,349.3,351.4,353.8,-43.30164278688526,35.0,0,0.03229508196721311,0.03400000000000025
vehicle_014_session_00764,vehicle_014,764,train,117.56469689542485,50.4,339.3,339.7,341.8,344.7,-44.36066327868853,33.50819672131148,1,0.03562295081967216,0.038000000000000256
vehicle_014_session_00765,vehicle_014,765,train,119.49379765168133,41.2,334.2,334.7,336.8,340.2,-71.02623213114754,34.65573770491803,1,0.03811475409836059,0.042999999999999705
vehicle_014_session_00766,vehicle_014,766,train,123.47037673611109,71.6,357.5,358.5,361.9,366.1,-71.15574770491803,37.0,0,0.043934426229508154,0.04600000000000026
vehicle_014_session_00767,vehicle_014,767,train,120.68453354978355,54.4,342.8,343.8,347.4,351.3,-70.07049868852458,35.721311475409834,1,0.04304918032786884,0.04600000000000026
vehicle_014_session_00768,vehicle_014,768,train,118.99130885416665,44.4,336.0,336.6,339.1,343.2,-69.93605918032786,33.868852459016395,2,0.041163934426229495,0.04600000000000026
vehicle_014_session_00769,vehicle_014,769,train,122.18802286324787,68.4,355.2,356.0,359.1,363.2,-69.94917524590164,36.0,0,0.04306557377049181,0.04600000000000026
vehicle_014_session_00770,vehicle_014,770,train,117.13474819444441,52.4,340.5,341.1,343.5,346.4,-45.100010000000005,31.0,0,0.036098360655737724,0.039000000000000146
vehicle_014_session_00771,vehicle_014,771,train,118.76846523382561,31.6,331.3,331.6,332.8,334.9,-70.0098381967213,31.737704918032787,1,0.03262295081967215,0.03500000000000014
vehicle_014_session_00772,vehicle_014,772,train,123.12249260265703,63.6,351.0,351.8,354.9,358.8,-69.99672491803278,35.0,0,0.04263934426229511,0.04400000000000004
vehicle_014_session_00773,vehicle_014,773,train,122.4479275462963,72.8,358.2,358.9,362.5,366.8,-70.02787262295081,29.852459016393443,1,0.04226229508196719,0.04400000000000048
vehicle_014_session_00774,vehicle_014,774,train,121.7701390712511,47.2,332.8,336.35,339.5,343.5,-58.76579739473684,30.32894736842105,1,0.038921052631578947,0.04400000000000004
vehicle_014_session_00775,vehicle_014,775,train,120.9418478732639,13.2,324.1,325.5,328.0,329.6,-70.53606918032787,32.0,0,0.03483606557377052,0.038000000000000256
vehicle_014_session_00776,vehicle_014,776,train,118.79314993686873,39.2,334.4,334.9,336.6,339.6,-70.55738278688526,34.47540983606557,1,0.036770491803278654,0.040000000000000036
vehicle_014_session_00777,vehicle_014,777,train,122.33521709656083,65.6,353.0,353.9,357.1,361.1,-70.57705639344263,37.0,0,0.04322950819672132,0.04499999999999993
vehicle_014_session_00778,vehicle_014,778,train,123.72895538720536,58.8,347.2,348.2,351.3,355.2,-69.98688393442623,33.0,0,0.04232786885245903,0.04400000000000004
vehicle_014_session_00779,vehicle_014,779,train,122.46785815329224,59.2,345.7,347.5,351.1,355.2,-70.02459491803279,33.0,0,0.04101639344262293,0.04300000000000015
vehicle_014_session_00780,vehicle_014,780,train,120.63151240740744,39.2,332.2,333.2,335.5,338.6,-70.80985311475409,32.459016393442624,1,0.03603278688524589,0.040999999999999925
vehicle_014_session_00781,vehicle_014,781,train,123.02694986598443,69.2,355.8,356.6,359.9,364.1,-70.81476967213113,35.0,0,0.043180327868852494,0.04500000000000082
vehicle_014_session_00782,vehicle_014,782,train,122.16844907407403,66.0,352.5,353.3,356.4,360.5,-70.10984344262296,35.0,0,0.04313114754098358,0.04599999999999982
vehicle_014_session_00783,vehicle_014,783,train,121.37074321102816,45.6,336.0,336.6,339.3,343.5,-68.88524098360656,34.032786885245905,2,0.04072131147540983,0.04600000000000026
vehicle_014_session_00784,vehicle_014,784,train,123.88067190656567,72.8,358.3,359.1,362.4,366.6,-68.88196262295081,36.0,0,0.042459016393442614,0.04499999999999993
vehicle_014_session_00785,vehicle_014,785,train,119.75313731925418,20.4,328.9,329.2,330.3,331.7,-74.46065180327868,33.114754098360656,1,0.031688524590163934,0.03400000000000025
vehicle_014_session_00786,vehicle_014,786,train,121.01184003325504,50.0,340.0,340.8,344.3,348.8,-74.51311606557378,36.98360655737705,2,0.04363934426229512,0.04700000000000015
vehicle_014_session_00787,vehicle_014,787,train,117.07093253968256,41.6,333.0,333.0,333.8,334.7,-26.0,30.0,0,0.01990163934426228,0.02100000000000035
vehicle_014_session_00788,vehicle_014,788,train,120.98330878665126,47.2,337.2,337.8,340.8,345.3,-70.4606518032787,33.16393442622951,1,0.04301639344262295,0.04700000000000015
vehicle_014_session_00789,vehicle_014,789,train,126.1865636351496,76.4,361.4,362.4,365.7,370.2,-70.48852344262295,35.0,0,0.04431147540983606,0.04600000000000026
vehicle_014_session_00790,vehicle_014,790,train,121.56277351762823,46.4,336.8,337.5,340.0,344.3,-70.02459426229508,34.26229508196721,1,0.03955737704918032,0.04400000000000004
vehicle_014_session_00791,vehicle_014,791,train,121.48742088963964,48.4,338.0,338.8,342.1,346.6,-69.95081475409836,32.21311475409836,1,0.040819672131147546,0.04400000000000004
vehicle_014_session_00792,vehicle_014,792,train,123.1139352777778,37.6,331.9,332.1,333.2,334.4,-49.79182245901641,32.278688524590166,1,0.024524590163934455,0.026000000000000245
vehicle_014_session_00793,vehicle_014,793,train,125.48138609749455,58.0,343.5,344.1,346.6,349.4,-49.808214262295095,34.73770491803279,1,0.03308196721311478,0.03500000000000014
vehicle_014_session_00794,vehicle_014,794,train,118.4556971968157,24.4,329.9,330.2,331.4,333.0,-69.92950114754098,26.39344262295082,1,0.029868852459016444,0.03200000000000003
vehicle_014_session_00795,vehicle_014,795,train,119.43672183641975,57.2,347.5,348.3,351.4,355.3,-69.94261721311474,30.639344262295083,1,0.038704918032786896,0.040000000000000036
vehicle_014_session_00796,vehicle_014,796,train,123.05045560109298,67.2,353.8,354.6,357.7,361.9,-70.29346196721312,35.540983606557376,1,0.0399672131147541,0.04100000000000037
vehicle_014_session_00797,vehicle_014,797,train,115.46387017144099,34.4,330.7,330.8,331.9,333.3,-61.90819409836065,40.91803278688525,1,0.028459016393442657,0.03000000000000025
vehicle_014_session_00798,vehicle_014,798,train,118.74945486111113,60.4,342.7,343.5,346.8,350.5,-61.7377186885246,43.90163934426229,1,0.038704918032786854,0.040999999999999925
vehicle_014_session_00799,vehicle_014,799,train,119.95304362284821,45.6,336.8,337.2,339.9,344.3,-70.86885180327867,31.311475409836067,1,0.040081967213114716,0.04499999999999993
vehicle_014_session_00800,vehicle_014,800,train,121.05199327256946,66.0,353.0,353.8,357.1,361.3,-70.19017393442623,32.0,0,0.0409344262295082,0.04200000000000026
vehicle_014_session_00801,vehicle_014,801,train,119.66946842592594,28.4,331.0,331.1,332.4,333.8,-70.24099770491803,31.704918032786885,1,0.030655737704918064,0.03299999999999992
vehicle_014_session_00802,vehicle_014,802,train,120.19930112721417,58.4,347.2,348.0,351.1,355.0,-70.24263721311476,35.540983606557376,1,0.03901639344262295,0.040999999999999925
vehicle_014_session_00803,vehicle_014,803,train,118.0333640740741,36.8,333.2,333.5,335.2,337.7,-69.27870639344263,28.737704918032787,1,0.033819672131147505,0.03699999999999992
vehicle_014_session_00804,vehicle_014,804,train,121.56904215494791,66.8,354.1,354.9,358.0,362.1,-69.3000193442623,32.0,0,0.04063934426229507,0.041999999999999815
vehicle_014_session_00805,vehicle_014,805,train,121.26442662473794,50.0,339.3,341.3,345.3,349.7,-70.13279573770491,27.524590163934427,1,0.040491803278688496,0.04300000000000015
vehicle_014_session_00806,vehicle_014,806,train,121.06463265065916,71.2,359.3,360.2,363.5,367.7,-70.06885737704918,29.114754098360656,1,0.03990163934426233,0.041999999999999815
vehicle_014_session_00807,vehicle_014,807,train,121.2694908200152,18.0,328.0,328.5,329.7,331.0,-70.4065506557377,29.42622950819672,1,0.03080327868852462,0.03400000000000025
vehicle_014_session_00808,vehicle_014,808,train,119.40184620370373,47.2,338.3,338.9,341.8,346.1,-70.46229131147541,32.78688524590164,1,0.03996721311475413,0.04300000000000015
vehicle_014_session_00809,vehicle_014,809,train,120.0382054398148,26.0,330.3,330.5,331.9,333.5,-70.11148393442625,28.672131147540984,1,0.030114754098360667,0.03200000000000003
vehicle_014_session_00810,vehicle_014,810,train,117.18897652582159,50.0,341.1,342.1,345.7,349.7,-70.0655795081967,32.18032786885246,2,0.040180327868852436,0.04300000000000015
vehicle_014_session_00811,vehicle_014,811,train,120.05003413371,11.2,322.7,323.9,326.6,328.3,-61.968856393442636,30.0,0,0.031147540983606548,0.03400000000000025
vehicle_014_session_00812,vehicle_014,812,train,118.54692040094339,34.8,332.4,332.7,333.9,335.7,-60.503284262295104,32.08196721311475,1,0.029131147540983653,0.03100000000000014
vehicle_014_session_00813,vehicle_014,813,train,120.3419386770245,56.0,344.4,345.2,347.8,351.1,-58.11803950819673,34.59016393442623,1,0.036016393442622946,0.039000000000000146
vehicle_014_session_00814,vehicle_014,814,train,122.57292569444444,22.0,328.5,328.9,329.9,331.0,-60.831152622950825,29.83606557377049,1,0.026295081967213117,0.03000000000000025
vehicle_014_session_00815,vehicle_014,815,train,117.42794896488468,42.4,335.2,335.7,337.4,339.9,-59.388531475409835,32.26229508196721,1,0.03181967213114749,0.03600000000000003
vehicle_014_session_00816,vehicle_014,816,train,120.70643019636019,63.6,350.8,351.4,353.9,357.1,-56.67869360655738,34.0,0,0.03462295081967217,0.03600000000000003
vehicle_014_session_00817,vehicle_014,817,train,119.49207232142858,31.2,330.7,331.0,332.4,334.2,-70.04754557377049,36.18032786885246,1,0.031704918032786904,0.03399999999999981
vehicle_014_session_00818,vehicle_014,818,train,121.50943253968255,59.2,347.2,348.2,351.3,355.2,-69.9967273770492,39.0,0,0.04067213114754095,0.04200000000000026
vehicle_014_session_00819,vehicle_014,819,train,118.38664216549296,30.0,329.2,330.5,332.1,333.9,-69.98688786885246,33.19672131147541,1,0.03090163934426232,0.03300000000000036
vehicle_014_session_00820,vehicle_014,820,train,121.62843555655478,38.0,331.1,332.1,333.85,336.1,-59.746673866666676,32.61333333333334,1,0.02969333333333338,0.03399999999999981
vehicle_014_session_00821,vehicle_014,821,train,119.39287923815363,27.6,329.6,330.2,331.4,333.2,-70.00000377049182,34.60655737704918,1,0.03032786885245903,0.03299999999999992
vehicle_014_session_00822,vehicle_014,822,train,121.11413617149762,55.2,343.9,344.9,348.3,352.2,-69.95737934426229,37.967213114754095,1,0.039704918032786876,0.04300000000000015
vehicle_014_session_00823,vehicle_014,823,train,121.0760287812334,14.0,323.0,323.9,325.8,327.4,-45.014668,33.0,0,0.02614666666666659,0.028999999999999915
vehicle_014_session_00824,vehicle_014,824,train,120.95567652682651,39.6,332.2,333.55,335.9,339.1,-70.04079315789474,31.144736842105264,1,0.03481578947368418,0.039000000000000146
vehicle_014_session_00825,vehicle_014,825,train,118.14281197916668,29.6,331.4,331.7,333.0,334.9,-70.12787885245902,27.770491803278688,1,0.03149180327868856,0.03399999999999981
vehicle_014_session_00826,vehicle_014,826,train,121.32342703373017,62.0,350.8,351.8,354.9,358.6,-70.17541983606557,31.688524590163933,1,0.04029508196721313,0.04200000000000026
vehicle_014_session_00827,vehicle_014,827,train,120.07813145616318,42.4,333.5,334.7,337.4,341.1,-70.0508237704918,27.459016393442624,1,0.03688524590163934,0.04200000000000026
vehicle_014_session_00828,vehicle_014,828,train,123.49345479681072,76.4,361.4,362.2,365.7,370.0,-69.92787131147541,29.42622950819672,1,0.04181967213114763,0.04400000000000048
vehicle_014_session_00829,vehicle_014,829,train,121.22931123130343,70.4,354.9,356.8,360.3,364.7,-70.32624163934426,28.131147540983605,1,0.039934426229508165,0.041999999999999815
vehicle_014_session_00830,vehicle_014,830,train,120.28766360189907,15.6,324.6,325.75,327.9,329.1,-59.96578697368421,31.894736842105264,1,0.029157894736842084,0.03299999999999992
vehicle_014_session_00831,vehicle_014,831,train,121.39908560823754,68.0,354.7,355.5,358.8,363.0,-70.62460016393443,34.0,0,0.04119672131147542,0.04300000000000015
vehicle_014_session_00832,vehicle_014,832,train,119.18263902777775,1.2,315.5,319.7,323.2,325.8,-69.07704950819672,30.0,0,0.034278688524590144,0.037000000000000366
vehicle_014_session_00833,vehicle_014,833,train,119.75191188607084,21.2,329.4,329.6,330.7,331.7,-69.99344327868852,31.065573770491802,1,0.029196721311475486,0.03100000000000014
vehicle_014_session_00834,vehicle_014,834,train,121.48726857112791,48.8,338.9,339.6,342.5,346.8,-69.98688524590163,34.459016393442624,1,0.039131147540983645,0.04300000000000015
vehicle_014_session_00835,vehicle_014,835,train,120.38685011574078,37.6,333.0,333.5,335.2,338.0,-70.0885306557377,30.229508196721312,1,0.03326229508196719,0.03699999999999992
vehicle_014_session_00836,vehicle_014,836,train,122.41667765151516,69.2,355.7,356.6,359.7,363.9,-70.04754639344263,33.0,0,0.03939344262295082,0.04100000000000037
vehicle_014_session_00837,vehicle_014,837,train,120.98068665674604,61.2,349.9,350.7,353.8,357.7,-70.27542737704918,28.34426229508197,1,0.03929508196721314,0.040999999999999925
vehicle_014_session_00838,vehicle_014,838,train,118.04271900720163,47.6,336.9,337.4,339.4,342.7,-50.142632950819674,32.0,0,0.03375409836065571,0.037000000000000366
vehicle_014_session_00839,vehicle_014,839,train,119.02775707547174,35.6,331.3,331.6,332.8,334.4,-49.92294311475409,29.311475409836067,1,0.025360655737704935,0.027000000000000135
vehicle_014_session_00840,vehicle_014,840,train,120.4172338159133,56.8,345.2,345.8,348.2,351.0,-49.90163081967212,31.0,0,0.03360655737704915,0.03699999999999992
vehicle_014_session_00841,vehicle_014,841,train,120.2570666423002,49.2,338.8,339.6,343.0,347.4,-70.01147590163934,35.032786885245905,2,0.0414098360655738,0.04400000000000004
vehicle_014_session_00842,vehicle_014,842,train,123.3193184428419,72.0,358.2,358.9,362.4,366.6,-69.98524639344264,36.47540983606557,1,0.04090163934426237,0.0420000000000007
vehicle_014_session_00843,vehicle_014,843,train,123.04366457027987,44.4,332.8,333.8,335.7,338.0,-44.91314921052631,32.0,0,0.027618421052631546,0.03100000000000014
vehicle_014_session_00844,vehicle_014,844,train,121.44497035256411,40.4,332.4,333.6,336.0,339.1,-69.93605918032786,31.442622950819672,1,0.03465573770491801,0.038000000000000256
vehicle_014_session_00845,vehicle_014,845,train,124.57569721045205,72.0,357.8,358.6,362.1,366.3,-69.96229131147541,34.0,0,0.03993442622950811,0.04100000000000037
vehicle_014_session_00846,vehicle_014,846,train,119.19676840277776,39.2,332.1,333.3,335.7,338.6,-70.09672983606558,31.688524590163933,1,0.03442622950819671,0.038000000000000256
vehicle_014_session_00847,vehicle_014,847,train,122.04060069444444,63.2,351.0,351.8,354.9,358.9,-69.9934419672131,34.0,0,0.039672131147540986,0.04200000000000026
vehicle_014_session_00848,vehicle_014,848,train,119.7535668572985,24.8,328.5,328.6,329.4,330.2,-45.100010000000005,33.0,0,0.021360655737704945,0.02300000000000013
vehicle_014_session_00849,vehicle_014,849,train,121.86996947804661,68.4,354.6,355.7,359.1,363.5,-70.02459262295082,30.0,0,0.03972131147540987,0.04100000000000037
vehicle_014_session_00850,vehicle_014,850,train,120.32500124999999,23.2,327.1,328.0,328.9,330.0,-49.5081975409836,33.34426229508197,1,0.02290163934426233,0.02400000000000002
vehicle_014_session_00851,vehicle_014,851,train,117.94061290708814,43.6,334.9,335.2,336.8,338.9,-49.5,35.114754098360656,1,0.029409836065573736,0.03299999999999992
vehicle_014_session_00852,vehicle_014,852,train,120.66993668300651,66.8,352.8,353.3,355.5,358.3,-49.5,37.0,0,0.03331147540983609,0.03500000000000014
vehicle_014_session_00853,vehicle_014,853,train,118.8725312003968,17.6,328.5,328.8,329.7,330.8,-70.07869573770493,39.39344262295082,1,0.03090163934426233,0.03299999999999992
vehicle_014_session_00854,vehicle_014,854,train,121.97537181316592,45.6,337.2,337.7,340.2,344.1,-70.06394049180327,41.9344262295082,1,0.039426229508196756,0.04400000000000004
vehicle_014_session_00855,vehicle_014,855,train,126.04168096405235,75.2,360.7,361.6,364.9,369.3,-70.07049786885246,43.0,0,0.042262295081967285,0.04400000000000048
vehicle_014_session_00856,vehicle_014,856,train,118.99307214506173,30.4,331.6,331.7,333.0,334.9,-70.09509147540983,33.18032786885246,1,0.031491803278688564,0.03500000000000014
vehicle_014_session_00857,vehicle_014,857,train,121.68000066590562,59.2,348.0,348.8,352.1,356.0,-70.10001000000001,36.75409836065574,1,0.039491803278688536,0.04100000000000037
vehicle_014_session_00858,vehicle_014,858,train,119.72178988715275,42.4,335.2,335.7,337.8,341.6,-70.0065580327869,30.19672131147541,2,0.036737704918032785,0.04100000000000037
vehicle_014_session_00859,vehicle_014,859,train,122.84843702107288,74.4,360.7,361.4,364.7,369.1,-70.0377086885246,33.0,0,0.0401147540983607,0.04100000000000037
vehicle_014_session_00860,vehicle_014,860,train,119.73144536356212,22.0,329.7,329.9,330.8,332.2,-69.78034590163934,27.16393442622951,1,0.03036065573770494,0.03200000000000003
vehicle_014_session_00861,vehicle_014,861,train,121.47688398148154,49.6,339.9,340.7,343.9,348.0,-69.78034590163934,30.81967213114754,2,0.04072131147540985,0.04300000000000015
vehicle_014_session_00862,vehicle_014,862,train,120.51596028645835,14.8,327.2,327.5,328.6,329.6,-61.46885721311476,28.0,0,0.028000000000000025,0.03100000000000014
vehicle_014_session_00863,vehicle_014,863,train,118.67535954861108,40.4,334.9,335.2,336.8,339.1,-59.896727704918035,30.75409836065574,1,0.03193442622950814,0.03500000000000014
vehicle_014_session_00864,vehicle_014,864,train,120.25129859431004,40.8,335.2,335.7,337.7,341.0,-70.1164006557377,27.442622950819672,1,0.03585245901639341,0.040000000000000036
vehicle_014_session_00865,vehicle_014,865,train,122.76750675154318,75.6,360.7,361.4,364.9,369.1,-69.62132147540984,32.0,0,0.04067213114754102,0.04300000000000015
vehicle_014_session_00866,vehicle_014,866,train,121.650392578125,17.6,326.6,328.0,329.7,331.0,-70.49672098360655,26.295081967213115,1,0.03032786885245905,0.03399999999999981
vehicle_014_session_00867,vehicle_014,867,train,116.41099039502168,43.2,337.1,337.7,340.0,344.3,-70.5393481967213,29.688524590163933,1,0.038295081967213124,0.04300000000000015
vehicle_014_session_00868,vehicle_014,868,train,121.48490298202611,74.0,361.0,361.8,365.2,369.6,-70.54754573770491,32.0,0,0.04103278688524592,0.04300000000000015
vehicle_014_session_00869,vehicle_014,869,train,118.10549804687506,47.2,337.4,338.3,341.8,346.6,-69.7770668852459,28.18032786885246,2,0.0421639344262295,0.04599999999999982
vehicle_014_session_00870,vehicle_014,870,train,120.79861164529909,65.6,351.9,352.4,354.4,357.1,-45.0,29.65573770491803,1,0.03132786885245904,0.03200000000000003
vehicle_014_session_00871,vehicle_014,871,train,115.78126485339509,67.2,353.2,354.7,358.3,362.5,-69.79510147540984,30.0,0,0.04031147540983599,0.04200000000000026
vehicle_014_session_00872,vehicle_014,872,train,115.90836335125448,28.0,328.9,330.2,331.9,333.6,-70.39671229508197,29.688524590163933,1,0.030311475409836107,0.03299999999999992
vehicle_014_session_00873,vehicle_014,873,train,118.9054656923715,52.8,342.2,343.0,346.6,350.7,-70.37376836065573,32.557377049180324,1,0.04037704918032786,0.04300000000000015
vehicle_014_session_00874,vehicle_014,874,train,119.41649893904322,53.6,342.2,343.2,346.8,351.0,-70.72624213114754,32.967213114754095,1,0.04196721311475407,0.04499999999999993
vehicle_014_session_00875,vehicle_014,875,train,120.70594350986502,44.0,333.6,334.79999999999995,337.275,340.5,-59.80933879999999,31.0,0,0.034026666666666615,0.039000000000000146
vehicle_014_session_00876,vehicle_014,876,train,121.30156592153286,42.0,332.7,333.85,336.1,338.9,-59.53200773333333,31.546666666666667,1,0.032319999999999946,0.03600000000000003
vehicle_014_session_00877,vehicle_014,877,train,117.06002710406305,38.0,333.9,334.2,336.0,338.8,-70.1590255737705,33.36065573770492,1,0.034196721311475366,0.03799999999999981
vehicle_014_session_00878,vehicle_014,878,train,121.38008223104056,64.8,352.5,353.3,356.3,360.5,-70.12295688524591,36.0,0,0.03960655737704918,0.04100000000000037
vehicle_014_session_00879,vehicle_014,879,train,118.10075613584476,10.8,325.3,325.8,327.7,329.2,-70.16722262295082,34.0,0,0.03203278688524588,0.0349999999999997
vehicle_014_session_00880,vehicle_014,880,train,119.12234204059831,40.0,334.6,335.0,336.9,339.7,-70.11640081967212,36.34426229508197,1,0.03486885245901636,0.0389999999999997
vehicle_014_session_00881,vehicle_014,881,train,122.56826125478926,66.0,353.0,353.8,356.9,361.0,-70.13607426229508,38.98360655737705,1,0.040114754098360614,0.04200000000000026
vehicle_014_session_00882,vehicle_014,882,train,117.38371753747795,24.8,329.7,330.7,331.7,333.2,-70.0459062295082,34.32786885245902,1,0.03103278688524595,0.03200000000000003
vehicle_014_session_00883,vehicle_014,883,train,121.83321688528802,60.8,348.3,349.1,351.8,354.7,-57.286891475409845,37.0,0,0.035573770491803276,0.03699999999999992
vehicle_014_session_00884,vehicle_014,884,train,118.67172859848482,23.2,329.1,329.2,330.2,331.4,-61.02459573770493,35.73770491803279,1,0.027311475409836073,0.028999999999999915
vehicle_014_session_00885,vehicle_014,885,train,116.90857812500002,45.6,336.6,337.1,339.1,342.4,-59.44262852459016,37.90163934426229,1,0.03524590163934425,0.040000000000000036
vehicle_014_session_00886,vehicle_014,886,train,117.94931400602411,29.2,331.3,331.6,332.7,334.2,-70.1327968852459,33.78688524590164,2,0.031131147540983645,0.03300000000000036
vehicle_014_session_00887,vehicle_014,887,train,120.7207659406566,62.4,350.3,351.1,354.1,358.2,-70.14591163934426,38.0,0,0.04000000000000004,0.04100000000000037
vehicle_014_session_00888,vehicle_014,888,train,121.70198062628603,54.4,339.7,343.15,347.45,351.8,-69.44342565789472,33.526315789473685,1,0.042118421052631555,0.04700000000000015
vehicle_014_session_00889,vehicle_014,889,train,121.05637446581198,64.0,349.6,351.3,354.7,358.8,-69.19017393442623,35.77049180327869,1,0.03962295081967215,0.04100000000000037
vehicle_014_session_00890,vehicle_014,890,train,117.38902467757941,43.2,333.6,335.0,338.2,342.2,-70.15738426229508,26.62295081967213,1,0.03793442622950818,0.04400000000000004
vehicle_014_session_00891,vehicle_014,891,train,121.3822875881834,65.6,353.2,353.9,357.1,361.3,-70.03607163934427,29.0,0,0.04052459016393441,0.04200000000000026
vehicle_014_session_00892,vehicle_014,892,train,120.81483013167389,52.0,340.7,341.4,345.2,349.6,-69.39671295081968,31.360655737704917,1,0.042327868852459004,0.04500000000000037
vehicle_014_session_00893,vehicle_014,893,train,120.17812152777773,70.8,356.0,357.5,361.3,365.7,-69.9934419672131,30.672131147540984,1,0.04163934426229509,0.04300000000000015
vehicle_014_session_00894,vehicle_014,894,train,119.46236393229168,49.2,338.9,339.7,343.2,347.7,-70.1344360655738,29.60655737704918,1,0.040737704918032795,0.04400000000000004
vehicle_014_session_00895,vehicle_014,895,train,124.08225565087153,75.2,360.8,361.6,365.0,369.4,-70.10000836065574,31.852459016393443,1,0.04047540983606567,0.0420000000000007
vehicle_014_session_00896,vehicle_014,896,train,121.9840524165547,48.0,336.0,337.45,341.175,346.1,-70.09333986666665,28.30666666666667,2,0.04192000000000001,0.04699999999999971
vehicle_014_session_00897,vehicle_014,897,train,122.00974826388895,66.8,352.7,353.3,355.7,358.6,-50.173780491803285,30.0,0,0.033311475409836096,0.03500000000000014
vehicle_014_session_00898,vehicle_014,898,train,115.78980649717515,44.4,335.2,335.5,337.2,339.7,-50.19837065573771,33.721311475409834,1,0.030459016393442596,0.03400000000000025
vehicle_014_session_00899,vehicle_014,899,train,121.90146775793652,66.8,352.4,354.1,357.7,361.9,-70.09673065573772,34.0,0,0.04083606557377053,0.0420000000000007
vehicle_014_session_00900,vehicle_014,900,train,121.28670754716983,72.8,359.4,360.3,363.9,368.6,-75.13443622950818,34.0,0,0.04434426229508199,0.04699999999999971
vehicle_014_session_00901,vehicle_014,901,train,116.89758851410934,34.4,332.4,332.8,334.4,336.8,-69.43605918032787,31.540983606557376,1,0.032868852459016364,0.03599999999999959
vehicle_014_session_00902,vehicle_014,902,train,120.13203222809072,60.0,348.6,349.4,352.5,356.6,-69.43769868852458,34.16393442622951,1,0.03968852459016396,0.04100000000000037
vehicle_014_session_00903,vehicle_014,903,train,122.21336477272725,65.6,351.3,351.9,354.3,357.1,-49.88524032786884,35.0,0,0.03337704918032792,0.03400000000000025
vehicle_014_session_00904,vehicle_014,904,train,121.16405174180329,57.6,343.8,346.1,349.9,354.1,-69.98032590163935,28.81967213114754,1,0.041442622950819664,0.04499999999999993
vehicle_014_session_00905,vehicle_014,905,train,117.82443432539684,32.0,332.2,332.5,333.8,335.8,-70.28854344262294,29.42622950819672,1,0.03213114754098362,0.03400000000000025
vehicle_014_session_00906,vehicle_014,906,train,119.15699637459151,60.0,348.8,349.6,352.8,356.8,-70.27378786885247,33.0,0,0.040163934426229536,0.04100000000000037
vehicle_014_session_00907,vehicle_014,907,train,118.97413825757577,33.6,331.7,331.9,332.8,334.2,-49.604928032786894,28.114754098360656,1,0.024901639344262313,0.02699999999999969
vehicle_014_session_00908,vehicle_014,908,train,119.18271153846149,55.6,344.1,344.6,347.1,349.9,-49.56394081967213,30.75409836065574,1,0.033770491803278686,0.03699999999999992
vehicle_014_session_00909,vehicle_014,909,train,118.19070052083335,29.6,330.2,330.3,331.3,332.4,-49.899989999999995,26.0,0,0.02434426229508201,0.026000000000000245
vehicle_014_session_00910,vehicle_014,910,train,118.71782600308639,52.4,340.8,341.4,344.1,347.2,-49.899989999999995,28.868852459016395,1,0.036131147540983614,0.038000000000000256
vehicle_014_session_00911,vehicle_014,911,train,120.9895785751029,74.0,359.1,359.6,362.1,365.0,-49.899989999999995,30.0,0,0.03470491803278685,0.036000000000000476
vehicle_014_session_00912,vehicle_014,912,train,114.09228720238093,38.8,333.5,333.6,334.9,336.4,-45.100010000000005,23.24590163934426,1,0.026081967213114773,0.028999999999999915
vehicle_014_session_00913,vehicle_014,913,train,117.90852287581707,61.2,348.9,349.4,351.6,354.1,-45.100010000000005,25.0,0,0.03231147540983606,0.03400000000000025
vehicle_014_session_00914,vehicle_014,914,train,120.48608182870368,62.8,348.0,349.79999999999995,352.9,356.1,-57.19333719999999,25.653333333333332,1,0.03588,0.037000000000000366
vehicle_014_session_00915,vehicle_014,915,train,117.12286710239653,25.2,329.1,329.4,330.2,331.1,-50.30002000000002,25.0,0,0.02295081967213116,0.025000000000000355
vehicle_014_session_00916,vehicle_014,916,train,121.59459682158125,65.2,351.9,352.4,354.7,357.4,-50.30002000000002,29.0,0,0.03273770491803282,0.03400000000000025
vehicle_014_session_00917,vehicle_014,917,train,121.96739819182392,67.2,354.1,354.7,356.9,359.9,-50.100010000000005,26.0,0,0.03400000000000001,0.03599999999999959
vehicle_014_session_00918,vehicle_014,918,train,119.71323602941175,16.4,328.6,329.1,330.0,331.3,-73.99508147540983,23.065573770491802,1,0.031016393442622955,0.03299999999999992
vehicle_014_session_00919,vehicle_014,919,train,122.32771097046411,50.4,340.5,341.3,344.6,348.9,-74.01147655737707,27.65573770491803,1,0.040983606557377074,0.04300000000000015
vehicle_014_session_00920,vehicle_014,920,train,123.97690035520438,62.8,348.5,350.75,354.6,358.6,-69.94868381578948,22.894736842105264,1,0.04122368421052632,0.04300000000000015
vehicle_014_session_00921,vehicle_014,921,train,120.79845953703709,67.6,351.6,353.5,356.0375,358.8,-46.79600573333335,19.0,0,0.032613333333333355,0.03400000000000025
vehicle_014_session_00922,vehicle_014,922,train,115.68301384320176,30.4,332.4,332.7,334.1,336.1,-69.94425672131148,20.60655737704918,1,0.03227868852459019,0.03500000000000014
vehicle_014_session_00923,vehicle_014,923,train,117.12798889302248,20.8,327.5,328.9,330.4,331.7,-60.106586315789485,18.763157894736842,1,0.025355263157894756,0.027000000000000135
vehicle_014_session_00924,vehicle_014,924,train,116.61392343073595,26.8,329.2,330.7,332.4,334.2,-70.65410836065573,21.262295081967213,2,0.03167213114754103,0.03399999999999981
vehicle_014_session_00925,vehicle_014,925,train,119.06660191993463,58.0,348.0,348.8,352.1,356.0,-70.65410836065573,25.39344262295082,1,0.0411639344262295,0.04200000000000026
vehicle_014_session_00926,vehicle_014,926,train,117.88133661616165,50.8,339.4,339.9,342.5,345.8,-50.19673131147542,24.0,0,0.03765573770491807,0.040000000000000036
vehicle_014_session_00927,vehicle_014,927,train,120.5986301388889,72.8,358.2,358.8,361.1,364.3,-50.19673131147542,25.0,0,0.03634426229508191,0.038000000000000256
vehicle_014_session_00928,vehicle_014,928,train,119.77787237945493,34.0,328.2,330.5,331.7,333.2,-44.56133346666667,25.173333333333332,1,0.023106666666666678,0.026000000000000245
vehicle_014_session_00929,vehicle_014,929,train,121.13752021037584,43.2,332.5,334.15,336.1,338.5,-44.85526315789474,23.92105263157895,1,0.0283552631578947,0.03299999999999992
vehicle_014_session_00930,vehicle_014,930,train,118.7691260043618,38.8,332.4,333.8,336.1,339.4,-70.24591360655737,25.081967213114755,2,0.0351967213114754,0.040000000000000036
vehicle_014_session_00931,vehicle_014,931,train,117.58402284722217,46.4,336.8,337.4,340.3,345.2,-69.93442032786885,28.704918032786885,1,0.04163934426229508,0.04600000000000026
vehicle_014_session_00932,vehicle_014,932,train,121.60473616898149,68.8,355.8,356.6,359.9,364.1,-69.91966409836066,30.327868852459016,1,0.04198360655737701,0.04300000000000015
vehicle_014_session_00933,vehicle_014,933,train,123.45961411265438,61.6,346.3,348.55,351.05,353.6,-44.58000600000001,24.0,0,0.03047999999999999,0.03200000000000003
vehicle_014_session_00934,vehicle_014,934,train,115.28981997863247,30.4,331.0,331.1,331.9,333.2,-50.18689524590164,26.475409836065573,1,0.02427868852459017,0.026000000000000245
vehicle_014_session_00935,vehicle_014,935,train,117.55993627450987,51.2,340.3,341.0,343.5,346.6,-50.19181327868853,29.0,0,0.03532786885245903,0.03799999999999981
vehicle_014_session_00936,vehicle_014,936,train,118.76659079601988,50.4,340.5,341.3,344.9,349.1,-69.87213590163934,27.508196721311474,1,0.04132786885245904,0.04400000000000004
vehicle_014_session_00937,vehicle_014,937,train,119.37662259615391,53.6,340.2,342.7,347.2,351.4,-70.22788262295082,31.0,0,0.04311475409836063,0.04700000000000015
vehicle_014_session_00938,vehicle_014,938,train,120.55971949567392,66.0,351.4,353.1,356.1,359.7,-60.069742500000004,31.0,0,0.03677631578947367,0.039000000000000146
vehicle_014_session_00939,vehicle_014,939,train,122.09319389943737,62.8,351.1,351.9,355.0,358.9,-70.05902229508197,29.0,0,0.040754098360655806,0.042999999999999705
vehicle_014_session_00940,vehicle_014,940,train,119.713820128367,63.6,351.9,352.7,356.0,360.0,-70.12787885245902,26.868852459016395,1,0.04050819672131149,0.04200000000000026
vehicle_014_session_00941,vehicle_014,941,train,117.6053161999089,28.8,331.1,331.3,332.2,333.6,-60.65574360655738,27.81967213114754,1,0.028032786885245922,0.03000000000000025
vehicle_014_session_00942,vehicle_014,942,train,118.0732446969697,53.2,342.5,343.3,346.1,349.6,-58.27213672131148,30.918032786885245,1,0.03745901639344264,0.040000000000000036
vehicle_014_session_00943,vehicle_014,943,train,121.0362386083053,58.4,344.6,346.85,350.75,354.9,-70.42237210526315,27.92105263157895,1,0.041526315789473654,0.04400000000000004
vehicle_014_session_00944,vehicle_014,944,train,120.55503349358975,48.8,336.4,338.3,342.5,347.4,-70.0737768852459,29.475409836065573,1,0.042754098360655725,0.04700000000000015
vehicle_014_session_00945,vehicle_014,945,train,122.88196199494949,75.2,361.3,362.1,365.5,369.9,-70.08525229508197,31.0,0,0.042573770491803255,0.04499999999999993
vehicle_014_session_00946,vehicle_014,946,train,118.96621990740744,45.6,338.6,339.3,342.2,346.8,-70.22951868852459,29.62295081967213,1,0.04229508196721311,0.04499999999999993
vehicle_014_session_00947,vehicle_014,947,train,118.12697897012576,75.6,363.5,364.3,367.7,372.1,-70.20492803278688,32.0,0,0.04345901639344262,0.04500000000000082
vehicle_014_session_00948,vehicle_014,948,train,120.43324979270318,48.0,338.6,339.4,342.7,347.4,-69.98852344262295,22.770491803278688,1,0.04304918032786889,0.04700000000000015
vehicle_014_session_00949,vehicle_014,949,train,121.89794300314466,75.2,361.9,362.7,366.1,369.4,-67.57869131147541,25.0,0,0.04244262295081968,0.04400000000000048
vehicle_014_session_00950,vehicle_014,950,train,117.39484329710146,23.6,331.1,331.3,332.2,333.6,-71.11968196721313,19.40983606557377,1,0.03150819672131153,0.03300000000000036
vehicle_014_session_00951,vehicle_014,951,train,118.63574828586503,51.2,342.5,343.5,346.9,351.0,-71.20492852459016,23.40983606557377,1,0.0421967213114754,0.04400000000000004
vehicle_014_session_00952,vehicle_014,952,train,113.3154439019097,10.0,323.3,325.2,328.0,329.9,-70.07213836065574,18.295081967213115,1,0.031508196721311485,0.03400000000000025
vehicle_014_session_00953,vehicle_014,953,train,119.61608849206348,36.0,333.6,333.9,335.3,337.5,-70.1016493442623,20.852459016393443,2,0.03198360655737703,0.03500000000000014
vehicle_014_session_00954,vehicle_014,954,train,120.6602666245791,64.0,351.6,352.4,355.5,359.4,-70.10656737704917,24.24590163934426,1,0.039901639344262316,0.041999999999999815
vehicle_014_session_00955,vehicle_014,955,train,116.60312257599578,34.8,331.0,332.5,334.7,337.2,-69.56394081967213,18.672131147540984,1,0.0341311475409836,0.038000000000000256
vehicle_014_session_00956,vehicle_014,956,train,118.78373129960316,56.0,346.3,347.1,350.3,354.4,-69.4934419672131,21.62295081967213,1,0.04181967213114751,0.04400000000000004
vehicle_014_session_00957,vehicle_014,957,train,119.00074443423206,14.0,328.3,328.8,330.0,331.1,-69.74755573770491,18.0,0,0.030311475409836076,0.03300000000000036
vehicle_014_session_00958,vehicle_014,958,train,116.62023653340847,41.2,336.8,337.2,339.6,343.0,-69.78526442622952,21.37704918032787,1,0.03718032786885244,0.04100000000000037
vehicle_014_session_00959,vehicle_014,959,train,119.03317983716475,70.8,358.9,359.7,363.0,367.4,-69.87049065573771,24.0,0,0.04188524590163934,0.043999999999999595
vehicle_014_session_00960,vehicle_014,960,train,114.75574336013646,45.2,336.6,336.9,338.8,341.6,-49.59345196721312,19.885245901639344,1,0.031950819672131085,0.03600000000000003
vehicle_014_session_00961,vehicle_014,961,train,120.05992129629637,68.4,354.7,355.3,357.5,360.5,-49.526232131147545,22.0,0,0.03324590163934426,0.03500000000000014
vehicle_014_session_00962,vehicle_014,962,train,122.44343199926904,59.6,346.3,348.55,352.4,356.4,-70.01974157894736,21.92105263157895,1,0.04280263157894738,0.04400000000000004
vehicle_014_session_00963,vehicle_014,963,train,118.84897071759265,51.6,339.3,340.8,344.9,348.8,-58.540988196721315,22.80327868852459,1,0.041409836065573774,0.04499999999999993
vehicle_014_session_00964,vehicle_014,964,train,120.32673280965398,69.2,356.4,357.2,360.5,364.7,-69.04426672131147,25.21311475409836,1,0.04275409836065566,0.04400000000000004
vehicle_014_session_00965,vehicle_014,965,train,116.50589110809182,23.2,328.3,329.9,331.4,333.0,-70.49600186666666,20.946666666666665,2,0.031240000000000028,0.03400000000000025
vehicle_014_session_00966,vehicle_014,966,train,119.9675258038433,68.4,356.1,357.8,361.3375,365.5,-70.4880044,26.253333333333334,1,0.042333333333333334,0.04400000000000048
vehicle_014_session_00967,vehicle_014,967,train,117.36112683256177,50.0,340.8,341.6,345.0,349.4,-70.35246327868852,23.65573770491803,1,0.04122950819672132,0.04400000000000004
vehicle_014_session_00968,vehicle_014,968,train,116.22396494020062,41.6,335.8,336.3,338.6,342.2,-70.05574163934428,24.59016393442623,1,0.038639344262295025,0.04400000000000004
vehicle_014_session_00969,vehicle_014,969,train,118.70266372053872,26.8,331.0,331.3,332.4,334.1,-70.05902311475408,25.721311475409838,2,0.030803278688524612,0.03299999999999992
vehicle_014_session_00970,vehicle_014,970,train,117.8496767899061,53.6,344.1,345.0,348.5,352.4,-70.06885836065574,29.60655737704918,1,0.040573770491803246,0.04300000000000015
vehicle_014_session_00971,vehicle_014,971,train,118.33275912193977,69.2,357.1,357.8,361.1,365.3,-70.18689278688524,25.229508196721312,1,0.04259016393442625,0.04400000000000048
vehicle_014_session_00972,vehicle_014,972,train,121.27211273448776,58.0,346.9,347.7,351.1,355.0,-70.18361672131148,27.0,0,0.04081967213114753,0.04300000000000015
vehicle_014_session_00973,vehicle_014,973,train,113.17621168785315,72.4,358.2,359.6,363.3,367.5,-69.98361180327869,28.081967213114755,1,0.042590163934426245,0.04500000000000082
vehicle_014_session_00974,vehicle_014,974,train,118.47539673520927,45.2,335.3,336.6,339.6,344.3,-69.18361786885247,23.131147540983605,2,0.04055737704918032,0.04600000000000026
vehicle_014_session_00975,vehicle_014,975,train,118.6213624465812,54.8,343.8,344.9,348.5,352.7,-70.16886213114753,26.065573770491802,1,0.04244262295081965,0.04600000000000026
vehicle_014_session_00976,vehicle_014,976,train,119.00041593013466,62.0,351.1,351.9,355.0,358.9,-69.97704688524591,27.049180327868854,1,0.042049180327868876,0.04400000000000004
vehicle_014_session_00977,vehicle_014,977,train,119.6540301959326,67.2,353.5,354.1,356.9,360.2,-56.54426983606559,25.0,0,0.03683606557377053,0.038000000000000256
vehicle_014_session_00978,vehicle_014,978,train,120.57849534722223,76.8,362.1,362.7,365.0,368.3,-49.57049885245902,28.0,0,0.03485245901639345,0.036000000000000476
vehicle_014_session_00979,vehicle_014,979,train,119.84844945987656,54.4,343.2,343.9,347.7,351.8,-70.14754901639346,28.262295081967213,1,0.04260655737704916,0.04600000000000026
vehicle_014_session_00980,vehicle_014,980,train,115.56603773584904,40.8,333.6,333.9,335.2,336.9,-45.0,25.34426229508197,1,0.026540983606557395,0.028999999999999915
vehicle_014_session_00981,vehicle_014,981,train,117.02634027777776,30.4,329.9,331.0,332.7,334.6,-70.12787770491805,28.016393442622952,2,0.032311475409836074,0.03500000000000014
vehicle_014_session_00982,vehicle_014,982,train,117.93838129340284,57.2,346.3,347.1,350.5,354.4,-70.12131950819672,31.262295081967213,1,0.041639344262295076,0.04300000000000015
vehicle_014_session_00983,vehicle_014,983,train,118.5627350295993,24.4,326.1,329.2,330.8,332.4,-69.2655793442623,28.40983606557377,1,0.0305081967213115,0.03299999999999992
vehicle_014_session_00984,vehicle_014,984,train,118.98427669009371,49.2,339.3,340.0,343.2,347.5,-70.07049704918033,31.459016393442624,1,0.042540983606557385,0.04500000000000037
vehicle_014_session_00985,vehicle_014,985,train,116.20863142123288,39.6,334.4,334.9,336.8,339.9,-70.23279409836064,31.688524590163933,1,0.03670491803278687,0.04100000000000037
vehicle_014_session_00986,vehicle_014,986,train,120.6168757052951,68.8,355.7,356.4,359.6,363.8,-70.1819731147541,34.0,0,0.0421967213114754,0.04300000000000015
vehicle_014_session_00987,vehicle_014,987,train,120.21136503623191,57.6,345.0,346.1,349.9,354.1,-70.31475950819672,28.0,0,0.04401639344262293,0.04700000000000015
vehicle_014_session_00988,vehicle_014,988,train,117.36730831430748,38.0,332.4,333.8,336.3,339.4,-70.14427278688527,20.16393442622951,2,0.0359180327868852,0.04100000000000037
vehicle_014_session_00989,vehicle_014,989,train,121.71392173269578,67.6,355.7,356.6,359.7,364.1,-70.05410344262296,23.278688524590162,1,0.04240983606557379,0.04400000000000004
vehicle_014_session_00990,vehicle_014,990,train,120.56852015961857,62.4,351.8,352.7,356.1,361.0,-80.02295311475409,26.18032786885246,1,0.04765573770491803,0.04900000000000038
vehicle_014_session_00991,vehicle_014,991,train,117.13375494672759,7.6,322.5,324.2,327.1,329.2,-70.33771360655739,20.83606557377049,1,0.032278688524590156,0.0349999999999997
vehicle_014_session_00992,vehicle_014,992,train,117.8624281773211,36.8,334.4,334.9,336.4,339.1,-70.39998999999999,23.704918032786885,2,0.03377049180327866,0.037000000000000366
vehicle_014_session_00993,vehicle_014,993,train,119.9766323772142,66.0,354.4,355.2,358.3,362.4,-70.40326901639344,27.18032786885246,1,0.040491803278688544,0.04200000000000026
vehicle_014_session_00994,vehicle_014,994,train,116.42922491039428,26.8,330.8,331.1,332.1,333.3,-60.640990819672126,26.524590163934427,1,0.02796721311475412,0.03000000000000025
vehicle_014_session_00995,vehicle_014,995,train,115.38914032567054,51.6,341.9,342.4,345.5,348.8,-58.33934950819672,29.557377049180328,1,0.03845901639344263,0.04100000000000037
vehicle_014_session_00996,vehicle_014,996,train,120.55061101190479,56.0,341.6,343.9,348.5,352.5,-69.81313081967214,28.770491803278688,1,0.043491803278688505,0.04700000000000015
vehicle_014_session_00997,vehicle_014,997,train,120.39596747076023,53.6,341.0,343.0,347.5,351.9,-70.13115540983605,27.295081967213115,1,0.042393442622950805,0.04800000000000004
vehicle_014_session_00998,vehicle_014,998,train,118.50509802827384,22.4,328.3,329.7,331.1,332.7,-70.30164672131147,20.9672131147541,2,0.030901639344262342,0.03299999999999992
vehicle_014_session_00999,vehicle_014,999,train,115.33128368993994,44.8,338.0,338.6,341.3,345.5,-70.24755196721311,23.983606557377048,2,0.041360655737704935,0.04499999999999993
vehicle_014_session_01000,vehicle_014,1000,train,120.37103105709882,74.4,361.3,362.1,365.3,369.9,-70.19672868852459,26.475409836065573,1,0.04339344262295085,0.04500000000000082
vehicle_014_session_01001,vehicle_014,1001,train,119.44808675373139,55.2,343.8,344.9,348.6,352.8,-70.32459868852459,25.59016393442623,1,0.042950819672131116,0.04899999999999993
vehicle_014_session_01002,vehicle_014,1002,train,115.48877738469606,11.6,326.0,326.4,327.5,328.5,-49.80002000000002,21.0,0,0.025426229508196715,0.028000000000000025
vehicle_014_session_01003,vehicle_014,1003,train,119.44575265151519,32.8,331.9,332.1,333.0,334.2,-49.79346196721313,22.24590163934426,1,0.024852459016393443,0.02699999999999969
vehicle_014_session_01004,vehicle_014,1004,train,121.03637286324792,55.2,343.9,344.6,346.9,349.9,-49.79510147540986,25.0,0,0.03477049180327867,0.037000000000000366
vehicle_014_session_01005,vehicle_014,1005,train,116.90616570881228,46.0,336.8,337.1,339.1,342.1,-49.80493655737707,23.0,0,0.03514754098360653,0.040000000000000036
vehicle_014_session_01006,vehicle_014,1006,train,117.207910546875,42.0,335.8,336.3,338.9,343.0,-70.3754150819672,23.42622950819672,1,0.04170491803278689,0.04700000000000015
vehicle_014_session_01007,vehicle_014,1007,train,119.05988960953877,74.0,361.8,362.5,366.0,369.4,-67.87705327868854,26.0,0,0.04514754098360657,0.04800000000000004
vehicle_014_session_01008,vehicle_014,1008,train,119.78388811063216,68.0,356.8,357.5,361.0,364.6,-67.72623540983606,21.0,0,0.045737704918032814,0.04800000000000004
vehicle_014_session_01009,vehicle_014,1009,train,116.84817881944443,21.2,328.9,329.2,330.0,331.6,-59.970489508196735,18.442622950819672,8,0.027557377049180366,0.03200000000000003
vehicle_014_session_01010,vehicle_014,1010,train,116.34816472222225,47.6,339.4,340.0,343.3,347.5,-70.19673131147542,27.295081967213115,1,0.04359016393442623,0.04600000000000026
vehicle_014_session_01011,vehicle_014,1011,train,119.27977499173285,45.2,335.0,336.6,340.0,344.7,-70.19509360655739,20.19672131147541,2,0.04252459016393446,0.04899999999999993
vehicle_014_session_01012,vehicle_014,1012,train,117.47413818267424,27.6,329.4,330.7,332.2,333.9,-69.78854344262295,20.75409836065574,1,0.03206557377049185,0.03400000000000025
vehicle_014_session_01013,vehicle_014,1013,train,117.99710745614041,51.2,341.8,342.7,346.3,350.3,-69.79674098360655,23.80327868852459,1,0.04355737704918031,0.04600000000000026
vehicle_014_session_01014,vehicle_014,1014,train,119.50956520543984,65.2,349.6,352.65,355.875,359.6,-59.80134066666667,23.0,0,0.03980000000000002,0.04200000000000026
vehicle_014_session_01015,vehicle_014,1015,train,116.87693027016746,32.4,332.7,332.8,334.2,336.4,-69.79018295081967,25.049180327868854,2,0.03313114754098361,0.03600000000000003
vehicle_014_session_01016,vehicle_014,1016,train,119.57390679563491,62.0,350.8,351.6,354.9,358.8,-69.89835180327867,28.0,0,0.04175409836065575,0.04300000000000015
vehicle_014_session_01017,vehicle_014,1017,train,119.88383199786323,68.4,354.9,355.5,357.7,360.7,-49.5688593442623,24.950819672131146,1,0.03721311475409835,0.039000000000000146
vehicle_014_session_01018,vehicle_014,1018,train,120.4286374232881,62.0,348.5,350.25,353.0,357.1,-60.777343466666665,20.2,6,0.03969333333333336,0.04500000000000037
vehicle_014_session_01019,vehicle_014,1019,train,119.86112961551488,50.4,340.8,341.8,345.7,349.9,-70.19345262295083,20.19672131147541,2,0.042688524590163944,0.04599999999999982
vehicle_014_session_01020,vehicle_014,1020,train,118.7833372278529,12.4,325.7,326.6,329.1,330.5,-70.3393524590164,19.983606557377048,1,0.03509836065573771,0.039000000000000146
vehicle_014_session_01021,vehicle_014,1021,train,116.4242477873094,42.4,336.8,337.2,339.4,343.2,-70.30493459016394,23.21311475409836,2,0.03978688524590163,0.04499999999999993
vehicle_014_session_01022,vehicle_014,1022,train,120.32053536324787,62.8,351.8,352.7,355.7,359.7,-70.31640721311476,25.311475409836067,1,0.04296721311475407,0.04499999999999993
vehicle_014_session_01023,vehicle_014,1023,train,121.20537468998015,70.8,357.4,358.0,361.4,365.8,-65.96885901639345,22.131147540983605,7,0.042737704918032825,0.0470000000000006
vehicle_014_session_01024,vehicle_014,1024,train,117.64534995039685,18.0,328.9,329.2,330.3,331.6,-70.23771196721312,21.081967213114755,1,0.030196721311475456,0.03300000000000036
vehicle_014_session_01025,vehicle_014,1025,train,116.05499790715373,46.0,338.6,339.3,342.2,346.4,-70.12623852459018,24.885245901639344,2,0.040590163934426264,0.04400000000000004
vehicle_014_session_01026,vehicle_014,1026,train,122.14584646464647,75.2,361.8,362.7,366.0,370.5,-70.09180770491804,27.114754098360656,1,0.04249180327868861,0.04400000000000048
vehicle_014_session_01027,vehicle_014,1027,train,119.12570269808745,46.4,335.2,336.8,339.6,344.6,-62.12132196721313,18.704918032786885,7,0.03875409836065574,0.04700000000000015
vehicle_014_session_01028,vehicle_014,1028,train,119.82888777281742,70.8,358.2,358.8,362.2,366.4,-70.21476557377049,25.0,0,0.04363934426229514,0.04500000000000082
vehicle_014_session_01029,vehicle_014,1029,train,120.81903315631804,42.8,333.6,335.0,338.0,342.1,-70.98360491803278,26.65573770491803,1,0.038737704918032786,0.04500000000000037
vehicle_014_session_01030,vehicle_014,1030,train,120.61973832070707,63.6,351.8,352.7,355.8,360.0,-70.99016295081968,29.0,0,0.04181967213114755,0.04300000000000015
vehicle_014_session_01031,vehicle_014,1031,train,117.12591791142559,28.8,330.0,330.3,331.3,332.5,-50.50655803278689,19.081967213114755,1,0.024213114754098358,0.026000000000000245
vehicle_014_session_01032,vehicle_014,1032,train,113.65290657150209,50.0,340.0,340.5,343.2,346.4,-50.5,22.065573770491802,1,0.03619672131147548,0.039000000000000146
vehicle_014_session_01033,vehicle_014,1033,train,119.01557053755138,71.6,357.7,358.2,360.7,363.6,-50.511476557377044,23.950819672131146,1,0.03449180327868848,0.03600000000000003
vehicle_014_session_01034,vehicle_014,1034,train,118.68181767676766,58.0,346.6,347.2,349.6,352.5,-49.99508147540983,30.0,0,0.03463934426229506,0.03600000000000003
vehicle_014_session_01035,vehicle_014,1035,train,117.28459426440327,27.6,329.2,329.4,330.8,332.2,-49.08852590163935,24.59016393442623,5,0.024688524590163973,0.027000000000000135
vehicle_014_session_01036,vehicle_014,1036,train,118.75694097222222,68.8,355.5,356.0,358.3,361.4,-50.99508147540983,28.0,0,0.037213114754098324,0.039000000000000146
vehicle_014_session_01037,vehicle_014,1037,train,120.9423352564103,64.8,353.0,353.8,356.9,361.1,-69.73443983606556,24.59016393442623,1,0.042475409836065584,0.04400000000000004
vehicle_014_session_01038,vehicle_014,1038,train,116.21529082854407,30.4,329.9,331.1,333.0,335.0,-69.80001213114754,22.0,2,0.031344262295081984,0.03400000000000025
vehicle_014_session_01039,vehicle_014,1039,train,118.84593503289473,53.6,343.8,344.7,348.0,352.1,-69.88360278688525,24.918032786885245,1,0.04131147540983608,0.04400000000000004
vehicle_014_session_01040,vehicle_014,1040,train,119.8269485229277,62.8,352.1,352.7,356.0,360.2,-70.5311506557377,24.737704918032787,1,0.04268852459016393,0.04499999999999993
vehicle_014_session_01041,vehicle_014,1041,train,115.63971567841887,36.0,331.9,332.2,333.3,334.6,-45.100010000000005,23.0,0,0.024295081967213132,0.026000000000000245
vehicle_014_session_01042,vehicle_014,1042,train,117.90852287581698,56.8,344.9,345.5,347.7,350.3,-45.100010000000005,25.524590163934427,1,0.0325245901639344,0.03500000000000014
vehicle_014_session_01043,vehicle_014,1043,train,120.73885928961752,51.2,340.3,341.3,345.2,349.6,-70.2918119672131,26.459016393442624,1,0.043885245901639384,0.04700000000000015
vehicle_014_session_01044,vehicle_014,1044,train,117.1037461371528,29.6,331.6,331.9,333.2,335.0,-70.28689409836066,24.540983606557376,1,0.031655737704918044,0.03399999999999981
vehicle_014_session_01045,vehicle_014,1045,train,118.98285835375817,62.0,350.7,351.4,354.7,358.6,-70.25082754098361,28.721311475409838,1,0.040918032786885265,0.042999999999999705
vehicle_014_session_01046,vehicle_014,1046,train,120.991658604049,70.4,357.1,358.0,361.4,365.8,-70.0934513114754,27.704918032786885,1,0.04362295081967219,0.04600000000000026
vehicle_014_session_01047,vehicle_014,1047,train,116.34965398550725,30.0,328.6,330.8,332.7,334.7,-69.76558344262295,26.18032786885246,2,0.031213114754098374,0.03400000000000025
vehicle_014_session_01048,vehicle_014,1048,train,118.60564427997078,57.6,347.2,348.0,351.3,355.2,-70.12459950819672,29.75409836065574,1,0.040622950819672154,0.04200000000000026
vehicle_014_session_01049,vehicle_014,1049,train,118.78206623931622,22.4,327.7,328.9,330.5,331.9,-70.57869639344263,27.278688524590162,1,0.030721311475409883,0.03200000000000003
vehicle_014_session_01050,vehicle_014,1050,train,116.53785869565222,43.2,336.3,336.8,339.1,343.0,-70.6032886885246,29.770491803278688,2,0.039655737704918,0.04600000000000026
vehicle_014_session_01051,vehicle_014,1051,train,123.14910259856636,71.2,357.2,358.2,361.4,365.7,-70.61148540983606,32.0,0,0.0428524590163934,0.04400000000000048
vehicle_014_session_01052,vehicle_014,1052,train,117.59042901613678,16.8,325.5,326.79999999999995,328.6,329.7,-60.146675999999985,28.96,1,0.028573333333333326,0.03200000000000003
vehicle_014_session_01053,vehicle_014,1053,train,120.22539347484278,54.8,341.6,342.2,344.7,347.7,-45.200010000000006,30.0,0,0.03636065573770493,0.039000000000000146
vehicle_014_session_01054,vehicle_014,1054,train,122.67364199681245,73.2,359.6,360.3,363.8,368.2,-70.31476967213115,25.459016393442624,1,0.04191803278688519,0.04300000000000015
vehicle_014_session_01055,vehicle_014,1055,train,120.60210222751886,50.8,337.5,339.75,344.35,349.1,-70.32106578947366,27.973684210526315,2,0.0439078947368421,0.04800000000000004
vehicle_014_session_01056,vehicle_014,1056,train,117.21865272671567,28.4,331.6,331.7,333.0,334.7,-70.00328163934428,28.491803278688526,1,0.03227868852459018,0.03400000000000025
vehicle_014_session_01057,vehicle_014,1057,train,117.70051398669797,56.0,346.0,346.8,350.2,354.1,-69.95410229508197,31.9672131147541,1,0.04172131147540985,0.04400000000000004
vehicle_014_session_01058,vehicle_014,1058,train,116.85899990942028,26.4,330.0,330.5,331.7,333.5,-70.0311506557377,25.688524590163933,1,0.032180327868852505,0.03500000000000014
vehicle_014_session_01059,vehicle_014,1059,train,120.40556465277776,72.4,358.9,359.9,363.2,367.4,-70.00983704918032,30.0,0,0.04436065573770493,0.04600000000000026
vehicle_014_session_01060,vehicle_014,1060,train,120.53341107925588,52.0,338.6,340.75,345.6,350.0,-69.63600853333332,22.493333333333332,1,0.044039999999999996,0.04800000000000004
vehicle_014_session_01061,vehicle_014,1061,train,117.50239750992067,28.8,329.4,330.8,332.4,334.2,-70.16066573770493,24.59016393442623,1,0.03129508196721315,0.03300000000000036
vehicle_014_session_01062,vehicle_014,1062,train,118.79029305555558,56.8,346.3,347.2,350.3,354.4,-70.0983693442623,28.0,0,0.041344262295081945,0.04300000000000015
vehicle_014_session_01063,vehicle_014,1063,train,119.51228360042734,60.4,348.6,349.6,352.7,356.9,-69.41146786885245,25.442622950819672,1,0.04083606557377051,0.04200000000000026
vehicle_014_session_01064,vehicle_014,1064,train,123.03265354166668,75.2,361.3,362.1,365.5,369.9,-70.64591163934425,27.0,0,0.041540983606557357,0.04300000000000015
vehicle_014_session_01065,vehicle_014,1065,train,118.40745143123311,27.2,330.5,330.8,332.2,333.9,-70.3082055737705,26.59016393442623,1,0.030737704918032793,0.03299999999999992
vehicle_014_session_01066,vehicle_014,1066,train,119.93960145833333,60.4,349.6,350.3,353.6,357.5,-70.22624081967213,31.0,0,0.04024590163934428,0.04200000000000026
vehicle_014_session_01067,vehicle_014,1067,train,120.83670178091397,48.4,336.4,338.3,342.4,347.2,-70.09672983606558,27.262295081967213,1,0.044229508196721334,0.04800000000000004
vehicle_014_session_01068,vehicle_014,1068,train,119.75173958333333,51.2,340.8,341.8,345.3,349.7,-70.31804737704918,28.131147540983605,2,0.0434590163934426,0.04599999999999982
vehicle_014_session_01069,vehicle_014,1069,train,120.38736173377407,14.4,324.6,325.95000000000005,328.55,330.0,-69.99210855263158,27.5,1,0.03302631578947367,0.03699999999999992
vehicle_014_session_01070,vehicle_014,1070,train,119.10994231934002,31.6,330.0,331.35,333.2,335.3,-70.03684592105263,27.55263157894737,1,0.03193421052631581,0.03600000000000003
vehicle_014_session_01071,vehicle_014,1071,train,115.19607843137256,38.4,332.8,333.0,334.1,335.7,-45.0,29.81967213114754,1,0.025655737704918045,0.028000000000000025
vehicle_014_session_01072,vehicle_014,1072,train,125.54804452777778,77.6,361.3,361.1,363.9,366.6,-43.89344262295082,32.0,0,0.034688524590164,0.03700000000000081
vehicle_014_session_01073,vehicle_014,1073,train,121.393764375,68.0,353.6,354.1,356.1,358.8,-45.03115065573771,30.0,0,0.0343770491803279,0.03600000000000003
vehicle_014_session_01074,vehicle_014,1074,train,121.57227332899306,14.0,324.2,325.5,328.2,329.9,-70.03607081967213,30.0,0,0.03331147540983607,0.03600000000000003
vehicle_014_session_01075,vehicle_014,1075,train,118.17082161458337,40.0,334.9,335.2,337.2,340.2,-70.00656180327869,32.967213114754095,2,0.03585245901639339,0.040000000000000036
vehicle_014_session_01076,vehicle_014,1076,train,121.22480734767029,68.8,355.8,356.6,359.7,363.9,-70.02623491803277,35.49180327868852,1,0.04165573770491804,0.04300000000000015
vehicle_014_session_01077,vehicle_014,1077,train,116.38823659722225,41.2,334.6,334.9,336.0,337.7,-44.80002000000002,29.0,0,0.026213114754098335,0.029999999999999805
vehicle_014_session_01078,vehicle_014,1078,train,119.71803347222222,61.2,348.8,349.3,351.3,353.8,-44.890156885245894,31.0,0,0.031131147540983593,0.03200000000000003
vehicle_014_session_01079,vehicle_014,1079,train,122.07267033920944,72.4,357.4,358.0,360.2,362.7,-45.100010000000005,29.0,0,0.03440983606557375,0.03600000000000003
vehicle_014_session_01080,vehicle_014,1080,train,122.07517041122011,57.2,344.3,346.1,349.9,354.1,-70.07541721311476,29.39344262295082,1,0.04191803278688523,0.04500000000000037
vehicle_014_session_01081,vehicle_014,1081,train,117.32276064814816,60.0,347.2,349.5,353.2,357.2,-69.95789736842104,25.75,1,0.040921052631578955,0.04200000000000026
vehicle_014_session_01082,vehicle_014,1082,train,120.24189595103581,64.0,350.5,352.2,355.8,360.2,-70.59180934426229,26.37704918032787,1,0.0420655737704918,0.04400000000000048
vehicle_014_session_01083,vehicle_014,1083,train,120.42173207070705,29.2,329.9,330.8,332.2,334.2,-70.13443540983609,23.9672131147541,2,0.03232786885245904,0.03400000000000025
vehicle_014_session_01084,vehicle_014,1084,train,121.84734277343753,64.0,352.4,353.0,356.3,360.3,-70.12459819672131,28.0,0,0.04288524590163938,0.04400000000000048
vehicle_014_session_01085,vehicle_014,1085,train,120.81340941660267,10.8,323.9,325.1,327.8,329.6,-70.21185131578947,25.0,0,0.03668421052631577,0.040000000000000036
vehicle_014_session_01086,vehicle_014,1086,train,120.27774715800989,40.4,333.5,335.1,338.0,341.6,-70.1466752,17.186666666666667,2,0.03653333333333333,0.04300000000000015
vehicle_014_session_01087,vehicle_014,1087,train,120.23379773655677,22.8,327.4,328.55,329.9,331.3,-60.080268815789466,24.13157894736842,1,0.025013157894736845,0.02699999999999969
vehicle_014_session_01088,vehicle_014,1088,train,120.23088584307992,69.2,356.1,356.6,359.3,362.5,-56.30492442622951,28.0,0,0.03301639344262292,0.0349999999999997
vehicle_014_session_01089,vehicle_014,1089,train,122.31631854838713,68.0,353.9,354.4,356.1,358.3,-39.86065754098361,28.0,0,0.025934426229508246,0.027000000000000135
vehicle_014_session_01090,vehicle_014,1090,train,120.73595085069445,14.0,324.2,325.8,328.5,330.0,-71.04426721311475,28.80327868852459,1,0.03136065573770489,0.0349999999999997
vehicle_014_session_01091,vehicle_014,1091,train,118.53325029761903,38.4,334.4,334.7,336.6,339.4,-71.13607557377048,31.37704918032787,1,0.03286885245901635,0.03600000000000003
vehicle_014_session_01092,vehicle_014,1092,train,119.99441767473121,66.4,354.3,354.9,358.2,362.4,-71.11640327868852,34.0,0,0.03747540983606555,0.039000000000000146
vehicle_014_session_01093,vehicle_014,1093,train,122.82757016509431,76.0,361.9,362.8,366.3,370.8,-70.08361426229509,30.868852459016395,1,0.03977049180327873,0.0420000000000007
vehicle_014_session_01094,vehicle_014,1094,train,122.50632405112552,51.2,340.3,341.20000000000005,345.1,349.4,-69.98400160000001,27.76,1,0.03878666666666664,0.041999999999999815
vehicle_014_session_01095,vehicle_014,1095,train,119.79821123603764,22.0,328.2,329.2,330.75,332.2,-69.9789457894737,27.31578947368421,1,0.029381578947368456,0.03100000000000014
vehicle_014_session_01096,vehicle_014,1096,train,122.39474672256098,64.8,350.7,352.45,355.5,358.9,-60.15658749999999,29.94736842105263,1,0.033342105263157895,0.03500000000000014
vehicle_014_session_01097,vehicle_014,1097,train,121.649565233984,53.2,339.9,341.8,345.75,349.6,-60.086671999999986,28.573333333333334,1,0.03633333333333332,0.040000000000000036
vehicle_014_session_01098,vehicle_014,1098,train,119.30856525383142,26.0,328.5,329.6,331.1,332.8,-70.18033786885246,29.80327868852459,1,0.029163934426229523,0.03100000000000014
vehicle_014_session_01099,vehicle_014,1099,train,119.23795275950299,49.2,339.6,340.3,343.6,347.8,-70.16394213114754,32.67213114754098,1,0.03829508196721309,0.040999999999999925
vehicle_014_session_01100,vehicle_014,1100,train,121.34448583201478,34.4,331.0,331.9,333.85,336.4,-70.17237894736843,28.31578947368421,1,0.03215789473684215,0.03500000000000014
vehicle_014_session_01101,vehicle_014,1101,train,118.30020653021447,3.6,320.7,322.45,325.25,327.7,-70.14606131578948,27.92105263157895,1,0.03165789473684208,0.03400000000000025
vehicle_014_session_01102,vehicle_014,1102,train,119.37019801311733,44.8,336.6,337.2,339.7,343.9,-70.71148655737703,30.21311475409836,1,0.03683606557377048,0.040999999999999925
vehicle_014_session_01103,vehicle_014,1103,train,123.50994570162837,74.0,359.9,360.8,364.3,368.6,-70.76067180327868,32.0,0,0.03844262295081966,0.040000000000000036
vehicle_014_session_01104,vehicle_014,1104,train,120.78435907438481,38.0,331.6,332.6,334.6,337.1,-59.94342210526315,26.907894736842106,1,0.028723684210526283,0.03200000000000003
vehicle_014_session_01105,vehicle_014,1105,train,118.40888722017976,21.6,327.5,328.9,330.4,331.9,-69.9026676,31.36,1,0.029400000000000013,0.03100000000000014
vehicle_014_session_01106,vehicle_014,1106,train,119.38546672222222,23.6,329.4,330.75,332.4,334.6,-88.88948039473684,26.039473684210527,2,0.03514473684210529,0.03799999999999981
vehicle_014_session_01107,vehicle_014,1107,train,118.00694884259256,36.4,333.8,334.1,335.8,338.5,-70.02295311475409,27.59016393442623,1,0.03177049180327866,0.0349999999999997
vehicle_014_session_01108,vehicle_014,1108,train,121.72475557832425,50.0,337.2,338.9,343.3,348.3,-70.80657475409835,25.704918032786885,1,0.039885245901639325,0.04300000000000015
vehicle_014_session_01109,vehicle_014,1109,train,124.07166252436652,74.8,361.0,361.9,365.2,369.7,-70.81804737704918,27.459016393442624,1,0.03955737704918033,0.04100000000000037
vehicle_014_session_01110,vehicle_014,1110,train,120.55918542703154,44.8,335.8,336.6,339.9,344.4,-70.78688852459017,21.688524590163933,1,0.03665573770491802,0.04100000000000037
vehicle_014_session_01111,vehicle_014,1111,train,121.53680743055557,72.0,359.1,360.0,363.5,367.8,-71.06558032786887,24.360655737704917,1,0.03757377049180319,0.040000000000000036
vehicle_014_session_01112,vehicle_014,1112,train,122.4463345679013,72.4,357.2,358.95000000000005,362.75,367.4,-70.10395421052631,26.486842105263158,1,0.0371710526315789,0.03900000000000059
vehicle_014_session_01113,vehicle_014,1113,train,123.00435004546962,64.0,349.6,351.6,355.25,359.4,-70.04868776315789,26.30263157894737,1,0.03713157894736846,0.039000000000000146
vehicle_014_session_01114,vehicle_014,1114,train,120.18700877976188,38.4,333.0,333.6,335.5,338.3,-70.07869639344263,28.37704918032787,1,0.032573770491803246,0.03600000000000003
vehicle_014_session_01115,vehicle_014,1115,train,120.68307177823318,66.4,353.6,354.4,357.7,361.8,-70.02295311475409,31.0,0,0.037819672131147494,0.03999999999999959
vehicle_014_session_01116,vehicle_014,1116,train,118.99726083333333,27.2,329.6,329.7,330.5,331.7,-49.80002000000002,22.360655737704917,1,0.022524590163934436,0.02400000000000002
vehicle_014_session_01117,vehicle_014,1117,train,117.02839704861115,47.2,337.7,338.0,340.0,343.2,-49.801658852459035,24.852459016393443,1,0.03063934426229507,0.03400000000000025
vehicle_014_session_01118,vehicle_014,1118,train,123.27716218434344,71.6,357.2,357.8,360.2,363.0,-49.84590786885247,26.360655737704917,1,0.030901639344262263,0.03200000000000003
vehicle_014_session_01119,vehicle_014,1119,train,120.6517232905983,7.6,322.8,323.8,326.4,328.6,-70.19509131147544,25.0,0,0.03173770491803279,0.03400000000000025
vehicle_014_session_01120,vehicle_014,1120,train,119.48503941197696,34.0,333.0,333.3,334.7,336.9,-70.09180901639344,27.37704918032787,1,0.031327868852459015,0.03399999999999981
vehicle_014_session_01121,vehicle_014,1121,train,121.00091867954907,64.8,353.2,353.9,357.1,361.1,-70.11148262295082,31.0,0,0.037557377049180336,0.040000000000000036
vehicle_014_session_01122,vehicle_014,1122,train,121.27634805812758,47.6,336.3,337.8,341.8,346.8,-70.90490852459017,28.40983606557377,1,0.0402786885245902,0.04400000000000004
vehicle_014_session_01123,vehicle_014,1123,train,115.81756737012988,30.8,332.4,332.8,334.2,336.3,-70.17705934426229,22.459016393442624,1,0.03149180327868852,0.03500000000000014
vehicle_014_session_01124,vehicle_014,1124,train,120.50199642857147,61.6,351.6,352.4,355.5,359.6,-70.18033590163935,26.19672131147541,1,0.03785245901639347,0.039000000000000146
vehicle_014_session_01125,vehicle_014,1125,train,118.12185347222227,22.8,328.2,329.6,331.1,332.8,-70.32623704918032,22.65573770491803,1,0.028754098360655744,0.03000000000000025
vehicle_014_session_01126,vehicle_014,1126,train,115.95683794642859,44.8,338.2,338.8,341.6,346.0,-70.37704803278689,25.918032786885245,2,0.03675409836065576,0.040000000000000036
vehicle_014_session_01127,vehicle_014,1127,train,120.35811737472766,72.8,360.5,361.3,364.7,369.1,-70.45245426229508,28.19672131147541,1,0.037426229508196705,0.03900000000000059
vehicle_014_session_01128,vehicle_014,1128,train,120.78766442386832,36.8,331.1,332.5,334.69998,337.4,-70.1434287368421,28.18421052631579,2,0.032052623684210524,0.03600000000000003
vehicle_014_session_01129,vehicle_014,1129,train,120.72034569209042,70.0,356.8,357.5,361.0,365.3,-70.50983704918033,30.60655737704918,1,0.039065573770491774,0.04100000000000037
vehicle_014_session_01130,vehicle_014,1130,train,119.90976300505054,21.6,325.3,327.8,329.1,330.2,-49.273780655737724,24.81967213114754,1,0.02201639344262298,0.02300000000000013
vehicle_014_session_01131,vehicle_014,1131,train,116.89171361111111,44.0,336.0,336.3,338.0,340.7,-49.80002000000002,27.57377049180328,1,0.02857377049180321,0.03200000000000003
vehicle_014_session_01132,vehicle_014,1132,train,121.06461704980845,40.0,331.9,333.0,335.1,337.7,-60.05921421052631,24.32894736842105,1,0.028986842105263155,0.03200000000000003
vehicle_014_session_01133,vehicle_014,1133,train,119.49797564621915,34.4,332.7,333.0,334.6,336.8,-70.43114655737705,30.639344262295083,1,0.03173770491803282,0.03400000000000025
vehicle_014_session_01134,vehicle_014,1134,train,120.4623192515432,63.6,351.6,352.4,355.5,359.6,-70.4540957377049,34.0,0,0.0378524590163935,0.039000000000000146
vehicle_014_session_01135,vehicle_014,1135,train,121.55570855429295,6.8,321.4,322.75,325.5,328.0,-70.19606381578947,28.0,0,0.03293421052631578,0.0349999999999997
vehicle_014_session_01136,vehicle_014,1136,train,120.4907270833334,47.6,338.0,338.6,341.8,346.3,-69.39671229508195,29.18032786885246,1,0.03886885245901643,0.04200000000000026
vehicle_014_session_01137,vehicle_014,1137,train,118.97270143518519,33.2,332.2,332.4,333.9,336.0,-70.23607540983608,28.721311475409838,1,0.03149180327868856,0.03400000000000025
vehicle_014_session_01138,vehicle_014,1138,train,121.2009968852124,63.2,351.1,351.9,355.0,359.1,-70.23115737704917,32.22950819672131,1,0.03819672131147544,0.04000000000000048
vehicle_014_session_01139,vehicle_014,1139,train,118.58118139982878,24.8,328.5,329.65,331.05,332.7,-70.188165,29.855263157894736,1,0.029723684210526343,0.03200000000000003
vehicle_014_session_01140,vehicle_014,1140,train,119.63425220540366,35.2,330.5,332.1,334.1,336.6,-69.94605236842105,26.144736842105264,2,0.0307763157894737,0.03400000000000025
vehicle_014_session_01141,vehicle_014,1141,train,116.97030950435732,39.6,333.3,333.5,334.7,336.1,-44.98032590163934,31.049180327868854,1,0.023622950819672157,0.0259999999999998
vehicle_014_session_01142,vehicle_014,1142,train,118.0928528508772,32.8,332.5,332.8,334.2,336.4,-71.13607557377051,30.327868852459016,1,0.031032786885245904,0.03399999999999981
vehicle_014_session_01143,vehicle_014,1143,train,122.04938598090281,59.6,345.8,347.9,351.70000000000005,355.7,-70.24668133333333,32.08,1,0.03733333333333335,0.039000000000000146
vehicle_014_session_01144,vehicle_014,1144,train,120.04631041666669,65.2,352.4,353.0,356.4,360.5,-70.1983693442623,32.0,0,0.03837704918032789,0.04099999999999948
vehicle_014_session_01145,vehicle_014,1145,train,120.55047046296299,59.2,346.6,348.0,351.70000000000005,355.7,-69.94667120000001,32.4,1,0.03757333333333335,0.040000000000000036
vehicle_014_session_01146,vehicle_014,1146,train,121.47718307589292,57.600002,344.3,346.20000000000005,349.95,354.3,-70.16448231578946,32.30263157894737,1,0.036907885526315784,0.040000000000000036
vehicle_014_session_01147,vehicle_014,1147,train,120.19259115395248,17.2,326.1,327.4,329.19998,330.69998,-70.13421784210524,30.05263157894737,1,0.03128948421052633,0.03600000000000003
vehicle_014_session_01148,vehicle_014,1148,train,119.54165502136753,21.6,329.6,329.7,330.8,332.1,-69.92786163934426,29.016393442622952,1,0.02913114754098364,0.03100000000000014
vehicle_014_session_01149,vehicle_014,1149,train,116.9776895539906,48.0,339.6,340.2,343.3,347.7,-69.91802459016394,32.47540983606557,1,0.037754098360655734,0.040000000000000036
vehicle_014_session_01150,vehicle_014,1150,train,123.47420119234808,76.4,362.7,363.5,366.9,371.3,-69.99508147540983,34.14754098360656,1,0.03849180327868845,0.040000000000000036
vehicle_014_session_01151,vehicle_014,1151,train,121.4438000187688,57.2,346.1,346.9,350.2,354.3,-69.56230131147542,31.016393442622952,1,0.036672131147541,0.038000000000000256
vehicle_014_session_01152,vehicle_014,1152,train,118.41119575968015,25.6,328.8,329.7,331.3,332.8,-70.24427491803279,30.672131147540984,1,0.02960655737704921,0.03200000000000003
vehicle_014_session_01153,vehicle_014,1153,train,119.46675471230157,52.4,342.2,343.0,346.6,350.8,-70.39507344262293,33.83606557377049,1,0.03832786885245903,0.04100000000000037
vehicle_014_session_01154,vehicle_014,1154,train,121.05345777304295,9.6,321.7,323.25,325.75,328.0,-60.196063026315784,27.86842105263158,1,0.029302631578947348,0.03200000000000003
vehicle_014_session_01155,vehicle_014,1155,train,116.84564556623931,34.4,331.6,331.7,332.7,333.9,-45.100010000000005,32.40983606557377,1,0.02226229508196725,0.02400000000000002
vehicle_014_session_01156,vehicle_014,1156,train,119.98506707102675,52.0,339.3,341.0,345.8,350.5,-74.2672206557377,31.147540983606557,2,0.040868852459016405,0.04400000000000004
vehicle_014_session_01157,vehicle_014,1157,train,115.59269960455248,40.8,335.3,335.8,338.0,341.3,-70.09180967213116,32.57377049180328,1,0.033885245901639306,0.03799999999999981
vehicle_014_session_01158,vehicle_014,1158,train,121.35588439207648,69.6,356.8,357.5,360.7,364.9,-70.09016967213114,35.0,0,0.03688524590163935,0.038000000000000256
vehicle_014_session_01159,vehicle_014,1159,train,117.63931845238098,32.0,332.1,332.4,333.5,335.7,-70.10001000000001,34.0655737704918,2,0.031163934426229542,0.03299999999999992
vehicle_014_session_01160,vehicle_014,1160,train,120.75522574869791,65.6,353.0,353.8,356.9,361.1,-70.1016493442623,37.9344262295082,1,0.0379344262295082,0.040000000000000036
vehicle_014_session_01161,vehicle_014,1161,train,121.28313258547009,56.0,343.6,344.6,347.4,351.0,-60.08853344262295,36.0,0,0.03454098360655735,0.037000000000000366
vehicle_014_session_01162,vehicle_014,1162,train,117.74425419207314,26.4,328.3,329.2,330.5,332.1,-61.163941147540974,33.0,0,0.026573770491803324,0.02900000000000036
vehicle_014_session_01163,vehicle_014,1163,train,118.34428099279839,59.2,347.1,347.7,350.5,353.6,-57.66886049180329,36.0,0,0.03368852459016393,0.03500000000000014
vehicle_014_session_01164,vehicle_014,1164,train,120.48317753309095,34.8,330.7,331.9,333.85,336.4,-70.30659434210526,33.55263157894737,1,0.03175,0.03400000000000025
vehicle_014_session_01165,vehicle_014,1165,train,120.25730389957268,30.0,329.4,330.8,332.5,334.6,-69.56579605263158,24.026315789473685,2,0.030776315789473718,0.03300000000000036
vehicle_014_session_01166,vehicle_014,1166,train,121.4000150908119,55.2,343.8,345.0,348.8,353.0,-69.8213250819672,24.62295081967213,1,0.03973770491803278,0.04400000000000004
vehicle_014_session_01167,vehicle_014,1167,train,119.86788969717672,24.4,328.5,329.6,331.1,332.7,-69.27896210526315,24.710526315789473,1,0.028973684210526332,0.03100000000000014
vehicle_014_session_01168,vehicle_014,1168,train,117.64386268939394,27.2,331.0,331.3,332.4,334.1,-70.16558311475411,26.311475409836067,1,0.0301639344262295,0.03299999999999992
vehicle_014_session_01169,vehicle_014,1169,train,118.56799988799284,58.0,347.7,348.5,351.8,355.7,-70.11476196721311,30.147540983606557,1,0.03744262295081967,0.039000000000000146
vehicle_014_session_01170,vehicle_014,1170,train,120.32017396854579,52.4,337.8,341.6,346.6,351.4,-73.66886098360655,26.721311475409838,1,0.04216393442622952,0.04600000000000026
vehicle_014_session_01171,vehicle_014,1171,train,120.73316621129327,50.0,338.0,339.7,344.3,348.9,-70.27705704918033,24.21311475409836,2,0.03991803278688527,0.04300000000000015
vehicle_014_session_01172,vehicle_014,1172,train,120.8155969497187,65.6,353.6,354.3,357.5,361.6,-70.15246901639344,31.0,0,0.03809836065573769,0.040000000000000036
vehicle_014_session_01173,vehicle_014,1173,train,120.52208562748015,24.0,329.1,329.2,329.9,331.0,-50.452463114754096,28.0,0,0.022524590163934422,0.025000000000000355
vehicle_014_session_01174,vehicle_014,1174,train,119.19352312631028,7.2,321.7,322.8,325.5,328.0,-69.97376786885246,32.0,0,0.031491803278688446,0.03299999999999992
vehicle_014_session_01175,vehicle_014,1175,train,118.3609279736467,28.4,331.1,331.3,332.5,334.1,-69.97540737704918,33.47540983606557,1,0.029655737704918042,0.03100000000000014
vehicle_014_session_01176,vehicle_014,1176,train,121.46751848447717,59.6,348.2,348.9,352.1,356.0,-69.97212836065573,37.0,0,0.03673770491803279,0.038000000000000256
vehicle_014_session_01177,vehicle_014,1177,train,120.1129046744792,59.6,347.5,348.5,351.9,356.0,-70.20328770491804,30.721311475409838,1,0.03716393442622953,0.038000000000000256
vehicle_014_session_01178,vehicle_014,1178,train,120.32783200571893,57.2,345.8,346.8,350.2,354.1,-70.13607409836065,33.868852459016395,1,0.03783606557377046,0.040000000000000036
vehicle_014_session_01179,vehicle_014,1179,train,120.45994917471815,50.8,340.3,341.0,344.6,348.8,-69.99836344262295,32.377049180327866,1,0.039557377049180324,0.04200000000000026
vehicle_014_session_01180,vehicle_014,1180,train,119.7797996619152,48.0,337.8,338.6,341.9,346.4,-70.10656409836065,34.98360655737705,1,0.038590163934426255,0.04200000000000026
vehicle_014_session_01181,vehicle_014,1181,train,119.0238423499104,33.6,330.2,331.6,333.3,335.5,-69.92786163934426,30.60655737704918,1,0.030377049180327888,0.03299999999999992
vehicle_014_session_01182,vehicle_014,1182,train,120.36187969483568,58.4,346.9,347.7,351.0,354.9,-69.90326901639344,33.63934426229508,1,0.03659016393442622,0.03799999999999981
vehicle_014_session_01183,vehicle_014,1183,train,119.87579372065731,18.4,328.3,328.6,329.7,331.1,-70.8393524590164,33.31147540983606,1,0.03034426229508198,0.03299999999999992
vehicle_014_session_01184,vehicle_014,1184,train,118.36756099033822,47.2,338.3,338.9,341.8,346.0,-70.85410213114754,36.68852459016394,1,0.038081967213114784,0.04100000000000037
vehicle_014_session_01185,vehicle_014,1185,train,124.92813322368423,74.8,360.5,361.4,364.7,369.1,-70.86065754098361,38.9344262295082,1,0.03934426229508199,0.04100000000000037
vehicle_014_session_01186,vehicle_014,1186,train,119.80291981431162,24.0,328.5,329.5,331.0,332.5,-69.9306656,29.14666666666667,2,0.029160000000000023,0.03100000000000014
vehicle_014_session_01187,vehicle_014,1187,train,122.29903991161619,53.6,338.8,339.95,343.0,346.0,-43.993343333333335,33.78666666666667,1,0.03184000000000004,0.03400000000000025
vehicle_014_session_01188,vehicle_014,1188,train,119.99521273318358,11.2,322.7,324.15,327.0,329.1,-70.14079763157893,34.89473684210526,1,0.03186842105263157,0.03400000000000025
vehicle_014_session_01189,vehicle_014,1189,train,121.4873488756614,38.8,332.4,333.1125,335.3,338.3,-70.06800573333332,33.10666666666667,1,0.03299999999999997,0.03699999999999992
vehicle_014_session_01190,vehicle_014,1190,train,119.46144367822781,26.0,328.8,330.1,331.6375,333.5,-69.95466666666667,28.906666666666666,1,0.029733333333333358,0.03200000000000003
vehicle_014_session_01191,vehicle_014,1191,train,120.25809862147597,63.2,351.3,352.1,355.3,359.3,-70.14591,32.40983606557377,1,0.038672131147541,0.040999999999999925
vehicle_014_session_01192,vehicle_014,1192,train,121.26202823383089,41.2,331.9,332.6,334.2,336.1,-45.0,30.293333333333333,1,0.02433333333333335,0.026000000000000245
vehicle_014_session_01193,vehicle_014,1193,train,120.14944270833338,64.4,351.3,351.9,354.6,357.8,-57.00492393442623,35.0,0,0.033442622950819706,0.03500000000000014
vehicle_014_session_01194,vehicle_014,1194,train,120.25417350742447,11.2,323.6,324.9,327.59999,329.4,-70.11974342105262,26.986842105263158,1,0.03272369736842103,0.03500000000000014
vehicle_014_session_01195,vehicle_014,1195,train,120.79489509175468,9.2,321.9,323.85,326.65,328.9,-70.02631973684211,25.93421052631579,1,0.03398684210526316,0.03600000000000003
vehicle_014_session_01196,vehicle_014,1196,train,119.6955966832504,20.4,326.4,327.8,329.4,330.5,-61.20656131147541,27.229508196721312,1,0.02650819672131149,0.028000000000000025
vehicle_014_session_01197,vehicle_014,1197,train,116.16398978494627,47.2,338.2,338.6,341.1,344.7,-58.89508639344262,30.442622950819672,1,0.03480327868852461,0.038000000000000256
vehicle_014_session_01198,vehicle_014,1198,train,121.8825068763617,72.4,358.0,358.6,361.3,364.6,-55.754102786885255,32.0,0,0.033786885245901566,0.03500000000000014
vehicle_014_session_01199,vehicle_014,1199,train,117.44307863343259,53.2,341.1,341.6,343.8,346.3,-39.99672098360655,28.21311475409836,1,0.030245901639344295,0.03200000000000003
vehicle_014_session_01200,vehicle_014,1200,train,121.38199472680101,61.2,349.1,350.9,354.35,358.5,-70.04210934210526,27.82894736842105,1,0.03744736842105265,0.039000000000000146
vehicle_014_session_01201,vehicle_014,1201,train,122.07541920366994,42.8,333.3,334.9,337.75,341.8,-70.67106355263158,28.210526315789473,2,0.03564473684210524,0.040999999999999925
vehicle_014_session_01202,vehicle_014,1202,train,119.54297731697821,9.2,322.5,323.70000000000005,326.5,328.8,-70.45333373333334,31.653333333333332,1,0.03187999999999998,0.03399999999999981
vehicle_014_session_01203,vehicle_014,1203,train,120.27778397147145,47.6,337.8,338.5,341.4,346.0,-70.05082459016394,33.80327868852459,1,0.03908196721311477,0.04200000000000026
vehicle_014_session_01204,vehicle_014,1204,train,125.11461069444445,77.6,362.8,363.8,367.1,371.6,-70.03606918032789,36.0,0,0.040180327868852464,0.0420000000000007
vehicle_014_session_01205,vehicle_014,1205,train,118.38012287808641,28.4,331.0,331.1,332.4,334.1,-70.17869508196722,31.327868852459016,1,0.029983606557377075,0.03200000000000003
vehicle_014_session_01206,vehicle_014,1206,train,117.78533957326894,57.2,346.8,347.7,350.8,354.9,-70.09508901639344,34.967213114754095,1,0.0370983606557377,0.039000000000000146
vehicle_014_session_01207,vehicle_014,1207,train,118.1291409556878,38.8,334.1,334.4,336.3,339.3,-70.03442967213115,26.639344262295083,1,0.03322950819672127,0.03600000000000003
vehicle_014_session_01208,vehicle_014,1208,train,122.3837341269842,72.4,359.1,359.9,363.2,367.5,-70.0918124590164,30.475409836065573,1,0.03831147540983606,0.040000000000000036
vehicle_014_session_01209,vehicle_014,1209,train,119.35265458523595,47.6,338.5,339.1,342.4,346.9,-70.10328540983608,27.62295081967213,1,0.03873770491803282,0.04100000000000037
vehicle_014_session_01210,vehicle_014,1210,train,120.43681979166665,76.8,363.3,364.1,367.5,371.9,-70.08525213114754,30.049180327868854,1,0.03908196721311482,0.04100000000000037
vehicle_014_session_01211,vehicle_014,1211,train,121.96529154040408,65.6,351.6,353.3,356.8,361.1,-70.09836885245902,32.0,0,0.03755737704918036,0.039000000000000146
vehicle_014_session_01212,vehicle_014,1212,train,117.34422879129129,24.0,329.4,329.7,331.0,332.4,-69.92950967213113,29.311475409836067,1,0.02991803278688524,0.03200000000000003
vehicle_014_session_01213,vehicle_014,1213,train,119.50106568683412,53.6,343.2,343.9,347.4,351.6,-69.79673278688524,32.950819672131146,1,0.038983606557377024,0.04200000000000026
vehicle_014_session_01214,vehicle_014,1214,train,120.09623492063493,22.0,329.7,330.0,331.0,332.2,-69.9868893442623,30.540983606557376,1,0.029360655737704945,0.03100000000000014
vehicle_014_session_01215,vehicle_014,1215,train,119.52988920869885,50.4,341.0,341.8,345.0,349.3,-70.00492475409835,34.34426229508197,1,0.03814754098360656,0.04100000000000037
vehicle_014_session_01216,vehicle_014,1216,train,117.69472154139434,43.2,334.1,334.4,335.8,337.8,-45.02787163934426,31.0,0,0.026180327868852445,0.028999999999999915
vehicle_014_session_01217,vehicle_014,1217,train,119.02577811164528,63.6,350.2,350.7,352.7,355.2,-45.00819754098361,32.0,0,0.030049180327868876,0.03200000000000003
vehicle_014_session_01218,vehicle_014,1218,train,121.01621793981481,58.0,344.6,346.8,350.7,354.7,-70.22623934426228,29.918032786885245,1,0.03854098360655738,0.040999999999999925
vehicle_014_session_01219,vehicle_014,1219,train,120.08364226330205,46.4,337.1,337.7,340.7,345.2,-70.15738639344264,29.40983606557377,1,0.03840983606557379,0.04300000000000015
vehicle_014_session_01220,vehicle_014,1220,train,123.12709673611111,75.2,361.1,361.9,365.3,369.7,-70.1131213114754,31.934426229508198,1,0.03914754098360652,0.04100000000000037
vehicle_014_session_01221,vehicle_014,1221,train,121.30173798291828,63.2,348.5,350.75,354.6,358.9,-74.22000733333331,29.85333333333333,1,0.03974666666666668,0.04200000000000026
vehicle_014_session_01222,vehicle_014,1222,train,121.09549785879632,69.6,356.0,356.8,360.2,364.4,-70.1573831147541,29.60655737704918,1,0.038655737704918036,0.040999999999999925
vehicle_014_session_01223,vehicle_014,1223,train,118.98340923996915,50.8,340.5,341.3,344.9,349.3,-70.48196540983608,35.59016393442623,1,0.038868852459016424,0.04100000000000037
vehicle_014_session_01224,vehicle_014,1224,train,119.9359850260417,56.0,344.7,345.5,348.8,353.0,-69.9590186885246,37.73770491803279,1,0.03822950819672129,0.040999999999999925
vehicle_014_session_01225,vehicle_014,1225,train,120.14039670242846,28.0,328.9,330.1,331.6,333.5,-70.08553302631579,33.0,0,0.02986842105263163,0.03200000000000003
vehicle_014_session_01226,vehicle_014,1226,train,120.01191033311052,22.8,327.4,328.5,329.9,331.1,-59.965335466666666,33.50666666666667,1,0.025653333333333386,0.028000000000000025
vehicle_014_session_01227,vehicle_014,1227,train,122.47694742690062,59.6,346.0,347.9,351.675,355.8,-70.05867146666667,32.0,0,0.03725333333333332,0.039000000000000146
vehicle_014_session_01228,vehicle_014,1228,train,120.89112415810504,43.6,333.9,335.2,338.0,341.9,-69.94799906666667,35.82666666666667,1,0.03598666666666666,0.040999999999999925
vehicle_014_session_01229,vehicle_014,1229,train,117.85055027587518,22.4,329.7,330.0,331.0,332.4,-70.00819754098362,32.24590163934426,1,0.029704918032786905,0.03200000000000003
vehicle_014_session_01230,vehicle_014,1230,train,118.01992789502162,51.6,342.1,343.0,346.3,350.5,-69.98196540983606,35.85245901639344,1,0.03878688524590163,0.040999999999999925
vehicle_014_session_01231,vehicle_014,1231,train,121.56249455337694,68.4,354.3,354.9,357.7,361.4,-59.96229131147541,34.22950819672131,1,0.03514754098360652,0.03600000000000003
vehicle_014_session_01232,vehicle_014,1232,train,119.48798811619722,24.0,329.7,330.0,331.1,332.5,-70.21640508196721,33.721311475409834,1,0.03042622950819676,0.03200000000000003
vehicle_014_session_01233,vehicle_014,1233,train,119.44547222222221,52.8,342.4,343.3,346.8,351.0,-70.20984704918033,36.85245901639344,1,0.03986885245901637,0.04300000000000015
vehicle_014_session_01234,vehicle_014,1234,train,117.48526526826487,40.8,335.5,336.0,338.2,341.6,-70.51639508196722,29.639344262295083,1,0.035295081967213086,0.040000000000000036
vehicle_014_session_01235,vehicle_014,1235,train,121.35416892056533,70.4,357.5,358.3,361.8,366.0,-70.45901229508196,32.42622950819672,1,0.039098360655737664,0.04100000000000037
vehicle_014_session_01236,vehicle_014,1236,train,117.52801565091212,30.4,331.1,331.4,332.4,333.9,-60.319686229508214,29.491803278688526,1,0.027245901639344282,0.02900000000000036
vehicle_014_session_01237,vehicle_014,1237,train,120.47653408119662,57.2,345.8,346.6,349.6,353.0,-60.301658852459035,32.90163934426229,1,0.03498360655737705,0.03600000000000003
vehicle_014_session_01238,vehicle_014,1238,train,119.87349129194175,45.2,334.7,336.35,339.7,344.3,-70.01333439999999,25.053333333333335,2,0.03718666666666667,0.04300000000000015
vehicle_014_session_01239,vehicle_014,1239,train,118.54070559467921,20.4,328.2,328.9,330.3,331.7,-69.64591163934428,26.737704918032787,1,0.029573770491803313,0.03100000000000014
vehicle_014_session_01240,vehicle_014,1240,train,117.32380156250002,49.2,340.5,341.3,344.6,348.9,-69.65902639344262,30.557377049180328,1,0.03901639344262294,0.04100000000000037
vehicle_014_session_01241,vehicle_014,1241,train,119.1512497916667,28.0,328.5,329.29999999999995,330.5,331.4,-45.37467213333335,25.0,0,0.02142666666666667,0.02400000000000002
vehicle_014_session_01242,vehicle_014,1242,train,118.04969620726496,58.8,347.4,348.2,351.6,355.7,-70.79346196721312,36.80327868852459,1,0.038819672131147544,0.040000000000000036
vehicle_014_session_01243,vehicle_014,1243,train,119.22771499749,57.2,343.6,345.6125,349.6375,353.8,-70.16934293333333,33.906666666666666,1,0.03817333333333336,0.04100000000000037
vehicle_014_session_01244,vehicle_014,1244,train,115.86099582047326,40.4,334.7,335.0,337.1,340.2,-69.84263016393443,37.52459016393443,1,0.034278688524590144,0.037000000000000366
vehicle_014_session_01245,vehicle_014,1245,train,116.30443703078076,36.8,333.3,333.6,335.3,337.8,-70.0147586885246,34.73770491803279,1,0.03275409836065574,0.03500000000000014
vehicle_014_session_01246,vehicle_014,1246,train,120.08416596045194,66.8,353.5,354.1,357.2,361.4,-69.99508786885245,37.80327868852459,1,0.038885245901639325,0.04000000000000048
vehicle_014_session_01247,vehicle_014,1247,train,116.9474359266493,36.8,333.8,334.2,336.0,338.5,-69.89508459016392,34.36065573770492,1,0.03275409836065572,0.03500000000000014
vehicle_014_session_01248,vehicle_014,1248,train,115.83425201023394,29.6,331.6,331.9,333.3,335.0,-70.05246229508195,32.19672131147541,1,0.030508196721311515,0.03200000000000003
vehicle_014_session_01249,vehicle_014,1249,train,118.50920833333333,60.4,349.1,349.9,353.2,357.1,-69.97869393442622,35.49180327868852,1,0.037836065573770485,0.040000000000000036
vehicle_014_session_01250,vehicle_014,1250,train,117.07741475218796,30.0,329.6,330.3,331.7,333.5,-59.93026407894737,30.736842105263158,1,0.0272368421052632,0.03000000000000025
vehicle_014_session_01251,vehicle_014,1251,train,117.39484464285711,52.4,339.6,341.6,346.0,350.5,-70.01803459016394,33.90163934426229,1,0.040770491803278686,0.04400000000000004
vehicle_014_session_01252,vehicle_014,1252,train,117.9799761726547,28.8,329.6,330.3,331.9,333.8,-70.15790460526314,33.4078947368421,1,0.030407894736842116,0.03299999999999992
vehicle_014_session_01253,vehicle_014,1253,train,115.37017782738094,33.6,330.5,330.8,331.9,333.3,-45.71148475409837,34.67213114754098,1,0.022836065573770548,0.02499999999999991
vehicle_014_session_01254,vehicle_014,1254,train,116.12977969751606,35.2,331.1,331.9,333.55,335.7,-60.07500486842106,31.644736842105264,1,0.028250000000000015,0.03100000000000014
vehicle_014_session_01255,vehicle_014,1255,train,115.79519508020346,6.0,321.3,322.8,325.7,328.2,-70.05246327868852,31.83606557377049,1,0.032540983606557335,0.03399999999999981
vehicle_014_session_01256,vehicle_014,1256,train,118.00551894403591,34.8,333.2,333.5,334.9,337.1,-70.04590573770493,33.721311475409834,1,0.03196721311475409,0.03500000000000014
vehicle_014_session_01257,vehicle_014,1257,train,119.9746129249585,62.4,350.5,351.3,354.4,358.3,-70.02459262295082,37.0,0,0.038114754098360674,0.040000000000000036
vehicle_014_session_01258,vehicle_014,1258,train,116.1089459635417,39.6,333.9,334.4,336.4,339.6,-70.01311606557377,36.63934426229508,1,0.034065573770491804,0.038000000000000256
vehicle_014_session_01259,vehicle_014,1259,train,120.42770805776014,71.6,357.5,358.5,361.8,366.0,-70.07869639344263,39.0,0,0.03867213114754098,0.04099999999999948
vehicle_014_session_01260,vehicle_014,1260,train,115.63521786492376,19.2,327.2,328.5,329.9,331.3,-69.08197327868852,31.40983606557377,1,0.029229508196721325,0.03200000000000003
vehicle_014_session_01261,vehicle_014,1261,train,114.09996171418129,39.6,334.9,335.5,337.4,340.5,-68.99508147540983,33.868852459016395,2,0.03429508196721306,0.03699999999999992
vehicle_014_session_01262,vehicle_014,1262,train,118.71468750000003,70.0,356.9,357.7,361.0,365.0,-68.98524442622951,36.540983606557376,1,0.03839344262295079,0.040000000000000036
vehicle_014_session_01263,vehicle_014,1263,train,114.09775253938638,46.4,338.0,338.5,341.4,346.0,-70.1327949180328,34.131147540983605,2,0.03854098360655739,0.04200000000000026
vehicle_014_session_01264,vehicle_014,1264,train,117.4340991847826,51.6,339.1,340.8,345.3,349.7,-70.70329016393441,41.0,2,0.04016393442622952,0.04400000000000004
vehicle_014_session_01265,vehicle_014,1265,train,117.465269760101,15.2,325.2,326.4,328.8,330.2,-69.95081475409836,35.967213114754095,1,0.03252459016393442,0.03699999999999992
vehicle_014_session_01266,vehicle_014,1266,train,115.52551689189187,37.6,333.9,334.2,336.1,338.8,-69.94261721311474,38.31147540983606,1,0.033508196721311445,0.03600000000000003
vehicle_014_session_01267,vehicle_014,1267,train,117.38961023446093,9.6,323.0,324.2,326.79999999999995,329.1,-69.95657934210526,32.96052631578947,1,0.032473684210526314,0.03500000000000014
vehicle_014_session_01268,vehicle_014,1268,train,118.40333662455674,41.6,333.3,334.29999999999995,337.0,340.5,-69.98552934210528,39.276315789473685,1,0.034973684210526296,0.040000000000000036
vehicle_014_session_01269,vehicle_014,1269,train,116.46703144290122,37.6,333.5,333.9,335.7,338.3,-70.20984704918033,38.0655737704918,2,0.03344262295081965,0.03600000000000003
vehicle_014_session_01270,vehicle_014,1270,train,121.06024437260538,66.8,353.6,354.4,357.5,361.6,-70.20820770491802,40.63934426229508,1,0.038868852459016355,0.040000000000000036
vehicle_014_session_01271,vehicle_014,1271,train,116.81976129319106,11.6,324.6,325.2,327.7,329.6,-70.79033322580644,38.0,0,0.03220967741935482,0.03500000000000014
vehicle_014_session_01272,vehicle_014,1272,train,116.86751707957956,44.8,337.2,337.7,340.2,344.3,-70.76230868852458,40.85245901639344,1,0.03701639344262296,0.04100000000000037
vehicle_014_session_01273,vehicle_014,1273,train,118.99869397267513,24.0,328.3,329.15,330.625,332.1,-70.10400946666665,38.693333333333335,1,0.029706666666666676,0.03200000000000003
vehicle_014_session_01274,vehicle_014,1274,train,115.15213293650794,42.8,336.3,336.8,339.1,342.7,-69.6639444262295,37.91803278688525,2,0.035655737704918006,0.040000000000000036
vehicle_014_session_01275,vehicle_014,1275,train,117.87067076298113,34.0,330.8,332.0,334.0,336.6,-69.88816039473684,33.98684210526316,2,0.031815789473684186,0.03500000000000014
vehicle_014_session_01276,vehicle_014,1276,train,115.39991892416231,64.4,350.5,351.85,355.4,359.4,-70.08026763157895,37.60526315789474,1,0.03832895263157897,0.040000000000000036
vehicle_014_session_01277,vehicle_014,1277,train,116.59256049133812,12.4,323.9,325.0,327.75,329.6,-70.02763434210526,36.4078947368421,1,0.03281578947368415,0.03600000000000003
vehicle_014_session_01278,vehicle_014,1278,train,113.4198384469697,32.4,331.0,331.1,331.9,333.0,-44.916396885245895,39.0,0,0.02188524590163938,0.02300000000000013
vehicle_014_session_01279,vehicle_014,1279,train,117.80683573232326,14.0,324.2,324.6,326.4,327.8,-46.51476032786886,38.459016393442624,1,0.025081967213114714,0.028000000000000025
vehicle_014_session_01280,vehicle_014,1280,train,114.45081039710486,25.2,328.8,329.6,331.0,332.7,-70.08853065573771,38.295081967213115,1,0.030016393442622986,0.03200000000000003
vehicle_014_session_01281,vehicle_014,1281,train,118.2038797619048,53.6,342.5,343.3,346.9,351.0,-70.07377508196723,41.08196721311475,1,0.039622950819672126,0.04200000000000026
vehicle_014_session_01282,vehicle_014,1282,train,115.55335565476192,12.8,325.7,326.1,327.7,328.9,-60.25737885245902,39.0,0,0.02827868852459016,0.03100000000000014
vehicle_014_session_01283,vehicle_014,1283,train,117.53968716931216,38.0,333.6,333.9,335.3,337.4,-60.2475431147541,40.50819672131148,1,0.029639344262295052,0.03200000000000003
vehicle_014_session_01284,vehicle_014,1284,train,119.41477998737379,63.6,350.7,351.3,354.1,357.4,-60.263936885245904,43.0,0,0.035065573770491826,0.03600000000000003
vehicle_014_session_01285,vehicle_014,1285,train,118.29504028799022,48.4,337.1,337.7,340.5,344.4,-60.02131360655737,38.0,0,0.03622950819672133,0.039000000000000146
vehicle_014_session_01286,vehicle_014,1286,train,120.45518156565655,75.6,360.3,361.0,363.9,367.7,-60.04098770491804,39.0,0,0.03600000000000001,0.03700000000000081
vehicle_014_session_01287,vehicle_014,1287,train,115.62873221153846,32.0,331.6,331.9,333.0,334.7,-60.49508147540983,36.67213114754098,1,0.02788524590163936,0.03000000000000025
vehicle_014_session_01288,vehicle_014,1288,train,117.44519775390627,58.0,346.4,347.2,350.0,353.5,-60.457372786885244,39.18032786885246,1,0.035147540983606514,0.03600000000000003
vehicle_014_session_01289,vehicle_014,1289,train,114.77564022435897,44.4,335.3,335.7,337.1,339.3,-44.99508147540983,38.0,0,0.02734426229508191,0.03000000000000025
vehicle_014_session_01290,vehicle_014,1290,train,117.33490566037734,65.2,351.4,351.9,353.9,356.4,-45.0,39.0,0,0.03021311475409836,0.03100000000000014
vehicle_014_session_01291,vehicle_014,1291,train,115.86199802164083,35.6,332.2,332.7,334.4,337.1,-69.99508147540983,39.721311475409834,1,0.03252459016393444,0.03500000000000014
vehicle_014_session_01292,vehicle_014,1292,train,117.36172096503829,50.8,339.4,340.0,343.0,346.8,-58.749184918032796,38.0,0,0.036655737704918055,0.039000000000000146
vehicle_014_session_01293,vehicle_014,1293,train,116.99982906343844,12.8,324.9,325.8,328.0,329.7,-69.63443606557377,36.721311475409834,1,0.03136065573770494,0.03400000000000025
vehicle_014_session_01294,vehicle_014,1294,train,115.67341251052187,42.8,336.1,336.6,338.8,342.2,-69.62296081967214,39.9344262295082,2,0.03532786885245899,0.039000000000000146
vehicle_014_session_01295,vehicle_014,1295,train,116.08167855461397,14.8,324.7,326.1,328.5,330.0,-70.94753704918033,40.0,0,0.032950819672131156,0.03600000000000003
vehicle_014_session_01296,vehicle_014,1296,train,115.54357543103448,38.4,334.2,334.7,336.4,339.3,-70.9606518032787,42.32786885245902,1,0.0341147540983606,0.037000000000000366
vehicle_014_session_01297,vehicle_014,1297,train,116.55322766203705,20.8,327.5,328.5,329.9,331.3,-70.41146655737704,40.14754098360656,1,0.030344262295081997,0.03300000000000036
vehicle_014_session_01298,vehicle_014,1298,train,116.95006090465468,45.2,336.6,337.2,339.6,343.5,-70.41474557377049,42.557377049180324,1,0.03752459016393444,0.04200000000000026
vehicle_014_session_01299,vehicle_014,1299,train,115.67466996308018,16.8,328.0,328.5,329.7,331.0,-70.0524636065574,37.39344262295082,1,0.030016393442622958,0.03299999999999992
vehicle_014_session_01300,vehicle_014,1300,train,116.98063585680752,48.4,339.6,340.3,343.3,347.7,-69.94262426229508,40.91803278688525,2,0.03837704918032792,0.04100000000000037
vehicle_014_session_01301,vehicle_014,1301,train,118.0361091666666,58.4,345.5,346.1,348.8,351.8,-49.993441967213116,37.0,0,0.030983606557377037,0.03399999999999981
vehicle_014_session_01302,vehicle_014,1302,train,120.0,61.2,347.5,348.2,350.3,352.8,-45.0,41.0,0,0.029999999999999978,0.03100000000000014
vehicle_014_session_01303,vehicle_014,1303,train,114.807827526341,34.8,330.8,331.9,333.9,336.4,-69.01803426229507,35.77049180327869,1,0.03178688524590164,0.03500000000000014
vehicle_014_session_01304,vehicle_014,1304,train,116.9378028492647,58.0,346.4,347.4,350.7,354.7,-68.97704688524591,38.0,0,0.038311475409836065,0.039000000000000146
vehicle_014_session_01305,vehicle_014,1305,train,114.5113043635987,9.2,322.2,323.6,326.3,328.6,-70.74099606557377,34.0,0,0.032508196721311465,0.0349999999999997
vehicle_014_session_01306,vehicle_014,1306,train,120.10836626683502,50.4,339.7,340.3,343.5,347.8,-70.89179836065574,38.295081967213115,1,0.03913114754098362,0.04200000000000026
vehicle_014_session_01307,vehicle_014,1307,train,126.33170738017434,77.2,361.8,362.4,366.0,370.2,-70.95573327868853,40.0,0,0.040344262295081916,0.0420000000000007
vehicle_014_session_01308,vehicle_014,1308,train,122.59310127949018,68.4,353.6,354.1,355.96,358.3,-42.581970163934436,38.91803278688525,1,0.029196721311475455,0.03100000000000014
vehicle_014_session_01309,vehicle_014,1309,train,121.91813188844088,72.4,357.5,358.3,361.8,366.0,-68.99836049180328,36.0,0,0.039475409836065595,0.04100000000000037
vehicle_014_session_01310,vehicle_014,1310,train,117.33692876683504,3.6,319.6,321.3,324.1,326.6,-68.85738508196722,36.0,0,0.03249180327868848,0.03500000000000014
vehicle_014_session_01311,vehicle_014,1311,train,117.32430313552192,30.4,331.6,331.7,333.0,334.7,-68.8393524590164,37.442622950819676,1,0.030180327868852476,0.03200000000000003
vehicle_014_session_01312,vehicle_014,1312,train,118.8477274305556,56.8,345.2,346.1,349.4,353.3,-68.81149196721313,40.26229508196721,1,0.03773770491803275,0.040000000000000036
vehicle_014_session_01313,vehicle_014,1313,train,118.04865634363297,26.4,326.7,327.4,328.2,328.8,-26.026325789473688,35.0,0,0.014263157894736849,0.016000000000000014
vehicle_014_session_01314,vehicle_014,1314,train,118.25988563924503,56.0,344.4,345.3,348.8,352.8,-69.9327873770492,40.0,0,0.03881967213114755,0.04200000000000026
vehicle_014_session_01315,vehicle_014,1315,train,116.07861062143876,9.6,324.4,324.9,327.1,328.9,-70.44917524590164,36.0,0,0.032278688524590135,0.03400000000000025
vehicle_014_session_01316,vehicle_014,1316,train,118.89339772727273,41.2,334.9,335.3,337.2,340.2,-70.5,38.704918032786885,1,0.03422950819672127,0.037000000000000366
vehicle_014_session_01317,vehicle_014,1317,train,114.70791876102297,11.2,322.8,323.9,326.7,328.9,-70.31149196721312,41.0,0,0.03286885245901638,0.0349999999999997
vehicle_014_session_01318,vehicle_014,1318,train,115.0901956619769,36.4,333.2,333.5,334.9,337.4,-70.32132508196722,43.09836065573771,2,0.03249180327868852,0.03500000000000014
vehicle_014_session_01319,vehicle_014,1319,train,119.84743123861568,67.2,352.8,353.5,356.4,360.2,-64.90163016393441,45.85245901639344,1,0.03675409836065576,0.039000000000000146
vehicle_014_session_01320,vehicle_014,1320,train,115.61795049242419,42.4,334.9,335.3,337.4,340.7,-70.24099770491803,36.91803278688525,2,0.03536065573770486,0.039000000000000146
vehicle_014_session_01321,vehicle_014,1321,train,115.81677879273505,23.6,327.4,328.5,329.9,331.1,-60.21803901639345,31.78688524590164,1,0.025934426229508225,0.027000000000000135
vehicle_014_session_01322,vehicle_014,1322,train,117.03646516203703,65.6,351.8,352.4,355.2,358.5,-60.21147754098361,36.0,0,0.03406557377049182,0.03500000000000014
vehicle_014_session_01323,vehicle_014,1323,train,115.56261593364195,34.4,330.0,330.5,331.9,333.5,-51.99016295081966,38.0,0,0.024803278688524624,0.026000000000000245
vehicle_014_session_01324,vehicle_014,1324,train,117.29921982323232,56.0,342.2,342.8,345.7,348.9,-51.899989999999995,39.22950819672131,1,0.0338688524590164,0.03699999999999992
vehicle_014_session_01325,vehicle_014,1325,train,118.02192865668403,19.6,327.5,328.0,328.9,330.0,-60.07869360655738,31.0,0,0.026901639344262318,0.028999999999999915
vehicle_014_session_01326,vehicle_014,1326,train,118.79569953703705,45.2,335.5,336.0,337.65999999999997,340.3,-60.08361229508197,33.0655737704918,1,0.031590163934426166,0.03400000000000025
vehicle_014_session_01327,vehicle_014,1327,train,121.92678060606062,68.4,352.5,353.2,355.8,359.3,-60.13279278688525,35.0,0,0.03550819672131149,0.037000000000000366
vehicle_014_session_01328,vehicle_014,1328,train,116.19392681623933,41.6,334.1,335.0,337.1,340.2,-69.6049280327869,36.39344262295082,1,0.034409836065573754,0.037000000000000366
vehicle_014_session_01329,vehicle_014,1329,train,118.45835111111109,62.4,349.6,350.3,353.5,357.4,-69.61804278688525,38.65573770491803,1,0.038081967213114784,0.040000000000000036
vehicle_014_session_01330,vehicle_014,1330,train,117.52229074947591,56.4,342.2,342.8,345.2,348.0,-43.681971147540985,29.868852459016395,1,0.03145901639344262,0.0349999999999997
vehicle_014_session_01331,vehicle_014,1331,train,118.33603065321182,62.0,347.7,348.8,352.2,356.3,-69.92130360655737,33.0,0,0.03744262295081966,0.039000000000000146
vehicle_014_session_01332,vehicle_014,1332,train,116.39504081109294,26.8,328.2,328.9,330.2,331.4,-59.99600026666667,37.2,1,0.026173333333333364,0.028000000000000025
vehicle_014_session_01333,vehicle_014,1333,train,116.74709571454679,14.4,324.6,325.3,327.8,329.6,-70.13115557377049,34.0,0,0.03209836065573768,0.0349999999999997
vehicle_014_session_01334,vehicle_014,1334,train,115.12224583333334,44.8,336.1,336.6,338.8,342.2,-70.24919524590163,37.39344262295082,1,0.03559016393442619,0.040000000000000036
vehicle_014_session_01335,vehicle_014,1335,train,116.5671467644033,33.2,329.9,330.9,332.6,334.6,-70.25200933333333,31.88,2,0.030320000000000024,0.03300000000000036
vehicle_014_session_01336,vehicle_014,1336,train,115.19674803375324,38.4,331.4,332.4,334.4,337.1,-69.98524442622951,34.32786885245902,1,0.03239344262295081,0.03600000000000003
vehicle_014_session_01337,vehicle_014,1337,train,119.06137704918034,72.8,356.6,357.2,360.5,364.7,-69.8311549180328,37.16393442622951,1,0.03904918032786888,0.04100000000000037
vehicle_014_session_01338,vehicle_014,1338,train,119.63500338888889,60.8,346.1,347.6,351.1,355.2,-69.9236844736842,38.0,0,0.03894736842105262,0.040000000000000036
vehicle_014_session_01339,vehicle_014,1339,train,114.95233747927031,11.2,323.3,324.2,326.9,328.9,-70.2344355737705,31.672131147540984,1,0.03167213114754096,0.03299999999999992
vehicle_014_session_01340,vehicle_014,1340,train,116.04925827020203,38.0,333.6,333.9,335.5,337.8,-70.17869885245902,33.98360655737705,2,0.03227868852459015,0.03500000000000014
vehicle_014_session_01341,vehicle_014,1341,train,117.95411534288193,60.4,346.9,347.8,351.0,354.9,-70.1409918032787,36.80327868852459,1,0.03791803278688523,0.040000000000000036
vehicle_014_session_01342,vehicle_014,1342,train,115.15453272569447,44.0,334.6,334.9,336.6,339.3,-61.12460016393443,38.01639344262295,2,0.03145901639344257,0.03400000000000025
vehicle_014_session_01343,vehicle_014,1343,train,120.65330754886836,76.0,358.0,358.8,361.8,365.3,-61.14755098360656,40.0,0,0.036295081967213136,0.038000000000000256
vehicle_014_session_01344,vehicle_014,1344,train,115.81879077060934,35.2,330.7,331.0,332.4,334.1,-60.10820590163936,37.47540983606557,1,0.027557377049180386,0.03000000000000025
vehicle_014_session_01345,vehicle_014,1345,train,117.7425491372054,60.4,344.6,345.5,348.5,351.9,-60.14427213114754,40.0,0,0.03554098360655735,0.038000000000000256
vehicle_014_session_01346,vehicle_014,1346,train,116.7933304738562,44.0,334.2,334.6,336.6,339.7,-70.30657540983607,40.98360655737705,2,0.03514754098360651,0.039000000000000146
vehicle_014_session_01347,vehicle_014,1347,train,118.85418240740745,64.8,348.6,349.4,352.8,356.8,-70.3180473770492,43.0,0,0.03932786885245904,0.040999999999999925
vehicle_014_session_01348,vehicle_014,1348,train,117.06480417389211,28.4,327.8,328.5,329.6,330.8,-50.12895521052631,38.0,0,0.02289475789473688,0.025000200000000028
vehicle_014_session_01349,vehicle_014,1349,train,117.62755465962442,41.2,332.4,333.19998,335.19998,338.19998,-70.15527136842104,37.44736842105263,1,0.03359210526315787,0.037000199999999595
vehicle_014_session_01350,vehicle_014,1350,train,115.91865466269844,47.6,335.7,336.1,338.6,342.5,-69.97705114754099,38.049180327868854,1,0.03690163934426226,0.04200000000000026
vehicle_014_session_01351,vehicle_014,1351,train,120.21907196969701,75.6,357.5,358.3,361.8,366.0,-69.9524613114754,40.0,0,0.03937704918032783,0.04100000000000037
vehicle_014_session_01352,vehicle_014,1352,train,115.48391170634923,49.6,336.3,336.8,338.9,342.4,-59.51967409836066,37.868852459016395,1,0.03404918032786882,0.038000000000000256
vehicle_014_session_01353,vehicle_014,1353,train,120.04980509696014,74.8,356.3,356.9,359.6,363.3,-59.56885918032788,39.80327868852459,1,0.03529508196721309,0.03700000000000081
vehicle_014_session_01354,vehicle_014,1354,train,117.10116722258205,20.4,325.2,326.35,328.3,329.6,-60.104007333333335,34.0,0,0.029773333333333346,0.03400000000000025
vehicle_014_session_01355,vehicle_014,1355,train,116.08824478207485,21.6,326.3,327.15,328.8,330.0,-59.985525657894726,29.86842105263158,1,0.027500000000000028,0.03200000000000003
vehicle_014_session_01356,vehicle_014,1356,train,115.20380308977457,32.0,329.1,330.0,331.6,333.2,-69.3967162295082,32.32786885245902,1,0.030213114754098384,0.03200000000000003
vehicle_014_session_01357,vehicle_014,1357,train,116.91470396825403,59.6,343.6,344.6,348.0,352.2,-69.32296393442624,35.68852459016394,1,0.03977049180327869,0.04300000000000015
vehicle_014_session_01358,vehicle_014,1358,train,115.33136458333331,32.8,331.3,331.6,332.7,334.4,-69.61312409836067,31.40983606557377,1,0.030622950819672173,0.03300000000000036
vehicle_014_session_01359,vehicle_014,1359,train,113.75497707231045,37.2,332.2,332.5,333.9,336.1,-70.68525639344261,30.852459016393443,2,0.03165573770491806,0.03400000000000025
vehicle_014_session_01360,vehicle_014,1360,train,116.42570062500003,26.4,327.7,328.8,330.2,331.7,-69.86393590163935,33.91803278688525,1,0.029737704918032782,0.03200000000000003
vehicle_014_session_01361,vehicle_014,1361,train,114.83048713235296,46.8,335.5,335.8,338.2,341.6,-69.83935311475409,35.75409836065574,1,0.03557377049180322,0.039000000000000146
vehicle_014_session_01362,vehicle_014,1362,train,119.41443997175146,74.0,355.7,356.4,359.7,363.8,-69.84426508196721,38.0,0,0.038934426229508164,0.040000000000000036
vehicle_014_session_01363,vehicle_014,1363,train,114.95871452702701,38.8,331.7,332.2,333.6,336.0,-70.05574426229508,32.442622950819676,1,0.03127868852459019,0.03400000000000025
vehicle_014_session_01364,vehicle_014,1364,train,118.30449118589743,68.4,350.7,351.6,354.7,358.8,-69.94590393442624,36.0,0,0.038131147540983616,0.040000000000000036
vehicle_014_session_01365,vehicle_014,1365,train,116.16182644400352,60.8,344.9,345.8,349.3,353.3,-69.53606918032789,35.75409836065574,1,0.03791803278688522,0.040999999999999925
vehicle_014_session_01366,vehicle_014,1366,train,120.0555559027778,77.6,358.0,358.8,362.2,366.6,-70.01639508196722,34.0,0,0.03924590163934428,0.04100000000000037
vehicle_014_session_01367,vehicle_014,1367,train,115.96713516135618,36.8,330.7,331.1,332.2,333.9,-59.60492786885247,32.40983606557377,1,0.027278688524590217,0.02900000000000036
vehicle_014_session_01368,vehicle_014,1368,train,108.01795694444449,4.8,317.2,318.8,322.2,325.0,-70.08033573770491,37.9344262295082,1,0.03557377049180334,0.038000000000000256
vehicle_014_session_01369,vehicle_014,1369,train,116.5547553897181,29.2,329.6,329.7,330.7,331.9,-70.28198540983607,38.24590163934426,1,0.029852459016393475,0.03100000000000014
vehicle_014_session_01370,vehicle_014,1370,train,116.98116736111115,12.8,322.7,323.2,325.3,327.5,-70.6032886885246,39.0,0,0.03440983606557371,0.03799999999999981
vehicle_014_session_01371,vehicle_014,1371,train,119.71151613562091,40.8,332.2,332.5,333.8,335.8,-70.6049280327869,40.22950819672131,1,0.0314426229508197,0.03300000000000036
vehicle_014_session_01372,vehicle_014,1372,train,115.51388064814812,36.4,331.7,332.1,333.3,335.3,-70.89179573770491,36.557377049180324,1,0.03159016393442627,0.03399999999999981
vehicle_014_session_01373,vehicle_014,1373,train,118.41657086894591,66.4,349.6,350.3,353.6,357.5,-70.88851803278689,39.90163934426229,1,0.03903278688524594,0.040000000000000036
vehicle_014_session_01374,vehicle_014,1374,train,116.34039031124503,45.6,334.6,334.9,336.9,340.0,-71.30493655737705,38.91803278688525,2,0.034885245901639314,0.039000000000000146
vehicle_014_session_01375,vehicle_014,1375,train,114.01484845809792,37.6,331.6,331.9,333.5,335.7,-69.6688624590164,32.67213114754098,1,0.031344262295082005,0.03400000000000025
vehicle_014_session_01376,vehicle_014,1376,train,116.9752605476939,61.2,344.9,345.8,349.3,353.3,-69.73771885245903,35.52459016393443,1,0.03890163934426226,0.040999999999999925
vehicle_014_session_01377,vehicle_014,1377,train,115.32928196839082,4.4,317.2,318.6,321.7,324.2,-60.20328901639345,38.0,0,0.031819672131147565,0.03400000000000025
vehicle_014_session_01378,vehicle_014,1378,train,114.96421180555558,27.6,329.6,329.6,330.5,331.6,-60.200010000000006,37.9344262295082,1,0.02596721311475411,0.027000000000000135
vehicle_014_session_01379,vehicle_014,1379,train,118.00405230734768,53.6,338.3,338.8,341.1,344.7,-60.200010000000006,40.19672131147541,1,0.034918032786885274,0.039000000000000146
vehicle_014_session_01380,vehicle_014,1380,train,116.2315878952753,5.6,317.7,319.29999999999995,322.75,325.5,-69.98816065789474,37.0,0,0.0362105263157895,0.038000000000000256
vehicle_014_session_01381,vehicle_014,1381,train,116.98579034810133,53.2,338.2,338.8,341.8,346.3,-70.77542737704917,40.950819672131146,2,0.039770491803278726,0.04300000000000015
vehicle_014_session_01382,vehicle_014,1382,train,117.40369529612163,49.6,335.8,336.3,338.8,342.5,-70.01147655737705,40.49180327868852,1,0.03750819672131145,0.04200000000000026
vehicle_014_session_01383,vehicle_014,1383,train,113.92962493322652,46.8,335.2,335.7,337.8,341.1,-69.36065754098361,38.442622950819676,1,0.03526229508196719,0.039000000000000146
vehicle_014_session_01384,vehicle_014,1384,train,118.70167837690639,67.2,349.4,350.2,353.5,357.4,-69.18033786885246,39.83606557377049,1,0.039016393442622976,0.040999999999999925
vehicle_014_session_01385,vehicle_014,1385,train,113.24804995126703,40.8,332.8,333.2,334.9,337.2,-70.40328016393443,40.67213114754098,1,0.032819672131147545,0.03600000000000003
vehicle_014_session_01386,vehicle_014,1386,train,115.83987790692753,27.2,328.2,329.15,330.5,332.1,-69.9986672,33.0,0,0.029733333333333337,0.03200000000000003
vehicle_014_session_01387,vehicle_014,1387,train,113.76707309941521,33.2,330.7,331.0,332.1,333.8,-69.15902639344263,36.967213114754095,1,0.030754098360655773,0.03299999999999992
vehicle_014_session_01388,vehicle_014,1388,train,116.11454522707233,56.0,340.3,341.0,344.3,348.6,-69.15410819672132,39.377049180327866,1,0.040573770491803295,0.04400000000000004
vehicle_014_session_01389,vehicle_014,1389,train,116.12737597792541,12.8,321.3,322.75,325.25,327.5,-61.9066724,35.0,0,0.030079999999999933,0.03200000000000003
vehicle_014_session_01390,vehicle_014,1390,train,115.16620726646504,24.8,327.1,328.2375,329.775,331.1,-69.84933866666665,37.64,1,0.030666666666666682,0.03400000000000025
vehicle_014_session_01391,vehicle_014,1391,train,119.64310946028269,74.4,355.3,356.05,359.35,363.5,-69.77764065789472,42.5921052631579,1,0.03930263157894736,0.04100000000000037
vehicle_014_session_01392,vehicle_014,1392,train,113.82929731550581,21.6,328.3,328.5,329.6,330.8,-69.95410180327869,39.0,0,0.030344262295081997,0.03200000000000003
vehicle_014_session_01393,vehicle_014,1393,train,118.56107557189546,48.4,336.1,336.4,338.6,341.9,-69.94426540983606,41.16393442622951,1,0.035836065573770455,0.040000000000000036
vehicle_014_session_01394,vehicle_014,1394,train,123.85546135545272,76.0,356.4,357.4,360.5,364.7,-69.91475885245902,43.0,0,0.04014754098360658,0.041999999999999815
vehicle_014_session_01395,vehicle_014,1395,train,115.9233079229798,15.2,323.3,324.1,326.3,328.3,-61.82787409836066,33.0,0,0.02972131147540984,0.03200000000000003
vehicle_014_session_01396,vehicle_014,1396,train,115.42674154589372,41.6,333.0,333.5,334.7,336.8,-60.142627704918034,34.40983606557377,1,0.028983606557377046,0.03200000000000003
vehicle_014_session_01397,vehicle_014,1397,train,119.08421560329853,69.6,351.1,351.8,354.4,357.5,-56.82131721311476,37.0,0,0.0343770491803279,0.03600000000000003
vehicle_014_session_01398,vehicle_014,1398,train,116.9558572198276,46.8,332.4,333.6,336.0,338.8,-60.29674098360658,34.0,0,0.03142622950819668,0.0349999999999997
vehicle_014_session_01399,vehicle_014,1399,train,117.25698125000004,70.0,351.8,352.4,355.0,358.5,-60.30002000000002,36.0,0,0.03606557377049181,0.038000000000000256
vehicle_014_session_01400,vehicle_014,1400,train,116.6198752662037,25.6,327.5,328.55,330.1,331.6,-69.87631973684209,32.0,2,0.02998684210526319,0.03100000000000014
vehicle_014_session_01401,vehicle_014,1401,train,114.6323211185516,36.0,331.1,331.6,332.8,334.9,-70.05410344262296,39.42622950819672,1,0.03157377049180329,0.03399999999999981
vehicle_014_session_01402,vehicle_014,1402,train,116.87141214378241,12.8,321.1,322.6,325.3,327.8,-70.13867559999998,41.0,0,0.0325333333333333,0.03400000000000025
vehicle_014_session_01403,vehicle_014,1403,train,117.27371811342594,47.2,333.5,333.9,336.0,338.6,-59.967209836065564,43.049180327868854,1,0.031295081967213076,0.0349999999999997
vehicle_014_session_01404,vehicle_014,1404,train,118.55165603956233,71.2,351.9,352.7,355.3,358.8,-59.988523442622956,44.967213114754095,0,0.03622950819672134,0.037000000000000366
vehicle_014_session_01405,vehicle_014,1405,train,116.66489171248072,21.6,326.0,327.0,329.1,330.5,-70.06184684210525,38.0,0,0.03238157894736844,0.03600000000000003
vehicle_014_session_01406,vehicle_014,1406,train,116.69954444444446,44.8,333.2,333.6,336.0,339.1,-70.01803639344261,36.442622950819676,1,0.034245901639344226,0.03699999999999992
vehicle_014_session_01407,vehicle_014,1407,train,114.96704004759674,32.8,328.9,330.2,331.84,333.6,-70.06229918032787,34.77049180327869,1,0.030540983606557433,0.03300000000000036
vehicle_014_session_01408,vehicle_014,1408,train,118.42066934974746,68.8,351.3,352.1,355.2,359.3,-70.05410213114756,38.34426229508197,1,0.03959016393442622,0.04100000000000037
vehicle_014_session_01409,vehicle_014,1409,train,116.96750216049382,40.8,331.1,332.4,334.4,336.9,-69.98289565789474,35.98684210526316,2,0.032723684210526315,0.03699999999999992
vehicle_014_session_01410,vehicle_014,1410,train,116.22955665566555,46.0,332.2,332.9,334.6,336.4,-44.809335466666674,32.77333333333333,1,0.025266666666666666,0.028000000000000025
vehicle_014_session_01411,vehicle_014,1411,train,114.57177694187243,50.4,335.7,336.0,337.4,339.6,-44.89017049180329,34.704918032786885,1,0.02727868852459013,0.03100000000000014
vehicle_014_session_01412,vehicle_014,1412,train,116.97187656048128,12.0,321.6,322.9,325.6,328.2,-70.33816539473685,37.0,0,0.032394736842105226,0.03400000000000025
vehicle_014_session_01413,vehicle_014,1413,train,115.40331336805556,20.4,324.6,325.8,328.0,329.4,-60.329509836065576,33.98360655737705,1,0.029278688524590136,0.03200000000000003
vehicle_014_session_01414,vehicle_014,1414,train,114.44818787393163,41.2,332.8,333.2,334.6,336.4,-60.5081975409836,36.34426229508197,1,0.028967213114754118,0.03100000000000014
vehicle_014_session_01415,vehicle_014,1415,train,118.18967043821839,73.2,354.4,355.0,357.8,361.4,-60.57377786885247,39.442622950819676,1,0.035754098360655726,0.037000000000000366
vehicle_014_session_01416,vehicle_014,1416,train,116.21528922325106,58.4,341.6,342.4,345.5,349.3,-59.84754672131149,41.442622950819676,1,0.03781967213114756,0.040000000000000036
vehicle_014_session_01417,vehicle_014,1417,train,114.82868550774133,36.8,330.0,330.7,332.2,334.1,-59.33607475409838,32.131147540983605,1,0.027655737704918068,0.02900000000000036
vehicle_014_session_01418,vehicle_014,1418,train,116.07466707175924,61.2,344.6,345.3,348.3,351.8,-59.326241639344275,34.950819672131146,1,0.0364918032786885,0.039000000000000146
vehicle_014_session_01419,vehicle_014,1419,train,111.99446305555554,43.2,333.5,333.8,335.3,337.5,-60.18361655737706,33.59016393442623,1,0.03013114754098357,0.03299999999999992
vehicle_014_session_01420,vehicle_014,1420,train,116.55956638652148,27.2,327.8,328.9,330.5,332.1,-70.13600986666667,32.82666666666667,1,0.02994666666666669,0.03200000000000003
vehicle_014_session_01421,vehicle_014,1421,train,117.85075084160053,14.0,322.2,323.3,326.1,328.6,-70.09067293333334,34.906666666666666,1,0.032279999999999975,0.03399999999999981
vehicle_014_session_01422,vehicle_014,1422,train,118.41248809185608,9.6,320.2,321.6,324.275,326.9,-70.0240016,39.0,0,0.033506666666666636,0.03699999999999992
vehicle_014_session_01423,vehicle_014,1423,train,116.95380529513893,33.2,329.1,330.0,331.6,333.3,-70.25790276315787,40.0,2,0.030671052631578977,0.03299999999999992
vehicle_014_session_01424,vehicle_014,1424,train,116.77025529072505,38.8,330.3,331.05,332.575,334.4,-60.59200506666666,35.04,1,0.02844000000000004,0.03100000000000014
vehicle_014_session_01425,vehicle_014,1425,train,116.98138394563918,46.4,332.7,334.0,336.5,340.0,-70.04211,37.55263157894737,1,0.0352763157894737,0.039000000000000146
vehicle_014_session_01426,vehicle_014,1426,train,117.04105145202024,22.8,327.2,327.4,328.3,329.1,-46.65410803278688,34.75409836065574,0,0.02272131147540987,0.0259999999999998
vehicle_014_session_01427,vehicle_014,1427,train,116.76254555348262,50.8,334.7,336.1,339.3,343.6,-70.8065644262295,38.704918032786885,1,0.038442622950819655,0.04400000000000004
vehicle_014_session_01428,vehicle_014,1428,train,119.74652569444443,77.6,357.8,358.6,362.1,366.4,-70.92294508196721,40.459016393442624,1,0.040524590163934414,0.04300000000000015
vehicle_014_session_01429,vehicle_014,1429,train,115.93379616128597,31.6,328.8,329.9,331.4,333.19998,-70.07763597368421,36.14473684210526,1,0.030618413157894743,0.032000200000000145
vehicle_014_session_01430,vehicle_014,1430,train,116.93410124269009,11.6,320.5,322.1,324.9,327.4,-70.4475455737705,31.901639344262296,1,0.03267213114754093,0.03600000000000003
vehicle_014_session_01431,vehicle_014,1431,train,117.83335012626262,34.4,331.1,331.4,332.5,333.9,-70.70000999999998,33.22950819672131,1,0.030114754098360688,0.03200000000000003
vehicle_014_session_01432,vehicle_014,1432,train,120.43240801886797,56.4,339.7,340.3,343.3,347.8,-70.69345262295082,36.19672131147541,2,0.0390655737704918,0.04200000000000026
vehicle_014_session_01433,vehicle_014,1433,train,117.00168664717353,56.0,339.4,340.0,343.0,347.1,-60.39835114754097,37.68852459016394,1,0.037918032786885277,0.040999999999999925
vehicle_014_session_01434,vehicle_014,1434,train,115.38533210125448,36.4,330.7,331.0,332.1,333.8,-60.232800163934435,34.73770491803279,1,0.027524590163934475,0.03000000000000025
vehicle_014_session_01435,vehicle_014,1435,train,118.33296604830916,4.0,317.1,318.55,322.0,324.9,-69.96973502631579,37.973684210526315,1,0.03647368947368423,0.03900009999999998
vehicle_014_session_01436,vehicle_014,1436,train,116.57848494780018,38.0,330.3,331.5,333.3,335.69998,-70.00526347368421,34.1578947368421,1,0.03210525526315793,0.03500020000000026
vehicle_014_session_01437,vehicle_014,1437,train,114.63019473379627,30.4,329.9,330.2,331.0,332.2,-60.38687918032787,35.26229508196721,1,0.026819672131147578,0.028000000000000025
vehicle_014_session_01438,vehicle_014,1438,train,114.5078094686949,54.4,338.9,339.6,342.1,346.0,-60.39179573770492,38.21311475409836,1,0.03675409836065575,0.040000000000000036
vehicle_014_session_01439,vehicle_014,1439,train,114.70004189435339,28.0,328.8,328.9,330.0,331.3,-59.60984590163935,35.57377049180328,1,0.02657377049180328,0.028999999999999915
vehicle_014_session_01440,vehicle_014,1440,train,114.71281676587303,52.8,337.7,338.2,340.5,344.1,-59.600010000000005,38.31147540983606,1,0.035426229508196724,0.040000000000000036
vehicle_014_session_01441,vehicle_014,1441,train,115.42088382468556,21.6,325.7,326.79999999999995,329.1,330.7,-70.44868276315789,38.36842105263158,1,0.03335526315789474,0.038000000000000256
vehicle_014_session_01442,vehicle_014,1442,train,115.66434672989217,12.8,321.7,322.7,325.1,327.4,-62.244007333333336,38.0,0,0.030533333333333305,0.03299999999999992
vehicle_014_session_01443,vehicle_014,1443,train,116.19413197000684,3.2,316.7,318.4,321.79999999999995,324.7,-70.07763684210526,38.828947368421055,1,0.037171052631578966,0.040000000000000036
vehicle_014_session_01444,vehicle_014,1444,train,115.78343780193238,5.2,319.1,320.9,323.8375,326.3,-70.07867213333334,34.70666666666666,1,0.03401333333333331,0.03699999999999992
vehicle_014_session_01445,vehicle_014,1445,train,118.24388731396536,56.0,337.5,339.4,343.55,348.5,-69.97631563157896,41.03947368421053,2,0.04119738815789476,0.044000200000000156
vehicle_014_session_01446,vehicle_014,1446,train,107.86349240451389,21.6,325.3,326.6,328.6,329.9,-59.834430163934435,34.19672131147541,1,0.029081967213114755,0.03299999999999992
vehicle_014_session_01447,vehicle_014,1447,train,115.69502148069684,47.2,334.7,335.2,336.8,339.3,-59.926223442622955,36.885245901639344,1,0.030868852459016365,0.03300000000000036
vehicle_014_session_01448,vehicle_014,1448,train,118.97596615961199,71.2,351.8,352.4,355.0,358.3,-59.977046885245905,39.0,0,0.035737704918032825,0.037000000000000366
vehicle_014_session_01449,vehicle_014,1449,train,115.67153118448635,32.0,328.6,329.7,331.0,332.5,-59.585251967213125,32.21311475409836,1,0.026590163934426266,0.028000000000000025
vehicle_014_session_01450,vehicle_014,1450,train,114.19475337709285,53.2,338.3,338.8,341.4,345.3,-59.70164983606557,34.68852459016394,1,0.03655737704918033,0.040000000000000036
vehicle_014_session_01451,vehicle_014,1451,train,116.20437751906323,70.4,352.4,353.2,356.3,360.3,-69.9524555737705,42.21311475409836,1,0.039262295081967206,0.040999999999999925
vehicle_014_session_01452,vehicle_014,1452,train,114.49355074404762,47.2,335.8,336.3,338.6,341.9,-70.37212950819674,38.31147540983606,1,0.036213114754098344,0.040000000000000036
vehicle_014_session_01453,vehicle_014,1453,train,120.09722032828284,75.6,356.8,357.5,360.8,365.0,-70.44261721311474,41.0,0,0.04001639344262296,0.04100000000000037
vehicle_014_session_01454,vehicle_014,1454,train,114.04295101010096,52.4,337.4,337.8,340.3,343.9,-60.21804459016394,41.0,0,0.035918032786885254,0.040000000000000036
vehicle_014_session_01455,vehicle_014,1455,train,117.5312130722737,74.4,354.9,355.7,358.5,362.1,-60.22624213114754,42.0,0,0.036639344262295086,0.038000000000000256
vehicle_014_session_01456,vehicle_014,1456,train,114.831233125,59.2,342.8,343.6,346.9,350.5,-59.90490852459016,38.49180327868852,1,0.03708196721311474,0.039000000000000146
vehicle_014_session_01457,vehicle_014,1457,train,116.59147044472039,37.6,330.2,331.20000000000005,333.0,335.2,-69.23067973333332,39.946666666666665,1,0.031680000000000014,0.0349999999999997
vehicle_014_session_01458,vehicle_014,1458,train,116.31521693732194,7.2,319.1,320.8,323.85,326.3,-70.10534320000001,39.77333333333333,1,0.034026666666666636,0.03699999999999992
vehicle_014_session_01459,vehicle_014,1459,train,116.96293308237072,52.4,336.0,337.15,340.4,345.0,-70.24934826666664,39.24,1,0.039919999999999976,0.04499999999999993
vehicle_014_session_01460,vehicle_014,1460,train,114.27125257352942,38.0,330.8,331.1,331.9,333.2,-45.66394426229509,34.114754098360656,1,0.022606557377049204,0.02400000000000002
vehicle_014_session_01461,vehicle_014,1461,train,117.29367953431372,6.0,317.7,319.65,323.2,325.7,-71.04933826666667,41.0,0,0.03512000000000001,0.038000000000000256
vehicle_014_session_01462,vehicle_014,1462,train,115.29985670194003,14.8,323.0,323.6,325.8,328.0,-59.79510147540986,39.0,0,0.02883606557377044,0.03000000000000025
vehicle_014_session_01463,vehicle_014,1463,train,116.02580455508479,40.0,332.7,333.0,334.1,335.8,-59.700010000000006,40.52459016393443,1,0.02842622950819673,0.030999999999999694
vehicle_014_session_01464,vehicle_014,1464,train,115.82301425347627,45.600002,332.8,334.14999,336.6,339.9,-70.1829044473684,36.06578947368421,2,0.03523683421052629,0.040000000000000036
vehicle_014_session_01465,vehicle_014,1465,train,115.64072741858239,23.2,326.3,327.6,329.5,330.8,-69.97200066666667,36.18666666666667,1,0.03212000000000003,0.03699999999999992
vehicle_014_session_01466,vehicle_014,1466,train,115.74898333333334,11.6,321.1,322.6,325.25,327.8,-70.01842618421053,36.96052631578947,1,0.03334210526315786,0.03600000000000003
vehicle_014_session_01467,vehicle_014,1467,train,120.10843200995814,76.4,354.9,356.475,360.2375,364.7,-69.92400266666667,40.92,1,0.04066666666666662,0.0420000000000007
vehicle_014_session_01468,vehicle_014,1468,train,117.25585403539972,59.6,341.6,343.3,347.5,351.9,-70.05263842105263,41.55263157894737,1,0.041881578947368416,0.04500000000000037
vehicle_014_session_01469,vehicle_014,1469,train,116.13802087499998,28.0,328.19998,329.1,330.4,331.9,-70.06579318421052,39.078947368421055,1,0.03034209736842109,0.03199979999999991
vehicle_014_session_01470,vehicle_014,1470,train,115.1659589971405,26.0,329.1,329.2,330.5,331.7,-70.02623213114754,37.0,0,0.030836065573770517,0.03299999999999992
vehicle_014_session_01471,vehicle_014,1471,train,115.21957935049016,53.2,338.8,339.4,342.2,346.8,-70.06394081967213,39.78688524590164,2,0.04029508196721314,0.04400000000000004
vehicle_014_session_01472,vehicle_014,1472,train,117.89136275664245,66.8,348.3,349.3,352.4,355.8,-60.14590573770492,37.0,0,0.036344262295081975,0.038000000000000256
vehicle_014_session_01473,vehicle_014,1473,train,115.9084237642974,46.0,334.2,334.7,336.8,340.2,-68.8098531147541,35.16393442622951,1,0.03539344262295078,0.040000000000000036
vehicle_014_session_01474,vehicle_014,1474,train,118.18226041666667,73.6,355.0,355.8,358.9,363.0,-68.7918224590164,37.721311475409834,1,0.04019672131147537,0.04200000000000026
vehicle_014_session_01475,vehicle_014,1475,train,118.69235743055552,62.4,343.5,345.7,349.7,353.9,-69.45081475409836,35.75409836065574,1,0.04121311475409836,0.04600000000000026
vehicle_014_session_01476,vehicle_014,1476,train,116.1106272665895,20.8,324.6,326.1,328.8,330.3,-69.96393081967213,35.83606557377049,1,0.03322950819672131,0.038000000000000256
vehicle_014_session_01477,vehicle_014,1477,train,115.83231444035947,50.0,336.9,337.4,339.7,343.6,-70.04098770491805,38.78688524590164,2,0.037737704918032786,0.041999999999999815
vehicle_014_session_01478,vehicle_014,1478,train,121.57708423611109,77.6,357.8,358.6,362.1,366.3,-69.9458962295082,41.0,0,0.04090163934426225,0.04300000000000015
vehicle_014_session_01479,vehicle_014,1479,train,116.96602745441055,44.4,332.7,333.6,335.8,338.9,-70.02000546666667,35.86666666666667,2,0.03431999999999998,0.038000000000000256
vehicle_014_session_01480,vehicle_014,1480,train,116.0534236141636,25.2,327.4,328.5,330.0,331.4,-70.12369105263156,39.56578947368421,1,0.03131577631578948,0.03599999999999959
vehicle_014_session_01481,vehicle_014,1481,train,116.68576710349463,23.2,326.4,327.6,329.5,330.8,-69.97105263157896,35.36842105263158,1,0.032750000000000015,0.03799999999999981
vehicle_014_session_01482,vehicle_014,1482,train,116.0677570018985,36.4,329.4,330.5,332.1,333.8,-60.65000513157893,37.31578947368421,1,0.028131578947368455,0.03100000000000014
vehicle_014_session_01483,vehicle_014,1483,train,115.13890847844111,46.4,332.7,333.6,335.8,338.6,-60.70492852459017,39.049180327868854,1,0.0317868852459016,0.0349999999999997
vehicle_014_session_01484,vehicle_014,1484,train,114.65799440298512,24.8,326.9,327.5,329.1,330.3,-60.75739278688527,37.557377049180324,1,0.028344262295081975,0.03300000000000036
vehicle_014_session_01485,vehicle_014,1485,train,114.66835986733005,51.6,337.1,337.4,339.6,343.2,-60.788543442622974,40.32786885245902,1,0.03534426229508194,0.040000000000000036
vehicle_014_session_01486,vehicle_014,1486,train,115.65491004273507,14.8,323.8,324.2,326.0,328.0,-60.5,42.0,0,0.029967213114754088,0.03200000000000003
vehicle_014_session_01487,vehicle_014,1487,train,117.74020582877962,41.2,332.7,333.0,334.2,336.1,-60.47048885245901,43.295081967213115,1,0.02936065573770493,0.03200000000000003
vehicle_014_session_01488,vehicle_014,1488,train,118.27950792824076,65.6,347.8,348.6,351.4,354.7,-60.47048885245901,46.0,0,0.036688524590163925,0.038000000000000256
vehicle_014_session_01489,vehicle_014,1489,train,115.92846359546165,32.4,328.8,329.6375,331.0375,332.5,-60.97237592105264,36.0,0,0.027486842105263205,0.029999999999999805
vehicle_014_session_01490,vehicle_014,1490,train,115.89454259854986,41.2,331.3,332.45,334.5,337.2,-70.13290315789473,37.0,2,0.03317105263157897,0.03699999999999992
vehicle_014_session_01491,vehicle_014,1491,train,118.48959794061308,74.4,355.0,356.0,359.1,363.3,-69.84099114754099,39.67213114754098,1,0.041114754098360684,0.042999999999999705
vehicle_014_session_01492,vehicle_014,1492,train,114.00537880824373,47.2,334.7,335.0,336.9,339.6,-60.259017540983606,35.98360655737705,1,0.03247540983606554,0.03600000000000003
vehicle_014_session_01493,vehicle_014,1493,train,116.41340019063178,72.0,353.0,353.6,356.4,359.9,-60.208196885245904,37.81967213114754,1,0.03734426229508197,0.0389999999999997
vehicle_014_session_01494,vehicle_014,1494,train,114.21057542562727,32.0,329.1,330.2,331.7,333.6,-69.95466626666666,32.373333333333335,1,0.030239999999999996,0.03299999999999992
vehicle_014_session_01495,vehicle_014,1495,train,112.74871189939944,41.2,333.5,333.8,335.3,338.0,-70.2770668852459,36.868852459016395,2,0.03360655737704917,0.03600000000000003
vehicle_014_session_01496,vehicle_014,1496,train,117.77555454749107,70.8,352.8,353.6,356.8,361.0,-70.31476770491804,40.0,0,0.04016393442622951,0.04200000000000026
vehicle_014_session_01497,vehicle_014,1497,train,115.86783146483563,19.2,323.9,325.4,328.09999,329.9,-70.14211297368419,35.0,0,0.03294736052631579,0.035000199999999815
vehicle_014_session_01498,vehicle_014,1498,train,113.0056611328125,36.4,331.3,331.6,332.8,334.4,-60.200010000000006,30.37704918032787,1,0.028213114754098406,0.03100000000000014
vehicle_014_session_01499,vehicle_014,1499,train,115.86658735119049,62.0,345.2,346.0,349.1,352.5,-60.19837065573771,33.42622950819672,1,0.03762295081967216,0.04100000000000037
vehicle_014_session_01500,vehicle_014,1500,train,113.83679891748366,9.2,320.3,321.6,324.1,326.4,-60.85737852459016,31.0,0,0.030655737704918026,0.03299999999999992
vehicle_014_session_01501,vehicle_014,1501,train,116.19325684663535,36.4,331.7,332.1,333.2,334.7,-60.92622213114753,32.65573770491803,1,0.02832786885245905,0.03000000000000025
vehicle_014_session_01502,vehicle_014,1502,train,118.72684100877194,65.2,348.2,348.9,351.8,355.2,-60.913106721311465,36.0,0,0.036950819672131166,0.039000000000000146
vehicle_014_session_01503,vehicle_014,1503,train,117.47802927571169,49.2,333.9,335.4,338.4,342.7,-70.17763947368421,31.5,1,0.03760526315789474,0.04300000000000015
vehicle_014_session_01504,vehicle_014,1504,train,116.06060386007688,22.4,326.7,327.75,329.65,331.0,-70.05000486842104,29.342105263157894,1,0.03155263157894738,0.03600000000000003
vehicle_014_session_01505,vehicle_014,1505,train,114.81446459471768,21.2,327.4,327.7,328.8,330.0,-60.74591622950821,33.75409836065574,0,0.028180327868852478,0.03100000000000014
vehicle_014_session_01506,vehicle_014,1506,train,117.08091339006258,46.0,334.7,335.0,336.8,339.3,-60.78198213114756,35.704918032786885,1,0.03201639344262288,0.03500000000000014
vehicle_014_session_01507,vehicle_014,1507,train,121.40170339912285,74.8,355.5,356.1,358.9,362.7,-60.660665737704925,38.0,0,0.03799999999999996,0.040000000000000036
vehicle_014_session_01508,vehicle_014,1508,train,111.18108338758678,44.4,334.4,334.7,336.4,338.9,-59.91802459016393,28.098360655737704,2,0.0308524590163934,0.03399999999999981
vehicle_014_session_01509,vehicle_014,1509,train,116.30044031708596,70.0,352.2,353.0,355.7,359.1,-59.96229131147541,30.81967213114754,1,0.03626229508196722,0.037000000000000366
vehicle_014_session_01510,vehicle_014,1510,train,118.24508793924467,16.4,322.8,324.1,326.64999,328.8,-61.49605907894737,23.92105263157895,1,0.028789482894736842,0.031000200000000255
vehicle_014_session_01511,vehicle_014,1511,train,114.56986909203982,24.0,326.1,327.7,329.4,330.7,-61.24262770491804,28.0,0,0.027049180327868835,0.03100000000000014
vehicle_014_session_01512,vehicle_014,1512,train,115.1514734794061,66.8,349.6,350.3,353.0,356.1,-57.16558147540985,33.0,0,0.03527868852459019,0.03699999999999992
vehicle_014_session_01513,vehicle_014,1513,train,115.69447954545454,29.2,329.2,329.4,330.3,331.6,-60.2754273770492,35.0,0,0.027360655737704926,0.028999999999999915
vehicle_014_session_01514,vehicle_014,1514,train,114.97649646892657,51.6,336.9,337.4,339.6,342.8,-60.30001934426231,37.39344262295082,1,0.035409836065573776,0.040000000000000036
vehicle_014_session_01515,vehicle_014,1515,train,119.71543359375005,75.2,355.5,356.3,359.1,362.7,-60.31149196721313,39.0,0,0.03801639344262295,0.039000000000000146
vehicle_014_session_01516,vehicle_014,1516,train,118.15234192850636,70.0,351.9,352.7,355.3,358.8,-59.63443622950821,35.0,0,0.036836065573770504,0.038000000000000256
vehicle_014_session_01517,vehicle_014,1517,train,112.71922562636165,44.4,334.2,334.6,336.1,338.6,-60.8803237704918,34.81967213114754,1,0.031836065573770465,0.0349999999999997
vehicle_014_session_01518,vehicle_014,1518,train,117.04254861111114,59.6,341.4,342.7,346.8,350.7,-59.94589950819672,29.83606557377049,1,0.0402950819672131,0.04400000000000004
vehicle_014_session_01519,vehicle_014,1519,train,115.44309041666668,72.0,354.6,355.2,357.8,361.4,-59.79510016393444,28.0,0,0.038409836065573764,0.03999999999999959
vehicle_014_session_01520,vehicle_014,1520,train,111.21857193396228,41.6,333.0,333.5,334.9,337.2,-60.200010000000006,23.065573770491802,2,0.029672131147540977,0.03299999999999992
vehicle_014_session_01521,vehicle_014,1521,train,115.94488762626263,62.8,346.4,347.2,350.2,353.8,-60.20001016393444,25.868852459016395,1,0.03706557377049178,0.040000000000000036
vehicle_014_session_01522,vehicle_014,1522,train,114.20020274246701,16.0,325.7,326.1,327.8,329.1,-59.87213081967213,27.0,0,0.02911475409836064,0.03100000000000014
vehicle_014_session_01523,vehicle_014,1523,train,116.13546832358676,39.6,332.8,333.2,334.2,336.1,-59.94589622950819,28.60655737704918,1,0.02872131147540987,0.03100000000000014
vehicle_014_session_01524,vehicle_014,1524,train,116.71731836293259,62.4,345.8,346.8,349.6,353.0,-59.94753573770492,31.295081967213115,1,0.037393442622950815,0.040000000000000036
vehicle_014_session_01525,vehicle_014,1525,train,114.02956170977018,30.0,327.8,328.8,330.2,331.4,-60.28526245901641,34.0,0,0.027147540983606604,0.028000000000000025
vehicle_014_session_01526,vehicle_014,1526,train,116.68012981630827,64.8,347.1,347.7,350.7,354.1,-60.208207540983615,37.63934426229508,1,0.03786885245901638,0.039000000000000146
vehicle_014_session_01527,vehicle_014,1527,train,114.7563343079922,45.2,332.2,333.3,335.8,338.5,-59.98196540983606,30.360655737704917,1,0.03218032786885244,0.03600000000000003
vehicle_014_session_01528,vehicle_014,1528,train,117.13122940613025,68.0,350.8,351.6,354.4,357.8,-60.01311606557377,32.0,0,0.03877049180327872,0.040000000000000036
vehicle_014_session_01529,vehicle_014,1529,train,117.63686080473865,68.4,350.8,351.8,355.2,359.3,-70.21640475409836,30.0,0,0.0410655737704918,0.04200000000000026
vehicle_014_session_01530,vehicle_014,1530,train,115.22945772946862,33.2,330.5,330.7,331.6,333.0,-59.94917524590164,31.16393442622951,1,0.02754098360655741,0.02900000000000036
vehicle_014_session_01531,vehicle_014,1531,train,115.77386810312022,61.2,344.3,345.0,348.2,351.8,-59.92458262295081,34.0,0,0.03847540983606558,0.04200000000000026
vehicle_014_session_01532,vehicle_014,1532,train,116.19555324074075,22.0,326.0,327.2,328.9,330.2,-59.65902639344263,27.0,0,0.02932786885245904,0.03400000000000025
vehicle_014_session_01533,vehicle_014,1533,train,113.72521875,42.4,333.8,334.2,335.7,338.0,-59.70656819672132,29.19672131147541,1,0.030770491803278663,0.03400000000000025
vehicle_014_session_01534,vehicle_014,1534,train,115.01047055745813,32.4,332.1,332.2,333.6,335.7,-83.68852967213115,31.78688524590164,2,0.03598360655737707,0.038000000000000256
vehicle_014_session_01535,vehicle_014,1535,train,116.51667486111116,61.6,346.1,347.1,350.7,354.7,-73.75082639344262,35.47540983606557,1,0.041819672131147526,0.04500000000000037
vehicle_014_session_01536,vehicle_014,1536,train,116.69164053362574,64.0,346.8,347.4,350.5,353.9,-59.47540737704918,33.295081967213115,1,0.03795081967213113,0.040000000000000036
vehicle_014_session_01537,vehicle_014,1537,train,115.48685544191918,33.6,330.8,331.1,332.1,333.3,-59.42786163934426,34.34426229508197,1,0.02678688524590168,0.028999999999999915
vehicle_014_session_01538,vehicle_014,1538,train,115.45912535933459,21.6,325.7,327.1,329.2,330.7,-70.01333679999999,31.88,1,0.03313333333333335,0.039000000000000146
vehicle_014_session_01539,vehicle_014,1539,train,118.85115970514578,73.2,352.8,354.35,357.875,362.1,-69.91333653333334,33.82666666666667,1,0.040106666666666686,0.04200000000000026
vehicle_014_session_01540,vehicle_014,1540,train,115.84613726629276,35.6,329.7,330.8,332.7,334.6,-70.01466946666667,29.493333333333332,1,0.03198666666666667,0.03400000000000025
vehicle_014_session_01541,vehicle_014,1541,train,116.47487767584096,47.6,333.2,334.29999999999995,336.8,339.7,-59.66933893333332,27.586666666666666,1,0.0332533333333333,0.037000000000000366
vehicle_014_session_01542,vehicle_014,1542,train,117.355401119403,68.8,349.9,351.4,354.9,359.1,-69.9311413114754,35.442622950819676,1,0.04078688524590168,0.04200000000000026
vehicle_014_session_01543,vehicle_014,1543,train,116.48217313453166,71.2,353.9,354.7,357.8,361.9,-70.12131918032786,34.377049180327866,1,0.039983606557377024,0.041999999999999815
vehicle_014_session_01544,vehicle_014,1544,train,116.65987032531696,36.4,329.9,331.20000000000005,333.0,334.9,-70.11734106666668,30.84,2,0.030973333333333356,0.03300000000000036
vehicle_014_session_01545,vehicle_014,1545,train,117.94237798611111,61.2,344.3,345.2,348.9,353.2,-70.19509163934427,35.21311475409836,1,0.04244262295081967,0.04500000000000037
vehicle_014_session_01546,vehicle_014,1546,train,117.02150795717596,35.2,329.6,330.5,332.15,334.2,-70.0710577631579,33.71052631578947,1,0.03153947368421056,0.03400000000000025
vehicle_014_session_01547,vehicle_014,1547,train,115.41890739622791,16.4,323.0,324.29999999999995,327.2,329.4,-70.10132289473684,34.921052631578945,1,0.03360526315789471,0.03600000000000003
vehicle_014_session_01548,vehicle_014,1548,train,115.66717894345236,43.6,333.2,333.6,335.5,338.5,-69.61968213114754,34.26229508196721,1,0.034754098360655704,0.03799999999999981
vehicle_014_session_01549,vehicle_014,1549,train,118.99374011752137,66.4,348.6,349.6,353.0,356.9,-69.59673098360656,36.557377049180324,1,0.04111475409836069,0.04300000000000015
vehicle_014_session_01550,vehicle_014,1550,train,116.35107937872857,32.0,328.6,329.5,330.8,332.4,-60.428007866666654,34.346666666666664,1,0.02732000000000007,0.02900000000000036
vehicle_014_session_01551,vehicle_014,1551,train,116.08524381313131,27.2,329.7,330.0,331.1,332.5,-70.18033786885246,29.704918032786885,1,0.03152459016393446,0.03300000000000036
vehicle_014_session_01552,vehicle_014,1552,train,115.90934696016775,69.2,352.4,353.2,356.3,360.3,-70.20328901639343,34.0,0,0.04245901639344263,0.04400000000000048
vehicle_014_session_01553,vehicle_014,1553,train,115.40176060405646,22.4,326.1,327.9,329.95,331.3,-70.10658605263157,22.67105263157895,1,0.03076315789473686,0.03400000000000025
vehicle_014_session_01554,vehicle_014,1554,train,114.54283469466489,26.4,327.1,328.2,329.7,331.0,-61.37377770491805,29.0327868852459,1,0.02803278688524593,0.03000000000000025
vehicle_014_session_01555,vehicle_014,1555,train,113.68913139090176,39.6,333.0,333.5,334.9,337.2,-69.70984704918033,25.459016393442624,1,0.03322950819672128,0.03699999999999992
vehicle_014_session_01556,vehicle_014,1556,train,115.33046795634921,46.0,332.8,334.1,336.70000000000005,340.0,-70.14211355263156,30.67105263157895,1,0.03609210526315788,0.040000000000000036
vehicle_014_session_01557,vehicle_014,1557,train,115.84705276141652,16.8,323.5,324.5,327.1,329.1,-61.63816592105262,27.736842105263158,1,0.03038157894736838,0.03299999999999992
vehicle_014_session_01558,vehicle_014,1558,train,117.26467816971801,44.8,332.2,333.70000000000005,336.20000000000005,339.4,-69.760016,29.346666666666668,1,0.03510666666666664,0.040000000000000036
