segment_id,vehicle,session_index,split,proxy_capacity_ah,soc_start,voltage_start,voltage_60,voltage_300,voltage_600,current_mean,tmax_mean,temperature_rise,cell_gap_mean,cell_gap_max
vehicle_018_session_00001,vehicle_018,1,test,130.77088761087768,23.2,327.2,328.0,329.1,329.9,-52.112010000000005,36.0,0,0.024040000000000016,0.025000000000000355
vehicle_018_session_00002,vehicle_018,2,test,133.39716512731482,27.6,328.8,329.9,331.20000000000005,332.8,-73.98816039473684,38.0921052631579,1,0.03175000000000003,0.03400000000000025
vehicle_018_session_00003,vehicle_018,3,test,132.0289651794494,47.6,335.7,337.45,341.35,345.0,-74.73159210526315,42.9078947368421,1,0.04865789473684214,0.05300000000000038
vehicle_018_session_00004,vehicle_018,4,test,132.21737568367786,42.8,332.4,333.25,334.95,337.4,-52.19343105263159,38.0,0,0.03311842105263157,0.040000000000000036
vehicle_018_session_00005,vehicle_018,5,test,129.69747072740114,24.0,326.4,328.4,329.4,330.3,-51.777641578947375,35.578947368421055,1,0.024026315789473698,0.0259999999999998
vehicle_018_session_00006,vehicle_018,6,test,132.01409886363635,2.8,317.5,318.55,320.8,322.7,-44.600010000000005,37.0,0,0.03577333333333338,0.038000000000000256
vehicle_018_session_00007,vehicle_018,7,test,133.99923806764983,28.4,328.9,329.95,331.3,332.7,-70.78159657894734,36.31578947368421,1,0.0309342105263158,0.03299999999999992
vehicle_018_session_00008,vehicle_018,8,test,132.95536385459536,34.8,330.7,331.65,333.3,335.3,-70.24401453333333,35.666666666666664,1,0.033493333333333354,0.03799999999999981
vehicle_018_session_00009,vehicle_018,9,test,130.06377780118606,23.6,327.2,328.0,328.85,329.7,-44.711853289473694,34.94736842105263,1,0.022026315789473717,0.02400000000000002
vehicle_018_session_00010,vehicle_018,10,test,132.07998873226148,13.2,324.1,325.6,328.0,329.6,-74.27896368421052,33.776315789473685,1,0.035855263157894716,0.040999999999999925
vehicle_018_session_00011,vehicle_018,11,test,131.372361902545,16.0,324.2,325.2,326.7,327.8,-45.001333466666665,34.54666666666667,-1,0.028786666666666624,0.03200000000000003
vehicle_018_session_00012,vehicle_018,12,test,132.20201028719399,12.0,323.9,324.6,325.8,326.9,-40.20001,35.0,0,0.026197368421052546,0.029999999999999805
vehicle_018_session_00013,vehicle_018,13,test,128.34800983309992,52.0,341.3,342.2,343.85,345.8,-40.19474684210527,38.0,0,0.038171052631578994,0.040000000000000036
vehicle_018_session_00014,vehicle_018,14,test,133.5038225340136,21.2,325.7,327.29999999999995,328.3,329.1,-44.70389636363637,36.0,0,0.022545454545454584,0.026000000000000245
vehicle_018_session_00015,vehicle_018,15,test,133.5766147666667,49.6,336.4,337.8,340.9,343.5,-49.993420394736845,38.0,0,0.044907894736842126,0.04899999999999993
vehicle_018_session_00016,vehicle_018,16,test,132.79139923917486,15.6,325.2,326.3,328.5,329.7,-70.87466533333334,38.0,0,0.03557333333333334,0.040999999999999925
vehicle_018_session_00017,vehicle_018,17,test,130.41378726969953,46.8,337.5,338.1,340.95000000000005,344.4,-70.92894026315788,41.328947368421055,1,0.048131578947368435,0.052000000000000046
vehicle_018_session_00018,vehicle_018,18,test,136.6641784537037,69.6,355.3,356.20000000000005,359.6,363.9,-75.00526368421053,40.921052631578945,1,0.05234210526315785,0.05400000000000027
vehicle_018_session_00019,vehicle_018,19,test,129.67095015576325,28.0,328.9,329.1,329.7,330.3,-39.0,40.0,0,0.02017105263157899,0.02200000000000024
vehicle_018_session_00020,vehicle_018,20,test,133.061096533834,30.8,328.6,329.475,330.5,331.6,-45.06267666666667,37.10666666666667,1,0.02268000000000002,0.02499999999999991
vehicle_018_session_00021,vehicle_018,21,test,131.90501658775256,49.6,336.3,337.4,340.1,342.5,-45.20132592105264,44.0,0,0.042855263157894716,0.04600000000000026
vehicle_018_session_00022,vehicle_018,22,test,130.2634077160494,35.6,330.2,330.8,331.79999999999995,333.0,-39.20001,35.666666666666664,1,0.023213333333333346,0.025000000000000355
vehicle_018_session_00023,vehicle_018,23,test,130.84814984107243,18.4,326.4,327.75,329.2,330.5,-74.24606815789474,39.21052631578947,1,0.034710526315789476,0.04200000000000026
vehicle_018_session_00024,vehicle_018,24,test,132.76210736957995,17.6,325.0,325.7,327.0,327.8,-40.20001,39.0,0,0.027434210526315724,0.03299999999999992
vehicle_018_session_00025,vehicle_018,25,test,132.89043787178989,14.8,324.7,326.1,328.5,329.9,-74.64211447368419,40.96052631578947,1,0.036434210526315756,0.040999999999999925
vehicle_018_session_00026,vehicle_018,26,test,130.27794119281046,9.6,321.1,322.0,323.70000000000005,325.3,-40.00131592105263,38.0,0,0.028013157894736847,0.03000000000000025
vehicle_018_session_00027,vehicle_018,27,test,138.65005291842476,68.0,352.4,353.8,357.15,361.1,-69.62632407894735,40.60526315789474,1,0.04822368421052634,0.04999999999999982
vehicle_018_session_00028,vehicle_018,28,test,134.430367650463,54.0,341.1,342.75,345.9,349.6,-69.8144877631579,37.73684210526316,1,0.049144736842105255,0.052000000000000046
vehicle_018_session_00029,vehicle_018,29,test,131.59387615079365,14.8,324.7,326.1,328.5,329.9,-74.16974565789472,36.96052631578947,1,0.03561842105263158,0.040000000000000036
vehicle_018_session_00030,vehicle_018,30,test,133.46662912581698,24.8,328.3,329.29999999999995,330.5,331.9,-71.02105684210527,39.0,0,0.030328947368421073,0.03200000000000003
vehicle_018_session_00031,vehicle_018,31,test,134.05479693754316,35.2,330.8,331.7,333.3,335.5,-70.61053565789473,39.94736842105263,1,0.033,0.03699999999999992
vehicle_018_session_00032,vehicle_018,32,test,133.03313261251762,67.2,352.4,353.75,357.15,361.1,-70.84000160000001,36.53333333333333,1,0.04689333333333335,0.04800000000000004
vehicle_018_session_00033,vehicle_018,33,test,132.14385537304136,37.2,331.7,332.8,334.9,337.7,-74.21580105263156,34.3421052631579,1,0.03680263157894735,0.042999999999999705
vehicle_018_session_00034,vehicle_018,34,test,133.23166875315658,11.6,323.0,324.79999999999995,327.4,329.2,-74.29467413333332,33.93333333333333,1,0.03681333333333331,0.040999999999999925
vehicle_018_session_00035,vehicle_018,35,test,133.46639434343436,50.0,336.1,336.8,338.70000000000005,340.3,-27.70000618421053,36.0,0,0.03738157894736838,0.040000000000000036
vehicle_018_session_00036,vehicle_018,36,test,131.71213503963995,3.6,319.1,320.9,323.8375,326.4,-70.36666666666666,35.0,0,0.0414,0.04500000000000037
vehicle_018_session_00037,vehicle_018,37,test,131.49902189258088,6.4,319.6,320.3,322.15,323.9,-40.101325789473684,38.0,0,0.029039473684210552,0.03299999999999992
vehicle_018_session_00038,vehicle_018,38,test,129.3337909035409,26.0,326.9,328.0,328.9,329.7,-38.83552631578947,35.0,0,0.019697368421052658,0.02100000000000035
vehicle_018_session_00039,vehicle_018,39,test,133.55023205475985,22.8,327.5,328.6,329.9,331.1,-69.56053236842106,37.0,0,0.030184210526315806,0.03200000000000003
vehicle_018_session_00040,vehicle_018,40,test,131.97338146335343,33.2,329.4,330.0,331.1,332.1,-40.14737842105264,32.68421052631579,1,0.02134210526315787,0.02400000000000002
vehicle_018_session_00041,vehicle_018,41,test,133.33646723690154,50.8,337.1,338.3,340.8,342.8,-40.14934333333334,35.0,0,0.03951999999999998,0.04300000000000015
vehicle_018_session_00042,vehicle_018,42,test,130.07738085218912,21.2,326.4,327.15,328.0,328.8,-40.49736815789473,37.0,0,0.021144736842105265,0.02499999999999991
vehicle_018_session_00043,vehicle_018,43,test,135.07786632217852,48.8,335.3,336.20000000000005,338.6,341.0,-40.30002000000002,38.0,0,0.038426666666666616,0.042999999999999705
vehicle_018_session_00044,vehicle_018,44,test,132.7005852675975,23.2,326.9,327.575,328.6,329.6,-45.220012000000004,36.0,0,0.021959999999999997,0.023999999999999577
vehicle_018_session_00045,vehicle_018,45,test,131.45289748792268,38.4,330.2,331.4,332.8,334.2,-44.951325921052636,38.10526315789474,1,0.025315789473684232,0.028000000000000025
vehicle_018_session_00046,vehicle_018,46,test,131.88995276857986,39.2,331.3,332.1,333.5375,335.2,-45.04133746666666,34.78666666666667,1,0.026720000000000008,0.03200000000000003
vehicle_018_session_00047,vehicle_018,47,test,132.37680710109822,13.6,323.9,325.75,328.2,329.6,-71.08158644736841,29.68421052631579,1,0.03515789473684209,0.03999999999999959
vehicle_018_session_00048,vehicle_018,48,test,130.7634808136879,38.8,332.4,333.5,335.7375,338.8,-70.1546784,32.64,1,0.03631999999999998,0.04300000000000015
vehicle_018_session_00049,vehicle_018,49,test,133.62512084126985,29.6,329.4,330.2,331.6,333.2,-69.4733312,36.4,1,0.029933333333333364,0.03200000000000003
vehicle_018_session_00050,vehicle_018,50,test,134.86310780885782,42.4,333.0,334.15,336.6,340.2,-70.06934013333334,39.733333333333334,1,0.038706666666666646,0.04700000000000015
vehicle_018_session_00051,vehicle_018,51,test,133.0980552220653,28.8,329.2,330.1,331.4,333.0,-70.71185513157893,36.69736842105263,1,0.03044736842105266,0.03299999999999992
vehicle_018_session_00052,vehicle_018,52,test,132.21258850108225,38.0,331.6,332.8,335.0,338.0,-74.4342107894737,33.421052631578945,1,0.03668421052631578,0.04300000000000015
vehicle_018_session_00053,vehicle_018,53,test,133.06258557947214,3.2,318.5,320.25,323.4,326.1,-70.06316552631579,35.81578947368421,1,0.04171052631578946,0.04500000000000037
vehicle_018_session_00054,vehicle_018,54,test,130.107948440735,34.8,335.8,337.0,338.3875,340.4,-69.82266986666667,34.906666666666666,1,0.019253333333333376,0.02100000000000035
vehicle_018_session_00055,vehicle_018,55,test,132.3409676094891,44.8,336.1,336.70000000000005,339.35,343.2,-69.80935053333333,32.50666666666667,1,0.044586666666666636,0.050000000000000266
vehicle_018_session_00056,vehicle_018,56,test,131.94760917159766,32.0,330.0,331.0,332.5,334.4,-71.15001065789474,36.88157894736842,1,0.032144736842105295,0.03500000000000014
vehicle_018_session_00057,vehicle_018,57,test,133.54301158584434,28.8,329.1,330.2,331.6,333.3,-74.02105565789473,33.276315789473685,1,0.03168421052631578,0.03400000000000025
vehicle_018_session_00058,vehicle_018,58,test,133.3448035348361,26.4,328.5,329.65,331.0375,332.5,-74.1400068,32.76,1,0.03154666666666671,0.03299999999999992
vehicle_018_session_00059,vehicle_018,59,test,132.06914436543582,32.8,328.5,329.9,331.0,332.1,-44.85658894736842,31.473684210526315,1,0.02256578947368427,0.025000000000000355
vehicle_018_session_00060,vehicle_018,60,test,131.79362566391944,26.8,327.8,328.55,329.6,330.3,-45.14667666666667,34.0,0,0.021733333333333337,0.02300000000000013
vehicle_018_session_00061,vehicle_018,61,test,132.59606634485098,64.4,348.0,349.9,352.15,354.7,-44.82764157894737,35.0,0,0.036736842105263165,0.038000000000000256
vehicle_018_session_00062,vehicle_018,62,test,132.15146179844032,2.0,317.4,318.6,321.1,323.3,-50.656588815789476,37.0,0,0.03571052631578953,0.038000000000000256
vehicle_018_session_00063,vehicle_018,63,test,133.12614563027938,31.6,328.8,329.65,330.75,331.9,-50.52368657894737,35.93421052631579,1,0.02414473684210528,0.026000000000000245
vehicle_018_session_00064,vehicle_018,64,test,131.8438441066066,43.6,333.9,334.6,336.0,338.0,-45.0040004,38.0,0,0.03134666666666664,0.03799999999999981
vehicle_018_session_00065,vehicle_018,65,test,134.71201319444447,48.0,336.0,337.4375,341.4,345.2,-74.0960084,42.76,1,0.047959999999999996,0.052000000000000046
vehicle_018_session_00066,vehicle_018,66,test,132.56790403580405,7.2,319.1,320.0,322.0,323.6,-39.67369421052632,33.0,0,0.028631578947368445,0.03200000000000003
vehicle_018_session_00067,vehicle_018,67,test,130.8345151935506,17.2,325.0,326.0,327.5,328.6,-50.36184407894737,38.078947368421055,1,0.028999999999999974,0.0349999999999997
vehicle_018_session_00068,vehicle_018,68,test,133.7951508109041,35.2,330.8,331.7,333.5,335.7,-74.28817355263158,37.88157894736842,1,0.034500000000000024,0.039000000000000146
vehicle_018_session_00069,vehicle_018,69,test,133.76586492822523,40.0,332.4,333.4,335.575,338.8,-73.97733106666666,39.85333333333333,2,0.03826666666666663,0.04599999999999982
vehicle_018_session_00070,vehicle_018,70,test,130.61434240240243,25.6,327.8,328.70000000000005,329.79999999999995,330.8,-50.87237039473684,33.0,0,0.02400000000000003,0.025000000000000355
vehicle_018_session_00071,vehicle_018,71,test,133.51529385658915,13.6,322.7,323.8,325.7,327.4,-49.59737815789474,35.0,0,0.030105263157894677,0.03300000000000036
vehicle_018_session_00072,vehicle_018,72,test,133.5637868817751,17.6,325.7,327.0,328.9,330.2,-74.16711486842104,37.94736842105263,1,0.035263157894736864,0.04100000000000037
vehicle_018_session_00073,vehicle_018,73,test,130.19395726175992,25.6,326.0,327.25,328.6,329.4,-37.539465078947366,36.0,0,0.019605263157894775,0.02200000000000024
vehicle_018_session_00074,vehicle_018,74,test,130.66758713186073,18.4,325.0,326.0,327.4,328.2,-45.00533386666667,37.0,0,0.028786666666666627,0.0349999999999997
vehicle_018_session_00075,vehicle_018,75,test,129.7469357897287,12.4,323.5,324.29999999999995,326.1,327.5,-49.939994,35.0,0,0.02943999999999995,0.03200000000000003
vehicle_018_session_00076,vehicle_018,76,test,131.11410963925763,54.4,342.4,342.8,344.7,347.1,-45.00263184210527,36.671052631578945,1,0.040434210526315816,0.04200000000000026
vehicle_018_session_00077,vehicle_018,77,test,129.33221835171568,10.8,320.5,321.5,322.7,323.9,-25.913338666666665,39.0,0,0.02361333333333336,0.025000000000000355
vehicle_018_session_00078,vehicle_018,78,test,132.8797813327423,5.6,319.6,321.2125,324.1,326.6,-70.34667,39.86666666666667,1,0.04053333333333333,0.04400000000000004
vehicle_018_session_00079,vehicle_018,79,test,131.28231313725493,30.8,327.7,329.29999999999995,330.3,331.3,-44.660002666666664,40.0,0,0.02280000000000002,0.02400000000000002
vehicle_018_session_00080,vehicle_018,80,test,133.65721183544892,39.2,331.6,332.8,334.775,337.4,-69.41199173333334,37.45333333333333,1,0.036226666666666664,0.04200000000000026
vehicle_018_session_00081,vehicle_018,81,test,132.60638466961282,20.4,326.6,327.9,329.4,330.7,-70.43947342105264,36.0921052631579,2,0.032197368421052634,0.038000000000000256
vehicle_018_session_00082,vehicle_018,82,test,133.19349576162443,26.0,328.2,329.29999999999995,330.7,332.1,-70.3280116,35.44,1,0.030933333333333368,0.03200000000000003
vehicle_018_session_00083,vehicle_018,83,test,129.444178124183,64.8,348.2,349.75,352.15,354.4,-37.555255631578945,35.828947368421055,1,0.03713157894736844,0.039000000000000146
vehicle_018_session_00084,vehicle_018,84,test,131.0551951016865,53.2,340.5,342.2,345.5,349.4,-70.45525921052631,39.1578947368421,1,0.04981578947368418,0.05500000000000016
vehicle_018_session_00085,vehicle_018,85,test,133.79373669907406,39.6,331.7,333.0,334.9375,337.7,-70.28001746666665,37.81333333333333,1,0.03722666666666665,0.04400000000000004
vehicle_018_session_00086,vehicle_018,86,test,129.29043901359546,24.8,325.8,327.25,328.55,329.2,-37.399990157894734,35.0,0,0.01981578947368424,0.02100000000000035
vehicle_018_session_00087,vehicle_018,87,test,132.30570338708606,16.4,324.9,326.35,328.5,329.9,-70.2013264473684,33.0,0,0.03503947368421054,0.040999999999999925
vehicle_018_session_00088,vehicle_018,88,test,130.96423239981786,26.4,329.6,330.6,331.7,333.2,-74.60132407894737,37.973684210526315,2,0.03244736842105266,0.03500000000000014
vehicle_018_session_00089,vehicle_018,89,test,129.1549237613889,36.0,328.5,329.9,331.4,332.5,-37.3723686618421,35.8421052631579,1,0.02234210526315793,0.025000000000000355
vehicle_018_session_00090,vehicle_018,90,test,132.21096752645502,55.2,341.1,342.6,344.9,346.9,-37.43333016,36.946666666666665,1,0.03836000000000005,0.040999999999999925
vehicle_018_session_00091,vehicle_018,91,test,129.74313425044096,31.2,327.2,328.55,329.9,330.8,-37.53288542105263,35.0,0,0.02053947368421053,0.02300000000000013
vehicle_018_session_00092,vehicle_018,92,test,131.98957388301002,24.0,327.2,328.0,329.1,329.9,-49.70658960526317,35.0,0,0.024118421052631595,0.026000000000000245
vehicle_018_session_00093,vehicle_018,93,test,131.57116360463448,22.4,327.4,328.55,329.9,331.1,-69.70401093333332,34.42666666666667,1,0.030493333333333327,0.03300000000000036
vehicle_018_session_00094,vehicle_018,94,test,130.51299774305556,40.4,332.4,333.55,335.6,338.8,-69.43552039473686,35.3421052631579,1,0.0390394736842105,0.04700000000000015
vehicle_018_session_00095,vehicle_018,95,test,133.2689768356076,31.2,329.6,330.6,332.1,333.8,-70.13421855263158,37.71052631578947,1,0.030828947368421095,0.03300000000000036
vehicle_018_session_00096,vehicle_018,96,test,134.62714481179552,44.4,333.5,334.9,337.7,341.9,-70.60264157894737,36.026315789473685,2,0.042815789473684175,0.051000000000000156
vehicle_018_session_00097,vehicle_018,97,test,131.4911310142544,23.6,328.2,329.15,330.5,331.9,-74.27468213333333,37.906666666666666,1,0.03156000000000003,0.03300000000000036
vehicle_018_session_00098,vehicle_018,98,test,132.984438443647,16.0,324.7,326.20000000000005,328.6,329.9,-74.45789842105265,37.0,0,0.03636842105263157,0.040999999999999925
vehicle_018_session_00099,vehicle_018,99,test,133.21604666916167,32.8,330.0,331.05,332.5,334.4,-71.52105618421051,39.0,0,0.032184210526315794,0.03500000000000014
vehicle_018_session_00100,vehicle_018,100,test,129.4739000896799,26.8,328.5,329.65,331.0,332.4,-69.52368657894738,33.46052631578947,1,0.030250000000000006,0.03200000000000003
vehicle_018_session_00101,vehicle_018,101,test,129.30625722502808,18.8,325.8,326.6,327.8,328.6,-45.01052736842105,31.0,0,0.024815789473684194,0.030999999999999694
vehicle_018_session_00102,vehicle_018,102,test,131.5937335858586,16.0,324.4,325.25,326.975,328.0,-45.010667733333335,30.0,0,0.027973333333333295,0.03200000000000003
vehicle_018_session_00103,vehicle_018,103,test,130.89225123611115,64.4,349.1,350.2,352.4,354.9,-45.20132592105264,39.0,0,0.03719736842105265,0.039000000000000146
vehicle_018_session_00104,vehicle_018,104,test,131.1199711067366,34.4,329.6,330.1,331.1,332.2,-45.15067666666667,40.0,0,0.02324000000000001,0.025000000000000355
vehicle_018_session_00105,vehicle_018,105,test,129.69150017857146,23.6,326.3,327.5,328.6,329.4,-45.06580157894737,35.0,0,0.022276315789473727,0.02499999999999991
vehicle_018_session_00106,vehicle_018,106,test,129.0318969813368,8.8,320.2,321.05,322.7375,324.4,-40.22134546666667,39.0,0,0.02833333333333334,0.03100000000000014
vehicle_018_session_00107,vehicle_018,107,test,136.56691428767877,59.2,344.4,345.7,348.2,351.0,-49.601325789473684,37.0,0,0.04078947368421049,0.04300000000000015
vehicle_018_session_00108,vehicle_018,108,test,130.27613683796298,26.0,326.4,327.29999999999995,328.1,328.6,-30.476320263157888,36.0,0,0.017197368421052656,0.019000000000000128
vehicle_018_session_00109,vehicle_018,109,test,137.38168447916667,67.6,351.4,352.45,354.79999999999995,357.4,-45.00921144736842,35.0,0,0.037460526315789514,0.039000000000000146
vehicle_018_session_00110,vehicle_018,110,test,129.96184568965518,29.2,327.7,329.4,330.1,331.0,-44.57236894736842,34.89473684210526,1,0.022092105263157885,0.02400000000000002
vehicle_018_session_00111,vehicle_018,111,test,132.79316286324786,63.2,349.6,350.5,352.7,355.2,-45.007895526315785,37.0,0,0.03815789473684211,0.040000000000000036
vehicle_018_session_00112,vehicle_018,112,test,133.3367189484127,62.4,347.2,348.3,350.7,353.2,-45.205343866666674,34.0,0,0.03867999999999998,0.040000000000000036
vehicle_018_session_00113,vehicle_018,113,test,132.3949614022044,11.6,319.9,321.5,323.70000000000005,325.3,-37.29736121315789,33.0,0,0.027460526315789494,0.029999999999999805
vehicle_018_session_00114,vehicle_018,114,test,129.08374245514148,27.2,326.6,327.4,327.9,328.3,-19.96448371052632,31.0,0,0.013355263157894745,0.015000000000000124
vehicle_018_session_00115,vehicle_018,115,test,129.2765351119614,28.8,327.5,328.55,329.6,330.3,-40.076327368421055,33.0921052631579,1,0.019763157894736857,0.02100000000000035
vehicle_018_session_00116,vehicle_018,116,test,131.3758997801758,38.8,330.5,331.4,332.7,334.1,-44.92500171052631,35.0,0,0.024342105263157925,0.028000000000000025
vehicle_018_session_00117,vehicle_018,117,test,129.96747397381458,14.4,322.4,324.0,325.8,327.4,-44.91843105263158,34.0,0,0.027723684210526265,0.03100000000000014
vehicle_018_session_00118,vehicle_018,118,test,130.9923915590481,25.2,328.2,329.2,330.7,332.1,-74.01184644736841,36.0,0,0.03082894736842107,0.03200000000000003
vehicle_018_session_00119,vehicle_018,119,test,129.56716723968987,24.4,327.1,327.9,328.9,329.7,-46.17600773333333,34.0,0,0.021640000000000034,0.02300000000000013
vehicle_018_session_00120,vehicle_018,120,test,130.39124481376268,12.4,321.6,322.6,324.2,325.8,-39.817332133333345,35.0,0,0.026386666666666645,0.028000000000000025
vehicle_018_session_00121,vehicle_018,121,test,129.8474628980892,31.2,329.7,331.05,332.45,334.4,-74.30668466666665,34.49333333333333,1,0.03260000000000001,0.03600000000000003
vehicle_018_session_00122,vehicle_018,122,test,130.72150118118978,12.0,323.5,324.79999999999995,327.4,329.1,-70.64000866666666,33.0,0,0.034599999999999964,0.03799999999999981
vehicle_018_session_00123,vehicle_018,123,test,134.91738764318447,60.8,346.9,348.6,352.1,356.1,-70.6171119736842,32.86842105263158,1,0.045052631578947344,0.0479999999999996
vehicle_018_session_00124,vehicle_018,124,test,130.80788162997902,42.8,332.1,332.75,334.15,336.0,-39.90525368421052,33.0,0,0.025934210526315844,0.03000000000000025
vehicle_018_session_00125,vehicle_018,125,test,129.1403745718908,22.0,327.8,328.9,330.3,331.7,-73.96184315789473,32.35526315789474,1,0.03097368421052635,0.03400000000000025
vehicle_018_session_00126,vehicle_018,126,test,129.78729604748835,28.4,328.9,329.95,331.4,333.0,-70.4144775,31.894736842105264,1,0.03031578947368422,0.03200000000000003
vehicle_018_session_00127,vehicle_018,127,test,128.83980833333337,33.6,330.5,330.6,331.3,332.1,-39.80002000000002,32.61842105263158,1,0.021500000000000033,0.02400000000000002
vehicle_018_session_00128,vehicle_018,128,test,130.6460180173993,26.8,327.7,328.5,329.6,330.3,-45.19867680000001,31.773333333333333,1,0.021533333333333377,0.02300000000000013
vehicle_018_session_00129,vehicle_018,129,test,133.16384324725118,56.4,342.4,344.6375,348.075,351.9,-69.93466439999999,33.0,0,0.04646666666666668,0.051000000000000156
vehicle_018_session_00130,vehicle_018,130,test,130.87428024664752,36.8,331.3,332.2,334.1,336.4,-70.20534386666665,34.666666666666664,1,0.033800000000000004,0.03799999999999981
vehicle_018_session_00131,vehicle_018,131,test,129.1563906711625,25.6,327.7,328.3,329.29999999999995,330.2,-45.007895526315785,31.92105263157895,1,0.02164473684210526,0.02300000000000013
vehicle_018_session_00132,vehicle_018,132,test,128.61912757270693,14.8,322.7,323.2,324.2,325.3,-26.002666933333334,32.0,0,0.023653333333333346,0.026000000000000245
vehicle_018_session_00133,vehicle_018,133,test,128.9585550154321,10.8,322.1,323.0,324.9,326.6,-45.20922144736843,33.0,0,0.02869736842105258,0.03100000000000014
vehicle_018_session_00134,vehicle_018,134,test,129.18232173763738,22.0,327.5,328.5,329.7,330.8,-60.03684657894737,29.07894736842105,1,0.026381578947368443,0.028999999999999915
vehicle_018_session_00135,vehicle_018,135,test,130.00033172123017,46.8,335.3,337.0,340.75,345.0,-74.60000697368419,35.75,1,0.04773684210526317,0.05300000000000038
vehicle_018_session_00136,vehicle_018,136,test,129.06434202869934,10.4,322.1,323.2,325.7,327.5,-59.955264473684196,32.6578947368421,1,0.03309210526315786,0.03500000000000014
vehicle_018_session_00137,vehicle_018,137,test,129.52888628606806,43.2,333.6,335.25,338.3,342.8,-74.89342092105262,28.75,2,0.044039473684210496,0.05300000000000038
vehicle_018_session_00138,vehicle_018,138,test,127.57258025690845,18.0,325.2,326.1,327.75,328.6,-50.19734333333334,32.54666666666667,1,0.027586666666666666,0.03299999999999992
vehicle_018_session_00139,vehicle_018,139,test,129.5610752583979,52.4,337.2,339.6,342.4,344.9,-44.74134333333333,33.373333333333335,1,0.04283999999999997,0.04600000000000026
vehicle_018_session_00140,vehicle_018,140,test,127.30159150022955,18.0,324.4,325.875,327.4,328.3,-44.8,32.0,0,0.02702666666666664,0.03200000000000003
vehicle_018_session_00141,vehicle_018,141,test,128.5618042294622,51.2,338.0,339.95,343.8,347.7,-69.96266746666667,35.16,1,0.05008,0.05400000000000027
vehicle_018_session_00142,vehicle_018,142,test,127.068394663242,22.0,324.9,326.25,327.8,328.6,-37.45599909333333,30.0,0,0.020346666666666652,0.023999999999999577
vehicle_018_session_00143,vehicle_018,143,test,127.90335554029303,22.0,327.5,328.85,330.3,331.7,-73.56579592105264,30.68421052631579,1,0.03164473684210528,0.03300000000000036
vehicle_018_session_00144,vehicle_018,144,test,126.99952513670168,22.8,327.2,328.3,329.6,330.7,-59.812008933333324,30.546666666666667,1,0.026786666666666684,0.028999999999999915
vehicle_018_session_00145,vehicle_018,145,test,128.19689341269842,58.8,344.9,346.85,350.25,354.1,-69.60658894736842,33.86842105263158,1,0.04727631578947366,0.050000000000000266
vehicle_018_session_00146,vehicle_018,146,test,129.413423907644,40.0,331.1,331.9,333.3,335.0,-44.921325466666666,30.186666666666667,1,0.02656,0.029999999999999805
vehicle_018_session_00147,vehicle_018,147,test,125.74786324786326,33.2,329.2,329.9,330.875,331.9,-40.0,29.04,1,0.02173333333333336,0.02400000000000002
vehicle_018_session_00148,vehicle_018,148,test,129.87500249042154,74.4,358.2,359.20000000000005,361.3,363.6,-40.00131592105263,31.0,0,0.03640789473684207,0.038000000000000256
vehicle_018_session_00149,vehicle_018,149,test,127.06324200166273,31.2,328.0,328.6,329.29999999999995,330.0,-27.198676399999997,29.0,0,0.015893333333333367,0.018000000000000238
vehicle_018_session_00150,vehicle_018,150,test,130.2668795622428,50.0,334.6,336.35,339.6,342.2,-37.27630647763158,29.723684210526315,1,0.037723684210526305,0.04300000000000015
vehicle_018_session_00151,vehicle_018,151,test,126.72285331399439,18.0,326.3,327.29999999999995,328.8,329.7,-59.84534026666667,28.906666666666666,1,0.027666666666666697,0.03299999999999992
vehicle_018_session_00152,vehicle_018,152,test,130.1014859920635,41.6,332.7,334.0,336.4,340.2,-74.49736815789474,31.06578947368421,2,0.03917105263157893,0.04700000000000015
vehicle_018_session_00153,vehicle_018,153,test,129.1609619502315,36.0,330.8,331.79999999999995,333.5375,335.8,-69.91599266666667,35.28,1,0.03270666666666671,0.03600000000000003
vehicle_018_session_00154,vehicle_018,154,test,126.48071102561418,18.4,326.1,327.2,328.70000000000005,329.7,-59.79080302631578,33.03947368421053,1,0.028986842105263144,0.03500000000000014
vehicle_018_session_00155,vehicle_018,155,test,125.25461453522425,20.8,326.9,328.1,329.2,330.5,-59.856002399999994,32.0,0,0.02658666666666669,0.02900000000000036
vehicle_018_session_00156,vehicle_018,156,test,127.96920563806383,57.2,344.4,346.5,349.95,354.3,-73.8460572368421,34.89473684210526,1,0.047499999999999966,0.050000000000000266
vehicle_018_session_00157,vehicle_018,157,test,127.39291482371797,35.2,330.8,332.0,333.85,336.3,-73.6736942105263,32.473684210526315,1,0.03380263157894738,0.03799999999999981
vehicle_018_session_00158,vehicle_018,158,test,127.4972232152129,49.2,337.1,338.85,343.1,347.4,-73.67106315789474,31.394736842105264,1,0.04976315789473681,0.05400000000000027
vehicle_018_session_00159,vehicle_018,159,test,126.79587037760417,53.2,340.5,342.45,346.0375,349.9,-69.82667599999999,31.96,1,0.049106666666666646,0.05400000000000027
vehicle_018_session_00160,vehicle_018,160,test,125.92318025655865,17.6,326.1,327.45,329.1375,330.5,-70.09733986666667,29.733333333333334,1,0.0322666666666667,0.039000000000000146
vehicle_018_session_00161,vehicle_018,161,test,125.37579983552634,35.2,331.1,332.29999999999995,334.2,336.9,-73.9421094736842,30.42105263157895,1,0.03452631578947366,0.039000000000000146
vehicle_018_session_00162,vehicle_018,162,test,125.58886170343133,11.6,323.3,325.1,327.75,329.6,-74.21316421052632,33.0,0,0.03619736842105261,0.040000000000000036
vehicle_018_session_00163,vehicle_018,163,test,126.77420465686276,47.2,335.5,337.2,341.20000000000005,345.3,-70.18027315789473,32.0921052631579,2,0.04788157894736843,0.052999999999999936
vehicle_018_session_00164,vehicle_018,164,test,126.63150374137082,30.0,329.7,330.8,332.4,334.4,-73.84605907894738,30.973684210526315,2,0.03197368421052632,0.03500000000000014
vehicle_018_session_00165,vehicle_018,165,test,125.88644153574684,36.8,331.6,332.6,334.65,337.4,-73.87466426666667,31.32,2,0.035826666666666666,0.04200000000000026
vehicle_018_session_00166,vehicle_018,166,test,126.56921657559204,59.2,343.3,344.95,347.5,349.9,-37.761841973684206,30.0,0,0.03605263157894735,0.038000000000000256
vehicle_018_session_00167,vehicle_018,167,test,123.83327945601852,23.2,325.8,327.6,328.6,329.4,-39.68534173333333,29.186666666666667,1,0.019573333333333363,0.021999999999999797
vehicle_018_session_00168,vehicle_018,168,test,124.5609250641026,45.6,333.3,334.7,336.8,339.4,-44.96134333333334,31.706666666666667,1,0.03303999999999995,0.040999999999999925
vehicle_018_session_00169,vehicle_018,169,test,124.49503968253968,35.2,328.5,329.4,330.0,330.7,-22.282894736842106,28.11842105263158,1,0.015407894736842126,0.017000000000000348
vehicle_018_session_00170,vehicle_018,170,test,126.07264923687424,24.8,326.0,327.35,328.85,329.7,-37.63157894736842,27.0,0,0.01894736842105266,0.02100000000000035
vehicle_018_session_00171,vehicle_018,171,test,128.08462364156924,52.0,339.3,341.5,345.4,349.4,-73.1573408,31.0,0,0.050520000000000016,0.05600000000000005
vehicle_018_session_00172,vehicle_018,172,test,123.70571041666676,64.4,350.3,352.45,356.05,360.2,-73.7736994736842,30.960526315789473,1,0.046368421052631593,0.04800000000000004
vehicle_018_session_00173,vehicle_018,173,test,128.87836927643372,70.4,354.9,356.85,360.6,365.0,-74.34737157894736,30.18421052631579,1,0.04711842105263153,0.04900000000000038
vehicle_018_session_00174,vehicle_018,174,test,126.76077575976348,16.8,326.1,327.4375,329.275,330.5,-74.49333533333333,30.946666666666665,1,0.034493333333333334,0.040999999999999925
vehicle_018_session_00175,vehicle_018,175,test,127.24078180928414,38.0,332.1,333.25,335.3,338.3,-74.04667119999999,30.253333333333334,2,0.03729333333333334,0.04300000000000015
vehicle_018_session_00176,vehicle_018,176,test,125.51292467216585,16.8,325.8,327.29999999999995,328.9,330.2,-69.67067693333333,33.0,0,0.03309333333333335,0.040000000000000036
vehicle_018_session_00177,vehicle_018,177,test,125.51228032933506,71.2,355.8,357.6,361.05,365.2,-69.81067506666666,36.16,1,0.04485333333333327,0.04699999999999971
vehicle_018_session_00178,vehicle_018,178,test,126.42032270516077,19.2,326.6,327.8,329.4,330.7,-70.32763657894736,33.23684210526316,1,0.03235526315789475,0.039000000000000146
vehicle_018_session_00179,vehicle_018,179,test,126.47551565470887,22.8,327.7,328.85,330.2,331.6,-69.50526368421053,31.986842105263158,0,0.02963157894736848,0.03200000000000003
vehicle_018_session_00180,vehicle_018,180,test,128.82682932504875,52.0,336.4,337.8,339.79999999999995,341.6,-25.765331199999995,29.0,0,0.03854666666666664,0.040999999999999925
vehicle_018_session_00181,vehicle_018,181,test,123.91565312118436,22.4,326.0,326.6,327.29999999999995,327.8,-22.584010000000003,24.013333333333332,1,0.014359999999999946,0.016000000000000014
vehicle_018_session_00182,vehicle_018,182,test,126.07173527160496,7.6,321.7,323.55,326.5,328.6,-73.87894763157894,28.05263157894737,1,0.03761842105263152,0.040000000000000036
vehicle_018_session_00183,vehicle_018,183,test,125.5169210588488,19.2,326.9,328.2,329.7,331.0,-69.93551986842105,30.986842105263158,2,0.030407894736842127,0.0349999999999997
vehicle_018_session_00184,vehicle_018,184,test,125.53161878255209,25.6,327.5,328.4,329.5,330.5,-50.110533947368424,32.328947368421055,1,0.023460526315789515,0.025000000000000355
vehicle_018_session_00185,vehicle_018,185,test,124.90984819803641,18.4,327.2,328.4,329.9,331.3,-73.70658960526313,27.36842105263158,1,0.03213157894736843,0.037000000000000366
vehicle_018_session_00186,vehicle_018,186,test,126.02078853648423,11.2,323.5,324.9,327.6,329.2,-74.3560032,32.906666666666666,1,0.03592,0.040000000000000036
vehicle_018_session_00187,vehicle_018,187,test,126.21355815397348,28.0,328.2,328.8,329.9,330.8,-45.10934333333334,30.0,0,0.022026666666666698,0.02400000000000002
vehicle_018_session_00188,vehicle_018,188,test,127.30799879454929,34.0,330.5,331.4,333.2,335.2,-69.41446618421053,31.236842105263158,2,0.03239473684210529,0.03699999999999992
vehicle_018_session_00189,vehicle_018,189,test,126.11823764362374,9.6,320.3,322.7,324.65,326.4,-44.66267386666667,26.666666666666668,1,0.030106666666666608,0.03200000000000003
vehicle_018_session_00190,vehicle_018,190,test,125.34505717940687,15.6,324.7,325.7,327.2,328.2,-44.90922118421054,25.0,0,0.02697368421052627,0.03200000000000003
vehicle_018_session_00191,vehicle_018,191,test,128.07088234953707,64.0,347.5,348.55,350.0,351.6,-25.990799473684213,30.0,0,0.03098684210526312,0.03200000000000003
vehicle_018_session_00192,vehicle_018,192,test,125.36583307883522,12.0,323.8,325.7,328.4,329.9,-74.07067213333333,25.706666666666667,1,0.03697333333333332,0.04200000000000026
vehicle_018_session_00193,vehicle_018,193,test,127.15280627136752,42.8,332.5,333.5,335.2,337.4,-45.211853289473694,28.43421052631579,1,0.03080263157894736,0.03699999999999992
vehicle_018_session_00194,vehicle_018,194,test,124.63013554131052,35.6,329.9,330.6,331.7,333.0,-40.11067666666667,26.04,1,0.02296000000000002,0.02499999999999991
vehicle_018_session_00195,vehicle_018,195,test,125.33887302287584,17.6,325.3,326.35,327.8,328.8,-50.18816789473685,29.32894736842105,1,0.026263157894736825,0.03100000000000014
vehicle_018_session_00196,vehicle_018,196,test,125.26813102453103,31.6,330.0,331.20000000000005,332.8,334.9,-70.27368934210527,26.960526315789473,2,0.03190789473684215,0.03600000000000003
vehicle_018_session_00197,vehicle_018,197,test,126.92497739722222,40.8,332.4,333.70000000000005,336.1,339.6,-70.26185355263158,30.82894736842105,1,0.038749999999999965,0.04700000000000015
vehicle_018_session_00198,vehicle_018,198,test,126.30358200317858,17.2,324.9,326.05,327.5,328.6,-50.005263684210526,29.0,0,0.02842105263157893,0.03399999999999981
vehicle_018_session_00199,vehicle_018,199,test,125.28136248306234,34.4,328.6,330.2,331.3,332.5,-44.80790473684211,33.26315789473684,1,0.023671052631578954,0.0259999999999998
vehicle_018_session_00200,vehicle_018,200,test,125.67573131578946,38.0,330.3,331.05,332.2,333.5,-40.007895526315785,31.0,0,0.02382894736842107,0.028000000000000025
vehicle_018_session_00201,vehicle_018,201,test,123.05049924272487,23.6,327.2,328.2,329.2,330.3,-50.08421671052631,27.0,0,0.023473684210526348,0.025000000000000355
vehicle_018_session_00202,vehicle_018,202,test,127.39724116277101,64.8,351.4,352.45,354.7,357.4,-49.9413344,31.0,0,0.03889333333333334,0.040999999999999925
vehicle_018_session_00203,vehicle_018,203,test,125.78410298148154,37.6,331.0,331.9,333.5,335.2,-49.19869421052633,30.56578947368421,1,0.028328947368421075,0.03200000000000003
vehicle_018_session_00204,vehicle_018,204,test,125.24481622013145,23.2,325.5,327.0,328.5,329.2,-37.661832526315784,27.13157894736842,1,0.01978947368421056,0.02200000000000024
vehicle_018_session_00205,vehicle_018,205,test,126.27096525984615,12.4,323.8,325.25,327.8,329.4,-70.19080078947367,27.92105263157895,1,0.03515789473684208,0.040000000000000036
vehicle_018_session_00206,vehicle_018,206,test,125.17694308671653,23.6,328.2,329.7,331.1,332.7,-73.97762934210526,21.592105263157894,1,0.03114473684210531,0.03300000000000036
vehicle_018_session_00207,vehicle_018,207,test,127.35260426136364,44.8,333.3,334.4,336.6,339.6,-50.00789552631579,27.960526315789473,1,0.03596052631578944,0.04499999999999993
vehicle_018_session_00208,vehicle_018,208,test,125.16798197655748,28.0,329.2,330.3,331.9,333.6,-70.42104578947368,23.80263157894737,1,0.032381578947368435,0.0349999999999997
vehicle_018_session_00209,vehicle_018,209,test,127.74284596920293,51.6,338.3,340.75,344.95,348.9,-69.88666706666667,23.76,1,0.053080000000000016,0.058000000000000274
vehicle_018_session_00210,vehicle_018,210,test,124.65179001613852,24.8,328.6,329.79999999999995,331.1,332.5,-70.18534453333334,24.30666666666667,1,0.03100000000000003,0.03299999999999992
vehicle_018_session_00211,vehicle_018,211,test,126.11941309232026,36.4,331.4,332.5,334.6,337.1,-69.13467666666668,25.293333333333333,2,0.034413333333333324,0.040000000000000036
vehicle_018_session_00212,vehicle_018,212,test,126.27688982233045,36.0,331.1,332.575,334.6,337.2,-74.11067666666668,25.866666666666667,2,0.03702666666666666,0.04200000000000026
vehicle_018_session_00213,vehicle_018,213,test,125.53709540399777,26.8,328.9,329.95,331.4,332.8,-69.88933613333333,27.173333333333332,2,0.030706666666666667,0.03299999999999992
vehicle_018_session_00214,vehicle_018,214,test,124.4384837101965,32.4,330.5,331.6,333.4,335.5,-69.94210513157894,23.789473684210527,1,0.03442105263157896,0.03999999999999959
vehicle_018_session_00215,vehicle_018,215,test,123.3195951366631,16.0,323.5,325.35,327.1,328.0,-37.86266626666667,23.0,0,0.024426666666666624,0.028999999999999915
vehicle_018_session_00216,vehicle_018,216,test,126.16065635668842,26.0,328.6,329.9,331.3,332.7,-69.79334733333332,22.386666666666667,1,0.03158666666666673,0.03400000000000025
vehicle_018_session_00217,vehicle_018,217,test,123.77866776819926,26.0,327.5,328.6,329.7,330.8,-44.67237907894738,20.539473684210527,1,0.0222105263157895,0.02400000000000002
vehicle_018_session_00218,vehicle_018,218,test,127.41153445669937,43.2,332.4,333.3,335.075,337.2,-44.914658133333326,25.213333333333335,1,0.031146666666666652,0.03699999999999992
vehicle_018_session_00219,vehicle_018,219,test,124.84071445072586,18.4,324.9,326.475,327.875,328.8,-44.9053356,19.36,1,0.024333333333333325,0.028000000000000025
vehicle_018_session_00220,vehicle_018,220,test,124.87702260861825,19.6,327.2,328.55,329.95,331.3,-69.8500044736842,24.81578947368421,1,0.0309736842105263,0.03500000000000014
vehicle_018_session_00221,vehicle_018,221,test,125.84339066034596,30.8,328.6,329.7,331.0,332.2,-49.994736315789474,21.723684210526315,1,0.024776315789473695,0.027000000000000135
vehicle_018_session_00222,vehicle_018,222,test,125.95442568944848,42.0,333.6,335.04999999999995,338.0,342.4,-74.73290447368421,23.0,2,0.045802631578947366,0.05600000000000005
vehicle_018_session_00223,vehicle_018,223,test,127.91185880681819,27.2,329.7,330.9,331.9,333.2,-69.9592125,25.25,1,0.030355263157894753,0.03299999999999992
vehicle_018_session_00224,vehicle_018,224,test,125.56980527146465,34.4,329.9,330.8,332.15,333.6,-50.280007466666675,24.0,0,0.02728000000000006,0.03000000000000025
vehicle_018_session_00225,vehicle_018,225,test,125.71383804292927,52.4,338.8,342.54999999999995,346.8,350.8,-73.8080088,23.76,1,0.05437333333333332,0.06200000000000028
vehicle_018_session_00226,vehicle_018,226,test,121.40297314205655,74.8,359.9,361.5,365.7,369.6,-71.74211368421052,25.32894736842105,1,0.04706578947368423,0.05000000000000071
vehicle_018_session_00227,vehicle_018,227,test,127.45539892331935,50.0,337.7,339.79999999999995,344.175,348.3,-70.00666733333334,22.76,1,0.04654666666666668,0.051000000000000156
vehicle_018_session_00228,vehicle_018,228,test,124.80969302536231,24.0,327.4,328.25,329.2,330.3,-45.136010133333336,20.906666666666666,1,0.02142666666666667,0.02300000000000013
vehicle_018_session_00229,vehicle_018,229,test,124.15627536470822,26.4,327.4,328.5,329.6375,330.7,-44.92000133333334,24.653333333333332,1,0.02066666666666668,0.02200000000000024
vehicle_018_session_00230,vehicle_018,230,test,124.8325193159449,28.0,328.3,329.2,330.3,331.4,-50.03289736842106,23.61842105263158,1,0.023289473684210544,0.025000000000000355
vehicle_018_session_00231,vehicle_018,231,test,126.62957368388227,30.8,330.2,331.3,333.0,334.9,-74.64401026666668,23.626666666666665,1,0.03150666666666673,0.03400000000000025
vehicle_018_session_00232,vehicle_018,232,test,126.73158182527075,3.2,319.4,321.4,324.29999999999995,326.9,-69.8223817105263,28.657894736842106,1,0.037960526315789445,0.04200000000000026
vehicle_018_session_00233,vehicle_018,233,test,128.0751085375817,56.8,343.3,345.65,349.34444444444443,353.3,-70.07333906666666,25.88,1,0.045146666666666654,0.050000000000000266
vehicle_018_session_00234,vehicle_018,234,test,127.03668714506173,43.6,333.6,335.25,338.4,342.7,-70.05921539473684,27.63157894736842,1,0.04060526315789472,0.050000000000000266
vehicle_018_session_00235,vehicle_018,235,test,126.74173620580808,36.0,331.3,332.4,334.5,337.2,-74.58026986842106,28.013157894736842,2,0.03503947368421053,0.039000000000000146
vehicle_018_session_00236,vehicle_018,236,test,128.15601042795848,48.4,335.8,337.75,341.9,346.1,-70.03066973333334,27.44,1,0.04632,0.051000000000000156
vehicle_018_session_00237,vehicle_018,237,test,128.12839540123457,56.8,342.5,343.85,346.1,348.6,-45.007895526315785,31.710526315789473,1,0.037263157894736824,0.040999999999999925
vehicle_018_session_00238,vehicle_018,238,test,125.07032553588807,22.4,324.9,326.45000000000005,328.0,328.8,-37.27367468815789,27.0,0,0.019026315789473693,0.02200000000000024
vehicle_018_session_00239,vehicle_018,239,test,126.08667481712965,37.6,330.8,331.7,333.25,335.0,-49.889466842105264,26.0,0,0.026368421052631614,0.02900000000000036
vehicle_018_session_00240,vehicle_018,240,test,124.57809957561729,5.6,320.8,322.75,325.7,328.2,-73.98157710526316,29.0,0,0.0381052631578947,0.04100000000000037
vehicle_018_session_00241,vehicle_018,241,test,126.79014232217033,12.0,323.5,324.95,327.7,329.2,-70.26843289473683,28.86842105263158,1,0.03347368421052631,0.03699999999999992
vehicle_018_session_00242,vehicle_018,242,test,126.07314484149951,11.2,323.2,324.95,327.6,329.4,-70.66448368421051,28.605263157894736,1,0.03493421052631578,0.038000000000000256
vehicle_018_session_00243,vehicle_018,243,test,126.93604014579279,29.2,329.2,330.3,331.7,333.5,-70.23067653333332,31.053333333333335,2,0.03000000000000003,0.03200000000000003
vehicle_018_session_00244,vehicle_018,244,test,127.42843215996172,51.2,337.1,338.3,341.1,343.8,-40.20132592105263,29.0,0,0.03965789473684211,0.04300000000000015
vehicle_018_session_00245,vehicle_018,245,test,124.40691356111112,23.6,325.7,327.45,328.5,329.2,-39.53865773333333,28.906666666666666,1,0.019280000000000037,0.02100000000000035
vehicle_018_session_00246,vehicle_018,246,test,125.297669855859,36.4,330.3,331.1,332.5,333.9,-45.10395697368421,28.55263157894737,1,0.023999999999999997,0.027000000000000135
vehicle_018_session_00247,vehicle_018,247,test,126.04556334722224,17.6,326.4,327.8,329.6,330.8,-70.06267093333334,22.933333333333334,1,0.03194666666666668,0.037000000000000366
vehicle_018_session_00248,vehicle_018,248,test,125.89710178661619,31.6,329.7,331.20000000000005,333.1,335.0,-70.7592264473684,20.44736842105263,1,0.031578947368421095,0.0349999999999997
vehicle_018_session_00249,vehicle_018,249,test,125.24503049554181,24.4,328.0,329.4,330.8,332.1,-69.92799813333333,27.2,1,0.02996000000000003,0.03200000000000003
vehicle_018_session_00250,vehicle_018,250,test,123.97705112058081,5.6,321.0,322.9,325.75,328.2,-69.87237210526317,23.960526315789473,1,0.03692105263157889,0.040000000000000036
vehicle_018_session_00251,vehicle_018,251,test,124.57962204359345,22.0,327.7,329.15,330.5,331.9,-69.94999947368422,26.06578947368421,2,0.029092105263157916,0.03100000000000014
vehicle_018_session_00252,vehicle_018,252,test,127.89845743827166,61.6,347.8,349.5,352.9,356.9,-70.0118425,30.210526315789473,1,0.0436447368421053,0.04500000000000037
vehicle_018_session_00253,vehicle_018,253,test,124.82798925702811,24.0,327.1,327.8,328.9,329.9,-45.93289381578948,27.039473684210527,1,0.021644736842105262,0.02300000000000013
vehicle_018_session_00254,vehicle_018,254,test,127.87405637376241,57.2,344.4,345.25,347.4,349.7,-43.50000893333334,30.88,1,0.03631999999999997,0.039000000000000146
vehicle_018_session_00255,vehicle_018,255,test,127.02267984330486,50.0,337.4,339.5,343.85,348.0,-69.89737026315791,27.276315789473685,2,0.04957894736842109,0.05400000000000027
vehicle_018_session_00256,vehicle_018,256,test,127.56458376966566,52.0,337.8,339.45000000000005,342.75,345.8,-49.992104473684215,25.960526315789473,1,0.044000000000000046,0.04700000000000015
vehicle_018_session_00257,vehicle_018,257,test,124.86903314298861,19.2,327.2,328.55,330.2,331.4,-73.18134293333335,25.893333333333334,1,0.031106666666666716,0.03500000000000014
vehicle_018_session_00258,vehicle_018,258,test,126.25677364220563,44.4,333.5,334.29999999999995,336.475,339.3,-50.07333773333334,30.6,1,0.033226666666666634,0.040999999999999925
vehicle_018_session_00259,vehicle_018,259,test,124.1986663802574,27.2,329.1,330.25,331.7,333.5,-69.7171169736842,24.710526315789473,1,0.030552631578947404,0.03299999999999992
vehicle_018_session_00260,vehicle_018,260,test,126.27760735250476,4.0,320.5,322.6,325.6,328.0,-74.10526960526315,24.486842105263158,1,0.0381315789473684,0.04400000000000004
vehicle_018_session_00261,vehicle_018,261,test,126.79080249545692,47.2,334.7,337.25,341.1,345.7,-69.9236922368421,25.263157894736842,2,0.04781578947368423,0.05400000000000027
vehicle_018_session_00262,vehicle_018,262,test,127.70115330105635,42.0,332.5,334.65,337.4,341.1,-69.9253388,22.586666666666666,1,0.03889333333333333,0.04800000000000004
vehicle_018_session_00263,vehicle_018,263,test,127.22739306607744,46.0,336.0,337.6,341.05,345.3,-70.11185184210527,26.894736842105264,2,0.046565789473684206,0.052000000000000046
vehicle_018_session_00264,vehicle_018,264,test,126.48945265471166,34.4,330.3,331.65,333.55,335.8,-70.0171069736842,25.776315789473685,1,0.03309210526315791,0.03699999999999992
vehicle_018_session_00265,vehicle_018,265,test,125.73132737654325,39.6,332.5,333.5,334.6375,336.3,-45.00533386666667,29.0,0,0.02693333333333334,0.03000000000000025
vehicle_018_session_00266,vehicle_018,266,test,126.25625054358235,44.0,331.6,333.9,335.875,338.2,-44.55526989473684,28.0,0,0.03007894736842105,0.03600000000000003
vehicle_018_session_00267,vehicle_018,267,test,126.42510403025798,19.2,326.7,327.9,329.4,330.7,-70.25334546666666,29.706666666666667,1,0.03146666666666669,0.03699999999999992
vehicle_018_session_00268,vehicle_018,268,test,124.44412550128771,26.4,328.8,329.95,331.35,333.0,-70.00131657894737,26.736842105263158,1,0.029947368421052688,0.03200000000000003
vehicle_018_session_00269,vehicle_018,269,test,126.20620655478395,25.6,328.6,329.79999999999995,331.20000000000005,332.7,-74.10267586666667,29.293333333333333,1,0.03150666666666669,0.03400000000000025
vehicle_018_session_00270,vehicle_018,270,test,125.7003021690401,27.6,328.8,329.79999999999995,331.1,332.4,-60.6666724,24.373333333333335,1,0.027280000000000033,0.02900000000000036
vehicle_018_session_00271,vehicle_018,271,test,125.79055940446128,20.0,326.7,328.3,329.9,331.1,-70.05067026666667,24.84,1,0.031026666666666668,0.03500000000000014
vehicle_018_session_00272,vehicle_018,272,test,126.28850032306765,45.6,334.7,336.5,340.04999999999995,344.7,-69.92236842105264,24.223684210526315,2,0.046065789473684206,0.052999999999999936
vehicle_018_session_00273,vehicle_018,273,test,125.85041486335129,29.6,329.4,330.75,332.29999999999995,334.2,-74.19334319999999,24.76,2,0.03240000000000005,0.03600000000000003
vehicle_018_session_00274,vehicle_018,274,test,126.19614757167024,35.2,331.0,332.2,334.1,336.4,-70.14606092105262,26.342105263157894,2,0.03321052631578948,0.038000000000000256
vehicle_018_session_00275,vehicle_018,275,test,124.25940052402865,23.2,326.0,327.9,328.9,329.9,-44.85132644736843,25.68421052631579,1,0.020947368421052645,0.02300000000000013
vehicle_018_session_00276,vehicle_018,276,test,128.2707286039272,63.2,348.0,349.3,351.6,354.1,-45.037338266666666,29.0,0,0.035626666666666654,0.038000000000000256
vehicle_018_session_00277,vehicle_018,277,test,125.60776466086841,15.2,325.2,326.6,328.70000000000005,329.9,-69.70395855263158,30.38157894736842,1,0.03332894736842105,0.039000000000000146
vehicle_018_session_00278,vehicle_018,278,test,127.84667408789389,44.0,333.9,335.25,338.1,342.5,-70.66711486842105,28.05263157894737,2,0.04268421052631576,0.051000000000000156
vehicle_018_session_00279,vehicle_018,279,test,125.04100744324592,18.4,326.4,327.8,329.5,330.7,-69.99342039473683,29.63157894736842,1,0.03177631578947373,0.03799999999999981
vehicle_018_session_00280,vehicle_018,280,test,128.0748513541667,57.6,343.8,345.2,347.8,350.8,-50.40789236842105,27.86842105263158,1,0.039776315789473674,0.04400000000000004
vehicle_018_session_00281,vehicle_018,281,test,124.94945646841397,30.4,328.6,329.4,330.5,331.6,-45.100010000000005,28.355263157894736,1,0.02261842105263159,0.02499999999999991
vehicle_018_session_00282,vehicle_018,282,test,127.12915046741453,66.0,351.4,353.25,356.975,361.3,-74.09600706666667,30.84,1,0.046466666666666635,0.04900000000000038
vehicle_018_session_00283,vehicle_018,283,test,125.59533563153195,16.8,326.0,327.29999999999995,329.0,330.3,-69.71067773333333,28.746666666666666,1,0.03245333333333335,0.039000000000000146
vehicle_018_session_00284,vehicle_018,284,test,126.44043500100163,14.4,324.4,325.9,328.2,329.6,-69.8460557894737,29.842105263157894,1,0.03569736842105259,0.041999999999999815
vehicle_018_session_00285,vehicle_018,285,test,128.1313790053311,57.2,341.8,344.20000000000005,346.8,349.4,-44.97106421052632,29.907894736842106,1,0.03939473684210525,0.04300000000000015
vehicle_018_session_00286,vehicle_018,286,test,124.98567584635416,34.0,328.8,329.2,329.9,330.8,-26.0,21.12,1,0.01702666666666668,0.019000000000000128
vehicle_018_session_00287,vehicle_018,287,test,123.10868101388887,18.0,325.3,326.65,328.0,328.8,-44.934668933333334,22.0,0,0.022559999999999997,0.026000000000000245
vehicle_018_session_00288,vehicle_018,288,test,126.28694685963619,52.4,339.9,342.35,346.8,350.8,-74.11867586666668,23.466666666666665,1,0.05194666666666667,0.058000000000000274
vehicle_018_session_00289,vehicle_018,289,test,125.82487726080247,25.6,327.1,328.3,329.6,330.5,-49.421333866666664,23.0,0,0.02306666666666663,0.025000000000000355
vehicle_018_session_00290,vehicle_018,290,test,125.37999159288196,33.6,330.5,331.7,333.70000000000005,336.0,-70.0092117105263,25.026315789473685,2,0.0325657894736842,0.03699999999999992
vehicle_018_session_00291,vehicle_018,291,test,125.61591821789321,30.4,329.6,330.9,332.4375,334.2,-70.03733666666668,22.44,1,0.031133333333333367,0.03399999999999981
vehicle_018_session_00292,vehicle_018,292,test,122.62440714285717,19.6,325.3,327.2,328.3,329.2,-44.75001,26.842105263157894,1,0.02173684210526319,0.02499999999999991
vehicle_018_session_00293,vehicle_018,293,test,127.82923416535644,55.2,339.9,342.29999999999995,344.9,347.5,-44.78685210526316,28.710526315789473,1,0.04119736842105267,0.04599999999999982
vehicle_018_session_00294,vehicle_018,294,test,125.15423694878474,31.2,329.9,331.0,332.7,334.6,-70.0184227631579,24.105263157894736,2,0.03198684210526317,0.03600000000000003
vehicle_018_session_00295,vehicle_018,295,test,124.15098348898465,32.8,330.3,332.0,334.0,336.1,-69.98815671052631,20.43421052631579,1,0.03238157894736843,0.03600000000000003
vehicle_018_session_00296,vehicle_018,296,test,123.24392219082449,22.4,327.4,328.4,329.6,330.7,-50.02105460526316,20.907894736842106,1,0.02307894736842107,0.02400000000000002
vehicle_018_session_00297,vehicle_018,297,test,125.54693186507936,42.0,333.3,334.65,337.4,341.4,-73.9813348,26.8,1,0.042306666666666624,0.052000000000000046
vehicle_018_session_00298,vehicle_018,298,test,127.43884863024935,46.8,335.3,337.15,341.05,345.8,-73.9499997368421,24.38157894736842,2,0.050171052631578957,0.057000000000000384
vehicle_018_session_00299,vehicle_018,299,test,126.22465131633498,44.4,334.2,335.8,338.85,343.3,-70.1066756,20.786666666666665,1,0.0447866666666667,0.05500000000000016
vehicle_018_session_00300,vehicle_018,300,test,127.21403212770062,48.8,336.6,338.4,342.7375,347.1,-70.07600586666668,21.586666666666666,1,0.050666666666666665,0.05699999999999994
vehicle_018_session_00301,vehicle_018,301,test,126.03185255348518,33.2,330.0,331.6,333.5,335.5,-70.22001186666665,21.133333333333333,2,0.03316,0.03699999999999992
vehicle_018_session_00302,vehicle_018,302,test,124.18828445623092,10.4,322.7,323.85,326.0,327.5,-49.9679984,24.946666666666665,1,0.0305466666666666,0.03400000000000025
vehicle_018_session_00303,vehicle_018,303,test,127.72042846520768,58.0,343.5,345.4,348.3,351.1,-49.700010000000006,22.026315789473685,1,0.03939473684210524,0.04400000000000004
vehicle_018_session_00304,vehicle_018,304,test,123.99992655790709,13.6,322.5,324.2,326.1,327.5,-44.77894763157895,26.0,0,0.027763157894736788,0.03100000000000014
vehicle_018_session_00305,vehicle_018,305,test,125.83470409422463,42.0,333.2,334.29999999999995,336.85,340.5,-69.97368157894736,29.61842105263158,1,0.03980263157894733,0.04800000000000004
vehicle_018_session_00306,vehicle_018,306,test,123.54326278683578,24.0,328.5,329.6,330.9,332.4,-69.86447749999998,27.31578947368421,1,0.029776315789473706,0.03200000000000003
vehicle_018_session_00307,vehicle_018,307,test,124.47713063512735,40.0,332.5,333.8,336.05,339.6,-69.90263236842105,28.13157894736842,2,0.038131578947368364,0.04600000000000026
vehicle_018_session_00308,vehicle_018,308,test,124.27779144841269,36.4,330.3,331.1,332.45,333.9,-45.90789723684211,29.0,0,0.025131578947368446,0.028000000000000025
vehicle_018_session_00309,vehicle_018,309,test,124.43759620172763,32.0,328.8,329.5,330.5,331.4,-39.914658133333326,27.16,1,0.021106666666666676,0.02300000000000013
vehicle_018_session_00310,vehicle_018,310,test,124.26814386193348,36.8,330.3,331.20000000000005,332.5,333.9,-40.10267666666667,14.506666666666666,1,0.023866666666666692,0.026000000000000245
vehicle_018_session_00311,vehicle_018,311,test,125.22513771883756,50.0,337.4,339.65,344.35,348.5,-70.2360156,20.08,2,0.05105333333333335,0.05600000000000005
vehicle_018_session_00312,vehicle_018,312,test,124.18743997911811,40.4,332.8,334.5,337.29999999999995,341.3,-74.20264065789475,21.105263157894736,2,0.04267105263157893,0.05300000000000038
vehicle_018_session_00313,vehicle_018,313,test,123.64429274587087,38.4,332.7,334.2,336.6888888888889,339.7,-70.48799853333333,18.053333333333335,2,0.03682666666666664,0.04400000000000004
vehicle_018_session_00314,vehicle_018,314,test,122.1013673097469,24.0,329.1,330.4,331.79999999999995,333.5,-70.47105460526316,15.986842105263158,2,0.02998684210526319,0.03200000000000003
vehicle_018_session_00315,vehicle_018,315,test,124.93958180912993,43.2,333.8,335.3,338.4,342.7,-70.17632605263157,20.80263157894737,1,0.04405263157894736,0.05500000000000016
vehicle_018_session_00316,vehicle_018,316,test,126.10241789896517,56.8,343.5,345.75,349.5,353.5,-70.03553302631578,21.907894736842106,1,0.04667105263157892,0.052999999999999936
vehicle_018_session_00317,vehicle_018,317,test,124.54436039964598,56.8,344.7,347.25,350.9,354.9,-69.9881567105263,16.644736842105264,1,0.047236842105263174,0.052000000000000046
vehicle_018_session_00318,vehicle_018,318,test,124.09623540100252,44.8,333.6,334.65,336.6,338.9,-39.80935053333335,16.72,1,0.03137333333333331,0.0389999999999997
vehicle_018_session_00319,vehicle_018,319,test,123.95789294546074,65.2,351.4,353.45000000000005,357.15,361.1,-70.16801226666666,18.866666666666667,1,0.043973333333333336,0.04500000000000037
vehicle_018_session_00320,vehicle_018,320,test,124.52497941468255,38.8,331.4,332.4,334.0,336.0,-50.060531315789476,21.67105263157895,1,0.028802631578947382,0.03299999999999992
vehicle_018_session_00321,vehicle_018,321,test,122.53805145365574,20.4,325.7,327.29999999999995,328.5,329.2,-44.701325999999995,23.88,1,0.021453333333333376,0.02400000000000002
vehicle_018_session_00322,vehicle_018,322,test,125.44584921725335,4.8,318.6,321.0,323.25,325.3,-50.02238539473685,24.0,0,0.03271052631578947,0.03600000000000003
vehicle_018_session_00323,vehicle_018,323,test,123.30478968954249,29.6,328.5,329.4,330.5,331.6,-44.819752500000014,21.473684210526315,1,0.02255263157894738,0.02400000000000002
vehicle_018_session_00324,vehicle_018,324,test,124.42846357098766,7.6,322.4,324.0,326.9,328.9,-69.9706684,22.2,1,0.03747999999999996,0.040000000000000036
vehicle_018_session_00325,vehicle_018,325,test,125.93757935528126,65.2,350.3,352.0,354.54999999999995,357.4,-49.48684078947368,20.276315789473685,1,0.03655263157894737,0.038000000000000256
vehicle_018_session_00326,vehicle_018,326,test,125.8059281418011,48.0,335.3,336.5,339.4,343.0,-49.79068573333335,23.0,0,0.0416933333333333,0.04899999999999993
vehicle_018_session_00327,vehicle_018,327,test,122.89514961805556,70.0,355.7,357.575,361.175,365.5,-70.25334053333333,22.933333333333334,1,0.04497333333333332,0.0470000000000006
vehicle_018_session_00328,vehicle_018,328,test,122.31151040387428,21.6,327.8,329.2,330.8,332.2,-70.35200400000001,20.866666666666667,2,0.03072000000000003,0.03200000000000003
vehicle_018_session_00329,vehicle_018,329,test,122.76011619475139,25.2,328.6,330.0,331.5,333.2,-69.9440024,23.053333333333335,2,0.029973333333333373,0.03300000000000036
vehicle_018_session_00330,vehicle_018,330,test,127.13760643476435,71.2,353.3,355.15,358.0,360.3,-37.340000052,23.0,0,0.03178666666666666,0.03400000000000025
vehicle_018_session_00331,vehicle_018,331,test,124.6192763245885,32.8,330.2,331.35,333.2,335.2,-70.29067933333333,25.44,1,0.03193333333333337,0.03500000000000014
vehicle_018_session_00332,vehicle_018,332,test,122.04913017585932,35.2,331.3,332.6,333.6,334.9,-39.71732373333333,19.0,0,0.02298666666666667,0.026000000000000245
vehicle_018_session_00333,vehicle_018,333,test,122.46750172689283,6.8,322.4,324.15,327.1,329.1,-69.83816486842106,18.18421052631579,1,0.034486842105263135,0.03699999999999992
vehicle_018_session_00334,vehicle_018,334,test,124.30806488742236,33.2,330.3,331.65,333.6,335.7,-70.01974,22.013157894736842,2,0.03328947368421055,0.03799999999999981
vehicle_018_session_00335,vehicle_018,335,test,126.24465476992145,58.0,344.1,345.5,348.075,350.5,-43.77467400000001,19.773333333333333,1,0.03741333333333331,0.04200000000000026
vehicle_018_session_00336,vehicle_018,336,test,125.42488638438789,54.4,342.1,344.20000000000005,348.1,352.1,-70.74343657894737,23.82894736842105,1,0.04711842105263157,0.05400000000000027
vehicle_018_session_00337,vehicle_018,337,test,123.78208437089087,30.0,329.9,331.0375,332.7,334.4,-70.55067093333332,27.52,1,0.03074666666666668,0.03300000000000036
vehicle_018_session_00338,vehicle_018,338,test,125.27334487612616,53.2,340.5,342.85,346.85,351.0,-69.98026328947368,24.82894736842105,1,0.04851315789473687,0.05500000000000016
vehicle_018_session_00339,vehicle_018,339,test,125.30291229636593,44.4,332.4,335.4,338.5,342.8,-69.1157994736842,30.06578947368421,2,0.042644736842105235,0.052999999999999936
vehicle_018_session_00340,vehicle_018,340,test,123.86868344298252,29.2,329.2,330.6,332.15,333.9,-70.12632552631578,27.07894736842105,2,0.03052631578947369,0.03400000000000025
vehicle_018_session_00341,vehicle_018,341,test,124.14874123492324,36.8,330.8,331.65,333.25,334.9,-50.08267240000001,28.8,1,0.02674666666666665,0.029999999999999805
vehicle_018_session_00342,vehicle_018,342,test,123.9309611017897,38.4,331.7,333.25,335.5,338.3,-70.30263605263157,23.92105263157895,2,0.035868421052631556,0.041999999999999815
vehicle_018_session_00343,vehicle_018,343,test,126.06447008020349,69.2,354.6,356.20000000000005,359.6375,363.8,-70.16267386666668,28.773333333333333,1,0.04345333333333333,0.04500000000000037
vehicle_018_session_00344,vehicle_018,344,test,125.25830781459176,64.4,351.0,352.45,355.95000000000005,359.9,-69.64211526315789,29.88157894736842,1,0.043802631578947364,0.04500000000000037
vehicle_018_session_00345,vehicle_018,345,test,125.82932181254998,42.0,332.8,334.15,336.8,340.3,-70.28935226666665,30.813333333333333,1,0.03947999999999996,0.04800000000000004
vehicle_018_session_00346,vehicle_018,346,test,124.21577893217896,36.0,330.8,331.65,333.25,334.9,-49.81334933333335,24.333333333333332,1,0.026640000000000004,0.03000000000000025
vehicle_018_session_00347,vehicle_018,347,test,124.11059745792782,43.2,333.6,334.95,337.7375,342.1,-70.09067573333334,32.25333333333333,2,0.04155999999999998,0.051000000000000156
vehicle_018_session_00348,vehicle_018,348,test,124.84965191870214,51.2,338.5,340.9,345.2,349.3,-70.33290171052631,27.026315789473685,2,0.0502894736842105,0.05500000000000016
vehicle_018_session_00349,vehicle_018,349,test,125.25873635446347,50.8,338.5,340.4,344.79999999999995,348.9,-70.29343407894737,27.86842105263158,1,0.050789473684210516,0.05600000000000005
vehicle_018_session_00350,vehicle_018,350,test,123.0546405965392,24.4,327.8,328.9,330.1,331.1,-50.03467293333335,21.826666666666668,1,0.023120000000000036,0.02499999999999991
vehicle_018_session_00351,vehicle_018,351,test,122.60243254403797,16.0,325.3,326.475,328.2375,329.2,-50.00400373333334,16.986666666666668,1,0.026973333333333342,0.03200000000000003
vehicle_018_session_00352,vehicle_018,352,test,123.58106315724208,41.6,332.5,333.70000000000005,335.7,338.0,-50.11600773333333,23.466666666666665,1,0.03106666666666665,0.03600000000000003
vehicle_018_session_00353,vehicle_018,353,test,123.98661777133147,2.8,319.1,320.3,322.7,324.6,-49.652641578947375,26.776315789473685,1,0.032578947368421075,0.03699999999999992
vehicle_018_session_00354,vehicle_018,354,test,122.17398173120475,24.0,328.6,329.7,331.1,332.8,-70.31448460526315,24.67105263157895,1,0.03039473684210527,0.03200000000000003
vehicle_018_session_00355,vehicle_018,355,test,123.57825565599173,48.0,334.7,335.4,337.15,339.1,-29.20133986666667,23.12,1,0.03181333333333329,0.03699999999999992
vehicle_018_session_00356,vehicle_018,356,test,122.96548156779657,52.8,339.1,340.4,343.4,346.3,-45.1421152631579,27.0,0,0.04507894736842109,0.04899999999999993
vehicle_018_session_00357,vehicle_018,357,test,123.25765825785028,24.0,328.3,329.4,330.8,332.2,-69.28686078947366,26.605263157894736,1,0.029644736842105293,0.03100000000000014
vehicle_018_session_00358,vehicle_018,358,test,123.05628087518399,37.2,331.6,333.1,335.3,338.3,-70.21448210526317,22.210526315789473,2,0.035815789473684176,0.04200000000000026
vehicle_018_session_00359,vehicle_018,359,test,122.68625299479169,33.6,331.0,332.0,334.0,336.4,-74.18158763157896,26.513157894736842,1,0.03521052631578949,0.040999999999999925
vehicle_018_session_00360,vehicle_018,360,test,125.00328848333336,47.6,336.1,337.6,341.675,346.4,-74.09200586666665,28.226666666666667,2,0.05154666666666667,0.058000000000000274
vehicle_018_session_00361,vehicle_018,361,test,122.8163963090278,17.6,326.7,328.25,329.9,331.3,-74.05467159999999,23.866666666666667,1,0.03254666666666668,0.038000000000000256
vehicle_018_session_00362,vehicle_018,362,test,124.4443570787474,55.2,342.7,344.95,348.85,352.8,-70.1486927631579,23.855263157894736,1,0.047249999999999986,0.05500000000000016
vehicle_018_session_00363,vehicle_018,363,test,122.82178535259592,30.4,329.7,330.9,332.6,334.6,-70.03600440000001,24.413333333333334,1,0.03017333333333335,0.03300000000000036
vehicle_018_session_00364,vehicle_018,364,test,123.17259999098128,36.0,331.3,332.54999999999995,334.7,337.2,-69.78949,24.539473684210527,1,0.032750000000000015,0.03699999999999992
vehicle_018_session_00365,vehicle_018,365,test,122.92647114601519,21.2,327.7,328.85,330.25555555555553,331.7,-69.80668146666666,24.666666666666668,1,0.028946666666666683,0.03100000000000014
vehicle_018_session_00366,vehicle_018,366,test,123.75439240785259,35.2,331.0,332.2,334.2,336.6,-70.42104894736842,28.17105263157895,2,0.03194736842105266,0.03600000000000003
vehicle_018_session_00367,vehicle_018,367,test,123.48695348385168,14.0,324.6,326.05,328.3,329.7,-69.8826688,34.0,0,0.03288000000000001,0.038000000000000256
vehicle_018_session_00368,vehicle_018,368,test,123.80939956952568,29.2,329.2,330.3,331.775,333.5,-70.07067213333333,34.0,0,0.029720000000000038,0.03200000000000003
vehicle_018_session_00369,vehicle_018,369,test,122.12080956413732,40.0,332.7,333.8,336.20000000000005,339.6,-70.37631289473684,31.68421052631579,1,0.03546052631578947,0.04200000000000026
vehicle_018_session_00370,vehicle_018,370,test,123.68165998755242,12.8,324.1,325.6,328.2,329.6,-70.22106592105263,30.894736842105264,1,0.034499999999999975,0.039000000000000146
vehicle_018_session_00371,vehicle_018,371,test,122.19362135012922,29.2,328.5,329.6,330.7,331.9,-50.10790500000001,30.86842105263158,1,0.022986842105263184,0.025000000000000355
vehicle_018_session_00372,vehicle_018,372,test,123.84345982064742,47.2,334.9,336.1,338.70000000000005,342.1,-49.97105526315789,32.078947368421055,1,0.03642105263157891,0.04400000000000004
vehicle_018_session_00373,vehicle_018,373,test,122.95483885838965,38.8,331.9,333.25,335.4,338.5,-69.91709855263157,31.05263157894737,2,0.03467105263157893,0.040000000000000036
vehicle_018_session_00374,vehicle_018,374,test,124.94512051164223,70.4,355.7,357.15,360.75,365.0,-70.5986925,32.60526315789474,1,0.041986842105263135,0.043999999999999595
vehicle_018_session_00375,vehicle_018,375,test,122.57128240480648,16.0,324.7,325.8,327.5,328.6,-50.06579434210526,27.973684210526315,1,0.028236842105263126,0.03399999999999981
vehicle_018_session_00376,vehicle_018,376,test,123.68640252933429,49.6,335.3,337.4,340.2375,343.3,-44.793340533333335,30.0,0,0.03934666666666667,0.04400000000000004
vehicle_018_session_00377,vehicle_018,377,test,124.40429884733607,48.8,337.1,338.70000000000005,343.075,347.4,-69.8773376,27.773333333333333,1,0.04790666666666668,0.052999999999999936
vehicle_018_session_00378,vehicle_018,378,test,124.79310803400391,74.4,359.1,361.05,364.79999999999995,369.3,-70.00000000000001,26.0,0,0.0416842105263158,0.04400000000000048
vehicle_018_session_00379,vehicle_018,379,test,123.22416960784315,29.6,329.6,330.7,332.2,334.1,-69.81448460526316,26.342105263157894,1,0.03094736842105267,0.03399999999999981
vehicle_018_session_00380,vehicle_018,380,test,123.87262954545459,53.6,341.1,343.4,347.29999999999995,351.3,-69.30791026315788,24.61842105263158,1,0.04785526315789473,0.05500000000000016
vehicle_018_session_00381,vehicle_018,381,test,123.34779147599554,28.4,329.2,330.3,331.9,333.5,-69.2533488,25.466666666666665,1,0.030453333333333377,0.03300000000000036
vehicle_018_session_00382,vehicle_018,382,test,121.43412821557969,36.0,329.1,332.7,334.9,337.5,-69.10395776315791,20.960526315789473,2,0.03365789473684212,0.0389999999999997
vehicle_018_session_00383,vehicle_018,383,test,122.17083746298648,18.8,327.1,328.55,330.1,331.4,-69.43288907894737,20.855263157894736,1,0.0291184210526316,0.03200000000000003
vehicle_018_session_00384,vehicle_018,384,test,123.72203064295164,38.8,331.3,332.15,333.70000000000005,335.5,-45.75790407894738,23.0,0,0.026236842105263166,0.028999999999999915
vehicle_018_session_00385,vehicle_018,385,test,121.80216243978809,28.4,329.7,330.9,332.45,334.4,-69.6342192105263,21.69736842105263,1,0.0306842105263158,0.03399999999999981
vehicle_018_session_00386,vehicle_018,386,test,123.57165298829834,47.2,335.7,337.29999999999995,341.20000000000005,345.8,-69.91972881578948,27.210526315789473,2,0.04660526315789473,0.052000000000000046
vehicle_018_session_00387,vehicle_018,387,test,124.66649993351068,60.0,346.4,348.45000000000005,352.0,356.0,-70.1906772,25.946666666666665,1,0.04423999999999998,0.04699999999999971
vehicle_018_session_00388,vehicle_018,388,test,120.71698840488219,32.4,328.6,330.1,331.35,332.5,-44.54001026666668,21.72,1,0.022666666666666675,0.0259999999999998
vehicle_018_session_00389,vehicle_018,389,test,124.9679826836918,72.8,357.8,358.9888888888889,361.3,363.9,-44.70401040000001,24.96,1,0.03447999999999999,0.036000000000000476
vehicle_018_session_00390,vehicle_018,390,test,124.57276203553393,66.8,353.0,354.9,358.4,362.5,-70.69867746666667,23.92,1,0.04321333333333336,0.04499999999999993
vehicle_018_session_00391,vehicle_018,391,test,120.7790755347222,22.8,325.8,326.9,327.8,328.6,-31.934217105263155,19.0,0,0.01680263157894737,0.018000000000000238
vehicle_018_session_00392,vehicle_018,392,test,124.55482480803978,48.4,336.6,338.4,342.7,347.4,-70.29211605263157,22.236842105263158,2,0.04857894736842107,0.05400000000000027
vehicle_018_session_00393,vehicle_018,393,test,122.45586953965056,23.2,328.3,329.65,331.1,332.7,-70.80268,19.72,1,0.030360000000000033,0.03200000000000003
vehicle_018_session_00394,vehicle_018,394,test,125.45089615740743,67.6,352.8,354.95,358.70000000000005,362.8,-70.25527276315788,22.19736842105263,1,0.04378947368421049,0.045999999999999375
vehicle_018_session_00395,vehicle_018,395,test,123.08136435931897,50.4,336.4,337.29999999999995,339.3,341.3,-26.110536315789478,25.0,0,0.036184210526315756,0.040000000000000036
vehicle_018_session_00396,vehicle_018,396,test,122.6186703042328,56.0,341.8,343.70000000000005,346.6,349.6,-50.10395736842106,27.0,0,0.04034210526315788,0.04600000000000026
vehicle_018_session_00397,vehicle_018,397,test,124.74222341617937,52.0,337.5,338.85,342.0,344.9,-44.47369381578949,28.0,0,0.04215789473684211,0.04499999999999993
vehicle_018_session_00398,vehicle_018,398,test,123.38013854412927,41.2,333.0,334.29999999999995,337.0,340.7,-70.02763644736842,28.82894736842105,1,0.038144736842105224,0.04600000000000026
vehicle_018_session_00399,vehicle_018,399,test,122.21561679067462,41.2,332.1,332.8,334.5,336.4,-45.33290250000001,29.0,0,0.027407894736842107,0.03100000000000014
vehicle_018_session_00400,vehicle_018,400,test,121.81071884023856,27.2,329.1,330.25,331.7,333.5,-69.87762828947368,25.67105263157895,1,0.029776315789473696,0.03200000000000003
vehicle_018_session_00401,vehicle_018,401,test,122.03808421840961,16.0,323.6,324.9,326.0,326.7,-25.558683599999988,24.0,0,0.02141333333333326,0.02499999999999991
vehicle_018_session_00402,vehicle_018,402,test,124.03759496082623,51.2,337.7,339.0,342.15,345.0,-44.03421921052633,24.513157894736842,1,0.04322368421052634,0.04700000000000015
vehicle_018_session_00403,vehicle_018,403,test,124.59984503058105,54.0,341.1,343.4,346.975,350.7,-65.0120024,27.333333333333332,1,0.04617333333333331,0.05400000000000027
vehicle_018_session_00404,vehicle_018,404,test,125.4871551961501,74.8,358.0,359.65,362.7,366.0,-55.6533376,27.8,1,0.03807999999999997,0.040000000000000036
vehicle_018_session_00405,vehicle_018,405,test,122.0534608670635,27.6,328.9,330.25,331.9,333.6,-70.90933773333334,26.826666666666668,2,0.030093333333333347,0.03299999999999992
vehicle_018_session_00406,vehicle_018,406,test,124.01583915754259,42.8,333.5,334.95,337.8,342.1,-70.76317421052632,27.07894736842105,2,0.04146052631578946,0.052000000000000046
vehicle_018_session_00407,vehicle_018,407,test,120.78019345410628,39.6,331.0,332.1,333.5,335.0,-39.9026322368421,25.736842105263158,1,0.024052631578947395,0.027000000000000135
vehicle_018_session_00408,vehicle_018,408,test,124.13082091563786,43.2,333.6,334.79999999999995,337.6,341.8,-69.99737065789475,30.19736842105263,2,0.04024999999999997,0.04899999999999993
vehicle_018_session_00409,vehicle_018,409,test,123.07603155236579,14.0,324.7,326.1,328.5,329.9,-69.89466573333334,29.893333333333334,1,0.03486666666666667,0.040999999999999925
vehicle_018_session_00410,vehicle_018,410,test,122.93464155478397,25.6,328.6,329.7,331.1,332.7,-69.8434275,30.907894736842106,1,0.02959210526315791,0.03299999999999992
vehicle_018_session_00411,vehicle_018,411,test,122.67481934810537,28.4,329.4,330.6,332.0,333.6,-69.93552776315789,31.789473684210527,1,0.03042105263157897,0.03299999999999992
vehicle_018_session_00412,vehicle_018,412,test,124.57110290464746,56.0,342.7,344.79999999999995,348.55,352.5,-70.10534,31.826666666666668,1,0.04748000000000001,0.05400000000000027
vehicle_018_session_00413,vehicle_018,413,test,124.01239384176593,41.6,333.2,334.29999999999995,336.975,340.5,-71.12667506666666,34.89333333333333,1,0.03931999999999995,0.04800000000000004
vehicle_018_session_00414,vehicle_018,414,test,121.88528231349207,17.2,325.7,327.0,328.8,329.9,-64.98133506666667,32.08,1,0.03193333333333332,0.038000000000000256
vehicle_018_session_00415,vehicle_018,415,test,123.65972065857251,37.2,331.6,332.75,334.79999999999995,337.5,-69.83552986842106,29.17105263157895,2,0.03538157894736842,0.040999999999999925
vehicle_018_session_00416,vehicle_018,416,test,121.04547981770833,41.6,334.9,335.5,337.8,341.8,-70.57213836065574,23.311475409836067,1,0.04044262295081965,0.04899999999999993
vehicle_018_session_00417,vehicle_018,417,test,124.76633421516757,67.6,355.2,356.0,359.1,363.3,-70.78362491803279,26.0,0,0.0441639344262295,0.04600000000000026
vehicle_018_session_00418,vehicle_018,418,test,124.71737993055558,76.8,362.2,363.2,366.6,370.4,-67.33935426229507,25.0,0,0.043803278688524676,0.04600000000000026
vehicle_018_session_00419,vehicle_018,419,test,123.48309115629182,55.2,344.6,345.5,348.9,352.8,-70.37049065573771,24.327868852459016,1,0.048000000000000015,0.054999999999999716
vehicle_018_session_00420,vehicle_018,420,test,122.08485699895027,18.8,326.7,328.25,329.9,331.1,-70.1144832894737,24.57894736842105,1,0.03114473684210531,0.03500000000000014
vehicle_018_session_00421,vehicle_018,421,test,124.14333399074074,67.6,353.2,354.95,358.5,362.7,-70.0618477631579,27.0,0,0.044618421052631564,0.04600000000000026
vehicle_018_session_00422,vehicle_018,422,test,122.39454899691357,44.4,334.1,336.0,339.1,343.6,-70.03115081967212,23.62295081967213,1,0.043540983606557365,0.05300000000000038
vehicle_018_session_00423,vehicle_018,423,test,123.20246442307695,66.0,353.9,354.6,357.7,361.6,-69.90655786885246,26.0,0,0.0440327868852459,0.04599999999999982
vehicle_018_session_00424,vehicle_018,424,test,120.18489939236112,41.2,334.9,335.3,337.4,340.7,-69.92131409836064,32.22950819672131,1,0.03906557377049179,0.04600000000000026
vehicle_018_session_00425,vehicle_018,425,test,126.09478401070133,73.2,358.9,359.7,363.0,367.2,-69.90164114754099,34.47540983606557,1,0.044918032786885206,0.04699999999999971
vehicle_018_session_00426,vehicle_018,426,test,117.64219064465414,39.6,333.3,333.6,334.6,336.3,-45.10820672131148,33.0,0,0.026983606557377086,0.029999999999999805
vehicle_018_session_00427,vehicle_018,427,test,121.92509722222222,34.0,330.7,331.4,333.2,335.5,-70.04754557377049,37.540983606557376,1,0.03286885245901641,0.03600000000000003
vehicle_018_session_00428,vehicle_018,428,test,124.24989935661765,58.8,346.8,347.4,350.7,354.6,-69.9262313114754,39.967213114754095,1,0.04621311475409833,0.04899999999999993
vehicle_018_session_00429,vehicle_018,429,test,123.63084048202619,27.6,329.7,329.9,330.7,331.7,-49.89179639344262,35.98360655737705,1,0.023803278688524613,0.0259999999999998
vehicle_018_session_00430,vehicle_018,430,test,120.87481053067997,28.0,331.0,331.1,332.2,333.8,-69.83279704918033,33.950819672131146,2,0.03088524590163935,0.03299999999999992
vehicle_018_session_00431,vehicle_018,431,test,122.53071906160966,54.8,343.9,344.7,347.8,351.8,-69.82132508196722,37.26229508196721,1,0.04724590163934426,0.051000000000000156
vehicle_018_session_00432,vehicle_018,432,test,120.26540947420636,17.6,327.2,327.5,328.5,329.2,-49.76722983606559,34.47540983606557,1,0.024704918032786915,0.028999999999999915
vehicle_018_session_00433,vehicle_018,433,test,119.37267361111113,40.0,333.8,334.1,335.3,337.1,-49.721323606557384,37.0,0,0.02908196721311471,0.03200000000000003
vehicle_018_session_00434,vehicle_018,434,test,122.11749431273952,63.6,350.5,351.0,353.2,355.8,-49.71804459016394,38.9344262295082,1,0.03739344262295086,0.039000000000000146
vehicle_018_session_00435,vehicle_018,435,test,121.58058055555558,13.2,326.3,326.9,328.5,329.7,-71.76231,39.032786885245905,-1,0.033704918032786906,0.03799999999999981
vehicle_018_session_00436,vehicle_018,436,test,121.3830434272301,43.2,336.0,336.4,338.6,342.2,-71.71476590163934,42.14754098360656,2,0.04136065573770489,0.04999999999999982
vehicle_018_session_00437,vehicle_018,437,test,122.07117392676774,34.0,332.4,332.7,334.1,336.1,-69.77213967213115,40.278688524590166,1,0.0331639344262295,0.03699999999999992
vehicle_018_session_00438,vehicle_018,438,test,123.43919690860218,65.2,352.2,353.0,356.1,360.0,-69.74427163934428,43.0,0,0.04478688524590169,0.04600000000000026
vehicle_018_session_00439,vehicle_018,439,test,122.64344417032164,35.2,332.7,333.0,334.4,336.6,-71.3983524590164,39.60655737704918,1,0.034377049180327864,0.03799999999999981
vehicle_018_session_00440,vehicle_018,440,test,124.0438771135266,66.0,352.7,353.5,356.6,360.7,-71.38196262295082,42.09836065573771,1,0.04585245901639344,0.04700000000000015
vehicle_018_session_00441,vehicle_018,441,test,120.9677197871573,31.2,331.6,331.7,333.0,334.7,-69.87869081967214,35.90163934426229,1,0.03208196721311476,0.0349999999999997
vehicle_018_session_00442,vehicle_018,442,test,124.05112881375224,62.0,349.6,350.3,353.5,357.4,-69.85082590163934,39.0,0,0.04534426229508199,0.04700000000000015
vehicle_018_session_00443,vehicle_018,443,test,122.86324786324788,27.6,329.4,329.7,330.3,331.4,-50.0,37.0,0,0.023688524590163948,0.025000000000000355
vehicle_018_session_00444,vehicle_018,444,test,120.57260018939392,48.8,337.7,338.2,340.3,343.5,-49.993441967213116,39.0,0,0.041147540983606554,0.04699999999999971
vehicle_018_session_00445,vehicle_018,445,test,121.58279350104819,42.4,334.2,334.6,335.8,337.8,-49.891795737704925,36.59016393442623,1,0.031442622950819614,0.03500000000000014
vehicle_018_session_00446,vehicle_018,446,test,120.83754583333337,40.4,333.8,333.9,335.3,337.1,-50.280345901639365,35.63934426229508,1,0.029688524590163926,0.03399999999999981
vehicle_018_session_00447,vehicle_018,447,test,122.98835360663085,55.2,343.2,344.9,348.5,352.4,-70.00491885245901,33.42622950819672,1,0.04995081967213115,0.05900000000000016
vehicle_018_session_00448,vehicle_018,448,test,121.18736383442267,20.4,328.2,328.3,329.1,330.0,-50.0,31.0327868852459,1,0.023213114754098395,0.026000000000000245
vehicle_018_session_00449,vehicle_018,449,test,117.78322440087143,40.8,334.6,334.9,336.1,338.2,-50.0,33.81967213114754,1,0.031081967213114722,0.03600000000000003
vehicle_018_session_00450,vehicle_018,450,test,120.58080808080808,61.2,349.1,349.7,351.8,354.6,-50.0,35.49180327868852,1,0.038278688524590175,0.040000000000000036
vehicle_018_session_00451,vehicle_018,451,test,121.45700285689168,32.0,331.4,331.7,333.3,335.3,-69.41802459016394,29.40983606557377,1,0.03239344262295086,0.03600000000000003
vehicle_018_session_00452,vehicle_018,452,test,123.56718744893791,64.0,352.1,352.7,355.8,359.7,-69.43441967213116,33.0,0,0.04488524590163932,0.04600000000000026
vehicle_018_session_00453,vehicle_018,453,test,121.84134011752137,14.4,326.0,326.6,328.2,329.6,-69.99508147540983,37.0,0,0.03390163934426228,0.038000000000000256
vehicle_018_session_00454,vehicle_018,454,test,124.21824523809521,40.4,334.1,334.2,336.0,338.5,-69.94261721311474,39.114754098360656,1,0.036081967213114734,0.040000000000000036
vehicle_018_session_00455,vehicle_018,455,test,123.31723309178743,55.6,344.4,345.2,348.3,352.2,-70.01967409836067,37.0,0,0.04904918032786887,0.053999999999999826
vehicle_018_session_00456,vehicle_018,456,test,121.31800491898147,37.6,329.4,332.7,334.7,337.4,-69.1623018032787,32.90163934426229,1,0.03529508196721309,0.040999999999999925
vehicle_018_session_00457,vehicle_018,457,test,122.20674519230775,47.6,335.7,337.2,341.0,345.7,-70.50328426229508,33.721311475409834,1,0.0491147540983607,0.05600000000000005
vehicle_018_session_00458,vehicle_018,458,test,124.69202398405346,73.6,359.4,360.2,363.5,367.8,-70.70000999999998,35.295081967213115,1,0.04659016393442625,0.04800000000000004
vehicle_018_session_00459,vehicle_018,459,test,120.49449664750959,28.4,329.2,330.3,331.9,333.6,-70.19016885245902,34.83606557377049,1,0.031114754098360686,0.03300000000000036
vehicle_018_session_00460,vehicle_018,460,test,121.96142246685606,51.6,341.4,342.2,345.7,349.7,-70.51147655737705,37.67213114754098,1,0.04975409836065573,0.05400000000000027
vehicle_018_session_00461,vehicle_018,461,test,125.53093156565659,72.0,356.9,357.4,359.7,362.7,-50.0,38.0,0,0.038475409836065545,0.04000000000000048
vehicle_018_session_00462,vehicle_018,462,test,121.63651269353373,49.2,339.3,340.0,343.5,347.4,-69.84754885245903,34.42622950819672,1,0.049245901639344294,0.05400000000000027
vehicle_018_session_00463,vehicle_018,463,test,125.79119103422616,74.0,359.6,360.5,363.6,368.0,-69.80000901639345,36.08196721311475,1,0.045147540983606536,0.0470000000000006
vehicle_018_session_00464,vehicle_018,464,test,120.4944326584507,33.6,332.2,332.5,333.8,336.0,-70.00492393442623,31.459016393442624,1,0.03383606557377048,0.03699999999999992
vehicle_018_session_00465,vehicle_018,465,test,122.60926865740743,62.0,350.0,350.8,353.9,357.8,-69.9983655737705,34.63934426229508,1,0.04632786885245905,0.04899999999999993
vehicle_018_session_00466,vehicle_018,466,test,123.06965307971014,53.6,341.9,343.0,346.6,350.7,-69.90164213114754,35.0,0,0.05116393442622946,0.05699999999999994
vehicle_018_session_00467,vehicle_018,467,test,122.65308206181535,10.0,323.9,324.6,326.9,328.8,-70.13607409836067,38.0,0,0.03604918032786883,0.0389999999999997
vehicle_018_session_00468,vehicle_018,468,test,121.85789030712047,38.8,334.1,334.6,336.1,338.8,-69.99016803278688,39.85245901639344,2,0.03670491803278684,0.041999999999999815
vehicle_018_session_00469,vehicle_018,469,test,123.45673920940173,67.2,354.1,354.9,358.0,362.1,-69.9819706557377,42.24590163934426,1,0.04598360655737704,0.04700000000000015
vehicle_018_session_00470,vehicle_018,470,test,123.5002944711539,59.2,346.3,346.8,348.6,351.1,-45.11148540983608,36.31147540983606,1,0.03644262295081963,0.039000000000000146
vehicle_018_session_00471,vehicle_018,471,test,119.94034878716747,47.2,338.2,338.9,342.1,346.1,-70.07213819672133,37.80327868852459,1,0.04613114754098364,0.051000000000000156
vehicle_018_session_00472,vehicle_018,472,test,120.55953630952386,39.6,333.8,334.2,336.1,339.3,-69.85246524590163,34.24590163934426,1,0.036426229508196704,0.041999999999999815
vehicle_018_session_00473,vehicle_018,473,test,124.30223497596147,67.6,354.6,355.3,358.5,362.5,-69.80165114754098,36.0,0,0.043131147540983614,0.04499999999999993
vehicle_018_session_00474,vehicle_018,474,test,124.48952704678366,63.2,349.1,351.0,354.4,358.5,-70.01311639344263,31.540983606557376,1,0.04255737704918036,0.04400000000000004
vehicle_018_session_00475,vehicle_018,475,test,121.96992545710266,19.2,328.9,329.2,330.0,331.3,-70.41310672131146,34.049180327868854,1,0.029901639344262335,0.03200000000000003
vehicle_018_session_00476,vehicle_018,476,test,123.80580709388188,51.2,340.8,341.8,345.0,348.9,-70.39179573770491,37.81967213114754,1,0.04711475409836066,0.051000000000000156
vehicle_018_session_00477,vehicle_018,477,test,123.64775505050505,68.4,355.2,356.0,359.3,363.3,-69.79018163934425,36.295081967213115,1,0.042819672131147506,0.04400000000000048
vehicle_018_session_00478,vehicle_018,478,test,120.78918209325397,31.2,331.7,332.1,333.3,334.9,-69.97868639344263,35.9344262295082,2,0.0315409836065574,0.03400000000000025
vehicle_018_session_00479,vehicle_018,479,test,122.11335721659161,59.2,347.8,348.6,351.8,355.5,-69.96557032786886,39.0,0,0.044180327868852426,0.04700000000000015
vehicle_018_session_00480,vehicle_018,480,test,122.9956975644123,60.0,347.4,348.5,351.9,355.8,-70.16722262295082,33.32786885245902,1,0.04452459016393446,0.04800000000000004
vehicle_018_session_00481,vehicle_018,481,test,119.94292202212804,36.4,331.0,331.9,333.6,335.7,-59.973774426229525,33.377049180327866,1,0.029836065573770526,0.03300000000000036
vehicle_018_session_00482,vehicle_018,482,test,121.81052504960314,60.0,347.7,348.5,351.1,354.4,-59.88361196721312,36.0,0,0.04090163934426229,0.04300000000000015
vehicle_018_session_00483,vehicle_018,483,test,124.88671673976613,72.4,357.8,358.6,362.1,366.3,-70.20000999999999,34.01639344262295,1,0.04398360655737701,0.04500000000000082
vehicle_018_session_00484,vehicle_018,484,test,120.38908394607843,16.0,327.7,328.2,329.2,330.5,-71.47540737704918,40.0,0,0.031163934426229542,0.03400000000000025
vehicle_018_session_00485,vehicle_018,485,test,122.7341348066817,43.2,335.8,336.3,338.5,341.9,-71.43441967213116,42.540983606557376,1,0.039098360655737685,0.04599999999999982
vehicle_018_session_00486,vehicle_018,486,test,126.81409301900588,72.8,358.5,359.3,362.5,366.9,-71.50327901639345,44.0,0,0.04354098360655734,0.04500000000000082
vehicle_018_session_00487,vehicle_018,487,test,123.79590210843376,31.2,329.6,330.3,331.65,333.3,-60.03158276315789,34.80263157894737,1,0.027789473684210562,0.03000000000000025
vehicle_018_session_00488,vehicle_018,488,test,121.53576421734238,44.0,335.2,335.8,338.6,343.0,-71.49344393442624,35.459016393442624,1,0.042442622950819645,0.052000000000000046
vehicle_018_session_00489,vehicle_018,489,test,123.6474038101852,37.6,331.3,332.2,333.9,336.1,-59.96447065789473,36.0,0,0.030605263157894774,0.03500000000000014
vehicle_018_session_00490,vehicle_018,490,test,122.79054692606212,19.6,328.8,328.9,330.0,331.1,-69.90164131147542,31.0,0,0.02978688524590165,0.03399999999999981
vehicle_018_session_00491,vehicle_018,491,test,122.00794494047622,46.8,338.0,338.5,341.3,345.3,-69.88852868852459,34.50819672131148,1,0.04396721311475412,0.050000000000000266
vehicle_018_session_00492,vehicle_018,492,test,125.7001359217172,74.8,360.5,361.4,364.7,368.9,-69.85738196721312,36.34426229508197,1,0.043508196721311475,0.04500000000000082
vehicle_018_session_00493,vehicle_018,493,test,122.0452887286325,26.4,328.8,329.7,331.3,332.8,-70.2508319672131,32.19672131147541,1,0.030213114754098366,0.03200000000000003
vehicle_018_session_00494,vehicle_018,494,test,122.11960003063729,47.2,338.0,338.6,341.6,345.8,-70.34426901639345,34.63934426229508,1,0.046360655737704946,0.052000000000000046
vehicle_018_session_00495,vehicle_018,495,test,124.92457974137939,74.4,360.3,361.1,364.6,368.8,-70.35574032786886,36.459016393442624,1,0.04449180327868856,0.04600000000000026
vehicle_018_session_00496,vehicle_018,496,test,124.75507310606058,56.4,342.4,343.9,347.1,350.3,-55.19673131147542,34.0,0,0.04354098360655735,0.051000000000000156
vehicle_018_session_00497,vehicle_018,497,test,121.15660799808431,33.6,331.9,332.1,333.0,334.6,-54.98524442622951,33.31147540983606,1,0.027262295081967217,0.03000000000000025
vehicle_018_session_00498,vehicle_018,498,test,124.53192857142861,61.2,347.7,348.3,350.8,354.1,-55.49508147540983,36.0,0,0.04022950819672131,0.04200000000000026
vehicle_018_session_00499,vehicle_018,499,test,126.13035019841271,68.8,353.9,354.6,357.1,360.3,-55.57705688524591,35.0,0,0.038573770491803265,0.040000000000000036
vehicle_018_session_00500,vehicle_018,500,test,122.95750280214426,48.0,337.8,338.5,341.0,344.4,-55.14919032786886,34.59016393442623,1,0.04293442622950822,0.04800000000000004
vehicle_018_session_00501,vehicle_018,501,test,123.78115429131053,26.4,330.7,331.0,332.1,333.9,-79.92458393442624,35.622950819672134,1,0.03413114754098362,0.03600000000000003
vehicle_018_session_00502,vehicle_018,502,test,123.14653955696205,57.6,347.2,348.2,351.6,356.0,-79.89507868852459,39.47540983606557,1,0.04880327868852457,0.052000000000000046
vehicle_018_session_00503,vehicle_018,503,test,122.48783185272538,49.6,338.2,338.6,341.1,344.4,-50.0688593442623,31.852459016393443,1,0.04322950819672134,0.04800000000000004
vehicle_018_session_00504,vehicle_018,504,test,123.69738438585068,26.0,329.2,329.4,330.3,331.3,-54.542627213114756,32.0,0,0.025000000000000012,0.026000000000000245
vehicle_018_session_00505,vehicle_018,505,test,121.24573995726499,51.6,340.7,341.3,344.1,347.2,-54.531150655737704,35.0,0,0.045278688524590216,0.04800000000000004
vehicle_018_session_00506,vehicle_018,506,test,121.77800319664905,47.6,338.5,339.1,342.1,346.3,-69.92459311475409,35.75409836065574,1,0.04763934426229512,0.052000000000000046
vehicle_018_session_00507,vehicle_018,507,test,125.10005985169488,72.8,359.1,359.9,363.2,367.4,-69.90492213114754,37.622950819672134,1,0.04470491803278684,0.0470000000000006
vehicle_018_session_00508,vehicle_018,508,test,124.58480447965567,56.0,344.7,345.5,348.8,352.5,-70.01639770491805,36.0,0,0.048672131147540966,0.05400000000000027
vehicle_018_session_00509,vehicle_018,509,test,124.87383032852571,42.0,333.2,334.2,336.9,340.5,-69.76559032786885,30.770491803278688,1,0.039967213114754055,0.04800000000000004
vehicle_018_session_00510,vehicle_018,510,test,125.04083960769985,62.8,351.0,351.8,354.9,358.8,-69.80165885245903,33.0,0,0.0454754098360656,0.04800000000000004
vehicle_018_session_00511,vehicle_018,511,test,125.49594681712962,60.8,347.2,348.8,352.2,356.1,-70.00163950819672,36.0,0,0.04486885245901637,0.04899999999999993
vehicle_018_session_00512,vehicle_018,512,test,124.01910040509259,28.4,329.9,330.2,331.4,333.0,-69.90491852459016,39.16393442622951,1,0.030491803278688546,0.03400000000000025
vehicle_018_session_00513,vehicle_018,513,test,124.62127088675214,57.2,345.8,346.4,349.7,353.5,-69.83279196721313,42.0,0,0.04578688524590164,0.04999999999999982
vehicle_018_session_00514,vehicle_018,514,test,125.93951034989317,42.4,333.2,334.2,336.9,340.5,-69.90327360655738,38.950819672131146,1,0.03968852459016389,0.04700000000000015
vehicle_018_session_00515,vehicle_018,515,test,126.15191286375666,63.6,351.0,351.8,354.9,358.8,-69.8049293442623,40.60655737704918,1,0.04550819672131152,0.04800000000000004
vehicle_018_session_00516,vehicle_018,516,test,124.39656944444442,47.2,337.2,338.0,341.0,345.3,-70.20000999999999,39.18032786885246,1,0.04739344262295082,0.05400000000000027
vehicle_018_session_00517,vehicle_018,517,test,122.49422664141414,23.6,329.6,329.9,330.8,332.2,-70.13935278688525,40.24590163934426,1,0.03059016393442625,0.03299999999999992
vehicle_018_session_00518,vehicle_018,518,test,122.05919102254433,50.0,340.0,340.8,344.1,348.2,-70.11804147540984,42.91803278688525,1,0.04901639344262297,0.05300000000000038
vehicle_018_session_00519,vehicle_018,519,test,126.28056965277781,77.6,363.0,363.8,367.2,371.6,-70.12131836065575,44.0,0,0.0462786885245902,0.04800000000000004
vehicle_018_session_00520,vehicle_018,520,test,124.61509761904769,45.6,336.1,336.8,339.3,343.5,-69.78525606557378,38.42622950819672,1,0.04416393442622948,0.052000000000000046
vehicle_018_session_00521,vehicle_018,521,test,122.7859265950521,26.4,328.8,329.7,331.1,332.7,-69.8737749180328,35.704918032786885,1,0.030393442622950878,0.03200000000000003
vehicle_018_session_00522,vehicle_018,522,test,122.53754870495499,52.0,341.4,342.4,345.8,349.7,-69.83607081967213,38.77049180327869,1,0.049491803278688545,0.05300000000000038
vehicle_018_session_00523,vehicle_018,523,test,126.78820219494054,71.2,355.5,356.9,360.3,364.9,-70.00983704918032,39.0,0,0.04468852459016388,0.04600000000000026
vehicle_018_session_00524,vehicle_018,524,test,125.73384017412937,66.8,353.3,354.1,357.4,361.6,-70.98688459016394,38.0,0,0.045147540983606564,0.04700000000000015
vehicle_018_session_00525,vehicle_018,525,test,123.77540157585466,52.4,340.0,340.8,343.6,346.6,-49.821325081967224,35.0,0,0.04621311475409842,0.04900000000000038
vehicle_018_session_00526,vehicle_018,526,test,119.77969343434349,47.6,337.7,338.2,340.5,343.8,-55.15082950819672,33.704918032786885,1,0.042344262295081994,0.04900000000000038
vehicle_018_session_00527,vehicle_018,527,test,125.36460131448409,69.6,355.5,356.1,358.8,361.8,-55.15410819672132,35.0,0,0.039639344262295054,0.04100000000000037
vehicle_018_session_00528,vehicle_018,528,test,123.17735576047359,10.4,324.2,324.7,326.3,327.7,-54.95081475409835,36.0,0,0.030754098360655707,0.03400000000000025
vehicle_018_session_00529,vehicle_018,529,test,122.28866684626436,34.8,332.2,332.4,333.5,334.9,-54.906551967213105,37.26229508196721,1,0.027803278688524617,0.03100000000000014
vehicle_018_session_00530,vehicle_018,530,test,124.17051278521822,58.0,346.3,346.9,349.4,352.4,-54.90163803278689,39.80327868852459,1,0.0412622950819672,0.04400000000000004
vehicle_018_session_00531,vehicle_018,531,test,125.98350653860031,52.8,340.7,341.4,344.9,348.9,-69.8672155737705,34.49180327868852,1,0.049459016393442606,0.05300000000000038
vehicle_018_session_00532,vehicle_018,532,test,121.57186338141028,60.8,347.7,348.2,350.2,352.5,-44.48197721311477,39.0,0,0.037327868852458965,0.039000000000000146
vehicle_018_session_00533,vehicle_018,533,test,120.10415856481478,36.4,331.4,331.9,333.2,335.0,-54.96557032786885,35.0,0,0.02914754098360658,0.03300000000000036
vehicle_018_session_00534,vehicle_018,534,test,123.00790264161219,10.8,322.7,323.9,326.7,328.8,-70.02131360655738,37.91803278688525,1,0.036672131147540976,0.039000000000000146
vehicle_018_session_00535,vehicle_018,535,test,120.17559890873015,31.2,331.7,331.9,333.2,334.9,-70.02623213114754,39.114754098360656,1,0.03229508196721315,0.03500000000000014
vehicle_018_session_00536,vehicle_018,536,test,121.95326083126038,59.2,347.5,348.2,351.4,355.2,-70.02295311475409,42.0,0,0.04596721311475408,0.04800000000000004
vehicle_018_session_00537,vehicle_018,537,test,123.17679605263156,46.4,337.1,337.7,340.5,344.9,-71.19837065573769,40.39344262295082,1,0.046639344262295095,0.05400000000000027
vehicle_018_session_00538,vehicle_018,538,test,125.46813104423866,69.6,355.8,356.8,359.9,364.1,-71.20984704918033,42.0,0,0.04549180327868851,0.04699999999999971
vehicle_018_session_00539,vehicle_018,539,test,123.65181092664933,60.4,348.2,348.9,352.2,356.1,-70.33115426229507,39.90163934426229,1,0.04703278688524592,0.04899999999999993
vehicle_018_session_00540,vehicle_018,540,test,122.69822173996913,12.4,323.2,324.6,327.4,329.2,-70.61476049180327,40.0,0,0.03814754098360652,0.041999999999999815
vehicle_018_session_00541,vehicle_018,541,test,120.74317365933642,41.6,335.2,335.5,337.4,340.7,-70.73280016393441,42.540983606557376,1,0.03990163934426224,0.04600000000000026
vehicle_018_session_00542,vehicle_018,542,test,123.0530513888889,70.4,356.4,357.2,360.5,364.4,-70.67050704918033,44.01639344262295,1,0.046409836065573806,0.04800000000000049
vehicle_018_session_00543,vehicle_018,543,test,121.92641589506175,31.2,330.0,330.2,331.1,332.2,-49.899989999999995,40.278688524590166,1,0.02483606557377054,0.027000000000000135
vehicle_018_session_00544,vehicle_018,544,test,122.80702845860566,72.0,356.6,357.2,359.4,362.4,-49.899989999999995,43.0,0,0.038885245901639255,0.040000000000000036
vehicle_018_session_00545,vehicle_018,545,test,120.57031796875002,40.8,334.7,335.2,337.4,340.8,-73.8918050819672,35.9344262295082,2,0.04111475409836063,0.04900000000000038
vehicle_018_session_00546,vehicle_018,546,test,120.46410606617651,27.6,329.2,329.4,330.0,331.0,-44.80002000000002,40.0,0,0.022360655737704925,0.02400000000000002
vehicle_018_session_00547,vehicle_018,547,test,123.97476046358857,51.6,340.2,341.1,344.9,348.9,-69.90491967213114,39.63934426229508,1,0.05185245901639344,0.05600000000000005
vehicle_018_session_00548,vehicle_018,548,test,123.49355616471736,49.2,336.4,337.7,341.0,344.7,-55.10164639344263,38.60655737704918,1,0.04608196721311477,0.052000000000000046
vehicle_018_session_00549,vehicle_018,549,test,125.90278531184492,72.4,357.7,358.3,361.0,364.3,-55.04754442622951,39.0,0,0.041081967213114745,0.0420000000000007
vehicle_018_session_00550,vehicle_018,550,test,122.76537673611108,58.8,346.3,346.8,349.1,351.8,-49.498360491803275,43.0,0,0.04078688524590158,0.04400000000000004
vehicle_018_session_00551,vehicle_018,551,test,121.5352692674292,52.4,340.2,341.0,343.5,346.6,-49.8590186885246,40.65573770491803,1,0.04631147540983607,0.04899999999999993
vehicle_018_session_00552,vehicle_018,552,test,122.41251905791403,42.0,332.7,333.70000000000005,335.875,338.6,-59.76134,35.84,1,0.0357733333333333,0.041999999999999815
vehicle_018_session_00553,vehicle_018,553,test,123.11134614071035,68.0,354.3,355.0,358.3,362.4,-69.89508573770492,36.0,0,0.04591803278688523,0.04700000000000015
vehicle_018_session_00554,vehicle_018,554,test,121.47112298976609,10.0,325.0,325.7,327.4,328.9,-70.00000065573771,38.0,0,0.03508196721311473,0.039000000000000146
vehicle_018_session_00555,vehicle_018,555,test,122.04253576388885,40.4,334.9,335.2,337.1,339.9,-69.95245885245903,40.67213114754098,1,0.03818032786885241,0.04499999999999993
vehicle_018_session_00556,vehicle_018,556,test,124.9026444716775,72.8,358.5,359.4,362.5,366.8,-69.92623,43.0,0,0.04606557377049182,0.04800000000000004
vehicle_018_session_00557,vehicle_018,557,test,121.43698899572652,32.8,330.3,331.1,333.0,335.0,-69.72624213114754,40.24590163934426,1,0.032967213114754146,0.03699999999999992
vehicle_018_session_00558,vehicle_018,558,test,123.03849873236332,59.2,347.2,348.0,351.1,355.0,-69.7311606557377,43.0,0,0.04729508196721308,0.04999999999999982
vehicle_018_session_00559,vehicle_018,559,test,120.49715029761903,24.0,328.5,329.2,330.5,331.9,-69.59509032786886,38.81967213114754,1,0.030475409836065594,0.03200000000000003
vehicle_018_session_00560,vehicle_018,560,test,121.28111194029854,49.2,339.3,339.9,343.2,347.4,-69.6377149180328,41.77049180327869,1,0.049590163934426286,0.05300000000000038
vehicle_018_session_00561,vehicle_018,561,test,125.05254353983915,62.0,349.3,350.0,353.2,357.1,-69.99180245901638,41.0,0,0.046540983606557396,0.04899999999999993
vehicle_018_session_00562,vehicle_018,562,test,120.45534136243384,30.8,330.7,331.0,332.4,334.1,-69.65574770491801,40.59016393442623,1,0.03214754098360661,0.03500000000000014
vehicle_018_session_00563,vehicle_018,563,test,120.51711289414416,34.8,332.5,332.8,334.2,336.4,-69.80165885245901,41.67213114754098,1,0.034180327868852466,0.03699999999999992
vehicle_018_session_00564,vehicle_018,564,test,123.28442992424242,64.8,351.9,352.5,355.7,359.6,-69.78526377049181,44.0,0,0.045639344262295094,0.04700000000000015
vehicle_018_session_00565,vehicle_018,565,test,123.25931128381329,21.2,327.1,327.8,329.1,330.2,-60.03200199999999,39.0,0,0.029093333333333356,0.03500000000000014
vehicle_018_session_00566,vehicle_018,566,test,123.72809515931374,36.4,331.0,331.7,333.5,335.5,-59.92894342105263,39.0,0,0.03142105263157896,0.03600000000000003
vehicle_018_session_00567,vehicle_018,567,test,122.10459577114428,16.4,327.4,327.8,329.1,330.3,-70.1508293442623,37.0,0,0.03311475409836067,0.03799999999999981
vehicle_018_session_00568,vehicle_018,568,test,127.64028902777775,77.6,362.4,363.3,366.6,370.8,-70.08361213114755,42.0,0,0.047049180327868825,0.04900000000000038
vehicle_018_session_00569,vehicle_018,569,test,119.96528423996912,34.8,332.7,333.0,334.4,336.6,-69.89344442622951,35.91803278688525,2,0.03459016393442622,0.039000000000000146
vehicle_018_session_00570,vehicle_018,570,test,123.24315995053274,63.6,351.3,352.1,355.2,359.1,-69.84918524590164,39.0,0,0.04645901639344263,0.04899999999999993
vehicle_018_session_00571,vehicle_018,571,test,121.82713802960157,35.6,330.7,331.6,333.25,335.2,-59.84400599999999,35.76,1,0.030840000000000013,0.03500000000000014
vehicle_018_session_00572,vehicle_018,572,test,124.04959177559914,67.6,352.4,353.0,355.2,357.8,-45.100010000000005,37.0,0,0.03762295081967218,0.040000000000000036
vehicle_018_session_00573,vehicle_018,573,test,122.47409255804313,54.4,343.2,344.1,347.5,351.4,-69.93442852459016,37.377049180327866,1,0.05178688524590163,0.05699999999999994
vehicle_018_session_00574,vehicle_018,574,test,121.07586192491316,52.8,341.6,342.5,346.0,350.0,-69.74263147540985,35.0,0,0.05236065573770491,0.05600000000000005
vehicle_018_session_00575,vehicle_018,575,test,122.2343788773148,29.2,329.6,330.3,331.7,333.5,-69.99836262295081,37.950819672131146,2,0.031737704918032836,0.03400000000000025
vehicle_018_session_00576,vehicle_018,576,test,121.77084129901964,53.6,342.4,343.3,346.6,350.7,-69.86394049180329,40.704918032786885,1,0.05099999999999997,0.05500000000000016
vehicle_018_session_00577,vehicle_018,577,test,122.99182126593806,15.2,324.9,326.1,328.5,329.9,-69.7229613114754,36.0,0,0.036999999999999984,0.04300000000000015
vehicle_018_session_00578,vehicle_018,578,test,120.98158774038464,40.0,334.6,334.9,336.6,339.6,-69.69017262295081,38.09836065573771,1,0.03863934426229503,0.04400000000000004
vehicle_018_session_00579,vehicle_018,579,test,123.53548555307545,71.2,357.4,358.2,361.4,365.5,-69.67378065573772,40.0,0,0.04726229508196722,0.04900000000000038
vehicle_018_session_00580,vehicle_018,580,test,121.88505966739767,54.0,343.0,343.9,347.2,351.3,-69.83443049180329,38.0,0,0.05077049180327869,0.05600000000000005
vehicle_018_session_00581,vehicle_018,581,test,122.93333189540176,26.8,328.5,329.29999999999995,330.5,331.7,-59.91733573333334,37.0,0,0.027693333333333344,0.029999999999999805
vehicle_018_session_00582,vehicle_018,582,test,120.54932669983415,39.6,332.5,333.5,335.8,338.9,-70.89507803278688,39.78688524590164,1,0.03878688524590161,0.04599999999999982
vehicle_018_session_00583,vehicle_018,583,test,121.88761863425931,66.4,353.5,354.3,357.4,361.4,-70.9540937704918,42.0,0,0.0468524590163934,0.04800000000000004
vehicle_018_session_00584,vehicle_018,584,test,121.23356501279243,32.0,331.1,331.6,332.8,334.7,-69.84098983606559,38.885245901639344,1,0.03316393442622954,0.03600000000000003
vehicle_018_session_00585,vehicle_018,585,test,123.296490491453,62.8,350.2,351.0,354.1,358.0,-69.81148475409836,41.540983606557376,1,0.04726229508196724,0.04899999999999993
vehicle_018_session_00586,vehicle_018,586,test,122.54458473258707,63.6,351.3,352.1,355.2,359.3,-70.6065668852459,38.0,0,0.047655737704918086,0.050000000000000266
vehicle_018_session_00587,vehicle_018,587,test,122.44444145299146,35.2,332.1,332.2,333.9,336.1,-69.91966540983606,36.14754098360656,1,0.03475409836065572,0.039000000000000146
vehicle_018_session_00588,vehicle_018,588,test,122.9514165277778,36.8,332.1,333.0,334.6,337.1,-70.25739278688525,40.83606557377049,2,0.036229508196721306,0.040999999999999925
vehicle_018_session_00589,vehicle_018,589,test,123.81292728462164,57.2,345.5,346.3,349.4,353.5,-70.26722852459017,43.0,0,0.049508196721311466,0.053999999999999826
vehicle_018_session_00590,vehicle_018,590,test,121.01286504192873,36.8,331.7,331.9,333.0,334.6,-50.19837065573771,38.63934426229508,1,0.028295081967213167,0.03200000000000003
vehicle_018_session_00591,vehicle_018,591,test,122.30810530303033,58.0,345.2,345.8,348.2,351.0,-50.185256065573775,40.721311475409834,1,0.043737704918032735,0.04800000000000004
vehicle_018_session_00592,vehicle_018,592,test,120.46616930298362,44.0,333.9,335.2,338.0,342.2,-69.93114131147541,39.78688524590164,1,0.04481967213114755,0.05500000000000016
vehicle_018_session_00593,vehicle_018,593,test,123.56822574550655,65.6,352.5,353.3,356.4,360.5,-69.85082442622952,41.0,0,0.046819672131147495,0.04800000000000049
vehicle_018_session_00594,vehicle_018,594,test,122.45750383499173,18.0,328.2,328.5,329.6,330.7,-69.49836049180328,40.0,0,0.03206557377049184,0.03699999999999992
vehicle_018_session_00595,vehicle_018,595,test,120.6607745159933,45.2,336.9,337.4,339.7,343.6,-69.50327901639345,42.540983606557376,1,0.045475409836065565,0.053999999999999826
vehicle_018_session_00596,vehicle_018,596,test,121.48985709064326,24.4,329.9,330.2,331.1,332.5,-69.99836049180328,41.50819672131148,1,0.030868852459016438,0.03300000000000036
vehicle_018_session_00597,vehicle_018,597,test,120.69970149410773,54.8,343.8,344.6,347.7,351.4,-67.45901229508196,45.0,0,0.049049180327868785,0.05300000000000038
vehicle_018_session_00598,vehicle_018,598,test,123.13868828247264,57.6,346.1,346.9,350.2,353.9,-69.94753704918031,38.0,0,0.04877049180327868,0.052999999999999936
vehicle_018_session_00599,vehicle_018,599,test,122.7761778971354,58.8,346.9,347.7,350.8,354.7,-70.27214704918032,42.0,0,0.04888524590163935,0.052000000000000046
vehicle_018_session_00600,vehicle_018,600,test,123.14990335648149,68.0,353.8,354.6,357.8,361.8,-70.1016493442623,40.14754098360656,1,0.04742622950819668,0.04899999999999949
vehicle_018_session_00601,vehicle_018,601,test,120.56504250841753,32.4,331.7,332.1,333.3,335.0,-69.52132147540983,44.459016393442624,1,0.033442622950819706,0.03600000000000003
vehicle_018_session_00602,vehicle_018,602,test,122.54721777343747,58.8,346.8,347.5,350.5,354.4,-68.09017278688525,47.39344262295082,1,0.04744262295081964,0.050000000000000266
vehicle_018_session_00603,vehicle_018,603,test,121.25053982533673,37.6,332.4,332.8,334.7,337.4,-69.8409913114754,37.9344262295082,2,0.036672131147540976,0.04200000000000026
vehicle_018_session_00604,vehicle_018,604,test,123.00961458333336,64.0,351.3,352.1,355.2,359.3,-69.86065754098361,40.950819672131146,1,0.04686885245901641,0.04800000000000004
vehicle_018_session_00605,vehicle_018,605,test,124.10160770089288,46.4,334.4,335.2,337.4,340.3,-50.30165819672133,43.0,0,0.03891803278688524,0.04700000000000015
vehicle_018_session_00606,vehicle_018,606,test,123.38982062146893,43.6,333.6,334.7,337.2,341.1,-69.90163016393441,40.91803278688525,1,0.04345901639344262,0.05300000000000038
vehicle_018_session_00607,vehicle_018,607,test,122.7151440631809,67.2,353.6,354.6,357.7,361.8,-69.87212950819672,42.26229508196721,1,0.0483606557377049,0.050000000000000266
vehicle_018_session_00608,vehicle_018,608,test,121.15611516203703,30.4,329.7,330.7,332.2,334.1,-71.30163967213115,38.83606557377049,1,0.033016393442622964,0.03600000000000003
vehicle_018_session_00609,vehicle_018,609,test,120.80615146940423,52.0,341.0,341.9,345.5,349.6,-71.42950180327868,41.68852459016394,1,0.052786885245901645,0.05699999999999994
vehicle_018_session_00610,vehicle_018,610,test,123.97807795479302,49.6,336.8,338.3,342.4,346.9,-69.49508147540983,40.47540983606557,1,0.05332786885245905,0.058000000000000274
vehicle_018_session_00611,vehicle_018,611,test,123.7756807539683,70.4,356.4,357.1,360.2,364.4,-69.52459262295082,42.0,0,0.04845901639344258,0.05000000000000071
vehicle_018_session_00612,vehicle_018,612,test,119.49960191993465,39.6,333.6,334.1,336.0,338.9,-70.09181114754098,41.49180327868852,1,0.039737704918032773,0.04499999999999993
vehicle_018_session_00613,vehicle_018,613,test,123.19603146043768,66.8,353.5,354.3,357.4,361.4,-70.04754573770492,43.967213114754095,1,0.04778688524590163,0.04999999999999982
vehicle_018_session_00614,vehicle_018,614,test,124.51103631602912,70.0,355.2,356.0,359.3,363.3,-69.97868639344262,44.0,0,0.047147540983606545,0.04900000000000038
vehicle_018_session_00615,vehicle_018,615,test,124.2302612905743,62.0,348.2,349.79999999999995,353.25,357.2,-70.01184381578948,35.89473684210526,1,0.047592105263157915,0.051000000000000156
vehicle_018_session_00616,vehicle_018,616,test,122.37123238756615,46.0,334.9,336.25,339.6,344.1,-69.95466586666667,40.0,0,0.04863999999999999,0.058000000000000274
vehicle_018_session_00617,vehicle_018,617,test,121.78223696493629,47.6,337.1,337.7,340.7,344.9,-64.83279704918034,39.98360655737705,2,0.04863934426229508,0.05500000000000016
vehicle_018_session_00618,vehicle_018,618,test,122.47928916910334,72.0,357.8,358.6,361.6,365.5,-64.83935245901641,42.0,0,0.0451311475409836,0.04700000000000015
vehicle_018_session_00619,vehicle_018,619,test,123.78525310395622,57.6,346.0,346.8,350.0,353.9,-70.02787163934427,41.049180327868854,0,0.0489016393442623,0.052000000000000046
vehicle_018_session_00620,vehicle_018,620,test,122.89908526722927,52.4,341.1,342.1,345.7,349.7,-69.93770131147541,39.42622950819672,1,0.051852459016393446,0.05600000000000005
vehicle_018_session_00621,vehicle_018,621,test,123.39898111979163,69.6,353.5,354.5,356.8,359.4,-44.51315921052632,41.0,0,0.03664473684210528,0.0389999999999997
vehicle_018_session_00622,vehicle_018,622,test,123.39969668328222,32.4,328.0,329.7,330.8,332.1,-44.64868960526316,37.0,0,0.02369736842105265,0.0259999999999998
vehicle_018_session_00623,vehicle_018,623,test,123.90196348811205,3.2,316.6,319.15,321.4,323.3,-44.46710581578947,40.0,0,0.034236842105263184,0.038000000000000256
vehicle_018_session_00624,vehicle_018,624,test,126.43388097677601,73.2,358.3,359.3,362.5,366.8,-70.57705688524591,36.0,0,0.04593442622950814,0.0470000000000006
vehicle_018_session_00625,vehicle_018,625,test,122.00423553240742,21.6,327.4,328.6,329.9,331.3,-69.90490983606557,41.721311475409834,1,0.03124590163934428,0.03600000000000003
vehicle_018_session_00626,vehicle_018,626,test,122.14167717236465,50.8,340.0,340.8,344.3,348.2,-68.25247213114754,44.622950819672134,1,0.04986885245901642,0.05400000000000027
vehicle_018_session_00627,vehicle_018,627,test,123.58740694444445,50.0,337.2,338.8,343.2,347.5,-70.67214213114755,39.78688524590164,1,0.05206557377049183,0.057000000000000384
vehicle_018_session_00628,vehicle_018,628,test,124.37381195175439,74.0,359.9,360.8,364.1,368.5,-70.74591622950818,41.0,0,0.04619672131147536,0.04800000000000004
vehicle_018_session_00629,vehicle_018,629,test,123.53332555555558,58.8,345.8,346.4,348.8,351.6,-49.952454262295085,43.0,0,0.041836065573770446,0.04500000000000037
vehicle_018_session_00630,vehicle_018,630,test,123.40972345085471,56.0,344.1,344.9,348.2,352.2,-70.00163950819672,40.0,0,0.050540983606557385,0.05600000000000005
vehicle_018_session_00631,vehicle_018,631,test,120.94948813131315,33.6,330.5,331.4,333.3,335.3,-69.89835967213115,38.50819672131148,1,0.03373770491803283,0.03699999999999992
vehicle_018_session_00632,vehicle_018,632,test,122.7320831505848,56.0,344.6,345.3,348.6,352.5,-69.9458962295082,41.0,0,0.04937704918032786,0.05500000000000016
vehicle_018_session_00633,vehicle_018,633,test,124.85702001633989,50.4,337.5,339.1,343.0,347.5,-69.47212836065573,43.08196721311475,2,0.05209836065573773,0.057000000000000384
vehicle_018_session_00634,vehicle_018,634,test,123.02500987787359,46.4,335.0,336.1,339.4,343.9,-69.90818819672131,39.50819672131148,1,0.04747540983606557,0.057000000000000384
vehicle_018_session_00635,vehicle_018,635,test,125.42080218698176,70.0,355.8,356.6,359.9,363.9,-69.89507344262294,41.0,0,0.04726229508196725,0.04800000000000049
vehicle_018_session_00636,vehicle_018,636,test,122.45047473765428,30.4,329.4,330.0,331.35,333.0,-59.85790052631578,41.0,0,0.0287368421052632,0.03100000000000014
vehicle_018_session_00637,vehicle_018,637,test,122.58238465160076,42.4,333.3,334.4,336.8,340.5,-70.33278852459016,41.78688524590164,1,0.04114754098360651,0.04899999999999993
vehicle_018_session_00638,vehicle_018,638,test,124.820175905258,66.4,352.8,353.6,356.9,360.8,-70.41966409836066,43.049180327868854,1,0.04688524590163933,0.04800000000000049
vehicle_018_session_00639,vehicle_018,639,test,120.84047382478634,47.2,337.7,338.2,341.1,345.5,-70.70001065573769,38.85245901639344,1,0.049491803278688525,0.05600000000000005
vehicle_018_session_00640,vehicle_018,640,test,120.866318797081,32.8,331.9,332.2,333.5,335.5,-70.80001803278688,43.36065573770492,1,0.03414754098360658,0.03699999999999992
vehicle_018_session_00641,vehicle_018,641,test,123.28721532346489,56.8,345.2,346.0,349.1,353.0,-68.23280016393443,45.967213114754095,1,0.04804918032786885,0.052999999999999936
vehicle_018_session_00642,vehicle_018,642,test,120.8776917920525,30.0,331.0,331.1,332.4,333.9,-69.95409377049181,42.18032786885246,1,0.03239344262295087,0.03500000000000014
vehicle_018_session_00643,vehicle_018,643,test,120.47516904578187,58.8,346.8,347.4,350.5,354.3,-67.38196393442622,45.0,0,0.04727868852459013,0.05099999999999971
vehicle_018_session_00644,vehicle_018,644,test,123.65072140842013,61.6,347.2,348.8,352.2,356.1,-69.93442868852459,43.0,0,0.04747540983606558,0.05099999999999971
vehicle_018_session_00645,vehicle_018,645,test,121.86819172113289,48.4,337.1,337.5,339.6,342.8,-50.0,42.0,0,0.04206557377049181,0.04999999999999982
vehicle_018_session_00646,vehicle_018,646,test,123.99978769041222,72.8,358.6,359.4,362.8,366.9,-69.81968622950819,39.0,0,0.04721311475409837,0.04900000000000038
vehicle_018_session_00647,vehicle_018,647,test,121.70119736491631,25.2,328.2,328.9,330.2,331.4,-60.017107236842115,38.89473684210526,1,0.0273026315789474,0.02900000000000036
vehicle_018_session_00648,vehicle_018,648,test,120.38810113396625,34.4,332.4,332.7,334.1,336.1,-69.5311506557377,40.81967213114754,1,0.034508196721311474,0.03799999999999981
vehicle_018_session_00649,vehicle_018,649,test,122.82271522671569,66.0,353.2,353.9,357.1,361.0,-69.54098770491804,44.0,0,0.04657377049180327,0.04800000000000004
vehicle_018_session_00650,vehicle_018,650,test,122.5006090756705,70.0,356.0,356.8,360.0,364.3,-69.86721885245902,40.0,0,0.046606557377049176,0.04899999999999949
vehicle_018_session_00651,vehicle_018,651,test,121.28196285273371,31.2,329.7,330.8,332.5,334.6,-71.84098442622951,36.60655737704918,1,0.033245901639344294,0.03600000000000003
vehicle_018_session_00652,vehicle_018,652,test,121.50824878472217,56.4,345.3,346.1,349.6,353.6,-71.9918024590164,39.50819672131148,1,0.05018032786885246,0.05500000000000016
vehicle_018_session_00653,vehicle_018,653,test,121.63610768518517,40.4,334.6,334.9,336.9,339.9,-69.88196524590163,35.65573770491803,1,0.039918032786885216,0.04600000000000026
vehicle_018_session_00654,vehicle_018,654,test,124.6779601034858,70.8,357.2,358.0,361.1,365.3,-69.89016016393442,38.0,0,0.04695081967213111,0.04800000000000004
vehicle_018_session_00655,vehicle_018,655,test,123.56985066609978,38.8,331.6,332.45,334.29999999999995,336.8,-60.03684565789473,36.0,0,0.033565789473684216,0.038000000000000256
vehicle_018_session_00656,vehicle_018,656,test,121.68611722222224,29.6,330.0,330.5,331.9,333.6,-69.49508147540985,33.131147540983605,1,0.03219672131147545,0.03500000000000014
vehicle_018_session_00657,vehicle_018,657,test,124.0028539710485,60.0,348.3,349.1,352.2,356.1,-69.58853344262296,36.540983606557376,1,0.04781967213114756,0.051000000000000156
vehicle_018_session_00658,vehicle_018,658,test,123.32048887602873,70.8,356.8,357.4,359.6,362.5,-49.06394081967213,35.0,0,0.03896721311475405,0.04000000000000048
vehicle_018_session_00659,vehicle_018,659,test,120.68956827073555,30.4,330.5,331.0,332.5,334.4,-70.05246393442624,32.68852459016394,1,0.032229508196721365,0.03600000000000003
vehicle_018_session_00660,vehicle_018,660,test,120.72738086219339,58.8,348.0,348.8,351.9,355.8,-70.12460016393443,36.0,0,0.046639344262295095,0.04999999999999982
vehicle_018_session_00661,vehicle_018,661,test,125.43906616430263,60.0,345.8,347.75,351.35,355.3,-69.83947868421052,36.921052631578945,1,0.047684210526315794,0.052999999999999936
vehicle_018_session_00662,vehicle_018,662,test,120.95964940619965,36.8,332.7,333.0,334.6,337.1,-69.9344268852459,33.75409836065574,1,0.036311475409836036,0.041999999999999815
vehicle_018_session_00663,vehicle_018,663,test,122.77516140572398,64.4,351.8,352.7,355.8,359.7,-69.79181278688525,36.721311475409834,1,0.04708196721311476,0.04900000000000038
vehicle_018_session_00664,vehicle_018,664,test,121.18490755208333,47.2,337.7,338.5,341.1,345.7,-69.82295459016393,36.98360655737705,2,0.04872131147540984,0.05500000000000016
vehicle_018_session_00665,vehicle_018,665,test,122.3546841563786,38.0,331.6,332.8,334.9,337.8,-69.96229557377049,35.83606557377049,1,0.03698360655737704,0.042999999999999705
vehicle_018_session_00666,vehicle_018,666,test,123.05089155982908,68.0,354.9,355.5,358.8,362.8,-69.90492327868853,38.278688524590166,1,0.046918032786885236,0.04899999999999993
vehicle_018_session_00667,vehicle_018,667,test,124.07088409961685,56.0,344.3,345.3,348.6,352.5,-70.00819754098362,36.59016393442623,1,0.051606557377049174,0.05799999999999983
vehicle_018_session_00668,vehicle_018,668,test,122.24187575698507,29.2,326.7,329.0,330.1,331.3,-44.44736902631579,30.0,0,0.02334210526315793,0.026000000000000245
vehicle_018_session_00669,vehicle_018,669,test,120.79141696307592,29.2,331.0,331.3,332.4,334.1,-69.95901901639346,36.704918032786885,1,0.03201639344262298,0.0349999999999997
vehicle_018_session_00670,vehicle_018,670,test,121.50342692786073,62.0,350.5,351.3,354.4,358.3,-69.89672409836064,40.01639344262295,1,0.04598360655737709,0.04800000000000004
vehicle_018_session_00671,vehicle_018,671,test,118.91458552130901,34.8,332.5,333.0,334.4,336.6,-69.82951475409835,38.80327868852459,1,0.03485245901639346,0.039000000000000146
vehicle_018_session_00672,vehicle_018,672,test,123.40503085797492,64.0,351.6,352.2,355.5,359.4,-69.80164918032787,41.98360655737705,1,0.04681967213114759,0.04899999999999993
vehicle_018_session_00673,vehicle_018,673,test,124.1238872147818,61.2,347.4,348.9,352.4,356.4,-70.04262606557377,38.0,0,0.04721311475409838,0.051000000000000156
vehicle_018_session_00674,vehicle_018,674,test,122.35838371459697,53.6,341.0,341.6,344.3,347.4,-50.46229131147541,42.39344262295082,1,0.047508196721311506,0.051000000000000156
vehicle_018_session_00675,vehicle_018,675,test,126.68917836934159,74.4,358.6,359.1,361.4,364.6,-50.52951114754099,43.0,0,0.039786885245901626,0.04100000000000037
vehicle_018_session_00676,vehicle_018,676,test,123.0307899774775,62.0,348.2,349.5,352.45,355.8,-59.98684394736842,41.0,0,0.04360526315789472,0.04600000000000026
vehicle_018_session_00677,vehicle_018,677,test,122.25579519675927,69.6,355.5,356.4,359.6,363.8,-69.8967255737705,39.0,0,0.04668852459016394,0.04800000000000049
vehicle_018_session_00678,vehicle_018,678,test,123.10606060606055,52.4,339.9,340.5,343.2,346.3,-50.0,39.0,0,0.04780327868852462,0.051000000000000156
vehicle_018_session_00679,vehicle_018,679,test,122.54650812499997,61.2,348.2,348.6,351.0,353.8,-50.409827049180315,43.0,0,0.041049180327868834,0.04300000000000015
vehicle_018_session_00680,vehicle_018,680,test,121.92416024633124,73.2,358.3,358.9,361.3,364.1,-50.1016493442623,38.0,0,0.039737704918032773,0.04100000000000037
vehicle_018_session_00681,vehicle_018,681,test,122.979718482906,8.8,321.7,323.2,326.0,328.3,-70.19017409836064,43.0,0,0.03778688524590162,0.040000000000000036
vehicle_018_session_00682,vehicle_018,682,test,120.4890221064815,35.2,333.0,333.3,334.6,336.8,-68.7032886885246,44.57377049180328,1,0.03475409836065575,0.038000000000000256
vehicle_018_session_00683,vehicle_018,683,test,121.73823421717177,59.2,347.8,348.5,351.6,355.3,-67.61968196721313,47.0,0,0.04659016393442626,0.04999999999999982
vehicle_018_session_00684,vehicle_018,684,test,124.43668937161245,48.4,335.7,337.1,340.2,344.3,-60.04267013333334,39.0,0,0.04733333333333332,0.05600000000000005
vehicle_018_session_00685,vehicle_018,685,test,120.52638430555555,33.6,329.6,330.3,331.6,333.2,-49.870490655737704,37.131147540983605,1,0.026459016393442666,0.02900000000000036
vehicle_018_session_00686,vehicle_018,686,test,120.62898651175209,53.6,341.4,342.1,344.7,347.7,-49.89507344262295,39.0,0,0.04778688524590165,0.051000000000000156
vehicle_018_session_00687,vehicle_018,687,test,119.99376149817854,29.6,329.9,330.8,332.5,334.6,-70.62788,31.524590163934427,1,0.03303278688524591,0.03699999999999992
vehicle_018_session_00688,vehicle_018,688,test,120.2186979166667,54.0,344.3,345.2,348.6,352.4,-70.86393524590164,34.57377049180328,1,0.05129508196721311,0.05600000000000005
vehicle_018_session_00689,vehicle_018,689,test,115.53404284722221,38.8,333.3,333.6,334.7,336.4,-45.57213754098361,31.0,0,0.029491803278688566,0.03299999999999992
vehicle_018_session_00690,vehicle_018,690,test,123.33040805946797,53.2,340.2,342.2,346.4,350.7,-70.06394065573771,34.26229508196721,1,0.054459016393442625,0.06100000000000039
vehicle_018_session_00691,vehicle_018,691,test,119.30245672348482,26.4,328.8,329.7,331.1,332.7,-69.87213278688525,35.09836065573771,2,0.031196721311475425,0.03299999999999992
vehicle_018_session_00692,vehicle_018,692,test,122.86697731082381,70.4,356.8,357.5,360.7,364.9,-69.89343721311475,39.0,0,0.04693442622950816,0.04900000000000038
vehicle_018_session_00693,vehicle_018,693,test,121.39066402953588,42.4,335.3,336.8,339.3,343.3,-70.09509147540983,34.32786885245902,1,0.0451639344262295,0.054999999999999716
vehicle_018_session_00694,vehicle_018,694,test,120.30979820261433,74.0,361.8,362.5,366.0,370.4,-70.1016493442623,36.0655737704918,1,0.047475409836065664,0.04900000000000038
vehicle_018_session_00695,vehicle_018,695,test,121.73674955808077,56.4,342.5,344.7,348.6,352.7,-69.88033081967212,33.47540983606557,1,0.05283606557377047,0.06300000000000017
vehicle_018_session_00696,vehicle_018,696,test,118.8531676227858,42.8,335.5,336.0,338.2,341.9,-69.90492032786885,37.21311475409836,1,0.04381967213114749,0.052000000000000046
vehicle_018_session_00697,vehicle_018,697,test,123.24928149366472,70.4,356.8,357.5,360.8,365.0,-69.84426590163935,39.0,0,0.0480819672131147,0.05000000000000071
vehicle_018_session_00698,vehicle_018,698,test,118.5313370949074,23.6,330.0,330.3,331.4,332.8,-69.96557688524591,29.540983606557376,1,0.030081967213114767,0.03200000000000003
vehicle_018_session_00699,vehicle_018,699,test,118.74412868589745,57.2,347.5,348.5,351.6,355.3,-69.9262313114754,33.77049180327869,1,0.04583606557377049,0.04999999999999982
vehicle_018_session_00700,vehicle_018,700,test,120.92449652777779,45.2,336.4,337.1,339.6,343.9,-69.6344362295082,33.540983606557376,1,0.04539344262295079,0.05500000000000016
vehicle_018_session_00701,vehicle_018,701,test,124.25632171717174,74.4,360.0,361.0,364.3,368.5,-69.67541983606557,35.16393442622951,1,0.046065573770491856,0.0470000000000006
vehicle_018_session_00702,vehicle_018,702,test,120.54946458884478,24.8,326.7,328.0,329.1,329.9,-44.911852236842115,36.328947368421055,1,0.0223026315789474,0.02499999999999991
vehicle_018_session_00703,vehicle_018,703,test,121.67897497459356,19.6,328.8,329.1,330.0,331.3,-70.79837655737705,39.47540983606557,1,0.03090163934426233,0.03300000000000036
vehicle_018_session_00704,vehicle_018,704,test,122.13965630260942,52.8,342.2,343.0,346.4,350.5,-70.77542737704917,43.19672131147541,1,0.04975409836065572,0.05300000000000038
vehicle_018_session_00705,vehicle_018,705,test,122.69030222222224,66.4,352.1,352.7,355.0,358.0,-50.18689524590164,36.0,0,0.037622950819672166,0.039000000000000146
vehicle_018_session_00706,vehicle_018,706,test,122.14885776991616,16.8,325.3,326.9,328.9,330.3,-70.15902540983608,36.90163934426229,1,0.035901639344262326,0.04499999999999993
vehicle_018_session_00707,vehicle_018,707,test,118.51455688736681,38.0,333.9,334.4,336.0,338.6,-69.9983618032787,38.68852459016394,1,0.036901639344262244,0.042999999999999705
vehicle_018_session_00708,vehicle_018,708,test,122.22596837606838,67.6,354.6,355.2,358.3,362.4,-69.98032737704918,41.0,0,0.045557377049180295,0.04700000000000015
vehicle_018_session_00709,vehicle_018,709,test,119.73816826388887,12.0,322.5,323.5,325.3,327.1,-44.90654803278688,37.0,0,0.03093442622950814,0.03300000000000036
vehicle_018_session_00710,vehicle_018,710,test,117.99697807734206,49.2,338.5,338.9,340.8,343.8,-44.899989999999995,40.0,0,0.04059016393442625,0.04600000000000026
vehicle_018_session_00711,vehicle_018,711,test,121.92334064980153,36.8,330.7,331.4,333.0,334.6,-49.916385081967206,33.0,0,0.027819672131147548,0.03100000000000014
vehicle_018_session_00712,vehicle_018,712,test,121.62579275599128,59.6,347.1,347.7,350.0,352.8,-49.899989999999995,35.0,0,0.0414262295081967,0.04499999999999993
vehicle_018_session_00713,vehicle_018,713,test,118.7815999579125,40.4,333.5,333.8,335.2,337.4,-54.80165557377052,38.0,0,0.0325409836065574,0.03699999999999992
vehicle_018_session_00714,vehicle_018,714,test,123.5757943469786,66.8,353.0,353.6,356.1,359.3,-54.82624098360657,39.18032786885246,1,0.04122950819672131,0.04200000000000026
vehicle_018_session_00715,vehicle_018,715,test,121.5144588541667,30.0,329.4,330.5,332.1,334.1,-70.92130622950819,39.295081967213115,1,0.032295081967213146,0.03500000000000014
vehicle_018_session_00716,vehicle_018,716,test,121.18794985200365,56.4,345.3,346.1,349.6,353.5,-70.93933819672131,42.459016393442624,1,0.04886885245901635,0.05400000000000027
vehicle_018_session_00717,vehicle_018,717,test,121.94166694444445,66.4,352.2,352.7,355.0,357.8,-49.93933885245902,41.0,0,0.03901639344262298,0.040999999999999925
vehicle_018_session_00718,vehicle_018,718,test,122.44352444172112,20.0,327.4,327.7,328.5,329.4,-50.22788163934427,39.0,0,0.026409836065573802,0.031999999999999584
vehicle_018_session_00719,vehicle_018,719,test,122.28114646464645,52.8,341.4,342.2,346.0,349.9,-69.9934419672131,41.42622950819672,1,0.05198360655737706,0.05600000000000005
vehicle_018_session_00720,vehicle_018,720,test,123.80739370370371,57.2,345.5,346.4,349.7,353.6,-68.90326901639344,39.81967213114754,1,0.04962295081967211,0.05600000000000005
vehicle_018_session_00721,vehicle_018,721,test,121.36833693415642,19.2,327.1,327.4,328.5,329.2,-50.200010000000006,40.0,0,0.028065573770491813,0.03500000000000014
vehicle_018_session_00722,vehicle_018,722,test,119.02518094863731,40.8,333.9,334.2,335.5,337.4,-50.200010000000006,42.0,0,0.030721311475409824,0.0349999999999997
vehicle_018_session_00723,vehicle_018,723,test,118.65253699252139,43.2,334.6,334.9,336.1,338.0,-45.100010000000005,40.0,0,0.03106557377049176,0.03500000000000014
vehicle_018_session_00724,vehicle_018,724,test,120.89308236111114,64.0,350.2,350.7,352.7,355.2,-45.100010000000005,41.0,0,0.03790163934426232,0.040000000000000036
vehicle_018_session_00725,vehicle_018,725,test,121.20129761904761,30.4,329.7,330.7,332.4,334.2,-69.98524442622951,34.52459016393443,1,0.03242622950819674,0.03500000000000014
vehicle_018_session_00726,vehicle_018,726,test,123.03953151709399,61.6,349.9,350.7,353.6,357.5,-69.99677387096774,38.0,0,0.04674193548387099,0.04899999999999993
vehicle_018_session_00727,vehicle_018,727,test,122.43586434220678,19.2,328.3,328.6,329.7,331.0,-70.52131360655737,40.0,0,0.03196721311475414,0.03600000000000003
vehicle_018_session_00728,vehicle_018,728,test,122.37623157679742,48.0,338.5,339.1,341.9,346.3,-70.50983704918032,43.131147540983605,1,0.047836065573770535,0.05400000000000027
vehicle_018_session_00729,vehicle_018,729,test,121.82238736979161,46.8,335.3,336.8,340.2,345.2,-70.54426606557377,40.721311475409834,1,0.04891803278688525,0.057000000000000384
vehicle_018_session_00730,vehicle_018,730,test,121.52693737167876,31.2,329.7,330.75,332.4,334.4,-70.14267533333333,41.04,2,0.03265333333333337,0.03500000000000014
vehicle_018_session_00731,vehicle_018,731,test,121.04407734534766,17.6,325.7,326.7,328.9,330.2,-70.0578997368421,40.0,0,0.03765789473684212,0.04599999999999982
vehicle_018_session_00732,vehicle_018,732,test,123.02670101495727,22.0,327.5,328.5,329.9,331.1,-69.0049181967213,35.14754098360656,1,0.031737704918032815,0.03799999999999981
vehicle_018_session_00733,vehicle_018,733,test,120.33444296364381,48.4,338.5,338.9,341.9,346.1,-68.92130360655736,38.18032786885246,1,0.049278688524590206,0.05600000000000005
vehicle_018_session_00734,vehicle_018,734,test,125.4905450757576,75.6,360.8,361.6,364.9,369.1,-68.90490983606557,39.98360655737705,1,0.046737704918032794,0.04800000000000004
vehicle_018_session_00735,vehicle_018,735,test,121.29270077890388,46.8,337.5,338.2,341.1,345.5,-69.86065754098361,35.50819672131148,1,0.04898360655737706,0.05600000000000005
vehicle_018_session_00736,vehicle_018,736,test,122.35890431610406,55.2,344.3,345.2,348.6,352.5,-69.95901229508196,33.622950819672134,1,0.05140983606557374,0.057000000000000384
vehicle_018_session_00737,vehicle_018,737,test,122.17919125000003,51.2,338.9,339.6,342.1,345.3,-49.700010000000006,37.83606557377049,1,0.04711475409836068,0.051000000000000156
vehicle_018_session_00738,vehicle_018,738,test,122.65440978422625,71.2,356.6,357.1,359.4,362.4,-49.700010000000006,38.0,0,0.03962295081967211,0.04100000000000037
vehicle_018_session_00739,vehicle_018,739,test,123.43390190972225,47.2,335.3,336.75,340.2,344.9,-69.8480048,36.93333333333333,1,0.04932,0.05900000000000016
vehicle_018_session_00740,vehicle_018,740,test,118.99249266353046,39.6,334.2,334.6,336.4,339.3,-69.89835836065573,37.36065573770492,1,0.03726229508196719,0.04200000000000026
vehicle_018_session_00741,vehicle_018,741,test,123.93656967147439,64.4,351.8,353.0,356.14000000000004,360.2,-69.8934424590164,39.50819672131148,1,0.044147540983606584,0.04599999999999982
vehicle_018_session_00742,vehicle_018,742,test,121.5669306186869,21.6,327.1,328.3,329.9,331.3,-70.71148885245901,34.80327868852459,1,0.032180327868852485,0.037000000000000366
vehicle_018_session_00743,vehicle_018,743,test,118.8476185247748,44.0,336.3,336.8,339.1,342.8,-70.81476704918033,37.49180327868852,1,0.04313114754098357,0.052000000000000046
vehicle_018_session_00744,vehicle_018,744,test,123.43386988304088,73.6,359.3,360.2,363.5,367.7,-70.73280016393441,39.52459016393443,1,0.045918032786885256,0.0470000000000006
vehicle_018_session_00745,vehicle_018,745,test,121.29556606240985,46.0,337.1,337.5,340.2,344.4,-69.31804737704918,37.540983606557376,1,0.0451311475409836,0.052999999999999936
vehicle_018_session_00746,vehicle_018,746,test,124.32091312767098,76.8,362.4,363.2,366.6,370.8,-69.37868491803277,39.721311475409834,1,0.044983606557377105,0.04699999999999971
vehicle_018_session_00747,vehicle_018,747,test,119.00448076571635,26.8,329.9,330.3,331.6,333.2,-70.02459262295082,32.967213114754095,1,0.031098360655737716,0.03400000000000025
vehicle_018_session_00748,vehicle_018,748,test,120.56581587513163,12.8,323.6,325.25,327.8,329.6,-69.8684247368421,34.0,0,0.0370657894736842,0.04200000000000026
vehicle_018_session_00749,vehicle_018,749,test,122.43398372040075,17.2,328.2,328.5,329.6,330.7,-69.85574344262295,38.0,0,0.030688524590163975,0.03400000000000025
vehicle_018_session_00750,vehicle_018,750,test,121.6110160383598,42.0,335.7,336.1,338.2,341.4,-69.83607393442622,40.442622950819676,1,0.03885245901639339,0.04400000000000004
vehicle_018_session_00751,vehicle_018,751,test,122.47412005649723,67.2,354.7,355.5,358.6,362.7,-69.8475480327869,42.0,0,0.043672131147540955,0.04500000000000037
vehicle_018_session_00752,vehicle_018,752,test,121.03518351851852,32.8,330.2,331.1,332.8,334.9,-69.90819409836065,36.91803278688525,1,0.03270491803278693,0.03600000000000003
vehicle_018_session_00753,vehicle_018,753,test,122.08547425213676,62.8,350.5,351.4,354.6,358.5,-69.8852475409836,39.40983606557377,1,0.04577049180327872,0.04800000000000004
vehicle_018_session_00754,vehicle_018,754,test,123.12357957572301,56.4,344.9,345.8,349.3,353.2,-69.98688786885245,37.0,0,0.04872131147540982,0.05500000000000016
vehicle_018_session_00755,vehicle_018,755,test,120.35270413011696,26.8,331.0,331.1,332.4,333.9,-74.0,33.77049180327869,1,0.032639344262295096,0.03500000000000014
vehicle_018_session_00756,vehicle_018,756,test,116.56207676998646,36.8,333.8,334.1,335.8,338.5,-69.88196262295082,31.80327868852459,2,0.03567213114754095,0.040999999999999925
vehicle_018_session_00757,vehicle_018,757,test,120.67795104735885,69.6,356.6,357.5,360.7,364.7,-69.84590786885245,35.0,0,0.04377049180327866,0.04600000000000026
vehicle_018_session_00758,vehicle_018,758,test,118.74255877976188,38.4,331.9,333.2,335.5,338.5,-69.97540737704918,34.459016393442624,1,0.03673770491803274,0.042999999999999705
vehicle_018_session_00759,vehicle_018,759,test,120.72916894693203,66.4,353.9,354.7,357.8,361.8,-70.0393481967213,37.0,0,0.044819672131147514,0.04600000000000026
vehicle_018_session_00760,vehicle_018,760,test,118.17291630747124,34.4,331.1,331.3,332.4,333.8,-50.100010000000005,34.16393442622951,1,0.02629508196721311,0.028999999999999915
vehicle_018_session_00761,vehicle_018,761,test,118.42716788499027,57.6,345.3,346.0,348.3,351.1,-50.100010000000005,36.0,0,0.042295081967213086,0.04800000000000004
vehicle_018_session_00762,vehicle_018,762,test,118.98784080188683,44.8,334.9,335.3,336.6,338.8,-45.168862459016395,36.47540983606557,1,0.03227868852459012,0.03699999999999992
vehicle_018_session_00763,vehicle_018,763,test,120.68037889451954,61.2,348.5,349.3,352.5,356.6,-70.15574704918033,36.0,0,0.04683606557377053,0.050000000000000266
vehicle_018_session_00764,vehicle_018,764,test,119.1905458984375,43.6,334.1,335.3,338.2,342.4,-70.02131524590163,33.868852459016395,1,0.04322950819672129,0.052999999999999936
vehicle_018_session_00765,vehicle_018,765,test,121.01273964120372,69.2,356.1,356.9,360.0,364.3,-69.92951016393442,36.0,0,0.0460163934426229,0.04800000000000004
vehicle_018_session_00766,vehicle_018,766,test,118.82542492816097,37.2,331.6,332.7,334.7,337.5,-69.86721491803279,33.85245901639344,1,0.036180327868852453,0.040999999999999925
vehicle_018_session_00767,vehicle_018,767,test,118.32069621212118,60.4,348.9,349.9,352.8,356.9,-69.91802524590163,36.0,0,0.0464426229508197,0.050000000000000266
vehicle_018_session_00768,vehicle_018,768,test,118.62220635609569,13.2,324.1,325.5,328.0,329.6,-69.88852524590163,36.0,0,0.03650819672131144,0.041999999999999815
vehicle_018_session_00769,vehicle_018,769,test,115.97026512230518,42.0,335.8,336.3,338.3,341.8,-69.8442686885246,39.377049180327866,1,0.040245901639344224,0.04900000000000038
vehicle_018_session_00770,vehicle_018,770,test,120.46543803418807,17.6,325.2,326.1,327.5,328.6,-45.10820672131148,36.0,0,0.02903278688524585,0.03500000000000014
vehicle_018_session_00771,vehicle_018,771,test,117.767734375,30.4,330.7,331.1,332.7,334.6,-70.04262721311476,35.50819672131148,1,0.03224590163934429,0.03600000000000003
vehicle_018_session_00772,vehicle_018,772,test,120.92006079695767,61.2,349.4,350.2,353.3,357.2,-70.06230114754098,38.68852459016394,1,0.04552459016393447,0.04800000000000004
vehicle_018_session_00773,vehicle_018,773,test,120.71078431372545,68.8,354.3,354.7,356.8,359.3,-45.0,35.0,0,0.03668852459016394,0.039000000000000146
vehicle_018_session_00774,vehicle_018,774,test,116.97564683977457,31.2,330.2,331.3,333.0,335.2,-70.01311606557377,32.868852459016395,1,0.03286885245901641,0.03600000000000003
vehicle_018_session_00775,vehicle_018,775,test,118.82538514254382,58.8,348.0,348.9,352.1,356.0,-70.01475557377049,35.68852459016394,1,0.04654098360655736,0.04999999999999982
vehicle_018_session_00776,vehicle_018,776,test,119.65419496058556,56.4,345.5,346.3,349.6,353.5,-70.05246409836066,36.0,0,0.04952459016393439,0.05600000000000005
vehicle_018_session_00777,vehicle_018,777,test,119.06300332125605,32.4,331.3,331.6,333.0,335.2,-70.0,34.77049180327869,1,0.03298360655737708,0.03600000000000003
vehicle_018_session_00778,vehicle_018,778,test,120.57675351731596,60.4,348.5,349.3,352.4,356.3,-70.00327901639345,38.0,0,0.04624590163934427,0.04999999999999982
vehicle_018_session_00779,vehicle_018,779,test,117.60767826388886,46.4,336.1,336.6,338.3,341.3,-49.811491967213136,39.0,0,0.03770491803278684,0.04500000000000037
vehicle_018_session_00780,vehicle_018,780,test,116.961813623366,38.0,333.9,334.4,336.1,338.9,-69.8508237704918,35.032786885245905,2,0.037573770491803216,0.042999999999999705
vehicle_018_session_00781,vehicle_018,781,test,118.82103409090915,65.2,353.2,353.9,357.1,361.0,-69.8278731147541,37.131147540983605,1,0.04547540983606558,0.04700000000000015
vehicle_018_session_00782,vehicle_018,782,test,119.5646793117745,59.2,347.7,348.3,351.6,355.7,-69.9245904918033,38.0,0,0.04686885245901641,0.052000000000000046
vehicle_018_session_00783,vehicle_018,783,test,119.46581824252141,10.0,322.5,323.8,326.6,328.8,-69.3245968852459,37.0,0,0.037737704918032765,0.040000000000000036
vehicle_018_session_00784,vehicle_018,784,test,119.78070586622809,31.2,331.7,331.9,333.2,334.9,-69.33607475409838,38.278688524590166,1,0.03252459016393446,0.03500000000000014
vehicle_018_session_00785,vehicle_018,785,test,120.94840059523808,62.0,349.7,350.5,353.6,357.5,-69.39835180327867,41.0,0,0.045885245901639345,0.04800000000000004
vehicle_018_session_00786,vehicle_018,786,test,117.29077092470763,40.4,334.4,334.7,336.6,339.4,-65.17542000000002,35.967213114754095,2,0.03742622950819667,0.04300000000000015
vehicle_018_session_00787,vehicle_018,787,test,121.91345839533726,70.8,356.9,357.7,360.7,364.4,-65.15410836065574,38.40983606557377,1,0.04362295081967207,0.04500000000000082
vehicle_018_session_00788,vehicle_018,788,test,119.78380686582807,50.0,338.2,338.6,341.0,344.4,-50.50655803278689,36.0,0,0.04444262295081967,0.051000000000000156
vehicle_018_session_00789,vehicle_018,789,test,119.16292042042045,42.0,333.2,334.4,337.2,341.1,-70.5229531147541,34.540983606557376,1,0.040983606557377046,0.04999999999999982
vehicle_018_session_00790,vehicle_018,790,test,119.31408028752439,5.6,320.7,322.4,325.0,327.5,-69.92294967213115,33.90163934426229,1,0.03878688524590164,0.04300000000000015
vehicle_018_session_00791,vehicle_018,791,test,118.98281174323358,28.4,331.1,331.4,332.5,334.2,-69.97868639344263,35.032786885245905,2,0.032131147540983666,0.03400000000000025
vehicle_018_session_00792,vehicle_018,792,test,121.70869695723681,60.0,348.3,349.3,352.4,356.3,-69.96720983606558,38.557377049180324,1,0.0467704918032787,0.04899999999999993
vehicle_018_session_00793,vehicle_018,793,test,118.70155038759691,20.4,329.1,329.2,330.3,331.4,-70.00327901639345,35.0,0,0.031049180327868877,0.03399999999999981
vehicle_018_session_00794,vehicle_018,794,test,121.52985354532167,74.8,357.8,359.1,361.70000000000005,364.7,-46.86446618421053,35.46052631578947,1,0.03764473684210524,0.03900000000000059
vehicle_018_session_00795,vehicle_018,795,test,119.42951777146466,38.4,332.1,333.2,335.5,338.5,-70.08525213114754,32.52459016393443,1,0.037836065573770464,0.04400000000000004
vehicle_018_session_00796,vehicle_018,796,test,120.33940962441312,64.8,352.8,353.6,356.8,360.8,-70.16230508196722,35.0,0,0.04678688524590165,0.04800000000000049
vehicle_018_session_00797,vehicle_018,797,test,115.96121375338754,36.8,334.1,334.4,336.1,338.9,-69.51311606557377,30.62295081967213,1,0.03693442622950818,0.042999999999999705
vehicle_018_session_00798,vehicle_018,798,test,120.1361430776014,69.6,357.2,358.0,361.1,365.3,-69.51967409836067,33.91803278688525,1,0.044999999999999984,0.04700000000000015
vehicle_018_session_00799,vehicle_018,799,test,114.06972196016773,7.6,321.4,322.8,325.5,328.0,-69.09509147540983,35.91803278688525,1,0.03657377049180321,0.039000000000000146
vehicle_018_session_00800,vehicle_018,800,test,121.49948614885267,29.2,330.8,331.1,332.2,333.8,-69.09673098360656,37.24590163934426,1,0.030770491803278715,0.03299999999999992
vehicle_018_session_00801,vehicle_018,801,test,124.6787007275133,66.4,352.7,353.5,356.6,360.5,-69.09673098360656,41.0,0,0.043737704918032756,0.04500000000000037
vehicle_018_session_00802,vehicle_018,802,test,117.95050879329006,38.8,333.0,333.6,335.5,338.6,-70.28362229508195,35.91803278688525,1,0.03750819672131146,0.042999999999999705
vehicle_018_session_00803,vehicle_018,803,test,122.67361645723102,69.6,356.0,356.8,360.0,364.3,-70.34426901639344,38.0,0,0.04559016393442625,0.04700000000000015
vehicle_018_session_00804,vehicle_018,804,test,119.77405902777777,52.0,340.5,341.4,345.5,349.9,-69.96721049180329,35.950819672131146,1,0.051934426229508224,0.05699999999999994
vehicle_018_session_00805,vehicle_018,805,test,121.46992381239941,49.2,338.6,339.4,343.3,347.8,-70.2098462295082,32.885245901639344,1,0.05118032786885247,0.05600000000000005
vehicle_018_session_00806,vehicle_018,806,test,124.5704096541395,77.2,363.0,363.9,367.4,371.8,-70.08033295081968,34.98360655737705,0,0.04532786885245898,0.0470000000000006
vehicle_018_session_00807,vehicle_018,807,test,118.64991646241829,42.8,334.9,335.5,338.0,341.8,-69.99016295081968,33.721311475409834,1,0.04240983606557375,0.051000000000000156
vehicle_018_session_00808,vehicle_018,808,test,120.75137243852457,70.0,356.8,357.5,360.8,364.9,-69.99180245901638,36.0,0,0.046409836065573765,0.04800000000000004
vehicle_018_session_00809,vehicle_018,809,test,117.24885520833332,46.4,337.5,338.2,341.0,345.5,-70.82788049180328,35.73770491803279,1,0.04726229508196723,0.05500000000000016
vehicle_018_session_00810,vehicle_018,810,test,122.4592092151676,70.4,356.8,357.5,360.8,365.0,-70.89999262295082,37.65573770491803,1,0.04522950819672133,0.04600000000000026
vehicle_018_session_00811,vehicle_018,811,test,118.47844605654765,57.2,346.1,346.9,350.2,354.1,-69.7311606557377,36.59016393442623,1,0.04813114754098358,0.052999999999999936
vehicle_018_session_00812,vehicle_018,812,test,119.49956850749558,68.8,355.7,356.4,359.7,363.9,-69.9721355737705,32.16393442622951,1,0.04422950819672135,0.04600000000000026
vehicle_018_session_00813,vehicle_018,813,test,120.11087032585473,46.0,336.0,336.3,338.3,341.1,-50.86229639344263,37.80327868852459,1,0.03737704918032782,0.04400000000000004
vehicle_018_session_00814,vehicle_018,814,test,117.48289964788732,26.8,328.9,329.9,331.4,333.2,-70.62623885245901,35.08196721311475,1,0.031442622950819704,0.03400000000000025
vehicle_018_session_00815,vehicle_018,815,test,117.97716812275989,55.2,344.4,345.3,348.8,352.7,-70.66886245901638,38.0,0,0.04975409836065573,0.05500000000000016
vehicle_018_session_00816,vehicle_018,816,test,121.50383560823755,57.2,344.6,346.4,350.2,354.3,-70.01639508196722,35.16393442622951,1,0.048786885245901655,0.05900000000000016
vehicle_018_session_00817,vehicle_018,817,test,120.23490264161217,54.8,341.4,343.5,347.7,351.8,-70.64099360655737,36.0,0,0.0525737704918033,0.06000000000000005
vehicle_018_session_00818,vehicle_018,818,test,117.07791040305013,38.4,333.0,333.3,334.6,336.3,-49.70164950819673,35.81967213114754,1,0.02908196721311477,0.03200000000000003
vehicle_018_session_00819,vehicle_018,819,test,118.4309398347701,58.8,346.9,347.4,349.7,352.5,-49.70164950819673,37.83606557377049,1,0.04111475409836062,0.04500000000000037
vehicle_018_session_00820,vehicle_018,820,test,119.60203279914532,52.0,339.3,341.0,345.7,349.9,-69.87377131147541,32.77049180327869,1,0.05331147540983608,0.05899999999999972
vehicle_018_session_00821,vehicle_018,821,test,119.62981347017974,54.8,344.3,345.2,348.6,352.7,-70.16722131147543,29.737704918032787,1,0.05016393442622949,0.05600000000000005
vehicle_018_session_00822,vehicle_018,822,test,117.05256787211745,50.4,338.8,339.3,341.6,344.6,-45.100010000000005,31.0,0,0.0435081967213115,0.04800000000000004
vehicle_018_session_00823,vehicle_018,823,test,119.4112993366501,22.4,329.9,330.0,331.0,332.4,-69.83279704918034,31.9672131147541,1,0.030311475409836097,0.03200000000000003
vehicle_018_session_00824,vehicle_018,824,test,118.03444957729474,49.2,339.9,340.8,343.9,348.3,-69.80165885245901,35.31147540983606,1,0.04893442622950821,0.053999999999999826
vehicle_018_session_00825,vehicle_018,825,test,121.72294472222225,76.8,362.5,363.5,366.8,371.1,-69.8295193442623,37.0,0,0.04511475409836068,0.04699999999999971
vehicle_018_session_00826,vehicle_018,826,test,119.49426041666668,53.6,343.5,344.4,348.0,352.1,-70.68197721311475,31.42622950819672,1,0.047459016393442605,0.052000000000000046
vehicle_018_session_00827,vehicle_018,827,test,120.2555029539801,51.6,338.9,340.7,345.3,349.7,-69.91311786885245,31.540983606557376,1,0.04755737704918034,0.052000000000000046
vehicle_018_session_00828,vehicle_018,828,test,119.8661443236715,12.8,324.7,325.8,328.3,330.0,-73.96393524590164,34.0,0,0.034918032786885204,0.039000000000000146
vehicle_018_session_00829,vehicle_018,829,test,118.13585290798612,40.8,335.5,336.0,338.2,341.6,-73.97704983606558,37.049180327868854,2,0.03704918032786884,0.04300000000000015
vehicle_018_session_00830,vehicle_018,830,test,121.58300261839706,72.8,359.4,360.2,363.8,368.3,-73.96393721311473,39.0,0,0.04072131147540982,0.0420000000000007
vehicle_018_session_00831,vehicle_018,831,test,119.64119772376543,48.0,338.2,338.9,342.5,347.2,-70.85574098360657,30.57377049180328,1,0.04490163934426232,0.05099999999999971
vehicle_018_session_00832,vehicle_018,832,test,124.91218525326804,77.2,363.0,363.9,367.4,371.9,-70.96720983606556,33.0,0,0.0396229508196722,0.04100000000000037
vehicle_018_session_00833,vehicle_018,833,test,121.18889333333337,66.4,352.5,353.2,355.5,358.3,-49.852463278688546,37.0,0,0.0322131147540984,0.03399999999999981
vehicle_018_session_00834,vehicle_018,834,test,119.72019519335507,65.6,350.5,352.1,355.0,358.5,-56.94426622950821,29.950819672131146,1,0.03485245901639346,0.037000000000000366
vehicle_018_session_00835,vehicle_018,835,test,117.29779993872548,43.2,336.1,336.8,339.1,342.8,-70.02787163934427,35.73770491803279,1,0.03847540983606557,0.04500000000000037
vehicle_018_session_00836,vehicle_018,836,test,121.80635703326875,63.2,349.1,350.1,352.4375,354.9,-45.00266693333334,36.0,0,0.03254666666666668,0.03400000000000025
vehicle_018_session_00837,vehicle_018,837,test,118.84981901041668,56.4,345.7,346.6,349.9,353.8,-69.91802459016394,34.78688524590164,1,0.043950819672131124,0.04899999999999993
vehicle_018_session_00838,vehicle_018,838,test,121.28018094863735,52.4,339.9,340.7,343.8,347.1,-50.311491967213136,30.704918032786885,1,0.04272131147540985,0.04600000000000026
vehicle_018_session_00839,vehicle_018,839,test,120.17497583061001,25.6,329.6,329.7,330.3,331.3,-49.86393524590164,33.540983606557376,1,0.022049180327868827,0.02400000000000002
vehicle_018_session_00840,vehicle_018,840,test,120.25585891812864,46.4,336.6,336.9,338.6,341.3,-49.8590186885246,35.63934426229508,1,0.03167213114754095,0.037000000000000366
vehicle_018_session_00841,vehicle_018,841,test,122.26672197855743,69.6,354.9,355.5,357.7,360.5,-49.813130819672146,37.0,0,0.03303278688524593,0.03400000000000025
vehicle_018_session_00842,vehicle_018,842,test,118.26089418682798,51.2,339.3,339.6,341.8,344.4,-40.100010000000005,36.0,0,0.03737704918032787,0.04200000000000026
vehicle_018_session_00843,vehicle_018,843,test,116.3944615972222,31.2,330.7,330.8,331.6,332.7,-45.434431147541,32.0,0,0.02191803278688527,0.02400000000000002
vehicle_018_session_00844,vehicle_018,844,test,120.53031186868685,60.8,349.3,349.9,353.2,357.1,-69.82460213114754,34.0,0,0.04172131147540983,0.04499999999999993
vehicle_018_session_00845,vehicle_018,845,test,120.6425846024904,46.0,335.3,336.85,340.25,345.2,-70.32763855263157,29.75,1,0.04288157894736843,0.052000000000000046
vehicle_018_session_00846,vehicle_018,846,test,118.01737303240743,28.0,331.0,331.3,332.5,334.2,-69.84262885245901,28.508196721311474,1,0.030311475409836097,0.03300000000000036
vehicle_018_session_00847,vehicle_018,847,test,120.33028678902117,53.6,343.6,344.7,348.3,352.4,-69.85246524590164,31.80327868852459,1,0.04562295081967212,0.050000000000000266
vehicle_018_session_00848,vehicle_018,848,test,119.3061148546007,60.4,347.1,349.0,352.6,356.6,-69.78290460526316,29.763157894736842,1,0.04103947368421054,0.04600000000000026
vehicle_018_session_00849,vehicle_018,849,test,119.69734091435187,38.4,332.1,333.2,335.5,338.6,-70.32131918032788,28.704918032786885,1,0.03465573770491801,0.039000000000000146
vehicle_018_session_00850,vehicle_018,850,test,118.59917692786065,62.4,351.1,351.9,355.0,359.1,-70.3901568852459,31.0,0,0.041409836065573795,0.04300000000000015
vehicle_018_session_00851,vehicle_018,851,test,119.50548842592595,60.4,349.6,350.3,353.5,357.5,-70.10001000000001,31.0,0,0.04068852459016395,0.04400000000000004
vehicle_018_session_00852,vehicle_018,852,test,118.98180966353678,25.6,330.3,330.5,331.6,333.2,-69.51803459016394,28.0,2,0.029393442622950836,0.03100000000000014
vehicle_018_session_00853,vehicle_018,853,test,119.67610836442785,54.4,344.1,344.9,348.3,352.4,-69.51967409836065,31.57377049180328,1,0.045442622950819654,0.04999999999999982
vehicle_018_session_00854,vehicle_018,854,test,118.14781868489587,24.4,328.6,329.6,331.1,332.7,-69.8016575409836,31.34426229508197,1,0.029032786885245916,0.030999999999999694
vehicle_018_session_00855,vehicle_018,855,test,117.30377626811602,50.0,340.8,341.4,345.0,349.3,-69.78854344262294,34.47540983606557,1,0.04539344262295081,0.04899999999999993
vehicle_018_session_00856,vehicle_018,856,test,118.88634130658441,35.2,331.4,331.7,332.7,334.2,-49.70656803278689,32.32786885245902,1,0.025081967213114786,0.027000000000000135
vehicle_018_session_00857,vehicle_018,857,test,120.80280249999998,57.2,345.0,345.7,348.0,350.8,-49.700010000000006,34.557377049180324,1,0.038672131147540936,0.04400000000000004
vehicle_018_session_00858,vehicle_018,858,test,118.72651572712415,30.4,331.0,331.3,332.8,334.7,-70.06393950819674,28.672131147540984,1,0.030311475409836097,0.03299999999999992
vehicle_018_session_00859,vehicle_018,859,test,119.13011782711988,58.0,347.2,348.2,351.4,355.2,-70.00163967213115,32.0,0,0.041999999999999975,0.04699999999999971
vehicle_018_session_00860,vehicle_018,860,test,122.95487861400464,49.6,335.2,335.8,337.15,338.8,-22.40525368421052,32.0,0,0.02710526315789472,0.03200000000000003
vehicle_018_session_00861,vehicle_018,861,test,120.659200267094,52.4,340.5,341.8,346.0,350.5,-70.22459606557376,29.147540983606557,2,0.04949180327868856,0.05400000000000027
vehicle_018_session_00862,vehicle_018,862,test,120.10604130116964,66.4,353.2,353.8,356.0,358.9,-50.29346196721313,33.0,0,0.03380327868852462,0.03500000000000014
vehicle_018_session_00863,vehicle_018,863,test,118.66206250000002,10.4,324.9,325.5,327.7,329.4,-70.78198409836065,30.0,0,0.033426229508196736,0.03600000000000003
vehicle_018_session_00864,vehicle_018,864,test,119.52094611462732,40.4,335.2,335.5,337.4,340.5,-70.81312950819672,32.75409836065574,1,0.03513114754098356,0.040000000000000036
vehicle_018_session_00865,vehicle_018,865,test,118.10000474877451,28.4,328.9,330.2,331.7,333.6,-69.23280016393443,30.868852459016395,2,0.029721311475409823,0.03200000000000003
vehicle_018_session_00866,vehicle_018,866,test,119.54659732434644,55.6,344.9,345.8,349.3,353.0,-69.24427672131148,34.22950819672131,1,0.045491803278688514,0.051000000000000156
vehicle_018_session_00867,vehicle_018,867,test,122.01390972222215,73.6,359.4,360.2,363.5,367.8,-69.17705918032787,35.32786885245902,1,0.041180327868852465,0.0420000000000007
vehicle_018_session_00868,vehicle_018,868,test,118.74474463016799,42.4,336.1,336.6,339.3,343.8,-79.93278213114752,34.67213114754098,2,0.043196721311475395,0.052000000000000046
vehicle_018_session_00869,vehicle_018,869,test,123.28293974673198,76.8,363.2,364.1,368.0,371.1,-77.52786491803278,37.77049180327869,1,0.0442786885245902,0.04600000000000026
vehicle_018_session_00870,vehicle_018,870,test,120.0256715246212,54.0,341.1,343.3,347.575,351.8,-69.9933348,31.786666666666665,1,0.04951999999999996,0.05600000000000005
vehicle_018_session_00871,vehicle_018,871,test,119.45553158757717,50.0,339.7,340.3,344.1,348.5,-69.97376786885246,34.65573770491803,1,0.0466065573770492,0.051000000000000156
vehicle_018_session_00872,vehicle_018,872,test,119.09725535714293,47.6,338.3,339.1,342.2,346.8,-69.79837983606556,36.34426229508197,1,0.04449180327868856,0.050000000000000266
vehicle_018_session_00873,vehicle_018,873,test,123.03489556623936,76.0,361.8,362.5,366.0,370.2,-69.80165819672132,38.0,0,0.04049180327868857,0.0420000000000007
vehicle_018_session_00874,vehicle_018,874,test,116.77421146514162,40.0,333.2,333.5,334.7,336.3,-44.899989999999995,35.91803278688525,1,0.026245901639344264,0.028999999999999915
vehicle_018_session_00875,vehicle_018,875,test,118.72593509615382,60.4,347.8,348.3,350.3,353.0,-44.899989999999995,37.0655737704918,1,0.03493442622950817,0.03799999999999981
vehicle_018_session_00876,vehicle_018,876,test,120.67038280793128,62.4,348.9,349.4,351.3,353.5,-39.86885180327869,34.32786885245902,1,0.032475409836065575,0.03500000000000014
vehicle_018_session_00877,vehicle_018,877,test,122.9422809653916,68.0,354.1,355.0,358.3,362.5,-69.92458590163935,31.37704918032787,1,0.041508196721311494,0.04300000000000015
vehicle_018_session_00878,vehicle_018,878,test,120.84280360900675,62.4,350.2,351.3,354.7,358.6,-69.99016295081967,29.0,0,0.041836065573770516,0.04599999999999982
vehicle_018_session_00879,vehicle_018,879,test,118.73356792153997,39.6,332.5,333.8,336.3,339.6,-70.10820524590166,27.42622950819672,1,0.03621311475409834,0.04200000000000026
vehicle_018_session_00880,vehicle_018,880,test,120.58762003205123,62.4,351.1,351.9,355.0,359.1,-70.1016475409836,30.0,0,0.04237704918032787,0.04500000000000037
vehicle_018_session_00881,vehicle_018,881,test,119.07247726407911,18.4,328.3,328.6,329.7,331.0,-69.93933819672131,30.0,0,0.030114754098360702,0.03500000000000014
vehicle_018_session_00882,vehicle_018,882,test,120.70898287349848,47.6,338.2,338.8,341.6,345.8,-69.91147114754098,33.049180327868854,2,0.04272131147540984,0.04900000000000038
vehicle_018_session_00883,vehicle_018,883,test,125.31589630991279,77.6,362.5,363.3,366.8,371.1,-69.91802655737705,35.0,0,0.04127868852459019,0.04400000000000048
vehicle_018_session_00884,vehicle_018,884,test,117.16228700532724,28.8,330.7,331.1,332.2,334.1,-69.98524442622951,32.80327868852459,1,0.03037704918032793,0.03299999999999992
vehicle_018_session_00885,vehicle_018,885,test,119.20925537037036,58.0,347.1,348.0,351.1,355.2,-69.96557098360657,36.0,0,0.043262295081967224,0.04700000000000015
vehicle_018_session_00886,vehicle_018,886,test,118.57883741471731,22.4,328.6,328.9,329.9,331.0,-60.893449672131155,33.0,0,0.027540983606557393,0.03299999999999992
vehicle_018_session_00887,vehicle_018,887,test,120.36361392819703,62.8,350.2,350.8,353.3,356.4,-56.90984229508197,37.0,0,0.037754098360655776,0.040999999999999925
vehicle_018_session_00888,vehicle_018,888,test,117.99789318502822,26.4,328.9,330.0,331.4,333.2,-70.1623050819672,31.360655737704917,1,0.030180327868852455,0.03200000000000003
vehicle_018_session_00889,vehicle_018,889,test,116.54334698275859,50.0,340.3,341.1,344.6,348.9,-70.03606836065573,34.295081967213115,1,0.047081967213114764,0.051000000000000156
vehicle_018_session_00890,vehicle_018,890,test,121.7916696338384,73.2,359.6,360.3,363.6,367.8,-69.99508262295082,36.0,0,0.04193442622950818,0.043999999999999595
vehicle_018_session_00891,vehicle_018,891,test,121.79702231329688,67.6,355.0,355.8,359.1,363.2,-70.00983704918032,33.65573770491803,1,0.04152459016393439,0.042999999999999705
vehicle_018_session_00892,vehicle_018,892,test,116.43018006184897,35.6,333.6,334.1,335.7,338.2,-69.86393524590164,27.508196721311474,1,0.034344262295081945,0.038000000000000256
vehicle_018_session_00893,vehicle_018,893,test,120.55605414653785,61.6,350.8,351.6,354.7,358.5,-69.8688524590164,30.459016393442624,1,0.04218032786885248,0.04400000000000004
vehicle_018_session_00894,vehicle_018,894,test,120.71837654842341,54.8,343.5,344.6,348.2,352.2,-69.9606550819672,32.36065573770492,1,0.04734426229508199,0.05300000000000038
vehicle_018_session_00895,vehicle_018,895,test,119.01898400140645,21.6,329.7,329.9,331.0,332.4,-70.88524295081966,29.229508196721312,1,0.029278688524590177,0.03100000000000014
vehicle_018_session_00896,vehicle_018,896,test,118.89399315767974,53.6,344.3,345.0,348.5,352.4,-70.95081475409836,33.295081967213115,1,0.04542622950819673,0.050000000000000266
vehicle_018_session_00897,vehicle_018,897,test,116.00289141414143,40.8,335.0,335.5,337.7,341.0,-69.92131409836064,31.34426229508197,1,0.03744262295081962,0.04300000000000015
vehicle_018_session_00898,vehicle_018,898,test,116.98470793075688,42.0,335.3,336.0,338.3,342.1,-74.06885786885246,33.442622950819676,1,0.04032786885245897,0.04900000000000038
vehicle_018_session_00899,vehicle_018,899,test,121.7996786134652,70.0,356.6,357.4,360.8,365.2,-73.98360983606557,36.0,0,0.043000000000000003,0.04400000000000048
vehicle_018_session_00900,vehicle_018,900,test,118.54895285087714,58.4,346.0,346.6,348.9,351.9,-49.899989999999995,30.885245901639344,1,0.039786885245901626,0.04500000000000037
vehicle_018_session_00901,vehicle_018,901,test,119.69907767489713,58.4,344.7,346.9,350.7,354.7,-70.04590524590164,32.0,0,0.0450655737704918,0.05400000000000027
vehicle_018_session_00902,vehicle_018,902,test,115.91049395576134,55.2,341.9,343.5,344.6,348.0,-39.35573786885246,36.0,0,0.04070491803278692,0.04600000000000026
vehicle_018_session_00903,vehicle_018,903,test,121.2439903846154,76.8,360.7,361.3,363.6,366.8,-50.0,36.0,0,0.0349016393442623,0.03699999999999992
vehicle_018_session_00904,vehicle_018,904,test,118.64330378787878,68.0,353.3,354.9,358.5,362.7,-70.34262426229508,30.885245901639344,1,0.04209836065573775,0.04400000000000004
vehicle_018_session_00905,vehicle_018,905,test,118.97813681520067,57.2,345.8,346.8,350.0,353.9,-69.28854344262295,34.131147540983605,1,0.04468852459016392,0.050000000000000266
vehicle_018_session_00906,vehicle_018,906,test,115.77449699356373,22.8,328.0,329.2,330.7,332.2,-69.79181721311477,28.508196721311474,1,0.02980327868852461,0.03200000000000003
vehicle_018_session_00907,vehicle_018,907,test,117.67033316798947,55.6,345.2,346.1,349.4,353.3,-69.75247426229508,32.557377049180324,1,0.045868852459016375,0.051000000000000156
vehicle_018_session_00908,vehicle_018,908,test,118.77883477463311,60.8,348.0,348.6,351.0,353.9,-49.52459262295082,31.0,0,0.03649180327868853,0.039000000000000146
vehicle_018_session_00909,vehicle_018,909,test,119.44695962962962,58.4,345.3,347.29999999999995,351.05,355.2,-69.99342513157895,30.93421052631579,1,0.04527631578947369,0.052999999999999936
vehicle_018_session_00910,vehicle_018,910,test,116.10774472415125,68.8,355.0,356.70000000000005,360.3,364.6,-69.79737328947367,26.776315789473685,1,0.040802631578947354,0.04300000000000015
vehicle_018_session_00911,vehicle_018,911,test,117.91292162698413,40.0,331.6,332.45,334.1375,336.0,-45.60134333333333,28.0,0,0.026906666666666704,0.03000000000000025
vehicle_018_session_00912,vehicle_018,912,test,119.4706850084818,45.2,333.9,334.9,336.9,339.4,-45.004000399999995,31.0,0,0.03179999999999995,0.03799999999999981
vehicle_018_session_00913,vehicle_018,913,test,117.9124792265326,42.4,332.5,334.9,337.5,341.6,-69.58524901639343,30.737704918032787,1,0.038475409836065566,0.04600000000000026
vehicle_018_session_00914,vehicle_018,914,test,119.97763517361115,66.0,353.3,354.1,357.4,361.3,-69.84918360655738,33.0,0,0.041245901639344267,0.04300000000000015
vehicle_018_session_00915,vehicle_018,915,test,117.56173456790125,12.0,324.2,325.7,328.2,329.7,-70.08361229508198,28.672131147540984,1,0.035967213114754086,0.040999999999999925
vehicle_018_session_00916,vehicle_018,916,test,116.5512690972222,41.2,335.7,336.1,338.2,341.6,-70.02787081967213,31.75409836065574,2,0.03844262295081965,0.04400000000000004
vehicle_018_session_00917,vehicle_018,917,test,121.64063047960066,68.8,355.8,356.8,359.9,363.9,-70.01639573770493,34.36065573770492,1,0.04221311475409836,0.04400000000000048
vehicle_018_session_00918,vehicle_018,918,test,119.19739647541886,43.6,333.6,334.95,337.5,341.0,-60.03289736842106,29.855263157894736,1,0.03674999999999998,0.04400000000000004
vehicle_018_session_00919,vehicle_018,919,test,119.39342340067346,49.2,337.2,338.8,343.0,347.8,-70.0885318032787,32.47540983606557,1,0.04850819672131147,0.053999999999999826
vehicle_018_session_00920,vehicle_018,920,test,123.02405889917699,76.0,361.6,362.5,365.8,370.2,-69.98852852459015,34.0655737704918,1,0.042393442622950916,0.04500000000000082
vehicle_018_session_00921,vehicle_018,921,test,118.08246306768076,72.8,358.8,360.25,363.85,368.2,-69.92000373333333,30.85333333333333,1,0.042226666666666655,0.04400000000000048
vehicle_018_session_00922,vehicle_018,922,test,116.37206365740742,32.4,330.3,331.4,333.3,335.5,-69.57869606557378,26.508196721311474,1,0.03239344262295084,0.03600000000000003
vehicle_018_session_00923,vehicle_018,923,test,117.87480116421567,58.8,347.8,348.6,351.9,355.8,-69.54426672131147,29.852459016393443,1,0.04437704918032787,0.04800000000000004
vehicle_018_session_00924,vehicle_018,924,test,115.93597809436275,42.0,335.8,336.3,338.5,342.2,-70.08033377049179,29.672131147540984,1,0.03978688524590162,0.04700000000000015
vehicle_018_session_00925,vehicle_018,925,test,120.49170300099203,69.6,356.4,357.2,360.3,364.6,-70.0524644262295,32.114754098360656,1,0.04208196721311472,0.043999999999999595
vehicle_018_session_00926,vehicle_018,926,test,116.79345825258399,54.4,341.9,342.7,345.2,348.2,-45.0,31.0,0,0.04291803278688528,0.04700000000000015
vehicle_018_session_00927,vehicle_018,927,test,117.88344667658734,64.4,351.8,352.5,355.7,359.6,-69.60001000000001,31.672131147540984,1,0.0423114754098361,0.04499999999999993
vehicle_018_session_00928,vehicle_018,928,test,116.57827967171717,7.2,321.9,323.3,326.1,328.5,-70.45901229508196,32.0,0,0.035360655737704895,0.037000000000000366
vehicle_018_session_00929,vehicle_018,929,test,116.68949714611873,29.2,331.6,331.9,333.0,334.7,-70.49672098360655,33.50819672131148,1,0.030622950819672173,0.03300000000000036
vehicle_018_session_00930,vehicle_018,930,test,119.3797566590563,58.8,347.5,348.5,351.6,355.5,-70.4934419672131,37.0,0,0.04298360655737705,0.04699999999999971
vehicle_018_session_00931,vehicle_018,931,test,115.4981283386752,35.6,332.2,332.4,333.3,334.9,-50.0,37.557377049180324,1,0.025885245901639375,0.028000000000000025
vehicle_018_session_00932,vehicle_018,932,test,117.09422576252723,56.4,344.3,344.9,347.4,350.2,-49.99180245901639,39.19672131147541,1,0.0410983606557377,0.04700000000000015
vehicle_018_session_00933,vehicle_018,933,test,114.49623497474748,31.2,330.3,330.5,331.4,332.7,-50.100010000000005,36.0,0,0.024475409836065578,0.027000000000000135
vehicle_018_session_00934,vehicle_018,934,test,116.41829246794875,53.2,340.7,341.3,343.9,347.2,-50.100010000000005,38.0,0,0.04391803278688529,0.04700000000000015
vehicle_018_session_00935,vehicle_018,935,test,121.65627500000001,74.0,358.2,358.6,361.0,363.9,-50.100010000000005,38.0,0,0.03636065573770493,0.038000000000000256
vehicle_018_session_00936,vehicle_018,936,test,121.30481416666665,77.6,360.2,360.8,362.1,363.5,-22.303966184210516,37.0,0,0.025684210526315778,0.027000000000000135
vehicle_018_session_00937,vehicle_018,937,test,120.74785427031512,66.8,353.5,354.3,357.5,361.6,-70.29838049180329,38.0,0,0.04283606557377052,0.04400000000000048
vehicle_018_session_00938,vehicle_018,938,test,116.79090652126737,29.2,330.3,330.8,332.1,333.9,-69.01803459016392,32.85245901639344,1,0.030540983606557406,0.03299999999999992
vehicle_018_session_00939,vehicle_018,939,test,118.4055839902402,54.8,343.8,344.7,348.0,352.1,-68.9458962295082,35.77049180327869,1,0.046508196721311436,0.051000000000000156
vehicle_018_session_00940,vehicle_018,940,test,118.76951068253969,27.6,328.2,329.0,330.0,331.1,-45.19211578947369,32.526315789473685,1,0.0217763157894737,0.02499999999999991
vehicle_018_session_00941,vehicle_018,941,test,120.52220383986935,77.2,360.8,362.5,366.4,371.1,-69.9524613114754,33.67213114754098,1,0.04267213114754097,0.04400000000000048
vehicle_018_session_00942,vehicle_018,942,test,115.8935035700313,38.8,333.9,334.4,336.3,339.1,-69.73115836065574,34.01639344262295,2,0.036508196721311455,0.04200000000000026
vehicle_018_session_00943,vehicle_018,943,test,119.59360665598291,67.2,354.3,355.0,358.2,362.2,-69.65082819672132,37.0,0,0.04218032786885246,0.04400000000000004
vehicle_018_session_00944,vehicle_018,944,test,117.35042916666666,18.0,328.5,328.8,329.9,331.1,-69.96557475409836,33.49180327868852,1,0.030672131147541,0.0349999999999997
vehicle_018_session_00945,vehicle_018,945,test,115.93080202241718,44.0,336.8,337.2,339.6,343.3,-69.97868901639345,36.31147540983606,1,0.04131147540983606,0.04900000000000038
vehicle_018_session_00946,vehicle_018,946,test,119.74497647270114,66.8,353.9,354.7,357.8,361.9,-69.96885524590164,38.0,0,0.042459016393442635,0.04400000000000004
vehicle_018_session_00947,vehicle_018,947,test,117.71316244658122,35.2,330.7,332.1,333.9,336.4,-69.35246590163935,33.114754098360656,2,0.033016393442622964,0.03699999999999992
vehicle_018_session_00948,vehicle_018,948,test,115.38091537106135,41.6,335.2,335.7,337.7,341.1,-70.04918442622949,33.0655737704918,2,0.03914754098360654,0.04600000000000026
vehicle_018_session_00949,vehicle_018,949,test,119.28735086520952,68.4,354.9,355.8,358.9,363.0,-69.99836622950819,35.40983606557377,1,0.042524590163934416,0.04400000000000004
vehicle_018_session_00950,vehicle_018,950,test,120.19196278825996,62.0,348.5,350.2,353.8,357.8,-70.10492540983608,28.934426229508198,1,0.04386885245901639,0.04700000000000015
vehicle_018_session_00951,vehicle_018,951,test,120.31552698289715,49.2,336.6,337.9,341.35,345.7,-58.84737486842105,28.513157894736842,1,0.045684210526315834,0.051000000000000156
vehicle_018_session_00952,vehicle_018,952,test,119.27412358852756,45.2,333.0,334.4,336.3375,338.8,-44.318671200000004,28.0,0,0.03151999999999999,0.039000000000000146
vehicle_018_session_00953,vehicle_018,953,test,116.52199639423077,39.2,334.7,335.2,336.9,340.0,-69.90164081967214,33.67213114754098,1,0.03662295081967212,0.04200000000000026
vehicle_018_session_00954,vehicle_018,954,test,118.58176066570883,36.0,331.3,332.4,334.6,337.2,-69.93815881578949,33.0921052631579,2,0.034842105263157896,0.039000000000000146
vehicle_018_session_00955,vehicle_018,955,test,116.11210693233203,30.4,329.9,330.8,332.48,334.4,-70.42622213114755,30.78688524590164,1,0.031426229508196776,0.03400000000000025
vehicle_018_session_00956,vehicle_018,956,test,118.30071338383834,64.8,352.4,353.2,356.3,360.2,-70.44261721311474,34.0,0,0.04255737704918033,0.04400000000000004
vehicle_018_session_00957,vehicle_018,957,test,115.78330668290046,27.2,330.0,330.5,331.9,333.6,-69.76559032786885,28.40983606557377,1,0.03129508196721313,0.03300000000000036
vehicle_018_session_00958,vehicle_018,958,test,117.3884531481482,58.0,347.2,348.2,351.3,355.2,-69.81149196721312,32.19672131147541,1,0.04555737704918035,0.050000000000000266
vehicle_018_session_00959,vehicle_018,959,test,120.62888825354611,60.0,346.1,348.1,351.20000000000005,354.6,-57.53421605263158,27.19736842105263,1,0.04076315789473686,0.04700000000000015
vehicle_018_session_00960,vehicle_018,960,test,120.66724228432159,56.0,341.6,343.55,347.29999999999995,351.0,-60.02894960526314,31.0,0,0.04696052631578945,0.05500000000000016
vehicle_018_session_00961,vehicle_018,961,test,117.91570329147639,18.4,329.2,329.6,330.5,331.6,-70.44261721311474,25.459016393442624,1,0.030704918032786917,0.03300000000000036
vehicle_018_session_00962,vehicle_018,962,test,118.26923076923077,48.0,339.4,339.9,343.0,347.4,-70.43441967213116,29.065573770491802,2,0.047311475409836067,0.052000000000000046
vehicle_018_session_00963,vehicle_018,963,test,120.44797889433555,59.2,346.6,347.2,349.7,352.5,-49.9393381967213,26.60655737704918,1,0.039901639344262274,0.04499999999999993
vehicle_018_session_00964,vehicle_018,964,test,117.54444094311376,30.4,329.9,331.05,332.7,334.6,-60.036002666666654,20.573333333333334,1,0.028093333333333366,0.03100000000000014
vehicle_018_session_00965,vehicle_018,965,test,118.0403995011737,22.8,327.8,329.2,330.7,332.2,-69.31476967213115,25.0,2,0.03042622950819676,0.03200000000000003
vehicle_018_session_00966,vehicle_018,966,test,116.28828793913402,51.6,341.8,342.5,346.1,350.3,-69.41966409836066,28.852459016393443,2,0.04954098360655739,0.05300000000000038
vehicle_018_session_00967,vehicle_018,967,test,115.80574439102563,17.2,324.1,324.6,325.3,326.1,-19.02500526315789,21.0,0,0.0197631578947368,0.022999999999999687
vehicle_018_session_00968,vehicle_018,968,test,119.28211706018517,57.2,345.8,346.3,347.275,348.5,-20.296005466666667,24.706666666666667,1,0.03082666666666665,0.03400000000000025
vehicle_018_session_00969,vehicle_018,969,test,115.38244955357142,42.0,336.0,336.4,338.6,342.4,-70.04262721311476,24.885245901639344,2,0.04160655737704913,0.04899999999999993
vehicle_018_session_00970,vehicle_018,970,test,117.95407138087607,70.0,357.2,358.0,361.1,365.3,-70.07049885245902,27.81967213114754,1,0.043901639344262285,0.045999999999999375
vehicle_018_session_00971,vehicle_018,971,test,118.77431648818798,55.2,342.4,344.85,349.20000000000005,353.5,-70.13685078947367,22.86842105263158,1,0.05014473684210527,0.05900000000000016
vehicle_018_session_00972,vehicle_018,972,test,118.71912525028202,18.8,326.9,328.25,329.9,331.1,-69.99466773333333,27.933333333333334,2,0.032746666666666646,0.0389999999999997
vehicle_018_session_00973,vehicle_018,973,test,116.58496285317459,19.2,327.2,328.6,330.2,331.6,-69.90920986842104,22.486842105263158,1,0.030894736842105284,0.03500000000000014
vehicle_018_session_00974,vehicle_018,974,test,115.43749071969697,36.8,332.4,332.7,333.8,335.3,-49.98032590163935,24.0,0,0.027590163934426284,0.03100000000000014
vehicle_018_session_00975,vehicle_018,975,test,117.63639161706355,59.2,346.6,347.2,349.7,352.5,-49.92294311475409,26.0,0,0.04018032786885243,0.04499999999999993
vehicle_018_session_00976,vehicle_018,976,test,119.26185313786009,56.0,342.4,344.9,349.3,353.5,-69.72624213114754,24.60655737704918,1,0.05208196721311477,0.06000000000000005
vehicle_018_session_00977,vehicle_018,977,test,116.72014560367454,34.4,329.9,330.75,332.2,333.8,-45.017106973684214,20.42105263157895,1,0.024736842105263186,0.027000000000000135
vehicle_018_session_00978,vehicle_018,978,test,117.90961218749999,36.8,332.5,333.6,335.25,337.4,-60.06400519999999,24.4,1,0.032520000000000014,0.03699999999999992
vehicle_018_session_00979,vehicle_018,979,test,115.5937635416667,37.2,334.1,334.6,336.3,338.9,-70.07213836065574,24.131147540983605,2,0.03783606557377044,0.04200000000000026
vehicle_018_session_00980,vehicle_018,980,test,121.20334192850639,69.6,356.6,357.4,360.7,364.9,-70.17705918032787,27.0,0,0.04529508196721312,0.04699999999999971
vehicle_018_session_00981,vehicle_018,981,test,119.1774644396552,67.2,355.2,356.0,359.1,363.2,-69.67050213114753,26.327868852459016,1,0.043967213114754086,0.04500000000000082
vehicle_018_session_00982,vehicle_018,982,test,117.16977289593699,9.2,323.2,324.6,327.4,329.2,-69.45160806451614,24.93548387096774,1,0.0357741935483871,0.039000000000000146
vehicle_018_session_00983,vehicle_018,983,test,116.4001224468954,36.4,333.9,334.2,335.8,338.5,-69.49836049180328,27.524590163934427,1,0.0350491803278688,0.039000000000000146
vehicle_018_session_00984,vehicle_018,984,test,119.73104083994708,64.0,352.2,353.0,356.1,360.0,-69.5,30.37704918032787,1,0.043000000000000003,0.04499999999999993
vehicle_018_session_00985,vehicle_018,985,test,119.11828409090914,63.2,351.1,352.1,355.3,359.4,-69.62132131147541,28.885245901639344,1,0.04442622950819674,0.04700000000000015
vehicle_018_session_00986,vehicle_018,986,test,117.84579595871915,52.4,341.1,342.4,346.4,351.0,-70.25411377049178,25.75409836065574,1,0.05326229508196723,0.05900000000000016
vehicle_018_session_00987,vehicle_018,987,test,115.27782407407413,48.0,337.8,338.3,340.5,343.8,-49.80002000000002,27.885245901639344,1,0.040459016393442654,0.04700000000000015
vehicle_018_session_00988,vehicle_018,988,test,117.53935292190778,69.6,355.7,356.1,358.5,361.3,-49.80002000000002,29.0,0,0.035672131147540954,0.03699999999999992
vehicle_018_session_00989,vehicle_018,989,test,115.65979867367365,28.8,331.3,331.6,332.8,334.7,-70.27542016393443,26.57377049180328,1,0.03098360655737709,0.03399999999999981
vehicle_018_session_00990,vehicle_018,990,test,119.63782752634098,73.2,359.7,360.5,363.9,368.3,-70.20000786885245,31.918032786885245,1,0.04259016393442623,0.04400000000000048
vehicle_018_session_00991,vehicle_018,991,test,117.18345428240741,65.6,353.2,353.9,357.2,361.3,-69.99508540983605,29.508196721311474,1,0.04396721311475411,0.04500000000000037
vehicle_018_session_00992,vehicle_018,992,test,119.16510807034848,30.0,329.6,330.7,332.4,334.2,-69.94400133333333,26.786666666666665,2,0.032146666666666684,0.03500000000000014
vehicle_018_session_00993,vehicle_018,993,test,116.4736502246732,36.8,331.6,332.7,334.9,337.5,-70.0081975409836,28.737704918032787,1,0.03519672131147541,0.040000000000000036
vehicle_018_session_00994,vehicle_018,994,test,117.40900272147154,50.0,339.6,340.3,344.1,348.6,-70.28198540983607,27.60655737704918,1,0.05086885245901643,0.05500000000000016
vehicle_018_session_00995,vehicle_018,995,test,116.53991788194442,27.6,329.2,330.3,331.9,333.8,-69.91802459016394,26.491803278688526,1,0.031163934426229535,0.03300000000000036
vehicle_018_session_00996,vehicle_018,996,test,116.56496999007938,52.0,341.8,342.7,346.3,350.5,-69.92458262295081,29.672131147540984,1,0.049918032786885225,0.05300000000000038
vehicle_018_session_00997,vehicle_018,997,test,118.09674285714287,50.8,341.4,342.2,346.0,350.2,-69.60492786885246,21.18032786885246,2,0.05173770491803279,0.05600000000000005
vehicle_018_session_00998,vehicle_018,998,test,116.90564956086602,34.8,331.1,332.4,334.4,337.1,-69.70984950819673,18.60655737704918,1,0.03642622950819672,0.040999999999999925
vehicle_018_session_00999,vehicle_018,999,test,117.78713916446208,62.0,351.3,352.1,355.2,359.3,-69.89179573770492,21.983606557377048,1,0.04685245901639348,0.04900000000000038
vehicle_018_session_01000,vehicle_018,1000,test,118.40869785115302,43.2,333.3,334.4,336.6,339.3,-49.667223114754094,18.557377049180328,1,0.035131147540983544,0.040999999999999925
vehicle_018_session_01001,vehicle_018,1001,test,117.5255742924529,64.4,352.4,353.0,355.3,358.0,-49.67378049180328,20.737704918032787,1,0.038901639344262336,0.040999999999999925
vehicle_018_session_01002,vehicle_018,1002,test,115.58543885613207,38.4,331.9,333.3,335.5,338.0,-60.11475983606558,17.57377049180328,1,0.03473770491803276,0.040000000000000036
vehicle_018_session_01003,vehicle_018,1003,test,117.839711400463,59.6,348.8,349.6,352.1,355.3,-57.28853098360656,20.0,0,0.0427049180327869,0.04599999999999982
vehicle_018_session_01004,vehicle_018,1004,test,119.33611126302084,46.4,334.6,336.05,338.4,342.5,-51.00658592105263,19.75,7,0.04056578947368418,0.05300000000000038
vehicle_018_session_01005,vehicle_018,1005,test,115.97569756944445,32.0,332.4,332.8,334.2,336.4,-70.00655901639344,20.59016393442623,1,0.0347049180327869,0.038000000000000256
vehicle_018_session_01006,vehicle_018,1006,test,117.14139754098362,60.4,350.2,351.1,354.3,358.2,-69.98196950819673,24.0327868852459,1,0.0455409836065574,0.04899999999999993
vehicle_018_session_01007,vehicle_018,1007,test,115.83948866033754,28.0,329.1,330.7,332.4,334.2,-69.33115295081969,19.491803278688526,1,0.03306557377049183,0.03500000000000014
vehicle_018_session_01008,vehicle_018,1008,test,117.00876766748367,59.6,349.1,349.9,353.0,356.9,-69.40326901639344,23.491803278688526,1,0.047016393442622935,0.05099999999999971
vehicle_018_session_01009,vehicle_018,1009,test,118.64873744212964,71.6,358.6,359.4,362.7,367.1,-69.9885286885246,26.0,0,0.04819672131147543,0.04999999999999982
vehicle_018_session_01010,vehicle_018,1010,test,118.64521224872081,65.2,352.2,353.70000000000005,356.9,360.3,-60.17201093333332,20.586666666666666,1,0.042119999999999984,0.04499999999999993
vehicle_018_session_01011,vehicle_018,1011,test,115.38700776515155,30.4,329.4,330.7,332.1,334.2,-61.173776229508206,19.39344262295082,6,0.030786885245901657,0.037000000000000366
vehicle_018_session_01012,vehicle_018,1012,test,116.63451600877194,52.4,342.5,343.5,347.2,351.4,-70.13443442622949,26.442622950819672,1,0.05259016393442623,0.05699999999999994
vehicle_018_session_01013,vehicle_018,1013,test,114.82156966420538,41.2,336.0,336.4,338.8,342.4,-70.59181229508197,22.18032786885246,2,0.04272131147540984,0.050000000000000266
vehicle_018_session_01014,vehicle_018,1014,test,119.29661665546597,72.8,359.9,360.7,364.1,367.8,-70.2639444262295,25.278688524590162,1,0.045065573770491876,0.0470000000000006
vehicle_018_session_01015,vehicle_018,1015,test,117.7424088220165,74.0,361.3,362.2,365.7,368.9,-67.5950775409836,23.0,0,0.0448032786885246,0.0470000000000006
vehicle_018_session_01016,vehicle_018,1016,test,118.06481811342594,68.8,357.2,358.0,361.3,365.5,-69.85082442622952,20.852459016393443,1,0.04267213114754098,0.04400000000000048
vehicle_018_session_01017,vehicle_018,1017,test,118.38637569444448,73.2,360.5,361.3,364.7,368.5,-69.51804278688523,23.442622950819672,1,0.042213114754098356,0.04400000000000048
vehicle_018_session_01018,vehicle_018,1018,test,117.11055874624627,18.4,327.7,328.9,330.7,332.1,-70.19344967213115,18.049180327868854,2,0.030901639344262315,0.03400000000000025
vehicle_018_session_01019,vehicle_018,1019,test,114.27444633838383,48.4,341.0,341.8,345.2,349.4,-70.0180355737705,22.42622950819672,1,0.04983606557377049,0.05300000000000038
vehicle_018_session_01020,vehicle_018,1020,test,119.12146888102724,61.2,347.7,349.7,353.3,357.4,-69.9327886885246,25.24590163934426,1,0.0444754098360656,0.04800000000000004
vehicle_018_session_01021,vehicle_018,1021,test,115.93417227929983,28.0,330.5,330.8,332.2,334.2,-70.35082377049181,24.59016393442623,1,0.0322131147540984,0.03500000000000014
vehicle_018_session_01022,vehicle_018,1022,test,118.52238946759259,57.6,347.1,347.8,351.1,355.2,-70.58525245901639,28.016393442622952,1,0.04701639344262293,0.052000000000000046
vehicle_018_session_01023,vehicle_018,1023,test,113.95203643578643,32.4,332.7,333.2,334.6,336.9,-70.19345262295082,21.524590163934427,1,0.03390163934426228,0.038000000000000256
vehicle_018_session_01024,vehicle_018,1024,test,117.1407229770532,63.2,352.5,353.3,356.4,360.5,-70.19673131147539,25.18032786885246,1,0.04331147540983604,0.04600000000000026
vehicle_018_session_01025,vehicle_018,1025,test,118.78162840029763,36.0,331.4,332.75,334.79999999999995,337.4,-69.96933560000001,23.64,1,0.03386666666666663,0.039000000000000146
vehicle_018_session_01026,vehicle_018,1026,test,117.33855476426685,28.0,329.6,330.8,332.45,334.4,-69.94868263157895,21.61842105263158,1,0.03069736842105265,0.03299999999999992
vehicle_018_session_01027,vehicle_018,1027,test,119.56913993500716,35.2,331.3,332.45,334.4,336.9,-69.86267,24.68,1,0.03321333333333333,0.03799999999999981
vehicle_018_session_01028,vehicle_018,1028,test,118.66587576422113,6.8,319.7,320.3,321.4,322.4,-22.303966184210516,29.0,0,0.020697368421052666,0.02300000000000013
vehicle_018_session_01029,vehicle_018,1029,test,117.46337242798359,28.8,329.4,329.7,330.7,331.9,-49.642632950819674,29.229508196721312,1,0.02372131147540986,0.026000000000000245
vehicle_018_session_01030,vehicle_018,1030,test,116.7014124025341,50.4,339.4,339.9,342.5,345.7,-49.64099360655739,31.934426229508198,1,0.04208196721311479,0.04600000000000026
vehicle_018_session_01031,vehicle_018,1031,test,119.30284292125263,12.8,324.1,325.6,328.24444444444447,329.9,-69.89733373333333,27.813333333333333,1,0.034786666666666674,0.040999999999999925
vehicle_018_session_01032,vehicle_018,1032,test,115.38104527595033,39.2,335.2,335.7,337.7,341.1,-70.18689442622951,19.59016393442623,1,0.03847540983606556,0.04499999999999993
vehicle_018_session_01033,vehicle_018,1033,test,118.02968724747475,69.6,357.8,358.8,362.1,366.3,-70.12295819672131,23.0,0,0.04257377049180322,0.04400000000000048
vehicle_018_session_01034,vehicle_018,1034,test,118.17849924924924,12.4,326.4,327.4,328.9,330.2,-69.69016885245902,23.918032786885245,3,0.035344262295082,0.040999999999999925
vehicle_018_session_01035,vehicle_018,1035,test,117.89711531690139,42.0,336.4,336.9,339.3,342.8,-70.08853196721311,27.049180327868854,2,0.04183606557377045,0.04800000000000004
vehicle_018_session_01036,vehicle_018,1036,test,118.95838027777779,31.2,331.3,331.4,332.4,333.6,-49.79674098360658,20.950819672131146,1,0.025786885245901676,0.028000000000000025
vehicle_018_session_01037,vehicle_018,1037,test,115.46781092767297,51.2,341.0,341.6,344.1,347.4,-49.79018295081969,23.131147540983605,1,0.045311475409836106,0.04800000000000004
vehicle_018_session_01038,vehicle_018,1038,test,120.4046976495727,72.4,358.5,359.1,361.4,364.4,-49.80002000000002,24.0,0,0.03727868852459011,0.038000000000000256
vehicle_018_session_01039,vehicle_018,1039,test,119.87878201506594,16.4,326.7,328.2,330.0,331.4,-70.3327944262295,18.16393442622951,1,0.03301639344262299,0.039000000000000146
vehicle_018_session_01040,vehicle_018,1040,test,115.45853995433791,40.4,336.3,336.8,338.9,342.4,-70.16066573770492,21.360655737704917,1,0.0415573770491803,0.04800000000000004
vehicle_018_session_01041,vehicle_018,1041,test,119.5605156897363,69.6,358.0,358.9,362.1,366.3,-70.14919016393443,24.0,0,0.04404918032786887,0.045999999999999375
vehicle_018_session_01042,vehicle_018,1042,test,117.17101844262295,31.2,329.6,330.3,331.7,333.5,-50.20820754098361,17.557377049180328,1,0.02419672131147541,0.026000000000000245
vehicle_018_session_01043,vehicle_018,1043,test,116.42673629712299,56.0,345.5,346.1,348.6,351.4,-50.204928688524596,20.65573770491803,1,0.039754098360655694,0.04599999999999982
vehicle_018_session_01044,vehicle_018,1044,test,119.49620629084967,21.2,327.4,328.6,330.2,331.9,-70.19673196721311,24.75409836065574,1,0.03086885245901643,0.03400000000000025
vehicle_018_session_01045,vehicle_018,1045,test,116.79041681338028,42.0,335.8,336.3,338.5,342.1,-70.28362229508195,27.57377049180328,1,0.040524590163934386,0.04800000000000004
vehicle_018_session_01046,vehicle_018,1046,test,119.70942617521368,70.4,357.4,358.2,361.4,365.7,-70.2164050819672,30.18032786885246,1,0.04368852459016392,0.04500000000000037
vehicle_018_session_01047,vehicle_018,1047,test,119.61168663194445,64.4,350.5,352.4,356.1,360.2,-69.45245426229508,25.983606557377048,0,0.04395081967213112,0.04500000000000037
vehicle_018_session_01048,vehicle_018,1048,test,120.99892275641027,51.2,338.6,340.3,345.0,349.7,-69.87376836065573,26.39344262295082,1,0.05103278688524591,0.05600000000000005
vehicle_018_session_01049,vehicle_018,1049,test,116.35186861111113,34.8,332.7,333.0,334.7,337.4,-70.20000999999999,25.37704918032787,1,0.03496721311475412,0.040000000000000036
vehicle_018_session_01050,vehicle_018,1050,test,120.26299565972224,65.2,353.5,354.3,357.4,361.4,-70.20164950819671,28.770491803278688,1,0.043967213114754114,0.04599999999999982
vehicle_018_session_01051,vehicle_018,1051,test,119.11086941964292,61.2,349.3,349.9,352.1,355.0,-50.01967409836066,26.868852459016395,1,0.037950819672131174,0.040999999999999925
vehicle_018_session_01052,vehicle_018,1052,test,117.5406718475361,27.2,329.7,331.0,332.45,334.4,-70.0829,22.263157894736842,2,0.03182894736842109,0.03400000000000025
vehicle_018_session_01053,vehicle_018,1053,test,118.71392833221329,23.2,328.8,330.2,331.6,333.2,-70.1933424,18.986666666666668,2,0.030440000000000047,0.03300000000000036
vehicle_018_session_01054,vehicle_018,1054,test,118.61301801169591,45.6,335.5,337.15,340.6125,345.5,-69.8893356,21.12,2,0.04819999999999999,0.05699999999999994
vehicle_018_session_01055,vehicle_018,1055,test,117.78326225490198,24.4,329.2,329.2,329.9,330.8,-44.836074754098384,24.60655737704918,1,0.022049180327868827,0.02300000000000013
vehicle_018_session_01056,vehicle_018,1056,test,114.60834861111111,44.8,336.3,336.6,338.2,340.5,-44.82296393442624,26.0,0,0.03339344262295076,0.039000000000000146
vehicle_018_session_01057,vehicle_018,1057,test,115.62500000000004,57.6,346.6,347.2,349.6,352.4,-49.5,25.0,0,0.040245901639344224,0.04499999999999993
vehicle_018_session_01058,vehicle_018,1058,test,92.79112760416666,25.6,328.8,329.7,330.7,331.6,-38.365572786885245,13.721311475409836,7,0.022229508196721332,0.02400000000000002
vehicle_018_session_01059,vehicle_018,1059,test,114.45473251028805,46.4,337.7,338.2,340.3,343.6,-50.0,26.229508196721312,1,0.04170491803278687,0.050000000000000266
vehicle_018_session_01060,vehicle_018,1060,test,118.54300213675215,68.0,355.5,356.0,358.3,361.3,-50.0,27.0,0,0.03757377049180328,0.039000000000000146
vehicle_018_session_01061,vehicle_018,1061,test,118.74143718470629,62.8,347.8,351.70000000000005,355.0,358.5,-59.73600813333333,18.426666666666666,1,0.041506666666666664,0.04400000000000004
vehicle_018_session_01062,vehicle_018,1062,test,118.86577224235108,52.4,342.4,343.5,347.1,351.3,-70.29346196721312,26.262295081967213,2,0.05247540983606552,0.05600000000000005
vehicle_018_session_01063,vehicle_018,1063,test,115.92506669776124,54.8,345.5,346.4,349.9,353.8,-69.90655672131147,23.9672131147541,1,0.0490327868852459,0.05400000000000027
vehicle_018_session_01064,vehicle_018,1064,test,116.51607619626927,11.2,324.2,325.7,328.1,329.6,-60.17369328947369,17.907894736842106,1,0.03184210526315789,0.03600000000000003
vehicle_018_session_01065,vehicle_018,1065,test,121.23726558104784,66.0,354.4,354.95,357.7,361.0,-60.0333356,23.973333333333333,1,0.03762666666666664,0.039000000000000146
vehicle_018_session_01066,vehicle_018,1066,test,117.042511131536,55.6,345.8,346.6,350.0,354.1,-70.3082142622951,25.65573770491803,1,0.04527868852459014,0.051000000000000156
vehicle_018_session_01067,vehicle_018,1067,test,117.42470349178407,35.6,332.4,333.0,334.9,337.7,-70.2393542622951,20.934426229508198,2,0.036032786885245874,0.040999999999999925
vehicle_018_session_01068,vehicle_018,1068,test,119.21398198470213,64.0,353.0,353.8,357.1,361.1,-70.1852544262295,24.0,0,0.044508196721311434,0.04600000000000026
vehicle_018_session_01069,vehicle_018,1069,test,118.83123093220337,20.4,327.5,328.8,330.3,331.9,-70.5934518032787,23.508196721311474,1,0.030032786885245907,0.03399999999999981
vehicle_018_session_01070,vehicle_018,1070,test,116.44918701774692,44.0,337.4,337.8,340.3,344.6,-70.60656737704917,27.16393442622951,2,0.04295081967213116,0.05099999999999971
vehicle_018_session_01071,vehicle_018,1071,test,122.2721950536063,73.2,359.9,360.8,364.1,368.5,-70.61476409836065,30.0,0,0.0419344262295083,0.04300000000000015
vehicle_018_session_01072,vehicle_018,1072,test,121.12193704462662,61.2,349.6,350.2,352.8,356.0,-57.098366721311486,24.934426229508198,1,0.04054098360655742,0.04300000000000015
vehicle_018_session_01073,vehicle_018,1073,test,119.03403013888888,18.0,326.3,326.6,327.4,328.9,-42.87213475409836,20.42622950819672,8,0.023836065573770486,0.027000000000000135
vehicle_018_session_01074,vehicle_018,1074,test,114.63726977926588,38.0,333.3,333.5,334.7,336.4,-49.98524442622951,26.0,0,0.028409836065573773,0.03100000000000014
vehicle_018_session_01075,vehicle_018,1075,test,116.72140771901711,60.4,348.5,348.9,351.3,354.1,-49.92622213114753,27.81967213114754,1,0.0381967213114754,0.040999999999999925
vehicle_018_session_01076,vehicle_018,1076,test,117.29109751647832,39.6,333.6,333.9,335.3,337.2,-50.590172786885255,21.0,0,0.03137704918032784,0.0349999999999997
vehicle_018_session_01077,vehicle_018,1077,test,118.25055662393166,63.2,351.1,351.8,353.9,356.8,-50.59509147540984,23.0,0,0.038819672131147544,0.04100000000000037
vehicle_018_session_01078,vehicle_018,1078,test,119.17766730324074,69.2,356.0,356.9,360.3,364.7,-70.00491852459015,20.983606557377048,1,0.042622950819672066,0.04400000000000048
vehicle_018_session_01079,vehicle_018,1079,test,118.4452858623549,28.8,331.3,331.4,332.7,334.6,-70.12459836065574,23.704918032786885,1,0.031819672131147565,0.0349999999999997
vehicle_018_session_01080,vehicle_018,1080,test,118.27297809829062,56.0,345.8,346.6,349.9,353.9,-70.06721770491804,27.327868852459016,1,0.04709836065573768,0.052000000000000046
vehicle_018_session_01081,vehicle_018,1081,test,113.4971969444444,46.4,337.4,337.7,339.4,342.1,-44.899989999999995,26.57377049180328,1,0.03503278688524588,0.04200000000000026
vehicle_018_session_01082,vehicle_018,1082,test,117.99860131766384,38.4,334.1,334.6,336.4,339.6,-71.24591622950818,26.19672131147541,2,0.03673770491803276,0.04200000000000026
vehicle_018_session_01083,vehicle_018,1083,test,121.47572656250003,70.0,357.2,358.0,361.4,365.7,-71.30001999999999,29.42622950819672,1,0.042852459016393445,0.04499999999999993
vehicle_018_session_01084,vehicle_018,1084,test,114.76486754385967,41.2,335.8,336.4,338.8,342.5,-73.94262491803278,26.18032786885246,2,0.04134426229508193,0.04899999999999993
vehicle_018_session_01085,vehicle_018,1085,test,118.60550525939543,64.0,352.8,353.6,356.8,361.1,-73.92623590163934,28.81967213114754,1,0.04373770491803272,0.04599999999999982
vehicle_018_session_01086,vehicle_018,1086,test,117.06984635416667,31.6,331.7,332.2,333.5,335.5,-70.17705885245901,26.75409836065574,1,0.032442622950819684,0.03500000000000014
vehicle_018_session_01087,vehicle_018,1087,test,118.4013625380518,60.4,349.3,350.2,353.3,357.2,-70.13607360655739,30.327868852459016,1,0.04409836065573776,0.04700000000000015
vehicle_018_session_01088,vehicle_018,1088,test,120.96499984085652,59.2,346.4,348.55,352.15,356.3,-69.86973973684209,28.86842105263158,1,0.04627631578947372,0.052000000000000046
vehicle_018_session_01089,vehicle_018,1089,test,117.55480034722223,36.4,331.3,332.5,334.7,337.5,-69.88688737704919,28.098360655737704,2,0.034442622950819665,0.039000000000000146
vehicle_018_session_01090,vehicle_018,1090,test,119.98138566827696,62.4,350.7,351.4,354.7,358.6,-69.8983624590164,31.0,0,0.042934426229508216,0.04500000000000037
vehicle_018_session_01091,vehicle_018,1091,test,116.55513016493056,24.0,330.0,330.5,331.6,333.3,-69.9885293442623,22.9672131147541,2,0.02909836065573774,0.03100000000000014
vehicle_018_session_01092,vehicle_018,1092,test,116.99487414383563,56.4,347.1,347.8,351.1,355.0,-69.88361311475411,27.688524590163933,1,0.04360655737704918,0.04800000000000004
vehicle_018_session_01093,vehicle_018,1093,test,116.28962006064168,41.2,335.8,336.4,338.6,342.1,-70.37868491803277,26.852459016393443,2,0.039311475409836025,0.04600000000000026
vehicle_018_session_01094,vehicle_018,1094,test,119.79989942325804,70.0,357.4,358.2,361.4,365.8,-70.37868491803277,30.0,0,0.04204918032786879,0.04400000000000048
vehicle_018_session_01095,vehicle_018,1095,test,120.32663474616858,44.4,334.4,336.05,339.175,343.5,-69.94000240000001,26.426666666666666,1,0.0432933333333333,0.05400000000000027
vehicle_018_session_01096,vehicle_018,1096,test,119.0698905448718,35.6,331.1,332.4,334.6,337.1,-69.9657905263158,26.56578947368421,1,0.03380263157894739,0.038000000000000256
vehicle_018_session_01097,vehicle_018,1097,test,116.89839663461538,44.4,335.7,336.0,337.5,339.9,-45.100010000000005,22.37704918032787,1,0.03313114754098356,0.038000000000000256
vehicle_018_session_01098,vehicle_018,1098,test,119.8471048344017,39.6,332.8,333.8,336.3,339.4,-70.13115737704919,23.80327868852459,1,0.03886885245901636,0.04499999999999993
vehicle_018_session_01099,vehicle_018,1099,test,120.1415746260684,60.8,349.7,350.5,353.8,357.7,-70.10000950819672,26.0,0,0.047049180327868874,0.051000000000000156
vehicle_018_session_01100,vehicle_018,1100,test,119.27630445906433,62.0,348.3,350.3,353.9,358.0,-70.42622213114755,26.081967213114755,2,0.04354098360655741,0.0479999999999996
vehicle_018_session_01101,vehicle_018,1101,test,117.17626163928013,53.6,343.8,344.7,348.5,352.5,-70.06394049180328,24.360655737704917,1,0.04924590163934425,0.053999999999999826
vehicle_018_session_01102,vehicle_018,1102,test,116.21628369522695,38.0,334.4,334.7,336.6,339.6,-70.31640852459017,28.262295081967213,1,0.03714754098360652,0.04200000000000026
vehicle_018_session_01103,vehicle_018,1103,test,119.49887132048099,66.8,354.7,355.5,358.8,363.0,-70.31476967213115,31.0,0,0.04293442622950819,0.044999999999999485
vehicle_018_session_01104,vehicle_018,1104,test,121.89579216332632,67.2,354.3,355.6,358.9,362.8,-69.92000039999999,27.773333333333333,1,0.04406666666666669,0.04600000000000026
vehicle_018_session_01105,vehicle_018,1105,test,117.17534373431901,22.0,327.2,328.5,329.9,331.1,-60.05600546666666,26.333333333333332,1,0.02712000000000001,0.02900000000000036
vehicle_018_session_01106,vehicle_018,1106,test,118.32718005152327,26.4,328.8,329.7,331.3,333.2,-69.97705245901639,26.081967213114755,2,0.030934426229508233,0.03299999999999992
vehicle_018_session_01107,vehicle_018,1107,test,117.55586136272142,51.6,341.1,341.9,345.5,349.9,-69.93442901639345,29.229508196721312,1,0.05011475409836066,0.05400000000000027
vehicle_018_session_01108,vehicle_018,1108,test,117.34923492199391,26.8,328.9,330.0,331.4,333.2,-70.07213836065574,31.83606557377049,1,0.03044262295081969,0.03300000000000036
vehicle_018_session_01109,vehicle_018,1109,test,118.7921464814815,56.0,345.3,346.1,349.4,353.6,-70.09837049180328,35.0,0,0.04624590163934425,0.051000000000000156
vehicle_018_session_01110,vehicle_018,1110,test,120.13739890297909,61.6,349.7,350.7,353.9,358.2,-70.15246901639347,26.0,0,0.0437704918032787,0.04800000000000004
vehicle_018_session_01111,vehicle_018,1111,test,121.41211462041532,56.4,342.7,344.95,349.1,353.3,-69.83685105263157,29.92105263157895,1,0.048960526315789454,0.057000000000000384
vehicle_018_session_01112,vehicle_018,1112,test,120.00698029578191,43.6,334.1,335.4,338.5,342.8,-70.46447013157895,29.263157894736842,1,0.04278947368421049,0.05300000000000038
vehicle_018_session_01113,vehicle_018,1113,test,120.3857764935312,58.0,347.2,348.0,351.4,355.3,-69.74427672131148,29.442622950819672,1,0.04463934426229506,0.04899999999999993
vehicle_018_session_01114,vehicle_018,1114,test,115.8547142984331,31.6,332.2,332.4,333.8,335.8,-70.3393524590164,28.491803278688526,1,0.03252459016393444,0.03600000000000003
vehicle_018_session_01115,vehicle_018,1115,test,119.32560705203447,63.2,351.1,351.9,355.2,359.1,-70.3491855737705,32.01639344262295,1,0.043606557377049195,0.04600000000000026
vehicle_018_session_01116,vehicle_018,1116,test,118.44509841579861,18.0,327.2,328.2,329.7,331.1,-69.96885426229508,27.524590163934427,1,0.03150819672131148,0.038000000000000256
vehicle_018_session_01117,vehicle_018,1117,test,115.11986834094371,43.6,337.1,337.7,340.2,344.4,-69.93442803278688,31.16393442622951,2,0.042803278688524606,0.052000000000000046
vehicle_018_session_01118,vehicle_018,1118,test,120.59637676656924,73.2,359.9,360.7,363.9,368.3,-69.96557999999999,33.0,0,0.04229508196721314,0.043999999999999595
vehicle_018_session_01119,vehicle_018,1119,test,118.32578819444446,7.6,323.0,323.9,326.3,328.5,-69.98360803278689,29.0,0,0.037327868852459006,0.040000000000000036
vehicle_018_session_01120,vehicle_018,1120,test,117.85208533564814,35.2,333.3,333.6,335.0,337.4,-69.99344409836065,31.0327868852459,2,0.034327868852458976,0.038000000000000256
vehicle_018_session_01121,vehicle_018,1121,test,120.35043226495732,59.6,348.3,349.1,352.4,356.3,-69.97541278688524,33.80327868852459,1,0.04485245901639348,0.04800000000000004
vehicle_018_session_01122,vehicle_018,1122,test,119.09087084311423,48.8,338.9,339.7,343.3,348.0,-70.0245950819672,28.737704918032787,1,0.04859016393442625,0.05400000000000027
vehicle_018_session_01123,vehicle_018,1123,test,121.42579803921574,77.2,363.6,364.4,367.8,371.3,-69.50656032786887,31.0,0,0.042213114754098335,0.04499999999999993
vehicle_018_session_01124,vehicle_018,1124,test,119.1637755111883,62.8,350.8,351.6,354.9,358.8,-69.99836049180328,32.9344262295082,1,0.043967213114754176,0.04600000000000026
vehicle_018_session_01125,vehicle_018,1125,test,117.77410211489898,44.8,337.1,337.7,340.2,344.6,-69.99016688524591,30.229508196721312,2,0.043786885245901644,0.052000000000000046
vehicle_018_session_01126,vehicle_018,1126,test,121.05142141812858,71.6,358.5,359.3,362.4,366.8,-69.98524868852459,32.49180327868852,1,0.04236065573770496,0.04400000000000048
vehicle_018_session_01127,vehicle_018,1127,test,110.98765054869685,16.0,328.3,328.9,330.3,331.7,-69.99180245901638,18.147540983606557,2,0.03104918032786887,0.03799999999999981
vehicle_018_session_01128,vehicle_018,1128,test,111.42823541666668,48.8,340.5,341.3,344.7,348.9,-69.9606518032787,22.508196721311474,1,0.04865573770491806,0.052999999999999936
vehicle_018_session_01129,vehicle_018,1129,test,111.14280330165694,20.0,328.6,329.6,331.0,332.4,-70.14427213114753,22.37704918032787,1,0.029672131147541022,0.03100000000000014
vehicle_018_session_01130,vehicle_018,1130,test,111.03052511384338,42.8,337.2,337.7,340.2,344.3,-70.19673131147539,25.491803278688526,1,0.04283606557377048,0.051000000000000156
vehicle_018_session_01131,vehicle_018,1131,test,111.19348130341879,26.0,331.1,331.3,332.4,333.9,-70.1541080327869,25.42622950819672,1,0.02967213114754099,0.03200000000000003
vehicle_018_session_01132,vehicle_018,1132,test,115.15964835858588,57.2,345.7,346.6,349.9,353.9,-70.1606655737705,29.42622950819672,1,0.045901639344262266,0.050000000000000266
vehicle_018_session_01133,vehicle_018,1133,test,113.0838135669192,49.2,337.4,339.4,343.9,348.8,-69.85921434210526,23.776315789473685,1,0.050513157894736836,0.05600000000000005
vehicle_018_session_01134,vehicle_018,1134,test,111.98022018156426,22.4,328.5,329.65,331.1,332.7,-70.0263177631579,29.31578947368421,1,0.030157894736842137,0.03299999999999992
vehicle_018_session_01135,vehicle_018,1135,test,110.20779653897851,22.4,328.2,329.6,331.1,332.8,-70.24427704918033,27.360655737704917,2,0.03004918032786887,0.03200000000000003
vehicle_018_session_01136,vehicle_018,1136,test,111.12850018274858,47.6,339.3,339.9,343.2,347.5,-70.29346196721312,30.688524590163933,1,0.04765573770491805,0.052000000000000046
vehicle_018_session_01137,vehicle_018,1137,test,112.2957180284993,47.2,338.6,339.4,342.5,347.2,-69.96393081967211,27.901639344262296,2,0.04960655737704922,0.05500000000000016
vehicle_018_session_01138,vehicle_018,1138,test,108.62501627604169,25.6,330.3,330.8,332.2,334.1,-70.67050114754097,25.60655737704918,1,0.03219672131147542,0.03500000000000014
vehicle_018_session_01139,vehicle_018,1139,test,112.08379171006949,57.6,347.4,348.2,351.6,355.5,-70.73280016393441,29.62295081967213,1,0.04701639344262294,0.052000000000000046
vehicle_018_session_01140,vehicle_018,1140,test,114.18204246357011,69.6,356.4,357.4,360.7,364.9,-70.87377098360656,29.34426229508197,1,0.04485245901639342,0.04699999999999971
vehicle_018_session_01141,vehicle_018,1141,test,110.42686768790847,24.4,330.0,330.3,331.4,333.0,-70.37704672131147,26.39344262295082,1,0.029590163934426268,0.03100000000000014
vehicle_018_session_01142,vehicle_018,1142,test,114.26023776253388,58.4,346.4,347.2,350.7,354.7,-70.40982704918032,30.62295081967213,1,0.045459016393442596,0.05099999999999971
vehicle_018_session_01143,vehicle_018,1143,test,112.41838690476189,41.6,335.8,336.3,338.8,342.8,-70.06721950819673,27.081967213114755,2,0.042065573770491756,0.050000000000000266
vehicle_018_session_01144,vehicle_018,1144,test,118.13120895337299,72.8,359.4,360.2,363.6,367.8,-70.0082,29.885245901639344,1,0.04345901639344269,0.04500000000000037
vehicle_018_session_01145,vehicle_018,1145,test,113.7563979349415,48.8,339.9,340.7,344.1,348.3,-69.96065770491802,30.16393442622951,2,0.04945901639344264,0.05300000000000038
vehicle_018_session_01146,vehicle_018,1146,test,115.75317917687907,64.0,352.4,353.3,356.6,361.0,-74.03934819672132,28.262295081967213,1,0.04611475409836064,0.04900000000000038
vehicle_018_session_01147,vehicle_018,1147,test,113.83409466374268,23.2,328.0,328.5,329.4,330.5,-50.22624213114754,28.311475409836067,1,0.023901639344262336,0.025000000000000355
vehicle_018_session_01148,vehicle_018,1148,test,110.8773851066468,46.0,336.8,337.2,339.3,342.1,-50.24263721311476,31.0,0,0.03714754098360654,0.04400000000000004
vehicle_018_session_01149,vehicle_018,1149,test,115.59030780228763,68.4,354.3,354.7,357.1,359.9,-50.22788163934427,32.0,0,0.03627868852459017,0.038000000000000256
vehicle_018_session_01150,vehicle_018,1150,test,113.13235423344017,18.4,328.2,328.3,329.1,330.0,-49.54098770491803,32.0,0,0.02440983606557383,0.028000000000000025
vehicle_018_session_01151,vehicle_018,1151,test,110.32560934224323,39.2,334.4,334.7,336.0,338.0,-49.522953114754095,33.73770491803279,1,0.03075409836065572,0.03500000000000014
vehicle_018_session_01152,vehicle_018,1152,test,113.27672313034184,54.4,343.6,344.4,347.4,350.8,-57.55246524590165,31.098360655737704,1,0.04660655737704916,0.052000000000000046
vehicle_018_session_01153,vehicle_018,1153,test,114.00317184343436,61.6,350.8,351.6,355.2,359.4,-74.2623037704918,23.770491803278688,1,0.047131147540983645,0.051000000000000156
vehicle_018_session_01154,vehicle_018,1154,test,113.20835638888889,57.2,346.0,346.6,348.9,351.9,-49.70164950819673,27.0,0,0.04206557377049175,0.04700000000000015
vehicle_018_session_01155,vehicle_018,1155,test,114.84796372126438,61.2,348.9,349.7,351.9,354.9,-49.700010000000006,26.0,0,0.03972131147540987,0.04300000000000015
vehicle_018_session_01156,vehicle_018,1156,test,115.89253460837891,67.2,355.0,355.8,359.1,363.3,-70.0,27.0,0,0.04554098360655736,0.0470000000000006
vehicle_018_session_01157,vehicle_018,1157,test,115.19458542863988,54.4,341.8,342.5,345.5,348.8,-49.583614918032794,25.639344262295083,1,0.04785245901639344,0.052000000000000046
vehicle_018_session_01158,vehicle_018,1158,test,108.92566809640523,39.2,333.8,334.1,335.3,337.2,-47.311481803278696,30.0,0,0.029754098360655713,0.03400000000000025
vehicle_018_session_01159,vehicle_018,1159,test,113.94933159722225,14.0,325.3,325.8,327.2,328.3,-44.829519344262316,27.524590163934427,1,0.027786885245901623,0.03299999999999992
vehicle_018_session_01160,vehicle_018,1160,test,115.73213735021785,58.4,346.0,346.4,348.6,351.3,-44.89671229508196,32.0,0,0.0393934426229508,0.04400000000000004
vehicle_018_session_01161,vehicle_018,1161,test,117.13474819444446,68.0,354.3,354.7,356.8,359.4,-45.100010000000005,29.0,0,0.03581967213114756,0.037000000000000366
vehicle_018_session_01162,vehicle_018,1162,test,114.51891716922512,50.0,339.9,340.8,344.6,349.3,-70.0311506557377,23.78688524590164,1,0.05142622950819674,0.05500000000000016
vehicle_018_session_01163,vehicle_018,1163,test,112.85417430555555,30.4,332.2,332.5,333.8,335.8,-70.04098770491804,26.80327868852459,1,0.03337704918032789,0.03699999999999992
vehicle_018_session_01164,vehicle_018,1164,test,114.74355808531743,60.4,349.6,350.5,353.6,357.5,-70.03442967213115,30.0,0,0.04604918032786888,0.04999999999999982
vehicle_018_session_01165,vehicle_018,1165,test,113.03131559170477,53.6,343.8,344.7,348.6,352.8,-70.31313081967214,24.114754098360656,1,0.05255737704918032,0.058000000000000274
vehicle_018_session_01166,vehicle_018,1166,test,118.00271618441363,68.8,354.3,356.25,360.2,364.3,-67.50534053333334,19.85333333333333,1,0.04262666666666663,0.04500000000000037
vehicle_018_session_01167,vehicle_018,1167,test,114.61920374354006,11.2,324.2,325.8,328.5,330.0,-70.55132026315789,24.973684210526315,1,0.03630263157894737,0.041999999999999815
vehicle_018_session_01168,vehicle_018,1168,test,114.35813305362653,55.6,345.2,346.1,349.9,354.1,-70.53606918032789,28.360655737704917,1,0.050573770491803276,0.05900000000000016
vehicle_018_session_01169,vehicle_018,1169,test,114.12745769032922,52.4,341.1,341.8,344.3,347.2,-47.752465081967216,25.950819672131146,1,0.04500000000000003,0.04899999999999993
vehicle_018_session_01170,vehicle_018,1170,test,102.57798732943468,9.2,323.6,325.0,327.8,329.6,-70.1705018032787,24.885245901639344,1,0.037540983606557374,0.040999999999999925
vehicle_018_session_01171,vehicle_018,1171,test,113.04075685185188,32.4,332.2,332.5,333.8,335.7,-70.1672231147541,26.62295081967213,1,0.03290163934426231,0.03699999999999992
vehicle_018_session_01172,vehicle_018,1172,test,114.74002098554034,68.8,353.6,354.9,358.2,361.8,-60.12800679999999,30.0,0,0.041173333333333326,0.04300000000000015
vehicle_018_session_01173,vehicle_018,1173,test,116.12022939435339,35.2,332.5,332.8,334.1,336.1,-70.33771360655739,31.704918032786885,1,0.032786885245901655,0.03600000000000003
vehicle_018_session_01174,vehicle_018,1174,test,118.51597250761037,59.6,345.8,346.8,350.0,354.1,-70.36885180327869,34.68852459016394,1,0.04718032786885243,0.051000000000000156
vehicle_018_session_01175,vehicle_018,1175,test,111.99700106837611,31.6,332.2,332.5,333.9,336.1,-70.26722983606557,30.016393442622952,2,0.033295081967213126,0.03600000000000003
vehicle_018_session_01176,vehicle_018,1176,test,113.04827704678367,48.0,337.1,338.5,342.7,347.7,-70.29182245901639,26.114754098360656,2,0.050803278688524585,0.057000000000000384
vehicle_018_session_01177,vehicle_018,1177,test,118.54641387836698,70.8,357.8,358.6,361.9,366.1,-70.30329770491802,28.0,0,0.04485245901639343,0.04600000000000026
vehicle_018_session_01178,vehicle_018,1178,test,113.8803633756039,17.6,328.3,328.8,330.0,331.3,-70.25575327868853,29.983606557377048,1,0.0315409836065574,0.039000000000000146
vehicle_018_session_01179,vehicle_018,1179,test,114.1324429898649,45.6,337.8,338.5,341.1,345.5,-70.30002,33.32786885245902,1,0.04359016393442622,0.050000000000000266
vehicle_018_session_01180,vehicle_018,1180,test,118.8953467078189,75.6,361.0,361.8,365.2,369.6,-70.3409913114754,35.295081967213115,1,0.042229508196721374,0.04400000000000048
vehicle_018_session_01181,vehicle_018,1181,test,112.91717980072464,22.0,328.0,329.2,330.8,332.5,-70.55082475409836,28.78688524590164,1,0.030622950819672166,0.03200000000000003
vehicle_018_session_01182,vehicle_018,1182,test,113.93940629509379,50.0,340.8,341.6,345.2,349.4,-70.57377786885246,32.24590163934426,1,0.04903278688524593,0.05300000000000038
vehicle_018_session_01183,vehicle_018,1183,test,114.97795026276275,54.4,343.3,344.3,347.8,351.9,-70.00983721311475,36.295081967213115,1,0.0478688524590164,0.052999999999999936
vehicle_018_session_01184,vehicle_018,1184,test,111.45203514309763,22.8,330.2,330.3,331.4,332.8,-70.17050196721313,32.52459016393443,1,0.02963934426229513,0.03100000000000014
vehicle_018_session_01185,vehicle_018,1185,test,112.22978376610307,60.4,349.6,350.3,353.5,357.4,-70.12787721311476,36.885245901639344,1,0.04319672131147544,0.04600000000000026
vehicle_018_session_01186,vehicle_018,1186,test,111.74371256510416,22.0,328.0,329.1,330.7,332.2,-70.10656442622951,31.75409836065574,1,0.030442622950819734,0.03200000000000003
vehicle_018_session_01187,vehicle_018,1187,test,113.0095751689189,47.6,338.8,339.6,342.5,346.9,-70.03770852459016,34.67213114754098,1,0.04727868852459021,0.052999999999999936
vehicle_018_session_01188,vehicle_018,1188,test,112.92895753205129,39.2,334.4,334.9,336.9,340.0,-70.01639721311474,29.262295081967213,1,0.03724590163934423,0.04300000000000015
vehicle_018_session_01189,vehicle_018,1189,test,111.31252027777778,51.2,339.6,340.2,342.4,345.3,-44.04263098360657,32.0,0,0.041442622950819706,0.04500000000000037
vehicle_018_session_01190,vehicle_018,1190,test,114.4799926346081,35.2,331.7,332.7,334.79999999999995,337.5,-69.90788657894736,28.43421052631579,1,0.034223684210526295,0.039000000000000146
vehicle_018_session_01191,vehicle_018,1191,test,114.87816758385743,62.8,350.5,351.1,353.5,356.3,-50.100010000000005,34.0,0,0.03645901639344266,0.039000000000000146
vehicle_018_session_01192,vehicle_018,1192,test,113.70617096354168,46.0,337.1,337.7,340.8,345.3,-70.01475557377049,30.049180327868854,2,0.0458032786885246,0.05300000000000038
vehicle_018_session_01193,vehicle_018,1193,test,111.80761948529414,43.6,336.1,336.8,339.3,343.3,-69.73443967213115,34.377049180327866,1,0.04247540983606557,0.051000000000000156
vehicle_018_session_01194,vehicle_018,1194,test,117.03185005787037,70.8,356.9,357.7,361.0,365.2,-69.7541137704918,36.377049180327866,1,0.04295081967213116,0.04500000000000037
vehicle_018_session_01195,vehicle_018,1195,test,111.875,40.0,332.8,333.2,334.6,336.4,-45.0,32.950819672131146,1,0.027737704918032784,0.03100000000000014
vehicle_018_session_01196,vehicle_018,1196,test,114.00462962962966,60.0,347.1,347.7,349.7,352.4,-45.0,34.42622950819672,1,0.03819672131147537,0.041999999999999815
vehicle_018_session_01197,vehicle_018,1197,test,111.34675708333332,11.2,326.7,327.2,328.6,329.9,-69.94098229508197,35.032786885245905,1,0.03224590163934427,0.03699999999999992
vehicle_018_session_01198,vehicle_018,1198,test,115.36332638888892,41.2,335.5,335.8,337.8,341.0,-69.88196655737704,37.85245901639344,1,0.0371475409836065,0.04200000000000026
vehicle_018_session_01199,vehicle_018,1199,test,112.95979508288532,43.2,334.2,335.5,338.3,342.5,-69.99016295081968,37.49180327868852,1,0.04136065573770491,0.050000000000000266
vehicle_018_session_01200,vehicle_018,1200,test,116.37393456657084,68.0,354.7,355.5,358.6,362.8,-70.05902229508197,39.19672131147541,1,0.04311475409836061,0.04400000000000004
vehicle_018_session_01201,vehicle_018,1201,test,113.87555956196582,72.0,356.3,356.9,359.1,361.8,-45.100010000000005,32.0,0,0.03436065573770487,0.03600000000000003
vehicle_018_session_01202,vehicle_018,1202,test,116.3105521052632,50.8,339.3,339.9,341.9,344.9,-45.100010000000005,35.868852459016395,1,0.03975409836065576,0.04400000000000004
vehicle_018_session_01203,vehicle_018,1203,test,113.11952954793024,13.2,325.5,325.8,327.2,328.3,-44.899989999999995,30.0,0,0.027672131147540944,0.03200000000000003
vehicle_018_session_01204,vehicle_018,1204,test,112.08082061326289,42.8,331.9,333.70000000000005,335.5,337.7,-43.09078210526315,32.0,0,0.028960526315789492,0.03299999999999992
vehicle_018_session_01205,vehicle_018,1205,test,114.50238650497515,70.8,354.7,356.1,358.45,361.1,-43.27271948051948,33.0,0,0.03311688311688314,0.03599999999999959
vehicle_018_session_01206,vehicle_018,1206,test,114.31957429535467,21.2,327.8,328.70000000000005,330.0,331.4,-61.17237444736843,26.763157894736842,1,0.027789468421052618,0.03100000000000014
vehicle_018_session_01207,vehicle_018,1207,test,110.70692249821937,24.0,329.4,330.5,331.9,333.6,-70.3262373770492,22.983606557377048,2,0.030786885245901664,0.03300000000000036
vehicle_018_session_01208,vehicle_018,1208,test,114.96936232814257,55.2,345.7,346.8,350.0,354.1,-70.18689344262296,26.901639344262296,1,0.04734426229508195,0.052999999999999936
vehicle_018_session_01209,vehicle_018,1209,test,111.04256508190885,26.0,331.1,331.4,332.7,334.2,-70.10656573770491,24.688524590163933,1,0.03177049180327869,0.03400000000000025
vehicle_018_session_01210,vehicle_018,1210,test,113.95982703373018,57.2,347.4,348.2,351.4,355.3,-70.03934803278688,28.57377049180328,1,0.046245901639344264,0.051000000000000156
vehicle_018_session_01211,vehicle_018,1211,test,114.76317158996686,63.2,351.8,352.5,355.8,359.9,-69.93934868852459,28.852459016393443,1,0.044344262295082,0.04699999999999971
vehicle_018_session_01212,vehicle_018,1212,test,111.88070861872147,33.2,332.5,332.8,334.4,336.9,-70.01147655737705,23.311475409836067,2,0.03357377049180327,0.03799999999999981
vehicle_018_session_01213,vehicle_018,1213,test,111.29696302726339,36.4,332.2,333.2,335.3,338.5,-69.77706491803279,21.737704918032787,1,0.035639344262295064,0.040000000000000036
vehicle_018_session_01214,vehicle_018,1214,test,113.1572219202899,58.0,347.5,348.3,351.8,355.7,-69.82296393442623,24.475409836065573,1,0.04626229508196722,0.051000000000000156
vehicle_018_session_01215,vehicle_018,1215,test,114.57505783582089,50.4,339.4,341.0,346.0,350.8,-74.1590263934426,24.229508196721312,2,0.053344262295081914,0.05900000000000016
vehicle_018_session_01216,vehicle_018,1216,test,119.52986652777778,77.6,363.8,364.9,368.5,371.0,-70.5770644262295,26.40983606557377,1,0.044918032786885234,0.0470000000000006
vehicle_018_session_01217,vehicle_018,1217,test,115.89715086949595,57.600002,345.69998,347.29999,351.20000000000005,355.19998,-70.08816305263156,28.25,1,0.04727630263157894,0.05799980000000016
vehicle_018_session_01218,vehicle_018,1218,test,111.85538740061159,6.8,322.5,324.14999,327.0,329.1,-70.15263968421051,27.75,1,0.03761842368421052,0.04000020000000015
vehicle_018_session_01219,vehicle_018,1219,test,110.9185446802935,34.0,330.8,331.1,332.5,334.2,-49.80002000000002,30.0,0,0.026163934426229538,0.028999999999999915
vehicle_018_session_01220,vehicle_018,1220,test,114.67858055555551,42.4,336.3,336.8,338.9,342.8,-70.06394049180328,28.80327868852459,2,0.04091803278688524,0.04800000000000004
vehicle_018_session_01221,vehicle_018,1221,test,114.3652194622507,22.4,329.9,330.0,331.0,332.4,-69.80984409836066,33.0655737704918,1,0.02960655737704919,0.03100000000000014
vehicle_018_session_01222,vehicle_018,1222,test,115.21689990942029,53.6,343.0,343.9,347.4,351.4,-69.81312295081966,36.68852459016394,1,0.047393442622950775,0.051000000000000156
vehicle_018_session_01223,vehicle_018,1223,test,113.07293282585472,25.2,330.0,330.3,331.6,333.2,-69.82295770491803,34.60655737704918,1,0.030540983606557413,0.03300000000000036
vehicle_018_session_01224,vehicle_018,1224,test,115.53378805175038,56.8,345.5,346.4,349.85999999999996,353.6,-69.7409950819672,38.0,0,0.04726229508196721,0.052000000000000046
vehicle_018_session_01225,vehicle_018,1225,test,113.48056101851853,27.6,330.5,330.8,332.1,333.9,-70.08689098360657,31.59016393442623,1,0.031196721311475453,0.03400000000000025
vehicle_018_session_01226,vehicle_018,1226,test,115.2613107638889,57.6,346.8,347.5,350.8,354.7,-69.9868893442623,35.0,0,0.04590163934426227,0.051000000000000156
vehicle_018_session_01227,vehicle_018,1227,test,115.75827629697714,55.6,344.6,345.5,348.9,353.0,-69.99836295081967,35.0,0,0.049114754098360656,0.05400000000000027
vehicle_018_session_01228,vehicle_018,1228,test,115.80884764802646,51.600002,340.8,342.29999,346.5,351.0,-70.01842215789472,34.55263157894737,1,0.05019738552631578,0.05500019999999983
vehicle_018_session_01229,vehicle_018,1229,test,113.1038933464715,26.8,330.2,330.5,331.9,333.6,-70.10328606557377,33.22950819672131,1,0.030918032786885263,0.03300000000000036
vehicle_018_session_01230,vehicle_018,1230,test,118.16059143621865,55.600002,343.8,345.24999,349.3,353.5,-69.99605281578948,32.526315789473685,1,0.05025000394736843,0.05899999999999972
vehicle_018_session_01231,vehicle_018,1231,test,116.40065283662904,67.2,353.9,354.7,357.4,361.0,-59.944256721311476,35.885245901639344,1,0.03998360655737705,0.04100000000000037
vehicle_018_session_01232,vehicle_018,1232,test,119.29441530303029,75.6,359.1,359.6,361.4,363.8,-39.89835114754097,32.0,0,0.03239344262295078,0.03300000000000036
vehicle_018_session_01233,vehicle_018,1233,test,114.78334175925924,38.8,332.4,333.5,336.0,339.3,-70.77706573770492,32.98360655737705,2,0.03691803278688521,0.04300000000000015
vehicle_018_session_01234,vehicle_018,1234,test,119.66155703125001,69.2,355.7,356.4,359.7,363.9,-70.89507344262294,35.73770491803279,1,0.04349180327868849,0.04499999999999993
vehicle_018_session_01235,vehicle_018,1235,test,113.72226,52.0,340.2,340.7,343.5,346.3,-46.72624508196723,32.9344262295082,1,0.0442786885245902,0.04900000000000038
vehicle_018_session_01236,vehicle_018,1236,test,116.89795636792452,72.0,357.1,357.4,359.7,362.5,-47.58525819672133,34.0,0,0.03490163934426223,0.038000000000000256
vehicle_018_session_01237,vehicle_018,1237,test,113.13742348251029,30.0,331.7,332.1,333.3,335.3,-70.90818819672131,30.704918032786885,1,0.03221311475409836,0.0349999999999997
vehicle_018_session_01238,vehicle_018,1238,test,118.729902183845,62.8,350.8,351.8,354.9,358.9,-70.9918024590164,34.85245901639344,1,0.04391803278688529,0.04700000000000015
vehicle_018_session_01239,vehicle_018,1239,test,116.40120551010764,21.2,327.8,328.55,329.7,331.0,-59.928950789473696,35.973684210526315,1,0.027657894736842097,0.03200000000000003
vehicle_018_session_01240,vehicle_018,1240,test,117.18363672484163,6.4,320.2,322.45,324.95,327.2,-59.85921815789475,29.0,0,0.03422368421052629,0.03600000000000003
vehicle_018_session_01241,vehicle_018,1241,test,114.00714145531403,41.2,333.6,335.0,337.8,341.8,-69.9688493442623,27.934426229508198,2,0.04116393442622949,0.04899999999999993
vehicle_018_session_01242,vehicle_018,1242,test,117.6328253968254,68.8,356.6,357.4,360.7,364.7,-69.87705065573772,30.491803278688526,1,0.04470491803278686,0.04600000000000026
vehicle_018_session_01243,vehicle_018,1243,test,113.27138685897437,42.8,336.0,336.4,338.9,342.8,-70.23280032786886,29.21311475409836,2,0.042344262295081946,0.04900000000000038
vehicle_018_session_01244,vehicle_018,1244,test,117.06888645833334,68.8,355.8,356.6,359.9,363.9,-70.19017508196721,31.60655737704918,1,0.044032786885245916,0.04599999999999982
vehicle_018_session_01245,vehicle_018,1245,test,112.85690117026749,42.0,334.4,334.7,336.3,338.3,-45.23443967213115,32.049180327868854,1,0.03090163934426227,0.03599999999999959
vehicle_018_session_01246,vehicle_018,1246,test,114.97881864224141,23.6,328.6,329.6,331.0,332.5,-69.9262350819672,31.21311475409836,1,0.030672131147541033,0.03200000000000003
vehicle_018_session_01247,vehicle_018,1247,test,114.46537802706554,47.2,338.6,339.3,342.2,346.8,-69.89508852459016,33.83606557377049,1,0.047409836065573786,0.052999999999999936
vehicle_018_session_01248,vehicle_018,1248,test,114.89962720959596,24.4,330.2,330.5,331.7,333.3,-69.99836442622951,26.098360655737704,2,0.031081967213114774,0.03300000000000036
vehicle_018_session_01249,vehicle_018,1249,test,113.20449995431284,46.8,338.8,339.4,342.4,346.9,-69.99344475409838,28.950819672131146,2,0.04798360655737707,0.05300000000000038
vehicle_018_session_01250,vehicle_018,1250,test,117.87738345410631,51.6,338.2,339.9375,343.3,346.6,-45.04134333333334,21.96,1,0.046853333333333386,0.051000000000000156
vehicle_018_session_01251,vehicle_018,1251,test,116.80620094696975,59.6,348.2,348.9,351.6,354.7,-57.301646065573784,28.934426229508198,1,0.04201639344262296,0.04600000000000026
vehicle_018_session_01252,vehicle_018,1252,test,113.2634839248971,30.8,332.1,332.4,333.8,335.8,-70.2623113114754,28.83606557377049,2,0.03298360655737708,0.03600000000000003
vehicle_018_session_01253,vehicle_018,1253,test,116.81192713223795,63.2,351.8,352.5,355.7,359.7,-70.30820770491805,32.39344262295082,1,0.04473770491803282,0.04700000000000015
vehicle_018_session_01254,vehicle_018,1254,test,115.52170857796719,38.8,332.5,333.70000000000005,336.3,339.6,-69.85526763157895,27.80263157894737,1,0.03778947368421049,0.04400000000000004
vehicle_018_session_01255,vehicle_018,1255,test,114.79712756583696,18.4,327.1,328.25,329.9,331.3,-70.04667013333334,29.0,0,0.03299999999999998,0.040000000000000036
vehicle_018_session_01256,vehicle_018,1256,test,115.24509308862437,25.6,328.8,329.9,331.4,333.2,-69.83290118421051,28.86842105263158,1,0.030565789473684223,0.03200000000000003
vehicle_018_session_01257,vehicle_018,1257,test,113.40868208568739,7.2,323.9,324.4,326.1,327.8,-59.10656737704919,31.0,0,0.03236065573770488,0.0349999999999997
vehicle_018_session_01258,vehicle_018,1258,test,116.11004568142364,31.2,331.6,331.7,332.8,334.2,-59.10984606557378,32.278688524590166,1,0.027377049180327913,0.029999999999999805
vehicle_018_session_01259,vehicle_018,1259,test,118.30329529436155,57.2,345.2,345.8,348.8,352.2,-59.11968213114754,35.0,0,0.04360655737704918,0.04800000000000004
vehicle_018_session_01260,vehicle_018,1260,test,113.36601045800266,36.4,333.5,333.8,335.3,338.2,-70.31968622950819,33.442622950819676,1,0.03591803278688522,0.040999999999999925
vehicle_018_session_01261,vehicle_018,1261,test,118.16475716845878,70.0,356.4,357.2,360.5,364.7,-70.35246327868852,36.42622950819672,1,0.044295081967213094,0.045999999999999375
vehicle_018_session_01262,vehicle_018,1262,test,113.03456532921808,34.0,332.1,332.4,334.1,336.4,-70.17869901639344,35.31147540983606,1,0.03381967213114757,0.038000000000000256
vehicle_018_session_01263,vehicle_018,1263,test,117.32444794921877,66.4,353.5,354.3,357.4,361.4,-70.09017032786886,38.0,0,0.04327868852459016,0.04500000000000037
vehicle_018_session_01264,vehicle_018,1264,test,115.23020273919754,40.0,332.4,333.5,335.7,338.3,-59.931150163934426,35.40983606557377,1,0.03398360655737703,0.039000000000000146
vehicle_018_session_01265,vehicle_018,1265,test,116.0083470138889,62.0,349.4,350.0,352.7,355.8,-56.803285901639356,37.0,0,0.04081967213114756,0.04499999999999993
vehicle_018_session_01266,vehicle_018,1266,test,116.301300787728,63.6,351.1,351.9,355.2,359.3,-69.98360491803278,35.0,0,0.0451475409836066,0.04800000000000004
vehicle_018_session_01267,vehicle_018,1267,test,112.80998319243155,34.0,332.8,333.2,334.7,337.1,-70.5,38.114754098360656,2,0.034114754098360636,0.038000000000000256
vehicle_018_session_01268,vehicle_018,1268,test,115.39930530753968,61.6,349.9,350.7,353.9,357.8,-70.49672098360655,41.0,0,0.044377049180327886,0.04700000000000015
vehicle_018_session_01269,vehicle_018,1269,test,117.15648460891988,37.600002,332.1,332.9,335.19998,338.19998,-70.03947605263158,35.81578947368421,1,0.03648684210526313,0.0419997999999997
vehicle_018_session_01270,vehicle_018,1270,test,113.02532760642137,33.2,332.5,332.8,334.4,336.6,-70.40982704918032,32.91803278688525,2,0.03373770491803279,0.038000000000000256
vehicle_018_session_01271,vehicle_018,1271,test,117.46781769705605,50.0,336.6,338.0,341.1,344.6,-45.31579610526317,25.0,0,0.04305262105263158,0.04900010000000021
vehicle_018_session_01272,vehicle_018,1272,test,115.40240581597224,37.2,331.9,333.3,335.5,338.6,-70.49836049180328,26.57377049180328,1,0.03688524590163932,0.041999999999999815
vehicle_018_session_01273,vehicle_018,1273,test,116.87049508477634,60.0,349.1,349.9,353.2,357.2,-70.50327901639345,29.098360655737704,1,0.04632786885245904,0.050000000000000266
vehicle_018_session_01274,vehicle_018,1274,test,115.07967815563727,63.2,351.6,352.2,355.5,359.4,-69.70328901639343,27.229508196721312,1,0.04381967213114756,0.04600000000000026
vehicle_018_session_01275,vehicle_018,1275,test,115.84739439907874,18.0,326.9,328.3,329.9,331.4,-70.63685289473685,27.81578947368421,1,0.032526315789473695,0.039000000000000146
vehicle_018_session_01276,vehicle_018,1276,test,115.28507643956459,18.8,327.1,328.3,329.9,331.3,-70.32134066666667,31.973333333333333,2,0.03321333333333335,0.040000000000000036
vehicle_018_session_01277,vehicle_018,1277,test,117.01493108322401,43.2,334.1,335.4,338.4,342.7,-70.0328977631579,33.69736842105263,1,0.04339473684210526,0.052999999999999936
vehicle_018_session_01278,vehicle_018,1278,test,114.71556276860588,26.8,328.9,330.2,331.7,333.5,-70.00263302631579,33.26315789473684,1,0.03072368421052635,0.03300000000000036
vehicle_018_session_01279,vehicle_018,1279,test,113.09995345464131,36.8,333.3,333.8,335.7,338.8,-73.95737983606557,36.42622950819672,1,0.038803278688524546,0.04499999999999993
vehicle_018_session_01280,vehicle_018,1280,test,110.3964531349206,56.4,343.3,345.25,347.75,350.5,-44.76579894736842,38.0,0,0.04134210526315791,0.04600000000000026
vehicle_018_session_01281,vehicle_018,1281,test,115.97168477564098,60.4,348.0,349.3,352.8,356.9,-70.89180098360654,37.49180327868852,1,0.04650819672131145,0.052000000000000046
vehicle_018_session_01282,vehicle_018,1282,test,114.29304377931096,24.8,328.3,329.2,330.5,332.1,-59.976316578947355,33.63157894736842,1,0.027236842105263198,0.02900000000000036
vehicle_018_session_01283,vehicle_018,1283,test,115.26299884259262,17.2,327.2,327.5,328.3,329.1,-46.00327901639343,34.0,0,0.024098360655737724,0.028000000000000025
vehicle_018_session_01284,vehicle_018,1284,test,116.84094688786014,70.0,355.3,355.8,358.0,360.7,-45.100010000000005,37.0,0,0.035901639344262284,0.037000000000000366
vehicle_018_session_01285,vehicle_018,1285,test,116.51726465179968,56.8,343.3,344.7,347.5,350.3,-44.81149262295084,32.0,0,0.043819672131147534,0.050000000000000266
vehicle_018_session_01286,vehicle_018,1286,test,113.34821701388893,24.8,330.5,330.8,331.7,333.3,-69.98197016393443,29.950819672131146,2,0.030459016393442652,0.03200000000000003
vehicle_018_session_01287,vehicle_018,1287,test,117.50905827294685,58.4,346.9,347.8,351.1,355.0,-69.88852459016394,34.0,0,0.04654098360655735,0.05099999999999971
vehicle_018_session_01288,vehicle_018,1288,test,115.625,66.8,353.0,353.6,355.7,358.2,-45.0,34.24590163934426,1,0.03631147540983609,0.038000000000000256
vehicle_018_session_01289,vehicle_018,1289,test,116.73609103764092,42.4,332.4,335.1,338.1,342.2,-69.55526355263157,28.355263157894736,1,0.04210526315789473,0.051000000000000156
vehicle_018_session_01290,vehicle_018,1290,test,115.99885345568785,30.4,329.6,330.59999,332.19998,333.9,-60.80263781578948,26.894736842105264,1,0.029684211842105304,0.03200010000000031
vehicle_018_session_01291,vehicle_018,1291,test,115.99761082826157,26.4,329.1,330.3,331.9,333.6,-70.03867066666668,23.506666666666668,1,0.030973333333333374,0.03300000000000036
vehicle_018_session_01292,vehicle_018,1292,test,115.35164123041311,13.6,324.9,326.20000000000005,328.6,330.2,-70.00394815789473,29.157894736842106,1,0.03631578947368419,0.04300000000000015
vehicle_018_session_01293,vehicle_018,1293,test,116.1189634856631,54.0,343.5,344.1,347.1,350.5,-57.70656278688524,38.31147540983606,1,0.046081967213114694,0.05099999999999971
vehicle_018_session_01294,vehicle_018,1294,test,114.52083521825395,19.2,327.7,328.5,329.9,331.3,-69.96393475409836,34.704918032786885,1,0.03280327868852459,0.040000000000000036
vehicle_018_session_01295,vehicle_018,1295,test,114.13585368923616,47.6,338.6,339.3,342.2,346.8,-69.95901819672132,37.73770491803279,1,0.0479016393442623,0.05400000000000027
vehicle_018_session_01296,vehicle_018,1296,test,117.21670652173908,62.8,351.3,352.1,355.2,359.3,-69.73771868852458,38.0,0,0.045950819672131174,0.04800000000000004
vehicle_018_session_01297,vehicle_018,1297,test,115.80837575954862,46.4,336.1,337.4,340.5,345.0,-68.26393262295082,37.377049180327866,1,0.04609836065573771,0.05400000000000027
vehicle_018_session_01298,vehicle_018,1298,test,117.79838335687387,72.0,358.2,359.1,362.4,366.6,-69.85738114754099,39.0,0,0.04426229508196724,0.04600000000000026
vehicle_018_session_01299,vehicle_018,1299,test,113.81674421296294,30.8,330.2,330.3,331.1,332.4,-45.55902098360656,37.0,0,0.023508196721311537,0.025000000000000355
vehicle_018_session_01300,vehicle_018,1300,test,116.19337797333974,56.0,343.3,345.2,348.70000000000005,352.4,-60.09869144736842,34.0,0,0.04800000000000001,0.05699999999999994
vehicle_018_session_01301,vehicle_018,1301,test,114.17144101562499,19.6,328.9,329.1,330.2,331.4,-69.95737672131148,28.78688524590164,1,0.029852459016393447,0.03300000000000036
vehicle_018_session_01302,vehicle_018,1302,test,117.55032588566829,51.6,340.3,341.1,344.4,348.8,-69.93934540983606,32.721311475409834,1,0.04814754098360659,0.052999999999999936
vehicle_018_session_01303,vehicle_018,1303,test,117.39704034722222,43.6,332.5,333.0,334.1,335.5,-25.20132592105263,30.31578947368421,1,0.023618421052631608,0.026000000000000245
vehicle_018_session_01304,vehicle_018,1304,test,116.11896415770612,64.0,351.8,352.4,354.9,358.2,-56.795088032786886,35.50819672131148,1,0.04003278688524594,0.042999999999999705
vehicle_018_session_01305,vehicle_018,1305,test,112.00581896879758,25.2,328.9,330.0,331.6,333.3,-69.65738704918031,32.34426229508197,1,0.031065573770491853,0.03299999999999992
vehicle_018_session_01306,vehicle_018,1306,test,112.67885949391174,54.4,344.3,345.2,348.6,352.7,-69.64263295081969,35.60655737704918,1,0.050163934426229496,0.05400000000000027
vehicle_018_session_01307,vehicle_018,1307,test,115.66024372927032,64.0,352.7,353.5,356.8,360.8,-70.03442901639343,36.98360655737705,1,0.04431147540983609,0.04700000000000015
vehicle_018_session_01308,vehicle_018,1308,test,115.6633040832727,6.0,322.1,323.25,325.9,328.3,-69.21711723684209,35.0,0,0.036460526315789436,0.0389999999999997
vehicle_018_session_01309,vehicle_018,1309,test,114.66932810782967,20.0,327.4,328.6,330.2375,331.7,-70.70134519999999,34.64,1,0.030413333333333334,0.03500000000000014
vehicle_018_session_01310,vehicle_018,1310,test,113.8407545770202,23.6,330.3,330.7,331.6,333.3,-73.99836245901639,34.65573770491803,1,0.03093442622950822,0.03300000000000036
vehicle_018_session_01311,vehicle_018,1311,test,114.99594642857143,58.8,348.0,348.9,352.4,356.4,-73.96885360655737,38.9344262295082,1,0.04352459016393443,0.04800000000000004
vehicle_018_session_01312,vehicle_018,1312,test,112.76391493055557,44.8,335.8,335.5,337.5,339.7,-42.88853459016394,40.08196721311475,1,0.029163934426229433,0.03400000000000025
vehicle_018_session_01313,vehicle_018,1313,test,118.05555909645913,61.2,347.4,349.0,352.2,355.7,-59.99079144736842,33.0,0,0.039013157894736854,0.04400000000000004
vehicle_018_session_01314,vehicle_018,1314,test,114.15485139225999,37.2,331.6,332.6,334.6,337.1,-59.78948486842105,37.38157894736842,1,0.030592105263157886,0.03399999999999981
vehicle_018_session_01315,vehicle_018,1315,test,113.43490218815514,40.8,333.9,334.1,335.3,337.1,-45.07541737704919,37.0,0,0.026639344262295053,0.029999999999999805
vehicle_018_session_01316,vehicle_018,1316,test,113.70260596955129,17.6,326.4,326.9,328.0,328.9,-46.05902196721311,36.0,0,0.026786885245901615,0.03400000000000025
vehicle_018_session_01317,vehicle_018,1317,test,115.05253266630116,23.2,329.6,329.7,330.8,332.1,-69.95245426229508,37.0,0,0.029524590163934435,0.03200000000000003
vehicle_018_session_01318,vehicle_018,1318,test,118.52313935185184,54.0,341.3,342.1,345.5,349.7,-69.94261721311474,40.032786885245905,1,0.045737704918032786,0.04900000000000038
vehicle_018_session_01319,vehicle_018,1319,test,113.34831059368187,60.8,347.2,348.2,350.5,353.2,-44.993441967213116,38.0,0,0.035639344262295064,0.040000000000000036
vehicle_018_session_01320,vehicle_018,1320,test,115.22518459595958,40.8,331.3,333.4,335.1,337.2,-44.56842131578948,33.25,1,0.027289473684210537,0.03200000000000003
vehicle_018_session_01321,vehicle_018,1321,test,114.03523720238097,10.8,323.6,324.4,326.7,328.6,-60.18689524590164,38.0,0,0.032770491803278665,0.03500000000000014
vehicle_018_session_01322,vehicle_018,1322,test,112.73370480599648,38.8,334.2,334.6,336.1,338.5,-60.173780491803285,40.0,0,0.03118032786885244,0.0349999999999997
vehicle_018_session_01323,vehicle_018,1323,test,116.11553957231038,64.0,351.4,352.1,354.9,358.2,-60.18525590163935,42.0,0,0.03737704918032793,0.039000000000000146
vehicle_018_session_01324,vehicle_018,1324,test,112.46260630341881,26.8,330.7,330.8,331.7,333.3,-60.49344196721311,38.295081967213115,1,0.027196721311475422,0.028999999999999915
vehicle_018_session_01325,vehicle_018,1325,test,114.1811828358209,52.8,342.5,343.5,346.4,350.2,-60.50327901639345,41.0,0,0.04414754098360656,0.04700000000000015
vehicle_018_session_01326,vehicle_018,1326,test,113.38058960262349,15.6,327.7,328.2,329.2,330.5,-69.98524442622951,39.0,0,0.03111475409836067,0.03600000000000003
vehicle_018_session_01327,vehicle_018,1327,test,114.51437802579363,44.4,336.8,337.2,339.6,343.3,-69.95245426229508,41.459016393442624,1,0.03880327868852459,0.04600000000000026
vehicle_018_session_01328,vehicle_018,1328,test,120.68977029914531,72.4,357.8,358.6,361.9,366.1,-70.0,43.81967213114754,1,0.04078688524590166,0.04299999999999926
vehicle_018_session_01329,vehicle_018,1329,test,114.51286131840799,35.6,331.6,332.4,334.4,337.1,-69.96721704918033,36.967213114754095,1,0.03345901639344262,0.03799999999999981
vehicle_018_session_01330,vehicle_018,1330,test,116.88590522875822,76.4,360.2,362.8,366.3,370.7,-69.2557431147541,40.0,0,0.04113114754098355,0.04300000000000015
vehicle_018_session_01331,vehicle_018,1331,test,113.9242507861635,46.0,336.6,337.1,337.7,341.3,-48.51638606557376,34.0,0,0.033868852459016385,0.040000000000000036
vehicle_018_session_01332,vehicle_018,1332,test,114.80199579843668,10.0,322.8,324.15,327.0,329.1,-69.79869578947368,34.276315789473685,1,0.03502631578947368,0.03799999999999981
vehicle_018_session_01333,vehicle_018,1333,test,114.79344832862527,24.8,328.9,329.7,331.1,332.8,-70.64591147540982,37.131147540983605,1,0.0302786885245902,0.03200000000000003
vehicle_018_session_01334,vehicle_018,1334,test,114.31350823412699,48.8,339.3,339.9,343.2,347.7,-70.68689524590165,39.63934426229508,1,0.04619672131147541,0.05099999999999971
vehicle_018_session_01335,vehicle_018,1335,test,114.56109179131057,28.4,331.3,331.6,332.8,334.6,-70.70000999999998,39.868852459016395,2,0.03070491803278691,0.03299999999999992
vehicle_018_session_01336,vehicle_018,1336,test,117.304185,60.0,348.3,349.3,352.5,356.4,-70.70164950819671,43.0,0,0.04255737704918033,0.04599999999999982
vehicle_018_session_01337,vehicle_018,1337,test,111.50882175925928,31.6,331.9,332.1,333.3,335.0,-60.899990655737696,34.32786885245902,1,0.02818032786885249,0.030999999999999694
vehicle_018_session_01338,vehicle_018,1338,test,114.83690561868686,58.0,346.8,347.4,350.3,353.9,-60.90654803278688,37.16393442622951,1,0.0408524590163934,0.04499999999999993
vehicle_018_session_01339,vehicle_018,1339,test,113.86156628787882,28.8,331.0,331.1,332.2,333.6,-59.8000186885246,40.459016393442624,1,0.027081967213114778,0.028999999999999915
vehicle_018_session_01340,vehicle_018,1340,test,113.85840982744116,55.2,344.1,344.9,347.7,351.4,-59.77050885245903,43.16393442622951,1,0.043360655737704916,0.04700000000000015
vehicle_018_session_01341,vehicle_018,1341,test,115.37296141975308,63.6,351.6,352.2,355.2,358.6,-60.62132147540984,42.0,0,0.03906557377049185,0.04200000000000026
vehicle_018_session_01342,vehicle_018,1342,test,114.68006967241865,45.2,335.2,336.75,340.2,344.7,-70.02667066666667,38.13333333333333,2,0.043359999999999996,0.052000000000000046
vehicle_018_session_01343,vehicle_018,1343,test,113.74567031250002,20.4,329.1,329.4,330.5,331.7,-70.08033377049179,37.131147540983605,1,0.030311475409836097,0.03400000000000025
vehicle_018_session_01344,vehicle_018,1344,test,114.81158453703705,52.8,341.4,342.2,345.8,350.0,-70.06558032786887,40.721311475409834,1,0.04681967213114756,0.050000000000000266
vehicle_018_session_01345,vehicle_018,1345,test,112.89537916666667,28.4,331.0,331.1,332.5,334.4,-70.10492540983607,40.31147540983606,1,0.03050819672131151,0.03200000000000003
vehicle_018_session_01346,vehicle_018,1346,test,113.37484045815299,23.6,330.0,330.3,331.3,332.8,-70.2459162295082,38.68852459016394,1,0.029524590163934435,0.03100000000000014
vehicle_018_session_01347,vehicle_018,1347,test,115.3071131403319,54.4,343.6,344.6,348.0,352.1,-70.22460262295081,42.34426229508197,1,0.04547540983606558,0.04900000000000038
vehicle_018_session_01348,vehicle_018,1348,test,113.17053429783948,42.4,336.3,336.8,339.3,343.2,-74.09836786885248,37.32786885245902,1,0.04136065573770489,0.04899999999999993
vehicle_018_session_01349,vehicle_018,1349,test,113.42433927819869,45.2,336.4,336.9,339.1,342.7,-59.86885180327869,38.459016393442624,1,0.037852459016393385,0.04499999999999993
vehicle_018_session_01350,vehicle_018,1350,test,119.0854399801587,72.0,357.4,358.0,360.8,364.4,-59.95245426229507,40.0,0,0.03796721311475406,0.040000000000000036
vehicle_018_session_01351,vehicle_018,1351,test,114.00531392973856,42.4,334.4,334.9,336.9,339.9,-60.03442967213115,38.0,0,0.034639344262295035,0.040999999999999925
vehicle_018_session_01352,vehicle_018,1352,test,117.07061186342592,69.6,355.5,356.1,358.9,362.5,-60.01639508196722,39.01639344262295,1,0.03844262295081963,0.040000000000000036
vehicle_018_session_01353,vehicle_018,1353,test,113.92567633442272,45.2,336.8,337.2,339.1,342.1,-50.100010000000005,37.59016393442623,1,0.035065573770491736,0.041999999999999815
vehicle_018_session_01354,vehicle_018,1354,test,113.79695002777777,21.6,328.0,329.1,330.52,332.1,-69.90819803278687,33.78688524590164,1,0.03009836065573774,0.03300000000000036
vehicle_018_session_01355,vehicle_018,1355,test,113.27652550505056,51.6,341.4,342.2,345.8,350.2,-69.81476049180328,37.50819672131148,1,0.047032786885245884,0.051000000000000156
vehicle_018_session_01356,vehicle_018,1356,test,118.43882560272537,73.6,359.3,360.2,363.6,367.8,-69.81312344262295,39.0,0,0.041196721311475455,0.04300000000000015
vehicle_018_session_01357,vehicle_018,1357,test,114.66669208333333,59.2,347.1,347.7,349.9,352.5,-45.100010000000005,34.0655737704918,1,0.03647540983606553,0.040000000000000036
vehicle_018_session_01358,vehicle_018,1358,test,117.19972439102565,45.6,333.6,334.1,335.4,336.8,-26.102641578947374,35.0,0,0.024302631578947364,0.028000000000000025
vehicle_018_session_01359,vehicle_018,1359,test,114.11383607253086,52.0,337.4,338.2,340.2,342.5,-29.08158578947369,36.0,0,0.03618421052631579,0.040000000000000036
vehicle_018_session_01360,vehicle_018,1360,test,115.5220222832723,24.8,327.4,327.75,328.4,328.9,-26.100010000000005,34.0,0,0.015333333333333355,0.017000000000000348
vehicle_018_session_01361,vehicle_018,1361,test,115.59003938828872,31.6,328.6,329.2,330.0,331.0,-29.20267386666667,40.0,0,0.01774666666666666,0.019000000000000128
vehicle_018_session_01362,vehicle_018,1362,test,112.14080693247126,31.2,330.7,331.6,333.3,335.5,-70.32295393442624,29.524590163934427,1,0.0317377049180328,0.0349999999999997
vehicle_018_session_01363,vehicle_018,1363,test,114.89004892272082,54.4,343.9,344.9,348.5,352.7,-70.5,32.42622950819672,1,0.04747540983606558,0.052000000000000046
vehicle_018_session_01364,vehicle_018,1364,test,113.30889778951486,37.6,333.3,333.6,335.0,337.4,-60.326241639344275,35.50819672131148,1,0.03155737704918034,0.03500000000000014
vehicle_018_session_01365,vehicle_018,1365,test,116.29647927350427,66.4,352.7,353.3,356.1,359.4,-60.355741639344274,38.0,0,0.03909836065573773,0.040000000000000036
vehicle_018_session_01366,vehicle_018,1366,test,115.7182223173516,52.4,341.3,342.1,345.8,350.2,-69.939338852459,32.131147540983605,2,0.04913114754098361,0.052999999999999936
vehicle_018_session_01367,vehicle_018,1367,test,114.42454997376542,24.4,328.5,328.9,330.3,331.69998,-61.20922031578946,32.73684210526316,1,0.027315784210526342,0.030999800000000022
vehicle_018_session_01368,vehicle_018,1368,test,115.60204797008548,59.2,345.8,346.8,349.7,353.3,-60.08197540983607,35.0655737704918,1,0.04345901639344259,0.050000000000000266
vehicle_018_session_01369,vehicle_018,1369,test,113.15047555604119,17.2,325.5,326.6,328.5,329.7,-59.89605434210526,34.93421052631579,1,0.03349999999999999,0.040999999999999925
vehicle_018_session_01370,vehicle_018,1370,test,116.20497814583337,37.6,331.4,332.6,334.7,337.4,-69.98684171052632,36.9078947368421,1,0.03453947368421054,0.039000000000000146
vehicle_018_session_01371,vehicle_018,1371,test,117.39956642246645,61.2,346.8,348.24999,352.0,356.1,-69.93420657894738,37.05263157894737,1,0.04530262894736839,0.05100009999999999
vehicle_018_session_01372,vehicle_018,1372,test,113.54651024085797,41.6,334.1,334.7,336.8,339.9,-69.83279131147542,37.34426229508197,1,0.037377049180327845,0.04300000000000015
vehicle_018_session_01373,vehicle_018,1373,test,113.36090716911764,40.8,334.1,334.4,336.0,338.3,-60.0,35.377049180327866,1,0.0323770491803278,0.03600000000000003
vehicle_018_session_01374,vehicle_018,1374,test,117.32368088107643,68.4,353.3,353.9,356.8,360.0,-60.01639508196722,38.0,0,0.03829508196721311,0.040000000000000036
vehicle_018_session_01375,vehicle_018,1375,test,115.40424803067998,61.2,347.1,347.7,350.8,354.3,-60.17541983606558,38.0,0,0.041409836065573746,0.04600000000000026
vehicle_018_session_01376,vehicle_018,1376,test,117.05349535283393,58.0,343.9,345.9,349.79999999999995,353.9,-70.00658407894737,37.94736842105263,1,0.04806578947368421,0.05699999999999994
vehicle_018_session_01377,vehicle_018,1377,test,114.43722058256172,54.4,342.1,343.0,346.6,350.8,-69.79508967213116,40.114754098360656,1,0.04819672131147543,0.052000000000000046
vehicle_018_session_01378,vehicle_018,1378,test,113.51590975849919,25.2,328.2,329.29999999999995,330.75,332.4,-69.98552749999999,37.223684210526315,1,0.03015789473684216,0.03200000000000003
vehicle_018_session_01379,vehicle_018,1379,test,114.39552298763178,29.6,328.9,330.2,331.7,333.5,-69.78685302631578,35.51315789473684,1,0.030355263157894746,0.03200000000000003
vehicle_018_session_01380,vehicle_018,1380,test,114.61510861697965,22.4,327.7,328.2,329.4,330.5,-60.37704672131147,39.0,0,0.029672131147541005,0.037000000000000366
vehicle_018_session_01381,vehicle_018,1381,test,112.70054244402984,50.8,338.6,339.1,341.6,345.5,-60.40490852459016,41.57377049180328,1,0.04200000000000006,0.04800000000000004
vehicle_018_session_01382,vehicle_018,1382,test,120.01874708333332,77.6,359.7,360.5,363.3,366.9,-60.44425672131148,43.0,0,0.03872131147540982,0.04099999999999948
vehicle_018_session_01383,vehicle_018,1383,test,114.59678382616488,44.0,333.6,334.9,337.5,341.6,-70.52623213114754,34.98360655737705,2,0.03993442622950815,0.04700000000000015
vehicle_018_session_01384,vehicle_018,1384,test,117.55610811965812,69.2,354.3,355.0,358.3,362.5,-70.60820672131148,37.0,0,0.04355737704918032,0.04500000000000037
vehicle_018_session_01385,vehicle_018,1385,test,115.97679083229684,61.6,347.4,348.0,351.1,354.6,-60.18033081967213,32.131147540983605,1,0.042524590163934416,0.04800000000000004
vehicle_018_session_01386,vehicle_018,1386,test,113.42039683219178,40.0,333.6,334.1,335.8,338.3,-69.72624213114754,35.32786885245902,1,0.03468852459016389,0.039000000000000146
vehicle_018_session_01387,vehicle_018,1387,test,112.49391221978559,31.2,330.2,331.1,332.4,334.2,-69.9852480327869,37.0,2,0.030885245901639366,0.03400000000000025
vehicle_018_session_01388,vehicle_018,1388,test,114.57037935185187,54.0,340.7,341.3,344.9,349.3,-69.92459426229509,39.57377049180328,1,0.047098360655737734,0.051000000000000156
vehicle_018_session_01389,vehicle_018,1389,test,114.18613131944444,34.4,330.7,331.0,332.1,333.8,-60.46394672131149,35.26229508196721,1,0.028442622950819684,0.03100000000000014
vehicle_018_session_01390,vehicle_018,1390,test,113.46876715277779,54.8,339.9,340.5,343.5,347.4,-60.53443606557378,37.52459016393443,1,0.045672131147541,0.050000000000000266
vehicle_018_session_01391,vehicle_018,1391,test,115.46497938016141,38.4,330.7,331.4,333.2,335.0,-59.989334666666664,37.29333333333334,1,0.029786666666666718,0.03300000000000036
vehicle_018_session_01392,vehicle_018,1392,test,114.24514056069954,38.0,332.1,332.4,333.8,336.1,-69.74919524590163,39.85245901639344,1,0.03275409836065572,0.03600000000000003
vehicle_018_session_01393,vehicle_018,1393,test,113.45883299866132,35.6,331.4,331.7,333.0,334.9,-71.37049065573771,39.377049180327866,1,0.032344262295082006,0.03500000000000014
vehicle_018_session_01394,vehicle_018,1394,test,111.27372981837605,46.4,335.0,335.3,337.1,339.7,-59.36558098360656,38.721311475409834,1,0.03318032786885242,0.03699999999999992
vehicle_018_session_01395,vehicle_018,1395,test,113.89957037927347,58.4,341.3,341.9,345.2,349.1,-60.48524442622951,40.77049180327869,1,0.046918032786885236,0.050000000000000266
vehicle_018_session_01396,vehicle_018,1396,test,114.0932239583333,42.4,333.6,333.9,335.7,338.3,-70.02951311475408,39.704918032786885,1,0.03537704918032783,0.039000000000000146
vehicle_018_session_01397,vehicle_018,1397,test,112.90669749477298,30.0,328.5,329.2,330.5,331.9,-59.9506644,40.42666666666667,1,0.02705333333333335,0.028000000000000025
vehicle_018_session_01398,vehicle_018,1398,test,114.2068631372549,18.4,323.9,324.9,327.29999999999995,328.9,-59.9946672,37.0,0,0.03426666666666664,0.038000000000000256
vehicle_018_session_01399,vehicle_018,1399,test,114.08091492442813,14.4,322.2,323.25,325.7,328.0,-59.839478157894725,37.94736842105263,1,0.03359210526315785,0.03600000000000003
vehicle_018_session_01400,vehicle_018,1400,test,115.70886761629853,63.2,344.4,346.05,350.1,354.3,-70.9210447368421,42.0,0,0.0481842105263158,0.05799999999999983
vehicle_018_session_01401,vehicle_018,1401,test,113.8182448830409,28.4,328.8,329.1,330.2,331.6,-60.69181327868853,39.0,0,0.02729508196721313,0.029999999999999805
vehicle_018_session_01402,vehicle_018,1402,test,113.1217634548611,51.6,337.1,337.7,339.9,343.5,-60.61968213114755,41.0,0,0.03988524590163933,0.04800000000000004
vehicle_018_session_01403,vehicle_018,1403,test,118.2645898692811,77.2,357.1,357.8,360.5,364.3,-60.63935426229509,42.0,0,0.039131147540983596,0.040000000000000036
vehicle_018_session_01404,vehicle_018,1404,test,115.62367674291949,72.4,353.9,354.7,357.4,360.8,-59.79674098360658,40.0,0,0.03885245901639342,0.04000000000000048
vehicle_018_session_01405,vehicle_018,1405,test,115.21413308179011,7.6,316.7,320.1,323.55,326.1,-69.00395486842106,38.5921052631579,1,0.04271052631578948,0.04800000000000004
vehicle_018_session_01406,vehicle_018,1406,test,115.3848630989001,38.0,330.2,331.35,333.2,335.3,-69.94400159999999,36.14666666666667,1,0.031920000000000025,0.03500000000000014
vehicle_018_session_01407,vehicle_018,1407,test,114.55430509898713,22.0,326.0,327.275,329.4,330.7,-69.81600946666667,33.70666666666666,1,0.034800000000000005,0.04300000000000015
vehicle_018_session_01408,vehicle_018,1408,test,112.64450791817634,35.6,331.9,332.4,333.55,335.3,-69.89600133333334,34.24,1,0.03089333333333336,0.03400000000000025
vehicle_018_session_01409,vehicle_018,1409,test,112.81776723875662,52.8,336.1,337.9,341.6,346.4,-69.9173384,34.026666666666664,2,0.04608000000000002,0.05300000000000038
vehicle_018_session_01410,vehicle_018,1410,test,110.64963402777782,45.6,334.6,335.0,337.1,340.2,-70.10820508196721,40.65573770491803,1,0.03714754098360654,0.04200000000000026
vehicle_018_session_01411,vehicle_018,1411,test,112.81004896613608,26.4,327.8,328.9,330.4,331.9,-69.88815947368421,39.421052631578945,1,0.030263157894736853,0.03400000000000025
vehicle_018_session_01412,vehicle_018,1412,test,112.12773905022445,15.2,323.8,324.9,327.5,329.6,-69.92666840000001,35.86666666666667,1,0.035293333333333315,0.039000000000000146
vehicle_018_session_01413,vehicle_018,1413,test,111.47980847800928,20.8,326.4,327.4375,329.275,330.8,-69.91066786666666,35.0,0,0.034399999999999986,0.04300000000000015
vehicle_018_session_01414,vehicle_018,1414,test,111.4257443258808,27.2,329.6,329.9,330.8,332.2,-69.61312475409835,36.14754098360656,1,0.028622950819672175,0.03000000000000025
vehicle_018_session_01415,vehicle_018,1415,test,115.88995176940638,60.0,342.5,343.3,346.9,351.1,-69.60164901639345,39.91803278688525,1,0.04590163934426229,0.04900000000000038
vehicle_018_session_01416,vehicle_018,1416,test,110.58334160353537,45.2,334.9,335.3,337.2,340.2,-70.07541540983608,39.26229508196721,1,0.03685245901639343,0.04200000000000026
vehicle_018_session_01417,vehicle_018,1417,test,111.68375768588501,12.8,320.69998,320.19998,322.44998,323.9,-26.347373226315792,39.0,0,0.022078947368421087,0.039000000000000146
vehicle_018_session_01418,vehicle_018,1418,test,112.16884617021276,36.0,329.9,330.69998,332.29999,334.1,-60.5473769736842,33.223684210526315,1,0.028500005263157914,0.031000200000000255
vehicle_018_session_01419,vehicle_018,1419,test,111.01580486111112,22.8,326.7,328.2,329.9,331.3,-69.80820836065573,34.57377049180328,1,0.03326229508196724,0.04200000000000026
vehicle_018_session_01420,vehicle_018,1420,test,111.49569988207546,56.8,341.3,342.2,345.8,350.2,-69.75083475409835,38.295081967213115,1,0.04749180327868854,0.051000000000000156
vehicle_018_session_01421,vehicle_018,1421,test,110.55557356403013,48.4,335.3,335.8,338.2,341.4,-60.600010000000005,41.24590163934426,1,0.037180327868852434,0.04300000000000015
vehicle_018_session_01422,vehicle_018,1422,test,114.77274608585857,72.0,353.5,354.1,356.9,360.3,-60.59837049180329,43.0,0,0.03880327868852461,0.040999999999999925
vehicle_018_session_01423,vehicle_018,1423,test,110.44871941773503,13.2,322.5,323.3,325.7,327.8,-60.33443590163935,39.0,0,0.032934426229508165,0.03500000000000014
vehicle_018_session_01424,vehicle_018,1424,test,111.06542221003902,34.0,331.1,331.3,332.4,333.8,-60.39507606557376,40.40983606557377,1,0.027311475409836087,0.02900000000000036
vehicle_018_session_01425,vehicle_018,1425,test,112.6963465544872,57.2,340.7,341.3,344.3,348.2,-60.277066229508215,42.90163934426229,1,0.04409836065573771,0.04800000000000004
vehicle_018_session_01426,vehicle_018,1426,test,113.18641092995175,68.4,350.2,350.8,353.8,357.4,-60.58033590163935,38.0,0,0.04090163934426231,0.04499999999999993
vehicle_018_session_01427,vehicle_018,1427,test,112.98327783260238,44.4,332.5,333.85,336.4,339.7,-69.8466732,35.68,1,0.03751999999999998,0.04300000000000015
vehicle_018_session_01428,vehicle_018,1428,test,111.55742612499883,37.600002,330.5,331.5,333.5,335.8,-69.98289621052632,35.10526315789474,1,0.03264473026315793,0.03600009999999987
vehicle_018_session_01429,vehicle_018,1429,test,111.2866954882413,24.8,327.5,328.70000000000005,330.2,331.6,-69.8386724,34.0,0,0.032066666666666695,0.038000000000000256
vehicle_018_session_01430,vehicle_018,1430,test,111.29390323637315,54.0,339.3,339.9,342.8,347.4,-69.07049885245902,38.67213114754098,1,0.04708196721311481,0.052999999999999936
vehicle_018_session_01431,vehicle_018,1431,test,111.95211781001987,40.0,331.1,332.4,334.4,336.9,-70.142676,34.70666666666666,1,0.034240000000000013,0.038000000000000256
vehicle_018_session_01432,vehicle_018,1432,test,110.32896332846003,43.6,334.4,334.9,336.6,339.4,-69.12623950819672,35.57377049180328,1,0.0358852459016393,0.040000000000000036
vehicle_018_session_01433,vehicle_018,1433,test,111.32490107570803,46.8,334.6,334.9,336.9,339.7,-60.09836786885246,34.19672131147541,1,0.03514754098360652,0.039000000000000146
vehicle_018_session_01434,vehicle_018,1434,test,109.14738708847737,14.8,325.3,325.8,327.7,329.2,-69.57705672131148,32.01639344262295,1,0.03388524590163932,0.03699999999999992
vehicle_018_session_01435,vehicle_018,1435,test,112.10867541466828,18.0,324.7,325.75,328.3,329.9,-69.85844714285713,33.0,0,0.03625974025974028,0.041999999999999815
vehicle_018_session_01436,vehicle_018,1436,test,113.29502934386976,39.6,331.1,332.15,334.1,336.6,-70.15200946666667,32.24,2,0.03297333333333334,0.03699999999999992
vehicle_018_session_01437,vehicle_018,1437,test,112.71819025486464,16.8,323.3,324.95,327.7,329.7,-69.92000159999999,37.0,0,0.03653333333333331,0.040999999999999925
vehicle_018_session_01438,vehicle_018,1438,test,111.65669160110723,25.2,327.7,328.70000000000005,330.25,331.7,-69.92133506666666,35.84,1,0.030880000000000008,0.037000000000000366
vehicle_018_session_01439,vehicle_018,1439,test,112.7751481561303,60.0,342.8,343.8,347.5,351.8,-69.87377295081968,39.57377049180328,1,0.048803278688524604,0.05300000000000038
vehicle_018_session_01440,vehicle_018,1440,test,110.60619217785496,48.4,336.4,336.9,339.3,343.2,-69.9344255737705,37.67213114754098,1,0.04044262295081968,0.04800000000000004
vehicle_018_session_01441,vehicle_018,1441,test,113.68387235449732,59.2,341.9,342.7,345.8,349.4,-58.10492327868853,38.42622950819672,1,0.046081967213114736,0.04900000000000038
vehicle_018_session_01442,vehicle_018,1442,test,113.33732871993563,32.0,329.1,330.2,331.7,333.5,-69.96447013157895,31.86842105263158,2,0.030026315789473713,0.03200000000000003
vehicle_018_session_01443,vehicle_018,1443,test,112.28126161024308,44.4,332.5,333.6,336.1,339.4,-69.80264921052631,34.48684210526316,1,0.03642105263157892,0.04200000000000026
vehicle_018_session_01444,vehicle_018,1444,test,113.02949707289868,20.4,325.3,326.65,329.0,330.5,-69.87200586666665,35.52,1,0.03668,0.04499999999999993
vehicle_018_session_01445,vehicle_018,1445,test,109.8928125,51.6,337.2,337.8,340.0,343.6,-59.729521311475416,38.885245901639344,1,0.039737704918032773,0.04800000000000004
vehicle_018_session_01446,vehicle_018,1446,test,113.63930732442357,74.4,354.9,355.5,358.3,361.8,-59.79509688524592,40.721311475409834,1,0.03824590163934428,0.040000000000000036
vehicle_018_session_01447,vehicle_018,1447,test,111.87058853120816,31.6,329.2,330.2,331.7,333.6,-69.98666586666667,37.0,0,0.030906666666666697,0.03300000000000036
vehicle_018_session_01448,vehicle_018,1448,test,113.40059088541668,30.4,328.9,329.9,331.4,333.2,-70.01315921052633,37.61842105263158,1,0.03055263157894738,0.03299999999999992
vehicle_018_session_01449,vehicle_018,1449,test,110.92812118352327,17.2,323.6,325.0,327.8,329.7,-69.9344268852459,40.0,0,0.03740983606557375,0.041999999999999815
vehicle_018_session_01450,vehicle_018,1450,test,110.7263075163399,14.0,322.2,323.5,326.3,328.6,-69.50327901639345,40.0,0,0.03698360655737705,0.039000000000000146
vehicle_018_session_01451,vehicle_018,1451,test,112.45736708860763,48.0,335.8,336.3,338.3,341.6,-69.50327901639345,42.459016393442624,1,0.03806557377049181,0.04300000000000015
vehicle_018_session_01452,vehicle_018,1452,test,110.26475082465277,12.4,321.0,323.2,326.0,328.5,-69.17376721311476,38.9344262295082,1,0.03567213114754093,0.03799999999999981
vehicle_018_session_01453,vehicle_018,1453,test,111.06450328947369,44.4,334.6,334.9,336.8,339.6,-69.45737278688524,40.80327868852459,1,0.03539344262295078,0.039000000000000146
vehicle_018_session_01454,vehicle_018,1454,test,113.43933845238098,13.6,322.4,323.6,326.5,328.8,-69.90789605263159,36.973684210526315,1,0.03697368421052629,0.040000000000000036
vehicle_018_session_01455,vehicle_018,1455,test,111.42871276874047,26.4,327.7,328.6,329.9,331.3,-61.2613392,35.0,0,0.027719999999999977,0.03100000000000014
vehicle_018_session_01456,vehicle_018,1456,test,111.09891397306397,27.6,328.3,329.4,330.8,332.4,-69.89067133333334,36.85333333333333,1,0.030413333333333358,0.03299999999999992
vehicle_018_session_01457,vehicle_018,1457,test,112.55746113153594,58.0,338.9,340.6,345.1,349.7,-69.14401000000001,39.96,1,0.050160000000000024,0.05500000000000016
vehicle_018_session_01458,vehicle_018,1458,test,113.12434850123064,52.8,338.0,338.6,341.6,346.1,-70.07869393442623,34.19672131147541,2,0.0449344262295082,0.052000000000000046
vehicle_018_session_01459,vehicle_018,1459,test,112.39771199268131,9.6,320.0,322.0,324.79999999999995,327.4,-69.80000613333334,36.0,0,0.03667999999999998,0.04100000000000037
vehicle_018_session_01460,vehicle_018,1460,test,110.80973768343819,35.2,331.0,331.3,332.8,334.9,-69.88196262295082,35.78688524590164,1,0.03172131147540987,0.03400000000000025
vehicle_018_session_01461,vehicle_018,1461,test,112.5939322204416,53.2,336.6,338.1,341.8,346.6,-69.85733706666667,36.82666666666667,1,0.04736000000000001,0.05400000000000027
vehicle_018_session_01462,vehicle_018,1462,test,111.32977190434275,28.0,328.2,329.1375,330.7375,332.4,-69.85454974025971,38.76623376623377,1,0.03032467532467533,0.03300000000000036
vehicle_018_session_01463,vehicle_018,1463,test,111.16236221682848,34.4,329.1,330.2,331.6,333.2,-60.89467280000001,38.0,0,0.028160000000000008,0.03100000000000014
vehicle_018_session_01464,vehicle_018,1464,test,112.26025846313604,46.4,334.9,335.7,337.8,341.0,-69.88666853333334,39.06666666666667,2,0.037319999999999985,0.04200000000000026
vehicle_018_session_01465,vehicle_018,1465,test,111.07783673611112,22.8,326.4,327.7,329.6,331.0,-70.52623213114754,32.950819672131146,1,0.03508196721311477,0.04400000000000004
vehicle_018_session_01466,vehicle_018,1466,test,111.25118279190202,48.8,336.4,336.9,339.3,343.0,-70.53442967213115,35.85245901639344,2,0.039688524590163914,0.04600000000000026
vehicle_018_session_01467,vehicle_018,1467,test,115.96355059523808,72.8,353.9,354.6,357.8,361.9,-70.55246426229508,38.0,0,0.041918032786885225,0.04300000000000015
vehicle_018_session_01468,vehicle_018,1468,test,112.15900248635195,25.2,325.2,328.5,330.0,331.6,-69.14868442105264,36.8421052631579,1,0.03209210526315792,0.040000000000000036
vehicle_018_session_01469,vehicle_018,1469,test,112.25681854804424,18.8,323.9,324.65,326.6,328.2,-46.4613376,35.56,1,0.0325066666666666,0.03600000000000003
vehicle_018_session_01470,vehicle_018,1470,test,112.52529708199786,35.6,330.0,331.05,332.7375,334.9,-70.39199293333334,36.48,1,0.03209333333333335,0.03500000000000014
vehicle_018_session_01471,vehicle_018,1471,test,112.66635742845118,43.6,333.0,334.29999999999995,336.3375,339.3,-69.86666519999999,40.25333333333333,2,0.036026666666666665,0.040999999999999925
vehicle_018_session_01472,vehicle_018,1472,test,113.57715012254904,54.8,338.0,339.45000000000005,343.6,348.5,-70.2120136,38.28,1,0.050026666666666685,0.05500000000000016
vehicle_018_session_01473,vehicle_018,1473,test,110.87473300347224,12.0,321.6,322.75,325.3,327.8,-69.79334346666668,39.0,0,0.03637333333333331,0.040000000000000036
vehicle_018_session_01474,vehicle_018,1474,test,113.73503058441558,36.0,330.3,331.4,333.0,335.19998,-70.03289671052633,31.763157894736842,1,0.031842103947368465,0.03500020000000026
vehicle_018_session_01475,vehicle_018,1475,test,111.6184675975631,23.6,326.9,328.1,329.7,331.1,-69.90400466666667,38.04,1,0.03444000000000002,0.043999999999999595
vehicle_018_session_01476,vehicle_018,1476,test,111.35713888888891,38.8,330.3,331.3,332.8,334.9,-60.239358196721334,39.0,0,0.029655737704918056,0.03200000000000003
vehicle_018_session_01477,vehicle_018,1477,test,112.03332444852946,62.4,344.9,345.8,348.8,352.4,-60.25903229508199,40.67213114754098,1,0.04588524590163933,0.051000000000000156
vehicle_018_session_01478,vehicle_018,1478,test,111.29086751089326,19.6,326.9,327.4,328.6,329.7,-60.09837049180329,39.0,0,0.029491803278688545,0.03399999999999981
vehicle_018_session_01479,vehicle_018,1479,test,113.15172649572646,40.4,332.7,332.8,334.1,336.0,-60.0918124590164,39.90163934426229,1,0.029590163934426268,0.03299999999999992
vehicle_018_session_01480,vehicle_018,1480,test,111.34921846419124,25.6,326.4,328.5,329.79999999999995,331.1,-60.65263947368421,38.421052631578945,1,0.028302631578947385,0.03600000000000003
vehicle_018_session_01481,vehicle_018,1481,test,112.8189478523663,22.0,326.6,327.5,329.4,330.8,-70.11148245901639,39.65573770491803,1,0.03678688524590166,0.04600000000000026
vehicle_018_session_01482,vehicle_018,1482,test,111.37777548480084,44.0,334.4,334.9,336.6,339.6,-70.25247426229508,41.68852459016394,1,0.03660655737704915,0.040000000000000036
vehicle_018_session_01483,vehicle_018,1483,test,113.53100888087603,65.6,348.2,349.1,352.4,356.4,-70.25903229508195,44.0,0,0.045049180327868865,0.04999999999999982
vehicle_018_session_01484,vehicle_018,1484,test,112.1796825201199,22.800001,326.4,327.45,329.1,330.3,-61.14868876315789,36.35526315789474,1,0.03264471842105265,0.04100020000000004
vehicle_018_session_01485,vehicle_018,1485,test,112.70517476783368,30.0,328.8,329.9,331.4,333.2,-69.92400146666667,35.61333333333334,1,0.03074666666666671,0.03200000000000003
vehicle_018_session_01486,vehicle_018,1486,test,109.36818098958335,48.4,336.1,336.6,339.1,342.8,-70.0032793442623,40.540983606557376,1,0.04147540983606554,0.04900000000000038
vehicle_018_session_01487,vehicle_018,1487,test,110.40469880401233,38.0,331.0,331.9,333.6,336.1,-69.86229704918033,35.967213114754095,1,0.03345901639344262,0.03699999999999992
vehicle_018_session_01488,vehicle_018,1488,test,109.67725563524593,31.6,331.0,331.3,332.4,334.2,-71.34590786885245,36.377049180327866,1,0.031049180327868884,0.03300000000000036
vehicle_018_session_01489,vehicle_018,1489,test,111.02109966563788,56.4,341.1,341.9,345.3,349.9,-71.3409913114754,39.32786885245902,1,0.04819672131147541,0.052000000000000046
vehicle_018_session_01490,vehicle_018,1490,test,108.92287953176064,28.4,328.5,329.5,330.9,332.5,-69.85789921052631,38.921052631578945,1,0.030276315789473717,0.03299999999999992
vehicle_018_session_01491,vehicle_018,1491,test,109.13252061287479,15.2,322.5,323.8,326.3,328.5,-60.73935819672133,35.0,0,0.03506557377049175,0.037000000000000366
vehicle_018_session_01492,vehicle_018,1492,test,108.61993958333333,40.4,332.8,333.2,334.4,336.4,-60.77870639344264,36.85245901639344,1,0.030311475409836097,0.03299999999999992
vehicle_018_session_01493,vehicle_018,1493,test,113.00547255608979,70.4,351.6,352.2,354.9,358.5,-60.837712295081964,40.0,0,0.03996721311475412,0.04300000000000015
vehicle_018_session_01494,vehicle_018,1494,test,108.15106081495097,47.2,335.3,335.7,337.7,340.5,-59.849185573770505,43.721311475409834,1,0.03583606557377044,0.040000000000000036
vehicle_018_session_01495,vehicle_018,1495,test,113.8181483228512,74.4,354.9,355.5,358.3,361.8,-59.81804737704919,46.0,0,0.03934426229508191,0.040999999999999925
vehicle_018_session_01496,vehicle_018,1496,test,111.83104096508755,39.2,330.8,332.0,334.2,336.9,-75.54000626666665,34.986666666666665,2,0.035519999999999975,0.040000000000000036
vehicle_018_session_01497,vehicle_018,1497,test,110.282232093254,39.6,332.8,333.0,334.2,336.1,-59.452454262295085,37.868852459016395,1,0.029573770491803306,0.03299999999999992
vehicle_018_session_01498,vehicle_018,1498,test,111.96914362980763,67.6,349.7,350.5,353.2,356.6,-59.45573327868852,40.81967213114754,1,0.04063934426229509,0.04400000000000004
vehicle_018_session_01499,vehicle_018,1499,test,107.63768329678364,35.2,329.7,330.5,332.1,333.9,-60.02459688524591,38.0,0,0.028819672131147583,0.03100000000000014
vehicle_018_session_01500,vehicle_018,1500,test,114.13750263888889,77.6,357.2,357.8,360.7,364.3,-60.19508459016394,41.0,0,0.03942622950819672,0.04100000000000037
vehicle_018_session_01501,vehicle_018,1501,test,110.60591909193832,16.0,323.3,324.64999,327.4,329.6,-70.07105707894736,37.776315789473685,1,0.03748683421052629,0.040999999999999925
vehicle_018_session_01502,vehicle_018,1502,test,111.34561127136752,68.0,350.0,350.8,353.8,357.2,-60.89671295081967,40.0,0,0.04226229508196721,0.04599999999999982
vehicle_018_session_01503,vehicle_018,1503,test,111.04113949514993,54.0,338.2,338.9,341.9,346.1,-60.30493524590166,40.75409836065574,1,0.04596721311475412,0.052000000000000046
vehicle_018_session_01504,vehicle_018,1504,test,110.73970801352338,62.8,345.0,346.0,349.1,352.7,-60.28690393442624,40.0,0,0.04650819672131145,0.052000000000000046
vehicle_018_session_01505,vehicle_018,1505,test,109.70740397177619,18.800001,324.9,326.20000000000005,328.70000000000005,330.3,-69.95394460526317,37.18421052631579,1,0.037960523684210525,0.04599999999999982
vehicle_018_session_01506,vehicle_018,1506,test,111.51697339099702,52.8,336.8,337.9,341.5,346.4,-69.84000666666668,34.4,1,0.04675999999999998,0.054999999999999716
vehicle_018_session_01507,vehicle_018,1507,test,111.59866672922924,8.8,321.4,322.5,325.1,327.7,-69.91579052631579,37.8421052631579,1,0.03718421052631576,0.04200000000000026
vehicle_018_session_01508,vehicle_018,1508,test,109.67149179232804,51.6,335.8,337.29999999999995,340.75,345.5,-69.95199893333333,37.74666666666667,1,0.04579999999999999,0.05500000000000016
vehicle_018_session_01509,vehicle_018,1509,test,109.05970542417418,44.4,333.3,333.8,335.5,338.0,-60.20328901639345,40.73770491803279,1,0.033327868852459024,0.03699999999999992
vehicle_018_session_01510,vehicle_018,1510,test,111.12396396554836,36.0,330.2,331.4,333.3,335.5,-69.87368578947368,31.11842105263158,2,0.03303947368421056,0.03600000000000003
vehicle_018_session_01511,vehicle_018,1511,test,108.7887880787037,16.0,326.3,326.9,328.6,330.2,-70.14427196721311,31.0,0,0.03447540983606559,0.039000000000000146
vehicle_018_session_01512,vehicle_018,1512,test,110.27831218905476,51.2,334.9,336.1,338.9,342.8,-60.013121311475416,31.540983606557376,1,0.04054098360655736,0.04899999999999993
vehicle_018_session_01513,vehicle_018,1513,test,107.86093877923979,8.8,322.8,323.5,325.3,327.4,-61.90984163934428,29.0,0,0.03481967213114752,0.04100000000000037
vehicle_018_session_01514,vehicle_018,1514,test,110.9334846014493,39.2,332.8,333.0,334.2,336.0,-60.09181081967214,31.40983606557377,1,0.028934426229508207,0.03100000000000014
vehicle_018_session_01515,vehicle_018,1515,test,115.07466724537038,66.8,348.8,349.4,352.1,355.3,-57.147548688524594,34.0,0,0.04026229508196722,0.04499999999999993
vehicle_018_session_01516,vehicle_018,1516,test,110.10706394675925,71.2,353.2,353.9,356.8,360.3,-60.011476557377044,32.0,0,0.04049180327868857,0.04200000000000026
vehicle_018_session_01517,vehicle_018,1517,test,110.56393898889641,16.800001,323.9,324.54999,327.69998,329.4,-57.425004397368426,34.0,0,0.034723692105263125,0.042999999999999705
vehicle_018_session_01518,vehicle_018,1518,test,111.52494129135802,7.6,320.5,322.29999,325.0,327.69998,-70.09737389473683,32.71052631578947,1,0.03874999605263154,0.04399989999999976
vehicle_018_session_01519,vehicle_018,1519,test,108.63347451027376,30.800001,328.9,329.79999,331.3,332.8,-60.807900552631594,29.93421052631579,1,0.02853946710526316,0.030999899999999858
vehicle_018_session_01520,vehicle_018,1520,test,110.80663324816564,34.0,329.9,331.05,332.75,335.2,-70.03289999999998,27.07894736842105,2,0.03259210526315793,0.03600000000000003
vehicle_018_session_01521,vehicle_018,1521,test,107.3553353174603,40.4,333.8,334.1,335.8,338.6,-70.57705688524591,28.459016393442624,1,0.03604918032786883,0.040000000000000036
vehicle_018_session_01522,vehicle_018,1522,test,113.93539859934091,74.0,355.7,356.6,359.9,364.1,-70.59345147540985,32.0,0,0.04362295081967207,0.04499999999999993
vehicle_018_session_01523,vehicle_018,1523,test,108.55223901195501,45.6,334.7,335.3,337.7,341.4,-69.71148721311475,29.24590163934426,1,0.03881967213114753,0.04499999999999993
vehicle_018_session_01524,vehicle_018,1524,test,114.00735934095869,77.2,358.3,359.1,362.4,366.6,-69.85737983606558,32.0,0,0.04234426229508201,0.043999999999999595
vehicle_018_session_01525,vehicle_018,1525,test,110.35766520833329,58.4,342.2,343.0,346.1,349.9,-59.72788163934427,32.39344262295082,1,0.04678688524590162,0.050000000000000266
vehicle_018_session_01526,vehicle_018,1526,test,109.31214020270272,19.2,325.3,326.7,329.1,330.7,-70.1590263934426,31.852459016393443,1,0.03660655737704918,0.04499999999999993
vehicle_018_session_01527,vehicle_018,1527,test,110.39294822433196,49.2,337.1,337.5,339.9,343.8,-70.15574770491801,35.131147540983605,2,0.041295081967213126,0.04899999999999993
vehicle_018_session_01528,vehicle_018,1528,test,110.47974652777779,62.8,343.8,347.6,351.475,355.7,-69.4013372,34.86666666666667,1,0.04889333333333334,0.05900000000000016
vehicle_018_session_01529,vehicle_018,1529,test,110.43813156565656,23.2,328.0,328.5,329.6,330.7,-59.5,28.9672131147541,1,0.029639344262295093,0.03699999999999992
vehicle_018_session_01530,vehicle_018,1530,test,107.44444583333332,45.2,334.9,335.2,336.9,339.6,-59.5081975409836,30.65573770491803,1,0.03473770491803275,0.039000000000000146
vehicle_018_session_01531,vehicle_018,1531,test,107.4438462362826,43.2,335.0,335.5,337.4,340.5,-70.0311506557377,22.868852459016395,2,0.037983606557377,0.042999999999999705
vehicle_018_session_01532,vehicle_018,1532,test,112.69779594494042,75.6,357.2,358.0,361.3,365.5,-69.99508147540983,26.62295081967213,1,0.043000000000000003,0.04499999999999993
vehicle_018_session_01533,vehicle_018,1533,test,108.9873383084577,29.2,330.2,330.3,331.3,332.5,-59.41146655737704,30.360655737704917,1,0.02650819672131152,0.028999999999999915
vehicle_018_session_01534,vehicle_018,1534,test,111.1740655014124,56.4,340.5,341.3,344.1,348.0,-59.399990655737696,33.40983606557377,1,0.04562295081967217,0.05099999999999971
vehicle_018_session_01535,vehicle_018,1535,test,106.77680579841042,14.4,322.7,324.15,326.65,328.8,-60.593426315789465,27.81578947368421,1,0.03417105263157893,0.03699999999999992
vehicle_018_session_01536,vehicle_018,1536,test,108.43441362847224,34.4,331.6,331.9,333.2,335.2,-71.08525442622951,33.14754098360656,2,0.031295081967213145,0.03400000000000025
vehicle_018_session_01537,vehicle_018,1537,test,110.25174965277778,56.8,341.3,342.1,345.7,350.2,-71.07213836065574,35.721311475409834,1,0.047278688524590176,0.051000000000000156
vehicle_018_session_01538,vehicle_018,1538,test,109.78900862491098,7.6,319.1,320.3,322.6,324.6,-49.059215526315796,36.0,0,0.0328684210526316,0.03799999999999981
vehicle_018_session_01539,vehicle_018,1539,test,110.41922782364932,50.4,334.4,335.59999,338.19998,341.6,-59.617111447368416,36.8421052631579,1,0.037236828947368406,0.04300000000000015
vehicle_018_session_01540,vehicle_018,1540,test,108.72758467487371,28.4,328.3,329.5,331.0,332.5,-69.93157789473683,32.86842105263158,1,0.03025000000000004,0.03200000000000003
vehicle_018_session_01541,vehicle_018,1541,test,108.34756346766848,24.0,328.8,329.1,330.3,331.7,-70.5,35.0,0,0.0315737704918033,0.03699999999999992
vehicle_018_session_01542,vehicle_018,1542,test,108.4959462384259,48.4,336.4,336.9,339.1,342.7,-70.48852344262295,37.295081967213115,1,0.03986885245901639,0.04600000000000026
vehicle_018_session_01543,vehicle_018,1543,test,112.68343684486379,72.4,353.5,354.3,357.5,361.6,-70.48360491803278,39.0,0,0.042721311475409786,0.04400000000000048
vehicle_018_session_01544,vehicle_018,1544,test,108.69843441083695,50.8,335.3,337.0,340.4,345.19998,-69.98026197368422,23.38157894736842,2,0.044210526315789464,0.053999999999999826
vehicle_018_session_01545,vehicle_018,1545,test,109.91379975667105,37.2,330.5,331.6,333.5,335.8,-69.92266906666667,30.706666666666667,1,0.033146666666666685,0.03600000000000003
vehicle_018_session_01546,vehicle_018,1546,test,108.96500974893164,28.8,328.2,329.2,330.7,332.1,-59.97540737704918,29.098360655737704,1,0.027098360655737758,0.028999999999999915
vehicle_018_session_01547,vehicle_018,1547,test,107.8830546186067,49.6,336.8,337.4,339.4,342.8,-60.032790163934436,31.42622950819672,1,0.03836065573770492,0.04600000000000026
vehicle_018_session_01548,vehicle_018,1548,test,111.4382409655449,55.2,338.3,339.95,344.5,349.6,-69.92368815789473,31.210526315789473,1,0.05150000000000001,0.05699999999999994
vehicle_018_session_01549,vehicle_018,1549,test,109.86760328329248,67.6,348.5,350.4,354.25,358.3,-70.03467226666665,29.386666666666667,1,0.04292000000000002,0.051000000000000156
vehicle_018_session_01550,vehicle_018,1550,test,110.77969115500747,39.2,331.4,332.45,334.5,337.19998,-69.93026486842106,30.42105263157895,1,0.03426316842105264,0.03800019999999993
vehicle_018_session_01551,vehicle_018,1551,test,108.83032528166277,19.2,325.2,326.35,328.8,330.3,-69.96533506666667,35.82666666666667,1,0.036786666666666655,0.04400000000000004
vehicle_018_session_01552,vehicle_018,1552,test,109.92665490908259,24.4,327.7,329.15,330.8,332.4,-69.88158184210526,21.0,2,0.03014473684210529,0.03600000000000003
vehicle_018_session_01553,vehicle_018,1553,test,108.77781166666671,32.0,328.8,330.0,331.4,333.0,-59.77050885245904,23.37704918032787,1,0.027770491803278733,0.029999999999999805
vehicle_018_session_01554,vehicle_018,1554,test,108.39339771657258,52.0,338.0,338.6,341.0,344.9,-59.80002000000002,25.672131147540984,1,0.04242622950819675,0.05099999999999971
vehicle_018_session_01555,vehicle_018,1555,test,113.41310416666673,76.0,356.8,357.4,360.2,363.6,-59.80329770491805,27.852459016393443,1,0.03962295081967212,0.04100000000000037
vehicle_018_session_01556,vehicle_018,1556,test,110.49918624449526,32.0,329.2,330.1,331.6,333.3,-60.7626724,27.186666666666667,1,0.028733333333333368,0.03200000000000003
vehicle_018_session_01557,vehicle_018,1557,test,109.42001857298474,28.8,328.5,329.775,331.3,333.0,-69.64000999999999,27.026666666666667,2,0.030080000000000016,0.03200000000000003
vehicle_018_session_01558,vehicle_018,1558,test,109.23740000000004,50.0,336.9,337.5,340.0,344.1,-69.7623113114754,30.721311475409838,1,0.04334426229508195,0.052000000000000046
vehicle_018_session_01559,vehicle_018,1559,test,108.97653147045854,54.8,339.4,339.9,342.7,346.9,-59.54098770491803,27.147540983606557,1,0.044508196721311545,0.050000000000000266
