segment_id,vehicle,session_index,split,proxy_capacity_ah,soc_start,voltage_start,voltage_60,voltage_300,voltage_600,current_mean,tmax_mean,temperature_rise,cell_gap_mean,cell_gap_max
vehicle_001_session_00001,vehicle_001,1,train,133.60167895181092,27.2,328.2,329.0,329.95,331.0,-52.200010000000006,41.0,0,0.018066666666666672,0.019000000000000128
vehicle_001_session_00002,vehicle_001,2,train,135.4910984155492,30.0,329.4,330.4,331.7,333.2,-70.28535186666667,39.906666666666666,1,0.02401333333333336,0.026000000000000245
vehicle_001_session_00003,vehicle_001,3,train,133.7350954974029,39.6,331.7,332.9,334.95,337.7,-70.68001079999999,35.986666666666665,2,0.025413333333333323,0.028999999999999915
vehicle_001_session_00004,vehicle_001,4,train,132.96028615072706,26.8,326.6,328.55,329.4,330.2,-44.447991466666664,36.0,0,0.015559999999999997,0.016999999999999904
vehicle_001_session_00005,vehicle_001,5,train,131.85960135327636,18.8,324.7,325.925,327.1,327.8,-38.954676666666664,34.0,0,0.01469333333333333,0.017999999999999794
vehicle_001_session_00006,vehicle_001,6,train,135.3740863852339,38.8,329.9,330.5,331.3,332.1,-25.9493336,35.0,0,0.010893333333333359,0.0129999999999999
vehicle_001_session_00007,vehicle_001,7,train,136.15108014545058,48.8,336.1,338.1,342.0,345.7,-74.3855222368421,39.0,0,0.029631578947368425,0.03200000000000003
vehicle_001_session_00008,vehicle_001,8,train,131.07798310185183,22.8,326.9,327.1,327.4,327.8,-25.700009999999995,36.0,0,0.01036000000000003,0.01200000000000001
vehicle_001_session_00009,vehicle_001,9,train,136.56768690894197,28.4,330.8,331.0,332.0,333.3,-74.31067493333332,35.86666666666667,2,0.025280000000000035,0.027000000000000135
vehicle_001_session_00010,vehicle_001,10,train,131.27775099474474,30.8,328.5,329.2,330.2375,331.1,-44.93866053333333,32.973333333333336,1,0.01574666666666665,0.016999999999999904
vehicle_001_session_00011,vehicle_001,11,train,135.6209830106622,60.0,345.3,346.4,348.70000000000005,351.3,-44.90393776315789,30.0,0,0.019328947368421022,0.020999999999999908
vehicle_001_session_00012,vehicle_001,12,train,133.56181417082146,52.0,336.9,339.20000000000005,341.85,344.1,-44.68025868421053,29.894736842105264,1,0.020092105263157915,0.02300000000000013
vehicle_001_session_00013,vehicle_001,13,train,134.73228209802352,68.4,351.8,353.15,355.4,357.7,-37.446047394736844,34.0,0,0.018026315789473713,0.020000000000000018
vehicle_001_session_00014,vehicle_001,14,train,132.4742246062992,19.2,325.0,325.9,327.1,327.8,-39.10934333333334,34.0,0,0.01479999999999997,0.017999999999999794
vehicle_001_session_00015,vehicle_001,15,train,135.8792569817169,28.8,328.8,329.9,331.3,332.7,-70.91733146666667,34.14666666666667,1,0.023479999999999997,0.02499999999999991
vehicle_001_session_00016,vehicle_001,16,train,132.50016722587722,19.2,326.4,327.9,329.5,330.7,-71.18553631578946,32.671052631578945,1,0.023473684210526338,0.025000000000000355
vehicle_001_session_00017,vehicle_001,17,train,134.13157043766148,58.8,343.6,344.9,347.1,349.6,-45.10658894736842,35.0,0,0.019473684210526282,0.021999999999999797
vehicle_001_session_00018,vehicle_001,18,train,136.44234566046103,24.4,326.4,326.6,327.15,327.7,-23.06447447368421,37.25,1,0.00948684210526316,0.0129999999999999
vehicle_001_session_00019,vehicle_001,19,train,134.36307064455232,16.0,324.4,326.0,328.5,329.9,-74.99211223684212,36.81578947368421,1,0.02568421052631578,0.028000000000000025
vehicle_001_session_00020,vehicle_001,20,train,134.62736645323653,12.4,323.3,324.6,327.15,328.9,-70.15264144736842,37.88157894736842,1,0.024907894736842108,0.02799999999999958
vehicle_001_session_00021,vehicle_001,21,train,131.6584395081387,21.2,325.2,325.8,326.4,327.1,-22.428000133333335,37.0,0,0.009613333333333305,0.01100000000000012
vehicle_001_session_00022,vehicle_001,22,train,136.64200183823527,52.0,336.9,339.20000000000005,341.9,344.4,-50.250673733333336,37.93333333333333,1,0.022226666666666683,0.026000000000000245
vehicle_001_session_00023,vehicle_001,23,train,136.99484570452512,50.0,336.9,338.85,342.575,346.4,-74.32133306666667,39.413333333333334,1,0.029666666666666685,0.03200000000000003
vehicle_001_session_00024,vehicle_001,24,train,135.6473126258491,8.0,320.8,322.29999999999995,325.25,327.7,-74.62237684210525,43.94736842105263,1,0.02713157894736837,0.028999999999999915
vehicle_001_session_00025,vehicle_001,25,train,133.70401283757715,21.2,326.9,328.1,329.5,330.7,-69.66843105263156,37.526315789473685,1,0.02363157894736843,0.02499999999999991
vehicle_001_session_00026,vehicle_001,26,train,137.13688615612142,56.4,341.1,344.35,347.45,351.1,-69.54267426666665,39.306666666666665,1,0.027213333333333332,0.028999999999999915
vehicle_001_session_00027,vehicle_001,27,train,135.52713841851403,18.4,324.7,325.4,326.79999999999995,327.7,-40.30002000000002,40.0,0,0.016947368421052593,0.020000000000000018
vehicle_001_session_00028,vehicle_001,28,train,133.12787985135768,27.6,328.5,329.6,331.0,332.4,-69.9733312,36.093333333333334,1,0.023333333333333362,0.025000000000000355
vehicle_001_session_00029,vehicle_001,29,train,136.17462848902335,50.0,336.3,337.6,340.6,343.2,-50.31185381578948,38.85526315789474,1,0.022723684210526337,0.025000000000000355
vehicle_001_session_00030,vehicle_001,30,train,133.19239109848485,32.8,328.3,328.8,329.5,330.0,-26.10395736842106,35.0,0,0.01050000000000003,0.01200000000000001
vehicle_001_session_00031,vehicle_001,31,train,138.2159764789095,78.0,359.6,360.4,361.85,363.3,-26.01867666666667,40.0,0,0.015506666666666646,0.017000000000000348
vehicle_001_session_00032,vehicle_001,32,train,133.64823531463932,15.2,323.0,324.79999999999995,326.4,327.7,-44.93816934210527,32.89473684210526,1,0.017499999999999953,0.020000000000000018
vehicle_001_session_00033,vehicle_001,33,train,135.41016856765987,28.0,327.1,329.7,331.1,332.4,-69.61200906666667,35.29333333333334,1,0.02336000000000002,0.025000000000000355
vehicle_001_session_00034,vehicle_001,34,train,133.01879043713095,15.6,324.4,325.75,328.0,329.4,-69.74800906666667,40.06666666666667,1,0.024773333333333335,0.027000000000000135
vehicle_001_session_00035,vehicle_001,35,train,135.37864446133636,25.6,328.0,329.15,330.375,331.7,-69.68534200000002,36.46666666666667,1,0.02321333333333333,0.02499999999999991
vehicle_001_session_00036,vehicle_001,36,train,132.16148017073604,26.0,326.9,327.8,328.725,329.6,-40.14667666666667,30.133333333333333,1,0.014120000000000044,0.015000000000000124
vehicle_001_session_00037,vehicle_001,37,train,133.5204729112048,17.2,322.7,325.0,326.7,327.8,-44.690677253333334,34.0,0,0.017586666666666653,0.020000000000000018
vehicle_001_session_00038,vehicle_001,38,train,132.6098298245221,22.4,324.9,327.45,328.6,329.6,-51.596062868421065,33.0,0,0.017605263157894745,0.019000000000000128
vehicle_001_session_00039,vehicle_001,39,train,134.03908358605838,35.6,329.6,330.0,331.0375,332.1,-40.20001,37.0,0,0.01510666666666669,0.017000000000000348
vehicle_001_session_00040,vehicle_001,40,train,135.29138747017726,34.8,330.2,331.35,332.9,334.9,-69.74268226666668,38.93333333333333,1,0.024360000000000024,0.027000000000000135
vehicle_001_session_00041,vehicle_001,41,train,135.39804669444447,9.6,321.3,322.7,325.5,327.7,-70.0618492105263,38.89473684210526,1,0.025460526315789427,0.027000000000000135
vehicle_001_session_00042,vehicle_001,42,train,134.5383336594203,6.8,318.8,319.5,320.8,322.1,-26.0160016,33.0,0,0.013066666666666678,0.015000000000000124
vehicle_001_session_00043,vehicle_001,43,train,135.9371879493464,31.6,329.6,330.6,332.1,333.6,-70.5,40.28947368421053,1,0.0244605263157895,0.026000000000000245
vehicle_001_session_00044,vehicle_001,44,train,132.39420411379018,19.6,326.6,328.0,329.65,330.8,-73.77868453333332,32.54666666666667,1,0.024520000000000045,0.027000000000000135
vehicle_001_session_00045,vehicle_001,45,train,135.14417211714186,38.8,330.5,332.75,334.65,337.4,-70.39080342105262,32.35526315789474,1,0.024565789473684204,0.027000000000000135
vehicle_001_session_00046,vehicle_001,46,train,136.20494836516207,42.0,332.7,333.70000000000005,336.05,339.4,-69.9578905263158,34.578947368421055,1,0.025947368421052625,0.029999999999999805
vehicle_001_session_00047,vehicle_001,47,train,138.5052188078704,51.6,337.7,339.65,343.4,347.1,-70.43025671052632,34.0,0,0.02796052631578948,0.03200000000000003
vehicle_001_session_00048,vehicle_001,48,train,137.9719919507576,60.0,345.8,347.6,351.05,355.2,-74.20001236842104,36.46052631578947,1,0.028828947368421034,0.03100000000000014
vehicle_001_session_00049,vehicle_001,49,train,134.59970595004364,23.2,327.4,328.6,329.95,331.3,-70.12237618421051,37.23684210526316,1,0.02361842105263159,0.025000000000000355
vehicle_001_session_00050,vehicle_001,50,train,137.53099650537638,62.4,347.5,349.5,352.8,356.8,-70.37600093333333,30.826666666666668,1,0.02741333333333337,0.02900000000000036
vehicle_001_session_00051,vehicle_001,51,train,137.95941375385803,70.8,355.0,356.85,360.4,364.9,-74.36578921052633,34.39473684210526,1,0.029947368421052677,0.031000000000000583
vehicle_001_session_00052,vehicle_001,52,train,135.11327605828018,16.0,324.4,326.05,328.5,329.9,-75.14343210526314,32.76315789473684,1,0.025460526315789475,0.028000000000000025
vehicle_001_session_00053,vehicle_001,53,train,135.48548837096521,28.0,328.8,329.9,331.3,332.8,-74.02763486842106,35.38157894736842,1,0.024684210526315822,0.026000000000000245
vehicle_001_session_00054,vehicle_001,54,train,134.36431245769884,20.8,325.7,326.4,327.5,328.3,-40.303966184210545,31.026315789473685,0,0.01417105263157894,0.016000000000000014
vehicle_001_session_00055,vehicle_001,55,train,136.09010652356912,73.2,356.6,357.9,360.4,363.3,-49.69737894736843,31.0,0,0.022618421052631524,0.024000000000000465
vehicle_001_session_00056,vehicle_001,56,train,136.23994572078544,41.6,332.4,333.55,335.8,338.9,-69.69080105263157,35.81578947368421,1,0.025789473684210532,0.028999999999999915
vehicle_001_session_00057,vehicle_001,57,train,132.94882755876068,34.8,328.5,330.2,331.3,332.4,-44.84801000000001,33.026666666666664,1,0.016173333333333362,0.018000000000000238
vehicle_001_session_00058,vehicle_001,58,train,139.39993362341775,68.0,351.1,352.2,354.3,356.4,-40.30002000000002,36.0,0,0.019506666666666696,0.02100000000000035
vehicle_001_session_00059,vehicle_001,59,train,135.67288585007884,43.2,333.0,334.5,337.15,341.3,-74.04737210526316,34.973684210526315,2,0.02801315789473684,0.03200000000000003
vehicle_001_session_00060,vehicle_001,60,train,135.4829657596372,21.2,326.6,327.8,329.29999999999995,330.7,-70.50790263157893,36.3421052631579,1,0.023500000000000017,0.02499999999999991
vehicle_001_session_00061,vehicle_001,61,train,136.28330212779474,34.0,330.2,331.1,332.575,334.4,-70.75868279999999,39.16,2,0.024546666666666706,0.026000000000000245
vehicle_001_session_00062,vehicle_001,62,train,129.57161884448226,40.4,337.2,338.85,340.45,342.9,-70.14667680000001,39.32,1,0.02130666666666669,0.02400000000000002
vehicle_001_session_00063,vehicle_001,63,train,132.70697090671655,8.400001,321.1,322.6,325.5,328.0,-73.79738815789472,36.723684210526315,1,0.026539473684210526,0.028000000000000025
vehicle_001_session_00064,vehicle_001,64,train,146.74752456739535,75.2,358.2,359.9,363.70000000000005,368.2,-73.84211263157894,41.8421052631579,1,0.03082894736842108,0.03300000000000036
vehicle_001_session_00065,vehicle_001,65,train,134.35284547909654,20.4,326.3,327.9,329.4,330.7,-74.67369486842105,41.9078947368421,1,0.0251447368421053,0.028000000000000025
vehicle_001_session_00066,vehicle_001,66,train,137.12511768336967,38.4,331.1,332.2,333.9,336.3,-68.8131697368421,37.0,0,0.024552631578947364,0.027000000000000135
vehicle_001_session_00067,vehicle_001,67,train,134.81935757352943,31.6,329.6,330.7,332.2,333.9,-74.45263210526316,36.71052631578947,1,0.02521052631578948,0.027000000000000135
vehicle_001_session_00068,vehicle_001,68,train,137.45007274305556,58.0,343.6,345.6,348.85,352.7,-70.61200960000001,36.0,0,0.027813333333333315,0.02900000000000036
vehicle_001_session_00069,vehicle_001,69,train,135.4097508124658,18.4,324.6,325.5,327.22499999999997,328.2,-50.5623438961039,36.0,0,0.019012987012987023,0.021999999999999797
vehicle_001_session_00070,vehicle_001,70,train,132.95643925914115,20.4,326.7,328.0,329.5,330.8,-73.94078513157895,40.03947368421053,2,0.024934210526315812,0.027000000000000135
vehicle_001_session_00071,vehicle_001,71,train,133.4530048272358,54.0,340.5,342.29999999999995,345.6,349.4,-71.24401333333333,39.85333333333333,1,0.028279999999999982,0.03100000000000014
vehicle_001_session_00072,vehicle_001,72,train,134.42211100105408,10.0,321.6,323.0,325.8,327.8,-71.38,40.0,0,0.025413333333333288,0.028000000000000025
vehicle_001_session_00073,vehicle_001,73,train,136.0207634481038,32.8,329.7,330.8,332.2,333.9,-70.49078855263159,42.28947368421053,1,0.024407894736842135,0.026000000000000245
vehicle_001_session_00074,vehicle_001,74,train,136.16331636787277,38.8,330.5,331.3,332.5,333.9,-45.10801000000001,39.92,1,0.017226666666666675,0.018000000000000238
vehicle_001_session_00075,vehicle_001,75,train,132.724708245674,29.2,326.6,328.0,329.2,330.0,-37.74342639473685,39.0,0,0.013776315789473687,0.016000000000000014
vehicle_001_session_00076,vehicle_001,76,train,135.3376273395062,9.6,321.3,322.7,325.575,327.8,-74.2560132,39.89333333333333,1,0.026453333333333304,0.028000000000000025
vehicle_001_session_00077,vehicle_001,77,train,133.59167956610275,36.0,330.5,331.5,333.2375,335.3,-70.06533986666666,41.53333333333333,1,0.02465333333333336,0.026000000000000245
vehicle_001_session_00078,vehicle_001,78,train,133.52238860690235,33.6,330.2,331.35,333.0,335.0,-72.81710894736844,33.43421052631579,1,0.02494736842105264,0.027000000000000135
vehicle_001_session_00079,vehicle_001,79,train,137.11298293387412,54.4,338.6,341.1,343.3888888888889,345.8,-44.63467666666667,37.0,0,0.020120000000000027,0.021999999999999797
vehicle_001_session_00080,vehicle_001,80,train,133.09459429157934,31.2,329.4,330.25,331.65,333.3,-70.11053539473683,37.921052631578945,1,0.02410526315789475,0.026000000000000245
vehicle_001_session_00081,vehicle_001,81,train,138.03692267827532,72.8,357.1,358.6,362.2,366.6,-73.32501407894736,36.96052631578947,1,0.03111842105263157,0.03200000000000003
vehicle_001_session_00082,vehicle_001,82,train,134.96649263965202,26.8,327.7,328.5,329.4,330.2,-45.100010000000005,30.186666666666667,1,0.01569333333333335,0.016999999999999904
vehicle_001_session_00083,vehicle_001,83,train,133.7285995388455,40.4,330.2,331.65,333.0,334.6,-44.85527315789474,36.21052631578947,1,0.01722368421052629,0.019000000000000128
vehicle_001_session_00084,vehicle_001,84,train,132.4612595277778,18.8,324.7,325.5,327.15,328.0,-45.123694210526324,35.0,0,0.017486842105263106,0.020000000000000018
vehicle_001_session_00085,vehicle_001,85,train,134.3206853805916,1.6,314.7,315.5,317.1,318.5,-25.906569605263154,33.0,0,0.016355263157894734,0.018000000000000238
vehicle_001_session_00086,vehicle_001,86,train,137.40582263752725,58.8,343.6,345.1,347.5,350.2,-49.76975381578949,39.0,0,0.021999999999999995,0.02400000000000002
vehicle_001_session_00087,vehicle_001,87,train,136.6283422535211,70.8,354.6,356.20000000000005,359.6,363.6,-69.64211513157893,37.11842105263158,1,0.02942105263157898,0.031000000000000583
vehicle_001_session_00088,vehicle_001,88,train,135.7001406324405,43.6,332.4,333.3,335.1,337.4,-49.79475263157896,35.0,0,0.02010526315789472,0.02300000000000013
vehicle_001_session_00089,vehicle_001,89,train,134.91425260519395,32.0,329.6,330.8,332.4,334.1,-74.04800533333334,39.0,0,0.02534666666666666,0.028000000000000025
vehicle_001_session_00090,vehicle_001,90,train,137.51598835416672,59.6,345.5,347.4,351.05,355.2,-73.94342342105263,32.723684210526315,1,0.0291578947368421,0.03100000000000014
vehicle_001_session_00091,vehicle_001,91,train,136.2156854276028,48.8,335.7,337.4,341.35,345.2,-70.00789815789474,35.93421052631579,1,0.028526315789473698,0.03100000000000014
vehicle_001_session_00092,vehicle_001,92,train,134.1788612354009,29.2,329.1,330.1,331.4,333.0,-70.34342855263158,31.38157894736842,1,0.02338157894736841,0.02499999999999991
vehicle_001_session_00093,vehicle_001,93,train,133.3579024673203,31.2,329.4,330.4,331.9,333.6,-70.31689805194804,35.66233766233766,1,0.023974025974025998,0.025000000000000355
vehicle_001_session_00094,vehicle_001,94,train,134.23957356257472,25.2,327.2,328.0,329.1,329.9,-48.85067146666668,35.0,0,0.016973333333333347,0.018000000000000238
vehicle_001_session_00095,vehicle_001,95,train,139.73225376800414,78.0,360.5,361.6,363.975,366.6,-45.00933426666666,37.0,0,0.022560000000000014,0.02400000000000002
vehicle_001_session_00096,vehicle_001,96,train,134.62903194635226,26.8,328.5,329.4,330.75,332.1,-70.42533013333333,33.93333333333333,1,0.02350666666666669,0.026000000000000245
vehicle_001_session_00097,vehicle_001,97,train,133.3352020479025,21.2,326.9,328.2,329.6,330.8,-70.30535066666666,36.946666666666665,1,0.023453333333333375,0.025000000000000355
vehicle_001_session_00098,vehicle_001,98,train,134.2019432093254,55.2,341.1,342.75,345.7,348.9,-59.93466866666667,37.96,1,0.025040000000000003,0.026000000000000245
vehicle_001_session_00099,vehicle_001,99,train,132.3795868739478,33.2,329.7,330.5,331.7,333.3,-60.126323421052625,34.94736842105263,1,0.02097368421052635,0.02300000000000013
vehicle_001_session_00100,vehicle_001,100,train,134.32649703191774,51.2,336.9,338.375,341.8375,345.0,-59.94266720000001,38.653333333333336,1,0.02630666666666669,0.028999999999999915
vehicle_001_session_00101,vehicle_001,101,train,133.87275419971957,16.4,323.0,323.5,324.5,325.5,-22.5,34.0,0,0.012680000000000007,0.014000000000000234
vehicle_001_session_00102,vehicle_001,102,train,132.034524796627,30.8,327.5,328.1,328.675,329.4,-26.053343333333338,36.586666666666666,1,0.010306666666666691,0.01100000000000012
vehicle_001_session_00103,vehicle_001,103,train,131.1507743408663,26.0,328.2,329.2,330.6,332.1,-70.43552460526315,38.25,1,0.02397368421052636,0.026000000000000245
vehicle_001_session_00104,vehicle_001,104,train,134.3073688888889,73.2,358.2,359.6,362.9,367.1,-70.48420894736843,42.88157894736842,1,0.030697368421052616,0.03200000000000003
vehicle_001_session_00105,vehicle_001,105,train,133.0592773794935,29.6,328.9,329.9,331.3,332.8,-70.31317394736841,36.776315789473685,1,0.023736842105263185,0.025000000000000355
vehicle_001_session_00106,vehicle_001,106,train,133.7813237649437,38.8,331.4,332.6,334.6,337.1,-70.41709697368421,38.18421052631579,2,0.025434210526315774,0.028000000000000025
vehicle_001_session_00107,vehicle_001,107,train,138.03920845389663,70.8,355.7,357.1,360.6,364.7,-70.40131118421053,40.69736842105263,1,0.030381578947368423,0.03200000000000003
vehicle_001_session_00108,vehicle_001,108,train,133.1993129967949,38.0,331.4,332.5,334.5,337.1,-74.47066960000001,36.906666666666666,2,0.026426666666666657,0.028999999999999915
vehicle_001_session_00109,vehicle_001,109,train,136.47646518414487,64.0,349.9,351.5,355.1,359.3,-74.42133613333334,38.81333333333333,1,0.031213333333333353,0.03300000000000036
vehicle_001_session_00110,vehicle_001,110,train,132.5093248556858,22.0,325.0,326.25,327.7,328.6,-37.43288807894736,37.0,0,0.013631578947368456,0.016000000000000014
vehicle_001_session_00111,vehicle_001,111,train,132.4353182878638,31.6,327.2,328.55,329.9,330.8,-37.46933314666667,33.0,0,0.013626666666666664,0.016000000000000014
vehicle_001_session_00112,vehicle_001,112,train,130.99027763956312,16.0,324.7,326.20000000000005,328.5,329.7,-70.51052947368422,34.81578947368421,1,0.024013157894736858,0.027000000000000135
vehicle_001_session_00113,vehicle_001,113,train,132.76966852816355,36.8,331.1,332.2,334.0,336.6,-74.34737263157895,37.671052631578945,1,0.02630263157894737,0.028999999999999915
vehicle_001_session_00114,vehicle_001,114,train,133.74844216666668,68.8,352.2,354.9,358.55,362.8,-73.87896118421052,37.276315789473685,1,0.030868421052631555,0.03200000000000047
vehicle_001_session_00115,vehicle_001,115,train,136.52028172348489,55.6,341.1,342.45,344.95,347.7,-49.86447381578947,37.11842105263158,1,0.022368421052631586,0.02400000000000002
vehicle_001_session_00116,vehicle_001,116,train,133.35082288082435,36.8,328.5,329.79999999999995,331.35,332.4,-37.53156910526315,38.01315789473684,1,0.014565789473684249,0.016000000000000014
vehicle_001_session_00117,vehicle_001,117,train,134.08457262758392,50.0,334.2,335.85,338.4,341.0,-37.961342720000005,40.0,0,0.020386666666666654,0.02300000000000013
vehicle_001_session_00118,vehicle_001,118,train,136.90383425925927,56.4,340.2,342.6,345.0125,347.4,-44.69467666666667,38.77333333333333,-1,0.02073333333333336,0.02300000000000013
vehicle_001_session_00119,vehicle_001,119,train,135.24653893408944,32.0,329.2,330.5,331.79999999999995,333.6,-69.79201333333333,35.56,1,0.023813333333333356,0.025000000000000355
vehicle_001_session_00120,vehicle_001,120,train,137.74178168081278,56.4,342.4,344.0,347.45,351.3,-69.83685105263157,37.0,0,0.028223684210526304,0.029999999999999805
vehicle_001_session_00121,vehicle_001,121,train,132.4122592978395,33.2,328.9,329.6,330.7,331.7,-45.10264157894737,35.94736842105263,1,0.016539473684210527,0.018000000000000238
vehicle_001_session_00122,vehicle_001,122,train,134.75908189511233,26.4,326.4,326.9,327.5,328.2,-26.10134333333334,34.0,0,0.009879999999999995,0.01100000000000012
vehicle_001_session_00123,vehicle_001,123,train,131.78461924261083,11.2,322.2,323.9,326.7,328.6,-70.79738605263157,33.0921052631579,1,0.025236842105263165,0.028000000000000025
vehicle_001_session_00124,vehicle_001,124,train,136.7981163980608,57.2,342.1,343.4,345.75,348.3,-45.107904736842116,35.0,0,0.02078947368421052,0.02200000000000024
vehicle_001_session_00125,vehicle_001,125,train,135.11050008267196,32.4,327.7,328.4,329.1,329.7,-26.00395736842106,36.0,0,0.010447368421052637,0.01200000000000001
vehicle_001_session_00126,vehicle_001,126,train,132.94441178847904,48.4,333.5,335.175,337.25,339.9,-39.623675394736836,34.0,0,0.020302631578947353,0.02300000000000013
vehicle_001_session_00127,vehicle_001,127,train,131.05095998809523,36.8,328.5,330.25,331.35,332.4,-39.47732362666666,32.61333333333334,1,0.014920000000000015,0.016000000000000014
vehicle_001_session_00128,vehicle_001,128,train,132.8090969494392,8.400001,320.8,322.0,324.4,326.6,-59.97105131578946,33.0,0,0.022157894736842067,0.02400000000000002
vehicle_001_session_00129,vehicle_001,129,train,131.1916923128858,53.2,342.1,343.4,346.0,349.1,-59.889476842105246,36.776315789473685,1,0.025565789473684177,0.027000000000000135
vehicle_001_session_00130,vehicle_001,130,train,135.39586701388887,48.8,334.6,335.5,337.525,340.3,-40.200010000000006,37.0,0,0.020675324675324652,0.02400000000000002
vehicle_001_session_00131,vehicle_001,131,train,132.99315810714285,36.0,328.0,329.29999999999995,330.8,331.9,-37.37465853333333,35.0,0,0.014213333333333331,0.016999999999999904
vehicle_001_session_00132,vehicle_001,132,train,134.73784322356636,52.8,337.7,338.85,341.3375,343.6,-39.708010800000004,33.0,0,0.02096,0.02400000000000002
vehicle_001_session_00133,vehicle_001,133,train,131.24608333207067,28.8,326.4,327.85,329.1,329.9,-37.32499550394737,37.4078947368421,1,0.013486842105263198,0.015000000000000124
vehicle_001_session_00134,vehicle_001,134,train,134.47035021604935,55.2,340.2,341.6,344.175,346.8,-49.9639964,38.946666666666665,1,0.02292000000000002,0.025000000000000355
vehicle_001_session_00135,vehicle_001,135,train,134.54328116602068,13.6,321.9,322.9,324.775,326.4,-45.10401,34.22666666666667,0,0.018813333333333297,0.020999999999999908
vehicle_001_session_00136,vehicle_001,136,train,134.43222662646195,58.8,344.3,346.175,349.6,353.5,-70.26534613333334,37.0,0,0.02925333333333334,0.03100000000000014
vehicle_001_session_00137,vehicle_001,137,train,131.7068901870007,24.4,327.1,328.2,329.4,330.7,-59.94737144736842,32.0,0,0.01997368421052635,0.02100000000000035
vehicle_001_session_00138,vehicle_001,138,train,137.42374018595044,51.2,337.1,338.85,342.9,346.8,-70.54267466666666,36.8,1,0.029640000000000034,0.03300000000000036
vehicle_001_session_00139,vehicle_001,139,train,135.83346297391145,40.4,331.1,333.1,335.25,338.5,-74.04079947368422,34.01315789473684,2,0.026855263157894705,0.03100000000000014
vehicle_001_session_00140,vehicle_001,140,train,132.34271272257834,42.4,332.1,334.1,336.6,340.3,-74.08268266666666,35.77333333333333,1,0.028119999999999982,0.03300000000000036
vehicle_001_session_00141,vehicle_001,141,train,131.41693141203703,28.0,326.9,328.0,328.9,329.9,-39.576326052631586,33.0,0,0.014223684210526338,0.016000000000000014
vehicle_001_session_00142,vehicle_001,142,train,136.02808648313496,43.6,333.2,334.2,336.8,340.3,-70.1120088,34.6,1,0.02737333333333331,0.03200000000000003
vehicle_001_session_00143,vehicle_001,143,train,133.11755374053033,40.8,331.3,332.0,333.6,335.3,-50.200010000000006,34.24,1,0.01925333333333335,0.02100000000000035
vehicle_001_session_00144,vehicle_001,144,train,132.96103581917905,29.2,329.2,330.2,331.3,332.8,-69.4302572368421,33.723684210526315,1,0.023526315789473676,0.02499999999999991
vehicle_001_session_00145,vehicle_001,145,train,133.55618157782433,28.0,328.5,329.9,331.3,333.0,-74.29335106666667,33.32,1,0.024613333333333366,0.027000000000000135
vehicle_001_session_00146,vehicle_001,146,train,134.54829072066332,21.2,326.3,327.75,329.4,330.5,-70.76134946666666,32.16,1,0.02354666666666666,0.025000000000000355
vehicle_001_session_00147,vehicle_001,147,train,131.5008971131472,21.6,326.0,326.9,328.2375,329.1,-50.200010000000006,34.0,0,0.01744000000000003,0.019000000000000128
vehicle_001_session_00148,vehicle_001,148,train,132.00536200075078,21.2,326.4,327.75,329.2,330.5,-69.89078592105263,35.723684210526315,1,0.023565789473684238,0.025000000000000355
vehicle_001_session_00149,vehicle_001,149,train,133.50603431238616,46.0,334.2,335.7,338.675,343.0,-70.42666466666667,32.84,1,0.028826666666666667,0.03200000000000003
vehicle_001_session_00150,vehicle_001,150,train,132.68014800724637,12.0,322.5,323.9888888888889,326.7,328.6,-69.379996,31.0,0,0.02546666666666666,0.027000000000000135
vehicle_001_session_00151,vehicle_001,151,train,134.2802719758065,54.8,341.1,341.8,343.9,346.3,-44.700010000000006,34.21333333333333,1,0.02153333333333335,0.02400000000000002
vehicle_001_session_00152,vehicle_001,152,train,131.7480751436155,9.6,321.7,323.4,326.3,328.5,-74.14211381578946,33.0,0,0.026473684210526333,0.028000000000000025
vehicle_001_session_00153,vehicle_001,153,train,133.70548441141597,50.4,334.4,335.95000000000005,338.8,341.4,-37.87368221052632,37.0,0,0.02111842105263156,0.02400000000000002
vehicle_001_session_00154,vehicle_001,154,train,132.04372763400337,15.2,321.3,322.65,324.9,326.3,-37.39735921052631,35.0,0,0.01607894736842104,0.019000000000000128
vehicle_001_session_00155,vehicle_001,155,train,132.84359677757797,39.2,331.9,332.8,334.9,337.7,-70.20000999999998,33.28947368421053,1,0.025592105263157888,0.028999999999999915
vehicle_001_session_00156,vehicle_001,156,train,131.6264480861244,11.2,322.2,323.8,326.6,328.6,-70.14606118421051,34.0,0,0.024986842105263165,0.027000000000000135
vehicle_001_session_00157,vehicle_001,157,train,130.6191933900745,29.6,329.1,330.25,331.7,333.5,-70.02895026315791,31.907894736842106,1,0.023605263157894768,0.025000000000000355
vehicle_001_session_00158,vehicle_001,158,train,132.52564666319444,30.0,328.0,328.6,329.7,330.7,-45.004000399999995,32.0,0,0.015960000000000005,0.017000000000000348
vehicle_001_session_00159,vehicle_001,159,train,132.8284861111111,34.0,328.2,329.7,330.75,331.9,-44.31316789473685,35.0,0,0.016000000000000007,0.017999999999999794
vehicle_001_session_00160,vehicle_001,160,train,132.50241258253644,42.4,331.9,332.7,334.29999999999995,336.3,-49.790685733333355,35.06666666666667,1,0.019746666666666652,0.022999999999999687
vehicle_001_session_00161,vehicle_001,161,train,133.5070994998726,53.6,339.3,341.35,345.2,349.1,-70.26316960526314,34.56578947368421,1,0.029763157894736842,0.03300000000000036
vehicle_001_session_00162,vehicle_001,162,train,132.21281209284064,27.6,328.8,329.7,331.05,332.5,-70.86,33.84,1,0.023746666666666697,0.025000000000000355
vehicle_001_session_00163,vehicle_001,163,train,132.6688160932239,36.8,331.0,332.1,333.9,336.3,-74.381575,33.973684210526315,2,0.02619736842105264,0.028999999999999915
vehicle_001_session_00164,vehicle_001,164,train,130.77133155184663,21.2,326.6,327.6,328.9,330.0,-60.046055921052634,33.93421052631579,1,0.020276315789473726,0.02200000000000024
vehicle_001_session_00165,vehicle_001,165,train,132.56135121001688,59.2,345.2,347.15,350.75,354.9,-73.86974197368421,34.0,0,0.030657894736842117,0.03299999999999992
vehicle_001_session_00166,vehicle_001,166,train,130.9016707412523,15.2,324.6,325.75,327.8,329.1,-60.01333453333334,27.773333333333333,1,0.021426666666666653,0.02400000000000002
vehicle_001_session_00167,vehicle_001,167,train,131.85757385942762,31.6,328.9,330.0,331.4,332.8,-59.75659065789472,28.05263157894737,1,0.02057894736842109,0.02200000000000024
vehicle_001_session_00168,vehicle_001,168,train,131.87227425493253,9.2,318.9,321.35,323.3,325.2,-44.493421657894736,30.0,0,0.01801315789473684,0.019000000000000128
vehicle_001_session_00169,vehicle_001,169,train,132.30396781374012,30.4,329.1,330.3,331.9,333.6,-73.87499907894737,29.776315789473685,1,0.025144736842105303,0.027000000000000135
vehicle_001_session_00170,vehicle_001,170,train,133.64754243309622,51.2,336.6,337.9,340.8,343.6,-44.95262684210526,29.55263157894737,1,0.023697368421052623,0.026000000000000245
vehicle_001_session_00171,vehicle_001,171,train,132.321550567987,32.8,329.7,330.9,332.5,334.4,-73.73468013333333,30.72,1,0.024973333333333365,0.027000000000000135
vehicle_001_session_00172,vehicle_001,172,train,130.92938552148846,18.8,325.8,327.1,328.5,329.7,-59.99079197368421,29.855263157894736,1,0.020578947368421054,0.02300000000000013
vehicle_001_session_00173,vehicle_001,173,train,133.00191111111116,49.2,336.0,337.5,341.5,345.7,-70.14737776315788,33.23684210526316,2,0.03031578947368421,0.03399999999999981
vehicle_001_session_00174,vehicle_001,174,train,131.6182711782937,8.400001,321.0,322.6,325.25,327.7,-70.1506764,33.93333333333333,1,0.02578666666666664,0.028000000000000025
vehicle_001_session_00175,vehicle_001,175,train,132.35621102735905,18.0,325.2,326.5,328.70000000000005,330.0,-71.51842868421052,32.01315789473684,1,0.024763157894736865,0.028000000000000025
vehicle_001_session_00176,vehicle_001,176,train,131.6535221416513,24.4,327.7,328.9,330.3,331.7,-74.043425,34.78947368421053,1,0.02459210526315794,0.026000000000000245
vehicle_001_session_00177,vehicle_001,177,train,132.95687066993466,43.2,332.7,333.9,336.35,339.9,-69.68027328947367,37.86842105263158,1,0.02765789473684208,0.03200000000000003
vehicle_001_session_00178,vehicle_001,178,train,131.58354352160495,7.6,319.9,321.1,323.25,325.3,-50.10267666666667,30.0,0,0.020106666666666665,0.021999999999999797
vehicle_001_session_00179,vehicle_001,179,train,133.97961468460647,48.4,334.9,336.20000000000005,339.20000000000005,343.0,-60.10395434210526,36.13157894736842,1,0.02746052631578947,0.03100000000000014
vehicle_001_session_00180,vehicle_001,180,train,132.293895959596,18.4,325.2,327.0,329.1,330.5,-73.80133276315787,29.144736842105264,1,0.025947368421052674,0.029999999999999805
vehicle_001_session_00181,vehicle_001,181,train,131.12502901101539,16.4,323.9,324.79999999999995,326.6,327.8,-45.200010000000006,29.0,0,0.01831578947368419,0.02100000000000035
vehicle_001_session_00182,vehicle_001,182,train,134.50142988114317,48.0,334.2,335.25,337.4375,340.3,-45.10134333333333,29.0,0,0.022359999999999988,0.026000000000000245
vehicle_001_session_00183,vehicle_001,183,train,129.67706769379,21.2,325.8,326.79999999999995,327.9,328.6,-39.9173304,30.2,1,0.01408,0.016000000000000014
vehicle_001_session_00184,vehicle_001,184,train,133.57060135478673,52.8,338.2,340.4,344.475,348.3,-70.00400280000001,31.453333333333333,1,0.030400000000000028,0.03400000000000025
vehicle_001_session_00185,vehicle_001,185,train,130.5202959654882,28.0,326.4,327.65,329.15,330.0,-37.52762276315789,29.394736842105264,1,0.013552631578947372,0.016000000000000014
vehicle_001_session_00186,vehicle_001,186,train,130.83341643518517,25.6,328.0,329.29999999999995,330.7,332.1,-69.91447460526315,29.18421052631579,1,0.02376315789473688,0.025000000000000355
vehicle_001_session_00187,vehicle_001,187,train,131.15090692479038,33.6,328.0,329.79999999999995,330.8,331.9,-44.772378421052636,30.0,0,0.01613157894736843,0.018000000000000238
vehicle_001_session_00188,vehicle_001,188,train,132.25126940310844,12.8,321.6,322.6,324.6,326.3,-45.10527315789474,29.57894736842105,1,0.019263157894736826,0.02100000000000035
vehicle_001_session_00189,vehicle_001,189,train,132.268782436038,40.8,329.6,330.8,331.6,332.5,-25.85395739473685,29.0,0,0.011631578947368442,0.013000000000000345
vehicle_001_session_00190,vehicle_001,190,train,128.90828255555553,21.6,325.8,327.4,328.55,329.4,-44.91316789473685,26.0,0,0.015131578947368426,0.016999999999999904
vehicle_001_session_00191,vehicle_001,191,train,132.44276850063133,40.0,331.0,331.65,333.2,334.7,-45.26400973333334,31.72,1,0.017360000000000025,0.019000000000000128
vehicle_001_session_00192,vehicle_001,192,train,131.73074348234957,20.8,326.1,327.75,329.5,330.7,-70.25068173333334,29.133333333333333,1,0.023586666666666676,0.025000000000000355
vehicle_001_session_00193,vehicle_001,193,train,130.9431788108922,16.4,324.9,326.1,328.5,329.7,-69.99736815789474,31.56578947368421,1,0.024328947368421068,0.027000000000000135
vehicle_001_session_00194,vehicle_001,194,train,130.98952542735046,21.6,325.0,327.0,328.3,329.2,-49.661334000000004,30.16,1,0.016933333333333356,0.018999999999999684
vehicle_001_session_00195,vehicle_001,195,train,131.43341199411333,15.6,324.4,326.1125,328.5,329.7,-69.87199893333332,28.0,2,0.02361333333333331,0.0259999999999998
vehicle_001_session_00196,vehicle_001,196,train,132.4902710661765,29.6,327.8,328.85,329.9,331.0,-50.31185855263159,31.013157894736842,1,0.017421052631578927,0.018999999999999684
vehicle_001_session_00197,vehicle_001,197,train,133.0109635416667,54.4,338.6,340.9,343.6,346.1,-44.934221052631585,30.0,0,0.023434210526315807,0.027000000000000135
vehicle_001_session_00198,vehicle_001,198,train,126.94026043943535,59.6,344.9,346.4,348.6,351.0,-44.9960627631579,31.0,0,0.022197368421052622,0.02400000000000002
vehicle_001_session_00199,vehicle_001,199,train,131.44411562857962,8.0,319.7,320.9,322.9,324.9,-45.090799473684214,28.69736842105263,1,0.019157894736842134,0.020999999999999908
vehicle_001_session_00200,vehicle_001,200,train,131.93980468533888,1.2,315.8,317.29999999999995,319.9,322.4,-49.9639964,32.0,0,0.02416000000000001,0.026000000000000245
vehicle_001_session_00201,vehicle_001,201,train,133.6343687021073,13.6,322.5,323.55,325.4,327.1,-45.148694210526315,32.89473684210526,1,0.018486842105263104,0.020999999999999908
vehicle_001_session_00202,vehicle_001,202,train,131.98214735243056,36.8,331.4,332.4,333.375,334.6,-45.11334346666666,34.10666666666667,1,0.01725333333333333,0.019000000000000128
vehicle_001_session_00203,vehicle_001,203,train,130.45499089692103,14.4,322.5,324.29999999999995,326.35,328.0,-51.84473947368421,28.0,0,0.01952631578947368,0.02200000000000024
vehicle_001_session_00204,vehicle_001,204,train,128.20271254657862,20.4,326.1,327.29999999999995,328.375,329.4,-44.818681066666684,21.88,1,0.01548000000000003,0.017000000000000348
vehicle_001_session_00205,vehicle_001,205,train,133.68029077493688,62.4,346.9,348.25,350.6,353.2,-44.91446513157895,27.526315789473685,1,0.022697368421052622,0.02400000000000002
vehicle_001_session_00206,vehicle_001,206,train,134.23700934244795,46.0,333.0,334.0,336.05,338.5,-45.19467746666667,27.30666666666667,1,0.02078666666666664,0.02400000000000002
vehicle_001_session_00207,vehicle_001,207,train,131.06904791005292,36.8,330.2,331.20000000000005,332.7,334.2,-52.007895526315785,24.894736842105264,1,0.01896052631578949,0.020000000000000018
vehicle_001_session_00208,vehicle_001,208,train,132.1165061219464,32.8,328.6,329.5,330.7,331.9,-49.64869421052632,28.842105263157894,1,0.01751315789473685,0.019000000000000128
vehicle_001_session_00209,vehicle_001,209,train,131.4888773160661,8.8,320.7,322.0,324.2,326.3,-50.70134346666668,23.0,0,0.01862666666666666,0.020000000000000018
vehicle_001_session_00210,vehicle_001,210,train,133.60609287058674,48.0,335.3,337.0,340.75,345.3,-74.17334106666667,31.253333333333334,2,0.03189333333333333,0.03500000000000014
vehicle_001_session_00211,vehicle_001,211,train,131.34626029005526,20.4,326.6,327.9,329.6,331.0,-74.33026986842104,28.55263157894737,1,0.02553947368421053,0.028000000000000025
vehicle_001_session_00212,vehicle_001,212,train,132.0397620428973,28.0,327.4,328.2,329.1,330.0,-45.11579947368421,32.0,0,0.015881578947368438,0.017000000000000348
vehicle_001_session_00213,vehicle_001,213,train,130.83200636942675,33.2,329.2,329.9,331.0,332.1,-45.0,30.173333333333332,1,0.016386666666666643,0.018000000000000238
vehicle_001_session_00214,vehicle_001,214,train,133.94796247916665,57.2,341.3,343.4,345.8,348.3,-44.71199106666666,31.933333333333334,1,0.022346666666666667,0.025000000000000355
vehicle_001_session_00215,vehicle_001,215,train,132.4631830309902,38.8,330.3,331.05,332.4,333.8,-44.907898157894735,29.039473684210527,1,0.01721052631578947,0.019000000000000128
vehicle_001_session_00216,vehicle_001,216,train,131.62460898248796,42.4,333.0,334.15,336.70000000000005,340.3,-70.47105394736843,31.736842105263158,1,0.027973684210526303,0.03299999999999992
vehicle_001_session_00217,vehicle_001,217,train,132.63613972222223,42.4,332.7,333.55,334.9,336.8,-45.09869407894737,28.13157894736842,1,0.019118421052631583,0.021999999999999797
vehicle_001_session_00218,vehicle_001,218,train,130.2074563186813,19.6,323.5,324.8125,326.9,327.8,-37.46666666666667,29.0,0,0.015053333333333287,0.019000000000000128
vehicle_001_session_00219,vehicle_001,219,train,130.98538912140376,8.0,321.0,322.6,325.4,327.8,-70.28421736842105,30.88157894736842,1,0.024881578947368387,0.027000000000000135
vehicle_001_session_00220,vehicle_001,220,train,129.77990841600527,15.6,321.7,323.35,325.7,327.1,-37.40399389333333,23.0,0,0.01605333333333332,0.019000000000000128
vehicle_001_session_00221,vehicle_001,221,train,131.0914004278674,30.4,329.2,330.9,332.5,334.4,-73.68290565789472,21.67105263157895,1,0.02493421052631582,0.027000000000000135
vehicle_001_session_00222,vehicle_001,222,train,131.61533689429012,62.0,346.4,347.9,350.4,353.0,-45.11974697368421,24.0,0,0.02293421052631581,0.02499999999999991
vehicle_001_session_00223,vehicle_001,223,train,132.96666713675214,47.2,332.7,334.79999999999995,336.9,339.7,-44.65394815789474,26.75,1,0.02211842105263152,0.028000000000000025
vehicle_001_session_00224,vehicle_001,224,train,131.91072135199656,23.2,327.1,328.5,329.9375,331.3,-70.17334333333334,26.0,2,0.023760000000000017,0.025000000000000355
vehicle_001_session_00225,vehicle_001,225,train,132.40708369084365,43.6,333.0,334.5,337.15,341.0,-70.66316802631577,27.789473684210527,2,0.028342105263157905,0.03300000000000036
vehicle_001_session_00226,vehicle_001,226,train,132.17700428906872,41.6,331.3,332.29999999999995,333.975,335.8,-50.62801000000001,29.653333333333332,1,0.020013333333333327,0.02300000000000013
vehicle_001_session_00227,vehicle_001,227,train,132.02326780431343,36.0,331.1,332.75,334.79999999999995,337.4,-74.05263552631578,20.86842105263158,2,0.02557894736842106,0.03000000000000025
vehicle_001_session_00228,vehicle_001,228,train,129.26904234294872,34.8,327.8,329.6,331.1,332.4,-37.65599237333333,22.0,0,0.014293333333333345,0.016000000000000014
vehicle_001_session_00229,vehicle_001,229,train,129.41555310935937,25.6,326.4,329.9,331.4,332.8,-69.6786736,20.32,2,0.022653333333333355,0.02400000000000002
vehicle_001_session_00230,vehicle_001,230,train,121.63502394471685,77.2,364.9,366.70000000000005,370.5,372.7,-64.27895355263159,26.907894736842106,1,0.03036842105263153,0.03300000000000036
vehicle_001_session_00231,vehicle_001,231,train,132.02692286324785,44.4,330.8,332.54999999999995,334.7,336.6,-37.59599976,23.0,0,0.017226666666666664,0.020000000000000018
vehicle_001_session_00232,vehicle_001,232,train,130.05416469358875,13.2,323.9,325.6,328.2,329.6,-70.4839984,21.52,1,0.026613333333333333,0.03000000000000025
vehicle_001_session_00233,vehicle_001,233,train,132.6889310846561,47.2,333.8,334.79999999999995,337.0,339.7,-45.01466786666666,26.0,0,0.022666666666666644,0.028000000000000025
vehicle_001_session_00234,vehicle_001,234,train,130.79451792114696,10.8,322.4,324.2,327.1,328.9,-69.76316118421053,23.973684210526315,1,0.026249999999999968,0.028999999999999915
vehicle_001_session_00235,vehicle_001,235,train,128.2521792703824,36.0,331.6,332.8,334.775,337.5,-73.5880088,24.626666666666665,1,0.026573333333333306,0.029999999999999805
vehicle_001_session_00236,vehicle_001,236,train,129.9174026766451,15.2,324.6,326.05,328.55,329.9,-69.37894526315789,25.236842105263158,1,0.0246578947368421,0.028000000000000025
vehicle_001_session_00237,vehicle_001,237,train,129.47580869341564,16.8,322.5,324.15,326.4,327.5,-37.59341723684211,21.88157894736842,1,0.017434210526315767,0.020000000000000018
vehicle_001_session_00238,vehicle_001,238,train,129.6130606830699,24.0,326.4,327.2,328.3,329.1,-40.01052736842105,22.026315789473685,1,0.013868421052631589,0.015000000000000124
vehicle_001_session_00239,vehicle_001,239,train,127.33733247685188,18.4,324.9,326.4,327.6,328.5,-39.6184407894737,22.0,0,0.014250000000000037,0.016000000000000014
vehicle_001_session_00240,vehicle_001,240,train,131.81408724662165,30.4,329.2,330.75,332.4,334.1,-73.84474289473684,21.81578947368421,2,0.025986842105263166,0.028000000000000025
vehicle_001_session_00241,vehicle_001,241,train,132.05269583824688,10.0,321.7,323.45000000000005,326.35,328.6,-74.43815539473685,26.63157894736842,1,0.02694736842105261,0.028999999999999915
vehicle_001_session_00242,vehicle_001,242,train,128.8056987957611,28.4,328.2,329.2,330.4,331.6,-50.22237868421053,22.0,0,0.017842105263157923,0.019000000000000128
vehicle_001_session_00243,vehicle_001,243,train,130.93017946759258,19.6,325.3,326.3,327.8,328.9,-50.003947763157896,25.855263157894736,1,0.017657894736842088,0.020999999999999908
vehicle_001_session_00244,vehicle_001,244,train,130.21756212121215,40.4,332.4,333.70000000000005,336.05,339.3,-69.89736394736842,26.026315789473685,2,0.027368421052631545,0.03200000000000003
vehicle_001_session_00245,vehicle_001,245,train,130.53036285743465,32.8,329.1,329.9,331.20000000000005,332.5,-50.0080028,22.76,1,0.017613333333333342,0.019000000000000128
vehicle_001_session_00246,vehicle_001,246,train,126.39619018006701,17.2,325.8,326.65,328.2,329.1,-49.5,24.0,0,0.01680000000000001,0.019000000000000128
vehicle_001_session_00247,vehicle_001,247,train,132.3492835035403,28.8,329.1,330.6,332.2,333.9,-70.2184322368421,21.592105263157894,1,0.023197368421052647,0.02499999999999991
vehicle_001_session_00248,vehicle_001,248,train,132.85938668536326,48.8,339.1,341.05,344.79999999999995,348.6,-70.10527039473683,24.776315789473685,1,0.03121052631578945,0.03400000000000025
vehicle_001_session_00249,vehicle_001,249,train,129.98641139020745,34.4,330.2,331.65,333.5,335.7,-70.17895815789473,24.605263157894736,1,0.024592105263157915,0.027000000000000135
vehicle_001_session_00250,vehicle_001,250,train,125.79499224843636,11.2,322.5,323.9,325.1,326.0,-39.373688289473684,28.986842105263158,1,0.016618421052631584,0.020000000000000018
vehicle_001_session_00251,vehicle_001,251,train,133.44701707746478,15.6,322.2,323.8,325.75,327.2,-44.96667666666667,28.0,0,0.01946666666666662,0.02200000000000024
vehicle_001_session_00252,vehicle_001,252,train,133.5535360428051,43.6,333.0,334.65,336.05,337.8,-44.96843118421053,30.736842105263158,1,0.020092105263157856,0.02300000000000013
vehicle_001_session_00253,vehicle_001,253,train,130.53730506555036,31.6,329.7,330.6,331.4,332.4,-45.098693947368425,28.93421052631579,1,0.016394736842105267,0.018000000000000238
vehicle_001_session_00254,vehicle_001,254,train,134.2811546734234,50.8,335.8,337.29999999999995,340.2375,343.3,-45.086676800000006,29.0,0,0.02662666666666667,0.02900000000000036
vehicle_001_session_00255,vehicle_001,255,train,130.7957783365262,28.0,326.3,328.3,329.4,330.3,-44.652001066666664,25.0,0,0.015693333333333347,0.017000000000000348
vehicle_001_session_00256,vehicle_001,256,train,131.71385598958335,38.4,331.3,332.45,334.4,336.9,-69.937336,27.906666666666666,2,0.02538666666666668,0.028999999999999915
vehicle_001_session_00257,vehicle_001,257,train,133.39219230158733,57.6,341.0,343.8375,346.4,348.9,-44.65715285714286,29.792207792207794,1,0.023064935064935045,0.026000000000000245
vehicle_001_session_00258,vehicle_001,258,train,130.95872950006148,7.2,320.5,322.29999999999995,325.2,327.7,-74.10134053333334,31.0,0,0.02737333333333331,0.029999999999999805
vehicle_001_session_00259,vehicle_001,259,train,129.53463357674687,20.0,326.6,327.9,329.6,331.0,-70.50131907894738,29.763157894736842,1,0.023973684210526328,0.026000000000000245
vehicle_001_session_00260,vehicle_001,260,train,130.48889311172388,14.4,323.8,325.3,327.8,329.6,-70.06842592105262,31.026315789473685,0,0.024986842105263158,0.028000000000000025
vehicle_001_session_00261,vehicle_001,261,train,132.16628894971618,42.8,332.7,334.0,336.4,339.9,-70.76185828947368,33.5,1,0.02840789473684209,0.03200000000000003
vehicle_001_session_00262,vehicle_001,262,train,130.62241177476741,16.4,324.7,326.05,328.4,329.9,-69.63685210526315,30.973684210526315,1,0.024526315789473677,0.027000000000000135
vehicle_001_session_00263,vehicle_001,263,train,132.36518439393942,41.6,332.4,333.5,335.75,338.9,-70.72632907894736,33.35526315789474,1,0.027565789473684182,0.03200000000000003
vehicle_001_session_00264,vehicle_001,264,train,130.36831692433387,9.2,321.4,323.4,326.20000000000005,328.5,-70.11316394736842,25.94736842105263,1,0.02663157894736839,0.028999999999999915
vehicle_001_session_00265,vehicle_001,265,train,130.89032456790127,13.2,323.9,325.6,328.25,329.7,-70.04868763157894,22.81578947368421,1,0.025723684210526294,0.028999999999999915
vehicle_001_session_00266,vehicle_001,266,train,130.980597390757,15.6,324.7,326.35,328.85,330.2,-70.05733746666668,21.933333333333334,2,0.024066666666666674,0.027000000000000135
vehicle_001_session_00267,vehicle_001,267,train,129.3687427910053,28.8,328.2,329.1,330.25,331.4,-50.201326052631586,24.0,0,0.017723684210526332,0.019000000000000128
vehicle_001_session_00268,vehicle_001,268,train,130.42770490867582,38.4,329.9,331.35,332.8,334.4,-44.846666666666664,22.733333333333334,1,0.01745333333333335,0.020000000000000018
vehicle_001_session_00269,vehicle_001,269,train,131.8300991344851,15.6,323.8,325.4,328.0,329.6,-70.4539427631579,26.43421052631579,1,0.025789473684210525,0.028999999999999915
vehicle_001_session_00270,vehicle_001,270,train,130.80953796977127,36.4,328.9,331.4,333.1,334.9,-60.25395499999999,25.855263157894736,1,0.02177631578947371,0.02400000000000002
vehicle_001_session_00271,vehicle_001,271,train,131.22389668868564,8.0,320.8,322.54999999999995,325.25,327.7,-70.36052605263158,28.855263157894736,1,0.02561842105263155,0.028000000000000025
vehicle_001_session_00272,vehicle_001,272,train,132.9303964467593,73.2,357.2,358.75,362.4,366.6,-70.21600653333334,32.666666666666664,1,0.03270666666666674,0.03500000000000014
vehicle_001_session_00273,vehicle_001,273,train,132.69193685779254,52.4,337.2,338.55,341.70000000000005,344.6,-44.93025618421052,31.407894736842106,1,0.02707894736842105,0.03000000000000025
vehicle_001_session_00274,vehicle_001,274,train,129.64354470762564,35.2,330.3,331.7,333.5375,335.7,-70.02533746666667,26.32,1,0.024426666666666694,0.028000000000000025
vehicle_001_session_00275,vehicle_001,275,train,131.82092025584797,59.6,345.7,347.75,351.175,355.0,-70.11867279999998,25.84,1,0.030399999999999986,0.03200000000000003
vehicle_001_session_00276,vehicle_001,276,train,129.30520561487995,18.4,325.2,326.20000000000005,327.8,328.8,-50.10534093333334,24.0,0,0.018466666666666645,0.021999999999999797
vehicle_001_session_00277,vehicle_001,277,train,129.62396721511996,27.2,328.9,330.0,331.5,333.0,-74.09211184210525,28.210526315789473,2,0.024868421052631606,0.027000000000000135
vehicle_001_session_00278,vehicle_001,278,train,129.07672351611635,30.0,328.8,329.6,330.7,331.7,-44.91732506666666,19.6,1,0.016293333333333333,0.018000000000000238
vehicle_001_session_00279,vehicle_001,279,train,132.1595250209531,51.2,337.4,339.65,344.4125,348.6,-74.0360036,22.44,2,0.03397333333333333,0.038000000000000256
vehicle_001_session_00280,vehicle_001,280,train,127.04849477124183,29.6,329.9,331.35,333.0,334.7,-69.99733653333332,18.066666666666666,2,0.023586666666666676,0.0259999999999998
vehicle_001_session_00281,vehicle_001,281,train,128.733621997431,28.4,327.5,328.0,328.6,329.2,-25.99866653333333,23.0,0,0.01045333333333336,0.01200000000000001
vehicle_001_session_00282,vehicle_001,282,train,131.9821881184104,42.8,331.7,332.7,334.29999999999995,336.3,-45.11053644736843,27.42105263157895,1,0.01931578947368424,0.02200000000000024
vehicle_001_session_00283,vehicle_001,283,train,131.10422790316358,9.2,319.4,321.4,323.5,325.3,-44.8866768,26.0,0,0.019039999999999998,0.020999999999999908
vehicle_001_session_00284,vehicle_001,284,train,131.36819928273346,12.0,321.3,322.29999999999995,324.2,326.1,-45.209344266666676,31.0,0,0.01899999999999998,0.020000000000000018
vehicle_001_session_00285,vehicle_001,285,train,131.72664468772118,34.8,330.2,331.35,333.0,335.0,-70.59342802631579,29.736842105263158,1,0.024842105263157915,0.028000000000000025
vehicle_001_session_00286,vehicle_001,286,train,133.2251982124486,70.0,354.3,356.05,359.65,363.8,-70.68290486842105,28.69736842105263,1,0.031986842105263126,0.03300000000000036
vehicle_001_session_00287,vehicle_001,287,train,131.22567119190268,23.2,327.2,328.8,330.3,331.6,-70.34868907894736,25.93421052631579,2,0.02336842105263161,0.025000000000000355
vehicle_001_session_00288,vehicle_001,288,train,130.70364546058005,12.8,323.3,324.9,327.7375,329.4,-70.73334613333336,23.906666666666666,1,0.02528,0.028000000000000025
vehicle_001_session_00289,vehicle_001,289,train,132.16372081631266,16.0,323.6,325.2,327.75,329.4,-70.13553592105264,30.855263157894736,1,0.026947368421052633,0.03000000000000025
vehicle_001_session_00290,vehicle_001,290,train,130.07502973442192,31.2,327.1,329.6,330.8,332.2,-51.648694473684216,28.539473684210527,1,0.018552631578947393,0.020000000000000018
vehicle_001_session_00291,vehicle_001,291,train,133.7529286771402,52.8,339.9,340.675,343.6,346.6,-52.10520480519481,25.83116883116883,1,0.028948051948052,0.03200000000000003
vehicle_001_session_00292,vehicle_001,292,train,135.11865734477126,56.4,343.6,344.9,347.1,349.7,-45.19737842105264,24.55263157894737,1,0.023960526315789446,0.026000000000000245
vehicle_001_session_00293,vehicle_001,293,train,131.48366586724808,25.2,328.0,329.2,330.6,331.9,-70.19737894736842,26.710526315789473,1,0.02310526315789473,0.025000000000000355
vehicle_001_session_00294,vehicle_001,294,train,130.93312466385936,60.0,347.4,349.20000000000005,352.29999999999995,356.3,-70.11711263157895,30.93421052631579,1,0.03194736842105264,0.03400000000000025
vehicle_001_session_00295,vehicle_001,295,train,130.720671961326,23.2,327.4,328.70000000000005,330.2,331.4,-70.21974881578947,25.736842105263158,1,0.02367105263157898,0.025000000000000355
vehicle_001_session_00296,vehicle_001,296,train,132.61069261989,41.2,331.6,332.45,334.2,336.1,-49.97500394736842,28.092105263157894,1,0.020342105263157897,0.02300000000000013
vehicle_001_session_00297,vehicle_001,297,train,130.23468028612632,24.4,327.1,328.0,329.15,330.0,-50.103953947368424,25.93421052631579,1,0.017105263157894762,0.018000000000000238
vehicle_001_session_00298,vehicle_001,298,train,130.41141691969565,22.0,327.1,328.3,329.95,331.3,-74.15658855263156,27.63157894736842,1,0.02497368421052633,0.027000000000000135
vehicle_001_session_00299,vehicle_001,299,train,135.7384377623457,61.6,346.4,348.4,351.9,356.0,-70.36133866666665,31.506666666666668,1,0.03176000000000004,0.03399999999999981
vehicle_001_session_00300,vehicle_001,300,train,130.5689130108173,14.4,323.5,324.95,327.75,329.4,-70.94210315789475,30.763157894736842,1,0.025473684210526325,0.028999999999999915
vehicle_001_session_00301,vehicle_001,301,train,130.99836699906845,32.0,329.4,330.6,332.2,333.9,-70.62632460526314,31.11842105263158,2,0.024644736842105264,0.027000000000000135
vehicle_001_session_00302,vehicle_001,302,train,131.66655166218638,24.4,327.4,328.9,330.3,331.6,-70.17500999999999,26.263157894736842,2,0.02343421052631582,0.025000000000000355
vehicle_001_session_00303,vehicle_001,303,train,129.4898129310345,30.0,327.5,328.9,329.9,330.8,-39.853956315789475,27.907894736842106,1,0.014855263157894748,0.016999999999999904
vehicle_001_session_00304,vehicle_001,304,train,131.60281079881653,9.6,320.2,321.35,323.3,325.0,-45.00666733333333,29.0,0,0.01928000000000001,0.02100000000000035
vehicle_001_session_00305,vehicle_001,305,train,133.72803876212518,50.8,336.6,337.75,340.7,343.8,-45.101325789473684,30.644736842105264,1,0.028486842105263147,0.03100000000000014
vehicle_001_session_00306,vehicle_001,306,train,131.41388864293984,16.0,323.8,324.7,326.475,327.8,-44.90265693333333,27.0,0,0.018919999999999958,0.02100000000000035
vehicle_001_session_00307,vehicle_001,307,train,129.98067732243848,30.8,329.2,330.7,332.2,333.9,-70.24267346666666,26.746666666666666,1,0.02450666666666669,0.026000000000000245
vehicle_001_session_00308,vehicle_001,308,train,133.44582260101012,61.6,347.4,349.6,353.375,357.5,-74.03333626666665,24.906666666666666,1,0.03367999999999999,0.03600000000000003
vehicle_001_session_00309,vehicle_001,309,train,129.9711464917696,43.6,332.2,335.1,337.9,342.2,-69.89869986842105,21.67105263157895,1,0.029855263157894715,0.03699999999999992
vehicle_001_session_00310,vehicle_001,310,train,131.11664882946735,5.2,318.3,319.9,322.45,324.6,-52.200010000000006,25.0,0,0.024157894736842128,0.027000000000000135
vehicle_001_session_00311,vehicle_001,311,train,130.64699007474107,50.4,337.1,339.20000000000005,343.6,348.0,-70.03816118421051,25.039473684210527,2,0.034499999999999996,0.039000000000000146
vehicle_001_session_00312,vehicle_001,312,train,128.35767352162082,20.0,325.8,326.9,328.3,329.2,-49.96447013157894,24.736842105263158,1,0.017315789473684232,0.019000000000000128
vehicle_001_session_00313,vehicle_001,313,train,131.0174344852941,29.6,327.5,328.3,329.2,330.0,-40.10801000000001,29.76,1,0.014813333333333342,0.016000000000000014
vehicle_001_session_00314,vehicle_001,314,train,129.24640331721235,30.4,329.1,330.7,332.2,333.9,-70.22801319999999,25.493333333333332,1,0.023933333333333372,0.026000000000000245
vehicle_001_session_00315,vehicle_001,315,train,133.49126590811966,55.2,340.7,342.29999999999995,345.4,348.3,-50.200010000000006,23.763157894736842,1,0.027618421052631598,0.03200000000000003
vehicle_001_session_00316,vehicle_001,316,train,128.3811194525194,12.8,322.5,323.4,325.1,326.6,-39.82106736842107,27.92105263157895,1,0.01796052631578943,0.020000000000000018
vehicle_001_session_00317,vehicle_001,317,train,129.60281785475232,30.4,327.2,328.9,329.9,330.8,-39.780010000000004,25.0,0,0.014773333333333334,0.016999999999999904
vehicle_001_session_00318,vehicle_001,318,train,127.53403643162393,22.8,326.6,327.7,328.6888888888889,329.6,-39.93289578947368,19.0,0,0.013802631578947408,0.015000000000000124
vehicle_001_session_00319,vehicle_001,319,train,127.63888931492843,27.2,326.1,327.2,328.0,328.6,-25.884212105263156,18.0,0,0.010315789473684202,0.01100000000000012
vehicle_001_session_00320,vehicle_001,320,train,129.98178157276993,38.4,330.5,331.4,333.0,334.6,-44.91314921052631,19.32894736842105,1,0.017789473684210525,0.020000000000000018
vehicle_001_session_00321,vehicle_001,321,train,130.43303982758624,39.6,331.7,333.0,335.25,338.0,-70.32632065789473,24.026315789473685,2,0.027065789473684182,0.03100000000000014
vehicle_001_session_00322,vehicle_001,322,train,129.75451800294618,16.8,324.1,325.2,326.975,328.2,-45.19467666666667,22.0,0,0.01789333333333331,0.020999999999999908
vehicle_001_session_00323,vehicle_001,323,train,126.18894398148149,20.8,326.6,327.7,328.8,329.7,-45.001333466666665,22.0,0,0.015493333333333343,0.016999999999999904
vehicle_001_session_00324,vehicle_001,324,train,130.8261983595008,42.4,330.5,333.0,334.825,337.1,-49.505263552631575,27.710526315789473,1,0.021513157894736838,0.02499999999999991
vehicle_001_session_00325,vehicle_001,325,train,130.73520258512545,36.0,329.2,329.9,331.05,332.2,-40.114483684210526,28.86842105263158,1,0.015697368421052644,0.017000000000000348
vehicle_001_session_00326,vehicle_001,326,train,130.69535506038648,52.0,337.5,339.0,342.29999999999995,345.3,-49.97236565789473,30.0,0,0.03063157894736846,0.03399999999999981
vehicle_001_session_00327,vehicle_001,327,train,132.60328781467015,9.6,320.7,322.29999999999995,325.04999999999995,327.5,-70.26579881578948,31.776315789473685,1,0.02764473684210525,0.03000000000000025
vehicle_001_session_00328,vehicle_001,328,train,129.80982688545404,60.8,348.6,349.35,352.4,356.1,-70.16267373333335,36.8,1,0.033653333333333375,0.03500000000000014
vehicle_001_session_00329,vehicle_001,329,train,126.40729080646288,18.0,324.9,325.75,326.79999999999995,327.7,-33.076321842105266,15.907894736842104,1,0.012263157894736806,0.014000000000000234
vehicle_001_session_00330,vehicle_001,330,train,130.9077005292339,48.0,335.2,337.15,341.0,345.7,-70.4289525,21.394736842105264,1,0.03414473684210526,0.0389999999999997
vehicle_001_session_00331,vehicle_001,331,train,131.1943992733391,10.4,320.5,321.79999999999995,324.0,326.1,-50.202641973684216,24.18421052631579,0,0.021355263157894745,0.02300000000000013
vehicle_001_session_00332,vehicle_001,332,train,130.61574676276655,18.8,322.7,324.79999999999995,326.3375,327.5,-39.655992266666665,20.0,0,0.01790666666666663,0.020999999999999908
vehicle_001_session_00333,vehicle_001,333,train,127.45846189429011,25.6,328.6,330.0,331.6,333.2,-70.45000592105262,17.82894736842105,2,0.023421052631578957,0.025000000000000355
vehicle_001_session_00334,vehicle_001,334,train,130.0522213215072,57.2,343.3,345.25,348.25,351.1,-50.253348666666675,16.946666666666665,1,0.026293333333333346,0.03000000000000025
vehicle_001_session_00335,vehicle_001,335,train,130.20568381944446,60.0,346.3,349.20000000000005,353.0,356.9,-70.13067653333334,14.44,1,0.03165333333333334,0.03399999999999981
vehicle_001_session_00336,vehicle_001,336,train,130.85525081845242,47.2,334.1,335.4,338.0,341.3,-49.99333266666667,20.08,1,0.026986666666666624,0.03299999999999992
vehicle_001_session_00337,vehicle_001,337,train,129.23135036934914,16.0,323.6,324.95,326.7,328.0,-46.085338666666665,17.6,1,0.017826666666666647,0.020999999999999908
vehicle_001_session_00338,vehicle_001,338,train,125.67361778428818,20.8,327.7,329.15,330.7,332.1,-70.56133946666667,20.586666666666666,1,0.023066666666666714,0.025000000000000355
vehicle_001_session_00339,vehicle_001,339,train,128.609802702126,26.0,328.3,329.79999999999995,331.35,333.0,-74.12106078947369,24.55263157894737,1,0.02536842105263159,0.027000000000000135
vehicle_001_session_00340,vehicle_001,340,train,127.46703193785163,34.4,331.1,332.6,334.6,337.1,-70.52368657894738,17.026315789473685,2,0.024710526315789474,0.028000000000000025
vehicle_001_session_00341,vehicle_001,341,train,129.59463558094384,18.0,325.8,327.45,329.5,330.7,-70.04474144736842,20.63157894736842,1,0.02355263157894738,0.026000000000000245
vehicle_001_session_00342,vehicle_001,342,train,131.8306402142615,64.8,350.0,352.1,355.575,359.6,-70.43733813333334,24.84,1,0.03304000000000001,0.03400000000000025
vehicle_001_session_00343,vehicle_001,343,train,128.0213099045139,33.2,330.3,331.7,333.5375,335.7,-70.2293432,21.52,1,0.024773333333333376,0.028000000000000025
vehicle_001_session_00344,vehicle_001,344,train,130.25175052552552,8.8,320.5,321.5,323.55,325.3,-45.007895526315785,23.81578947368421,1,0.0194078947368421,0.02200000000000024
vehicle_001_session_00345,vehicle_001,345,train,128.84909470583645,26.4,327.5,328.6,329.9,331.0,-50.30934120000001,17.933333333333334,1,0.017453333333333335,0.019000000000000128
vehicle_001_session_00346,vehicle_001,346,train,129.01447128349312,7.2,321.1,323.25,326.05,328.5,-70.56974368421054,21.289473684210527,1,0.025631578947368363,0.028999999999999915
vehicle_001_session_00347,vehicle_001,347,train,128.15370955924038,19.2,326.7,328.4,329.9375,331.3,-69.5320032,21.973333333333333,2,0.022560000000000024,0.02499999999999991
vehicle_001_session_00348,vehicle_001,348,train,128.5322264217836,21.6,324.7,326.1,327.2,328.0,-32.92133839999999,22.0,0,0.012266666666666653,0.014000000000000234
vehicle_001_session_00349,vehicle_001,349,train,124.86889734848485,26.8,327.4,328.0,328.8,329.6,-25.001315921052633,13.0,0,0.010315789473684249,0.01200000000000001
vehicle_001_session_00350,vehicle_001,350,train,126.50828923941799,52.8,343.3,345.2,347.7,350.5,-49.99737842105263,16.394736842105264,1,0.02792105263157893,0.03299999999999992
vehicle_001_session_00351,vehicle_001,351,train,131.33775631944445,67.6,352.1,353.70000000000005,356.3,358.9,-44.90130592105263,11.763157894736842,1,0.02490789473684215,0.026000000000000245
vehicle_001_session_00352,vehicle_001,352,train,128.7674651284349,29.6,328.0,329.1,330.3,331.6,-50.23685460526317,20.0,0,0.01757894736842105,0.019000000000000128
vehicle_001_session_00353,vehicle_001,353,train,130.9918958597047,66.0,352.7,353.70000000000005,356.1,358.9,-50.24934266666668,23.56,1,0.028186666666666683,0.029999999999999805
vehicle_001_session_00354,vehicle_001,354,train,128.5638196905525,24.8,327.7,328.70000000000005,329.95,331.0,-50.24801026666668,21.666666666666668,1,0.01730666666666665,0.019000000000000128
vehicle_001_session_00355,vehicle_001,355,train,126.80624702861957,31.6,329.1,329.9,331.1,332.4,-45.5680052,20.386666666666667,1,0.016906666666666688,0.019000000000000128
vehicle_001_session_00356,vehicle_001,356,train,128.35692172912556,30.0,328.2,329.1,330.2,331.1,-45.020002,24.0,0,0.016560000000000005,0.019000000000000128
vehicle_001_session_00357,vehicle_001,357,train,127.59679850838268,17.6,324.6,325.6,327.2,328.3,-45.11053631578948,25.0,0,0.018473684210526267,0.02200000000000024
vehicle_001_session_00358,vehicle_001,358,train,127.98989892343664,18.0,326.0,327.4,329.2,330.5,-70.4359968,26.093333333333334,2,0.024800000000000016,0.028999999999999915
vehicle_001_session_00359,vehicle_001,359,train,131.99734173441735,52.8,339.1,341.20000000000005,345.4,349.6,-70.06974210526315,28.06578947368421,2,0.03694736842105264,0.041999999999999815
vehicle_001_session_00360,vehicle_001,360,train,127.42625494227994,26.8,329.1,330.25,331.7,333.3,-70.08133933333333,20.933333333333334,2,0.023293333333333378,0.02499999999999991
vehicle_001_session_00361,vehicle_001,361,train,127.04807890668624,18.0,326.4,328.1,329.9,331.1,-74.0368472368421,23.57894736842105,1,0.02501315789473685,0.028000000000000025
vehicle_001_session_00362,vehicle_001,362,train,128.68029279748498,8.8,321.6,323.25,326.05,328.3,-70.29343302631578,26.855263157894736,1,0.026421052631578908,0.028999999999999915
vehicle_001_session_00363,vehicle_001,363,train,127.05410745344064,27.6,328.9,330.1,331.6,333.0,-69.5240024,24.88,2,0.023573333333333356,0.0259999999999998
vehicle_001_session_00364,vehicle_001,364,train,130.62650046198212,47.6,335.0,336.5,339.95,344.6,-69.49599959999999,28.6,1,0.03557333333333331,0.04100000000000037
vehicle_001_session_00365,vehicle_001,365,train,126.2938617572787,22.8,327.1,327.8,328.9,329.9,-45.010667733333335,25.026666666666667,0,0.015893333333333353,0.018000000000000238
vehicle_001_session_00366,vehicle_001,366,train,127.00572547004563,44.0,333.3,334.29999999999995,335.2375,336.4,-28.865340800000002,24.0,0,0.017800000000000028,0.020999999999999908
vehicle_001_session_00367,vehicle_001,367,train,126.88873172348487,44.0,332.8,333.85,335.7125,337.8,-45.01447513157895,24.94736842105263,1,0.022855263157894726,0.027000000000000135
vehicle_001_session_00368,vehicle_001,368,train,123.98954115158203,26.4,326.4,327.4,328.3,328.9,-28.87106131578948,25.973684210526315,1,0.01153947368421054,0.013000000000000345
vehicle_001_session_00369,vehicle_001,369,train,127.07894403894718,40.4,331.4,333.8,336.05,339.3,-69.21866973333334,28.746666666666666,1,0.028919999999999987,0.03400000000000025
vehicle_001_session_00370,vehicle_001,370,train,126.65162646729388,52.0,338.6,340.75,345.2,349.3,-71.0039477631579,31.67105263157895,1,0.038210526315789486,0.04400000000000004
vehicle_001_session_00371,vehicle_001,371,train,128.67140670882935,64.0,349.4,351.0,354.35,358.5,-70.92894026315788,32.88157894736842,1,0.035552631578947384,0.037000000000000366
vehicle_001_session_00372,vehicle_001,372,train,127.22468312062068,53.2,339.6,342.25,346.35,350.5,-71.02632105263157,29.513157894736842,1,0.03765789473684209,0.04400000000000004
vehicle_001_session_00373,vehicle_001,373,train,127.47080518382357,52.8,339.3,341.20000000000005,345.4,349.4,-69.35733666666665,30.0,0,0.03817333333333333,0.04400000000000004
vehicle_001_session_00374,vehicle_001,374,train,125.61798369553915,16.8,323.0,324.75,326.7,327.8,-37.27762239736842,26.0,0,0.01847368421052629,0.02200000000000024
vehicle_001_session_00375,vehicle_001,375,train,126.61561670289858,39.6,332.4,333.6,335.875,339.1,-74.02400453333334,30.2,2,0.03033333333333332,0.03500000000000014
vehicle_001_session_00376,vehicle_001,376,train,128.43967107308205,64.0,349.6,351.20000000000005,354.6,358.6,-69.74080407894738,32.89473684210526,1,0.035460526315789526,0.037000000000000366
vehicle_001_session_00377,vehicle_001,377,train,125.71283857496198,39.6,332.2,333.55,335.9,339.1,-69.41972881578948,22.973684210526315,2,0.028328947368421013,0.03399999999999981
vehicle_001_session_00378,vehicle_001,378,train,126.51777861647881,14.8,324.7,326.20000000000005,328.6,329.9,-70.25068173333334,24.986666666666668,1,0.026026666666666667,0.029999999999999805
vehicle_001_session_00379,vehicle_001,379,train,127.74346991689434,48.8,336.4,338.1,342.29999999999995,346.8,-70.42631671052631,25.94736842105263,2,0.03781578947368419,0.042999999999999705
vehicle_001_session_00380,vehicle_001,380,train,125.399389257226,25.2,328.3,329.9,331.4,333.0,-70.26579842105262,20.157894736842106,2,0.023276315789473746,0.025000000000000355
vehicle_001_session_00381,vehicle_001,381,train,125.92653090277777,21.6,327.5,329.0,330.5,331.7,-70.07105763157894,19.61842105263158,1,0.02327631578947368,0.025000000000000355
vehicle_001_session_00382,vehicle_001,382,train,127.31517949159021,41.6,333.0,334.4,337.15,340.8,-69.91579105263156,22.592105263157894,1,0.03048684210526315,0.03699999999999992
vehicle_001_session_00383,vehicle_001,383,train,125.23596366624257,32.0,329.9,331.6,333.4,335.5,-70.08947986842104,20.539473684210527,1,0.024421052631578986,0.027000000000000135
vehicle_001_session_00384,vehicle_001,384,train,128.23555327614383,63.6,349.4,351.5,355.2375,359.4,-70.42665933333332,19.85333333333333,1,0.03513333333333336,0.03699999999999992
vehicle_001_session_00385,vehicle_001,385,train,126.16818269268389,40.8,332.7,334.29999999999995,336.85,340.3,-69.53026618421053,22.144736842105264,2,0.029842105263157857,0.03600000000000003
vehicle_001_session_00386,vehicle_001,386,train,126.88749735738261,38.0,331.6,332.875,335.0,337.7,-70.78935013333333,21.68,1,0.027213333333333332,0.03200000000000003
vehicle_001_session_00387,vehicle_001,387,train,126.6634334849374,40.8,332.8,334.2,336.8,340.2,-69.90525789473685,21.355263157894736,2,0.02968421052631575,0.03600000000000003
vehicle_001_session_00388,vehicle_001,388,train,127.2806283564815,55.6,341.1,344.79999999999995,348.85,352.8,-70.12763302631579,24.18421052631579,1,0.0358421052631579,0.04200000000000026
vehicle_001_session_00389,vehicle_001,389,train,126.2357427900327,16.0,325.3,327.1,329.2,330.5,-69.98421078947368,21.56578947368421,1,0.024763157894736848,0.029999999999999805
vehicle_001_session_00390,vehicle_001,390,train,126.00209811342593,48.4,336.4,338.55,343.0,347.5,-70.46710460526316,20.44736842105263,1,0.03750000000000002,0.04200000000000026
vehicle_001_session_00391,vehicle_001,391,train,125.56456525143682,39.6,332.4,333.9,336.4,339.7,-69.73685578947368,18.38157894736842,2,0.028671052631578917,0.03500000000000014
vehicle_001_session_00392,vehicle_001,392,train,125.72557624958418,30.8,329.9,331.0,332.6,334.4,-70.11448342105264,23.605263157894736,1,0.02444736842105265,0.027000000000000135
vehicle_001_session_00393,vehicle_001,393,train,127.71343476422493,48.0,336.0,337.6,341.35,346.0,-69.30268586666666,30.52,1,0.03773333333333332,0.04200000000000026
vehicle_001_session_00394,vehicle_001,394,train,128.7775787080713,55.2,339.3,340.5,342.4375,344.3,-27.428008666666663,31.0,0,0.030493333333333372,0.03400000000000025
vehicle_001_session_00395,vehicle_001,395,train,126.57273633224708,26.0,328.5,329.6,330.9,332.4,-70.23067586666666,30.746666666666666,1,0.024266666666666725,0.026000000000000245
vehicle_001_session_00396,vehicle_001,396,train,125.32235632427214,22.8,327.8,329.0,330.5,331.9,-70.10000973684211,28.486842105263158,1,0.023552631578947405,0.0259999999999998
vehicle_001_session_00397,vehicle_001,397,train,125.95915730274825,22.4,325.3,326.0,326.775,327.5,-26.100010000000005,28.0,0,0.01129333333333331,0.01399999999999979
vehicle_001_session_00398,vehicle_001,398,train,124.23384922161175,31.6,329.1,329.9,331.0,332.2,-45.19343105263159,26.723684210526315,1,0.017500000000000012,0.019000000000000128
vehicle_001_session_00399,vehicle_001,399,train,127.77164253216914,43.2,333.3,334.5,337.15,340.8,-70.52800493333334,29.626666666666665,1,0.03222666666666665,0.039000000000000146
vehicle_001_session_00400,vehicle_001,400,train,122.62354374284078,20.4,327.2,328.6,330.2,331.4,-70.09867360000001,28.746666666666666,1,0.02357333333333336,0.026000000000000245
vehicle_001_session_00401,vehicle_001,401,train,124.61873752223595,16.4,324.4,326.05,327.5,328.6,-44.62799666666667,29.186666666666667,1,0.02032000000000002,0.02400000000000002
vehicle_001_session_00402,vehicle_001,402,train,122.60869684787328,27.6,329.2,329.9,330.7,331.6,-45.17369421052632,31.0,0,0.017250000000000015,0.019000000000000128
vehicle_001_session_00403,vehicle_001,403,train,126.69060944772903,38.4,331.4,332.7,334.7,337.4,-70.18553565789473,31.960526315789473,2,0.02844736842105262,0.03299999999999992
vehicle_001_session_00404,vehicle_001,404,train,125.55137922685188,38.0,331.4,332.5888888888889,334.6375,337.2,-70.16534360000001,30.706666666666667,1,0.028280000000000013,0.03200000000000003
vehicle_001_session_00405,vehicle_001,405,train,125.41209954780365,11.6,323.2,324.65,327.4,329.2,-70.597342,31.026666666666667,0,0.027453333333333305,0.029999999999999805
vehicle_001_session_00406,vehicle_001,406,train,125.71101816239319,9.2,322.1,323.4,326.05,328.3,-70.3539517105263,36.0,0,0.02788157894736838,0.029999999999999805
vehicle_001_session_00407,vehicle_001,407,train,125.8572778232007,8.400001,321.4,323.1,325.9,328.3,-70.0907982894737,32.96052631578947,1,0.027526315789473628,0.03000000000000025
vehicle_001_session_00408,vehicle_001,408,train,125.34594870634922,27.6,328.9,329.9,331.5,333.0,-70.17334333333334,35.586666666666666,1,0.025040000000000003,0.027000000000000135
vehicle_001_session_00409,vehicle_001,409,train,125.36635965648601,15.2,324.7,326.0,328.4,329.9,-69.9842125,34.0,0,0.027328947368421046,0.03299999999999992
vehicle_001_session_00410,vehicle_001,410,train,125.47972722065289,26.8,329.2,330.25,331.7,333.3,-70.12632407894735,29.06578947368421,2,0.024263157894736858,0.026000000000000245
vehicle_001_session_00411,vehicle_001,411,train,124.51685803667745,15.6,325.3,326.7,329.1375,330.5,-69.70534653333334,20.866666666666667,1,0.02528000000000002,0.03000000000000025
vehicle_001_session_00412,vehicle_001,412,train,126.37885294256125,74.0,357.5,358.85,361.70000000000005,364.7,-50.60790473684211,27.263157894736842,1,0.03144736842105265,0.03300000000000036
vehicle_001_session_00413,vehicle_001,413,train,123.58998473915986,26.8,327.8,328.8,329.9,331.0,-50.61734333333334,24.0,0,0.018146666666666693,0.020000000000000018
vehicle_001_session_00414,vehicle_001,414,train,123.30656200396831,49.6,340.5,341.3,344.7,348.6,-70.22296049180328,26.868852459016395,2,0.038803278688524595,0.041999999999999815
vehicle_001_session_00415,vehicle_001,415,train,124.54974768211922,37.6,331.4,333.0,335.2,338.0,-73.87500065789472,28.276315789473685,2,0.02955263157894735,0.03400000000000025
vehicle_001_session_00416,vehicle_001,416,train,125.92711645833337,42.4,333.2,334.2,336.8,340.5,-70.2688693442623,30.901639344262296,2,0.031999999999999994,0.038000000000000256
vehicle_001_session_00417,vehicle_001,417,train,125.00364319029852,62.8,350.3,351.1,354.3,358.2,-70.31968622950819,33.0,0,0.037901639344262335,0.039000000000000146
vehicle_001_session_00418,vehicle_001,418,train,124.02984183250416,23.2,328.6,329.2,330.5,332.1,-70.39671557377048,31.37704918032787,1,0.024229508196721313,0.0259999999999998
vehicle_001_session_00419,vehicle_001,419,train,122.88005696321322,50.0,340.2,341.0,344.4,348.3,-70.38687983606556,34.80327868852459,1,0.039393442622950844,0.04300000000000015
vehicle_001_session_00420,vehicle_001,420,train,124.0238074339709,39.6,332.2,333.3,335.5,338.5,-69.81804344262297,34.0655737704918,2,0.029967213114754067,0.03500000000000014
vehicle_001_session_00421,vehicle_001,421,train,124.03420434670788,64.0,351.4,352.2,355.2,359.1,-69.87540918032788,36.67213114754098,1,0.03818032786885247,0.040000000000000036
vehicle_001_session_00422,vehicle_001,422,train,123.68999022633741,23.2,329.7,329.9,331.0,332.4,-73.98688622950819,35.39344262295082,1,0.025557377049180353,0.028000000000000025
vehicle_001_session_00423,vehicle_001,423,train,122.68594713998539,28.0,330.7,330.8,331.9,333.5,-69.93114655737705,31.459016393442624,1,0.024885245901639378,0.027000000000000135
vehicle_001_session_00424,vehicle_001,424,train,123.07030132229835,58.4,347.2,347.8,351.0,354.9,-69.94590081967213,35.0,0,0.03767213114754097,0.040000000000000036
vehicle_001_session_00425,vehicle_001,425,train,123.45465444624824,51.2,340.7,341.4,345.0,348.9,-70.19017393442623,35.85245901639344,1,0.039918032786885244,0.04300000000000015
vehicle_001_session_00426,vehicle_001,426,train,123.58891854508197,10.0,322.4,323.8,326.6,328.8,-70.00983704918033,35.9344262295082,1,0.02778688524590161,0.03000000000000025
vehicle_001_session_00427,vehicle_001,427,train,122.89368013325821,34.4,332.7,333.0,334.2,336.4,-70.0459062295082,38.08196721311475,2,0.02765573770491803,0.03100000000000014
vehicle_001_session_00428,vehicle_001,428,train,125.47818521825397,64.0,351.8,352.4,355.5,359.4,-70.02295311475409,41.0,0,0.038622950819672125,0.040000000000000036
vehicle_001_session_00429,vehicle_001,429,train,125.20033669871798,62.8,350.8,351.4,354.6,358.6,-70.60820573770492,35.622950819672134,1,0.03806557377049181,0.039000000000000146
vehicle_001_session_00430,vehicle_001,430,train,123.45824994399644,42.4,333.3,334.6,337.1,340.8,-69.75903229508195,34.459016393442624,1,0.03296721311475408,0.040000000000000036
vehicle_001_session_00431,vehicle_001,431,train,124.75873210922792,67.2,354.3,354.9,358.0,362.1,-69.8098524590164,36.31147540983606,1,0.03845901639344263,0.04000000000000048
vehicle_001_session_00432,vehicle_001,432,train,123.23185502136751,27.2,330.5,330.8,331.9,333.5,-71.20164950819671,33.63934426229508,1,0.025606557377049206,0.028000000000000025
vehicle_001_session_00433,vehicle_001,433,train,123.78825667134835,53.2,343.0,343.8,347.1,351.0,-71.19673131147539,37.0,0,0.03922950819672132,0.04300000000000015
vehicle_001_session_00434,vehicle_001,434,train,123.42979070216049,28.0,328.9,329.9,331.4,333.2,-70.06721786885245,33.91803278688525,1,0.02493442622950823,0.027000000000000135
vehicle_001_session_00435,vehicle_001,435,train,124.17746532469972,50.0,339.4,340.0,343.5,347.4,-70.01967508196721,36.65573770491803,1,0.039622950819672174,0.04300000000000015
vehicle_001_session_00436,vehicle_001,436,train,126.61325042735045,63.6,350.8,351.6,354.9,358.8,-70.3409913114754,37.0,0,0.03777049180327874,0.040000000000000036
vehicle_001_session_00437,vehicle_001,437,train,121.93201077943617,35.6,333.0,333.3,334.7,336.9,-70.02131360655737,40.22950819672131,1,0.028639344262295103,0.03299999999999992
vehicle_001_session_00438,vehicle_001,438,train,123.95978940007714,62.4,350.3,351.1,354.3,358.0,-70.02787163934427,43.0,0,0.03888524590163939,0.040000000000000036
vehicle_001_session_00439,vehicle_001,439,train,125.6891431850282,72.8,358.3,359.3,362.4,366.6,-69.98852344262295,39.0,0,0.039114754098360655,0.04100000000000037
vehicle_001_session_00440,vehicle_001,440,train,124.65184627092849,51.2,340.0,340.8,344.4,348.5,-70.80165885245901,38.83606557377049,1,0.04022950819672135,0.04400000000000004
vehicle_001_session_00441,vehicle_001,441,train,128.42505411425574,75.2,360.0,361.0,364.1,368.5,-70.40982704918034,43.0,0,0.039704918032786946,0.041999999999999815
vehicle_001_session_00442,vehicle_001,442,train,123.75280381944445,44.8,334.1,335.7,338.5,342.8,-69.93114901639345,36.63934426229508,1,0.03585245901639341,0.04300000000000015
vehicle_001_session_00443,vehicle_001,443,train,124.33343363654146,60.8,348.5,349.3,352.4,356.3,-69.97377016393443,40.0,0,0.038278688524590175,0.040000000000000036
vehicle_001_session_00444,vehicle_001,444,train,124.90617159346849,63.6,351.0,351.8,354.9,358.9,-70.66722311475408,39.0,0,0.03872131147540986,0.04000000000000048
vehicle_001_session_00445,vehicle_001,445,train,124.73494421296301,8.8,321.6,323.2,325.8,328.2,-70.4131080327869,38.0,0,0.02877049180327865,0.03100000000000014
vehicle_001_session_00446,vehicle_001,446,train,124.17937995943953,33.2,332.2,332.7,333.8,335.7,-70.45737278688524,39.42622950819672,1,0.02767213114754103,0.03100000000000014
vehicle_001_session_00447,vehicle_001,447,train,123.15280874183009,37.2,332.4,332.8,334.4,337.1,-69.79182114754099,37.60655737704918,1,0.029065573770491807,0.03299999999999992
vehicle_001_session_00448,vehicle_001,448,train,127.14575329566863,71.2,357.2,358.0,361.3,365.3,-69.8016568852459,40.26229508196721,1,0.0394918032786885,0.04100000000000037
vehicle_001_session_00449,vehicle_001,449,train,124.66774565972223,56.4,344.9,345.7,348.8,352.7,-69.1049280327869,39.75409836065574,1,0.03840983606557375,0.04200000000000026
vehicle_001_session_00450,vehicle_001,450,train,124.23663184380034,19.6,328.6,328.9,330.0,331.3,-70.17050180327868,33.24590163934426,1,0.0247377049180328,0.027000000000000135
vehicle_001_session_00451,vehicle_001,451,train,122.9820161275585,47.6,338.5,339.1,342.1,346.1,-70.10164901639345,36.622950819672134,1,0.03903278688524592,0.04300000000000015
vehicle_001_session_00452,vehicle_001,452,train,127.0396007638889,72.0,356.6,358.2,361.8,366.1,-70.31312180327868,33.114754098360656,1,0.03826229508196714,0.040000000000000036
vehicle_001_session_00453,vehicle_001,453,train,122.2498768988715,33.6,332.5,332.7,334.1,336.0,-70.41966409836066,36.65573770491803,1,0.027672131147540985,0.03000000000000025
vehicle_001_session_00454,vehicle_001,454,train,124.88221410472974,59.6,347.7,348.5,351.6,355.3,-70.40982704918032,39.68852459016394,1,0.03878688524590166,0.040999999999999925
vehicle_001_session_00455,vehicle_001,455,train,125.56730384615386,13.6,323.9,325.2,327.7,329.6,-70.3885206557377,37.0,0,0.028770491803278696,0.03200000000000003
vehicle_001_session_00456,vehicle_001,456,train,121.77343242122727,40.0,334.6,334.9,336.6,339.6,-70.36393524590164,39.459016393442624,1,0.03170491803278686,0.03699999999999992
vehicle_001_session_00457,vehicle_001,457,train,123.82525167181069,70.8,356.8,357.5,360.7,364.9,-69.67050180327868,35.32786885245902,1,0.03872131147540983,0.04000000000000048
vehicle_001_session_00458,vehicle_001,458,train,123.96002105734766,42.0,332.8,334.2,336.8,340.3,-70.1000093442623,33.721311475409834,1,0.032606557377049185,0.039000000000000146
vehicle_001_session_00459,vehicle_001,459,train,124.03526121794867,48.4,336.0,337.4,341.4,346.0,-69.94918442622951,33.704918032786885,1,0.04014754098360656,0.04500000000000037
vehicle_001_session_00460,vehicle_001,460,train,125.69573971193421,74.4,360.2,361.0,364.3,368.5,-69.91967459016394,35.049180327868854,1,0.03970491803278689,0.0420000000000007
vehicle_001_session_00461,vehicle_001,461,train,124.46659037842186,60.8,348.8,349.6,352.7,356.6,-69.980331147541,37.0,0,0.03870491803278688,0.040000000000000036
vehicle_001_session_00462,vehicle_001,462,train,123.07450586219335,56.4,344.7,345.7,349.3,353.2,-70.43114721311474,31.59016393442623,1,0.038672131147540985,0.04400000000000004
vehicle_001_session_00463,vehicle_001,463,train,122.5672849392361,32.4,331.1,331.4,332.7,334.4,-66.0459062295082,36.85245901639344,1,0.025327868852459037,0.028000000000000025
vehicle_001_session_00464,vehicle_001,464,train,124.15243972578348,58.0,346.1,346.8,349.7,353.3,-66.0918124590164,39.42622950819672,1,0.03759016393442622,0.040000000000000036
vehicle_001_session_00465,vehicle_001,465,train,124.53665170019156,54.0,342.1,342.7,345.7,348.8,-57.88853049180327,33.22950819672131,1,0.036999999999999984,0.041999999999999815
vehicle_001_session_00466,vehicle_001,466,train,126.84438337418307,77.2,361.8,362.4,365.0,368.3,-54.80984196721312,34.0,0,0.035213114754098426,0.03699999999999992
vehicle_001_session_00467,vehicle_001,467,train,123.16525414230026,62.0,348.8,349.3,351.6,354.3,-49.80002000000002,38.0,0,0.032885245901639354,0.03400000000000025
vehicle_001_session_00468,vehicle_001,468,train,121.8744962258454,24.0,327.8,329.2,330.7,332.1,-70.00491852459017,32.39344262295082,1,0.024262295081967235,0.026000000000000245
vehicle_001_session_00469,vehicle_001,469,train,123.59424434523814,51.6,341.3,342.2,345.7,349.6,-70.00163950819672,35.78688524590164,1,0.040459016393442605,0.04300000000000015
vehicle_001_session_00470,vehicle_001,470,train,122.86132798423425,24.4,329.9,330.0,331.1,332.4,-70.77542737704917,35.622950819672134,1,0.0254754098360656,0.028000000000000025
vehicle_001_session_00471,vehicle_001,471,train,123.60469419642861,54.0,343.5,344.3,347.5,351.4,-70.76722983606557,39.59016393442623,1,0.03996721311475409,0.04400000000000004
vehicle_001_session_00472,vehicle_001,472,train,122.6194691031073,46.8,335.3,336.6,340.0,344.7,-69.38032967213114,32.08196721311475,2,0.03875409836065573,0.04400000000000004
vehicle_001_session_00473,vehicle_001,473,train,126.25497569444451,70.4,356.8,357.5,360.8,364.9,-69.55082475409837,34.0,0,0.03940983606557371,0.040999999999999925
vehicle_001_session_00474,vehicle_001,474,train,124.15714930555558,11.6,322.8,324.2,326.9,328.9,-70.17049983606557,37.0,0,0.02914754098360655,0.03200000000000003
vehicle_001_session_00475,vehicle_001,475,train,124.53658212962964,32.4,331.9,332.1,333.5,335.2,-70.06229950819672,38.39344262295082,1,0.027262295081967224,0.03100000000000014
vehicle_001_session_00476,vehicle_001,476,train,126.01378591757737,62.8,350.3,351.1,354.1,358.0,-70.03115196721312,41.278688524590166,1,0.03968852459016396,0.04100000000000037
vehicle_001_session_00477,vehicle_001,477,train,124.34773549107143,24.4,327.8,329.1,330.5,332.1,-70.14919032786885,33.967213114754095,1,0.02485245901639345,0.027000000000000135
vehicle_001_session_00478,vehicle_001,478,train,123.81022727672293,47.2,337.7,338.3,341.1,345.3,-70.08689393442624,36.63934426229508,1,0.039131147540983624,0.04400000000000004
vehicle_001_session_00479,vehicle_001,479,train,125.50113925165839,45.6,335.3,336.1,338.8,343.3,-70.03606918032787,33.31147540983606,1,0.03691803278688522,0.04400000000000004
vehicle_001_session_00480,vehicle_001,480,train,126.12368025622607,72.8,358.6,359.3,362.5,366.8,-69.95245819672131,35.0,0,0.03975409836065574,0.041999999999999815
vehicle_001_session_00481,vehicle_001,481,train,122.75291583747926,38.8,333.5,333.9,335.8,338.5,-70.09017295081968,35.40983606557377,1,0.030655737704918005,0.03500000000000014
vehicle_001_session_00482,vehicle_001,482,train,124.47971956380204,65.6,352.8,353.6,356.8,360.7,-70.0688593442623,38.0,0,0.03949180327868849,0.04099999999999948
vehicle_001_session_00483,vehicle_001,483,train,122.23985225442833,28.4,331.3,331.4,332.5,334.1,-70.62296081967213,33.26229508196721,1,0.025934426229508208,0.028000000000000025
vehicle_001_session_00484,vehicle_001,484,train,122.6026959325397,56.0,345.7,346.4,349.6,353.5,-70.6032886885246,36.80327868852459,1,0.03919672131147542,0.04200000000000026
vehicle_001_session_00485,vehicle_001,485,train,123.5467101608187,33.6,330.3,331.3,333.2,335.2,-70.70984721311474,33.83606557377049,1,0.02719672131147547,0.03000000000000025
vehicle_001_session_00486,vehicle_001,486,train,124.40030456349207,64.0,351.3,352.2,355.3,359.3,-70.82788049180328,36.39344262295082,1,0.03960655737704919,0.04100000000000037
vehicle_001_session_00487,vehicle_001,487,train,125.280066712204,59.6,345.8,347.7,351.3,355.2,-70.12787540983607,33.868852459016395,1,0.03791803278688524,0.040000000000000036
vehicle_001_session_00488,vehicle_001,488,train,121.39873373842596,31.6,329.9,331.1,332.7,334.6,-69.96885672131148,32.98360655737705,1,0.026508196721311512,0.028999999999999915
vehicle_001_session_00489,vehicle_001,489,train,123.89565306712962,55.6,344.7,345.5,348.6,352.5,-69.81967999999999,35.81967213114754,1,0.039163934426229514,0.041999999999999815
vehicle_001_session_00490,vehicle_001,490,train,123.21517568407961,22.0,329.2,329.6,330.5,331.7,-69.9442624590164,33.21311475409836,1,0.02490163934426234,0.027000000000000135
vehicle_001_session_00491,vehicle_001,491,train,123.02682207854404,50.8,340.8,341.6,344.9,348.9,-69.91147639344261,36.885245901639344,1,0.04060655737704916,0.04400000000000004
vehicle_001_session_00492,vehicle_001,492,train,126.85166205699241,74.4,360.3,361.1,364.4,368.6,-69.87213409836065,38.0,0,0.04054098360655742,0.04300000000000015
vehicle_001_session_00493,vehicle_001,493,train,124.44074286954368,26.4,328.5,329.7,331.1,332.7,-70.1852568852459,36.59016393442623,1,0.025393442622950856,0.028000000000000025
vehicle_001_session_00494,vehicle_001,494,train,124.07963865106547,49.2,339.1,339.9,343.2,347.2,-70.12459885245903,39.442622950819676,1,0.04093442622950825,0.04400000000000004
vehicle_001_session_00495,vehicle_001,495,train,124.07130135975136,36.8,331.0,331.9,333.5,335.5,-60.08933933333333,34.16,1,0.02531999999999999,0.028999999999999915
vehicle_001_session_00496,vehicle_001,496,train,125.40754581146106,46.8,334.9,336.20000000000005,339.20000000000005,343.3,-60.15658828947368,32.69736842105263,1,0.03576315789473681,0.04200000000000026
vehicle_001_session_00497,vehicle_001,497,train,126.41891090745195,56.0,342.1,343.70000000000005,347.1,350.3,-60.0146688,35.0,0,0.03769333333333334,0.04500000000000037
vehicle_001_session_00498,vehicle_001,498,train,126.1343847895937,58.4,346.8,347.5,350.7,354.6,-70.00328114754099,35.22950819672131,1,0.039049180327868846,0.040999999999999925
vehicle_001_session_00499,vehicle_001,499,train,124.09676615740742,11.6,322.8,324.4,327.2,329.1,-70.51967409836065,34.40983606557377,1,0.028819672131147528,0.03200000000000003
vehicle_001_session_00500,vehicle_001,500,train,121.82155304276314,41.6,335.5,336.0,337.8,341.1,-70.54754573770491,37.47540983606557,1,0.03368852459016391,0.040000000000000036
vehicle_001_session_00501,vehicle_001,501,train,125.23209862329439,72.0,358.3,359.1,362.4,366.6,-70.56230131147541,40.0,0,0.04063934426229508,0.04300000000000015
vehicle_001_session_00502,vehicle_001,502,train,124.15064276175211,57.6,345.0,345.7,348.2,351.1,-55.00327901639345,37.83606557377049,1,0.03470491803278686,0.03799999999999981
vehicle_001_session_00503,vehicle_001,503,train,125.10625777363187,57.2,345.7,346.4,349.7,353.6,-70.1868955737705,35.50819672131148,1,0.0388196721311475,0.041999999999999815
vehicle_001_session_00504,vehicle_001,504,train,124.20901602102104,23.6,327.5,328.5,329.7,331.0,-60.07763710526316,33.171052631578945,1,0.02168421052631582,0.02400000000000002
vehicle_001_session_00505,vehicle_001,505,train,122.91718644323672,41.6,333.0,334.1,336.6,340.2,-70.58525442622951,35.42622950819672,1,0.033409836065573746,0.040000000000000036
vehicle_001_session_00506,vehicle_001,506,train,124.22834976160864,69.2,355.8,356.8,359.9,363.9,-70.60820672131148,38.0,0,0.0402950819672131,0.04200000000000026
vehicle_001_session_00507,vehicle_001,507,train,124.7558146990741,64.8,350.8,351.3,353.3,355.8,-45.100010000000005,34.0,0,0.031721311475409894,0.03300000000000036
vehicle_001_session_00508,vehicle_001,508,train,123.04601847555175,20.8,324.6,326.0,327.8,328.6,-36.981960431147535,28.0,0,0.015475409836065594,0.019000000000000128
vehicle_001_session_00509,vehicle_001,509,train,120.92438752276863,50.0,338.6,338.9,341.0,343.5,-39.92786163934426,31.229508196721312,1,0.033737704918032844,0.037000000000000366
vehicle_001_session_00510,vehicle_001,510,train,125.58763738207543,74.8,358.9,359.4,361.4,363.6,-39.92622213114753,32.0,0,0.030999999999999948,0.032999999999999474
vehicle_001_session_00511,vehicle_001,511,train,123.30974437500001,39.2,331.6,332.4,334.1,336.3,-55.15902622950821,32.90163934426229,1,0.025180327868852482,0.028999999999999915
vehicle_001_session_00512,vehicle_001,512,train,123.18562676767678,59.2,346.9,347.5,349.9,353.0,-55.127878524590166,34.91803278688525,1,0.03434426229508192,0.03699999999999992
vehicle_001_session_00513,vehicle_001,513,train,123.42409175925927,50.4,339.6,340.3,343.8,348.0,-70.15902639344263,34.459016393442624,1,0.04142622950819673,0.04500000000000037
vehicle_001_session_00514,vehicle_001,514,train,124.49037013087607,37.6,331.0,332.15,333.9,336.0,-60.00789828947367,32.75,1,0.025960526315789465,0.02900000000000036
vehicle_001_session_00515,vehicle_001,515,train,125.6240107689211,49.6,337.4,338.6,342.5,347.1,-70.095091147541,34.78688524590164,1,0.04165573770491805,0.04600000000000026
vehicle_001_session_00516,vehicle_001,516,train,125.63319267429192,77.6,362.8,363.6,367.1,371.4,-70.15902639344263,36.721311475409834,1,0.0408524590163934,0.0420000000000007
vehicle_001_session_00517,vehicle_001,517,train,124.00111186594206,50.0,337.4,338.9,343.3,347.7,-70.03278983606558,34.31147540983606,1,0.041983606557377075,0.04600000000000026
vehicle_001_session_00518,vehicle_001,518,train,126.93716069688111,74.0,359.7,360.5,363.8,368.0,-70.23443983606558,36.0,0,0.0405573770491804,0.0420000000000007
vehicle_001_session_00519,vehicle_001,519,train,124.39049728078989,42.4,334.9,335.5,337.7,341.4,-74.7032890163934,38.21311475409836,2,0.0362295081967213,0.04300000000000015
vehicle_001_session_00520,vehicle_001,520,train,124.12924934895834,30.0,331.1,331.4,332.5,334.2,-70.61312475409835,37.377049180327866,1,0.0269344262295082,0.02900000000000036
vehicle_001_session_00521,vehicle_001,521,train,123.05158845628414,56.0,344.7,345.7,348.8,352.7,-70.61148540983606,40.73770491803279,1,0.04047540983606558,0.04400000000000004
vehicle_001_session_00522,vehicle_001,522,train,119.90371239517816,38.0,333.2,333.5,334.7,336.6,-55.129516885245906,32.622950819672134,1,0.025163934426229533,0.028999999999999915
vehicle_001_session_00523,vehicle_001,523,train,123.44649958093868,59.2,347.2,347.8,350.3,353.3,-55.14591098360657,35.0,0,0.034655737704918026,0.03699999999999992
vehicle_001_session_00524,vehicle_001,524,train,121.74833738425924,34.0,331.4,331.6,332.7,334.1,-55.050824754098365,31.81967213114754,1,0.022491803278688553,0.025000000000000355
vehicle_001_session_00525,vehicle_001,525,train,123.22258914032567,55.6,343.5,344.3,346.8,349.9,-55.03442950819672,34.31147540983606,1,0.03599999999999998,0.040000000000000036
vehicle_001_session_00526,vehicle_001,526,train,126.45571881551369,66.4,352.2,352.8,355.3,358.6,-54.498360491803275,31.0,0,0.033918032786885266,0.03500000000000014
vehicle_001_session_00527,vehicle_001,527,train,123.53158771446081,26.0,328.0,329.0,330.3,331.6,-60.200011052631574,31.394736842105264,1,0.022013157894736884,0.02400000000000002
vehicle_001_session_00528,vehicle_001,528,train,126.88069779040403,71.2,357.1,357.8,361.0,365.3,-70.12787803278688,35.0,0,0.03963934426229509,0.04100000000000037
vehicle_001_session_00529,vehicle_001,529,train,121.96558259722224,38.0,330.8,331.6,333.0,334.6,-45.109846065573784,33.0,0,0.021360655737704924,0.02300000000000013
vehicle_001_session_00530,vehicle_001,530,train,124.61912163299662,64.8,352.4,353.2,356.3,360.3,-71.1262395081967,37.0,0,0.04081967213114753,0.04300000000000015
vehicle_001_session_00531,vehicle_001,531,train,123.92364088804717,25.6,330.0,330.3,331.3,332.7,-69.28690000000002,38.26229508196721,1,0.02572131147540985,0.027000000000000135
vehicle_001_session_00532,vehicle_001,532,train,123.6563998635913,52.4,341.8,342.7,346.0,349.9,-69.24427606557377,41.557377049180324,1,0.04160655737704918,0.04400000000000004
vehicle_001_session_00533,vehicle_001,533,train,123.50781022805211,28.8,329.9,330.7,332.1,333.6,-70.52787163934427,36.295081967213115,1,0.02636065573770495,0.028999999999999915
vehicle_001_session_00534,vehicle_001,534,train,124.10760147180763,61.6,350.0,350.8,353.9,357.8,-70.57869639344264,39.868852459016395,1,0.0403770491803279,0.04200000000000026
vehicle_001_session_00535,vehicle_001,535,train,122.81204883368947,33.6,331.6,331.7,333.3,335.3,-70.36065754098361,37.0655737704918,2,0.028065573770491826,0.03100000000000014
vehicle_001_session_00536,vehicle_001,536,train,125.27362303067996,64.8,351.9,352.7,355.8,359.7,-70.40163081967212,40.0,0,0.04055737704918034,0.04200000000000026
vehicle_001_session_00537,vehicle_001,537,train,120.6584295572917,30.4,331.4,331.6,333.0,334.7,-69.85246327868853,32.26229508196721,1,0.026737704918032804,0.03000000000000025
vehicle_001_session_00538,vehicle_001,538,train,123.24727390297905,62.4,350.8,351.6,354.7,358.6,-69.86557409836067,36.0,0,0.040213114754098396,0.04100000000000037
vehicle_001_session_00539,vehicle_001,539,train,126.91615792181072,68.0,352.2,354.1,357.7,361.9,-70.5,33.885245901639344,1,0.03919672131147538,0.04100000000000037
vehicle_001_session_00540,vehicle_001,540,train,122.38321785563974,22.4,328.0,329.1,330.5,332.1,-74.10000672131147,34.08196721311475,2,0.02614754098360656,0.028000000000000025
vehicle_001_session_00541,vehicle_001,541,train,122.59070213058844,23.6,326.1,326.35,327.0,327.4,-19.23158486842105,34.26315789473684,-1,0.010223684210526317,0.01200000000000001
vehicle_001_session_00542,vehicle_001,542,train,125.86985763099747,44.8,333.8,334.9,337.4,340.8,-59.63684868421052,31.94736842105263,1,0.03248684210526312,0.039000000000000146
vehicle_001_session_00543,vehicle_001,543,train,123.86662049129356,21.6,327.7,328.6,330.0,331.4,-71.10656508196722,34.131147540983605,1,0.025377049180327897,0.02900000000000036
vehicle_001_session_00544,vehicle_001,544,train,122.51668388888886,48.4,338.8,339.6,342.7,347.1,-71.12296081967213,37.52459016393443,1,0.04178688524590167,0.04600000000000026
vehicle_001_session_00545,vehicle_001,545,train,121.41896413764513,38.0,333.6,334.1,335.8,338.3,-70.15574770491803,38.81967213114754,2,0.031393442622950775,0.03699999999999992
vehicle_001_session_00546,vehicle_001,546,train,123.73513613315696,64.8,352.4,353.0,356.1,360.2,-70.14099327868854,41.67213114754098,1,0.040967213114754104,0.04300000000000015
vehicle_001_session_00547,vehicle_001,547,train,121.5618159027778,44.8,335.7,336.0,337.8,340.7,-55.05246426229508,38.98360655737705,0,0.03168852459016389,0.038000000000000256
vehicle_001_session_00548,vehicle_001,548,train,121.52777777777776,47.6,336.6,337.1,338.9,341.9,-50.0,37.50819672131148,1,0.03340983606557375,0.040000000000000036
vehicle_001_session_00549,vehicle_001,549,train,124.20005355235045,68.4,353.8,354.3,356.6,359.4,-50.0,39.0,0,0.03465573770491803,0.03600000000000003
vehicle_001_session_00550,vehicle_001,550,train,123.0833484217172,47.2,335.2,336.9,340.3,345.0,-71.10328573770491,41.80327868852459,1,0.040999999999999995,0.04699999999999971
vehicle_001_session_00551,vehicle_001,551,train,123.42654830653018,57.6,346.1,346.8,349.3,352.2,-55.06558032786886,43.0,0,0.036098360655737655,0.038000000000000256
vehicle_001_session_00552,vehicle_001,552,train,123.30213496376811,30.0,331.3,331.6,332.7,334.2,-70.00327901639345,40.50819672131148,1,0.027213114754098405,0.03000000000000025
vehicle_001_session_00553,vehicle_001,553,train,124.68456646126758,58.0,346.4,347.4,350.3,354.3,-70.0065580327869,43.80327868852459,1,0.04111475409836068,0.04300000000000015
vehicle_001_session_00554,vehicle_001,554,train,122.75463673941799,38.4,333.3,333.6,335.3,337.8,-70.05082327868853,38.704918032786885,1,0.030868852459016372,0.03600000000000003
vehicle_001_session_00555,vehicle_001,555,train,124.18217385912699,63.6,350.8,351.6,354.7,358.6,-70.03115180327869,41.0,0,0.04118032786885246,0.04300000000000015
vehicle_001_session_00556,vehicle_001,556,train,122.40987386485045,42.0,333.2,333.5,334.7,336.4,-45.22623901639344,36.0,0,0.024442622950819674,0.028999999999999915
vehicle_001_session_00557,vehicle_001,557,train,122.34250558943096,30.0,331.6,331.7,332.8,334.6,-70.81476967213113,35.50819672131148,1,0.027016393442622952,0.029999999999999805
vehicle_001_session_00558,vehicle_001,558,train,123.41741167154001,62.8,350.8,351.8,354.9,358.8,-70.81968622950818,39.0,0,0.041278688524590185,0.04300000000000015
vehicle_001_session_00559,vehicle_001,559,train,119.65153402777774,11.2,323.0,324.4,327.1,329.1,-70.22460131147541,32.885245901639344,1,0.029032786885245892,0.03100000000000014
vehicle_001_session_00560,vehicle_001,560,train,123.31305514971142,33.2,332.4,332.5,333.8,335.8,-70.1245986885246,34.39344262295082,1,0.02813114754098364,0.03200000000000003
vehicle_001_session_00561,vehicle_001,561,train,125.28602995527311,64.4,351.8,352.7,355.7,359.6,-70.1082037704918,37.73770491803279,1,0.04122950819672131,0.04300000000000015
vehicle_001_session_00562,vehicle_001,562,train,125.55808611111111,14.0,323.5,325.0,327.7,329.6,-70.0688593442623,38.0,0,0.029819672131147525,0.03399999999999981
vehicle_001_session_00563,vehicle_001,563,train,123.77592388888887,36.4,333.2,333.5,334.9,337.2,-69.99836049180328,40.278688524590166,1,0.03031147540983604,0.03400000000000025
vehicle_001_session_00564,vehicle_001,564,train,125.79316210511979,66.8,353.8,354.6,357.5,361.6,-69.98852344262295,43.0,0,0.04175409836065572,0.04300000000000015
vehicle_001_session_00565,vehicle_001,565,train,124.06382783018871,62.4,348.0,349.7,353.2,357.2,-70.12132131147541,37.0,0,0.04009836065573768,0.041999999999999815
vehicle_001_session_00566,vehicle_001,566,train,123.72163338651151,32.4,329.6,330.5,331.9,333.6,-59.96052855263157,39.0,0,0.02448684210526317,0.027000000000000135
vehicle_001_session_00567,vehicle_001,567,train,124.04052222222224,68.4,354.4,355.2,358.5,362.7,-71.1016493442623,40.0,0,0.04152459016393437,0.043999999999999595
vehicle_001_session_00568,vehicle_001,568,train,124.07061100501542,34.4,330.7,331.6,333.32,335.5,-70.24755737704918,40.73770491803279,1,0.028983606557377074,0.03300000000000036
vehicle_001_session_00569,vehicle_001,569,train,125.1709748526936,63.6,351.0,351.8,354.9,358.8,-70.38196262295082,43.442622950819676,1,0.04157377049180328,0.04300000000000015
vehicle_001_session_00570,vehicle_001,570,train,122.40093629629631,46.0,336.8,337.2,339.9,343.9,-69.9459062295082,40.42622950819672,1,0.03990163934426228,0.04700000000000015
vehicle_001_session_00571,vehicle_001,571,train,123.95080293880841,38.0,333.3,333.6,335.2,337.5,-69.19017393442624,40.22950819672131,1,0.03057377049180326,0.03500000000000014
vehicle_001_session_00572,vehicle_001,572,train,124.74438425925929,66.0,352.5,353.3,356.4,360.3,-69.18853459016394,43.0,0,0.041491803278688504,0.04300000000000015
vehicle_001_session_00573,vehicle_001,573,train,122.79292323232322,16.0,325.0,326.3,328.6,330.2,-69.98032590163933,35.16393442622951,1,0.028868852459016374,0.03399999999999981
vehicle_001_session_00574,vehicle_001,574,train,122.2656228298611,38.0,333.8,334.1,335.7,338.3,-69.98852344262295,37.63934426229508,1,0.0311311475409836,0.03599999999999959
vehicle_001_session_00575,vehicle_001,575,train,124.45822679673716,64.0,351.4,352.2,355.2,359.1,-70.0081975409836,40.19672131147541,1,0.04154098360655742,0.04400000000000004
vehicle_001_session_00576,vehicle_001,576,train,126.0715234741784,48.8,336.8,338.2,342.1,346.8,-71.09345081967211,40.14754098360656,2,0.04350819672131151,0.04800000000000004
vehicle_001_session_00577,vehicle_001,577,train,127.72292604166667,77.6,363.2,364.1,367.5,371.9,-71.35410213114754,42.0,0,0.043540983606557414,0.04499999999999993
vehicle_001_session_00578,vehicle_001,578,train,124.77143806910567,15.6,323.9,325.1,327.29999999999995,328.9,-60.182906315789474,40.8421052631579,1,0.02793421052631577,0.03200000000000003
vehicle_001_session_00579,vehicle_001,579,train,122.96091755514708,32.4,331.3,331.4,333.0,334.7,-70.77378786885245,38.278688524590166,1,0.027868852459016418,0.03200000000000003
vehicle_001_session_00580,vehicle_001,580,train,125.00053661151966,59.6,347.7,348.5,351.6,355.5,-70.72788163934425,41.40983606557377,1,0.04132786885245899,0.04300000000000015
vehicle_001_session_00581,vehicle_001,581,train,124.76232482394366,16.8,327.2,327.7,329.1,330.5,-70.86065754098361,38.0,0,0.027147540983606583,0.03200000000000003
vehicle_001_session_00582,vehicle_001,582,train,121.66425573881176,45.2,337.4,337.8,340.3,344.4,-70.86557409836065,41.377049180327866,1,0.03965573770491806,0.04699999999999971
vehicle_001_session_00583,vehicle_001,583,train,123.69181127645503,30.4,329.4,330.25,331.65,333.3,-60.05921539473685,39.0,0,0.024105263157894748,0.02699999999999969
vehicle_001_session_00584,vehicle_001,584,train,125.56070997560056,54.4,341.3,342.7,346.8,350.8,-70.37704934426229,41.77049180327869,1,0.04422950819672129,0.050000000000000266
vehicle_001_session_00585,vehicle_001,585,train,123.62854461805554,21.6,327.1,328.4,329.9,331.3,-69.96533413333333,38.08,1,0.02645333333333338,0.03100000000000014
vehicle_001_session_00586,vehicle_001,586,train,122.02271211650078,36.8,332.8,333.2,334.7,337.1,-70.08853344262295,40.442622950819676,1,0.030360655737704908,0.03500000000000014
vehicle_001_session_00587,vehicle_001,587,train,124.3382179726368,63.6,351.0,351.8,354.9,358.6,-70.07049885245902,43.0,0,0.0417049180327869,0.04300000000000015
vehicle_001_session_00588,vehicle_001,588,train,123.81125168788583,51.2,340.2,341.0,344.6,348.6,-70.50327901639345,42.442622950819676,1,0.043901639344262285,0.04899999999999993
vehicle_001_session_00589,vehicle_001,589,train,123.4576762432796,41.6,333.0,334.1,336.4,339.9,-70.25082868852459,42.131147540983605,2,0.034426229508196675,0.040999999999999925
vehicle_001_session_00590,vehicle_001,590,train,123.67329155465953,64.8,352.1,352.8,356.0,360.0,-70.58033590163934,42.377049180327866,1,0.04209836065573768,0.04300000000000015
vehicle_001_session_00591,vehicle_001,591,train,123.9717495735867,50.4,337.4,338.9,343.0,347.5,-70.03278967213114,43.950819672131146,1,0.044393442622950835,0.04800000000000004
vehicle_001_session_00592,vehicle_001,592,train,125.08496750992066,73.2,358.6,359.4,362.7,366.6,-67.69673262295083,45.0,0,0.042245901639344226,0.04400000000000048
vehicle_001_session_00593,vehicle_001,593,train,126.41063935185191,66.4,351.8,352.2,354.1,356.3,-39.83443590163934,43.0,0,0.03262295081967214,0.03400000000000025
vehicle_001_session_00594,vehicle_001,594,train,122.92742121119284,56.8,345.5,346.3,349.6,353.6,-70.80001999999999,40.0655737704918,1,0.04206557377049178,0.04500000000000037
vehicle_001_session_00595,vehicle_001,595,train,123.29579610655739,16.8,325.2,326.4,328.6,330.2,-70.76559032786885,41.0,0,0.030409836065573764,0.03500000000000014
vehicle_001_session_00596,vehicle_001,596,train,121.88267009379511,41.2,334.9,335.3,337.2,340.3,-70.79674098360655,43.59016393442623,1,0.03473770491803275,0.040000000000000036
vehicle_001_session_00597,vehicle_001,597,train,124.96149703282828,72.4,357.8,358.6,361.8,365.8,-68.44753573770492,46.0,0,0.04239344262295079,0.04499999999999993
vehicle_001_session_00598,vehicle_001,598,train,126.53568737816758,73.6,358.8,359.7,363.0,367.2,-70.3803244262295,35.31147540983606,1,0.04224590163934423,0.04400000000000048
vehicle_001_session_00599,vehicle_001,599,train,122.60845400377231,30.4,331.0,331.3,332.4,334.2,-69.99672098360655,41.57377049180328,1,0.027639344262295095,0.03000000000000025
vehicle_001_session_00600,vehicle_001,600,train,123.73728819444445,63.2,350.7,351.3,354.3,358.2,-67.67050213114756,45.0,0,0.04160655737704924,0.04400000000000004
vehicle_001_session_00601,vehicle_001,601,train,122.26211359797298,28.8,330.3,330.7,331.7,333.5,-70.08525442622951,39.377049180327866,1,0.02691803278688526,0.028999999999999915
vehicle_001_session_00602,vehicle_001,602,train,123.42738886983402,32.0,329.6,330.4,331.79999999999995,333.5,-60.142114736842096,38.85526315789474,1,0.024513157894736858,0.027000000000000135
vehicle_001_session_00603,vehicle_001,603,train,124.42661828703703,47.2,335.2,336.3,339.20000000000005,343.2,-60.15132578947368,39.94736842105263,1,0.038223684210526285,0.04500000000000037
vehicle_001_session_00604,vehicle_001,604,train,123.3050510116598,42.0,334.6,335.0,337.2,340.5,-69.82787295081967,37.885245901639344,2,0.035098360655737675,0.04200000000000026
vehicle_001_session_00605,vehicle_001,605,train,123.08075453629033,27.6,329.1,329.9,331.4,333.0,-70.39016475409836,38.557377049180324,1,0.026704918032786906,0.028999999999999915
vehicle_001_session_00606,vehicle_001,606,train,123.10013565127625,52.8,341.8,342.7,346.1,350.2,-70.49508147540983,41.67213114754098,1,0.04399999999999997,0.04800000000000004
vehicle_001_session_00607,vehicle_001,607,train,124.13520240740742,44.8,334.2,335.7,338.6,343.0,-70.28361704918034,38.91803278688525,1,0.03904918032786884,0.04800000000000004
vehicle_001_session_00608,vehicle_001,608,train,124.11638643438698,56.4,343.3,345.0,348.6,352.7,-70.06394049180328,43.950819672131146,1,0.043131147540983586,0.051000000000000156
vehicle_001_session_00609,vehicle_001,609,train,124.75104756289308,17.2,325.8,326.7,328.8,330.2,-69.49836049180328,41.0,0,0.029524590163934387,0.03500000000000014
vehicle_001_session_00610,vehicle_001,610,train,122.79248001246441,38.8,333.9,334.2,336.0,338.5,-69.48852344262295,43.65573770491803,1,0.032442622950819636,0.03699999999999992
vehicle_001_session_00611,vehicle_001,611,train,122.87490732920422,10.4,324.2,324.9,326.9,328.8,-69.95737672131148,43.721311475409834,-1,0.029918032786885203,0.03200000000000003
vehicle_001_session_00612,vehicle_001,612,train,123.79168402777775,40.4,334.6,334.9,336.6,339.1,-67.64427163934427,45.42622950819672,1,0.03278688524590161,0.03600000000000003
vehicle_001_session_00613,vehicle_001,613,train,121.68503472222224,38.4,333.0,333.3,334.2,335.8,-50.200010000000006,46.0,0,0.024672131147540997,0.028000000000000025
vehicle_001_session_00614,vehicle_001,614,train,124.99904059076685,60.4,348.3,349.1,352.4,356.1,-70.10656737704916,43.0,0,0.04173770491803279,0.04300000000000015
vehicle_001_session_00615,vehicle_001,615,train,125.07876301388887,77.6,361.8,363.25,367.0,371.3,-70.02933533333334,40.85333333333333,1,0.0424533333333334,0.04400000000000048
vehicle_001_session_00616,vehicle_001,616,train,122.63944830246916,45.6,336.4,336.9,339.4,343.5,-69.97376786885246,43.68852459016394,1,0.03988524590163933,0.04800000000000004
vehicle_001_session_00617,vehicle_001,617,train,128.27445954861113,76.8,360.5,361.0,363.0,365.5,-42.20984278688524,40.0,0,0.034524590163934485,0.036000000000000476
vehicle_001_session_00618,vehicle_001,618,train,120.93248158212558,38.8,334.1,334.4,336.1,338.6,-70.14099344262296,43.295081967213115,1,0.032819672131147476,0.03799999999999981
vehicle_001_session_00619,vehicle_001,619,train,122.59150881834222,66.4,353.5,354.3,357.2,361.1,-67.80820311475411,45.622950819672134,1,0.04191803278688524,0.04300000000000015
vehicle_001_session_00620,vehicle_001,620,train,122.29609430134681,17.6,325.7,327.0,329.1,330.5,-70.0855330263158,39.0,0,0.02971052631578947,0.03600000000000003
vehicle_001_session_00621,vehicle_001,621,train,122.02021663059163,50.0,339.4,340.2,343.5,347.8,-70.11148459016394,40.131147540983605,1,0.043770491803278716,0.04700000000000015
vehicle_001_session_00622,vehicle_001,622,train,122.28135791015627,59.2,346.6,347.5,350.8,354.7,-70.00983704918032,42.0,0,0.04199999999999998,0.04400000000000004
vehicle_001_session_00623,vehicle_001,623,train,124.13511407828283,69.2,355.3,356.0,359.3,363.6,-70.0754155737705,35.0,0,0.04144262295081965,0.04300000000000015
vehicle_001_session_00624,vehicle_001,624,train,122.31251799242426,24.0,328.2,329.1,330.5,332.1,-70.20165049180326,34.0,0,0.025442622950819747,0.027000000000000135
vehicle_001_session_00625,vehicle_001,625,train,120.79957667427702,46.0,337.2,337.7,340.3,344.4,-70.15738426229508,36.52459016393443,1,0.04008196721311475,0.04700000000000015
vehicle_001_session_00626,vehicle_001,626,train,125.89143674242426,75.2,360.7,361.4,364.9,369.3,-70.17705967213115,38.0,0,0.043163934426229546,0.04499999999999993
vehicle_001_session_00627,vehicle_001,627,train,123.32802981004902,65.6,353.0,353.8,356.9,361.0,-69.92295245901639,36.26229508196721,1,0.04183606557377052,0.04400000000000004
vehicle_001_session_00628,vehicle_001,628,train,124.20679076867815,58.8,345.5,347.5,351.1,355.0,-70.1262393442623,34.950819672131146,1,0.04104918032786884,0.04499999999999993
vehicle_001_session_00629,vehicle_001,629,train,120.60400877882597,36.8,332.2,332.4,333.3,334.7,-44.899989999999995,33.049180327868854,1,0.022163934426229527,0.02499999999999991
vehicle_001_session_00630,vehicle_001,630,train,121.7923214546784,44.4,336.4,336.9,339.3,343.3,-70.14591098360657,34.91803278688525,2,0.03891803278688522,0.04700000000000015
vehicle_001_session_00631,vehicle_001,631,train,125.3479180964053,75.2,360.8,361.6,364.9,369.3,-70.16558180327868,37.0,0,0.043491803278688596,0.04499999999999993
vehicle_001_session_00632,vehicle_001,632,train,125.39615972222225,60.4,346.4,348.2,351.6,355.7,-70.2098455737705,37.704918032786885,1,0.04122950819672131,0.042999999999999705
vehicle_001_session_00633,vehicle_001,633,train,121.30335079508858,34.8,333.2,333.5,334.9,337.1,-70.09017049180329,30.688524590163933,1,0.029360655737704924,0.03399999999999981
vehicle_001_session_00634,vehicle_001,634,train,123.32675778256704,62.8,351.3,352.1,355.2,358.9,-70.06393967213116,34.0,0,0.041819672131147574,0.04300000000000015
vehicle_001_session_00635,vehicle_001,635,train,123.03991707516334,52.8,340.0,340.7,342.8,345.7,-43.40492655737705,36.22950819672131,1,0.03877049180327872,0.04100000000000037
vehicle_001_session_00636,vehicle_001,636,train,121.89764658816426,39.2,333.8,334.1,336.0,338.6,-70.03770852459016,36.90163934426229,2,0.03283606557377047,0.03799999999999981
vehicle_001_session_00637,vehicle_001,637,train,123.91204095017635,66.8,353.9,354.7,357.8,361.8,-69.9934419672131,39.36065573770492,1,0.0426393442622951,0.04400000000000048
vehicle_001_session_00638,vehicle_001,638,train,122.09341218800323,36.0,333.2,333.5,335.0,337.4,-70.1295168852459,40.59016393442623,1,0.031049180327868846,0.03500000000000014
vehicle_001_session_00639,vehicle_001,639,train,123.41689594184028,63.6,351.6,352.4,355.5,359.6,-70.0983675409836,43.0,0,0.042819672131147596,0.04500000000000037
vehicle_001_session_00640,vehicle_001,640,train,124.64064849537039,68.8,355.2,356.0,359.1,363.3,-70.17869852459016,40.0,0,0.04254098360655728,0.04400000000000004
vehicle_001_session_00641,vehicle_001,641,train,125.45671708959901,44.4,334.1,335.25,338.1,342.1,-69.96842210526316,39.01315789473684,0,0.03634210526315786,0.04499999999999993
vehicle_001_session_00642,vehicle_001,642,train,123.09012134003557,18.8,326.0,327.29999999999995,329.15,330.5,-70.00394789473684,39.671052631578945,1,0.028644736842105264,0.03500000000000014
vehicle_001_session_00643,vehicle_001,643,train,126.35085536858978,76.8,361.3,362.1,365.5,370.0,-70.17378213114753,43.0,0,0.041114754098360656,0.04300000000000015
vehicle_001_session_00644,vehicle_001,644,train,122.22374014896957,38.0,333.3,333.6,335.3,337.8,-70.34754672131149,36.950819672131146,2,0.030573770491803282,0.03400000000000025
vehicle_001_session_00645,vehicle_001,645,train,122.22341187739462,62.8,350.8,351.4,354.6,358.6,-70.37376836065573,39.68852459016394,1,0.040131147540983625,0.04100000000000037
vehicle_001_session_00646,vehicle_001,646,train,122.98083092043315,28.4,328.8,329.9,331.4,333.2,-70.10000836065572,37.34426229508197,1,0.02601639344262299,0.028999999999999915
vehicle_001_session_00647,vehicle_001,647,train,121.758278855364,52.0,341.0,341.9,345.3,349.4,-70.11476409836065,39.90163934426229,1,0.04234426229508195,0.04599999999999982
vehicle_001_session_00648,vehicle_001,648,train,122.48647303391051,32.4,331.7,332.1,333.3,335.3,-70.00327901639345,33.90163934426229,2,0.027442622950819708,0.03100000000000014
vehicle_001_session_00649,vehicle_001,649,train,123.6048510359745,63.6,351.4,352.2,355.2,359.3,-70.00327901639345,37.19672131147541,1,0.04032786885245902,0.04200000000000026
vehicle_001_session_00650,vehicle_001,650,train,121.92060881024099,33.6,331.7,331.9,333.5,335.3,-70.08689344262295,37.49180327868852,1,0.027918032786885264,0.03100000000000014
vehicle_001_session_00651,vehicle_001,651,train,123.0505238015233,66.8,353.8,354.6,357.7,361.8,-70.03606918032787,40.0,0,0.04078688524590167,0.04200000000000026
vehicle_001_session_00652,vehicle_001,652,train,121.40595208333337,30.8,330.3,330.7,331.4,332.5,-50.3491855737705,33.967213114754095,1,0.020491803278688547,0.02200000000000024
vehicle_001_session_00653,vehicle_001,653,train,122.8460370569924,70.4,356.0,356.6,358.9,361.8,-50.403269672131145,37.0,0,0.03459016393442616,0.03600000000000003
vehicle_001_session_00654,vehicle_001,654,train,123.93537305964055,19.6,327.7,328.3,329.7,330.8,-70.14263295081967,34.90163934426229,1,0.02660655737704922,0.03299999999999992
vehicle_001_session_00655,vehicle_001,655,train,122.2063498116761,47.2,337.8,338.5,341.1,345.5,-70.14755098360658,38.09836065573771,2,0.03998360655737707,0.04600000000000026
vehicle_001_session_00656,vehicle_001,656,train,123.1079594515066,70.8,357.2,358.0,361.3,365.3,-70.1655837704918,39.9344262295082,1,0.04118032786885243,0.04300000000000015
vehicle_001_session_00657,vehicle_001,657,train,124.58089461071988,61.6,347.7,348.2,350.3,352.8,-45.01803459016394,38.0,0,0.031885245901639325,0.03399999999999981
vehicle_001_session_00658,vehicle_001,658,train,121.30876972044159,28.8,330.5,330.8,332.1,333.9,-74.05738131147541,38.0,0,0.027655737704918068,0.03000000000000025
vehicle_001_session_00659,vehicle_001,659,train,122.03618091832504,60.0,348.3,349.3,352.5,356.6,-74.07049655737706,41.0,0,0.041491803278688524,0.04300000000000015
vehicle_001_session_00660,vehicle_001,660,train,124.64881136156649,61.6,349.3,350.0,353.2,357.2,-70.17378049180327,38.83606557377049,1,0.040278688524590184,0.04200000000000026
vehicle_001_session_00661,vehicle_001,661,train,123.51110379667578,37.2,331.1,332.0,333.70000000000005,335.8,-59.99736960526315,39.0,0,0.02639473684210529,0.02900000000000036
vehicle_001_session_00662,vehicle_001,662,train,127.23678281810037,14.0,323.9,325.2,327.8,329.6,-70.99508147540983,36.24590163934426,0,0.029311475409836033,0.03400000000000025
vehicle_001_session_00663,vehicle_001,663,train,121.85956834215166,39.2,334.4,334.9,336.6,339.4,-71.00327901639345,38.42622950819672,1,0.03239344262295077,0.03799999999999981
vehicle_001_session_00664,vehicle_001,664,train,124.29020546207268,64.8,352.4,353.2,356.3,360.3,-71.03606918032789,40.557377049180324,1,0.0409672131147541,0.04200000000000026
vehicle_001_session_00665,vehicle_001,665,train,122.21726822916663,60.0,345.7,346.8,349.4,352.2,-49.501639508196725,35.01639344262295,0,0.03332786885245901,0.037000000000000366
vehicle_001_session_00666,vehicle_001,666,train,123.46822288995726,62.0,348.6,350.3,353.6,357.7,-70.07541737704918,36.57377049180328,1,0.03911475409836067,0.040000000000000036
vehicle_001_session_00667,vehicle_001,667,train,124.0048074628326,64.4,350.3,352.1,355.5,359.6,-70.28853081967215,33.42622950819672,1,0.03898360655737707,0.04000000000000048
vehicle_001_session_00668,vehicle_001,668,train,124.26274930555553,50.4,338.2,339.4,343.6,348.3,-70.2246024590164,35.0,0,0.043393442622950855,0.04900000000000038
vehicle_001_session_00669,vehicle_001,669,train,124.2684571360154,74.4,360.8,361.6,364.9,369.3,-70.0754144262295,36.0,0,0.0413770491803279,0.04300000000000015
vehicle_001_session_00670,vehicle_001,670,train,123.04453153617217,24.8,326.4,327.9,329.0,329.9,-44.72933413333333,34.0,0,0.01746666666666667,0.019000000000000128
vehicle_001_session_00671,vehicle_001,671,train,123.40398802681992,10.0,322.2,323.8,326.6,328.8,-70.60984442622951,36.0,0,0.029131147540983608,0.03200000000000003
vehicle_001_session_00672,vehicle_001,672,train,122.30381358768412,33.6,332.5,332.8,334.2,336.3,-70.60492590163935,37.540983606557376,1,0.028672131147540962,0.03200000000000003
vehicle_001_session_00673,vehicle_001,673,train,123.5810717247098,66.8,354.4,355.2,358.3,362.4,-70.64099327868853,40.377049180327866,1,0.04139344262295082,0.04300000000000015
vehicle_001_session_00674,vehicle_001,674,train,124.21479543650788,60.4,348.2,348.9,352.2,356.1,-70.10000852459017,34.442622950819676,1,0.03936065573770492,0.041999999999999815
vehicle_001_session_00675,vehicle_001,675,train,123.59238298611115,64.0,350.7,351.0,353.0,355.3,-43.06558393442624,38.0,0,0.032409836065573815,0.03400000000000025
vehicle_001_session_00676,vehicle_001,676,train,122.59143196202534,52.4,341.3,342.2,346.0,350.2,-70.0934493442623,38.557377049180324,1,0.04277049180327867,0.04699999999999971
vehicle_001_session_00677,vehicle_001,677,train,122.75737377450982,24.0,328.6,328.8,329.6,330.3,-50.09345196721312,41.80327868852459,1,0.019622950819672132,0.020999999999999908
vehicle_001_session_00678,vehicle_001,678,train,121.99787259615383,36.0,332.7,333.2,334.7,337.2,-74.07213672131148,41.26229508196721,1,0.031278688524590176,0.03500000000000014
vehicle_001_session_00679,vehicle_001,679,train,123.81105421146954,67.2,354.3,355.0,358.5,362.8,-74.01475836065573,43.57377049180328,1,0.04265573770491799,0.04400000000000004
vehicle_001_session_00680,vehicle_001,680,train,122.05133653846161,47.2,335.5,336.0,337.5,340.2,-44.80002000000002,41.0,0,0.02996721311475406,0.03500000000000014
vehicle_001_session_00681,vehicle_001,681,train,125.06760739087301,72.0,358.0,358.8,362.1,366.3,-70.20492999999999,41.63934426229508,1,0.041229508196721304,0.04300000000000015
vehicle_001_session_00682,vehicle_001,682,train,124.54758905228755,57.2,344.9,346.0,349.6,353.6,-70.49180245901638,40.0,0,0.041295081967213106,0.04800000000000004
vehicle_001_session_00683,vehicle_001,683,train,122.51481938752278,40.8,332.8,333.8,336.1,339.4,-71.17542229508196,40.75409836065574,1,0.033442622950819643,0.039000000000000146
vehicle_001_session_00684,vehicle_001,684,train,124.1471840277778,65.2,352.5,353.3,356.4,360.5,-71.30493655737705,43.0,0,0.04172131147540987,0.04300000000000015
vehicle_001_session_00685,vehicle_001,685,train,125.82615672892716,50.8,337.4,339.3,343.6,348.3,-70.92459131147541,36.83606557377049,1,0.04345901639344262,0.04800000000000004
vehicle_001_session_00686,vehicle_001,686,train,123.27627630649725,60.0,348.5,349.3,352.4,356.4,-70.72624213114754,37.0,0,0.04040983606557379,0.04200000000000026
vehicle_001_session_00687,vehicle_001,687,train,126.13813207304526,53.6,340.3,341.0,344.1,347.2,-50.56394081967213,38.0,0,0.03918032786885251,0.04300000000000015
vehicle_001_session_00688,vehicle_001,688,train,123.41290918209879,32.8,329.1,329.9,331.0,332.2,-45.05733853333333,34.0,0,0.019520000000000017,0.02200000000000024
vehicle_001_session_00689,vehicle_001,689,train,125.81102504960316,68.8,355.2,356.0,359.1,363.2,-70.01639803278687,42.0,0,0.041360655737704886,0.04300000000000015
vehicle_001_session_00690,vehicle_001,690,train,122.8137860082305,44.0,334.9,335.2,336.6,338.8,-50.0,38.78688524590164,1,0.028131147540983566,0.03200000000000003
vehicle_001_session_00691,vehicle_001,691,train,122.36062837709284,26.4,330.2,330.5,331.6,333.2,-71.47868639344263,40.09836065573771,1,0.026819672131147578,0.028999999999999915
vehicle_001_session_00692,vehicle_001,692,train,121.38465958145646,55.6,344.9,345.7,349.1,353.0,-71.43769868852458,43.63934426229508,1,0.042245901639344226,0.04600000000000026
vehicle_001_session_00693,vehicle_001,693,train,124.28754928472222,45.6,332.1,333.2,334.1,335.3,-22.406676613333335,35.16,-1,0.018706666666666684,0.02100000000000035
vehicle_001_session_00694,vehicle_001,694,train,125.58261052100441,18.4,325.2,326.7,328.85,330.2,-70.10000631578947,37.0,0,0.028500000000000015,0.0349999999999997
vehicle_001_session_00695,vehicle_001,695,train,123.92732180059527,26.0,328.3,329.4,330.7,332.4,-69.88196262295082,41.81967213114754,1,0.026147540983606568,0.028000000000000025
vehicle_001_session_00696,vehicle_001,696,train,122.41883474099097,48.8,338.3,338.9,341.9,346.0,-68.73442524590165,44.47540983606557,1,0.04172131147540989,0.04600000000000026
vehicle_001_session_00697,vehicle_001,697,train,123.47123218599037,54.0,342.5,343.6,347.1,351.1,-70.10328852459017,39.114754098360656,1,0.0430983606557377,0.04700000000000015
vehicle_001_session_00698,vehicle_001,698,train,122.98204391339871,52.4,341.3,342.2,345.8,349.9,-71.20984704918033,40.32786885245902,1,0.04350819672131146,0.04700000000000015
vehicle_001_session_00699,vehicle_001,699,train,122.90667455273065,52.8,340.7,341.6,345.5,349.7,-70.09836885245902,42.83606557377049,1,0.04396721311475405,0.04800000000000004
vehicle_001_session_00700,vehicle_001,700,train,119.14721583333335,36.4,331.9,332.2,333.2,334.6,-49.870490655737704,39.18032786885246,1,0.02265573770491803,0.025000000000000355
vehicle_001_session_00701,vehicle_001,701,train,123.05245727926588,56.4,343.8,344.4,346.9,349.7,-49.85410213114754,41.0,0,0.03685245901639344,0.04100000000000037
vehicle_001_session_00702,vehicle_001,702,train,121.77132913092322,23.2,327.4,328.5,329.7,330.8,-60.08553276315788,41.0,0,0.022671052631578988,0.025000000000000355
vehicle_001_session_00703,vehicle_001,703,train,124.4949511784512,59.6,345.5,347.1,350.5,354.4,-68.33935049180329,45.0,0,0.04067213114754095,0.04499999999999993
vehicle_001_session_00704,vehicle_001,704,train,125.7625421432462,73.6,358.8,359.6,362.8,367.2,-69.83607475409835,39.049180327868854,1,0.04145901639344269,0.04300000000000015
vehicle_001_session_00705,vehicle_001,705,train,122.72882205466735,22.8,327.4,328.8,330.25,331.7,-70.2894852631579,35.85526315789474,1,0.025381578947368453,0.027000000000000135
vehicle_001_session_00706,vehicle_001,706,train,126.53631780660383,76.4,361.9,362.7,366.1,370.5,-70.0967286885246,37.622950819672134,1,0.041885245901639355,0.04400000000000048
vehicle_001_session_00707,vehicle_001,707,train,124.90567099056604,75.2,359.9,360.5,362.8,365.8,-50.00983704918033,39.0,0,0.03586885245901637,0.03700000000000081
vehicle_001_session_00708,vehicle_001,708,train,122.30035049412392,32.8,330.2,331.0,332.7,334.7,-69.97868639344262,38.0,0,0.02768852459016395,0.03100000000000014
vehicle_001_session_00709,vehicle_001,709,train,114.25411290922617,64.8,351.3,352.5,355.8,359.7,-69.82460147540984,40.67213114754098,1,0.041180327868852486,0.04300000000000015
vehicle_001_session_00710,vehicle_001,710,train,124.1612898108238,63.6,350.7,351.4,354.6,358.5,-70.08525360655739,37.049180327868854,1,0.04077049180327871,0.04200000000000026
vehicle_001_session_00711,vehicle_001,711,train,124.24127353395063,52.8,338.9,340.8,345.3,349.7,-70.64755032786886,38.91803278688525,1,0.04424590163934428,0.04899999999999993
vehicle_001_session_00712,vehicle_001,712,train,124.26946648148153,54.0,341.1,342.2,346.3,350.5,-70.32787852459016,38.0,0,0.043819672131147513,0.04899999999999993
vehicle_001_session_00713,vehicle_001,713,train,121.69079021990741,32.4,331.9,332.1,333.5,335.3,-70.0918086885246,33.16393442622951,1,0.027409836065573796,0.03100000000000014
vehicle_001_session_00714,vehicle_001,714,train,122.19044542253526,61.2,349.7,350.5,353.6,357.4,-70.07869442622952,36.01639344262295,1,0.040590163934426264,0.04200000000000026
vehicle_001_session_00715,vehicle_001,715,train,121.60976851851855,58.0,347.1,347.8,351.0,354.9,-70.04590590163934,36.31147540983606,1,0.04088524590163933,0.04300000000000015
vehicle_001_session_00716,vehicle_001,716,train,122.55414399509807,10.8,322.5,324.1,326.9,328.9,-70.20820770491802,34.0,0,0.02940983606557373,0.031999999999999584
vehicle_001_session_00717,vehicle_001,717,train,120.80290915144599,38.0,334.2,334.6,336.3,338.9,-70.1705018032787,36.65573770491803,1,0.03199999999999998,0.03600000000000003
vehicle_001_session_00718,vehicle_001,718,train,123.61568693078323,67.6,355.2,355.8,359.1,363.2,-70.14263295081967,39.0,0,0.04172131147540983,0.04300000000000015
vehicle_001_session_00719,vehicle_001,719,train,123.07973122808795,9.2,321.4,323.1,325.8,328.3,-69.99737065789473,36.0,0,0.028868421052631554,0.03100000000000014
vehicle_001_session_00720,vehicle_001,720,train,122.58324386415522,28.4,331.0,331.1,332.2,333.8,-70.0311506557377,38.47540983606557,1,0.026918032786885274,0.028999999999999915
vehicle_001_session_00721,vehicle_001,721,train,123.31524623435051,58.0,346.6,347.4,350.7,354.6,-70.0311506557377,42.0,0,0.041360655737704914,0.04300000000000015
vehicle_001_session_00722,vehicle_001,722,train,122.64150943396224,34.0,331.3,331.4,332.2,333.3,-45.0,40.0,0,0.020147540983606573,0.021999999999999797
vehicle_001_session_00723,vehicle_001,723,train,120.71078431372554,55.2,342.8,343.6,345.8,348.5,-45.0,42.0,0,0.03691803278688524,0.040000000000000036
vehicle_001_session_00724,vehicle_001,724,train,121.2594581078643,37.6,333.2,333.5,335.2,337.7,-70.40654934426229,37.31147540983606,1,0.030688524590163926,0.03500000000000014
vehicle_001_session_00725,vehicle_001,725,train,124.5704521729391,68.4,355.0,355.8,358.9,363.2,-70.42786163934426,39.967213114754095,1,0.041606557377049144,0.04300000000000015
vehicle_001_session_00726,vehicle_001,726,train,122.61296927742619,33.6,332.2,332.5,333.8,335.8,-70.10656524590165,34.77049180327869,1,0.028065573770491826,0.03100000000000014
vehicle_001_session_00727,vehicle_001,727,train,123.54007580128207,65.6,353.2,353.9,357.1,361.1,-70.07869393442623,38.0,0,0.04127868852459015,0.04300000000000015
vehicle_001_session_00728,vehicle_001,728,train,120.20832638888885,44.8,335.3,335.8,337.2,339.7,-49.890156885245894,36.032786885245905,1,0.02945901639344256,0.03400000000000025
vehicle_001_session_00729,vehicle_001,729,train,123.34583104166668,77.6,361.6,363.0,365.5,368.6,-49.7491706557377,37.77049180327869,1,0.036131147540983684,0.03700000000000081
vehicle_001_session_00730,vehicle_001,730,train,120.97905732570807,36.0,331.4,331.6,332.5,333.9,-45.100010000000005,37.0,0,0.021114754098360673,0.02300000000000013
vehicle_001_session_00731,vehicle_001,731,train,121.32352941176471,36.4,332.4,332.5,333.5,334.7,-45.0,37.81967213114754,1,0.021393442622950846,0.02499999999999991
vehicle_001_session_00732,vehicle_001,732,train,124.64396563088513,18.0,327.7,328.2,329.6,330.8,-70.15246836065575,33.0,0,0.02619672131147542,0.03100000000000014
vehicle_001_session_00733,vehicle_001,733,train,120.08612356481484,42.0,335.8,336.3,338.3,341.9,-70.10820459016394,35.442622950819676,1,0.03536065573770489,0.04200000000000026
vehicle_001_session_00734,vehicle_001,734,train,122.30680813172044,72.0,358.8,359.7,363.0,367.2,-70.11312147540984,37.885245901639344,1,0.042278688524590186,0.04400000000000048
vehicle_001_session_00735,vehicle_001,735,train,124.11333403784222,55.2,343.3,344.4,348.2,352.2,-70.11804065573772,34.950819672131146,1,0.04291803278688521,0.04900000000000038
vehicle_001_session_00736,vehicle_001,736,train,120.95909696016768,32.4,331.0,331.3,332.1,333.3,-49.90163016393442,32.65573770491803,1,0.021147540983606564,0.02300000000000013
vehicle_001_session_00737,vehicle_001,737,train,122.57585378086418,53.6,342.1,342.7,345.3,348.3,-49.89343459016393,35.0,0,0.038639344262295094,0.04200000000000026
vehicle_001_session_00738,vehicle_001,738,train,124.34232632211544,64.0,350.7,351.1,353.5,356.3,-49.76559032786887,33.0,0,0.034081967213114774,0.03500000000000014
vehicle_001_session_00739,vehicle_001,739,train,122.68337087339745,44.4,333.6,334.95,337.4,340.8,-59.70789999999999,37.0,0,0.033171052631578934,0.040000000000000036
vehicle_001_session_00740,vehicle_001,740,train,122.42449661458336,20.8,328.9,329.2,330.3,331.6,-70.1639444262295,38.65573770491803,1,0.025754098360655762,0.028000000000000025
vehicle_001_session_00741,vehicle_001,741,train,121.14310937500001,52.8,342.5,343.5,346.9,351.0,-70.12296081967214,42.65573770491803,1,0.04332786885245899,0.04700000000000015
vehicle_001_session_00742,vehicle_001,742,train,123.11633630299714,37.2,331.1,332.5,334.4,337.1,-70.2672244262295,30.9672131147541,2,0.029540983606557377,0.03299999999999992
vehicle_001_session_00743,vehicle_001,743,train,124.6084536858974,67.6,354.4,355.2,358.3,362.5,-70.10164606557377,34.0,0,0.04149180327868854,0.04300000000000015
vehicle_001_session_00744,vehicle_001,744,train,122.2856416566023,40.0,333.5,334.1,336.1,339.3,-70.23115639344262,33.73770491803279,1,0.032704918032786856,0.039000000000000146
vehicle_001_session_00745,vehicle_001,745,train,124.81772152777779,68.0,355.0,355.8,358.9,363.2,-70.2295162295082,36.0,0,0.041655737704918004,0.04300000000000015
vehicle_001_session_00746,vehicle_001,746,train,124.46415386608625,18.8,327.8,328.3,329.7,331.0,-70.64427147540984,35.0655737704918,1,0.02688524590163937,0.03200000000000003
vehicle_001_session_00747,vehicle_001,747,train,120.55704927600478,46.0,337.8,338.3,341.0,345.3,-70.6557473770492,38.278688524590166,1,0.040557377049180346,0.04700000000000015
vehicle_001_session_00748,vehicle_001,748,train,123.33780471230162,52.0,338.3,340.3,344.9,349.4,-70.99508147540983,37.83606557377049,1,0.04504918032786886,0.050000000000000266
vehicle_001_session_00749,vehicle_001,749,train,122.03150640649451,54.4,343.5,344.4,347.8,351.9,-70.09836852459017,37.721311475409834,1,0.043327868852459005,0.04899999999999993
vehicle_001_session_00750,vehicle_001,750,train,124.39185850694446,47.2,336.4,337.2,340.3,345.3,-70.07049672131149,35.34426229508197,1,0.04152459016393445,0.04800000000000004
vehicle_001_session_00751,vehicle_001,751,train,124.77072772988512,74.4,360.7,361.6,364.9,369.1,-69.96557983606556,37.21311475409836,1,0.04231147540983609,0.04400000000000048
vehicle_001_session_00752,vehicle_001,752,train,123.73448214285715,53.2,338.6,340.25,344.3,347.8,-58.69867239999999,36.85333333333333,1,0.04272000000000003,0.04700000000000015
vehicle_001_session_00753,vehicle_001,753,train,122.34136264172334,19.6,326.3,327.6,329.2,330.3,-60.205275263157894,28.210526315789473,1,0.024065789473684207,0.03000000000000025
vehicle_001_session_00754,vehicle_001,754,train,120.6364141791045,39.2,333.8,334.1,336.1,338.9,-70.13607491803279,37.22950819672131,1,0.032852459016393436,0.03799999999999981
vehicle_001_session_00755,vehicle_001,755,train,122.51841178751805,66.0,353.5,354.3,357.5,361.6,-70.08689081967212,39.622950819672134,1,0.04195081967213115,0.04300000000000015
vehicle_001_session_00756,vehicle_001,756,train,122.89220229963567,10.8,323.0,324.1,326.7,328.9,-70.10492409836066,35.704918032786885,1,0.02919672131147536,0.03100000000000014
vehicle_001_session_00757,vehicle_001,757,train,121.34335380591631,35.2,333.2,333.3,334.9,337.1,-70.08853098360656,37.557377049180324,1,0.030049180327868862,0.03500000000000014
vehicle_001_session_00758,vehicle_001,758,train,123.22762676202322,66.0,353.8,354.6,357.7,361.8,-70.08361295081967,40.032786885245905,1,0.042147540983606575,0.043999999999999595
vehicle_001_session_00759,vehicle_001,759,train,122.61513953864137,25.6,327.8,328.85,329.95,331.3,-60.032002666666656,37.56,1,0.022639999999999993,0.02400000000000002
vehicle_001_session_00760,vehicle_001,760,train,122.98563068639295,51.2,340.8,341.4,345.2,349.4,-70.22952114754098,37.114754098360656,1,0.04418032786885247,0.04800000000000004
vehicle_001_session_00761,vehicle_001,761,train,124.18089788510102,59.6,347.8,348.6,352.1,356.0,-70.21968409836064,33.0,0,0.04091803278688524,0.04300000000000015
vehicle_001_session_00762,vehicle_001,762,train,123.46088030303032,75.2,361.0,361.8,365.2,369.6,-70.07049836065573,31.18032786885246,1,0.04144262295081965,0.04300000000000015
vehicle_001_session_00763,vehicle_001,763,train,123.37346000957855,44.8,334.4,335.7,338.6,343.0,-70.10164885245902,30.508196721311474,1,0.03691803278688521,0.04600000000000026
vehicle_001_session_00764,vehicle_001,764,train,123.27984096083789,68.0,355.3,356.3,359.4,363.6,-70.09509131147541,32.60655737704918,1,0.040147540983606546,0.041999999999999815
vehicle_001_session_00765,vehicle_001,765,train,120.29947005208332,28.4,330.2,330.5,331.9,333.6,-68.9688493442623,31.262295081967213,1,0.02519672131147543,0.028000000000000025
vehicle_001_session_00766,vehicle_001,766,train,121.71799033816426,60.4,349.4,350.2,353.2,357.1,-68.9458962295082,35.0,0,0.03859016393442623,0.040000000000000036
vehicle_001_session_00767,vehicle_001,767,train,122.04169976851858,22.4,327.7,328.9,330.3,331.7,-70.29182180327868,32.0,2,0.02447540983606561,0.026000000000000245
vehicle_001_session_00768,vehicle_001,768,train,120.35803113026826,46.4,338.0,338.6,341.4,345.8,-70.29674098360655,35.0,2,0.0393770491803279,0.04499999999999993
vehicle_001_session_00769,vehicle_001,769,train,123.0938178341385,18.8,326.6,327.7,329.6,330.8,-70.69181327868851,31.737704918032787,1,0.027032786885245894,0.03400000000000025
vehicle_001_session_00770,vehicle_001,770,train,120.30557430555552,47.2,338.5,339.1,341.9,346.3,-70.70000999999998,35.459016393442624,1,0.03968852459016396,0.04499999999999993
vehicle_001_session_00771,vehicle_001,771,train,123.65720232371794,38.4,331.7,332.8,335.0,338.0,-70.66394442622949,33.47540983606557,1,0.03003278688524587,0.03500000000000014
vehicle_001_session_00772,vehicle_001,772,train,123.168555659204,59.2,347.8,348.8,351.9,355.8,-70.7082075409836,36.0,0,0.038934426229508164,0.040999999999999925
vehicle_001_session_00773,vehicle_001,773,train,118.65949739583336,49.6,339.3,339.7,342.1,345.3,-50.09673098360656,32.31147540983606,1,0.036311475409836105,0.040999999999999925
vehicle_001_session_00774,vehicle_001,774,train,123.1796547693581,20.4,326.6,327.5888888888889,329.1,330.2,-60.0973408,33.0,0,0.02305333333333334,0.028999999999999915
vehicle_001_session_00775,vehicle_001,775,train,125.01311646615804,64.8,351.1,352.29999999999995,354.9,358.0,-56.34667066666666,36.72,1,0.03510666666666671,0.03600000000000003
vehicle_001_session_00776,vehicle_001,776,train,122.14101184275793,25.6,330.0,330.2,331.1,332.2,-60.52131836065574,35.01639344262295,0,0.022180327868852462,0.02400000000000002
vehicle_001_session_00777,vehicle_001,777,train,120.85101102582847,48.0,338.3,338.9,341.3,344.9,-58.693447868852466,37.83606557377049,1,0.03624590163934431,0.04200000000000026
vehicle_001_session_00778,vehicle_001,778,train,123.91481078980101,62.0,349.4,350.2,353.5,357.4,-70.10820377049181,41.0,0,0.03891803278688528,0.040000000000000036
vehicle_001_session_00779,vehicle_001,779,train,122.9472920096285,32.4,330.0,331.3,333.2,335.3,-70.37894907894736,31.710526315789473,1,0.02710526315789476,0.03100000000000014
vehicle_001_session_00780,vehicle_001,780,train,123.4501757054674,56.4,342.4,344.6,348.5,352.7,-69.9606518032787,38.0,0,0.04122950819672131,0.04899999999999993
vehicle_001_session_00781,vehicle_001,781,train,125.70390463113277,38.0,329.6,331.79999999999995,333.3,335.0,-44.50393842105263,27.81578947368421,1,0.0211578947368421,0.02400000000000002
vehicle_001_session_00782,vehicle_001,782,train,122.62426583255741,26.0,327.4,328.1,329.2,330.2,-45.015790789473684,32.0,0,0.017171052631578962,0.019000000000000128
vehicle_001_session_00783,vehicle_001,783,train,123.96805723379627,56.0,341.3,342.75,345.8,348.6,-45.098676000000005,30.0,0,0.035493333333333356,0.04100000000000037
vehicle_001_session_00784,vehicle_001,784,train,121.83755413925441,44.8,336.8,337.2,339.7,343.9,-70.18689508196721,28.721311475409838,2,0.037000000000000005,0.04400000000000004
vehicle_001_session_00785,vehicle_001,785,train,126.13904507080608,75.6,361.8,362.5,366.0,370.4,-70.20328836065575,31.65573770491803,1,0.040459016393442654,0.0420000000000007
vehicle_001_session_00786,vehicle_001,786,train,122.64612076118328,46.0,337.1,337.7,340.3,344.9,-70.10001000000001,32.26229508196721,2,0.03839344262295081,0.04499999999999993
vehicle_001_session_00787,vehicle_001,787,train,125.62570901416129,77.2,363.0,363.9,367.4,371.6,-70.11148540983606,34.91803278688525,1,0.04040983606557384,0.0420000000000007
vehicle_001_session_00788,vehicle_001,788,train,122.5077875642182,8.400001,323.9,324.6,326.6,328.6,-69.08525409836065,29.950819672131146,1,0.027360655737704888,0.028999999999999915
vehicle_001_session_00789,vehicle_001,789,train,122.69036253346721,38.8,334.6,334.9,336.8,339.4,-69.14591163934426,32.14754098360656,2,0.030606557377049166,0.03500000000000014
vehicle_001_session_00790,vehicle_001,790,train,124.75349513888888,72.4,359.3,360.0,363.3,367.5,-69.20000999999999,35.0,0,0.03998360655737708,0.04100000000000037
vehicle_001_session_00791,vehicle_001,791,train,124.82298308779764,41.6,330.8,331.3,332.15,333.2,-22.49342039473684,32.21052631578947,-1,0.015539473684210551,0.017000000000000348
vehicle_001_session_00792,vehicle_001,792,train,124.19517988184082,55.2,344.4,345.3,348.9,352.8,-70.09180967213116,31.60655737704918,1,0.04077049180327868,0.04600000000000026
vehicle_001_session_00793,vehicle_001,793,train,122.76360524256656,61.2,349.7,350.5,353.8,357.7,-70.34426704918033,31.295081967213115,1,0.038918032786885264,0.040999999999999925
vehicle_001_session_00794,vehicle_001,794,train,124.08778503787879,38.8,331.7,332.8,335.2,338.0,-69.78690393442623,32.31147540983606,1,0.03016393442622947,0.0349999999999997
vehicle_001_session_00795,vehicle_001,795,train,124.05524977598563,65.6,353.2,353.9,357.1,361.1,-69.79838049180329,35.0,0,0.03972131147540982,0.04100000000000037
vehicle_001_session_00796,vehicle_001,796,train,124.73032908521945,56.0,342.5,344.95,349.0,353.0,-69.95131513157895,32.75,1,0.041236842105263155,0.051000000000000156
vehicle_001_session_00797,vehicle_001,797,train,121.89188349116164,29.6,329.4,330.75,332.29999999999995,334.2,-70.05658342105262,30.56578947368421,1,0.026184210526315834,0.02900000000000036
vehicle_001_session_00798,vehicle_001,798,train,123.64419565696649,16.4,327.5,328.0,329.4,330.5,-70.12296,33.0,0,0.02540983606557379,0.02900000000000036
vehicle_001_session_00799,vehicle_001,799,train,120.99725806781045,42.0,336.0,336.4,338.5,341.9,-70.11640295081968,35.868852459016395,2,0.0344590163934426,0.040000000000000036
vehicle_001_session_00800,vehicle_001,800,train,120.8556569940476,42.8,336.3,336.8,339.1,343.0,-70.00163950819672,30.016393442622952,2,0.03585245901639342,0.041999999999999815
vehicle_001_session_00801,vehicle_001,801,train,123.98127796378975,71.2,358.5,359.3,362.5,366.9,-70.04098770491804,32.868852459016395,1,0.0403934426229509,0.04300000000000015
vehicle_001_session_00802,vehicle_001,802,train,124.24491969797175,64.8,352.2,353.0,356.3,360.3,-70.37212950819674,35.0,0,0.039606557377049184,0.04100000000000037
vehicle_001_session_00803,vehicle_001,803,train,122.45835680555558,22.4,328.5,328.6,329.4,330.2,-50.09837049180329,33.0,0,0.017770491803278717,0.019000000000000128
vehicle_001_session_00804,vehicle_001,804,train,119.73960470085468,42.4,334.9,335.2,336.4,338.6,-50.09673081967214,35.0,0,0.02463934426229504,0.02799999999999958
vehicle_001_session_00805,vehicle_001,805,train,121.5252055041152,48.4,337.4,337.8,340.0,343.3,-50.0,29.278688524590162,1,0.03108196721311473,0.03699999999999992
vehicle_001_session_00806,vehicle_001,806,train,124.07636597222222,68.8,354.9,355.5,357.7,360.7,-49.909827049180315,32.77049180327869,1,0.030770491803278708,0.03200000000000003
vehicle_001_session_00807,vehicle_001,807,train,121.50108393429491,23.2,327.7,329.1,330.7,332.1,-71.62459836065571,30.81967213114754,1,0.02434426229508201,0.026000000000000245
vehicle_001_session_00808,vehicle_001,808,train,118.75361701839829,44.0,336.8,337.2,339.7,343.6,-71.60000852459017,33.63934426229508,1,0.03503278688524591,0.04100000000000037
vehicle_001_session_00809,vehicle_001,809,train,122.04923312621834,51.2,339.7,340.5,343.8,347.5,-58.657383770491805,31.0,0,0.036737704918032806,0.040000000000000036
vehicle_001_session_00810,vehicle_001,810,train,122.4698319102914,70.0,357.1,357.8,361.1,365.3,-69.94589754098361,28.885245901639344,1,0.036377049180327886,0.038000000000000256
vehicle_001_session_00811,vehicle_001,811,train,118.66761064030136,33.2,331.0,331.1,332.1,333.3,-45.011476557377044,26.983606557377048,1,0.01811475409836065,0.020000000000000018
vehicle_001_session_00812,vehicle_001,812,train,117.65904368055556,56.8,345.2,345.7,348.0,350.5,-45.011476557377044,29.78688524590164,1,0.03031147540983604,0.03500000000000014
vehicle_001_session_00813,vehicle_001,813,train,120.06294129979035,46.0,336.4,336.8,338.5,341.3,-49.80002000000002,28.934426229508198,1,0.028540983606557307,0.03399999999999981
vehicle_001_session_00814,vehicle_001,814,train,121.28563020332531,14.8,324.4,325.9,328.4,329.9,-70.09211197368421,32.0,0,0.027039473684210516,0.031999999999999584
vehicle_001_session_00815,vehicle_001,815,train,118.33095581240488,30.0,331.3,331.7,333.0,334.9,-69.8754118032787,28.770491803278688,2,0.02537704918032789,0.028000000000000025
vehicle_001_session_00816,vehicle_001,816,train,121.04517919685996,59.2,348.8,349.6,352.7,356.4,-69.9049131147541,32.57377049180328,1,0.03670491803278689,0.038000000000000256
vehicle_001_session_00817,vehicle_001,817,train,122.46851330128206,65.6,353.3,354.1,357.4,361.4,-69.78690327868851,31.081967213114755,1,0.036934426229508224,0.039000000000000146
vehicle_001_session_00818,vehicle_001,818,train,121.69939044887278,62.8,347.2,350.7,354.3,358.5,-70.03771049180328,30.16393442622951,1,0.035688524590163966,0.038000000000000256
vehicle_001_session_00819,vehicle_001,819,train,121.0041390765766,14.4,326.9,327.2,328.8,330.0,-70.85574098360657,35.0,0,0.02537704918032789,0.028999999999999915
vehicle_001_session_00820,vehicle_001,820,train,120.25843547819973,44.0,336.8,337.2,339.6,343.3,-70.85737983606558,38.24590163934426,1,0.03421311475409833,0.040000000000000036
vehicle_001_session_00821,vehicle_001,821,train,125.75000751262628,75.6,361.6,362.4,365.8,370.0,-70.9540937704918,40.22950819672131,1,0.03875409836065583,0.040000000000000036
vehicle_001_session_00822,vehicle_001,822,train,121.23388091412494,34.4,330.3,331.1,332.75,334.7,-60.22238026315788,32.921052631578945,1,0.023473684210526338,0.026000000000000245
vehicle_001_session_00823,vehicle_001,823,train,120.92016951388891,25.6,328.3,329.6,331.0,332.7,-70.770508852459,34.9344262295082,2,0.024704918032786932,0.027000000000000135
vehicle_001_session_00824,vehicle_001,824,train,120.26560444819825,45.6,337.2,337.7,340.3,344.6,-70.79182245901639,37.50819672131148,1,0.03632786885245901,0.04300000000000015
vehicle_001_session_00825,vehicle_001,825,train,119.66082115539453,25.6,328.5,329.6,331.1,332.7,-69.93606049180327,34.24590163934426,1,0.02436065573770495,0.026000000000000245
vehicle_001_session_00826,vehicle_001,826,train,119.76597317351597,53.2,342.5,343.5,346.9,351.1,-69.9229444262295,37.442622950819676,1,0.039459016393442625,0.04300000000000015
vehicle_001_session_00827,vehicle_001,827,train,122.08675435729856,66.4,352.8,354.3,357.4,361.6,-71.12787852459016,36.22950819672131,1,0.03783606557377049,0.040000000000000036
vehicle_001_session_00828,vehicle_001,828,train,121.84836259920633,54.8,342.1,342.8,345.7,348.6,-50.14427229508197,35.0,0,0.034639344262295105,0.039000000000000146
vehicle_001_session_00829,vehicle_001,829,train,122.5207042601496,18.0,326.7,327.1,328.2,329.1,-49.87049065573771,29.0,0,0.018737704918032807,0.02100000000000035
vehicle_001_session_00830,vehicle_001,830,train,119.20577201140874,38.8,333.3,333.6,334.7,336.4,-49.80985311475412,31.18032786885246,1,0.02216393442622952,0.02499999999999991
vehicle_001_session_00831,vehicle_001,831,train,119.31869706498951,44.0,335.2,335.5,337.1,339.4,-49.772148360655756,32.40983606557377,1,0.026081967213114735,0.03000000000000025
vehicle_001_session_00832,vehicle_001,832,train,120.5208384081197,14.8,326.1,326.4,327.5,328.5,-49.86557409836067,34.0,0,0.019901639344262288,0.022999999999999687
vehicle_001_session_00833,vehicle_001,833,train,119.7891332304527,35.6,332.2,332.5,333.3,334.9,-49.82624163934427,35.19672131147541,1,0.020901639344262292,0.02300000000000013
vehicle_001_session_00834,vehicle_001,834,train,120.65676898555277,13.2,323.8,324.9,327.275,328.9,-59.941335733333325,31.0,0,0.025146666666666657,0.028000000000000025
vehicle_001_session_00835,vehicle_001,835,train,120.29845070389267,18.4,325.8,327.1,328.675,329.9,-60.0586712,32.0,0,0.023413333333333355,0.028999999999999915
vehicle_001_session_00836,vehicle_001,836,train,119.97448092757932,38.8,332.1,332.4,333.5,334.9,-45.172141147540984,32.0,0,0.020262295081967245,0.02200000000000024
vehicle_001_session_00837,vehicle_001,837,train,121.02287056327161,49.2,338.8,339.4,342.5,347.1,-70.11476213114753,35.91803278688525,2,0.03885245901639346,0.04400000000000004
vehicle_001_session_00838,vehicle_001,838,train,118.6523553059896,29.2,329.4,330.5,332.2,334.2,-70.12787672131148,29.81967213114754,2,0.025377049180327908,0.028000000000000025
vehicle_001_session_00839,vehicle_001,839,train,120.27356587837836,54.8,344.4,345.3,348.8,352.7,-70.0032850819672,33.26229508196721,1,0.038573770491803286,0.04400000000000004
vehicle_001_session_00840,vehicle_001,840,train,118.15012659904971,36.0,333.6,333.9,335.5,338.0,-69.95245426229508,30.065573770491802,2,0.028557377049180314,0.03200000000000003
vehicle_001_session_00841,vehicle_001,841,train,120.72605773217249,66.4,354.6,355.3,358.3,362.4,-69.86885180327867,33.0,0,0.03760655737704918,0.039000000000000146
vehicle_001_session_00842,vehicle_001,842,train,123.36501019076304,58.8,345.2,347.45,351.20000000000005,355.0,-70.03867266666667,29.386666666666667,1,0.036839999999999984,0.04200000000000026
vehicle_001_session_00843,vehicle_001,843,train,122.04379766493061,33.6,330.3,331.5,333.375,335.7,-69.970666,28.986666666666668,2,0.026146666666666707,0.02900000000000036
vehicle_001_session_00844,vehicle_001,844,train,122.43843258647799,14.4,322.2,325.3,327.7,329.4,-59.58197508196722,26.295081967213115,1,0.02318032786885241,0.029999999999999805
vehicle_001_session_00845,vehicle_001,845,train,119.49490153301889,35.6,332.8,333.2,334.4,336.1,-59.83279295081969,29.065573770491802,2,0.023934426229508247,0.027000000000000135
vehicle_001_session_00846,vehicle_001,846,train,120.83007023060796,56.8,345.3,346.1,348.9,351.9,-57.4196768852459,32.0,0,0.034442622950819644,0.038000000000000256
vehicle_001_session_00847,vehicle_001,847,train,122.92320381345785,68.8,354.3,354.9,357.1,360.0,-50.01311606557377,36.81967213114754,1,0.03172131147540983,0.03300000000000036
vehicle_001_session_00848,vehicle_001,848,train,122.56949019607845,16.8,326.9,327.2,328.2,329.1,-50.29510147540986,36.0,0,0.01906557377049186,0.02200000000000024
vehicle_001_session_00849,vehicle_001,849,train,121.4632332638889,37.6,332.8,333.0,334.1,335.7,-50.260671803278704,37.0,0,0.021967213114754112,0.02499999999999991
vehicle_001_session_00850,vehicle_001,850,train,123.22444389978217,57.6,345.7,346.1,348.6,351.4,-50.244276721311486,39.0,0,0.03234426229508195,0.03600000000000003
vehicle_001_session_00851,vehicle_001,851,train,122.35701182909605,26.4,328.6,329.7,331.1,332.8,-70.72624213114753,32.42622950819672,1,0.024836065573770494,0.027000000000000135
vehicle_001_session_00852,vehicle_001,852,train,120.5483275362319,50.4,340.0,340.78000000000003,344.26,348.5,-70.70000999999998,34.868852459016395,1,0.03968852459016397,0.04400000000000004
vehicle_001_session_00853,vehicle_001,853,train,120.92804145622895,25.2,328.6,329.7,331.1,332.7,-70.09344868852462,31.24590163934426,1,0.024442622950819688,0.026000000000000245
vehicle_001_session_00854,vehicle_001,854,train,120.8997236519608,52.0,341.9,342.7,346.3,350.3,-70.03442983606558,34.65573770491803,1,0.03965573770491803,0.04300000000000015
vehicle_001_session_00855,vehicle_001,855,train,121.43607350628935,41.2,332.8,333.9,336.4,339.9,-70.2262381967213,32.49180327868852,1,0.031147540983606534,0.03600000000000003
vehicle_001_session_00856,vehicle_001,856,train,121.75030584898279,62.4,350.7,351.4,354.7,358.6,-70.20164672131149,34.78688524590164,1,0.037393442622950836,0.039000000000000146
vehicle_001_session_00857,vehicle_001,857,train,121.2265087109692,36.0,331.3,332.4,334.4,336.9,-70.00133466666666,31.506666666666668,1,0.02788000000000001,0.03200000000000003
vehicle_001_session_00858,vehicle_001,858,train,123.25616247795413,45.2,336.3,336.8,339.6,343.6,-69.87868491803277,31.524590163934427,1,0.03532786885245901,0.04200000000000026
vehicle_001_session_00859,vehicle_001,859,train,124.41445801767676,70.8,357.5,358.3,361.6,365.7,-69.9163850819672,33.59016393442623,1,0.038196721311475355,0.03999999999999959
vehicle_001_session_00860,vehicle_001,860,train,121.95534163943353,24.8,330.2,330.5,331.4,333.0,-70.51803459016394,30.78688524590164,2,0.02442622950819676,0.026000000000000245
vehicle_001_session_00861,vehicle_001,861,train,123.19624203783523,44.8,336.3,337.8,340.8,345.2,-70.42950967213115,33.57377049180328,1,0.03629508196721312,0.04300000000000015
vehicle_001_session_00862,vehicle_001,862,train,122.4694592313218,72.8,361.1,361.9,365.2,369.4,-69.47704688524591,35.885245901639344,1,0.03836065573770495,0.040000000000000036
vehicle_001_session_00863,vehicle_001,863,train,121.66617974695586,32.4,332.2,332.5,333.8,335.8,-69.89507344262294,33.31147540983606,1,0.026540983606557395,0.02900000000000036
vehicle_001_session_00864,vehicle_001,864,train,121.9857900837418,62.0,350.7,351.4,354.4,358.5,-69.89179573770491,36.34426229508197,1,0.03777049180327868,0.039000000000000146
vehicle_001_session_00865,vehicle_001,865,train,121.42303871527777,37.6,333.2,333.6,335.3,337.8,-69.9721355737705,36.26229508196721,1,0.02914754098360653,0.03299999999999992
vehicle_001_session_00866,vehicle_001,866,train,121.80261917372883,62.0,350.0,350.8,353.9,358.0,-69.92131459016393,38.557377049180324,1,0.0380327868852459,0.040000000000000036
vehicle_001_session_00867,vehicle_001,867,train,121.0920909436834,29.2,331.4,331.7,333.0,334.9,-74.03279049180328,30.81967213114754,2,0.02686885245901642,0.03000000000000025
vehicle_001_session_00868,vehicle_001,868,train,122.61873566308248,60.8,350.5,351.8,355.0,359.3,-73.94754540983608,34.78688524590164,1,0.03852459016393443,0.04000000000000048
vehicle_001_session_00869,vehicle_001,869,train,120.7277634665916,23.6,328.2,328.3,328.8,329.6,-40.00491852459017,31.0,0,0.014770491803278708,0.016000000000000014
vehicle_001_session_00870,vehicle_001,870,train,123.2960957125604,54.0,342.2,343.3,346.9,351.1,-70.01967409836065,30.295081967213115,1,0.03965573770491801,0.04400000000000004
vehicle_001_session_00871,vehicle_001,871,train,122.9951667673108,61.6,349.6,350.3,353.6,357.7,-69.94261721311474,34.0,0,0.0369016393442623,0.038000000000000256
vehicle_001_session_00872,vehicle_001,872,train,122.28115972222217,58.0,343.9,346.3,350.0,354.3,-69.57049885245902,32.885245901639344,1,0.037836065573770485,0.04600000000000026
vehicle_001_session_00873,vehicle_001,873,train,123.17064563368054,44.8,333.6,334.9,337.275,340.7,-59.65467093333333,30.813333333333333,1,0.030053333333333317,0.03600000000000003
vehicle_001_session_00874,vehicle_001,874,train,122.29707105829418,54.8,343.2,344.3,348.3,352.5,-70.2705081967213,27.0,0,0.03954098360655738,0.04600000000000026
vehicle_001_session_00875,vehicle_001,875,train,121.76060697115385,42.8,335.3,336.0,338.3,342.4,-70.17213934426229,26.42622950819672,1,0.033295081967213064,0.040000000000000036
vehicle_001_session_00876,vehicle_001,876,train,120.40715386710247,22.4,327.4,328.9,330.5,331.9,-70.17214098360657,26.770491803278688,2,0.023819672131147544,0.026000000000000245
vehicle_001_session_00877,vehicle_001,877,train,120.22640731481484,42.8,336.1,336.6,338.8,342.4,-70.18033819672131,29.672131147540984,1,0.033737704918032754,0.040999999999999925
vehicle_001_session_00878,vehicle_001,878,train,122.39774507575757,73.2,359.6,360.5,363.8,368.0,-70.19345147540984,32.557377049180324,1,0.03860655737704923,0.04000000000000048
vehicle_001_session_00879,vehicle_001,879,train,123.25202928545326,58.4,347.2,348.2,351.4,355.3,-70.15574770491801,30.737704918032787,1,0.03760655737704919,0.040999999999999925
vehicle_001_session_00880,vehicle_001,880,train,124.06481387987702,45.2,332.1,335.8,338.85,343.3,-69.09605555263158,32.18421052631579,2,0.034881578947368395,0.042999999999999705
vehicle_001_session_00881,vehicle_001,881,train,121.98375000000001,35.6,331.4,332.6,334.7,337.4,-70.13027197368422,27.526315789473685,1,0.028013157894736837,0.03299999999999992
vehicle_001_session_00882,vehicle_001,882,train,121.20646544312169,28.8,329.2,330.3,331.9,333.6,-70.06230032786885,31.639344262295083,1,0.02522950819672132,0.028000000000000025
vehicle_001_session_00883,vehicle_001,883,train,121.04873999748997,54.0,343.5,344.3,347.8,351.8,-70.00000147540983,34.868852459016395,1,0.039737704918032773,0.04300000000000015
vehicle_001_session_00884,vehicle_001,884,train,118.54064614427861,40.4,334.6,334.9,336.9,340.2,-70.20492819672131,34.40983606557377,1,0.031606557377049135,0.03799999999999981
vehicle_001_session_00885,vehicle_001,885,train,123.06179135572143,67.2,354.6,355.2,358.5,362.5,-70.14755081967212,37.0,0,0.03834426229508197,0.040999999999999925
vehicle_001_session_00886,vehicle_001,886,train,119.2082270637715,24.4,330.2,330.5,331.6,333.0,-70.45245426229508,32.114754098360656,2,0.024819672131147587,0.026000000000000245
vehicle_001_session_00887,vehicle_001,887,train,119.41640164609048,52.8,343.6,344.6,348.04,352.1,-70.45573327868853,35.80327868852459,1,0.04001639344262293,0.04400000000000004
vehicle_001_session_00888,vehicle_001,888,train,120.13743886932711,36.4,333.6,333.9,335.5,338.0,-70.1672231147541,33.59016393442623,1,0.029114754098360653,0.03299999999999992
vehicle_001_session_00889,vehicle_001,889,train,121.73955399061036,65.2,353.2,353.9,357.1,361.1,-70.19509196721312,37.0,0,0.03842622950819674,0.04000000000000048
vehicle_001_session_00890,vehicle_001,890,train,120.08334481481481,37.2,333.5,333.8,335.3,337.8,-70.09344885245902,33.83606557377049,2,0.029245901639344214,0.03299999999999992
vehicle_001_session_00891,vehicle_001,891,train,123.29805333561026,67.2,354.4,355.2,358.3,362.4,-70.08525245901639,37.0,0,0.03854098360655744,0.04000000000000048
vehicle_001_session_00892,vehicle_001,892,train,123.12143259099616,55.2,342.5,343.3,346.1,349.1,-50.14263295081967,34.950819672131146,1,0.03518032786885248,0.039000000000000146
vehicle_001_session_00893,vehicle_001,893,train,124.46458773148152,57.2,343.5,345.25,348.6,352.2,-60.119744736842115,35.86842105263158,1,0.036131578947368403,0.04400000000000004
vehicle_001_session_00894,vehicle_001,894,train,117.66987710813494,37.6,333.5,333.8,334.9,336.6,-49.949175245901635,29.42622950819672,1,0.02272131147540986,0.0259999999999998
vehicle_001_session_00895,vehicle_001,895,train,119.36029393696586,60.0,348.8,349.3,351.6,354.4,-49.90982770491803,31.639344262295083,1,0.03152459016393444,0.03300000000000036
vehicle_001_session_00896,vehicle_001,896,train,121.12523469868175,66.4,353.0,353.5,355.8,358.6,-49.85737983606559,27.770491803278688,1,0.03113114754098362,0.03200000000000003
vehicle_001_session_00897,vehicle_001,897,train,119.93994356261025,35.6,332.7,333.0,334.6,336.8,-70.20001114754098,33.73770491803279,1,0.02806557377049182,0.03200000000000003
vehicle_001_session_00898,vehicle_001,898,train,122.00696398809525,60.8,349.1,349.9,353.0,357.1,-70.18689573770492,36.295081967213115,1,0.038065573770491835,0.040000000000000036
vehicle_001_session_00899,vehicle_001,899,train,119.61193770424833,30.0,331.6,331.9,333.2,335.0,-70.54918524590164,28.672131147540984,1,0.025868852459016406,0.028000000000000025
vehicle_001_session_00900,vehicle_001,900,train,121.00044748263889,57.2,347.4,348.2,351.4,355.3,-70.56558032786884,32.0,0,0.0379344262295082,0.040999999999999925
vehicle_001_session_00901,vehicle_001,901,train,121.71626729336046,45.2,333.3,334.65,336.70000000000005,339.1,-44.73946460526316,33.0,0,0.02606578947368419,0.03200000000000003
vehicle_001_session_00902,vehicle_001,902,train,121.55022781800474,28.4,328.9,330.2,331.7,333.5,-70.04737157894736,30.0,2,0.025039473684210556,0.028000000000000025
vehicle_001_session_00903,vehicle_001,903,train,122.18686091457023,26.8,328.8,330.0,331.6,333.3,-70.09017213114753,25.360655737704917,2,0.024508196721311493,0.026000000000000245
vehicle_001_session_00904,vehicle_001,904,train,119.9802533653846,48.4,339.4,340.2,343.3,347.8,-70.16394442622949,28.75409836065574,2,0.0394754098360656,0.04300000000000015
vehicle_001_session_00905,vehicle_001,905,train,122.11546344339631,74.4,361.3,362.1,365.5,369.9,-70.26067180327868,31.0,0,0.03878688524590163,0.040000000000000036
vehicle_001_session_00906,vehicle_001,906,train,119.86979416870913,36.0,333.5,333.8,335.3,337.7,-69.86721491803279,26.459016393442624,1,0.02839344262295083,0.03200000000000003
vehicle_001_session_00907,vehicle_001,907,train,120.85700194654886,63.2,351.9,352.8,356.0,359.9,-69.88524360655738,29.639344262295083,1,0.037918032786885256,0.039000000000000146
vehicle_001_session_00908,vehicle_001,908,train,120.86858938341747,34.8,332.1,332.5,334.2,336.4,-70.0459062295082,26.40983606557377,1,0.026901639344262294,0.03000000000000025
vehicle_001_session_00909,vehicle_001,909,train,121.74735830269607,61.2,350.0,350.8,353.9,358.0,-70.06721983606558,30.0,0,0.03752459016393447,0.039000000000000146
vehicle_001_session_00910,vehicle_001,910,train,121.48452574786326,36.8,331.4,332.7,334.9,337.7,-70.6360755737705,26.59016393442623,1,0.028327868852459026,0.03299999999999992
vehicle_001_session_00911,vehicle_001,911,train,122.86806997863249,63.2,351.9,352.7,355.8,359.7,-70.64263295081966,29.278688524590162,1,0.03796721311475413,0.039000000000000146
vehicle_001_session_00912,vehicle_001,912,train,122.66309633163699,42.4,333.6,335.1,337.8,341.8,-70.07237381578948,21.960526315789473,2,0.0321710526315789,0.038000000000000256
vehicle_001_session_00913,vehicle_001,913,train,122.24855721886203,40.0,332.4,333.85,336.4,339.7,-70.19869315789474,23.67105263157895,2,0.030315789473684202,0.03600000000000003
vehicle_001_session_00914,vehicle_001,914,train,120.80770940170942,37.2,333.5,334.1,335.7,338.3,-70.6672231147541,28.39344262295082,1,0.02932786885245899,0.03400000000000025
vehicle_001_session_00915,vehicle_001,915,train,123.24556016865085,63.6,351.9,352.8,356.0,360.0,-70.70001016393442,31.0,0,0.038278688524590175,0.040000000000000036
vehicle_001_session_00916,vehicle_001,916,train,121.02597414200886,35.2,330.7,331.7,333.5,335.5,-60.02133613333334,24.626666666666665,1,0.023866666666666696,0.027000000000000135
vehicle_001_session_00917,vehicle_001,917,train,121.66412456517587,10.4,322.4,323.70000000000005,326.20000000000005,328.3,-60.29600813333333,24.946666666666665,1,0.02475999999999993,0.02699999999999969
vehicle_001_session_00918,vehicle_001,918,train,124.03347196969702,51.6,338.5,340.7,345.5,350.2,-70.1868924590164,22.737704918032787,1,0.04070491803278691,0.04600000000000026
vehicle_001_session_00919,vehicle_001,919,train,122.83398629743738,40.8,330.3,330.9,331.7,332.7,-22.301352933333327,23.0,0,0.013946666666666706,0.015000000000000124
vehicle_001_session_00920,vehicle_001,920,train,120.74870641169663,16.0,325.3,326.79999999999995,328.70000000000005,329.9,-60.14343065789474,20.68421052631579,1,0.022789473684210523,0.028000000000000025
vehicle_001_session_00921,vehicle_001,921,train,119.96976066468257,33.6,332.7,333.0,334.6,336.8,-70.30984459016393,21.721311475409838,2,0.02660655737704914,0.03100000000000014
vehicle_001_session_00922,vehicle_001,922,train,122.20206877240147,62.0,351.3,352.2,355.2,359.3,-70.33935049180329,25.57377049180328,1,0.0377049180327869,0.039000000000000146
vehicle_001_session_00923,vehicle_001,923,train,121.87877228382618,70.0,357.8,358.6,362.1,366.3,-70.14427213114753,24.049180327868854,1,0.038229508196721336,0.040000000000000036
vehicle_001_session_00924,vehicle_001,924,train,122.08749502487562,48.4,338.8,339.6,343.3,348.2,-70.13771459016394,22.459016393442624,1,0.03968852459016395,0.04400000000000004
vehicle_001_session_00925,vehicle_001,925,train,121.89845432787703,75.2,362.8,363.6,367.2,370.7,-67.22787163934426,24.80327868852459,1,0.03785245901639343,0.040000000000000036
vehicle_001_session_00926,vehicle_001,926,train,121.39981047419462,30.0,329.6,330.9,332.5,334.6,-70.06711013157894,23.19736842105263,2,0.024973684210526353,0.027000000000000135
vehicle_001_session_00927,vehicle_001,927,train,118.56812747395834,39.6,334.9,335.3,337.4,340.5,-70.41146655737704,22.524590163934427,1,0.03134426229508193,0.03600000000000003
vehicle_001_session_00928,vehicle_001,928,train,123.05556237139915,71.6,359.1,359.9,363.3,367.7,-70.41310606557376,26.0,0,0.038950819672131154,0.040000000000000036
vehicle_001_session_00929,vehicle_001,929,train,120.92010978881284,68.4,353.9,355.5,358.675,362.4,-60.18267346666667,24.986666666666668,1,0.034159999999999975,0.03600000000000003
vehicle_001_session_00930,vehicle_001,930,train,120.77344973271384,40.0,333.3,334.95,337.7,341.4,-70.24211486842104,19.06578947368421,2,0.031407894736842114,0.037000000000000366
vehicle_001_session_00931,vehicle_001,931,train,121.4984748263889,23.6,327.8,329.2,330.8,332.4,-70.38196655737705,25.852459016393443,1,0.023950819672131144,0.026000000000000245
vehicle_001_session_00932,vehicle_001,932,train,119.68791298527444,49.6,340.3,341.1,344.6,348.9,-70.42950114754098,29.442622950819672,1,0.0403934426229508,0.04400000000000004
vehicle_001_session_00933,vehicle_001,933,train,123.48521481481481,59.2,348.0,348.9,352.2,356.3,-70.78034590163934,28.442622950819672,1,0.03837704918032785,0.040000000000000036
vehicle_001_session_00934,vehicle_001,934,train,123.24362348611116,27.6,328.8,329.9,331.4,333.2,-70.11967950819671,27.57377049180328,1,0.02470491803278694,0.026000000000000245
vehicle_001_session_00935,vehicle_001,935,train,121.43963692708333,48.0,338.6,339.1,342.1,346.4,-70.06230196721312,30.491803278688526,1,0.039295081967213125,0.04400000000000004
vehicle_001_session_00936,vehicle_001,936,train,122.21937084354576,70.8,353.9,355.5,357.9,360.7,-44.860000533333334,32.0,0,0.030466666666666597,0.03200000000000003
vehicle_001_session_00937,vehicle_001,937,train,120.54833873456793,35.2,331.7,332.4,334.2,336.8,-70.29017295081968,28.049180327868854,2,0.027655737704918037,0.03200000000000003
vehicle_001_session_00938,vehicle_001,938,train,120.9218363575269,64.0,352.5,353.5,356.6,360.7,-70.15738737704918,31.327868852459016,1,0.03834426229508196,0.040000000000000036
vehicle_001_session_00939,vehicle_001,939,train,121.0917089731831,25.2,328.5,329.65,331.3,333.0,-74.13867426666667,29.69333333333333,1,0.02580000000000006,0.028000000000000025
vehicle_001_session_00940,vehicle_001,940,train,123.36408338293647,58.8,348.2,349.1,352.4,356.3,-69.97212836065573,26.672131147540984,1,0.037754098360655776,0.040000000000000036
vehicle_001_session_00941,vehicle_001,941,train,122.69545549214979,51.6,339.1,341.25,346.1,350.5,-70.08933920000001,25.626666666666665,1,0.04156000000000001,0.04700000000000015
vehicle_001_session_00942,vehicle_001,942,train,121.25956821895426,57.6,345.8,346.4,348.9,351.8,-49.74263721311477,30.0,0,0.03319672131147539,0.037000000000000366
vehicle_001_session_00943,vehicle_001,943,train,122.7578878703704,18.4,327.4,328.0,329.4,330.8,-70.15246901639344,28.131147540983605,1,0.025327868852459044,0.03000000000000025
vehicle_001_session_00944,vehicle_001,944,train,120.0533223787167,48.8,339.3,339.9,343.0,347.4,-70.14591147540985,31.62295081967213,1,0.039836065573770486,0.04400000000000004
vehicle_001_session_00945,vehicle_001,945,train,123.12707162309374,77.2,363.0,363.8,367.4,371.8,-70.15738704918033,33.0,0,0.04008196721311477,0.04100000000000037
vehicle_001_session_00946,vehicle_001,946,train,120.76761628925121,33.2,330.0,331.20000000000005,332.5,333.8,-48.429337066666676,13.786666666666667,7,0.01969333333333338,0.02200000000000024
vehicle_001_session_00947,vehicle_001,947,train,119.64122758284604,26.0,329.4,329.6,330.5,331.6,-50.10820672131148,20.37704918032787,1,0.01836065573770493,0.020000000000000018
vehicle_001_session_00948,vehicle_001,948,train,117.89536951754388,48.8,339.1,339.6,341.9,345.3,-50.1016493442623,23.37704918032787,1,0.03516393442622954,0.039000000000000146
vehicle_001_session_00949,vehicle_001,949,train,123.04535544321898,56.4,346.4,347.4,350.7,354.7,-70.32951934426231,25.737704918032787,1,0.03972131147540984,0.04400000000000004
vehicle_001_session_00950,vehicle_001,950,train,119.60071645833332,46.0,336.1,336.4,338.3,340.8,-44.50820639344264,21.540983606557376,1,0.028262295081967172,0.03400000000000025
vehicle_001_session_00951,vehicle_001,951,train,121.48252914562292,38.4,332.4,333.9,336.4,339.6,-69.95081475409836,17.524590163934427,1,0.029393442622950808,0.03500000000000014
vehicle_001_session_00952,vehicle_001,952,train,123.16248550485008,65.2,354.6,355.5,358.6,362.7,-70.0,21.19672131147541,1,0.03772131147540987,0.039000000000000146
vehicle_001_session_00953,vehicle_001,953,train,123.66752362351194,55.6,345.8,346.9,350.3,354.4,-69.4229431147541,20.459016393442624,1,0.03916393442622952,0.04499999999999993
vehicle_001_session_00954,vehicle_001,954,train,122.00704782770892,49.2,337.2,339.65,344.5,349.6,-74.3360072,19.373333333333335,2,0.04217333333333334,0.04700000000000015
vehicle_001_session_00955,vehicle_001,955,train,120.83873359674328,24.4,328.8,330.2,331.7,333.5,-70.5983693442623,18.229508196721312,2,0.024065573770491833,0.026000000000000245
vehicle_001_session_00956,vehicle_001,956,train,117.04914272388059,47.6,340.3,341.1,344.6,348.9,-70.56394081967213,21.672131147540984,1,0.040311475409836074,0.04400000000000004
vehicle_001_session_00957,vehicle_001,957,train,119.49722152777778,74.4,362.5,363.5,366.8,370.4,-68.06721901639345,24.0,0,0.03893442622950827,0.04100000000000037
vehicle_001_session_00958,vehicle_001,958,train,122.26884765030441,56.0,346.6,347.5,351.0,354.9,-70.14099081967214,24.65573770491803,1,0.03963934426229508,0.04400000000000004
vehicle_001_session_00959,vehicle_001,959,train,121.31019583333334,70.0,356.6,358.3,361.8,366.1,-70.11312065573772,25.0,0,0.038672131147541006,0.040000000000000036
vehicle_001_session_00960,vehicle_001,960,train,122.02225881944449,72.0,357.8,358.3,360.5,363.2,-45.100010000000005,18.737704918032787,1,0.02985245901639343,0.031000000000000583
vehicle_001_session_00961,vehicle_001,961,train,121.4098494819224,44.0,333.9,335.5,338.6,343.0,-70.18525639344263,23.40983606557377,1,0.03481967213114757,0.04300000000000015
vehicle_001_session_00962,vehicle_001,962,train,122.1445335648148,69.2,357.1,357.8,361.1,365.3,-70.12296,26.0,0,0.038639344262295025,0.04099999999999948
vehicle_001_session_00963,vehicle_001,963,train,121.91806236111111,53.2,340.0,342.35,347.1375,351.4,-70.03600226666667,24.733333333333334,1,0.04154666666666668,0.04800000000000004
vehicle_001_session_00964,vehicle_001,964,train,121.17407834201389,48.8,338.8,339.6,342.7,347.4,-69.79018295081967,26.704918032786885,1,0.04019672131147545,0.04400000000000004
vehicle_001_session_00965,vehicle_001,965,train,121.20336204394692,32.8,330.3,331.6,333.6,335.8,-70.01803459016394,23.672131147540984,1,0.026409836065573775,0.029999999999999805
vehicle_001_session_00966,vehicle_001,966,train,122.77778875612744,60.0,349.6,350.3,353.5,357.4,-70.04262721311476,27.229508196721312,1,0.038245901639344285,0.040000000000000036
vehicle_001_session_00967,vehicle_001,967,train,121.54505795313473,26.0,328.8,330.0,331.6,333.3,-70.15527289473685,22.657894736842106,1,0.024092105263157904,0.026000000000000245
vehicle_001_session_00968,vehicle_001,968,train,120.06996266103062,29.6,331.7,331.9,333.2,334.9,-70.20492688524588,24.442622950819672,1,0.02568852459016396,0.02900000000000036
vehicle_001_session_00969,vehicle_001,969,train,119.81331335382512,57.6,347.5,348.3,351.8,355.5,-70.17541918032786,28.049180327868854,1,0.038885245901639366,0.040999999999999925
vehicle_001_session_00970,vehicle_001,970,train,120.55892180822647,43.6,334.1,334.6,336.3,338.6,-50.73280016393443,24.770491803278688,1,0.026540983606557367,0.03100000000000014
vehicle_001_session_00971,vehicle_001,971,train,120.68912247023809,14.0,323.9,325.3,327.7,329.2,-60.16448394736841,24.94736842105263,1,0.02509210526315787,0.028999999999999915
vehicle_001_session_00972,vehicle_001,972,train,123.16561844863729,50.0,337.8,338.6,341.4,345.2,-50.0,23.19672131147541,1,0.036,0.040999999999999925
vehicle_001_session_00973,vehicle_001,973,train,120.59369546568628,71.2,358.2,358.6,361.1,364.1,-50.0229531147541,25.0,0,0.03313114754098361,0.03500000000000014
vehicle_001_session_00974,vehicle_001,974,train,123.78653744747902,50.0,335.2,337.29999999999995,339.95,343.3,-44.72800066666667,28.866666666666667,1,0.033333333333333326,0.040000000000000036
vehicle_001_session_00975,vehicle_001,975,train,120.98959593621397,38.4,331.9,333.3,335.7,338.6,-70.3131206557377,24.639344262295083,1,0.029459016393442575,0.03500000000000014
vehicle_001_session_00976,vehicle_001,976,train,121.84743474264704,60.0,349.3,350.2,353.3,357.4,-70.06229967213116,27.59016393442623,1,0.03819672131147543,0.040000000000000036
vehicle_001_session_00977,vehicle_001,977,train,122.68015897237002,55.2,344.3,345.3,348.6,352.7,-70.07541639344262,32.540983606557376,1,0.04050819672131142,0.04500000000000037
vehicle_001_session_00978,vehicle_001,978,train,122.86326328792735,30.0,329.4,330.7,331.9,334.1,-60.84099180327869,18.62295081967213,7,0.02257377049180331,0.028000000000000025
vehicle_001_session_00979,vehicle_001,979,train,120.18720888687605,51.2,342.2,343.2,346.9,351.0,-70.25082557377048,26.737704918032787,1,0.04229508196721314,0.04500000000000037
vehicle_001_session_00980,vehicle_001,980,train,121.23826784188034,64.8,353.0,353.8,357.1,361.3,-70.2950981967213,25.0,0,0.03916393442622953,0.040999999999999925
vehicle_001_session_00981,vehicle_001,981,train,123.31549126984127,14.0,326.0,326.4,328.2,330.0,-63.37541672131148,19.83606557377049,6,0.0246393442622951,0.027000000000000135
vehicle_001_session_00982,vehicle_001,982,train,120.15079523401828,42.4,336.8,337.2,339.4,343.2,-70.16558360655739,26.639344262295083,1,0.03572131147540984,0.04300000000000015
vehicle_001_session_00983,vehicle_001,983,train,121.09689839480872,72.0,359.7,360.5,363.8,368.2,-70.16394393442623,29.0,0,0.040491803278688523,0.04300000000000015
vehicle_001_session_00984,vehicle_001,984,train,122.84030520833336,52.0,342.5,343.3,347.1,351.3,-70.2688693442623,21.704918032786885,1,0.04119672131147539,0.04400000000000004
vehicle_001_session_00985,vehicle_001,985,train,121.72739946759259,50.8,337.5,339.35,342.6,347.1,-51.013166315789476,18.407894736842106,6,0.03807894736842107,0.04400000000000004
vehicle_001_session_00986,vehicle_001,986,train,121.57563135482181,42.8,333.6,335.0,338.0,341.9,-69.73935819672131,22.098360655737704,2,0.03334426229508195,0.040000000000000036
vehicle_001_session_00987,vehicle_001,987,train,121.79438474462368,64.0,352.8,353.6,356.8,360.8,-69.79838049180329,24.114754098360656,1,0.0387049180327869,0.04000000000000048
vehicle_001_session_00988,vehicle_001,988,train,122.65568130787038,64.0,352.2,353.2,356.4,360.7,-70.38689081967213,21.540983606557376,1,0.03811475409836066,0.040000000000000036
vehicle_001_session_00989,vehicle_001,989,train,122.43811207139761,68.0,355.8,356.6,360.0,364.3,-70.26886081967216,22.37704918032787,1,0.037540983606557346,0.03900000000000059
vehicle_001_session_00990,vehicle_001,990,train,121.35151050925926,37.6,331.6,332.8,334.7,337.2,-60.3311753246753,20.493506493506494,1,0.025792207792207783,0.03000000000000025
vehicle_001_session_00991,vehicle_001,991,train,123.36999652777773,68.8,356.3,357.1,360.5,364.4,-68.91640049180327,22.934426229508198,1,0.03819672131147541,0.040000000000000036
vehicle_001_session_00992,vehicle_001,992,train,116.97237779139431,46.0,336.3,336.8,338.3,340.8,-45.05246967213116,23.131147540983605,1,0.02836065573770486,0.03300000000000036
vehicle_001_session_00993,vehicle_001,993,train,118.800219927226,16.0,324.6,325.75,327.4,328.5,-44.0373376,23.0,0,0.02009333333333331,0.0259999999999998
vehicle_001_session_00994,vehicle_001,994,train,120.00843429082494,33.6,330.5,331.7,333.8,336.0,-69.14591213114755,23.508196721311474,1,0.026508196721311484,0.03100000000000014
vehicle_001_session_00995,vehicle_001,995,train,121.78273863203957,60.0,349.4,350.2,353.3,357.2,-69.09181245901641,27.21311475409836,1,0.038327868852459035,0.040000000000000036
vehicle_001_session_00996,vehicle_001,996,train,120.31405617744608,29.2,329.2,331.0,332.7,334.7,-69.50327901639345,18.62295081967213,1,0.024803278688524603,0.027000000000000135
vehicle_001_session_00997,vehicle_001,997,train,123.11781001048219,69.6,358.9,359.7,363.0,367.2,-69.5688593442623,23.950819672131146,1,0.039770491803278685,0.04100000000000037
vehicle_001_session_00998,vehicle_001,998,train,122.77930771940424,53.2,342.7,343.6,347.4,351.4,-69.69017393442623,25.57377049180328,1,0.041245901639344246,0.04500000000000037
vehicle_001_session_00999,vehicle_001,999,train,120.00094324074072,29.2,331.1,331.3,332.5,334.4,-69.65574770491801,25.34426229508197,3,0.026147540983606582,0.028999999999999915
vehicle_001_session_01000,vehicle_001,1000,train,121.36247683457715,59.2,348.9,349.7,352.8,356.8,-69.67869852459016,28.78688524590164,1,0.04008196721311476,0.04100000000000037
vehicle_001_session_01001,vehicle_001,1001,train,119.86433879886836,46.0,337.1,337.5,340.0,343.8,-59.270499016393444,25.721311475409838,2,0.036311475409836036,0.04400000000000004
vehicle_001_session_01002,vehicle_001,1002,train,122.46971212121211,67.6,355.5,356.1,358.6,362.1,-56.23771229508198,27.0,0,0.036393442622950786,0.038000000000000256
vehicle_001_session_01003,vehicle_001,1003,train,119.8021616728592,23.6,329.6,330.6,331.7,333.3,-70.28026855263158,24.289473684210527,3,0.025276315789473706,0.028000000000000025
vehicle_001_session_01004,vehicle_001,1004,train,120.47832882462686,51.2,343.3,344.3,347.8,351.9,-70.42622278688523,28.639344262295083,1,0.04204918032786887,0.04599999999999982
vehicle_001_session_01005,vehicle_001,1005,train,123.61375099957915,16.0,326.0,327.5,329.7,331.0,-70.32460278688524,19.065573770491802,2,0.025967213114754122,0.03200000000000003
vehicle_001_session_01006,vehicle_001,1006,train,118.22587504692193,42.4,336.9,337.4,339.7,343.6,-70.37049065573771,22.78688524590164,2,0.035819672131147534,0.04200000000000026
vehicle_001_session_01007,vehicle_001,1007,train,121.04371745642698,44.8,334.2,334.6,336.0,339.1,-44.45902557377049,21.459016393442624,7,0.02609836065573769,0.03300000000000036
vehicle_001_session_01008,vehicle_001,1008,train,120.13649527391979,34.0,332.5,332.8,334.2,336.4,-69.19017393442624,22.0327868852459,2,0.027344262295081946,0.03100000000000014
vehicle_001_session_01009,vehicle_001,1009,train,122.1929379340278,63.2,351.9,352.5,355.8,359.6,-69.20000999999999,25.540983606557376,1,0.039377049180327875,0.040999999999999925
vehicle_001_session_01010,vehicle_001,1010,train,121.875,65.6,352.8,353.3,355.5,358.3,-49.5,23.0,0,0.032557377049180374,0.03400000000000025
vehicle_001_session_01011,vehicle_001,1011,train,121.33913535879633,10.8,323.3,325.0,327.2,328.6,-58.598369508196726,17.80327868852459,5,0.02522950819672132,0.028000000000000025
vehicle_001_session_01012,vehicle_001,1012,train,118.67842616169412,34.8,333.8,334.1,335.7,338.2,-70.0786962295082,26.57377049180328,1,0.03059016393442618,0.0349999999999997
vehicle_001_session_01013,vehicle_001,1013,train,118.79221428915896,67.2,356.4,357.4,360.5,364.7,-70.09345049180328,29.0,0,0.041163934426229495,0.04300000000000015
vehicle_001_session_01014,vehicle_001,1014,train,122.50856989734302,60.4,349.9,350.7,353.9,358.0,-70.33607213114755,23.83606557377049,1,0.038524590163934454,0.040000000000000036
vehicle_001_session_01015,vehicle_001,1015,train,121.54361580165693,62.8,352.1,353.0,356.1,360.3,-69.9458962295082,20.885245901639344,1,0.0388524590163934,0.040999999999999925
vehicle_001_session_01016,vehicle_001,1016,train,119.38379201828407,40.8,335.7,336.1,338.3,341.8,-70.37049327868853,24.639344262295083,2,0.03404918032786877,0.040999999999999925
vehicle_001_session_01017,vehicle_001,1017,train,117.43852141900938,38.4,335.2,335.5,337.5,340.7,-70.19345311475409,24.901639344262296,2,0.032377049180327855,0.037000000000000366
vehicle_001_session_01018,vehicle_001,1018,train,119.78776752912181,71.6,360.0,361.0,364.3,368.6,-70.18525639344261,28.540983606557376,1,0.04003278688524591,0.041999999999999815
vehicle_001_session_01019,vehicle_001,1019,train,122.42593657189033,34.0,330.5,331.79999999999995,333.8,336.1,-69.93684539473684,23.539473684210527,1,0.027157894736842148,0.03100000000000014
vehicle_001_session_01020,vehicle_001,1020,train,123.17226722222225,70.4,356.3,356.9,359.3,362.2,-49.801658852459035,26.0,0,0.03308196721311474,0.03400000000000025
vehicle_001_session_01021,vehicle_001,1021,train,117.77227722663142,35.2,332.8,333.2,334.4,336.4,-60.2950862295082,26.721311475409838,1,0.025475409836065572,0.028999999999999915
vehicle_001_session_01022,vehicle_001,1022,train,120.3625379001883,60.4,349.3,350.0,352.5,355.8,-57.2032862295082,29.19672131147541,1,0.035213114754098385,0.037000000000000366
vehicle_001_session_01023,vehicle_001,1023,train,120.39401427469134,53.6,345.0,346.0,349.4,353.5,-70.13115590163935,25.737704918032787,1,0.04163934426229507,0.04699999999999971
vehicle_001_session_01024,vehicle_001,1024,train,121.8448219605475,61.6,351.6,352.2,355.3,359.3,-69.09345196721311,25.24590163934426,1,0.039590163934426235,0.04100000000000037
vehicle_001_session_01025,vehicle_001,1025,train,122.61091614842461,52.8,340.0,342.1,346.8,351.3,-70.79673573770492,26.60655737704918,1,0.04293442622950821,0.04800000000000004
vehicle_001_session_01026,vehicle_001,1026,train,118.46276258424406,24.8,326.4,327.0,327.7,328.3,-22.399989999999992,18.394736842105264,1,0.010236842105263159,0.01200000000000001
vehicle_001_session_01027,vehicle_001,1027,train,122.68697990117522,56.0,342.2,344.6,348.9,353.2,-70.13279540983606,27.114754098360656,1,0.04177049180327868,0.04899999999999993
vehicle_001_session_01028,vehicle_001,1028,train,122.1594731570513,76.8,363.0,363.8,367.2,371.8,-70.13771262295083,28.62295081967213,1,0.04040983606557378,0.0420000000000007
vehicle_001_session_01029,vehicle_001,1029,train,121.42641166666674,15.6,326.7,327.4,329.2,330.5,-69.71476655737705,27.0,0,0.026229508196721336,0.03200000000000003
vehicle_001_session_01030,vehicle_001,1030,train,118.58737646198831,45.6,338.3,338.9,341.8,346.0,-69.71968409836064,30.65573770491803,1,0.039442622950819704,0.04500000000000037
vehicle_001_session_01031,vehicle_001,1031,train,121.26898791666666,52.8,342.8,343.8,347.4,351.4,-70.05902213114756,27.65573770491803,1,0.041885245901639334,0.04599999999999982
vehicle_001_session_01032,vehicle_001,1032,train,121.37501824494952,6.8,321.3,323.3,326.0,328.5,-70.19509377049181,25.0,0,0.027606557377049184,0.03000000000000025
vehicle_001_session_01033,vehicle_001,1033,train,120.06993398021311,28.8,331.9,332.1,333.3,334.9,-70.13115590163935,27.278688524590162,1,0.025934426229508208,0.028000000000000025
vehicle_001_session_01034,vehicle_001,1034,train,120.06565453767121,58.0,348.3,349.3,352.4,356.3,-70.11312311475409,31.016393442622952,1,0.039688524590163934,0.04300000000000015
vehicle_001_session_01035,vehicle_001,1035,train,122.01821870177466,58.4,347.4,348.3,351.8,355.8,-70.37540721311476,26.295081967213115,1,0.039770491803278685,0.043999999999999595
vehicle_001_session_01036,vehicle_001,1036,train,120.63250994744746,20.8,327.7,328.6,330.2,331.6,-69.85574098360657,27.885245901639344,1,0.024901639344262327,0.028000000000000025
vehicle_001_session_01037,vehicle_001,1037,train,120.9284172008547,50.8,341.0,341.8,345.2,349.4,-69.84263016393443,31.934426229508198,2,0.042213114754098356,0.04599999999999982
vehicle_001_session_01038,vehicle_001,1038,train,121.73612570730454,40.8,332.7,334.2,336.8,340.3,-69.64591147540983,24.901639344262296,2,0.03206557377049179,0.039000000000000146
vehicle_001_session_01039,vehicle_001,1039,train,122.94071314102563,62.8,351.6,352.4,355.5,359.6,-69.54918524590164,27.508196721311474,1,0.03906557377049184,0.04100000000000037
vehicle_001_session_01040,vehicle_001,1040,train,119.46672,46.4,336.6,336.9,338.5,340.8,-44.80002000000002,29.885245901639344,1,0.02881967213114749,0.03399999999999981
vehicle_001_session_01041,vehicle_001,1041,train,124.12259038800705,62.8,349.4,351.6,355.2,359.4,-70.18361770491805,25.868852459016395,1,0.03863934426229511,0.040000000000000036
vehicle_001_session_01042,vehicle_001,1042,train,119.31242571271932,32.4,332.7,333.0,334.2,336.3,-70.20656803278689,25.229508196721312,2,0.027229508196721326,0.03200000000000003
vehicle_001_session_01043,vehicle_001,1043,train,120.36071377487565,62.8,352.1,352.8,356.0,360.0,-70.20001081967213,29.0,0,0.039590163934426235,0.04100000000000037
vehicle_001_session_01044,vehicle_001,1044,train,122.49133555772569,59.6,346.9,348.8,352.5,356.6,-70.12787836065574,28.0,0,0.03903278688524592,0.04200000000000026
vehicle_001_session_01045,vehicle_001,1045,train,120.69126324786332,47.6,338.5,339.1,342.2,346.6,-65.27050754098362,23.360655737704917,1,0.03963934426229511,0.04499999999999993
vehicle_001_session_01046,vehicle_001,1046,train,122.78312239583329,73.6,361.0,361.8,364.9,369.1,-65.339351147541,25.65573770491803,1,0.03929508196721318,0.04100000000000037
vehicle_001_session_01047,vehicle_001,1047,train,122.17730289351853,42.4,333.3,334.95,337.8,341.6,-69.28267679999999,25.946666666666665,2,0.03379999999999996,0.04100000000000037
vehicle_001_session_01048,vehicle_001,1048,train,122.53539072265626,18.0,326.6,327.9,329.9,331.1,-70.16316789473683,24.736842105263158,1,0.025407894736842122,0.030999999999999694
vehicle_001_session_01049,vehicle_001,1049,train,122.02736560363249,43.2,336.3,337.75,340.5,344.7,-70.20000999999998,28.17105263157895,2,0.037855263157894774,0.04500000000000037
vehicle_001_session_01050,vehicle_001,1050,train,122.24310460958004,46.4,335.3,337.0,340.6,345.3,-70.39732466666668,28.52,1,0.0396,0.04700000000000015
vehicle_001_session_01051,vehicle_001,1051,train,120.60306049539733,28.8,329.7,330.7,332.2,334.1,-70.24343342105264,25.289473684210527,2,0.025776315789473692,0.028000000000000025
vehicle_001_session_01052,vehicle_001,1052,train,120.107328493266,33.2,331.6,331.9,333.5,335.7,-70.04262721311476,29.459016393442624,1,0.02755737704918038,0.03100000000000014
vehicle_001_session_01053,vehicle_001,1053,train,122.05263242283955,59.6,348.5,349.3,352.4,356.4,-70.00327901639345,32.60655737704918,1,0.04004918032786887,0.04100000000000037
vehicle_001_session_01054,vehicle_001,1054,train,122.234890625,14.8,326.3,327.1,328.9,330.3,-70.39672213114754,27.57377049180328,1,0.026868852459016396,0.03200000000000003
vehicle_001_session_01055,vehicle_001,1055,train,117.2538232282764,44.4,337.7,338.3,340.8,344.9,-70.41639163934427,31.16393442622951,2,0.038557377049180316,0.04499999999999993
vehicle_001_session_01056,vehicle_001,1056,train,121.58083863993708,75.6,362.4,363.2,366.6,371.1,-70.45573327868853,33.65573770491803,1,0.041852459016393485,0.04300000000000015
vehicle_001_session_01057,vehicle_001,1057,train,119.68611223723727,22.8,329.9,330.2,331.1,332.5,-69.62787868852459,27.721311475409838,1,0.024573770491803287,0.02699999999999969
vehicle_001_session_01058,vehicle_001,1058,train,119.47918849206351,52.4,342.8,343.8,347.2,351.3,-69.7082075409836,31.83606557377049,1,0.04198360655737705,0.04500000000000037
vehicle_001_session_01059,vehicle_001,1059,train,121.71087654490947,4.4,320.3,321.9,324.79999999999995,327.4,-69.98800039999999,27.933333333333334,1,0.030093333333333288,0.03500000000000014
vehicle_001_session_01060,vehicle_001,1060,train,121.71865486310666,28.0,328.9,330.25,331.7,333.5,-69.9279996,29.733333333333334,1,0.025506666666666705,0.028000000000000025
vehicle_001_session_01061,vehicle_001,1061,train,124.14415349893167,66.4,352.4,354.25,357.8,362.1,-70.4879988,27.72,1,0.03865333333333332,0.040000000000000036
vehicle_001_session_01062,vehicle_001,1062,train,107.4408506289308,75.6,361.8,363.25,367.15,371.8,-69.95921526315789,27.93421052631579,1,0.040934210526315774,0.04300000000000015
vehicle_001_session_01063,vehicle_001,1063,train,119.8190791912343,4.8,321.1,323.1,326.0375,328.5,-70.12667493333333,19.8,1,0.028359999999999993,0.03200000000000003
vehicle_001_session_01064,vehicle_001,1064,train,119.87655521751104,8.0,322.4,324.2,327.1,329.2,-70.03200613333333,23.88,1,0.027586666666666673,0.03000000000000025
vehicle_001_session_01065,vehicle_001,1065,train,121.65659922086722,64.8,351.8,353.25,356.8,360.8,-70.04666986666665,28.386666666666667,1,0.03906666666666667,0.040999999999999925
vehicle_001_session_01066,vehicle_001,1066,train,119.49802851153042,34.0,329.9,330.5,331.9,333.3,-43.992006,22.0,0,0.019426666666666675,0.021999999999999797
vehicle_001_session_01067,vehicle_001,1067,train,118.44035718351552,46.4,337.2,337.8,340.5,344.3,-59.332791967213126,21.65573770491803,1,0.03627868852459015,0.04400000000000004
vehicle_001_session_01068,vehicle_001,1068,train,120.28212865823411,70.8,357.7,358.3,361.0,364.3,-55.98525065573771,23.901639344262296,1,0.03611475409836062,0.03799999999999981
vehicle_001_session_01069,vehicle_001,1069,train,118.1328852777778,24.8,330.3,330.7,331.7,333.3,-70.1278786885246,25.639344262295083,1,0.024950819672131166,0.027000000000000135
vehicle_001_session_01070,vehicle_001,1070,train,119.73325859788359,55.2,345.3,346.3,349.6,353.6,-70.08197540983606,29.721311475409838,1,0.04116393442622948,0.04499999999999993
vehicle_001_session_01071,vehicle_001,1071,train,117.59703451797387,31.2,331.7,332.1,333.3,335.3,-70.24263508196722,28.704918032786885,1,0.027114754098360668,0.03000000000000025
vehicle_001_session_01072,vehicle_001,1072,train,121.22879552469135,58.8,347.7,348.3,351.8,355.7,-70.21640278688524,32.049180327868854,1,0.040557377049180325,0.042999999999999705
vehicle_001_session_01073,vehicle_001,1073,train,120.07609987745103,47.6,338.0,338.6,341.6,346.1,-69.15246901639344,31.327868852459016,1,0.04068852459016395,0.04599999999999982
vehicle_001_session_01074,vehicle_001,1074,train,123.23752194444444,75.2,361.0,361.9,365.2,369.6,-69.20164950819672,33.0,0,0.04106557377049184,0.04300000000000015
vehicle_001_session_01075,vehicle_001,1075,train,116.8351965277778,44.0,336.9,337.5,340.2,344.6,-70.1229581967213,27.557377049180328,1,0.03811475409836063,0.04500000000000037
vehicle_001_session_01076,vehicle_001,1076,train,121.72390798611114,74.4,361.1,361.9,365.3,369.7,-70.1082037704918,30.524590163934427,1,0.04132786885245901,0.04300000000000015
vehicle_001_session_01077,vehicle_001,1077,train,121.34660896464642,52.4,339.6,341.9,346.9,351.8,-70.20001131147542,20.737704918032787,1,0.04331147540983608,0.04800000000000004
vehicle_001_session_01078,vehicle_001,1078,train,120.73900045859537,74.8,362.2,363.0,366.4,369.9,-67.79017459016394,23.0,0,0.040000000000000036,0.0420000000000007
vehicle_001_session_01079,vehicle_001,1079,train,117.26172677203067,45.6,337.5,338.0,340.8,345.2,-69.44753573770492,26.57377049180328,1,0.039377049180327896,0.04600000000000026
vehicle_001_session_01080,vehicle_001,1080,train,120.03419325248763,68.8,356.4,357.2,360.3,364.6,-69.47376786885246,28.75409836065574,1,0.04068852459016395,0.04300000000000015
vehicle_001_session_01081,vehicle_001,1081,train,116.29001883239171,36.0,332.2,332.5,333.6,335.2,-50.0,28.19672131147541,1,0.022918032786885284,0.027000000000000135
vehicle_001_session_01082,vehicle_001,1082,train,119.23158489583335,63.2,350.0,352.0,355.575,359.6,-70.17601106666667,26.48,1,0.03870666666666668,0.04100000000000037
vehicle_001_session_01083,vehicle_001,1083,train,118.05023985042737,25.2,327.5,328.3,329.4,330.5,-45.100010000000005,29.065573770491802,1,0.017786885245901652,0.019000000000000128
vehicle_001_session_01084,vehicle_001,1084,train,114.8379884259259,46.0,336.6,337.1,338.6,341.1,-45.100010000000005,31.508196721311474,1,0.030459016393442572,0.03600000000000003
vehicle_001_session_01085,vehicle_001,1085,train,120.63676869658127,57.6,344.6,346.8,350.8,355.0,-69.19181262295083,23.442622950819672,1,0.040426229508196715,0.04800000000000004
vehicle_001_session_01086,vehicle_001,1086,train,121.5599496527778,64.4,351.9,352.8,356.0,360.2,-70.05082442622951,31.0,0,0.03972131147540984,0.04100000000000037
vehicle_001_session_01087,vehicle_001,1087,train,118.38185882800609,26.4,328.5,329.9,331.6,333.5,-74.15082901639346,29.737704918032787,1,0.026590163934426248,0.029999999999999805
vehicle_001_session_01088,vehicle_001,1088,train,118.9275858134921,55.6,345.2,346.1,349.7,353.9,-73.99180639344263,33.22950819672131,1,0.043000000000000003,0.04800000000000004
vehicle_001_session_01089,vehicle_001,1089,train,121.91200369047623,55.6,340.3,342.1,345.25,348.5,-44.82106684210528,27.789473684210527,1,0.03832894736842107,0.04300000000000015
vehicle_001_session_01090,vehicle_001,1090,train,121.89931510416669,64.8,352.7,353.6,356.8,360.8,-69.88361196721311,33.049180327868854,1,0.040459016393442584,0.042999999999999705
vehicle_001_session_01091,vehicle_001,1091,train,119.34666390503878,42.0,332.4,333.4,335.3,337.4,-46.911991199999996,29.0,0,0.02555999999999998,0.03000000000000025
vehicle_001_session_01092,vehicle_001,1092,train,117.11900628753756,31.2,331.4,331.7,333.2,335.2,-70.12623770491804,32.67213114754098,1,0.027344262295082005,0.03200000000000003
vehicle_001_session_01093,vehicle_001,1093,train,118.75844394841272,60.8,349.6,350.3,353.5,357.4,-70.10984377049182,36.0,0,0.04055737704918036,0.04200000000000026
vehicle_001_session_01094,vehicle_001,1094,train,119.9212640749008,12.0,323.5,324.9,327.7,329.6,-70.12787721311477,29.360655737704917,1,0.02872131147540986,0.03100000000000014
vehicle_001_session_01095,vehicle_001,1095,train,117.35972800925923,34.4,333.0,333.5,334.9,337.1,-70.01803590163934,31.639344262295083,1,0.02924590163934423,0.03299999999999992
vehicle_001_session_01096,vehicle_001,1096,train,120.0651092122396,64.4,352.7,353.5,356.6,360.5,-70.0245937704918,35.0,0,0.04075409836065574,0.042999999999999705
vehicle_001_session_01097,vehicle_001,1097,train,121.10626173611115,76.4,362.5,363.3,366.8,371.4,-70.1967319672131,35.39344262295082,1,0.04168852459016399,0.04300000000000015
vehicle_001_session_01098,vehicle_001,1098,train,119.54862252735687,62.0,350.5,351.3,354.4,358.5,-70.07049885245902,32.18032786885246,1,0.04050819672131149,0.04200000000000026
vehicle_001_session_01099,vehicle_001,1099,train,116.20757257908953,40.8,335.3,335.8,338.2,341.6,-70.05082606557377,24.62295081967213,1,0.034557377049180306,0.04100000000000037
vehicle_001_session_01100,vehicle_001,1100,train,119.73540708812263,69.6,357.4,358.2,361.4,365.7,-70.0311555737705,27.81967213114754,1,0.04113114754098361,0.04300000000000015
vehicle_001_session_01101,vehicle_001,1101,train,118.11792113935972,37.2,332.7,333.0,334.1,335.7,-50.42622213114754,24.80327868852459,1,0.023262295081967227,0.026000000000000245
vehicle_001_session_01102,vehicle_001,1102,train,120.07376829117068,61.2,348.6,349.3,351.6,354.4,-50.419664098360656,27.049180327868854,1,0.034327868852459045,0.03600000000000003
vehicle_001_session_01103,vehicle_001,1103,train,121.38488910075333,65.2,351.9,353.5,356.9,361.0,-70.22952229508196,28.0,0,0.039442622950819684,0.04100000000000037
vehicle_001_session_01104,vehicle_001,1104,train,120.26369166397502,43.2,333.6,334.79999999999995,337.1,340.2,-60.20801066666666,25.293333333333333,1,0.031173333333333317,0.037000000000000366
vehicle_001_session_01105,vehicle_001,1105,train,119.78418130446626,20.8,327.5,328.8,330.5,331.9,-70.37213163934426,24.950819672131146,2,0.02496721311475412,0.02699999999999969
vehicle_001_session_01106,vehicle_001,1106,train,116.62037574074077,41.6,335.8,336.3,338.6,342.1,-70.38360803278688,27.59016393442623,1,0.0354262295081967,0.040999999999999925
vehicle_001_session_01107,vehicle_001,1107,train,119.31610987103173,71.6,358.6,359.4,362.8,367.1,-70.36229770491803,30.21311475409836,1,0.041770491803278686,0.04400000000000048
vehicle_001_session_01108,vehicle_001,1108,train,117.07160103677622,38.4,334.2,334.7,336.4,339.4,-69.9803306557377,24.114754098360656,2,0.03131147540983603,0.03600000000000003
vehicle_001_session_01109,vehicle_001,1109,train,119.83935380389718,66.8,354.7,355.5,358.6,362.8,-69.98525081967213,27.557377049180328,1,0.040360655737704865,0.04200000000000026
vehicle_001_session_01110,vehicle_001,1110,train,119.11658368055556,34.4,332.4,332.8,334.4,336.9,-70.26394180327868,27.229508196721312,1,0.02901639344262295,0.03399999999999981
vehicle_001_session_01111,vehicle_001,1111,train,119.78815896739127,62.8,351.8,352.5,355.7,359.6,-70.15738770491804,30.524590163934427,1,0.040704918032786884,0.04300000000000015
vehicle_001_session_01112,vehicle_001,1112,train,119.48706664951987,65.6,350.3,353.4,356.9,361.0,-69.85467253333333,24.253333333333334,1,0.03889333333333328,0.040999999999999925
vehicle_001_session_01113,vehicle_001,1113,train,117.6745782914764,28.4,331.4,331.7,333.0,334.6,-69.12460016393443,27.491803278688526,1,0.026114754098360664,0.02900000000000036
vehicle_001_session_01114,vehicle_001,1114,train,118.93969382255389,57.6,347.5,348.5,351.6,355.5,-69.12623950819672,31.0327868852459,1,0.04088524590163933,0.04400000000000004
vehicle_001_session_01115,vehicle_001,1115,train,117.73857941308242,22.4,328.6,329.6,331.1,332.7,-74.03442967213115,28.147540983606557,2,0.02629508196721315,0.028000000000000025
vehicle_001_session_01116,vehicle_001,1116,train,116.72181760620914,47.2,339.4,340.2,343.5,348.2,-74.01967409836065,31.39344262295082,1,0.04329508196721313,0.04700000000000015
vehicle_001_session_01117,vehicle_001,1117,train,120.62715738932296,64.0,351.4,352.1,354.9,358.3,-59.90327229508197,33.049180327868854,1,0.03762295081967218,0.039000000000000146
vehicle_001_session_01118,vehicle_001,1118,train,121.01909716435186,68.4,355.3,356.1,359.3,363.0,-65.40983295081966,32.0,0,0.03947540983606554,0.040999999999999925
vehicle_001_session_01119,vehicle_001,1119,train,121.40865055952383,40.0,331.0,331.69998,333.0,334.4,-35.08684731578947,30.36842105263158,1,0.019999992105263164,0.022000199999999914
vehicle_001_session_01120,vehicle_001,1120,train,116.65151794796562,37.2,333.5,333.9,335.5,338.3,-70.59181245901641,34.540983606557376,1,0.03137704918032784,0.03600000000000003
vehicle_001_session_01121,vehicle_001,1121,train,120.39147479838705,65.6,353.2,353.9,357.2,361.3,-70.52951114754099,37.0,0,0.04150819672131146,0.04300000000000015
vehicle_001_session_01122,vehicle_001,1122,train,119.04768971994531,46.8,337.2,337.8,340.3,344.3,-60.44917524590163,32.295081967213115,1,0.03755737704918036,0.04400000000000004
vehicle_001_session_01123,vehicle_001,1123,train,121.81376755050509,71.2,357.7,358.5,361.3,364.9,-60.46557032786885,34.0,0,0.03873770491803274,0.04100000000000037
vehicle_001_session_01124,vehicle_001,1124,train,120.62181272843573,51.2,340.5,341.4,345.0,349.4,-69.83607475409836,36.77049180327869,1,0.04390163934426228,0.04800000000000004
vehicle_001_session_01125,vehicle_001,1125,train,120.45459877136756,55.6,344.6,345.5,348.9,353.2,-70.0393481967213,34.98360655737705,1,0.04293442622950819,0.04700000000000015
vehicle_001_session_01126,vehicle_001,1126,train,120.94270236220471,46.8,335.8,337.25,340.74999,345.8,-70.1447446842105,30.69736842105263,1,0.041342107894736836,0.04800009999999988
vehicle_001_session_01127,vehicle_001,1127,train,120.37940729821803,47.6,336.3,337.75,341.70000000000005,346.6,-70.11201000000001,30.4,1,0.04232000000000001,0.04800000000000004
vehicle_001_session_01128,vehicle_001,1128,train,119.88689303315415,55.2,343.9,344.9,347.8,351.6,-59.724602622950826,28.81967213114754,1,0.040016393442622915,0.04500000000000037
vehicle_001_session_01129,vehicle_001,1129,train,117.21890884038802,31.6,330.0,331.0,332.8,334.9,-69.97868639344263,32.32786885245902,1,0.02752459016393446,0.03100000000000014
vehicle_001_session_01130,vehicle_001,1130,train,119.09007681697108,56.8,345.8,346.6,349.9,354.1,-69.92950114754098,35.0,0,0.04185245901639343,0.04600000000000026
vehicle_001_session_01131,vehicle_001,1131,train,120.00059537037038,62.0,350.7,351.4,354.7,358.6,-69.10656672131148,30.852459016393443,1,0.04029508196721314,0.04200000000000026
vehicle_001_session_01132,vehicle_001,1132,train,120.38083859767029,55.2,343.6,344.7,348.3,352.5,-69.31313081967215,33.08196721311475,1,0.04298360655737701,0.04800000000000004
vehicle_001_session_01133,vehicle_001,1133,train,121.44048621031743,60.4,348.6,349.6,352.8,356.9,-70.05738213114753,31.0,0,0.040508196721311486,0.04200000000000026
vehicle_001_session_01134,vehicle_001,1134,train,120.81741507285973,46.0,335.3,336.0,338.5,342.2,-59.61804262295083,34.40983606557377,1,0.035360655737704895,0.04300000000000015
vehicle_001_session_01135,vehicle_001,1135,train,120.98092500000003,70.4,356.8,357.4,360.2,363.6,-59.63935426229509,36.0,0,0.038573770491803265,0.04000000000000048
vehicle_001_session_01136,vehicle_001,1136,train,119.8906073059361,18.8,328.2,328.6,329.9,331.1,-70.02459245901638,32.59016393442623,1,0.025934426229508246,0.029999999999999805
vehicle_001_session_01137,vehicle_001,1137,train,119.02879106280194,48.4,339.1,339.9,342.8,347.2,-69.97377590163936,36.295081967213115,1,0.04213114754098363,0.04700000000000015
vehicle_001_session_01138,vehicle_001,1138,train,122.50069430827892,76.4,361.9,362.8,366.1,370.5,-69.99017032786885,38.0,0,0.042868852459016366,0.04500000000000082
vehicle_001_session_01139,vehicle_001,1139,train,120.06945649154594,41.6,334.2,334.7,337.2,340.7,-70.2360706557377,34.47540983606557,1,0.034508196721311425,0.040999999999999925
vehicle_001_session_01140,vehicle_001,1140,train,119.70287112713677,56.8,344.7,345.3,347.8,350.7,-48.703284426229516,35.0,0,0.03670491803278687,0.04100000000000037
vehicle_001_session_01141,vehicle_001,1141,train,120.29306375000002,15.2,326.9,327.5,329.2,330.5,-69.80656885245901,28.0,0,0.0267049180327869,0.03200000000000003
vehicle_001_session_01142,vehicle_001,1142,train,118.8550518162393,45.2,337.8,338.3,341.0,345.0,-69.87049262295082,31.540983606557376,1,0.03939344262295081,0.04700000000000015
vehicle_001_session_01143,vehicle_001,1143,train,124.16267174145305,76.8,362.8,363.6,367.1,371.4,-69.93933819672131,34.0,0,0.04296721311475416,0.04499999999999993
vehicle_001_session_01144,vehicle_001,1144,train,118.87978793402779,45.6,337.7,338.5,341.4,346.0,-70.56721983606558,23.40983606557377,1,0.04081967213114756,0.04700000000000015
vehicle_001_session_01145,vehicle_001,1145,train,117.25132889093138,31.2,332.4,332.7,333.9,335.8,-70.02459262295082,23.81967213114754,2,0.027229508196721333,0.03100000000000014
vehicle_001_session_01146,vehicle_001,1146,train,120.14259208333333,58.8,348.3,349.1,352.4,356.3,-69.99836049180328,27.704918032786885,1,0.040901639344262296,0.04300000000000015
vehicle_001_session_01147,vehicle_001,1147,train,118.95209534722224,74.8,361.9,363.0,366.4,370.8,-69.69345295081966,26.688524590163933,1,0.041803278688524605,0.04300000000000015
vehicle_001_session_01148,vehicle_001,1148,train,120.75141500000002,76.4,363.0,363.6,366.8,370.5,-60.31967426229509,25.24590163934426,1,0.03821311475409843,0.040000000000000036
vehicle_001_session_01149,vehicle_001,1149,train,119.27499279643452,11.6,325.3,325.8,327.8,329.4,-70.17377901639344,29.62295081967213,1,0.027622950819672126,0.03000000000000025
vehicle_001_session_01150,vehicle_001,1150,train,119.72173819444444,38.4,334.1,334.4,336.1,338.6,-70.16394213114754,31.983606557377048,2,0.03137704918032784,0.03600000000000003
vehicle_001_session_01151,vehicle_001,1151,train,121.30016787918876,66.4,353.6,354.4,357.5,361.4,-70.16394327868852,35.0,0,0.04160655737704918,0.04300000000000015
vehicle_001_session_01152,vehicle_001,1152,train,119.34561514403292,34.4,330.8,332.15,334.15,336.6,-70.21316631578948,26.960526315789473,2,0.028565789473684215,0.03299999999999992
vehicle_001_session_01153,vehicle_001,1153,train,117.30489250782477,30.0,331.3,331.6,332.7,334.7,-69.71968426229509,28.34426229508197,1,0.026426229508196737,0.028999999999999915
vehicle_001_session_01154,vehicle_001,1154,train,118.15764278198655,58.4,347.5,348.5,351.8,355.7,-69.73935819672131,32.114754098360656,1,0.04122950819672132,0.043999999999999595
vehicle_001_session_01155,vehicle_001,1155,train,117.64168292548501,32.4,331.1,331.4,332.5,334.2,-60.30002000000002,37.459016393442624,1,0.02514754098360656,0.027000000000000135
vehicle_001_session_01156,vehicle_001,1156,train,119.35702906378606,58.0,345.8,346.6,349.6,352.8,-60.24099770491804,40.0,0,0.039426229508196714,0.04300000000000015
vehicle_001_session_01157,vehicle_001,1157,train,118.38081817129633,50.0,339.3,339.9,342.8,346.8,-59.81476967213116,39.49180327868852,1,0.04162295081967218,0.04600000000000026
vehicle_001_session_01158,vehicle_001,1158,train,120.43147833076137,74.0,359.7,360.5,363.3,366.9,-59.82460278688526,40.0,0,0.039459016393442604,0.04100000000000037
vehicle_001_session_01159,vehicle_001,1159,train,118.75546061197922,33.2,329.9,330.8,332.2,334.1,-59.80329704918035,35.0,0,0.02509836065573772,0.027000000000000135
vehicle_001_session_01160,vehicle_001,1160,train,119.01848434908794,58.8,346.8,347.5,350.3,353.8,-59.80001934426232,37.0,0,0.03850819672131146,0.04300000000000015
vehicle_001_session_01161,vehicle_001,1161,train,117.67003472222225,39.6,334.7,335.0,337.1,340.0,-70.20328885245902,33.34426229508197,1,0.03416393442622946,0.040000000000000036
vehicle_001_session_01162,vehicle_001,1162,train,119.6580228786149,68.8,356.3,357.1,360.3,364.4,-70.18197606557376,36.0,0,0.04208196721311477,0.04400000000000048
vehicle_001_session_01163,vehicle_001,1163,train,120.96468498389694,62.4,350.8,351.6,354.7,358.8,-70.0885318032787,35.0,0,0.04122950819672132,0.04300000000000015
vehicle_001_session_01164,vehicle_001,1164,train,120.02245604166663,44.4,334.1,335.6,338.5,342.7,-69.9289469736842,33.80263157894737,1,0.037565789473684184,0.04500000000000037
vehicle_001_session_01165,vehicle_001,1165,train,119.64118026433697,31.6,328.3,331.0,332.75,334.7,-69.34473644736843,33.026315789473685,1,0.027447368421052658,0.03100000000000014
vehicle_001_session_01166,vehicle_001,1166,train,119.76335301144304,29.6,329.2,330.4,332.1,333.9,-70.10132263157895,35.0,0,0.02706578947368421,0.03000000000000025
vehicle_001_session_01167,vehicle_001,1167,train,120.06818705424176,34.8,330.7,331.7,333.70000000000005,336.1,-70.12237644736842,35.28947368421053,1,0.029236842105263183,0.03500000000000014
vehicle_001_session_01168,vehicle_001,1168,train,122.23142387316561,73.6,358.5,359.3,362.1,365.8,-60.27870639344264,35.0,0,0.03822950819672129,0.040000000000000036
vehicle_001_session_01169,vehicle_001,1169,train,117.01797222222221,39.2,334.1,334.4,336.0,338.3,-59.9918024590164,29.39344262295082,1,0.029131147540983587,0.03299999999999992
vehicle_001_session_01170,vehicle_001,1170,train,119.3526358874765,66.4,353.6,354.4,357.1,360.5,-60.001639508196725,32.01639344262295,1,0.03847540983606561,0.04000000000000048
vehicle_001_session_01171,vehicle_001,1171,train,118.47998585390947,40.0,333.5,333.8,334.9,336.9,-49.80002000000002,29.295081967213115,1,0.025475409836065586,0.028999999999999915
vehicle_001_session_01172,vehicle_001,1172,train,118.75790932914047,62.0,349.3,349.9,352.1,354.9,-49.80002000000002,31.901639344262296,1,0.03504918032786887,0.03600000000000003
vehicle_001_session_01173,vehicle_001,1173,train,120.71335776072127,19.6,326.4,328.0,329.7,331.1,-70.27050885245902,29.114754098360656,1,0.02645901639344264,0.03200000000000003
vehicle_001_session_01174,vehicle_001,1174,train,116.72675553678678,42.4,336.0,336.4,338.6,342.2,-70.27214836065573,31.770491803278688,2,0.036655737704918014,0.04200000000000026
vehicle_001_session_01175,vehicle_001,1175,train,121.25743021402552,72.0,358.6,359.4,362.7,366.9,-70.30001803278688,34.0,0,0.04281967213114754,0.04500000000000082
vehicle_001_session_01176,vehicle_001,1176,train,120.46876649305563,53.2,342.4,343.2,346.4,350.2,-60.32296393442624,31.737704918032787,1,0.04067213114754095,0.04400000000000004
vehicle_001_session_01177,vehicle_001,1177,train,120.5595952093398,61.2,350.3,351.3,354.4,358.3,-70.22296098360655,31.491803278688526,1,0.04022950819672134,0.04199999999999937
vehicle_001_session_01178,vehicle_001,1178,train,120.3984969017094,10.8,322.8,324.2,326.7,328.5,-59.91803114754099,26.901639344262296,1,0.026114754098360633,0.028000000000000025
vehicle_001_session_01179,vehicle_001,1179,train,116.68191230008418,37.2,333.8,334.1,335.5,337.7,-59.94753573770491,29.491803278688526,1,0.027459016393442604,0.03200000000000003
vehicle_001_session_01180,vehicle_001,1180,train,119.56624096119934,63.6,351.9,352.5,355.2,358.6,-59.95245426229507,32.0,0,0.0370819672131148,0.039000000000000146
vehicle_001_session_01181,vehicle_001,1181,train,119.65878179956036,35.2,331.1,332.29999999999995,334.29999999999995,336.9,-70.13027157894737,28.776315789473685,1,0.02899999999999998,0.03299999999999992
vehicle_001_session_01182,vehicle_001,1182,train,120.85006802721092,48.4,336.3,337.75,341.6,346.6,-70.10790223684211,33.0,0,0.04180263157894741,0.04800000000000004
vehicle_001_session_01183,vehicle_001,1183,train,121.2918432374339,30.4,329.1,329.9,331.4,332.8,-60.18816842105263,34.46052631578947,1,0.02359210526315793,0.0259999999999998
vehicle_001_session_01184,vehicle_001,1184,train,118.17738791423,34.8,331.7,332.1,333.2,334.7,-50.0,33.114754098360656,1,0.02260655737704918,0.02499999999999991
vehicle_001_session_01185,vehicle_001,1185,train,117.70244821092278,57.6,346.1,346.8,349.3,352.2,-50.0,36.0,0,0.03539344262295078,0.039000000000000146
vehicle_001_session_01186,vehicle_001,1186,train,121.31197194579286,50.8,337.8,339.5,343.95000000000005,348.5,-70.06184815789474,34.51315789473684,1,0.04367105263157898,0.04800000000000004
vehicle_001_session_01187,vehicle_001,1187,train,118.2618993794803,19.2,326.9,327.75,329.2,330.5,-60.122376052631594,26.42105263157895,1,0.022618421052631593,0.027000000000000135
vehicle_001_session_01188,vehicle_001,1188,train,118.26220167349726,23.2,328.0,329.2,330.7,332.2,-69.73443967213115,27.721311475409838,1,0.02472131147540985,0.027000000000000135
vehicle_001_session_01189,vehicle_001,1189,train,117.75706529850744,47.6,338.8,339.4,342.4,346.8,-69.70000999999999,30.80327868852459,2,0.041262295081967264,0.04599999999999982
vehicle_001_session_01190,vehicle_001,1190,train,118.73131655092598,29.6,329.4,330.7,332.4,334.2,-70.18033360655737,28.065573770491802,2,0.02613114754098362,0.02900000000000036
vehicle_001_session_01191,vehicle_001,1191,train,119.07912067230272,60.8,349.6,350.5,353.6,357.7,-70.2000075409836,32.0,0,0.04065573770491805,0.04200000000000026
vehicle_001_session_01192,vehicle_001,1192,train,120.28106709834834,20.4,329.2,329.6,330.7,331.9,-70.04918377049181,29.360655737704917,1,0.024311475409836095,0.026000000000000245
vehicle_001_session_01193,vehicle_001,1193,train,117.68518900966188,50.0,341.0,341.8,345.2,349.4,-70.01475606557378,33.39344262295082,1,0.04255737704918034,0.04600000000000026
vehicle_001_session_01194,vehicle_001,1194,train,119.89005978454418,54.0,343.6,344.4,348.2,352.4,-70.16886016393444,32.131147540983605,1,0.04286885245901635,0.04700000000000015
vehicle_001_session_01195,vehicle_001,1195,train,121.06947027777782,48.0,338.0,338.8,342.4,347.4,-70.28854081967214,25.34426229508197,1,0.04181967213114752,0.04700000000000015
vehicle_001_session_01196,vehicle_001,1196,train,116.76099835773277,45.2,337.7,338.3,341.0,345.5,-70.66722311475411,30.57377049180328,1,0.04006557377049182,0.04700000000000015
vehicle_001_session_01197,vehicle_001,1197,train,119.3070825520833,38.4,331.7,332.75,334.79999999999995,337.2,-60.17237868421052,28.539473684210527,1,0.027776315789473677,0.03200000000000003
vehicle_001_session_01198,vehicle_001,1198,train,119.92476120580808,57.6,345.3,346.6,350.3,354.4,-69.87704606557378,31.75409836065574,1,0.041999999999999975,0.04899999999999993
vehicle_001_session_01199,vehicle_001,1199,train,119.90795715410475,35.2,331.6,332.29999,334.19998,336.8,-70.11711178947367,31.31578947368421,1,0.029447377631578932,0.034000199999999925
vehicle_001_session_01200,vehicle_001,1200,train,121.61628977708331,56.4,342.69998,344.79999,349.20000000000005,353.3,-70.10526913157895,32.8421052631579,1,0.04292103684210526,0.04999999999999982
vehicle_001_session_01201,vehicle_001,1201,train,120.42768383933128,26.800001,328.9,330.0,331.6,333.19998,-70.09211063157893,30.69736842105263,1,0.026302610526315797,0.02900020000000003
vehicle_001_session_01202,vehicle_001,1202,train,120.15196182473544,13.6,324.19998,325.4,328.0,329.69998,-70.20132647368419,32.0,0,0.029131578947368397,0.03299999999999992
vehicle_001_session_01203,vehicle_001,1203,train,119.27235411560459,49.2,338.6,339.4,343.0,347.7,-69.91966409836066,36.36065573770492,1,0.04311475409836068,0.04800000000000004
vehicle_001_session_01204,vehicle_001,1204,train,121.89446194444447,77.6,363.3,364.9,368.5,371.4,-68.20491491803277,38.0,0,0.04160655737704911,0.04499999999999993
vehicle_001_session_01205,vehicle_001,1205,train,119.98320127688173,8.0,321.6,323.0,325.7,328.2,-70.02787163934427,35.0,0,0.029344262295081917,0.03100000000000014
vehicle_001_session_01206,vehicle_001,1206,train,120.05366151094276,33.2,332.4,332.7,334.1,336.1,-70.00163950819672,36.52459016393443,1,0.0284754098360656,0.03200000000000003
vehicle_001_session_01207,vehicle_001,1207,train,119.00414506172838,59.6,348.5,349.4,352.5,356.4,-69.99672098360655,39.0,0,0.04118032786885247,0.04300000000000015
vehicle_001_session_01208,vehicle_001,1208,train,120.25350854111942,16.800001,324.9,326.35,328.8,330.19998,-70.24211955263156,36.026315789473685,1,0.029657877631578965,0.035000199999999815
vehicle_001_session_01209,vehicle_001,1209,train,122.07216420100734,61.2,347.1,348.55,351.5,354.9,-57.55263744736842,38.0,0,0.036723672368421056,0.03900009999999998
vehicle_001_session_01210,vehicle_001,1210,train,117.72709834834836,34.4,332.8,333.2,334.7,337.1,-70.47704688524591,34.31147540983606,1,0.029803278688524584,0.03400000000000025
vehicle_001_session_01211,vehicle_001,1211,train,121.38889203559033,64.4,352.5,353.3,356.4,360.5,-70.49016295081968,37.36065573770492,1,0.04150819672131147,0.04400000000000004
vehicle_001_session_01212,vehicle_001,1212,train,120.73291681623932,54.0,338.19998,341.6,345.59999,349.4,-58.01053034210528,33.19736842105263,1,0.04160527368421054,0.04699989999999987
vehicle_001_session_01213,vehicle_001,1213,train,120.68786894718795,63.6,350.3,351.85,355.3,359.6,-70.21448592105263,29.657894736842106,1,0.03947368421052636,0.04100000000000037
vehicle_001_session_01214,vehicle_001,1214,train,118.19647397940784,26.800001,329.1,330.19998,331.64999,333.5,-70.0947424736842,28.80263157894737,1,0.025802647368421076,0.02800020000000014
vehicle_001_session_01215,vehicle_001,1215,train,122.21486000868059,49.6,336.8,338.4,342.45,347.5,-70.10790447368421,31.81578947368421,1,0.04301315789473685,0.04800000000000004
vehicle_001_session_01216,vehicle_001,1216,train,120.21921957972586,36.0,329.2,331.05,332.45,334.1,-45.17600253333333,27.0,0,0.020733333333333354,0.02300000000000013
vehicle_001_session_01217,vehicle_001,1217,train,119.10416736111112,41.2,333.2,334.2,336.8,340.3,-70.92295163934426,34.049180327868854,2,0.03403278688524588,0.040000000000000036
vehicle_001_session_01218,vehicle_001,1218,train,122.37797719065657,65.6,353.0,353.8,357.1,361.1,-71.05246426229508,36.0,0,0.04101639344262297,0.04200000000000026
vehicle_001_session_01219,vehicle_001,1219,train,119.77820968076284,22.4,327.5,328.8,330.2,331.7,-69.20000999999999,33.540983606557376,1,0.025262295081967225,0.027000000000000135
vehicle_001_session_01220,vehicle_001,1220,train,118.92809896232438,49.2,339.6,340.2,343.4,347.5,-69.19509196721312,36.85245901639344,2,0.04281967213114759,0.04600000000000026
vehicle_001_session_01221,vehicle_001,1221,train,119.25242637626266,39.2,332.1,332.4,333.6,335.2,-44.36230508196722,35.540983606557376,1,0.022557377049180347,0.026000000000000245
vehicle_001_session_01222,vehicle_001,1222,train,120.77657793731234,13.6,326.0,326.4,328.3,329.9,-70.31804737704918,35.0,0,0.027819672131147527,0.03100000000000014
vehicle_001_session_01223,vehicle_001,1223,train,117.70379599271406,43.6,336.4,336.9,339.3,342.8,-70.3409913114754,37.78688524590164,1,0.03681967213114754,0.04300000000000015
vehicle_001_session_01224,vehicle_001,1224,train,121.53730992383514,68.0,355.0,355.8,359.1,363.2,-70.33771360655739,39.85245901639344,1,0.04196721311475413,0.04300000000000015
vehicle_001_session_01225,vehicle_001,1225,train,119.43160815329225,39.2,332.7,333.0,334.4,336.1,-50.200010000000006,36.83606557377049,1,0.02495081967213118,0.028000000000000025
vehicle_001_session_01226,vehicle_001,1226,train,118.33334836065575,39.6,333.6,334.1,335.7,338.2,-60.104927868852464,26.672131147540984,1,0.02834426229508196,0.03299999999999992
vehicle_001_session_01227,vehicle_001,1227,train,119.64141194216757,64.0,352.2,352.8,355.7,358.9,-60.08525442622951,29.0327868852459,1,0.03739344262295084,0.039000000000000146
vehicle_001_session_01228,vehicle_001,1228,train,116.1608527120871,29.6,330.0,331.0,332.7,334.7,-70.23607983606558,29.081967213114755,2,0.02663934426229511,0.02900000000000036
vehicle_001_session_01229,vehicle_001,1229,train,119.89582502637136,59.2,348.5,349.3,352.5,356.4,-70.39671229508197,32.950819672131146,1,0.04101639344262296,0.04300000000000015
vehicle_001_session_01230,vehicle_001,1230,train,118.89335981987844,56.8,343.3,345.65,349.79999999999995,353.9,-70.07467413333333,32.906666666666666,1,0.04293333333333332,0.052000000000000046
vehicle_001_session_01231,vehicle_001,1231,train,118.08446674589861,36.0,332.4,333.4,335.25,338.0,-70.13158894736843,30.0,2,0.030644736842105252,0.03600000000000003
vehicle_001_session_01232,vehicle_001,1232,train,117.51881196952162,46.0,337.8,338.3,341.1,345.3,-70.02951114754099,33.59016393442623,1,0.0405409836065574,0.04800000000000004
vehicle_001_session_01233,vehicle_001,1233,train,121.90239242788462,75.2,361.1,361.9,365.2,369.6,-70.00819754098362,36.0,0,0.042721311475409904,0.04500000000000082
vehicle_001_session_01234,vehicle_001,1234,train,119.64030430555556,64.8,351.1,351.8,353.6,356.3,-45.100010000000005,35.0,0,0.03347540983606562,0.03500000000000014
vehicle_001_session_01235,vehicle_001,1235,train,116.77392319878473,21.2,325.5,326.0,326.79999999999995,327.4,-22.580010000000005,30.0,0,0.012933333333333295,0.016000000000000014
vehicle_001_session_01236,vehicle_001,1236,train,118.10206485404896,18.8,326.9,327.8,329.6,331.0,-70.16066573770492,35.0,0,0.02808196721311476,0.03500000000000014
vehicle_001_session_01237,vehicle_001,1237,train,115.64160022802656,48.0,338.9,339.6,342.5,347.1,-70.1639444262295,38.557377049180324,1,0.04239344262295086,0.04700000000000015
vehicle_001_session_01238,vehicle_001,1238,train,116.20409922316387,33.2,330.2,331.6,333.5,335.8,-70.49672098360655,33.721311475409834,1,0.028573770491803298,0.03200000000000003
vehicle_001_session_01239,vehicle_001,1239,train,119.17367352053144,41.6,333.0,334.29999999999995,336.9,340.3,-70.1120072,37.78666666666667,1,0.03460000000000001,0.04100000000000037
vehicle_001_session_01240,vehicle_001,1240,train,119.82381576492538,64.8,351.4,352.4,355.8,360.0,-71.22788229508197,39.91803278688525,1,0.04149180327868851,0.04300000000000015
vehicle_001_session_01241,vehicle_001,1241,train,118.63591995851372,16.0,326.6,327.2,329.1,330.3,-70.31476114754099,37.032786885245905,1,0.028049180327868857,0.03200000000000003
vehicle_001_session_01242,vehicle_001,1242,train,117.76442779558406,47.2,338.3,338.9,341.6,346.0,-70.36557409836065,40.78688524590164,2,0.04116393442622955,0.04700000000000015
vehicle_001_session_01243,vehicle_001,1243,train,119.4490865740741,21.6,327.4,328.6,330.2,331.6,-70.22295967213114,35.73770491803279,1,0.02655737704918035,0.03200000000000003
vehicle_001_session_01244,vehicle_001,1244,train,117.43391440763052,46.0,337.2,337.8,340.3,344.6,-70.18525409836066,38.49180327868852,1,0.03957377049180331,0.04700000000000015
vehicle_001_session_01245,vehicle_001,1245,train,119.37136849967699,55.6,343.5,344.3,347.4,351.0,-59.5,39.0,0,0.04116393442622953,0.04500000000000037
vehicle_001_session_01246,vehicle_001,1246,train,117.7250713808761,16.0,324.6,325.2,327.2,328.6,-49.811491967213136,39.0,0,0.02591803278688523,0.029999999999999805
vehicle_001_session_01247,vehicle_001,1247,train,118.662042420977,46.0,334.4,335.2,337.2,339.6,-44.61067693333334,41.0,0,0.029293333333333286,0.03300000000000036
vehicle_001_session_01248,vehicle_001,1248,train,119.18401395219463,25.2,328.3,329.5,331.0,332.5,-70.17369434210525,38.5921052631579,1,0.02632894736842108,0.028000000000000025
vehicle_001_session_01249,vehicle_001,1249,train,118.2142232371795,57.2,346.0,346.9,350.5,354.4,-69.55574327868852,35.0,0,0.042295081967213106,0.04800000000000004
vehicle_001_session_01250,vehicle_001,1250,train,119.3143695066335,65.2,352.8,353.6,356.9,361.0,-69.4934419672131,39.0,0,0.040934426229508165,0.042999999999999705
vehicle_001_session_01251,vehicle_001,1251,train,116.90644317755256,26.8,330.3,330.7,331.7,333.3,-70.39508196721312,38.85245901639344,1,0.02681967213114755,0.028999999999999915
vehicle_001_session_01252,vehicle_001,1252,train,118.90218149862828,56.4,345.2,346.1,349.6,353.5,-70.36230163934427,42.0,0,0.04308196721311475,0.04800000000000004
vehicle_001_session_01253,vehicle_001,1253,train,118.43805302355351,10.8,323.6,325.09999,328.24999,330.19998,-80.1276386842105,34.0,0,0.03169736842105263,0.03400020000000037
vehicle_001_session_01254,vehicle_001,1254,train,117.78609903169017,52.4,341.8,342.7,346.3,350.5,-70.02131655737705,38.91803278688525,1,0.04454098360655735,0.04800000000000004
vehicle_001_session_01255,vehicle_001,1255,train,115.74143387459154,27.6,330.7,330.8,331.9,333.0,-60.95082606557378,38.868852459016395,1,0.02400000000000002,0.026000000000000245
vehicle_001_session_01256,vehicle_001,1256,train,117.24253242521368,54.8,343.3,344.3,347.1,350.5,-58.31148131147542,41.65573770491803,1,0.0406885245901639,0.04400000000000004
vehicle_001_session_01257,vehicle_001,1257,train,118.62622056159424,55.2,346.0,346.9,350.3,354.4,-70.17377901639345,37.114754098360656,1,0.04259016393442622,0.04700000000000015
vehicle_001_session_01258,vehicle_001,1258,train,118.43752627995646,6.8,319.6,321.1,323.0,324.9,-44.89181327868853,38.0,0,0.02242622950819674,0.025000000000000355
vehicle_001_session_01259,vehicle_001,1259,train,118.56855848741321,20.0,326.7,327.9,329.7,331.1,-69.92894815789474,37.921052631578945,1,0.02859210526315792,0.03600000000000003
vehicle_001_session_01260,vehicle_001,1260,train,117.94253614354395,26.8,328.2,328.8,329.9,330.8,-45.106676666666665,40.49333333333333,0,0.019040000000000012,0.020999999999999908
vehicle_001_session_01261,vehicle_001,1261,train,116.79777721766021,34.8,331.1,332.15,334.15,336.6,-70.29868226666667,37.626666666666665,1,0.029973333333333355,0.03400000000000025
vehicle_001_session_01262,vehicle_001,1262,train,117.62514223008387,38.8,331.7,332.7,334.6,337.1,-59.85246327868854,39.0,0,0.028786885245901644,0.03299999999999992
vehicle_001_session_01263,vehicle_001,1263,train,119.06486011064027,60.4,347.8,348.6,351.4,354.9,-59.85574098360656,40.557377049180324,1,0.03890163934426231,0.040999999999999925
vehicle_001_session_01264,vehicle_001,1264,train,117.64118843178622,32.4,329.6,330.25,331.5,332.8,-45.87066640000001,39.68,1,0.02095999999999999,0.02300000000000013
vehicle_001_session_01265,vehicle_001,1265,train,116.94824563341751,60.8,347.5,349.3,352.8,357.1,-70.29345081967213,38.0,0,0.041114754098360635,0.04400000000000004
vehicle_001_session_01266,vehicle_001,1266,train,114.29977172769364,63.2,349.9,350.8,353.6,357.1,-60.0,38.0,0,0.03801639344262298,0.039000000000000146
vehicle_001_session_01267,vehicle_001,1267,train,116.02564102564105,35.2,331.0,331.3,332.5,334.2,-48.0,34.0,0,0.022540983606557385,0.0259999999999998
vehicle_001_session_01268,vehicle_001,1268,train,117.24257674808428,56.0,343.6,344.3,346.9,349.9,-47.998360491803275,36.0,0,0.03893442622950819,0.04300000000000015
vehicle_001_session_01269,vehicle_001,1269,train,116.73942939814815,36.8,332.2,332.5,333.9,336.1,-60.20328196721312,35.34426229508197,1,0.02714754098360659,0.03200000000000003
vehicle_001_session_01270,vehicle_001,1270,train,116.85548160807295,62.0,349.4,350.0,352.7,356.0,-56.918040819672136,37.557377049180324,1,0.03775409836065577,0.040000000000000036
vehicle_001_session_01271,vehicle_001,1271,train,117.11869892676768,66.0,352.8,353.5,356.1,359.4,-56.4508237704918,39.0,0,0.03727868852459019,0.039000000000000146
vehicle_001_session_01272,vehicle_001,1272,train,117.58705419685991,33.6,330.7,331.6,333.3,335.8,-69.98524508196721,39.24590163934426,1,0.029196721311475427,0.03299999999999992
vehicle_001_session_01273,vehicle_001,1273,train,117.9876004960318,61.6,349.6,350.3,353.6,357.4,-69.94098229508197,42.0,0,0.04175409836065574,0.04300000000000015
vehicle_001_session_01274,vehicle_001,1274,train,117.50193682484566,53.6,343.2,344.1,347.7,351.9,-70.02623426229509,39.59016393442623,1,0.04431147540983606,0.04700000000000015
vehicle_001_session_01275,vehicle_001,1275,train,117.58120256496413,26.4,328.3,329.2,330.5,332.1,-59.96065180327869,37.377049180327866,1,0.02345901639344266,0.025000000000000355
vehicle_001_session_01276,vehicle_001,1276,train,117.06349206349208,51.6,340.3,341.0,343.9,347.8,-60.0,39.98360655737705,1,0.042081967213114795,0.04600000000000026
vehicle_001_session_01277,vehicle_001,1277,train,122.77177069978634,76.8,361.4,362.2,365.0,368.8,-60.0,41.0,0,0.03996721311475422,0.04100000000000037
vehicle_001_session_01278,vehicle_001,1278,train,117.97696593886464,4.0,319.9,321.5,324.4,326.9,-70.16711357894735,35.0,0,0.03182893289473684,0.03699999999999992
vehicle_001_session_01279,vehicle_001,1279,train,117.02422118993994,18.8,328.6,328.9,329.9,331.1,-70.05246426229509,41.0,0,0.025819672131147536,0.028000000000000025
vehicle_001_session_01280,vehicle_001,1280,train,117.81874830840455,48.4,338.9,339.6,342.4,346.6,-70.06066180327869,43.52459016393443,1,0.042196721311475435,0.04700000000000015
vehicle_001_session_01281,vehicle_001,1281,train,116.71081949404764,32.0,331.6,331.9,333.3,335.3,-70.03442950819672,39.50819672131148,1,0.028770491803278717,0.03200000000000003
vehicle_001_session_01282,vehicle_001,1282,train,117.84491564814815,60.0,348.3,349.3,352.5,356.4,-70.03606950819672,42.81967213114754,1,0.04252459016393446,0.04400000000000004
vehicle_001_session_01283,vehicle_001,1283,train,117.63549458964646,68.0,353.9,355.5,358.9,363.3,-70.1426324590164,32.57377049180328,1,0.04060655737704915,0.042999999999999705
vehicle_001_session_01284,vehicle_001,1284,train,116.17651608796297,36.4,331.1,332.2,334.1,336.4,-60.450823442622955,30.918032786885245,1,0.02724590163934426,0.030999999999999694
vehicle_001_session_01285,vehicle_001,1285,train,117.17867386363635,60.4,348.8,349.4,352.1,355.3,-57.124596065573776,33.295081967213115,1,0.03762295081967211,0.040000000000000036
vehicle_001_session_01286,vehicle_001,1286,train,117.99248268779345,57.6,346.9,347.8,351.1,355.2,-70.1344344262295,36.0,0,0.04244262295081967,0.04700000000000015
vehicle_001_session_01287,vehicle_001,1287,train,117.3263884099617,19.6,329.2,329.6,330.7,331.9,-69.4934419672131,31.098360655737704,1,0.024868852459016412,0.027000000000000135
vehicle_001_session_01288,vehicle_001,1288,train,114.09451821789324,42.8,336.9,337.4,339.7,343.3,-69.5,33.73770491803279,1,0.03744262295081966,0.04400000000000004
vehicle_001_session_01289,vehicle_001,1289,train,119.94945607943464,73.6,360.3,361.1,364.4,368.6,-69.54426672131146,36.0,0,0.04280327868852454,0.04499999999999993
vehicle_001_session_01290,vehicle_001,1290,train,118.50079452689789,52.8,339.9,342.04999,346.85,351.3,-70.30001289473682,32.85526315789474,1,0.043236846052631575,0.04800020000000016
vehicle_001_session_01291,vehicle_001,1291,train,116.48281938752278,49.6,339.4,340.0,343.0,346.9,-60.183612950819686,33.22950819672131,1,0.03649180327868857,0.04100000000000037
vehicle_001_session_01292,vehicle_001,1292,train,117.93947748015876,21.6,329.1,329.28,330.2,331.3,-59.96935177419354,36.5,1,0.02135483870967744,0.02300000000000013
vehicle_001_session_01293,vehicle_001,1293,train,116.98907986111114,44.4,336.6,337.1,338.9,342.1,-59.95245426229507,39.21311475409836,1,0.03072131147540981,0.03500000000000014
vehicle_001_session_01294,vehicle_001,1294,train,115.604724251443,39.6,334.6,335.2,336.9,339.9,-70.83935114754097,39.75409836065574,1,0.03129508196721307,0.03500000000000014
vehicle_001_session_01295,vehicle_001,1295,train,117.25505057043652,26.0,328.9,329.95,331.5,333.2,-69.86184618421052,29.592105263157894,1,0.024394736842105323,0.027000000000000135
vehicle_001_session_01296,vehicle_001,1296,train,116.95505434854496,29.6,329.7,330.75,332.4,334.4,-69.95658078947368,36.078947368421055,1,0.02576315789473685,0.028000000000000025
vehicle_001_session_01297,vehicle_001,1297,train,118.98213593106998,48.0,336.3,337.7,341.4,346.3,-70.09672852459018,38.295081967213115,1,0.03814754098360655,0.04400000000000004
vehicle_001_session_01298,vehicle_001,1298,train,115.57187368476431,45.6,337.2,337.5,339.9,343.2,-59.01803606557378,35.278688524590166,1,0.03249180327868854,0.039000000000000146
vehicle_001_session_01299,vehicle_001,1299,train,120.41537368972753,72.4,358.0,358.6,361.3,364.6,-55.61967934426231,37.0,0,0.03322950819672134,0.03500000000000014
vehicle_001_session_01300,vehicle_001,1300,train,120.59247435946222,5.6,319.4,320.9,323.5,325.7,-60.102673333333335,38.0,0,0.026960000000000005,0.03000000000000025
vehicle_001_session_01301,vehicle_001,1301,train,115.98289262820512,54.8,343.2,344.1,347.5,351.1,-59.87868491803278,36.0,0,0.037131147540983615,0.04200000000000026
vehicle_001_session_01302,vehicle_001,1302,train,119.21499714052285,75.6,361.0,361.6,364.6,368.3,-59.96229131147541,36.950819672131146,1,0.03480327868852466,0.03699999999999992
vehicle_001_session_01303,vehicle_001,1303,train,116.69643258928569,54.4,343.0,343.9,347.5,351.8,-70.03442901639345,37.67213114754098,1,0.039327868852459036,0.04300000000000015
vehicle_001_session_01304,vehicle_001,1304,train,118.49575291218642,13.6,324.2,325.5,328.2,329.9,-70.04754590163934,37.0,0,0.02796721311475409,0.03100000000000014
vehicle_001_session_01305,vehicle_001,1305,train,116.63480850456618,38.8,334.6,334.9,336.8,339.7,-70.08361327868855,39.59016393442623,1,0.030688524590163888,0.03400000000000025
vehicle_001_session_01306,vehicle_001,1306,train,119.5673618827161,68.4,355.5,356.3,359.4,363.6,-70.04262737704917,42.049180327868854,1,0.03775409836065573,0.03900000000000059
vehicle_001_session_01307,vehicle_001,1307,train,117.81433979044834,54.8,343.3,344.1,347.4,350.8,-57.85902032786887,33.704918032786885,1,0.03634426229508195,0.04100000000000037
vehicle_001_session_01308,vehicle_001,1308,train,121.2687628472222,77.6,362.8,363.5,366.1,369.6,-54.86066295081968,34.73770491803279,1,0.03288524590163939,0.034000000000000696
vehicle_001_session_01309,vehicle_001,1309,train,115.97065593905472,32.8,332.2,332.5,333.9,336.1,-69.93769868852459,34.14754098360656,1,0.026901639344262332,0.029999999999999805
vehicle_001_session_01310,vehicle_001,1310,train,119.71246662646203,59.6,348.6,349.4,352.7,356.8,-69.93933819672131,37.0,0,0.03716393442622952,0.039000000000000146
vehicle_001_session_01311,vehicle_001,1311,train,118.99681497395834,52.0,338.6,340.04999999999995,343.9,348.2,-59.9723725,36.11842105263158,1,0.0385789473684211,0.04200000000000026
vehicle_001_session_01312,vehicle_001,1312,train,119.8443531180556,57.6,343.9,345.95000000000005,349.65,353.3,-60.05263815789471,29.68421052631579,1,0.03599999999999999,0.04499999999999993
vehicle_001_session_01313,vehicle_001,1313,train,116.45835362200441,47.2,336.9,337.4,339.1,341.8,-44.640989344262294,30.18032786885246,1,0.028639344262295044,0.03400000000000025
vehicle_001_session_01314,vehicle_001,1314,train,117.8524494791667,22.0,328.0,329.2,330.8,332.4,-70.55410754098361,29.40983606557377,1,0.02437704918032786,0.026000000000000245
vehicle_001_session_01315,vehicle_001,1315,train,114.2409994212963,46.0,338.6,339.3,342.1,346.6,-70.87540721311476,32.85245901639344,2,0.03801639344262301,0.04300000000000015
vehicle_001_session_01316,vehicle_001,1316,train,119.54028486111113,77.2,363.3,364.3,367.7,372.2,-70.98688393442623,35.34426229508197,1,0.038672131147541,0.04100000000000037
vehicle_001_session_01317,vehicle_001,1317,train,117.49655869006848,10.0,321.9,323.25,325.8,328.0,-60.136008800000006,34.0,0,0.02515999999999994,0.027000000000000135
vehicle_001_session_01318,vehicle_001,1318,train,118.96796070050705,48.8,336.1,337.45,340.7,344.7,-59.957336,38.8,1,0.03542666666666666,0.04100000000000037
vehicle_001_session_01319,vehicle_001,1319,train,114.81448917483664,77.2,360.0,361.35,364.7,368.5,-60.14801013333334,37.61333333333334,1,0.03471999999999997,0.03699999999999992
vehicle_001_session_01320,vehicle_001,1320,train,115.49532940251574,55.2,342.4,343.0,345.7,348.9,-49.80002000000002,39.0,0,0.03563934426229507,0.039000000000000146
vehicle_001_session_01321,vehicle_001,1321,train,115.73965887054509,41.2,332.1,333.3,335.3,338.2,-60.093447213114764,34.85245901639344,1,0.02681967213114753,0.03100000000000014
vehicle_001_session_01322,vehicle_001,1322,train,117.77026400462961,62.4,348.9,349.6,352.4,355.5,-57.22951229508197,36.65573770491803,1,0.033377049180327883,0.03500000000000014
vehicle_001_session_01323,vehicle_001,1323,train,117.77670095486114,56.0,343.2,344.1,347.8,352.1,-70.04098950819672,39.50819672131148,1,0.04034426229508196,0.04400000000000004
vehicle_001_session_01324,vehicle_001,1324,train,117.61695170869883,64.0,349.7,350.7,353.8,357.7,-69.94917524590164,35.0,0,0.037622950819672166,0.039000000000000146
vehicle_001_session_01325,vehicle_001,1325,train,118.82827895114947,62.8,347.7,349.1,352.7,356.8,-70.2626744,39.0,0,0.037159999999999964,0.040999999999999925
vehicle_001_session_01326,vehicle_001,1326,train,117.17001068973029,22.800001,327.5,328.55,329.95,331.6,-70.1079009736842,36.64473684210526,1,0.025539478947368435,0.029999999999999805
vehicle_001_session_01327,vehicle_001,1327,train,117.87409409316115,26.8,328.6,329.4,330.9,332.4,-70.05867133333334,33.306666666666665,1,0.024640000000000023,0.027000000000000135
vehicle_001_session_01328,vehicle_001,1328,train,116.15150537378824,19.2,326.0,327.1,329.1,330.5,-70.10267359999999,36.0,0,0.02787999999999999,0.03299999999999992
vehicle_001_session_01329,vehicle_001,1329,train,117.00122746606692,24.4,327.7,328.8,330.3,331.7,-70.04667013333334,34.89333333333333,1,0.024840000000000053,0.027000000000000135
vehicle_001_session_01330,vehicle_001,1330,train,117.94263623006685,6.8,319.6,320.9,323.5,325.7,-60.07867319999999,38.0,0,0.026853333333333312,0.03200000000000003
vehicle_001_session_01331,vehicle_001,1331,train,116.2098523220486,38.4,332.4,332.7,334.4,336.9,-69.99836049180328,38.18032786885246,1,0.028377049180327883,0.03200000000000003
vehicle_001_session_01332,vehicle_001,1332,train,116.9484702093398,64.0,349.1,349.9,353.3,357.2,-69.99180245901638,41.0,0,0.03803278688524589,0.040000000000000036
vehicle_001_session_01333,vehicle_001,1333,train,116.9711325143418,20.0,325.3,326.79999999999995,329.1,330.5,-70.0894792105263,34.578947368421055,1,0.027631578947368444,0.03299999999999992
vehicle_001_session_01334,vehicle_001,1334,train,117.53881414287551,11.6,321.1,322.45,324.775,327.1,-60.10267386666666,38.0,0,0.025453333333333307,0.027000000000000135
vehicle_001_session_01335,vehicle_001,1335,train,117.75430383403362,50.4,334.6,335.4,337.6,340.2,-45.1720032,35.0,0,0.027026666666666626,0.03100000000000014
vehicle_001_session_01336,vehicle_001,1336,train,115.03080601415094,44.0,333.2,333.5,334.6,336.1,-45.20656049180328,40.967213114754095,1,0.022360655737704932,0.025000000000000355
vehicle_001_session_01337,vehicle_001,1337,train,117.21085743786549,15.6,322.4,323.5,326.0,328.2,-60.14869263157894,39.0,0,0.02582894736842103,0.028000000000000025
vehicle_001_session_01338,vehicle_001,1338,train,116.80932528935183,46.8,334.9,335.7,337.45,340.2,-60.04868763157893,41.25,1,0.029592105263157843,0.03300000000000036
vehicle_001_session_01339,vehicle_001,1339,train,117.58766032021607,47.2,331.9,334.1,336.35,339.4,-59.532893289473684,39.39473684210526,1,0.028789473684210486,0.03299999999999992
vehicle_001_session_01340,vehicle_001,1340,train,117.81951668233081,41.2,331.1,332.4,334.4,336.9,-70.19067786666666,42.24,1,0.028800000000000013,0.03299999999999992
vehicle_001_session_01341,vehicle_001,1341,train,117.07129046103393,54.4,338.3,339.1,342.4,347.1,-70.18525459016392,36.24590163934426,1,0.0394426229508197,0.04400000000000004
vehicle_001_session_01342,vehicle_001,1342,train,116.60096447649572,52.8,336.4,337.5,341.1,346.0,-69.99508262295082,42.278688524590166,1,0.03885245901639344,0.04599999999999982
vehicle_001_session_01343,vehicle_001,1343,train,117.04555021929826,18.4,323.5,324.9,327.6,329.6,-70.10267359999999,38.0,0,0.028866666666666655,0.031999999999999584
vehicle_001_session_01344,vehicle_001,1344,train,114.2628205128205,15.2,325.0,325.5,327.4,328.9,-69.0,43.131147540983605,-1,0.02832786885245899,0.03200000000000003
vehicle_001_session_01345,vehicle_001,1345,train,114.57451771421846,31.6,328.6,329.4,330.7,332.1,-60.98033442622951,43.01639344262295,0,0.02275409836065576,0.02499999999999991
vehicle_001_session_01346,vehicle_001,1346,train,116.508435052368,55.2,338.8,339.3,341.8,345.5,-58.94098983606558,45.0,0,0.03603278688524595,0.04100000000000037
vehicle_001_session_01347,vehicle_001,1347,train,117.7220754061845,43.2,332.8,333.3,334.6,336.8,-59.90490918032786,36.0,0,0.025573770491803264,0.028000000000000025
vehicle_001_session_01348,vehicle_001,1348,train,117.09099676318269,68.4,350.5,351.4,353.8,356.9,-56.89508819672132,41.57377049180328,1,0.033672131147541015,0.03500000000000014
vehicle_001_session_01349,vehicle_001,1349,train,116.37328640738228,18.0,323.5,324.95,327.75,329.7,-69.88133426666667,35.84,1,0.028359999999999986,0.03100000000000014
vehicle_001_session_01350,vehicle_001,1350,train,119.73360600328952,67.2,348.3,349.9,353.375,357.4,-70.01600546666667,42.0,0,0.03785333333333337,0.040000000000000036
vehicle_001_session_01351,vehicle_001,1351,train,113.62078329918033,48.4,335.7,336.0,338.0,341.0,-59.39508,31.868852459016395,1,0.029868852459016344,0.03500000000000014
vehicle_001_session_01352,vehicle_001,1352,train,118.50404236111113,72.8,354.3,354.9,357.5,361.0,-59.424587213114755,34.0,0,0.034672131147540974,0.03600000000000003
vehicle_001_session_01353,vehicle_001,1353,train,117.04963727858289,68.8,351.1,351.8,354.6,358.0,-60.134436229508204,39.721311475409834,1,0.034786885245901684,0.037000000000000366
vehicle_001_session_01354,vehicle_001,1354,train,117.77777728174603,52.4,338.0,338.5,340.7,344.3,-59.998360491803275,38.91803278688525,1,0.03373770491803279,0.040000000000000036
vehicle_001_session_01355,vehicle_001,1355,train,115.13343477182538,23.2,328.5,328.8,329.9,331.1,-69.93770524590164,41.0,0,0.024934426229508217,0.027000000000000135
vehicle_001_session_01356,vehicle_001,1356,train,117.65625902777779,51.2,337.7,338.2,340.7,344.7,-69.90983819672132,43.57377049180328,1,0.036426229508196746,0.04300000000000015
vehicle_001_session_01357,vehicle_001,1357,train,118.52122463874862,56.0,338.5,340.1,344.5,349.4,-69.97600000000001,30.813333333333333,1,0.04106666666666666,0.04600000000000026
vehicle_001_session_01358,vehicle_001,1358,train,117.47804813100136,30.4,328.2,329.29999999999995,330.8,332.4,-70.1440096,38.16,2,0.025293333333333348,0.027000000000000135
vehicle_001_session_01359,vehicle_001,1359,train,117.03575189636754,64.8,346.0,347.75,351.6,355.7,-70.14211434210527,42.578947368421055,1,0.039078947368421046,0.04499999999999993
vehicle_001_session_01360,vehicle_001,1360,train,115.62632313596491,39.2,330.7,331.6,333.5,335.8,-69.94399800000001,42.86666666666667,1,0.02804000000000006,0.03100000000000014
vehicle_001_session_01361,vehicle_001,1361,train,121.63196158769068,77.2,357.1,357.9,360.9,364.7,-64.30667573333334,45.21333333333333,1,0.03754666666666666,0.03900000000000059
vehicle_001_session_01362,vehicle_001,1362,train,118.0789517178363,65.2,346.4,348.25,351.70000000000005,355.3,-65.00933426666667,45.0,0,0.037119999999999986,0.040999999999999925
vehicle_001_session_01363,vehicle_001,1363,train,116.94956471994534,16.0,322.5,323.9,326.7,329.1,-70.29837,41.0,0,0.028803278688524562,0.03100000000000014
vehicle_001_session_01364,vehicle_001,1364,train,115.37901041666665,40.4,333.2,333.5,335.0,337.5,-70.40654934426229,43.131147540983605,2,0.029360655737704924,0.03399999999999981
vehicle_001_session_01365,vehicle_001,1365,train,115.29836111111112,16.8,323.0,324.6,327.2,329.4,-70.0311506557377,35.68852459016394,1,0.028131147540983586,0.03000000000000025
vehicle_001_session_01366,vehicle_001,1366,train,117.58430622143108,34.4,329.4,330.5,332.1,333.9,-69.98800226666667,38.84,1,0.026293333333333332,0.028000000000000025
vehicle_001_session_01367,vehicle_001,1367,train,117.29563351677155,15.6,325.2,325.5,327.1,328.5,-59.28690393442625,38.0,0,0.024573770491803246,0.028000000000000025
vehicle_001_session_01368,vehicle_001,1368,train,116.78034015151519,37.2,331.7,332.1,333.0,334.4,-59.29182245901641,39.459016393442624,1,0.023180327868852497,0.025000000000000355
vehicle_001_session_01369,vehicle_001,1369,train,118.95457613636367,59.2,342.2,343.0,346.1,349.7,-59.25083475409837,42.0,0,0.038147540983606544,0.040999999999999925
vehicle_001_session_01370,vehicle_001,1370,train,119.66151395927179,8.8,318.5,320.2375,323.5,326.1,-70.05333786666667,36.0,0,0.03184000000000001,0.03600000000000003
vehicle_001_session_01371,vehicle_001,1371,train,116.79329868834373,47.2,333.6,334.6,337.19998,340.8,-70.14737642105263,35.3421052631579,1,0.032552636842105256,0.03800019999999993
vehicle_001_session_01372,vehicle_001,1372,train,118.30025222222223,69.6,351.6,352.2,354.9,358.3,-59.695091967213116,43.57377049180328,1,0.03555737704918037,0.037000000000000366
vehicle_001_session_01373,vehicle_001,1373,train,117.27619173212659,45.6,333.2,334.2,336.8,340.2,-70.1506744,37.04,2,0.03185333333333332,0.03600000000000003
vehicle_001_session_01374,vehicle_001,1374,train,117.71406709575432,48.4,333.8,335.1,337.9,341.8,-69.93600160000001,36.57333333333333,1,0.03354666666666665,0.040000000000000036
vehicle_001_session_01375,vehicle_001,1375,train,116.82432062499997,65.2,347.5,348.6,352.1,356.1,-70.0836149180328,37.67213114754098,1,0.03901639344262295,0.042999999999999705
vehicle_001_session_01376,vehicle_001,1376,train,116.26705758627948,32.0,328.9,329.6,330.8,332.4,-61.018672399999986,34.0,0,0.022306666666666686,0.02400000000000002
vehicle_001_session_01377,vehicle_001,1377,train,116.44391917481379,24.4,326.9,328.25,329.9,331.4,-70.01973881578947,31.05263157894737,2,0.02593421052631582,0.03100000000000014
vehicle_001_session_01378,vehicle_001,1378,train,116.14211971153848,54.0,337.8,338.6,341.4,345.5,-60.69181344262295,30.770491803278688,1,0.03627868852459018,0.042999999999999705
vehicle_001_session_01379,vehicle_001,1379,train,116.54304583478766,21.2,323.8,324.6,326.1,327.4,-34.996052394736836,32.0,0,0.021065788157894692,0.024000200000000138
vehicle_001_session_01380,vehicle_001,1380,train,118.22936995217508,55.6,337.1,339.0,343.15,348.2,-70.08267333333335,33.77333333333333,1,0.04074666666666669,0.04600000000000026
vehicle_001_session_01381,vehicle_001,1381,train,120.01470739850421,69.6,350.5,351.3,354.4,358.3,-69.65738704918033,44.0,0,0.03921311475409839,0.040999999999999925
vehicle_001_session_01382,vehicle_001,1382,train,117.08103377497567,39.2,331.0,331.775,333.675,336.1,-70.22267493333332,37.70666666666666,1,0.028093333333333366,0.03200000000000003
vehicle_001_session_01383,vehicle_001,1383,train,116.88851993199482,18.8,324.6,325.6,328.25,329.9,-70.22106144736841,34.0,0,0.028092105263157897,0.03200000000000003
vehicle_001_session_01384,vehicle_001,1384,train,116.6306506813417,36.0,330.5,331.1,332.7,334.7,-70.64427229508198,36.91803278688525,1,0.026950819672131164,0.029999999999999805
vehicle_001_session_01385,vehicle_001,1385,train,116.15655237184649,10.4,319.4,320.75,322.8,324.6,-46.46400586666667,37.0,0,0.022386666666666683,0.026000000000000245
vehicle_001_session_01386,vehicle_001,1386,train,116.81092847222223,18.8,323.8,325.1,327.875,329.7,-69.38932653333333,36.46666666666667,1,0.028600000000000025,0.03100000000000014
vehicle_001_session_01387,vehicle_001,1387,train,115.39512619731802,28.0,329.9,330.2,331.1,332.4,-69.84590655737705,39.65573770491803,1,0.024868852459016384,0.026000000000000245
vehicle_001_session_01388,vehicle_001,1388,train,115.26919519291313,35.600002,329.1,328.14999,328.24999,328.8,-17.502637393421054,37.0,0,0.010328936842105323,0.024000200000000138
vehicle_001_session_01389,vehicle_001,1389,train,116.26303238932292,62.4,345.8,346.8,350.5,353.9,-68.41967770491803,37.80327868852459,1,0.04029508196721315,0.04600000000000026
vehicle_001_session_01390,vehicle_001,1390,train,116.50160595801772,17.6,325.2,325.8,328.0,329.7,-70.2623113114754,39.24590163934426,-1,0.02790163934426228,0.03000000000000025
vehicle_001_session_01391,vehicle_001,1391,train,117.77121982881134,9.2,319.7,321.35,324.2,326.9,-70.38026328947369,37.86842105263158,1,0.03036842105263156,0.03500000000000014
vehicle_001_session_01392,vehicle_001,1392,train,116.02352212226432,20.8,324.7,326.05,328.5375,330.2,-69.86533906666668,39.92,1,0.029093333333333325,0.03299999999999992
vehicle_001_session_01393,vehicle_001,1393,train,117.37674952919018,16.4,322.7,324.0,326.9,329.2,-69.95263249999999,35.0,0,0.028118421052631584,0.03100000000000014
vehicle_001_session_01394,vehicle_001,1394,train,115.69859586864413,62.0,344.3,345.2,348.3,351.9,-60.29182114754099,43.0,0,0.038983606557377044,0.042999999999999705
vehicle_001_session_01395,vehicle_001,1395,train,116.07059625771605,35.6,331.4,331.9,333.0,334.9,-69.97376786885246,40.0,2,0.02673770491803279,0.029999999999999805
vehicle_001_session_01396,vehicle_001,1396,train,117.4117984722222,74.8,356.1,356.9,360.2,364.3,-69.95245426229508,43.0,0,0.039622950819672126,0.04100000000000037
vehicle_001_session_01397,vehicle_001,1397,train,117.42546025110377,37.2,330.19998,331.20000000000005,332.8,335.0,-70.14869215789473,40.223684210526315,2,0.027223665789473685,0.030000200000000365
vehicle_001_session_01398,vehicle_001,1398,train,117.31537994231884,8.400001,319.1,320.6,323.8,326.4,-70.24474328947369,39.0,0,0.0315394736842105,0.03600000000000003
vehicle_001_session_01399,vehicle_001,1399,train,116.8750120104736,22.4,327.7,328.0,329.2,330.3,-61.1344331147541,35.0,0,0.022557377049180347,0.025000000000000355
vehicle_001_session_01400,vehicle_001,1400,train,114.3887926036155,46.8,335.3,335.8,337.4,340.0,-59.649188852459034,37.22950819672131,1,0.029540983606557356,0.03299999999999992
vehicle_001_session_01401,vehicle_001,1401,train,118.20925665983606,72.0,353.6,354.3,356.8,359.9,-56.51148049180329,39.0,0,0.03488524590163932,0.037000000000000366
vehicle_001_session_01402,vehicle_001,1402,train,115.70446004001882,42.4,332.7,333.0,334.6,336.6,-60.06885803278689,37.08196721311475,1,0.026180327868852497,0.03000000000000025
vehicle_001_session_01403,vehicle_001,1403,train,118.50695631313133,66.4,348.5,349.3,351.9,355.2,-57.085252786885256,39.0,0,0.03531147540983607,0.038000000000000256
vehicle_001_session_01404,vehicle_001,1404,train,116.16216815927127,44.4,332.1,332.9,334.9,337.5,-59.751321842105256,38.18421052631579,1,0.027434210526315773,0.03200000000000003
vehicle_001_session_01405,vehicle_001,1405,train,116.56746443094136,39.2,330.69998,331.3,333.0,334.9,-60.53421721052632,35.01315789473684,0,0.02467104473684211,0.027000000000000135
vehicle_001_session_01406,vehicle_001,1406,train,116.77133973214288,47.2,334.1,334.6,336.6,339.4,-60.02459262295082,34.78688524590164,1,0.029262295081967208,0.03400000000000025
vehicle_001_session_01407,vehicle_001,1407,train,119.74938762626265,75.6,356.3,357.1,359.7,363.5,-60.0918124590164,37.0,0,0.036524590163934466,0.038000000000000256
vehicle_001_session_01408,vehicle_001,1408,train,115.74789690170938,34.8,329.1,329.9,331.3,332.8,-59.74755573770493,33.49180327868852,1,0.022737704918032793,0.02499999999999991
vehicle_001_session_01409,vehicle_001,1409,train,116.24877335858591,55.6,339.1,339.7,342.4,346.4,-59.7754273770492,35.967213114754095,2,0.03737704918032789,0.041999999999999815
vehicle_001_session_01410,vehicle_001,1410,train,117.35183667364991,26.0,327.4,328.4,329.95,331.6,-70.09474618421054,35.81578947368421,1,0.02632894736842107,0.03200000000000003
vehicle_001_session_01411,vehicle_001,1411,train,116.66400267094019,29.2,328.2,329.2,330.8,332.4,-69.94425934426229,38.40983606557377,1,0.02529508196721314,0.027000000000000135
vehicle_001_session_01412,vehicle_001,1412,train,114.31292354433762,37.6,332.4,332.7,334.1,336.1,-70.75083475409835,38.50819672131148,1,0.02788524590163938,0.03100000000000014
vehicle_001_session_01413,vehicle_001,1413,train,116.15483098118281,42.4,332.7,333.0,334.4,336.6,-60.29018295081969,38.85245901639344,1,0.026147540983606575,0.029999999999999805
vehicle_001_session_01414,vehicle_001,1414,train,117.26855138888891,67.6,349.3,350.0,352.8,356.3,-60.30001934426232,41.0,0,0.03634426229508197,0.03799999999999981
vehicle_001_session_01415,vehicle_001,1415,train,116.47509542410715,27.6,329.4,329.6,330.5,331.6,-60.21968409836066,39.0,0,0.02226229508196721,0.02400000000000002
vehicle_001_session_01416,vehicle_001,1416,train,117.58353852020912,12.0,320.7,322.4375,325.075,327.7,-70.1746756,35.733333333333334,1,0.028786666666666624,0.03200000000000003
vehicle_001_session_01417,vehicle_001,1417,train,116.31221499094204,36.0,329.7,330.8,332.45,334.6,-70.17106289473683,41.5,1,0.027276315789473708,0.03000000000000025
vehicle_001_session_01418,vehicle_001,1418,train,115.9216987373737,55.2,338.3,338.9,341.8,346.0,-60.399990655737696,41.0,0,0.03798360655737707,0.04400000000000004
vehicle_001_session_01419,vehicle_001,1419,train,116.72469789911047,7.2,318.6,320.25,323.5,326.0,-69.93999826666666,40.6,0,0.03232000000000002,0.03699999999999992
vehicle_001_session_01420,vehicle_001,1420,train,116.18150046296297,58.8,341.4,342.4,346.1,350.8,-69.68689524590165,36.16393442622951,1,0.04260655737704917,0.04600000000000026
vehicle_001_session_01421,vehicle_001,1421,train,116.87567446278824,30.4,327.8,328.9,330.3,331.7,-60.678698688524605,34.78688524590164,1,0.022459016393442645,0.02400000000000002
vehicle_001_session_01422,vehicle_001,1422,train,114.78569923371646,52.0,337.2,337.7,339.9,343.5,-60.67542016393444,36.91803278688525,1,0.034196721311475414,0.040999999999999925
vehicle_001_session_01423,vehicle_001,1423,train,119.77754796810703,75.2,355.8,356.4,359.3,362.8,-60.716405081967224,38.26229508196721,1,0.036688524590163904,0.0389999999999997
vehicle_001_session_01424,vehicle_001,1424,train,116.15569537728027,55.6,339.3,339.9,343.5,348.2,-69.5934513114754,35.049180327868854,2,0.04167213114754099,0.04600000000000026
vehicle_001_session_01425,vehicle_001,1425,train,116.35081152553761,35.2,329.6,330.6,332.2,334.2,-69.97867053333334,39.44,1,0.0268666666666667,0.03000000000000025
vehicle_001_session_01426,vehicle_001,1426,train,108.0669355004789,72.8,353.8,354.95,358.3,362.4,-69.96400413333333,42.946666666666665,1,0.03974666666666666,0.04100000000000037
vehicle_001_session_01427,vehicle_001,1427,train,116.72822040719696,20.8,324.7,325.9,328.5,330.2,-70.5,37.19736842105263,1,0.029105263157894763,0.03400000000000025
vehicle_001_session_01428,vehicle_001,1428,train,118.01695462180935,68.0,347.7,348.70000000000005,351.1,353.6,-42.66579039473684,39.0,0,0.030973684210526275,0.03299999999999992
vehicle_001_session_01429,vehicle_001,1429,train,116.12378564425771,23.2,327.8,328.25,329.29999999999995,330.5,-60.92763592105262,42.0,0,0.02351315789473687,0.026000000000000245
vehicle_001_session_01430,vehicle_001,1430,train,115.54327405878757,22.4,325.7,327.1,329.4,330.8,-70.11067426666666,32.82666666666667,1,0.028533333333333348,0.03400000000000025
vehicle_001_session_01431,vehicle_001,1431,train,117.8458545684836,34.0,329.6,330.3,331.975,333.8,-69.924004,35.96,2,0.026133333333333387,0.028999999999999915
vehicle_001_session_01432,vehicle_001,1432,train,117.20805014146092,22.0,325.5,326.7,329.1,330.5,-69.85866906666668,35.92,1,0.028586666666666646,0.03299999999999992
vehicle_001_session_01433,vehicle_001,1433,train,117.42531123831135,44.8,332.4,333.6,336.0375,339.3,-70.5866752,38.626666666666665,1,0.03173333333333331,0.03600000000000003
vehicle_001_session_01434,vehicle_001,1434,train,115.6222943899782,62.8,346.6,347.5,351.0,355.0,-70.17542016393443,38.704918032786885,1,0.040754098360655744,0.04499999999999993
vehicle_001_session_01435,vehicle_001,1435,train,118.08506414090505,52.8,338.5,339.1,342.1,346.8,-71.36229639344262,35.22950819672131,2,0.039737704918032815,0.04599999999999982
vehicle_001_session_01436,vehicle_001,1436,train,118.42198499266036,48.4,333.9,334.9,337.59999,341.4,-70.24606081578948,39.69736842105263,1,0.03465788157894735,0.040000000000000036
vehicle_001_session_01437,vehicle_001,1437,train,116.8067784556944,41.600002,331.3,332.1,333.70000000000005,336.0,-60.4776360526316,38.30263157894737,1,0.026013161842105267,0.02900000000000036
vehicle_001_session_01438,vehicle_001,1438,train,116.87854079427086,33.6,328.9,330.2,331.79999999999995,333.6,-70.0000028,36.82666666666667,1,0.025893333333333383,0.028000000000000025
vehicle_001_session_01439,vehicle_001,1439,train,118.52200026205452,24.8,325.8,327.1,328.8,330.2,-59.92786360655737,37.77049180327869,1,0.02608196721311475,0.03200000000000003
vehicle_001_session_01440,vehicle_001,1440,train,115.53175225051443,50.0,336.1,336.6,338.5,341.4,-59.885242295081966,39.967213114754095,2,0.03195081967213111,0.03600000000000003
vehicle_001_session_01441,vehicle_001,1441,train,117.87903773148149,72.8,354.6,355.3,358.0,361.4,-59.92622278688525,42.0,0,0.03693442622950816,0.038000000000000256
vehicle_001_session_01442,vehicle_001,1442,train,115.04251513266999,16.4,322.7,323.6,326.1,328.3,-59.66394442622952,37.0,0,0.026508196721311498,0.028999999999999915
vehicle_001_session_01443,vehicle_001,1443,train,112.78348884335159,43.2,333.8,334.1,335.5,337.8,-59.67705918032787,39.22950819672131,1,0.027360655737704888,0.03100000000000014
vehicle_001_session_01444,vehicle_001,1444,train,117.12468926366843,67.6,349.9,350.7,353.5,356.8,-59.67869852459017,41.85245901639344,1,0.03665573770491808,0.039000000000000146
vehicle_001_session_01445,vehicle_001,1445,train,114.32630628360214,28.4,329.2,329.4,330.3,331.6,-60.74263721311476,36.0,0,0.022295081967213134,0.02400000000000002
vehicle_001_session_01446,vehicle_001,1446,train,114.43388217984939,53.2,338.3,338.8,341.1,345.0,-60.75575327868853,38.78688524590164,1,0.03604918032786885,0.042999999999999705
vehicle_001_session_01447,vehicle_001,1447,train,119.77944192538132,77.2,357.4,358.0,360.8,364.4,-60.78690393442625,40.31147540983606,1,0.03750819672131144,0.03900000000000059
vehicle_001_session_01448,vehicle_001,1448,train,114.71368639291468,53.2,337.8,338.3,341.1,345.0,-60.61312475409837,39.0,0,0.03681967213114755,0.04300000000000015
vehicle_001_session_01449,vehicle_001,1449,train,115.10128697235841,44.8,332.4,333.85,336.4,339.6,-70.10267453333333,37.21333333333333,1,0.03177333333333331,0.03699999999999992
vehicle_001_session_01450,vehicle_001,1450,train,115.68888058035712,31.2,330.3,330.5,331.6,333.3,-70.67214114754098,38.18032786885246,1,0.02609836065573775,0.028000000000000025
vehicle_001_session_01451,vehicle_001,1451,train,114.5190493827161,54.0,338.9,339.6,342.5,347.2,-70.67214114754097,40.83606557377049,2,0.04031147540983612,0.04700000000000015
vehicle_001_session_01452,vehicle_001,1452,train,117.22031352880654,75.6,356.4,357.4,360.5,364.7,-70.68525655737703,42.459016393442624,1,0.04078688524590163,0.04300000000000015
vehicle_001_session_01453,vehicle_001,1453,train,115.80382997685184,71.6,353.3,354.1,356.8,360.3,-60.827880491803285,36.73770491803279,1,0.03695081967213112,0.0389999999999997
vehicle_001_session_01454,vehicle_001,1454,train,116.17953726742661,44.0,332.7,333.25,334.0,335.2,-34.984,38.0,0,0.01898666666666669,0.02100000000000035
vehicle_001_session_01455,vehicle_001,1455,train,113.01504861111108,36.8,331.1,331.4,332.7,334.4,-60.17377131147541,33.80327868852459,1,0.02388524590163937,0.026000000000000245
vehicle_001_session_01456,vehicle_001,1456,train,115.62299116379312,28.0,327.8,328.9,330.5,332.1,-70.02800253333334,37.0,0,0.025493333333333375,0.028000000000000025
vehicle_001_session_01457,vehicle_001,1457,train,115.69658469362749,29.6,328.6,329.475,331.0,332.5,-70.15867706666667,36.22666666666667,1,0.02524000000000001,0.027000000000000135
vehicle_001_session_01458,vehicle_001,1458,train,115.39138000000003,30.4,328.8,329.6,331.0,332.69998,-70.16579805263157,38.26315789473684,1,0.025868427631578934,0.02800009999999986
vehicle_001_session_01459,vehicle_001,1459,train,113.98422126906317,31.2,330.2,330.5,331.7,333.3,-69.18361655737705,37.0,1,0.025950819672131187,0.028000000000000025
vehicle_001_session_01460,vehicle_001,1460,train,113.03514705882354,51.6,338.0,338.5,341.1,345.3,-69.17705918032787,39.31147540983606,1,0.038475409836065594,0.04599999999999982
vehicle_001_session_01461,vehicle_001,1461,train,116.03513207547172,72.4,354.1,354.9,358.0,362.1,-69.17869852459016,41.0,0,0.03996721311475408,0.041999999999999815
vehicle_001_session_01462,vehicle_001,1462,train,114.81664152692571,32.8,329.6,330.19998,331.69998,333.6,-70.08816281578946,39.0,0,0.026368401315789502,0.02900020000000003
vehicle_001_session_01463,vehicle_001,1463,train,115.55971932006636,54.8,338.9,339.4,342.2,346.3,-60.591812459016396,42.557377049180324,1,0.03875409836065578,0.04499999999999993
vehicle_001_session_01464,vehicle_001,1464,train,114.7784948515326,27.6,327.7,328.5,329.9,331.3,-61.38524557377049,36.50819672131148,1,0.022934426229508212,0.025000000000000355
vehicle_001_session_01465,vehicle_001,1465,train,113.64422820512821,50.8,336.9,337.4,339.7,343.0,-61.490162950819666,39.24590163934426,1,0.03436065573770493,0.040000000000000036
vehicle_001_session_01466,vehicle_001,1466,train,117.87860997596155,76.8,357.2,358.0,360.8,364.6,-61.5,41.0,0,0.037885245901639344,0.03900000000000059
vehicle_001_session_01467,vehicle_001,1467,train,114.65745633066781,50.0,334.6,335.95000000000005,339.20000000000005,343.3,-70.15067439999999,30.76,1,0.035893333333333326,0.04200000000000026
vehicle_001_session_01468,vehicle_001,1468,train,115.66570869252875,27.6,327.8,328.9,330.3,331.9,-69.49672098360655,31.885245901639344,2,0.025016393442623,0.027000000000000135
vehicle_001_session_01469,vehicle_001,1469,train,114.64496710069444,51.2,337.5,338.2,340.7,344.9,-69.50327901639345,34.704918032786885,1,0.0376229508196721,0.04500000000000037
vehicle_001_session_01470,vehicle_001,1470,train,115.31216423611113,61.2,341.3,343.4,347.4,351.1,-58.164477368421046,35.5,1,0.04093421052631579,0.04699999999999971
vehicle_001_session_01471,vehicle_001,1471,train,115.42079338575708,43.6,332.1,333.35,335.725,338.8,-70.03421434210526,33.76315789473684,2,0.03096052631578945,0.03500000000000014
vehicle_001_session_01472,vehicle_001,1472,train,114.80714149414747,34.0,329.6,330.75,332.45,334.4,-70.19474460526314,29.236842105263158,1,0.02618421052631581,0.02900000000000036
vehicle_001_session_01473,vehicle_001,1473,train,116.50450087542092,58.0,338.9,340.9,345.59999,350.5,-70.16185105263158,30.61842105263158,1,0.04368420921052633,0.04800020000000016
vehicle_001_session_01474,vehicle_001,1474,train,115.78403784722221,10.8,321.0,322.4,324.7,327.1,-62.21475885245902,29.0,0,0.02634426229508192,0.03000000000000025
vehicle_001_session_01475,vehicle_001,1475,train,113.22809391276041,30.8,330.5,330.7,331.4,332.8,-60.85902114754099,30.0,0,0.022245901639344288,0.02400000000000002
vehicle_001_session_01476,vehicle_001,1476,train,114.05192013888886,56.4,340.7,341.3,344.1,347.8,-58.718039508196725,32.90163934426229,1,0.03862295081967217,0.04300000000000015
vehicle_001_session_01477,vehicle_001,1477,train,115.8612596106151,32.4,330.8,331.1,332.2,333.8,-70.26067180327868,30.229508196721312,1,0.025327868852459037,0.027000000000000135
vehicle_001_session_01478,vehicle_001,1478,train,114.68752454922033,54.8,339.9,340.3,343.5,348.0,-70.24591622950818,33.295081967213115,1,0.04073770491803281,0.04500000000000037
vehicle_001_session_01479,vehicle_001,1479,train,116.19857198660716,68.8,352.7,353.3,356.0,359.6,-59.301657540983626,31.049180327868854,1,0.035868852459016415,0.038000000000000256
vehicle_001_session_01480,vehicle_001,1480,train,113.23170113727859,32.4,330.0,330.3,331.6,333.3,-60.126238688524595,26.918032786885245,1,0.02250819672131148,0.02499999999999991
vehicle_001_session_01481,vehicle_001,1481,train,114.49579216988731,60.0,344.4,345.2,348.5,352.1,-60.181977213114756,30.21311475409836,1,0.04034426229508194,0.04400000000000004
vehicle_001_session_01482,vehicle_001,1482,train,114.11292388126698,32.0,329.19998,329.95,331.4,333.0,-60.70132242105263,28.17105263157895,2,0.022868418421052625,0.025000200000000028
vehicle_001_session_01483,vehicle_001,1483,train,117.38074181547624,72.4,353.2,354.79999999999995,358.375,362.5,-70.1133404,34.56,1,0.038973333333333325,0.04099999999999948
vehicle_001_session_01484,vehicle_001,1484,train,116.10557900985664,70.4,351.0,352.75,356.35,360.3,-69.9466704,35.0,0,0.03876,0.04000000000000048
vehicle_001_session_01485,vehicle_001,1485,train,113.82087745389822,30.8,328.8,329.9,331.4,333.2,-69.98666759999999,32.78666666666667,1,0.025613333333333356,0.028000000000000025
vehicle_001_session_01486,vehicle_001,1486,train,115.54468807870373,24.0,326.7,328.2,329.9,331.3,-70.04267106666666,30.69333333333333,1,0.027653333333333367,0.03400000000000025
vehicle_001_session_01487,vehicle_001,1487,train,115.01749705836454,49.6,333.2,334.15,336.0375,338.2,-41.10267413333334,30.0,0,0.02475999999999998,0.028999999999999915
vehicle_001_session_01488,vehicle_001,1488,train,112.88929293536329,34.8,332.1,332.4,333.6,335.7,-69.85410213114754,24.40983606557377,1,0.02649180327868855,0.03000000000000025
vehicle_001_session_01489,vehicle_001,1489,train,113.37343394097223,32.0,329.2,330.6,332.29999999999995,334.1,-70.21467733333333,22.626666666666665,1,0.025200000000000024,0.02900000000000036
vehicle_001_session_01490,vehicle_001,1490,train,111.2866865036232,7.2,319.6,321.4,324.65,327.2,-69.96052763157894,26.723684210526315,1,0.030434210526315758,0.03500000000000014
vehicle_001_session_01491,vehicle_001,1491,train,114.23018558114033,48.0,335.0,335.5,337.5,340.7,-60.01475557377049,26.9672131147541,2,0.031016393442622907,0.03600000000000003
vehicle_001_session_01492,vehicle_001,1492,train,116.05384068287039,68.0,350.8,351.4,354.3,357.7,-59.66066573770493,33.0,0,0.03647540983606563,0.038000000000000256
vehicle_001_session_01493,vehicle_001,1493,train,115.20655363984679,55.6,339.6,341.0,344.9,349.7,-70.24591147540983,28.901639344262296,2,0.04291803278688526,0.04700000000000015
vehicle_001_session_01494,vehicle_001,1494,train,114.94170285947716,57.6,338.9,341.0,345.7,350.5,-70.60656704918034,33.85245901639344,1,0.04414754098360655,0.04899999999999993
vehicle_001_session_01495,vehicle_001,1495,train,116.13108382192462,41.6,331.1,332.45,334.7,337.4,-69.8520044,29.493333333333332,1,0.028999999999999974,0.03299999999999992
vehicle_001_session_01496,vehicle_001,1496,train,115.46506498015877,55.2,339.4,340.2,343.2,347.2,-59.30002000000002,28.18032786885246,1,0.03926229508196725,0.04400000000000004
vehicle_001_session_01497,vehicle_001,1497,train,116.64674172916668,71.6,351.8,353.55,357.15,361.4,-69.93333613333334,32.0,0,0.03937333333333329,0.04100000000000037
vehicle_001_session_01498,vehicle_001,1498,train,114.16406621152402,35.2,330.2,331.35,333.2,335.2,-69.93733293333334,25.986666666666668,2,0.02649333333333335,0.03000000000000025
vehicle_001_session_01499,vehicle_001,1499,train,114.57300266017027,35.2,330.0,331.20000000000005,332.9,335.0,-70.01579184210526,28.69736842105263,1,0.026697368421052647,0.03100000000000014
vehicle_001_session_01500,vehicle_001,1500,train,114.5375840413943,40.8,331.3,332.6,334.7,337.4,-69.98000186666665,28.666666666666668,1,0.029253333333333315,0.03299999999999992
vehicle_001_session_01501,vehicle_001,1501,train,113.39640815277781,50.8,335.0,336.4,339.6,343.8,-64.67050196721313,30.770491803278688,1,0.036000000000000004,0.04300000000000015
vehicle_001_session_01502,vehicle_001,1502,train,113.03893495696398,38.0,330.5,331.9,333.8,336.1,-70.03606918032787,25.60655737704918,1,0.02752459016393445,0.03100000000000014
vehicle_001_session_01503,vehicle_001,1503,train,115.78970678490994,66.4,350.2,351.0,354.3,358.3,-70.08197540983606,29.098360655737704,1,0.04003278688524595,0.041999999999999815
vehicle_001_session_01504,vehicle_001,1504,train,114.03557124042145,40.8,331.9,332.8,335.0,337.7,-69.92623327868853,27.278688524590162,2,0.029327868852458996,0.03399999999999981
vehicle_001_session_01505,vehicle_001,1505,train,115.3960381944445,64.4,348.3,349.1,352.5,356.6,-70.15574770491801,30.295081967213115,1,0.04096721311475409,0.04499999999999993
vehicle_001_session_01506,vehicle_001,1506,train,114.11679000204246,20.4,324.7,325.95000000000005,328.3,329.7,-61.54400573333332,30.0,0,0.026586666666666658,0.03200000000000003
vehicle_001_session_01507,vehicle_001,1507,train,114.761817696662,43.6,332.7,333.5,335.7375,338.8,-69.94266573333333,33.38666666666666,1,0.03158666666666664,0.03699999999999992
vehicle_001_session_01508,vehicle_001,1508,train,114.6801693396227,45.6,334.7,335.0,336.6,339.1,-60.16721377049181,36.295081967213115,1,0.029442622950819654,0.03300000000000036
vehicle_001_session_01509,vehicle_001,1509,train,115.26628440621096,50.8,335.0,336.70000000000005,339.95,344.6,-69.60000866666667,31.04,2,0.038133333333333325,0.04600000000000026
vehicle_001_session_01510,vehicle_001,1510,train,114.15414248943236,19.2,324.7,326.3,329.1,330.5,-70.09467400000001,22.106666666666666,1,0.027226666666666628,0.03200000000000003
vehicle_001_session_01511,vehicle_001,1511,train,113.98224830675584,22.4,326.7,328.0,329.9,331.3,-70.13734333333332,25.733333333333334,1,0.026973333333333342,0.03399999999999981
vehicle_001_session_01512,vehicle_001,1512,train,114.30175366767843,32.8,329.7,330.75,332.4,334.4,-69.92762697368421,25.55263157894737,1,0.02560526315789474,0.028000000000000025
vehicle_001_session_01513,vehicle_001,1513,train,114.35334987620773,24.0,326.9,328.4,330.2,331.6,-69.94399959999998,26.253333333333334,1,0.026426666666666706,0.03300000000000036
vehicle_001_session_01514,vehicle_001,1514,train,115.51558719863729,66.0,349.1,349.9,353.3,357.4,-69.9606518032787,32.40983606557377,1,0.04072131147540987,0.04400000000000004
vehicle_001_session_01515,vehicle_001,1515,train,112.61278391203705,45.2,334.6,334.9,336.4,339.3,-59.99016295081967,27.885245901639344,1,0.029360655737704904,0.03399999999999981
vehicle_001_session_01516,vehicle_001,1516,train,115.39731849462368,35.6,329.9,331.0,332.7,334.9,-70.12667533333334,28.69333333333333,1,0.026786666666666684,0.03000000000000025
vehicle_001_session_01517,vehicle_001,1517,train,112.24226041666661,52.4,338.6,339.4,342.4,346.9,-70.04426672131147,29.311475409836067,2,0.040573770491803295,0.04600000000000026
vehicle_001_session_01518,vehicle_001,1518,train,114.41997689570411,31.6,330.19998,330.74999,331.9,333.6,-69.99078892105263,28.43421052631579,1,0.025407890789473687,0.02800020000000014
