battery_id,cycle,true_soh_pct,predicted_soh_pct,model,split
B0005,1,92.82437104090788,79.24681686022498,train_mean,LOBO_B0005
B0005,2,92.31636248599636,79.24681686022498,train_mean,LOBO_B0005
B0005,3,91.7674597111704,79.24681686022498,train_mean,LOBO_B0005
B0005,4,91.76312637910564,79.24681686022498,train_mean,LOBO_B0005
B0005,5,91.7322754106021,79.24681686022498,train_mean,LOBO_B0005
B0005,6,91.78308300337748,79.24681686022498,train_mean,LOBO_B0005
B0005,7,91.75730714613302,79.24681686022498,train_mean,LOBO_B0005
B0005,8,91.28783952832768,79.24681686022498,train_mean,LOBO_B0005
B0005,9,91.23869264945668,79.24681686022498,train_mean,LOBO_B0005
B0005,10,91.2306634248468,79.24681686022498,train_mean,LOBO_B0005
B0005,11,91.23097763432251,79.24681686022498,train_mean,LOBO_B0005
B0005,12,90.71009678836958,79.24681686022498,train_mean,LOBO_B0005
B0005,13,90.68760788774529,79.24681686022498,train_mean,LOBO_B0005
B0005,14,90.67202457367912,79.24681686022498,train_mean,LOBO_B0005
B0005,15,90.12990018153252,79.24681686022498,train_mean,LOBO_B0005
B0005,16,90.10534501230752,79.24681686022498,train_mean,LOBO_B0005
B0005,17,90.12897504131044,79.24681686022498,train_mean,LOBO_B0005
B0005,18,90.15341571417048,79.24681686022498,train_mean,LOBO_B0005
B0005,19,90.1388812359802,79.24681686022498,train_mean,LOBO_B0005
B0005,20,92.35129974664596,79.24681686022498,train_mean,LOBO_B0005
B0005,21,92.3708655641822,79.24681686022498,train_mean,LOBO_B0005
B0005,22,91.80887106739472,79.24681686022498,train_mean,LOBO_B0005
B0005,23,91.2890373788812,79.24681686022498,train_mean,LOBO_B0005
B0005,24,91.25568217539184,79.24681686022498,train_mean,LOBO_B0005
B0005,25,91.2790752110188,79.24681686022498,train_mean,LOBO_B0005
B0005,26,90.70155637541951,79.24681686022498,train_mean,LOBO_B0005
B0005,27,90.7384597057947,79.24681686022498,train_mean,LOBO_B0005
B0005,28,90.6984694355176,79.24681686022498,train_mean,LOBO_B0005
B0005,29,90.13828325839116,79.24681686022498,train_mean,LOBO_B0005
B0005,30,90.2038520058676,79.24681686022498,train_mean,LOBO_B0005
B0005,31,92.59012758352245,79.24681686022498,train_mean,LOBO_B0005
B0005,32,91.53519228369714,79.24681686022498,train_mean,LOBO_B0005
B0005,33,90.99520544750634,79.24681686022498,train_mean,LOBO_B0005
B0005,34,90.4653981851426,79.24681686022498,train_mean,LOBO_B0005
B0005,35,90.230495229026,79.24681686022498,train_mean,LOBO_B0005
B0005,36,89.96885325986096,79.24681686022498,train_mean,LOBO_B0005
B0005,37,89.42216167685231,79.24681686022498,train_mean,LOBO_B0005
B0005,38,89.14615242126361,79.24681686022498,train_mean,LOBO_B0005
B0005,39,88.65168579009143,79.24681686022498,train_mean,LOBO_B0005
B0005,40,88.65188775394685,79.24681686022498,train_mean,LOBO_B0005
B0005,41,88.39360553331026,79.24681686022498,train_mean,LOBO_B0005
B0005,42,88.11575352046543,79.24681686022498,train_mean,LOBO_B0005
B0005,43,88.38086462469224,79.24681686022498,train_mean,LOBO_B0005
B0005,44,88.13341798715734,79.24681686022498,train_mean,LOBO_B0005
B0005,45,87.58652435332071,79.24681686022498,train_mean,LOBO_B0005
B0005,46,87.09248023980004,79.24681686022498,train_mean,LOBO_B0005
B0005,47,86.8045675592357,79.24681686022498,train_mean,LOBO_B0005
B0005,48,89.68120074286804,79.24681686022498,train_mean,LOBO_B0005
B0005,49,89.15945111636637,79.24681686022498,train_mean,LOBO_B0005
B0005,50,88.36821038139479,79.24681686022498,train_mean,LOBO_B0005
B0005,51,87.85088925176532,79.24681686022498,train_mean,LOBO_B0005
B0005,52,87.34353089918953,79.24681686022498,train_mean,LOBO_B0005
B0005,53,87.08586253728572,79.24681686022498,train_mean,LOBO_B0005
B0005,54,86.82112528239094,79.24681686022498,train_mean,LOBO_B0005
B0005,55,86.31608619617913,79.24681686022498,train_mean,LOBO_B0005
B0005,56,85.79032694665067,79.24681686022498,train_mean,LOBO_B0005
B0005,57,85.52666755675959,79.24681686022498,train_mean,LOBO_B0005
B0005,58,85.30072498242605,79.24681686022498,train_mean,LOBO_B0005
B0005,59,85.01555136321294,79.24681686022498,train_mean,LOBO_B0005
B0005,60,84.72899300898948,79.24681686022498,train_mean,LOBO_B0005
B0005,61,84.24514543304643,79.24681686022498,train_mean,LOBO_B0005
B0005,62,83.72370795579859,79.24681686022498,train_mean,LOBO_B0005
B0005,63,83.72846239939551,79.24681686022498,train_mean,LOBO_B0005
B0005,64,83.18581879907026,79.24681686022498,train_mean,LOBO_B0005
B0005,65,82.9506934374123,79.24681686022498,train_mean,LOBO_B0005
B0005,66,82.69270286667508,79.24681686022498,train_mean,LOBO_B0005
B0005,67,82.13268910650655,79.24681686022498,train_mean,LOBO_B0005
B0005,68,81.89289215111849,79.24681686022498,train_mean,LOBO_B0005
B0005,69,81.63675203549555,79.24681686022498,train_mean,LOBO_B0005
B0005,70,81.38764457766808,79.24681686022498,train_mean,LOBO_B0005
B0005,71,81.10627427605796,79.24681686022498,train_mean,LOBO_B0005
B0005,72,80.56628301882924,79.24681686022498,train_mean,LOBO_B0005
B0005,73,80.32815698744193,79.24681686022498,train_mean,LOBO_B0005
B0005,74,80.07571116958798,79.24681686022498,train_mean,LOBO_B0005
B0005,75,79.5184615700164,79.24681686022498,train_mean,LOBO_B0005
B0005,76,79.28944984121105,79.24681686022498,train_mean,LOBO_B0005
B0005,77,79.24715353687058,79.24681686022498,train_mean,LOBO_B0005
B0005,78,79.77631946247968,79.24681686022498,train_mean,LOBO_B0005
B0005,79,78.73650873900519,79.24681686022498,train_mean,LOBO_B0005
B0005,80,78.24509975468973,79.24681686022498,train_mean,LOBO_B0005
B0005,81,77.98829736685181,79.24681686022498,train_mean,LOBO_B0005
B0005,82,77.97407834092117,79.24681686022498,train_mean,LOBO_B0005
B0005,83,77.7344676795305,79.24681686022498,train_mean,LOBO_B0005
B0005,84,77.44370539945209,79.24681686022498,train_mean,LOBO_B0005
B0005,85,76.9118299471279,79.24681686022498,train_mean,LOBO_B0005
B0005,86,76.39571291255139,79.24681686022498,train_mean,LOBO_B0005
B0005,87,76.42626314878223,79.24681686022498,train_mean,LOBO_B0005
B0005,88,76.1323662642189,79.24681686022498,train_mean,LOBO_B0005
B0005,89,75.87429969244934,79.24681686022498,train_mean,LOBO_B0005
B0005,90,80.29094495653295,79.24681686022498,train_mean,LOBO_B0005
B0005,91,78.19245723372212,79.24681686022498,train_mean,LOBO_B0005
B0005,92,77.40457623883893,79.24681686022498,train_mean,LOBO_B0005
B0005,93,76.61877815934297,79.24681686022498,train_mean,LOBO_B0005
B0005,94,76.34764134244853,79.24681686022498,train_mean,LOBO_B0005
B0005,95,75.84786508568163,79.24681686022498,train_mean,LOBO_B0005
B0005,96,75.59487980071347,79.24681686022498,train_mean,LOBO_B0005
B0005,97,75.32819480340552,79.24681686022498,train_mean,LOBO_B0005
B0005,98,75.07726763335681,79.24681686022498,train_mean,LOBO_B0005
B0005,99,74.54222025200119,79.24681686022498,train_mean,LOBO_B0005
B0005,100,74.29341922806006,79.24681686022498,train_mean,LOBO_B0005
B0005,101,74.02068389880529,79.24681686022498,train_mean,LOBO_B0005
B0005,102,73.76047934515816,79.24681686022498,train_mean,LOBO_B0005
B0005,103,74.29517994152012,79.24681686022498,train_mean,LOBO_B0005
B0005,104,74.80459149068348,79.24681686022498,train_mean,LOBO_B0005
B0005,105,74.04002973464492,79.24681686022498,train_mean,LOBO_B0005
B0005,106,73.48771634233412,79.24681686022498,train_mean,LOBO_B0005
B0005,107,72.69506137422964,79.24681686022498,train_mean,LOBO_B0005
B0005,108,72.70731033617847,79.24681686022498,train_mean,LOBO_B0005
B0005,109,72.75118759533416,79.24681686022498,train_mean,LOBO_B0005
B0005,110,72.4521081880618,79.24681686022498,train_mean,LOBO_B0005
B0005,111,71.93354685740283,79.24681686022498,train_mean,LOBO_B0005
B0005,112,71.67227160784894,79.24681686022498,train_mean,LOBO_B0005
B0005,113,71.66979450419048,79.24681686022498,train_mean,LOBO_B0005
B0005,114,71.403243672388,79.24681686022498,train_mean,LOBO_B0005
B0005,115,71.14601590870593,79.24681686022498,train_mean,LOBO_B0005
B0005,116,70.8714516365654,79.24681686022498,train_mean,LOBO_B0005
B0005,117,70.6204614397223,79.24681686022498,train_mean,LOBO_B0005
B0005,118,70.62893964700964,79.24681686022498,train_mean,LOBO_B0005
B0005,119,70.37991865734948,79.24681686022498,train_mean,LOBO_B0005
B0005,120,71.66960242610739,79.24681686022498,train_mean,LOBO_B0005
B0005,121,71.91275088396453,79.24681686022498,train_mean,LOBO_B0005
B0005,122,70.86773587242763,79.24681686022498,train_mean,LOBO_B0005
B0005,123,70.34908318388216,79.24681686022498,train_mean,LOBO_B0005
B0005,124,70.06018891793812,79.24681686022498,train_mean,LOBO_B0005
B0005,125,69.83504116363164,79.24681686022498,train_mean,LOBO_B0005
B0005,126,69.5642394426363,79.24681686022498,train_mean,LOBO_B0005
B0005,127,69.31143838989175,79.24681686022498,train_mean,LOBO_B0005
B0005,128,69.02183380987069,79.24681686022498,train_mean,LOBO_B0005
B0005,129,68.76182075128112,79.24681686022498,train_mean,LOBO_B0005
B0005,130,68.52564012447505,79.24681686022498,train_mean,LOBO_B0005
B0005,131,68.52542783135199,79.24681686022498,train_mean,LOBO_B0005
B0005,132,68.23677554340759,79.24681686022498,train_mean,LOBO_B0005
B0005,133,68.7696008447881,79.24681686022498,train_mean,LOBO_B0005
B0005,134,69.30557575767696,79.24681686022498,train_mean,LOBO_B0005
B0005,135,68.49250017919469,79.24681686022498,train_mean,LOBO_B0005
B0005,136,68.23913974630379,79.24681686022498,train_mean,LOBO_B0005
B0005,137,67.71610233129982,79.24681686022498,train_mean,LOBO_B0005
B0005,138,67.73208509189482,79.24681686022498,train_mean,LOBO_B0005
B0005,139,67.73519606596203,79.24681686022498,train_mean,LOBO_B0005
B0005,140,67.4657498751729,79.24681686022498,train_mean,LOBO_B0005
B0005,141,67.20945968985276,79.24681686022498,train_mean,LOBO_B0005
B0005,142,66.94956895347877,79.24681686022498,train_mean,LOBO_B0005
B0005,143,66.94572615103486,79.24681686022498,train_mean,LOBO_B0005
B0005,144,66.70033379880827,79.24681686022498,train_mean,LOBO_B0005
B0005,145,66.43222154587457,79.24681686022498,train_mean,LOBO_B0005
B0005,146,66.1585449613811,79.24681686022498,train_mean,LOBO_B0005
B0005,147,65.90845794222598,79.24681686022498,train_mean,LOBO_B0005
B0005,148,65.92332218320168,79.24681686022498,train_mean,LOBO_B0005
B0005,149,65.9146520051351,79.24681686022498,train_mean,LOBO_B0005
B0005,150,66.19362111221339,79.24681686022498,train_mean,LOBO_B0005
B0005,151,68.00608383277392,79.24681686022498,train_mean,LOBO_B0005
B0005,152,66.97653433973677,79.24681686022498,train_mean,LOBO_B0005
B0005,153,66.45143282560349,79.24681686022498,train_mean,LOBO_B0005
B0005,154,66.18370637499478,79.24681686022498,train_mean,LOBO_B0005
B0005,155,65.93169483766465,79.24681686022498,train_mean,LOBO_B0005
B0005,156,65.67375660662135,79.24681686022498,train_mean,LOBO_B0005
B0005,157,65.66010317221101,79.24681686022498,train_mean,LOBO_B0005
B0005,158,65.38979973472176,79.24681686022498,train_mean,LOBO_B0005
B0005,159,65.1516459320296,79.24681686022498,train_mean,LOBO_B0005
B0005,160,65.16786779519103,79.24681686022498,train_mean,LOBO_B0005
B0005,161,65.17050219327821,79.24681686022498,train_mean,LOBO_B0005
B0005,162,64.89435403247853,79.24681686022498,train_mean,LOBO_B0005
B0005,163,64.90367528459451,79.24681686022498,train_mean,LOBO_B0005
B0005,164,64.67318069221216,79.24681686022498,train_mean,LOBO_B0005
B0005,165,64.4001696309559,79.24681686022498,train_mean,LOBO_B0005
B0005,166,64.37262610689703,79.24681686022498,train_mean,LOBO_B0005
B0005,167,65.45076821153677,79.24681686022498,train_mean,LOBO_B0005
B0005,168,66.25396643214678,79.24681686022498,train_mean,LOBO_B0005
B0005,1,92.82437104090788,94.69527286603268,cycle_only_linear,LOBO_B0005
B0005,2,92.31636248599636,94.49828421662072,cycle_only_linear,LOBO_B0005
B0005,3,91.7674597111704,94.30129556720874,cycle_only_linear,LOBO_B0005
B0005,4,91.76312637910564,94.10430691779678,cycle_only_linear,LOBO_B0005
B0005,5,91.7322754106021,93.90731826838481,cycle_only_linear,LOBO_B0005
B0005,6,91.78308300337748,93.71032961897285,cycle_only_linear,LOBO_B0005
B0005,7,91.75730714613302,93.51334096956087,cycle_only_linear,LOBO_B0005
B0005,8,91.28783952832768,93.31635232014891,cycle_only_linear,LOBO_B0005
B0005,9,91.23869264945668,93.11936367073694,cycle_only_linear,LOBO_B0005
B0005,10,91.2306634248468,92.92237502132498,cycle_only_linear,LOBO_B0005
B0005,11,91.23097763432251,92.725386371913,cycle_only_linear,LOBO_B0005
B0005,12,90.71009678836958,92.52839772250104,cycle_only_linear,LOBO_B0005
B0005,13,90.68760788774529,92.33140907308908,cycle_only_linear,LOBO_B0005
B0005,14,90.67202457367912,92.13442042367711,cycle_only_linear,LOBO_B0005
B0005,15,90.12990018153252,91.93743177426515,cycle_only_linear,LOBO_B0005
B0005,16,90.10534501230752,91.74044312485317,cycle_only_linear,LOBO_B0005
B0005,17,90.12897504131044,91.54345447544121,cycle_only_linear,LOBO_B0005
B0005,18,90.15341571417048,91.34646582602925,cycle_only_linear,LOBO_B0005
B0005,19,90.1388812359802,91.14947717661728,cycle_only_linear,LOBO_B0005
B0005,20,92.35129974664596,90.9524885272053,cycle_only_linear,LOBO_B0005
B0005,21,92.3708655641822,90.75549987779334,cycle_only_linear,LOBO_B0005
B0005,22,91.80887106739472,90.55851122838138,cycle_only_linear,LOBO_B0005
B0005,23,91.2890373788812,90.36152257896941,cycle_only_linear,LOBO_B0005
B0005,24,91.25568217539184,90.16453392955744,cycle_only_linear,LOBO_B0005
B0005,25,91.2790752110188,89.96754528014547,cycle_only_linear,LOBO_B0005
B0005,26,90.70155637541951,89.77055663073351,cycle_only_linear,LOBO_B0005
B0005,27,90.7384597057947,89.57356798132155,cycle_only_linear,LOBO_B0005
B0005,28,90.6984694355176,89.37657933190957,cycle_only_linear,LOBO_B0005
B0005,29,90.13828325839116,89.1795906824976,cycle_only_linear,LOBO_B0005
B0005,30,90.2038520058676,88.98260203308564,cycle_only_linear,LOBO_B0005
B0005,31,92.59012758352245,88.78561338367368,cycle_only_linear,LOBO_B0005
B0005,32,91.53519228369714,88.58862473426171,cycle_only_linear,LOBO_B0005
B0005,33,90.99520544750634,88.39163608484974,cycle_only_linear,LOBO_B0005
B0005,34,90.4653981851426,88.19464743543777,cycle_only_linear,LOBO_B0005
B0005,35,90.230495229026,87.99765878602581,cycle_only_linear,LOBO_B0005
B0005,36,89.96885325986096,87.80067013661385,cycle_only_linear,LOBO_B0005
B0005,37,89.42216167685231,87.60368148720187,cycle_only_linear,LOBO_B0005
B0005,38,89.14615242126361,87.4066928377899,cycle_only_linear,LOBO_B0005
B0005,39,88.65168579009143,87.20970418837794,cycle_only_linear,LOBO_B0005
B0005,40,88.65188775394685,87.01271553896598,cycle_only_linear,LOBO_B0005
B0005,41,88.39360553331026,86.81572688955401,cycle_only_linear,LOBO_B0005
B0005,42,88.11575352046543,86.61873824014204,cycle_only_linear,LOBO_B0005
B0005,43,88.38086462469224,86.42174959073007,cycle_only_linear,LOBO_B0005
B0005,44,88.13341798715734,86.22476094131811,cycle_only_linear,LOBO_B0005
B0005,45,87.58652435332071,86.02777229190613,cycle_only_linear,LOBO_B0005
B0005,46,87.09248023980004,85.83078364249417,cycle_only_linear,LOBO_B0005
B0005,47,86.8045675592357,85.6337949930822,cycle_only_linear,LOBO_B0005
B0005,48,89.68120074286804,85.43680634367024,cycle_only_linear,LOBO_B0005
B0005,49,89.15945111636637,85.23981769425828,cycle_only_linear,LOBO_B0005
B0005,50,88.36821038139479,85.0428290448463,cycle_only_linear,LOBO_B0005
B0005,51,87.85088925176532,84.84584039543434,cycle_only_linear,LOBO_B0005
B0005,52,87.34353089918953,84.64885174602237,cycle_only_linear,LOBO_B0005
B0005,53,87.08586253728572,84.45186309661041,cycle_only_linear,LOBO_B0005
B0005,54,86.82112528239094,84.25487444719843,cycle_only_linear,LOBO_B0005
B0005,55,86.31608619617913,84.05788579778647,cycle_only_linear,LOBO_B0005
B0005,56,85.79032694665067,83.8608971483745,cycle_only_linear,LOBO_B0005
B0005,57,85.52666755675959,83.66390849896254,cycle_only_linear,LOBO_B0005
B0005,58,85.30072498242605,83.46691984955058,cycle_only_linear,LOBO_B0005
B0005,59,85.01555136321294,83.2699312001386,cycle_only_linear,LOBO_B0005
B0005,60,84.72899300898948,83.07294255072664,cycle_only_linear,LOBO_B0005
B0005,61,84.24514543304643,82.87595390131467,cycle_only_linear,LOBO_B0005
B0005,62,83.72370795579859,82.67896525190271,cycle_only_linear,LOBO_B0005
B0005,63,83.72846239939551,82.48197660249073,cycle_only_linear,LOBO_B0005
B0005,64,83.18581879907026,82.28498795307877,cycle_only_linear,LOBO_B0005
B0005,65,82.9506934374123,82.0879993036668,cycle_only_linear,LOBO_B0005
B0005,66,82.69270286667508,81.89101065425484,cycle_only_linear,LOBO_B0005
B0005,67,82.13268910650655,81.69402200484286,cycle_only_linear,LOBO_B0005
B0005,68,81.89289215111849,81.4970333554309,cycle_only_linear,LOBO_B0005
B0005,69,81.63675203549555,81.30004470601894,cycle_only_linear,LOBO_B0005
B0005,70,81.38764457766808,81.10305605660697,cycle_only_linear,LOBO_B0005
B0005,71,81.10627427605796,80.906067407195,cycle_only_linear,LOBO_B0005
B0005,72,80.56628301882924,80.70907875778303,cycle_only_linear,LOBO_B0005
B0005,73,80.32815698744193,80.51209010837107,cycle_only_linear,LOBO_B0005
B0005,74,80.07571116958798,80.3151014589591,cycle_only_linear,LOBO_B0005
B0005,75,79.5184615700164,80.11811280954714,cycle_only_linear,LOBO_B0005
B0005,76,79.28944984121105,79.92112416013516,cycle_only_linear,LOBO_B0005
B0005,77,79.24715353687058,79.7241355107232,cycle_only_linear,LOBO_B0005
B0005,78,79.77631946247968,79.52714686131124,cycle_only_linear,LOBO_B0005
B0005,79,78.73650873900519,79.33015821189927,cycle_only_linear,LOBO_B0005
B0005,80,78.24509975468973,79.1331695624873,cycle_only_linear,LOBO_B0005
B0005,81,77.98829736685181,78.93618091307533,cycle_only_linear,LOBO_B0005
B0005,82,77.97407834092117,78.73919226366337,cycle_only_linear,LOBO_B0005
B0005,83,77.7344676795305,78.5422036142514,cycle_only_linear,LOBO_B0005
B0005,84,77.44370539945209,78.34521496483944,cycle_only_linear,LOBO_B0005
B0005,85,76.9118299471279,78.14822631542746,cycle_only_linear,LOBO_B0005
B0005,86,76.39571291255139,77.9512376660155,cycle_only_linear,LOBO_B0005
B0005,87,76.42626314878223,77.75424901660354,cycle_only_linear,LOBO_B0005
B0005,88,76.1323662642189,77.55726036719156,cycle_only_linear,LOBO_B0005
B0005,89,75.87429969244934,77.3602717177796,cycle_only_linear,LOBO_B0005
B0005,90,80.29094495653295,77.16328306836763,cycle_only_linear,LOBO_B0005
B0005,91,78.19245723372212,76.96629441895567,cycle_only_linear,LOBO_B0005
B0005,92,77.40457623883893,76.7693057695437,cycle_only_linear,LOBO_B0005
B0005,93,76.61877815934297,76.57231712013174,cycle_only_linear,LOBO_B0005
B0005,94,76.34764134244853,76.37532847071977,cycle_only_linear,LOBO_B0005
B0005,95,75.84786508568163,76.1783398213078,cycle_only_linear,LOBO_B0005
B0005,96,75.59487980071347,75.98135117189584,cycle_only_linear,LOBO_B0005
B0005,97,75.32819480340552,75.78436252248386,cycle_only_linear,LOBO_B0005
B0005,98,75.07726763335681,75.5873738730719,cycle_only_linear,LOBO_B0005
B0005,99,74.54222025200119,75.39038522365993,cycle_only_linear,LOBO_B0005
B0005,100,74.29341922806006,75.19339657424797,cycle_only_linear,LOBO_B0005
B0005,101,74.02068389880529,74.996407924836,cycle_only_linear,LOBO_B0005
B0005,102,73.76047934515816,74.79941927542403,cycle_only_linear,LOBO_B0005
B0005,103,74.29517994152012,74.60243062601207,cycle_only_linear,LOBO_B0005
B0005,104,74.80459149068348,74.4054419766001,cycle_only_linear,LOBO_B0005
B0005,105,74.04002973464492,74.20845332718812,cycle_only_linear,LOBO_B0005
B0005,106,73.48771634233412,74.01146467777616,cycle_only_linear,LOBO_B0005
B0005,107,72.69506137422964,73.8144760283642,cycle_only_linear,LOBO_B0005
B0005,108,72.70731033617847,73.61748737895223,cycle_only_linear,LOBO_B0005
B0005,109,72.75118759533416,73.42049872954027,cycle_only_linear,LOBO_B0005
B0005,110,72.4521081880618,73.2235100801283,cycle_only_linear,LOBO_B0005
B0005,111,71.93354685740283,73.02652143071633,cycle_only_linear,LOBO_B0005
B0005,112,71.67227160784894,72.82953278130437,cycle_only_linear,LOBO_B0005
B0005,113,71.66979450419048,72.6325441318924,cycle_only_linear,LOBO_B0005
B0005,114,71.403243672388,72.43555548248042,cycle_only_linear,LOBO_B0005
B0005,115,71.14601590870593,72.23856683306846,cycle_only_linear,LOBO_B0005
B0005,116,70.8714516365654,72.0415781836565,cycle_only_linear,LOBO_B0005
B0005,117,70.6204614397223,71.84458953424453,cycle_only_linear,LOBO_B0005
B0005,118,70.62893964700964,71.64760088483257,cycle_only_linear,LOBO_B0005
B0005,119,70.37991865734948,71.45061223542059,cycle_only_linear,LOBO_B0005
B0005,120,71.66960242610739,71.25362358600863,cycle_only_linear,LOBO_B0005
B0005,121,71.91275088396453,71.05663493659667,cycle_only_linear,LOBO_B0005
B0005,122,70.86773587242763,70.8596462871847,cycle_only_linear,LOBO_B0005
B0005,123,70.34908318388216,70.66265763777272,cycle_only_linear,LOBO_B0005
B0005,124,70.06018891793812,70.46566898836076,cycle_only_linear,LOBO_B0005
B0005,125,69.83504116363164,70.2686803389488,cycle_only_linear,LOBO_B0005
B0005,126,69.5642394426363,70.07169168953683,cycle_only_linear,LOBO_B0005
B0005,127,69.31143838989175,69.87470304012487,cycle_only_linear,LOBO_B0005
B0005,128,69.02183380987069,69.6777143907129,cycle_only_linear,LOBO_B0005
B0005,129,68.76182075128112,69.48072574130093,cycle_only_linear,LOBO_B0005
B0005,130,68.52564012447505,69.28373709188897,cycle_only_linear,LOBO_B0005
B0005,131,68.52542783135199,69.08674844247699,cycle_only_linear,LOBO_B0005
B0005,132,68.23677554340759,68.88975979306502,cycle_only_linear,LOBO_B0005
B0005,133,68.7696008447881,68.69277114365306,cycle_only_linear,LOBO_B0005
B0005,134,69.30557575767696,68.4957824942411,cycle_only_linear,LOBO_B0005
B0005,135,68.49250017919469,68.29879384482913,cycle_only_linear,LOBO_B0005
B0005,136,68.23913974630379,68.10180519541717,cycle_only_linear,LOBO_B0005
B0005,137,67.71610233129982,67.9048165460052,cycle_only_linear,LOBO_B0005
B0005,138,67.73208509189482,67.70782789659323,cycle_only_linear,LOBO_B0005
B0005,139,67.73519606596203,67.51083924718127,cycle_only_linear,LOBO_B0005
B0005,140,67.4657498751729,67.31385059776929,cycle_only_linear,LOBO_B0005
B0005,141,67.20945968985276,67.11686194835733,cycle_only_linear,LOBO_B0005
B0005,142,66.94956895347877,66.91987329894536,cycle_only_linear,LOBO_B0005
B0005,143,66.94572615103486,66.7228846495334,cycle_only_linear,LOBO_B0005
B0005,144,66.70033379880827,66.52589600012143,cycle_only_linear,LOBO_B0005
B0005,145,66.43222154587457,66.32890735070946,cycle_only_linear,LOBO_B0005
B0005,146,66.1585449613811,66.1319187012975,cycle_only_linear,LOBO_B0005
B0005,147,65.90845794222598,65.93493005188553,cycle_only_linear,LOBO_B0005
B0005,148,65.92332218320168,65.73794140247355,cycle_only_linear,LOBO_B0005
B0005,149,65.9146520051351,65.54095275306159,cycle_only_linear,LOBO_B0005
B0005,150,66.19362111221339,65.34396410364963,cycle_only_linear,LOBO_B0005
B0005,151,68.00608383277392,65.14697545423766,cycle_only_linear,LOBO_B0005
B0005,152,66.97653433973677,64.9499868048257,cycle_only_linear,LOBO_B0005
B0005,153,66.45143282560349,64.75299815541374,cycle_only_linear,LOBO_B0005
B0005,154,66.18370637499478,64.55600950600176,cycle_only_linear,LOBO_B0005
B0005,155,65.93169483766465,64.3590208565898,cycle_only_linear,LOBO_B0005
B0005,156,65.67375660662135,64.16203220717783,cycle_only_linear,LOBO_B0005
B0005,157,65.66010317221101,63.96504355776586,cycle_only_linear,LOBO_B0005
B0005,158,65.38979973472176,63.76805490835389,cycle_only_linear,LOBO_B0005
B0005,159,65.1516459320296,63.571066258941926,cycle_only_linear,LOBO_B0005
B0005,160,65.16786779519103,63.37407760952996,cycle_only_linear,LOBO_B0005
B0005,161,65.17050219327821,63.17708896011799,cycle_only_linear,LOBO_B0005
B0005,162,64.89435403247853,62.98010031070602,cycle_only_linear,LOBO_B0005
B0005,163,64.90367528459451,62.78311166129406,cycle_only_linear,LOBO_B0005
B0005,164,64.67318069221216,62.586123011882094,cycle_only_linear,LOBO_B0005
B0005,165,64.4001696309559,62.389134362470124,cycle_only_linear,LOBO_B0005
B0005,166,64.37262610689703,62.19214571305816,cycle_only_linear,LOBO_B0005
B0005,167,65.45076821153677,61.99515706364619,cycle_only_linear,LOBO_B0005
B0005,168,66.25396643214678,61.798168414234226,cycle_only_linear,LOBO_B0005
B0005,1,92.82437104090788,95.92808001614941,linear_regression,LOBO_B0005
B0005,2,92.31636248599636,95.11602024194184,linear_regression,LOBO_B0005
B0005,3,91.7674597111704,95.08244344507294,linear_regression,LOBO_B0005
B0005,4,91.76312637910564,94.50927621064041,linear_regression,LOBO_B0005
B0005,5,91.7322754106021,93.45685360490937,linear_regression,LOBO_B0005
B0005,6,91.78308300337748,93.83562963081748,linear_regression,LOBO_B0005
B0005,7,91.75730714613302,93.60759474695605,linear_regression,LOBO_B0005
B0005,8,91.28783952832768,93.30868627029835,linear_regression,LOBO_B0005
B0005,9,91.23869264945668,93.31309155293366,linear_regression,LOBO_B0005
B0005,10,91.2306634248468,92.71015885488528,linear_regression,LOBO_B0005
B0005,11,91.23097763432251,92.49438223721317,linear_regression,LOBO_B0005
B0005,12,90.71009678836958,92.45745497615395,linear_regression,LOBO_B0005
B0005,13,90.68760788774529,92.64939538715603,linear_regression,LOBO_B0005
B0005,14,90.67202457367912,92.67125228529144,linear_regression,LOBO_B0005
B0005,15,90.12990018153252,92.2479725639043,linear_regression,LOBO_B0005
B0005,16,90.10534501230752,91.27189959622709,linear_regression,LOBO_B0005
B0005,17,90.12897504131044,91.25972469739551,linear_regression,LOBO_B0005
B0005,18,90.15341571417048,91.58229528153949,linear_regression,LOBO_B0005
B0005,19,90.1388812359802,91.22272606087895,linear_regression,LOBO_B0005
B0005,20,92.35129974664596,92.4658890673392,linear_regression,LOBO_B0005
B0005,21,92.3708655641822,92.93486500164707,linear_regression,LOBO_B0005
B0005,22,91.80887106739472,94.88028553227204,linear_regression,LOBO_B0005
B0005,23,91.2890373788812,91.70200507651056,linear_regression,LOBO_B0005
B0005,24,91.25568217539184,91.20790300779046,linear_regression,LOBO_B0005
B0005,25,91.2790752110188,90.86039277657864,linear_regression,LOBO_B0005
B0005,26,90.70155637541951,90.5409385050614,linear_regression,LOBO_B0005
B0005,27,90.7384597057947,90.6181763530173,linear_regression,LOBO_B0005
B0005,28,90.6984694355176,90.19432195648001,linear_regression,LOBO_B0005
B0005,29,90.13828325839116,90.05861808765066,linear_regression,LOBO_B0005
B0005,30,90.2038520058676,89.58881583874137,linear_regression,LOBO_B0005
B0005,31,92.59012758352245,91.0092634757357,linear_regression,LOBO_B0005
B0005,32,91.53519228369714,90.71272585359583,linear_regression,LOBO_B0005
B0005,33,90.99520544750634,89.94215422960406,linear_regression,LOBO_B0005
B0005,34,90.4653981851426,89.4659551400955,linear_regression,LOBO_B0005
B0005,35,90.230495229026,89.14405889594642,linear_regression,LOBO_B0005
B0005,36,89.96885325986096,89.40934691621308,linear_regression,LOBO_B0005
B0005,37,89.42216167685231,88.83869654586397,linear_regression,LOBO_B0005
B0005,38,89.14615242126361,88.58969365818933,linear_regression,LOBO_B0005
B0005,39,88.65168579009143,87.6167870193978,linear_regression,LOBO_B0005
B0005,40,88.65188775394685,87.58208426548391,linear_regression,LOBO_B0005
B0005,41,88.39360553331026,88.6332694818352,linear_regression,LOBO_B0005
B0005,42,88.11575352046543,88.60155208533155,linear_regression,LOBO_B0005
B0005,43,88.38086462469224,89.15290230652744,linear_regression,LOBO_B0005
B0005,44,88.13341798715734,87.81064651452158,linear_regression,LOBO_B0005
B0005,45,87.58652435332071,86.56086101694709,linear_regression,LOBO_B0005
B0005,46,87.09248023980004,86.1996668879291,linear_regression,LOBO_B0005
B0005,47,86.8045675592357,86.17615728779404,linear_regression,LOBO_B0005
B0005,48,89.68120074286804,91.9393212145232,linear_regression,LOBO_B0005
B0005,49,89.15945111636637,90.38080071642781,linear_regression,LOBO_B0005
B0005,50,88.36821038139479,88.22548996294664,linear_regression,LOBO_B0005
B0005,51,87.85088925176532,87.28219153522431,linear_regression,LOBO_B0005
B0005,52,87.34353089918953,86.69613820317805,linear_regression,LOBO_B0005
B0005,53,87.08586253728572,86.84334033536183,linear_regression,LOBO_B0005
B0005,54,86.82112528239094,86.65049268077408,linear_regression,LOBO_B0005
B0005,55,86.31608619617913,85.93244363247294,linear_regression,LOBO_B0005
B0005,56,85.79032694665067,85.44963385470388,linear_regression,LOBO_B0005
B0005,57,85.52666755675959,83.71363345627083,linear_regression,LOBO_B0005
B0005,58,85.30072498242605,84.97390207740543,linear_regression,LOBO_B0005
B0005,59,85.01555136321294,85.22325134177602,linear_regression,LOBO_B0005
B0005,60,84.72899300898948,85.15067221865817,linear_regression,LOBO_B0005
B0005,61,84.24514543304643,84.68479958158332,linear_regression,LOBO_B0005
B0005,62,83.72370795579859,83.99009059811956,linear_regression,LOBO_B0005
B0005,63,83.72846239939551,84.59049343114492,linear_regression,LOBO_B0005
B0005,64,83.18581879907026,84.09812297315649,linear_regression,LOBO_B0005
B0005,65,82.9506934374123,84.14744986660143,linear_regression,LOBO_B0005
B0005,66,82.69270286667508,83.4170302242896,linear_regression,LOBO_B0005
B0005,67,82.13268910650655,82.99006730459962,linear_regression,LOBO_B0005
B0005,68,81.89289215111849,82.92428113663753,linear_regression,LOBO_B0005
B0005,69,81.63675203549555,83.35841124651633,linear_regression,LOBO_B0005
B0005,70,81.38764457766808,82.990947931429,linear_regression,LOBO_B0005
B0005,71,81.10627427605796,83.05665770820795,linear_regression,LOBO_B0005
B0005,72,80.56628301882924,82.0703510948092,linear_regression,LOBO_B0005
B0005,73,80.32815698744193,81.7125226644132,linear_regression,LOBO_B0005
B0005,74,80.07571116958798,82.0834599740741,linear_regression,LOBO_B0005
B0005,75,79.5184615700164,81.06747841767748,linear_regression,LOBO_B0005
B0005,76,79.28944984121105,81.40910801593704,linear_regression,LOBO_B0005
B0005,77,79.24715353687058,81.21715150543572,linear_regression,LOBO_B0005
B0005,78,79.77631946247968,81.72992577108113,linear_regression,LOBO_B0005
B0005,79,78.73650873900519,80.75385917648806,linear_regression,LOBO_B0005
B0005,80,78.24509975468973,80.12875786240123,linear_regression,LOBO_B0005
B0005,81,77.98829736685181,79.75673278195588,linear_regression,LOBO_B0005
B0005,82,77.97407834092117,79.66888744891426,linear_regression,LOBO_B0005
B0005,83,77.7344676795305,80.85844308664556,linear_regression,LOBO_B0005
B0005,84,77.44370539945209,80.43226536196293,linear_regression,LOBO_B0005
B0005,85,76.9118299471279,80.50386338116172,linear_regression,LOBO_B0005
B0005,86,76.39571291255139,79.6136625334229,linear_regression,LOBO_B0005
B0005,87,76.42626314878223,79.30522135285972,linear_regression,LOBO_B0005
B0005,88,76.1323662642189,79.72635658482743,linear_regression,LOBO_B0005
B0005,89,75.87429969244934,79.41781380791438,linear_regression,LOBO_B0005
B0005,90,80.29094495653295,83.07520411533883,linear_regression,LOBO_B0005
B0005,91,78.19245723372212,80.2559214068452,linear_regression,LOBO_B0005
B0005,92,77.40457623883893,79.73806412228534,linear_regression,LOBO_B0005
B0005,93,76.61877815934297,79.55887310632573,linear_regression,LOBO_B0005
B0005,94,76.34764134244853,79.22249143723162,linear_regression,LOBO_B0005
B0005,95,75.84786508568163,78.71302846962705,linear_regression,LOBO_B0005
B0005,96,75.59487980071347,78.28274655894487,linear_regression,LOBO_B0005
B0005,97,75.32819480340552,78.43671103205719,linear_regression,LOBO_B0005
B0005,98,75.07726763335681,77.98945593477102,linear_regression,LOBO_B0005
B0005,99,74.54222025200119,77.42397157344587,linear_regression,LOBO_B0005
B0005,100,74.29341922806006,77.7543612596263,linear_regression,LOBO_B0005
B0005,101,74.02068389880529,77.89125099779466,linear_regression,LOBO_B0005
B0005,102,73.76047934515816,77.7062301986452,linear_regression,LOBO_B0005
B0005,103,74.29517994152012,77.54520231749402,linear_regression,LOBO_B0005
B0005,104,74.80459149068348,78.15502573364996,linear_regression,LOBO_B0005
B0005,105,74.04002973464492,77.7646851071169,linear_regression,LOBO_B0005
B0005,106,73.48771634233412,77.02893316105954,linear_regression,LOBO_B0005
B0005,107,72.69506137422964,75.14570795408784,linear_regression,LOBO_B0005
B0005,108,72.70731033617847,74.83146411514129,linear_regression,LOBO_B0005
B0005,109,72.75118759533416,76.78748859002076,linear_regression,LOBO_B0005
B0005,110,72.4521081880618,76.90688556286679,linear_regression,LOBO_B0005
B0005,111,71.93354685740283,75.18099865680082,linear_regression,LOBO_B0005
B0005,112,71.67227160784894,75.92079954230041,linear_regression,LOBO_B0005
B0005,113,71.66979450419048,74.10636160573394,linear_regression,LOBO_B0005
B0005,114,71.403243672388,76.03470241764121,linear_regression,LOBO_B0005
B0005,115,71.14601590870593,76.08479935481121,linear_regression,LOBO_B0005
B0005,116,70.8714516365654,75.77886979355782,linear_regression,LOBO_B0005
B0005,117,70.6204614397223,75.14816790272694,linear_regression,LOBO_B0005
B0005,118,70.62893964700964,75.2670803843146,linear_regression,LOBO_B0005
B0005,119,70.37991865734948,75.66782803461828,linear_regression,LOBO_B0005
B0005,120,71.66960242610739,76.07005857181258,linear_regression,LOBO_B0005
B0005,121,71.91275088396453,74.62830195421651,linear_regression,LOBO_B0005
B0005,122,70.86773587242763,74.81105459708289,linear_regression,LOBO_B0005
B0005,123,70.34908318388216,74.5127090422186,linear_regression,LOBO_B0005
B0005,124,70.06018891793812,73.79387401876424,linear_regression,LOBO_B0005
B0005,125,69.83504116363164,73.94850481032526,linear_regression,LOBO_B0005
B0005,126,69.5642394426363,73.5618063435268,linear_regression,LOBO_B0005
B0005,127,69.31143838989175,73.89362605849769,linear_regression,LOBO_B0005
B0005,128,69.02183380987069,73.65413592451576,linear_regression,LOBO_B0005
B0005,129,68.76182075128112,72.9874049752413,linear_regression,LOBO_B0005
B0005,130,68.52564012447505,73.16362846819197,linear_regression,LOBO_B0005
B0005,131,68.52542783135199,73.09199761087976,linear_regression,LOBO_B0005
B0005,132,68.23677554340759,72.72297546923369,linear_regression,LOBO_B0005
B0005,133,68.7696008447881,73.39320391087368,linear_regression,LOBO_B0005
B0005,134,69.30557575767696,72.51052382066862,linear_regression,LOBO_B0005
B0005,135,68.49250017919469,72.68819456726064,linear_regression,LOBO_B0005
B0005,136,68.23913974630379,72.51703667571769,linear_regression,LOBO_B0005
B0005,137,67.71610233129982,72.21822717441846,linear_regression,LOBO_B0005
B0005,138,67.73208509189482,72.05088567382246,linear_regression,LOBO_B0005
B0005,139,67.73519606596203,71.6598274109861,linear_regression,LOBO_B0005
B0005,140,67.4657498751729,72.01555720810585,linear_regression,LOBO_B0005
B0005,141,67.20945968985276,71.5287148530473,linear_regression,LOBO_B0005
B0005,142,66.94956895347877,71.31262750122362,linear_regression,LOBO_B0005
B0005,143,66.94572615103486,71.79038659215493,linear_regression,LOBO_B0005
B0005,144,66.70033379880827,71.06715704164117,linear_regression,LOBO_B0005
B0005,145,66.43222154587457,71.17003618043582,linear_regression,LOBO_B0005
B0005,146,66.1585449613811,70.83705389172455,linear_regression,LOBO_B0005
B0005,147,65.90845794222598,69.84401741689331,linear_regression,LOBO_B0005
B0005,148,65.92332218320168,70.72320465801944,linear_regression,LOBO_B0005
B0005,149,65.9146520051351,70.24394821597895,linear_regression,LOBO_B0005
B0005,150,66.19362111221339,70.5666314833982,linear_regression,LOBO_B0005
B0005,151,68.00608383277392,69.85213785789334,linear_regression,LOBO_B0005
B0005,152,66.97653433973677,70.2914699288812,linear_regression,LOBO_B0005
B0005,153,66.45143282560349,69.45382707866905,linear_regression,LOBO_B0005
B0005,154,66.18370637499478,69.29102183127749,linear_regression,LOBO_B0005
B0005,155,65.93169483766465,67.3038410693625,linear_regression,LOBO_B0005
B0005,156,65.67375660662135,69.01827901662759,linear_regression,LOBO_B0005
B0005,157,65.66010317221101,66.9202079930122,linear_regression,LOBO_B0005
B0005,158,65.38979973472176,68.47220286643277,linear_regression,LOBO_B0005
B0005,159,65.1516459320296,68.7067169796087,linear_regression,LOBO_B0005
B0005,160,65.16786779519103,68.20876342216528,linear_regression,LOBO_B0005
B0005,161,65.17050219327821,68.04989669535965,linear_regression,LOBO_B0005
B0005,162,64.89435403247853,68.01823178112672,linear_regression,LOBO_B0005
B0005,163,64.90367528459451,68.0552014556269,linear_regression,LOBO_B0005
B0005,164,64.67318069221216,67.61003961107153,linear_regression,LOBO_B0005
B0005,165,64.4001696309559,67.76581822331812,linear_regression,LOBO_B0005
B0005,166,64.37262610689703,67.31385710781947,linear_regression,LOBO_B0005
B0005,167,65.45076821153677,68.29121003002315,linear_regression,LOBO_B0005
B0005,168,66.25396643214678,67.38837044923213,linear_regression,LOBO_B0005
B0005,1,92.82437104090788,89.24785753084667,random_forest,LOBO_B0005
B0005,2,92.31636248599636,89.1299547452773,random_forest,LOBO_B0005
B0005,3,91.7674597111704,89.7480851393491,random_forest,LOBO_B0005
B0005,4,91.76312637910564,92.21056273421311,random_forest,LOBO_B0005
B0005,5,91.7322754106021,92.41895437190684,random_forest,LOBO_B0005
B0005,6,91.78308300337748,93.09272061676313,random_forest,LOBO_B0005
B0005,7,91.75730714613302,93.18390617246524,random_forest,LOBO_B0005
B0005,8,91.28783952832768,93.14245747616705,random_forest,LOBO_B0005
B0005,9,91.23869264945668,93.11118167080593,random_forest,LOBO_B0005
B0005,10,91.2306634248468,93.11669095484356,random_forest,LOBO_B0005
B0005,11,91.23097763432251,93.20194903413058,random_forest,LOBO_B0005
B0005,12,90.71009678836958,93.1270738283415,random_forest,LOBO_B0005
B0005,13,90.68760788774529,93.20575942638688,random_forest,LOBO_B0005
B0005,14,90.67202457367912,93.1270738283415,random_forest,LOBO_B0005
B0005,15,90.12990018153252,93.13753248189687,random_forest,LOBO_B0005
B0005,16,90.10534501230752,93.1342334336307,random_forest,LOBO_B0005
B0005,17,90.12897504131044,93.2129190316761,random_forest,LOBO_B0005
B0005,18,90.15341571417048,93.17572216807768,random_forest,LOBO_B0005
B0005,19,90.1388812359802,93.17572216807768,random_forest,LOBO_B0005
B0005,20,92.35129974664596,93.12039511688054,random_forest,LOBO_B0005
B0005,21,92.3708655641822,93.26571290992253,random_forest,LOBO_B0005
B0005,22,91.80887106739472,93.32990849643471,random_forest,LOBO_B0005
B0005,23,91.2890373788812,93.17769132750391,random_forest,LOBO_B0005
B0005,24,91.25568217539184,93.08501431049348,random_forest,LOBO_B0005
B0005,25,91.2790752110188,92.93397099629128,random_forest,LOBO_B0005
B0005,26,90.70155637541951,92.87687163131542,random_forest,LOBO_B0005
B0005,27,90.7384597057947,92.91696898158652,random_forest,LOBO_B0005
B0005,28,90.6984694355176,92.86834297288672,random_forest,LOBO_B0005
B0005,29,90.13828325839116,92.81070478933245,random_forest,LOBO_B0005
B0005,30,90.2038520058676,92.80872858982863,random_forest,LOBO_B0005
B0005,31,92.59012758352245,92.98454800599846,random_forest,LOBO_B0005
B0005,32,91.53519228369714,93.19235325036423,random_forest,LOBO_B0005
B0005,33,90.99520544750634,93.11978632694111,random_forest,LOBO_B0005
B0005,34,90.4653981851426,92.5921692262423,random_forest,LOBO_B0005
B0005,35,90.230495229026,91.88455297890535,random_forest,LOBO_B0005
B0005,36,89.96885325986096,91.74031407144876,random_forest,LOBO_B0005
B0005,37,89.42216167685231,91.31568125384612,random_forest,LOBO_B0005
B0005,38,89.14615242126361,91.00000379289233,random_forest,LOBO_B0005
B0005,39,88.65168579009143,90.68219819915315,random_forest,LOBO_B0005
B0005,40,88.65188775394685,90.55915044749213,random_forest,LOBO_B0005
B0005,41,88.39360553331026,90.56758487523666,random_forest,LOBO_B0005
B0005,42,88.11575352046543,90.54729886989851,random_forest,LOBO_B0005
B0005,43,88.38086462469224,90.43405898521912,random_forest,LOBO_B0005
B0005,44,88.13341798715734,88.36004934510102,random_forest,LOBO_B0005
B0005,45,87.58652435332071,87.58550022708964,random_forest,LOBO_B0005
B0005,46,87.09248023980004,87.01724256836214,random_forest,LOBO_B0005
B0005,47,86.8045675592357,86.62202224024206,random_forest,LOBO_B0005
B0005,48,89.68120074286804,90.73052896666906,random_forest,LOBO_B0005
B0005,49,89.15945111636637,90.72520533444397,random_forest,LOBO_B0005
B0005,50,88.36821038139479,90.5202859587268,random_forest,LOBO_B0005
B0005,51,87.85088925176532,88.54318500975911,random_forest,LOBO_B0005
B0005,52,87.34353089918953,87.66911664531828,random_forest,LOBO_B0005
B0005,53,87.08586253728572,87.1818481703984,random_forest,LOBO_B0005
B0005,54,86.82112528239094,87.22338566934856,random_forest,LOBO_B0005
B0005,55,86.31608619617913,86.45609403820883,random_forest,LOBO_B0005
B0005,56,85.79032694665067,85.75392594629896,random_forest,LOBO_B0005
B0005,57,85.52666755675959,84.96149336023132,random_forest,LOBO_B0005
B0005,58,85.30072498242605,85.54881285376774,random_forest,LOBO_B0005
B0005,59,85.01555136321294,85.60435134470623,random_forest,LOBO_B0005
B0005,60,84.72899300898948,84.98555983820391,random_forest,LOBO_B0005
B0005,61,84.24514543304643,84.62104518773194,random_forest,LOBO_B0005
B0005,62,83.72370795579859,84.41443657376917,random_forest,LOBO_B0005
B0005,63,83.72846239939551,84.34591513946151,random_forest,LOBO_B0005
B0005,64,83.18581879907026,83.80421408127862,random_forest,LOBO_B0005
B0005,65,82.9506934374123,83.74569588384543,random_forest,LOBO_B0005
B0005,66,82.69270286667508,82.6299741759205,random_forest,LOBO_B0005
B0005,67,82.13268910650655,82.2022400078546,random_forest,LOBO_B0005
B0005,68,81.89289215111849,82.06433846263388,random_forest,LOBO_B0005
B0005,69,81.63675203549555,82.03882781280899,random_forest,LOBO_B0005
B0005,70,81.38764457766808,81.91027260824235,random_forest,LOBO_B0005
B0005,71,81.10627427605796,81.4116921871942,random_forest,LOBO_B0005
B0005,72,80.56628301882924,81.20864063054107,random_forest,LOBO_B0005
B0005,73,80.32815698744193,80.90847379926983,random_forest,LOBO_B0005
B0005,74,80.07571116958798,80.83770670764206,random_forest,LOBO_B0005
B0005,75,79.5184615700164,80.23008510072091,random_forest,LOBO_B0005
B0005,76,79.28944984121105,79.93297691936795,random_forest,LOBO_B0005
B0005,77,79.24715353687058,79.90330859306897,random_forest,LOBO_B0005
B0005,78,79.77631946247968,80.24775658588389,random_forest,LOBO_B0005
B0005,79,78.73650873900519,79.29511729344425,random_forest,LOBO_B0005
B0005,80,78.24509975468973,78.50321099552414,random_forest,LOBO_B0005
B0005,81,77.98829736685181,78.28741460670273,random_forest,LOBO_B0005
B0005,82,77.97407834092117,78.34956345482905,random_forest,LOBO_B0005
B0005,83,77.7344676795305,78.242968551191,random_forest,LOBO_B0005
B0005,84,77.44370539945209,78.03950915435496,random_forest,LOBO_B0005
B0005,85,76.9118299471279,77.56256304379475,random_forest,LOBO_B0005
B0005,86,76.39571291255139,77.20617414062113,random_forest,LOBO_B0005
B0005,87,76.42626314878223,77.13118694598505,random_forest,LOBO_B0005
B0005,88,76.1323662642189,77.10901267680897,random_forest,LOBO_B0005
B0005,89,75.87429969244934,77.07662498494815,random_forest,LOBO_B0005
B0005,90,80.29094495653295,81.70857415790776,random_forest,LOBO_B0005
B0005,91,78.19245723372212,78.51235277847871,random_forest,LOBO_B0005
B0005,92,77.40457623883893,78.03528441577,random_forest,LOBO_B0005
B0005,93,76.61877815934297,77.2920685764428,random_forest,LOBO_B0005
B0005,94,76.34764134244853,77.25202730029174,random_forest,LOBO_B0005
B0005,95,75.84786508568163,77.01066153642581,random_forest,LOBO_B0005
B0005,96,75.59487980071347,77.06134561875636,random_forest,LOBO_B0005
B0005,97,75.32819480340552,76.30627222591473,random_forest,LOBO_B0005
B0005,98,75.07726763335681,75.96878818308336,random_forest,LOBO_B0005
B0005,99,74.54222025200119,75.76876306317284,random_forest,LOBO_B0005
B0005,100,74.29341922806006,75.78640907635221,random_forest,LOBO_B0005
B0005,101,74.02068389880529,75.25992992013565,random_forest,LOBO_B0005
B0005,102,73.76047934515816,75.07480024527489,random_forest,LOBO_B0005
B0005,103,74.29517994152012,76.10454162365627,random_forest,LOBO_B0005
B0005,104,74.80459149068348,75.32663380863436,random_forest,LOBO_B0005
B0005,105,74.04002973464492,75.28682949528523,random_forest,LOBO_B0005
B0005,106,73.48771634233412,75.09580172493847,random_forest,LOBO_B0005
B0005,107,72.69506137422964,75.03705330031745,random_forest,LOBO_B0005
B0005,108,72.70731033617847,74.16358419194025,random_forest,LOBO_B0005
B0005,109,72.75118759533416,74.13777939994382,random_forest,LOBO_B0005
B0005,110,72.4521081880618,74.03253109979585,random_forest,LOBO_B0005
B0005,111,71.93354685740283,73.88448924653737,random_forest,LOBO_B0005
B0005,112,71.67227160784894,73.85478279011889,random_forest,LOBO_B0005
B0005,113,71.66979450419048,73.3298288749234,random_forest,LOBO_B0005
B0005,114,71.403243672388,73.3470186065093,random_forest,LOBO_B0005
B0005,115,71.14601590870593,73.30422741450423,random_forest,LOBO_B0005
B0005,116,70.8714516365654,73.18749443832807,random_forest,LOBO_B0005
B0005,117,70.6204614397223,72.504391855902,random_forest,LOBO_B0005
B0005,118,70.62893964700964,72.51919988673261,random_forest,LOBO_B0005
B0005,119,70.37991865734948,72.49588216848511,random_forest,LOBO_B0005
B0005,120,71.66960242610739,74.14256036635842,random_forest,LOBO_B0005
B0005,121,71.91275088396453,73.28912683455104,random_forest,LOBO_B0005
B0005,122,70.86773587242763,73.19735067609402,random_forest,LOBO_B0005
B0005,123,70.34908318388216,72.48360841140993,random_forest,LOBO_B0005
B0005,124,70.06018891793812,72.44367321855586,random_forest,LOBO_B0005
B0005,125,69.83504116363164,72.07016817174252,random_forest,LOBO_B0005
B0005,126,69.5642394426363,72.02510209078318,random_forest,LOBO_B0005
B0005,127,69.31143838989175,71.79748320713661,random_forest,LOBO_B0005
B0005,128,69.02183380987069,71.68716862266857,random_forest,LOBO_B0005
B0005,129,68.76182075128112,71.56106732621522,random_forest,LOBO_B0005
B0005,130,68.52564012447505,71.56724885226241,random_forest,LOBO_B0005
B0005,131,68.52542783135199,71.51439120853294,random_forest,LOBO_B0005
B0005,132,68.23677554340759,71.23831234988056,random_forest,LOBO_B0005
B0005,133,68.7696008447881,72.0399123850213,random_forest,LOBO_B0005
B0005,134,69.30557575767696,71.62464423701134,random_forest,LOBO_B0005
B0005,135,68.49250017919469,71.2143009622951,random_forest,LOBO_B0005
B0005,136,68.23913974630379,70.64508418720516,random_forest,LOBO_B0005
B0005,137,67.71610233129982,70.48453088916379,random_forest,LOBO_B0005
B0005,138,67.73208509189482,70.23879740165756,random_forest,LOBO_B0005
B0005,139,67.73519606596203,70.1448351580568,random_forest,LOBO_B0005
B0005,140,67.4657498751729,69.83356529109646,random_forest,LOBO_B0005
B0005,141,67.20945968985276,69.13673459605741,random_forest,LOBO_B0005
B0005,142,66.94956895347877,68.64514337800198,random_forest,LOBO_B0005
B0005,143,66.94572615103486,68.01985710046881,random_forest,LOBO_B0005
B0005,144,66.70033379880827,67.95009968502929,random_forest,LOBO_B0005
B0005,145,66.43222154587457,67.87678648766777,random_forest,LOBO_B0005
B0005,146,66.1585449613811,67.70657395696549,random_forest,LOBO_B0005
B0005,147,65.90845794222598,67.68746395719448,random_forest,LOBO_B0005
B0005,148,65.92332218320168,67.69593421231242,random_forest,LOBO_B0005
B0005,149,65.9146520051351,67.64004867354664,random_forest,LOBO_B0005
B0005,150,66.19362111221339,70.28178145087585,random_forest,LOBO_B0005
B0005,151,68.00608383277392,69.11511136580293,random_forest,LOBO_B0005
B0005,152,66.97653433973677,67.88660854082887,random_forest,LOBO_B0005
B0005,153,66.45143282560349,67.69803785098127,random_forest,LOBO_B0005
B0005,154,66.18370637499478,67.67408910469605,random_forest,LOBO_B0005
B0005,155,65.93169483766465,67.56067777997863,random_forest,LOBO_B0005
B0005,156,65.67375660662135,67.51227053273007,random_forest,LOBO_B0005
B0005,157,65.66010317221101,67.42430034979509,random_forest,LOBO_B0005
B0005,158,65.38979973472176,67.39126901000645,random_forest,LOBO_B0005
B0005,159,65.1516459320296,67.35006158651362,random_forest,LOBO_B0005
B0005,160,65.16786779519103,67.36407463789247,random_forest,LOBO_B0005
B0005,161,65.17050219327821,67.36403168526027,random_forest,LOBO_B0005
B0005,162,64.89435403247853,67.35872076457802,random_forest,LOBO_B0005
B0005,163,64.90367528459451,67.36266245607328,random_forest,LOBO_B0005
B0005,164,64.67318069221216,67.35427394352442,random_forest,LOBO_B0005
B0005,165,64.4001696309559,67.35958486420667,random_forest,LOBO_B0005
B0005,166,64.37262610689703,67.34561476546001,random_forest,LOBO_B0005
B0005,167,65.45076821153677,67.49955534141476,random_forest,LOBO_B0005
B0005,168,66.25396643214678,67.4886044165279,random_forest,LOBO_B0005
B0005,1,92.82437104090788,90.97757720947266,xgboost,LOBO_B0005
B0005,2,92.31636248599636,90.78924560546875,xgboost,LOBO_B0005
B0005,3,91.7674597111704,90.89608001708984,xgboost,LOBO_B0005
B0005,4,91.76312637910564,92.17830657958984,xgboost,LOBO_B0005
B0005,5,91.7322754106021,92.90685272216797,xgboost,LOBO_B0005
B0005,6,91.78308300337748,94.0743408203125,xgboost,LOBO_B0005
B0005,7,91.75730714613302,93.56849670410156,xgboost,LOBO_B0005
B0005,8,91.28783952832768,93.43412780761719,xgboost,LOBO_B0005
B0005,9,91.23869264945668,93.28711700439453,xgboost,LOBO_B0005
B0005,10,91.2306634248468,93.29975128173828,xgboost,LOBO_B0005
B0005,11,91.23097763432251,93.32902526855469,xgboost,LOBO_B0005
B0005,12,90.71009678836958,93.57213592529297,xgboost,LOBO_B0005
B0005,13,90.68760788774529,93.58670043945312,xgboost,LOBO_B0005
B0005,14,90.67202457367912,93.44737243652344,xgboost,LOBO_B0005
B0005,15,90.12990018153252,93.44176483154297,xgboost,LOBO_B0005
B0005,16,90.10534501230752,93.44280242919922,xgboost,LOBO_B0005
B0005,17,90.12897504131044,93.45736694335938,xgboost,LOBO_B0005
B0005,18,90.15341571417048,93.44737243652344,xgboost,LOBO_B0005
B0005,19,90.1388812359802,93.44737243652344,xgboost,LOBO_B0005
B0005,20,92.35129974664596,93.47868347167969,xgboost,LOBO_B0005
B0005,21,92.3708655641822,93.82422637939453,xgboost,LOBO_B0005
B0005,22,91.80887106739472,94.0077133178711,xgboost,LOBO_B0005
B0005,23,91.2890373788812,93.62751770019531,xgboost,LOBO_B0005
B0005,24,91.25568217539184,93.32362365722656,xgboost,LOBO_B0005
B0005,25,91.2790752110188,93.24176025390625,xgboost,LOBO_B0005
B0005,26,90.70155637541951,93.0740737915039,xgboost,LOBO_B0005
B0005,27,90.7384597057947,92.97759246826172,xgboost,LOBO_B0005
B0005,28,90.6984694355176,92.81670379638672,xgboost,LOBO_B0005
B0005,29,90.13828325839116,92.81670379638672,xgboost,LOBO_B0005
B0005,30,90.2038520058676,92.81977081298828,xgboost,LOBO_B0005
B0005,31,92.59012758352245,94.0734634399414,xgboost,LOBO_B0005
B0005,32,91.53519228369714,93.36721801757812,xgboost,LOBO_B0005
B0005,33,90.99520544750634,93.0389404296875,xgboost,LOBO_B0005
B0005,34,90.4653981851426,92.61714935302734,xgboost,LOBO_B0005
B0005,35,90.230495229026,92.35224151611328,xgboost,LOBO_B0005
B0005,36,89.96885325986096,92.52535247802734,xgboost,LOBO_B0005
B0005,37,89.42216167685231,92.13319396972656,xgboost,LOBO_B0005
B0005,38,89.14615242126361,92.04232788085938,xgboost,LOBO_B0005
B0005,39,88.65168579009143,91.91122436523438,xgboost,LOBO_B0005
B0005,40,88.65188775394685,91.32960510253906,xgboost,LOBO_B0005
B0005,41,88.39360553331026,91.53706359863281,xgboost,LOBO_B0005
B0005,42,88.11575352046543,91.24626159667969,xgboost,LOBO_B0005
B0005,43,88.38086462469224,91.03250122070312,xgboost,LOBO_B0005
B0005,44,88.13341798715734,89.41416931152344,xgboost,LOBO_B0005
B0005,45,87.58652435332071,88.13789367675781,xgboost,LOBO_B0005
B0005,46,87.09248023980004,88.0887451171875,xgboost,LOBO_B0005
B0005,47,86.8045675592357,88.0710678100586,xgboost,LOBO_B0005
B0005,48,89.68120074286804,92.5084457397461,xgboost,LOBO_B0005
B0005,49,89.15945111636637,92.32488250732422,xgboost,LOBO_B0005
B0005,50,88.36821038139479,91.81770324707031,xgboost,LOBO_B0005
B0005,51,87.85088925176532,89.54761505126953,xgboost,LOBO_B0005
B0005,52,87.34353089918953,89.13170623779297,xgboost,LOBO_B0005
B0005,53,87.08586253728572,88.44511413574219,xgboost,LOBO_B0005
B0005,54,86.82112528239094,88.48302459716797,xgboost,LOBO_B0005
B0005,55,86.31608619617913,86.79222869873047,xgboost,LOBO_B0005
B0005,56,85.79032694665067,86.61388397216797,xgboost,LOBO_B0005
B0005,57,85.52666755675959,86.31217956542969,xgboost,LOBO_B0005
B0005,58,85.30072498242605,86.3514633178711,xgboost,LOBO_B0005
B0005,59,85.01555136321294,86.18880462646484,xgboost,LOBO_B0005
B0005,60,84.72899300898948,85.58978271484375,xgboost,LOBO_B0005
B0005,61,84.24514543304643,85.18939971923828,xgboost,LOBO_B0005
B0005,62,83.72370795579859,84.42034912109375,xgboost,LOBO_B0005
B0005,63,83.72846239939551,84.4264144897461,xgboost,LOBO_B0005
B0005,64,83.18581879907026,84.30052185058594,xgboost,LOBO_B0005
B0005,65,82.9506934374123,84.00574493408203,xgboost,LOBO_B0005
B0005,66,82.69270286667508,83.30931854248047,xgboost,LOBO_B0005
B0005,67,82.13268910650655,83.04457092285156,xgboost,LOBO_B0005
B0005,68,81.89289215111849,82.83182525634766,xgboost,LOBO_B0005
B0005,69,81.63675203549555,82.83698272705078,xgboost,LOBO_B0005
B0005,70,81.38764457766808,82.74065399169922,xgboost,LOBO_B0005
B0005,71,81.10627427605796,82.45709991455078,xgboost,LOBO_B0005
B0005,72,80.56628301882924,82.1729736328125,xgboost,LOBO_B0005
B0005,73,80.32815698744193,81.9635238647461,xgboost,LOBO_B0005
B0005,74,80.07571116958798,81.78170776367188,xgboost,LOBO_B0005
B0005,75,79.5184615700164,81.25514221191406,xgboost,LOBO_B0005
B0005,76,79.28944984121105,80.91727447509766,xgboost,LOBO_B0005
B0005,77,79.24715353687058,80.72775268554688,xgboost,LOBO_B0005
B0005,78,79.77631946247968,81.3114242553711,xgboost,LOBO_B0005
B0005,79,78.73650873900519,79.73301696777344,xgboost,LOBO_B0005
B0005,80,78.24509975468973,79.43643951416016,xgboost,LOBO_B0005
B0005,81,77.98829736685181,78.93162536621094,xgboost,LOBO_B0005
B0005,82,77.97407834092117,79.00164794921875,xgboost,LOBO_B0005
B0005,83,77.7344676795305,78.98665618896484,xgboost,LOBO_B0005
B0005,84,77.44370539945209,78.49249267578125,xgboost,LOBO_B0005
B0005,85,76.9118299471279,78.0986099243164,xgboost,LOBO_B0005
B0005,86,76.39571291255139,77.92060089111328,xgboost,LOBO_B0005
B0005,87,76.42626314878223,77.98844146728516,xgboost,LOBO_B0005
B0005,88,76.1323662642189,78.02592468261719,xgboost,LOBO_B0005
B0005,89,75.87429969244934,78.02592468261719,xgboost,LOBO_B0005
B0005,90,80.29094495653295,82.55437469482422,xgboost,LOBO_B0005
B0005,91,78.19245723372212,79.26976013183594,xgboost,LOBO_B0005
B0005,92,77.40457623883893,78.59371185302734,xgboost,LOBO_B0005
B0005,93,76.61877815934297,78.11770629882812,xgboost,LOBO_B0005
B0005,94,76.34764134244853,78.06915283203125,xgboost,LOBO_B0005
B0005,95,75.84786508568163,78.02200317382812,xgboost,LOBO_B0005
B0005,96,75.59487980071347,77.94388580322266,xgboost,LOBO_B0005
B0005,97,75.32819480340552,77.27252960205078,xgboost,LOBO_B0005
B0005,98,75.07726763335681,76.60895538330078,xgboost,LOBO_B0005
B0005,99,74.54222025200119,76.33964538574219,xgboost,LOBO_B0005
B0005,100,74.29341922806006,76.30718994140625,xgboost,LOBO_B0005
B0005,101,74.02068389880529,75.787353515625,xgboost,LOBO_B0005
B0005,102,73.76047934515816,75.76020050048828,xgboost,LOBO_B0005
B0005,103,74.29517994152012,76.33964538574219,xgboost,LOBO_B0005
B0005,104,74.80459149068348,76.19113159179688,xgboost,LOBO_B0005
B0005,105,74.04002973464492,75.7677230834961,xgboost,LOBO_B0005
B0005,106,73.48771634233412,75.67699432373047,xgboost,LOBO_B0005
B0005,107,72.69506137422964,75.44648742675781,xgboost,LOBO_B0005
B0005,108,72.70731033617847,74.76576232910156,xgboost,LOBO_B0005
B0005,109,72.75118759533416,74.77118682861328,xgboost,LOBO_B0005
B0005,110,72.4521081880618,74.57176971435547,xgboost,LOBO_B0005
B0005,111,71.93354685740283,74.31307220458984,xgboost,LOBO_B0005
B0005,112,71.67227160784894,74.25093078613281,xgboost,LOBO_B0005
B0005,113,71.66979450419048,73.78033447265625,xgboost,LOBO_B0005
B0005,114,71.403243672388,73.79792022705078,xgboost,LOBO_B0005
B0005,115,71.14601590870593,73.72956848144531,xgboost,LOBO_B0005
B0005,116,70.8714516365654,73.66041564941406,xgboost,LOBO_B0005
B0005,117,70.6204614397223,72.93094635009766,xgboost,LOBO_B0005
B0005,118,70.62893964700964,72.90629577636719,xgboost,LOBO_B0005
B0005,119,70.37991865734948,72.91576385498047,xgboost,LOBO_B0005
B0005,120,71.66960242610739,74.40747833251953,xgboost,LOBO_B0005
B0005,121,71.91275088396453,73.79859924316406,xgboost,LOBO_B0005
B0005,122,70.86773587242763,73.70325469970703,xgboost,LOBO_B0005
B0005,123,70.34908318388216,72.86852264404297,xgboost,LOBO_B0005
B0005,124,70.06018891793812,72.81436157226562,xgboost,LOBO_B0005
B0005,125,69.83504116363164,72.26638793945312,xgboost,LOBO_B0005
B0005,126,69.5642394426363,72.16984558105469,xgboost,LOBO_B0005
B0005,127,69.31143838989175,71.95620727539062,xgboost,LOBO_B0005
B0005,128,69.02183380987069,71.86609649658203,xgboost,LOBO_B0005
B0005,129,68.76182075128112,71.54066467285156,xgboost,LOBO_B0005
B0005,130,68.52564012447505,71.53008270263672,xgboost,LOBO_B0005
B0005,131,68.52542783135199,71.53008270263672,xgboost,LOBO_B0005
B0005,132,68.23677554340759,71.1126937866211,xgboost,LOBO_B0005
B0005,133,68.7696008447881,72.00200653076172,xgboost,LOBO_B0005
B0005,134,69.30557575767696,71.6905288696289,xgboost,LOBO_B0005
B0005,135,68.49250017919469,71.1227035522461,xgboost,LOBO_B0005
B0005,136,68.23913974630379,71.01195526123047,xgboost,LOBO_B0005
B0005,137,67.71610233129982,70.22967529296875,xgboost,LOBO_B0005
B0005,138,67.73208509189482,70.21244812011719,xgboost,LOBO_B0005
B0005,139,67.73519606596203,70.22908782958984,xgboost,LOBO_B0005
B0005,140,67.4657498751729,69.99117279052734,xgboost,LOBO_B0005
B0005,141,67.20945968985276,69.55760955810547,xgboost,LOBO_B0005
B0005,142,66.94956895347877,68.87589263916016,xgboost,LOBO_B0005
B0005,143,66.94572615103486,68.89092254638672,xgboost,LOBO_B0005
B0005,144,66.70033379880827,68.9092025756836,xgboost,LOBO_B0005
B0005,145,66.43222154587457,68.56926727294922,xgboost,LOBO_B0005
B0005,146,66.1585449613811,68.13323211669922,xgboost,LOBO_B0005
B0005,147,65.90845794222598,68.13323211669922,xgboost,LOBO_B0005
B0005,148,65.92332218320168,68.5450210571289,xgboost,LOBO_B0005
B0005,149,65.9146520051351,68.53767395019531,xgboost,LOBO_B0005
B0005,150,66.19362111221339,69.5677261352539,xgboost,LOBO_B0005
B0005,151,68.00608383277392,69.56503295898438,xgboost,LOBO_B0005
B0005,152,66.97653433973677,68.89092254638672,xgboost,LOBO_B0005
B0005,153,66.45143282560349,68.39324951171875,xgboost,LOBO_B0005
B0005,154,66.18370637499478,67.88683319091797,xgboost,LOBO_B0005
B0005,155,65.93169483766465,67.65550994873047,xgboost,LOBO_B0005
B0005,156,65.67375660662135,67.55599975585938,xgboost,LOBO_B0005
B0005,157,65.66010317221101,67.50076293945312,xgboost,LOBO_B0005
B0005,158,65.38979973472176,67.42310333251953,xgboost,LOBO_B0005
B0005,159,65.1516459320296,67.36927795410156,xgboost,LOBO_B0005
B0005,160,65.16786779519103,67.229248046875,xgboost,LOBO_B0005
B0005,161,65.17050219327821,67.2162094116211,xgboost,LOBO_B0005
B0005,162,64.89435403247853,67.12293243408203,xgboost,LOBO_B0005
B0005,163,64.90367528459451,66.86214447021484,xgboost,LOBO_B0005
B0005,164,64.67318069221216,66.81241607666016,xgboost,LOBO_B0005
B0005,165,64.4001696309559,66.8690185546875,xgboost,LOBO_B0005
B0005,166,64.37262610689703,67.0022964477539,xgboost,LOBO_B0005
B0005,167,65.45076821153677,67.17454528808594,xgboost,LOBO_B0005
B0005,168,66.25396643214678,67.17344665527344,xgboost,LOBO_B0005
B0006,1,101.7668795502799,79.70722672941012,train_mean,LOBO_B0006
B0006,2,101.25701230157058,79.70722672941012,train_mean,LOBO_B0006
B0006,3,100.6663185672732,79.70722672941012,train_mean,LOBO_B0006
B0006,4,100.66423327703706,79.70722672941012,train_mean,LOBO_B0006
B0006,5,100.02641688123856,79.70722672941012,train_mean,LOBO_B0006
B0006,6,100.69495379965822,79.70722672941012,train_mean,LOBO_B0006
B0006,7,100.65505528134835,79.70722672941012,train_mean,LOBO_B0006
B0006,8,98.439491313642,79.70722672941012,train_mean,LOBO_B0006
B0006,9,98.40830882167124,79.70722672941012,train_mean,LOBO_B0006
B0006,10,97.86153958780268,79.70722672941012,train_mean,LOBO_B0006
B0006,11,97.27995757064676,79.70722672941012,train_mean,LOBO_B0006
B0006,12,96.73752522420564,79.70722672941012,train_mean,LOBO_B0006
B0006,13,96.16399769684014,79.70722672941012,train_mean,LOBO_B0006
B0006,14,95.59449654742434,79.70722672941012,train_mean,LOBO_B0006
B0006,15,95.05333570989652,79.70722672941012,train_mean,LOBO_B0006
B0006,16,94.4599497403073,79.70722672941012,train_mean,LOBO_B0006
B0006,17,93.91391861244244,79.70722672941012,train_mean,LOBO_B0006
B0006,18,93.37848580760102,79.70722672941012,train_mean,LOBO_B0006
B0006,19,93.37946287226885,79.70722672941012,train_mean,LOBO_B0006
B0006,20,98.98132741254088,79.70722672941012,train_mean,LOBO_B0006
B0006,21,97.87749540442012,79.70722672941012,train_mean,LOBO_B0006
B0006,22,97.29075085393777,79.70722672941012,train_mean,LOBO_B0006
B0006,23,96.21230560840048,79.70722672941012,train_mean,LOBO_B0006
B0006,24,97.2990566571082,79.70722672941012,train_mean,LOBO_B0006
B0006,25,95.07039652765395,79.70722672941012,train_mean,LOBO_B0006
B0006,26,93.93371068400424,79.70722672941012,train_mean,LOBO_B0006
B0006,27,93.4153066413211,79.70722672941012,train_mean,LOBO_B0006
B0006,28,92.801220350415,79.70722672941012,train_mean,LOBO_B0006
B0006,29,92.25998980927888,79.70722672941012,train_mean,LOBO_B0006
B0006,30,92.86144454426584,79.70722672941012,train_mean,LOBO_B0006
B0006,31,96.23880444545316,79.70722672941012,train_mean,LOBO_B0006
B0006,32,94.11158763046276,79.70722672941012,train_mean,LOBO_B0006
B0006,33,92.76383439427936,79.70722672941012,train_mean,LOBO_B0006
B0006,34,91.96254458590938,79.70722672941012,train_mean,LOBO_B0006
B0006,35,90.92698036997214,79.70722672941012,train_mean,LOBO_B0006
B0006,36,90.67385029783529,79.70722672941012,train_mean,LOBO_B0006
B0006,37,89.85509225152718,79.70722672941012,train_mean,LOBO_B0006
B0006,38,89.05023147060238,79.70722672941012,train_mean,LOBO_B0006
B0006,39,88.55065211341164,79.70722672941012,train_mean,LOBO_B0006
B0006,40,88.02356224085472,79.70722672941012,train_mean,LOBO_B0006
B0006,41,87.51456894003293,79.70722672941012,train_mean,LOBO_B0006
B0006,42,86.97462518866288,79.70722672941012,train_mean,LOBO_B0006
B0006,43,87.73383276818602,79.70722672941012,train_mean,LOBO_B0006
B0006,44,88.29695470921088,79.70722672941012,train_mean,LOBO_B0006
B0006,45,86.68943709812419,79.70722672941012,train_mean,LOBO_B0006
B0006,46,85.6662956020367,79.70722672941012,train_mean,LOBO_B0006
B0006,47,85.12038906836733,79.70722672941012,train_mean,LOBO_B0006
B0006,48,91.1859730890915,79.70722672941012,train_mean,LOBO_B0006
B0006,49,90.40642025157354,79.70722672941012,train_mean,LOBO_B0006
B0006,50,88.78805472517142,79.70722672941012,train_mean,LOBO_B0006
B0006,51,87.237049209184,79.70722672941012,train_mean,LOBO_B0006
B0006,52,86.46035170661865,79.70722672941012,train_mean,LOBO_B0006
B0006,53,85.40543276276622,79.70722672941012,train_mean,LOBO_B0006
B0006,54,84.87977118730883,79.70722672941012,train_mean,LOBO_B0006
B0006,55,84.10317262014732,79.70722672941012,train_mean,LOBO_B0006
B0006,56,83.57384161147543,79.70722672941012,train_mean,LOBO_B0006
B0006,57,83.03795693523827,79.70722672941012,train_mean,LOBO_B0006
B0006,58,82.55605075190346,79.70722672941012,train_mean,LOBO_B0006
B0006,59,82.00674628095463,79.70722672941012,train_mean,LOBO_B0006
B0006,60,81.45999708082721,79.70722672941012,train_mean,LOBO_B0006
B0006,61,80.44248151480832,79.70722672941012,train_mean,LOBO_B0006
B0006,62,80.17622449484624,79.70722672941012,train_mean,LOBO_B0006
B0006,63,79.94856072013991,79.70722672941012,train_mean,LOBO_B0006
B0006,64,79.38136561787802,79.70722672941012,train_mean,LOBO_B0006
B0006,65,79.14859872343084,79.70722672941012,train_mean,LOBO_B0006
B0006,66,78.35688183567815,79.70722672941012,train_mean,LOBO_B0006
B0006,67,78.06723069856942,79.70722672941012,train_mean,LOBO_B0006
B0006,68,77.5585594639521,79.70722672941012,train_mean,LOBO_B0006
B0006,69,77.03370803147585,79.70722672941012,train_mean,LOBO_B0006
B0006,70,76.26569372312217,79.70722672941012,train_mean,LOBO_B0006
B0006,71,76.50785159033714,79.70722672941012,train_mean,LOBO_B0006
B0006,72,76.23283417237043,79.70722672941012,train_mean,LOBO_B0006
B0006,73,75.72746493327713,79.70722672941012,train_mean,LOBO_B0006
B0006,74,75.4695752301041,79.70722672941012,train_mean,LOBO_B0006
B0006,75,75.19987166525353,79.70722672941012,train_mean,LOBO_B0006
B0006,76,74.67600959020095,79.70722672941012,train_mean,LOBO_B0006
B0006,77,74.3816151224871,79.70722672941012,train_mean,LOBO_B0006
B0006,78,76.51438107200852,79.70722672941012,train_mean,LOBO_B0006
B0006,79,75.20380044180057,79.70722672941012,train_mean,LOBO_B0006
B0006,80,74.43796804365446,79.70722672941012,train_mean,LOBO_B0006
B0006,81,73.91389642773318,79.70722672941012,train_mean,LOBO_B0006
B0006,82,73.9229991107842,79.70722672941012,train_mean,LOBO_B0006
B0006,83,73.66074224499864,79.70722672941012,train_mean,LOBO_B0006
B0006,84,73.37582467533949,79.70722672941012,train_mean,LOBO_B0006
B0006,85,72.58146328760667,79.70722672941012,train_mean,LOBO_B0006
B0006,86,72.59618860483589,79.70722672941012,train_mean,LOBO_B0006
B0006,87,72.35742347388873,79.70722672941012,train_mean,LOBO_B0006
B0006,88,72.34269052829943,79.70722672941012,train_mean,LOBO_B0006
B0006,89,72.08370965142339,79.70722672941012,train_mean,LOBO_B0006
B0006,90,79.67933296550063,79.70722672941012,train_mean,LOBO_B0006
B0006,91,77.31951188457819,79.70722672941012,train_mean,LOBO_B0006
B0006,92,75.73527958783049,79.70722672941012,train_mean,LOBO_B0006
B0006,93,74.94893041667702,79.70722672941012,train_mean,LOBO_B0006
B0006,94,74.15555372705246,79.70722672941012,train_mean,LOBO_B0006
B0006,95,73.6483241273414,79.70722672941012,train_mean,LOBO_B0006
B0006,96,73.13802198049653,79.70722672941012,train_mean,LOBO_B0006
B0006,97,72.59182340531257,79.70722672941012,train_mean,LOBO_B0006
B0006,98,72.34335322015197,79.70722672941012,train_mean,LOBO_B0006
B0006,99,72.06901997138895,79.70722672941012,train_mean,LOBO_B0006
B0006,100,71.5605372480387,79.70722672941012,train_mean,LOBO_B0006
B0006,101,71.30123589762857,79.70722672941012,train_mean,LOBO_B0006
B0006,102,71.02438249830975,79.70722672941012,train_mean,LOBO_B0006
B0006,103,71.03503115177503,79.70722672941012,train_mean,LOBO_B0006
B0006,104,72.61279021654194,79.70722672941012,train_mean,LOBO_B0006
B0006,105,71.57788163862855,79.70722672941012,train_mean,LOBO_B0006
B0006,106,70.75078755794715,79.70722672941012,train_mean,LOBO_B0006
B0006,107,70.48655753258726,79.70722672941012,train_mean,LOBO_B0006
B0006,108,70.24586590646545,79.70722672941012,train_mean,LOBO_B0006
B0006,109,69.75821482857815,79.70722672941012,train_mean,LOBO_B0006
B0006,110,69.72671916307038,79.70722672941012,train_mean,LOBO_B0006
B0006,111,69.46585589656323,79.70722672941012,train_mean,LOBO_B0006
B0006,112,69.19189736163904,79.70722672941012,train_mean,LOBO_B0006
B0006,113,68.68407119097562,79.70722672941012,train_mean,LOBO_B0006
B0006,114,68.93029945931838,79.70722672941012,train_mean,LOBO_B0006
B0006,115,68.68800149554288,79.70722672941012,train_mean,LOBO_B0006
B0006,116,68.41290291971356,79.70722672941012,train_mean,LOBO_B0006
B0006,117,68.16512018658753,79.70722672941012,train_mean,LOBO_B0006
B0006,118,67.904830700863,79.70722672941012,train_mean,LOBO_B0006
B0006,119,67.66345454997655,79.70722672941012,train_mean,LOBO_B0006
B0006,120,69.20802869118744,79.70722672941012,train_mean,LOBO_B0006
B0006,121,70.25733895325736,79.70722672941012,train_mean,LOBO_B0006
B0006,122,68.93595113136764,79.70722672941012,train_mean,LOBO_B0006
B0006,123,68.41328891599532,79.70722672941012,train_mean,LOBO_B0006
B0006,124,67.86575648309008,79.70722672941012,train_mean,LOBO_B0006
B0006,125,67.62467319400798,79.70722672941012,train_mean,LOBO_B0006
B0006,126,67.37049575830618,79.70722672941012,train_mean,LOBO_B0006
B0006,127,66.85037565421159,79.70722672941012,train_mean,LOBO_B0006
B0006,128,66.56176483359263,79.70722672941012,train_mean,LOBO_B0006
B0006,129,66.29651890863822,79.70722672941012,train_mean,LOBO_B0006
B0006,130,66.07893719337645,79.70722672941012,train_mean,LOBO_B0006
B0006,131,66.06125370330544,79.70722672941012,train_mean,LOBO_B0006
B0006,132,65.78242650931341,79.70722672941012,train_mean,LOBO_B0006
B0006,133,66.04512848751195,79.70722672941012,train_mean,LOBO_B0006
B0006,134,67.37164383636953,79.70722672941012,train_mean,LOBO_B0006
B0006,135,66.30064036176807,79.70722672941012,train_mean,LOBO_B0006
B0006,136,65.50593392415531,79.70722672941012,train_mean,LOBO_B0006
B0006,137,65.2608101146965,79.70722672941012,train_mean,LOBO_B0006
B0006,138,65.02030975677887,79.70722672941012,train_mean,LOBO_B0006
B0006,139,65.0117867920558,79.70722672941012,train_mean,LOBO_B0006
B0006,140,64.47533361240377,79.70722672941012,train_mean,LOBO_B0006
B0006,141,63.96265286923975,79.70722672941012,train_mean,LOBO_B0006
B0006,142,63.96039085857309,79.70722672941012,train_mean,LOBO_B0006
B0006,143,63.70183804514616,79.70722672941012,train_mean,LOBO_B0006
B0006,144,63.70636961500734,79.70722672941012,train_mean,LOBO_B0006
B0006,145,63.188197132203896,79.70722672941012,train_mean,LOBO_B0006
B0006,146,62.906868444776165,79.70722672941012,train_mean,LOBO_B0006
B0006,147,62.66299320276505,79.70722672941012,train_mean,LOBO_B0006
B0006,148,62.661566577467134,79.70722672941012,train_mean,LOBO_B0006
B0006,149,62.40437480156788,79.70722672941012,train_mean,LOBO_B0006
B0006,150,62.67177142472422,79.70722672941012,train_mean,LOBO_B0006
B0006,151,64.49024386633451,79.70722672941012,train_mean,LOBO_B0006
B0006,152,63.17701010879417,79.70722672941012,train_mean,LOBO_B0006
B0006,153,62.39880853421427,79.70722672941012,train_mean,LOBO_B0006
B0006,154,61.60601438971667,79.70722672941012,train_mean,LOBO_B0006
B0006,155,61.35568833106767,79.70722672941012,train_mean,LOBO_B0006
B0006,156,61.08698790688678,79.70722672941012,train_mean,LOBO_B0006
B0006,157,60.5551339457587,79.70722672941012,train_mean,LOBO_B0006
B0006,158,60.28079882565868,79.70722672941012,train_mean,LOBO_B0006
B0006,159,60.044681313586366,79.70722672941012,train_mean,LOBO_B0006
B0006,160,59.52951992779168,79.70722672941012,train_mean,LOBO_B0006
B0006,161,59.25896255209705,79.70722672941012,train_mean,LOBO_B0006
B0006,162,58.983534090723126,79.70722672941012,train_mean,LOBO_B0006
B0006,163,58.729764183769575,79.70722672941012,train_mean,LOBO_B0006
B0006,164,57.6909165798125,79.70722672941012,train_mean,LOBO_B0006
B0006,165,58.22004778686132,79.70722672941012,train_mean,LOBO_B0006
B0006,166,57.93987473958035,79.70722672941012,train_mean,LOBO_B0006
B0006,167,58.74874417384586,79.70722672941012,train_mean,LOBO_B0006
B0006,168,59.283761639646784,79.70722672941012,train_mean,LOBO_B0006
B0006,1,101.7668795502799,93.20429633462125,cycle_only_linear,LOBO_B0006
B0006,2,101.25701230157058,93.0321904936524,cycle_only_linear,LOBO_B0006
B0006,3,100.6663185672732,92.86008465268354,cycle_only_linear,LOBO_B0006
B0006,4,100.66423327703706,92.68797881171469,cycle_only_linear,LOBO_B0006
B0006,5,100.02641688123856,92.51587297074585,cycle_only_linear,LOBO_B0006
B0006,6,100.69495379965822,92.34376712977699,cycle_only_linear,LOBO_B0006
B0006,7,100.65505528134835,92.17166128880814,cycle_only_linear,LOBO_B0006
B0006,8,98.439491313642,91.99955544783928,cycle_only_linear,LOBO_B0006
B0006,9,98.40830882167124,91.82744960687043,cycle_only_linear,LOBO_B0006
B0006,10,97.86153958780268,91.65534376590158,cycle_only_linear,LOBO_B0006
B0006,11,97.27995757064676,91.48323792493272,cycle_only_linear,LOBO_B0006
B0006,12,96.73752522420564,91.31113208396388,cycle_only_linear,LOBO_B0006
B0006,13,96.16399769684014,91.13902624299503,cycle_only_linear,LOBO_B0006
B0006,14,95.59449654742434,90.96692040202618,cycle_only_linear,LOBO_B0006
B0006,15,95.05333570989652,90.79481456105732,cycle_only_linear,LOBO_B0006
B0006,16,94.4599497403073,90.62270872008847,cycle_only_linear,LOBO_B0006
B0006,17,93.91391861244244,90.45060287911961,cycle_only_linear,LOBO_B0006
B0006,18,93.37848580760102,90.27849703815076,cycle_only_linear,LOBO_B0006
B0006,19,93.37946287226885,90.1063911971819,cycle_only_linear,LOBO_B0006
B0006,20,98.98132741254088,89.93428535621305,cycle_only_linear,LOBO_B0006
B0006,21,97.87749540442012,89.76217951524421,cycle_only_linear,LOBO_B0006
B0006,22,97.29075085393777,89.59007367427536,cycle_only_linear,LOBO_B0006
B0006,23,96.21230560840048,89.4179678333065,cycle_only_linear,LOBO_B0006
B0006,24,97.2990566571082,89.24586199233765,cycle_only_linear,LOBO_B0006
B0006,25,95.07039652765395,89.0737561513688,cycle_only_linear,LOBO_B0006
B0006,26,93.93371068400424,88.90165031039994,cycle_only_linear,LOBO_B0006
B0006,27,93.4153066413211,88.72954446943109,cycle_only_linear,LOBO_B0006
B0006,28,92.801220350415,88.55743862846225,cycle_only_linear,LOBO_B0006
B0006,29,92.25998980927888,88.3853327874934,cycle_only_linear,LOBO_B0006
B0006,30,92.86144454426584,88.21322694652454,cycle_only_linear,LOBO_B0006
B0006,31,96.23880444545316,88.04112110555569,cycle_only_linear,LOBO_B0006
B0006,32,94.11158763046276,87.86901526458684,cycle_only_linear,LOBO_B0006
B0006,33,92.76383439427936,87.69690942361798,cycle_only_linear,LOBO_B0006
B0006,34,91.96254458590938,87.52480358264913,cycle_only_linear,LOBO_B0006
B0006,35,90.92698036997214,87.35269774168027,cycle_only_linear,LOBO_B0006
B0006,36,90.67385029783529,87.18059190071142,cycle_only_linear,LOBO_B0006
B0006,37,89.85509225152718,87.00848605974258,cycle_only_linear,LOBO_B0006
B0006,38,89.05023147060238,86.83638021877373,cycle_only_linear,LOBO_B0006
B0006,39,88.55065211341164,86.66427437780487,cycle_only_linear,LOBO_B0006
B0006,40,88.02356224085472,86.49216853683602,cycle_only_linear,LOBO_B0006
B0006,41,87.51456894003293,86.32006269586716,cycle_only_linear,LOBO_B0006
B0006,42,86.97462518866288,86.14795685489831,cycle_only_linear,LOBO_B0006
B0006,43,87.73383276818602,85.97585101392946,cycle_only_linear,LOBO_B0006
B0006,44,88.29695470921088,85.80374517296062,cycle_only_linear,LOBO_B0006
B0006,45,86.68943709812419,85.63163933199176,cycle_only_linear,LOBO_B0006
B0006,46,85.6662956020367,85.45953349102291,cycle_only_linear,LOBO_B0006
B0006,47,85.12038906836733,85.28742765005406,cycle_only_linear,LOBO_B0006
B0006,48,91.1859730890915,85.1153218090852,cycle_only_linear,LOBO_B0006
B0006,49,90.40642025157354,84.94321596811635,cycle_only_linear,LOBO_B0006
B0006,50,88.78805472517142,84.7711101271475,cycle_only_linear,LOBO_B0006
B0006,51,87.237049209184,84.59900428617864,cycle_only_linear,LOBO_B0006
B0006,52,86.46035170661865,84.42689844520979,cycle_only_linear,LOBO_B0006
B0006,53,85.40543276276622,84.25479260424095,cycle_only_linear,LOBO_B0006
B0006,54,84.87977118730883,84.0826867632721,cycle_only_linear,LOBO_B0006
B0006,55,84.10317262014732,83.91058092230324,cycle_only_linear,LOBO_B0006
B0006,56,83.57384161147543,83.73847508133439,cycle_only_linear,LOBO_B0006
B0006,57,83.03795693523827,83.56636924036553,cycle_only_linear,LOBO_B0006
B0006,58,82.55605075190346,83.39426339939668,cycle_only_linear,LOBO_B0006
B0006,59,82.00674628095463,83.22215755842782,cycle_only_linear,LOBO_B0006
B0006,60,81.45999708082721,83.05005171745898,cycle_only_linear,LOBO_B0006
B0006,61,80.44248151480832,82.87794587649013,cycle_only_linear,LOBO_B0006
B0006,62,80.17622449484624,82.70584003552128,cycle_only_linear,LOBO_B0006
B0006,63,79.94856072013991,82.53373419455242,cycle_only_linear,LOBO_B0006
B0006,64,79.38136561787802,82.36162835358357,cycle_only_linear,LOBO_B0006
B0006,65,79.14859872343084,82.18952251261472,cycle_only_linear,LOBO_B0006
B0006,66,78.35688183567815,82.01741667164586,cycle_only_linear,LOBO_B0006
B0006,67,78.06723069856942,81.84531083067701,cycle_only_linear,LOBO_B0006
B0006,68,77.5585594639521,81.67320498970815,cycle_only_linear,LOBO_B0006
B0006,69,77.03370803147585,81.50109914873931,cycle_only_linear,LOBO_B0006
B0006,70,76.26569372312217,81.32899330777046,cycle_only_linear,LOBO_B0006
B0006,71,76.50785159033714,81.1568874668016,cycle_only_linear,LOBO_B0006
B0006,72,76.23283417237043,80.98478162583275,cycle_only_linear,LOBO_B0006
B0006,73,75.72746493327713,80.8126757848639,cycle_only_linear,LOBO_B0006
B0006,74,75.4695752301041,80.64056994389504,cycle_only_linear,LOBO_B0006
B0006,75,75.19987166525353,80.46846410292619,cycle_only_linear,LOBO_B0006
B0006,76,74.67600959020095,80.29635826195735,cycle_only_linear,LOBO_B0006
B0006,77,74.3816151224871,80.1242524209885,cycle_only_linear,LOBO_B0006
B0006,78,76.51438107200852,79.95214658001964,cycle_only_linear,LOBO_B0006
B0006,79,75.20380044180057,79.78004073905079,cycle_only_linear,LOBO_B0006
B0006,80,74.43796804365446,79.60793489808194,cycle_only_linear,LOBO_B0006
B0006,81,73.91389642773318,79.43582905711308,cycle_only_linear,LOBO_B0006
B0006,82,73.9229991107842,79.26372321614423,cycle_only_linear,LOBO_B0006
B0006,83,73.66074224499864,79.09161737517537,cycle_only_linear,LOBO_B0006
B0006,84,73.37582467533949,78.91951153420652,cycle_only_linear,LOBO_B0006
B0006,85,72.58146328760667,78.74740569323768,cycle_only_linear,LOBO_B0006
B0006,86,72.59618860483589,78.57529985226883,cycle_only_linear,LOBO_B0006
B0006,87,72.35742347388873,78.40319401129997,cycle_only_linear,LOBO_B0006
B0006,88,72.34269052829943,78.23108817033112,cycle_only_linear,LOBO_B0006
B0006,89,72.08370965142339,78.05898232936227,cycle_only_linear,LOBO_B0006
B0006,90,79.67933296550063,77.88687648839341,cycle_only_linear,LOBO_B0006
B0006,91,77.31951188457819,77.71477064742456,cycle_only_linear,LOBO_B0006
B0006,92,75.73527958783049,77.54266480645572,cycle_only_linear,LOBO_B0006
B0006,93,74.94893041667702,77.37055896548685,cycle_only_linear,LOBO_B0006
B0006,94,74.15555372705246,77.19845312451801,cycle_only_linear,LOBO_B0006
B0006,95,73.6483241273414,77.02634728354916,cycle_only_linear,LOBO_B0006
B0006,96,73.13802198049653,76.8542414425803,cycle_only_linear,LOBO_B0006
B0006,97,72.59182340531257,76.68213560161145,cycle_only_linear,LOBO_B0006
B0006,98,72.34335322015197,76.5100297606426,cycle_only_linear,LOBO_B0006
B0006,99,72.06901997138895,76.33792391967376,cycle_only_linear,LOBO_B0006
B0006,100,71.5605372480387,76.16581807870489,cycle_only_linear,LOBO_B0006
B0006,101,71.30123589762857,75.99371223773605,cycle_only_linear,LOBO_B0006
B0006,102,71.02438249830975,75.8216063967672,cycle_only_linear,LOBO_B0006
B0006,103,71.03503115177503,75.64950055579834,cycle_only_linear,LOBO_B0006
B0006,104,72.61279021654194,75.47739471482949,cycle_only_linear,LOBO_B0006
B0006,105,71.57788163862855,75.30528887386063,cycle_only_linear,LOBO_B0006
B0006,106,70.75078755794715,75.13318303289178,cycle_only_linear,LOBO_B0006
B0006,107,70.48655753258726,74.96107719192293,cycle_only_linear,LOBO_B0006
B0006,108,70.24586590646545,74.78897135095409,cycle_only_linear,LOBO_B0006
B0006,109,69.75821482857815,74.61686550998522,cycle_only_linear,LOBO_B0006
B0006,110,69.72671916307038,74.44475966901638,cycle_only_linear,LOBO_B0006
B0006,111,69.46585589656323,74.27265382804752,cycle_only_linear,LOBO_B0006
B0006,112,69.19189736163904,74.10054798707867,cycle_only_linear,LOBO_B0006
B0006,113,68.68407119097562,73.92844214610982,cycle_only_linear,LOBO_B0006
B0006,114,68.93029945931838,73.75633630514096,cycle_only_linear,LOBO_B0006
B0006,115,68.68800149554288,73.58423046417212,cycle_only_linear,LOBO_B0006
B0006,116,68.41290291971356,73.41212462320325,cycle_only_linear,LOBO_B0006
B0006,117,68.16512018658753,73.24001878223442,cycle_only_linear,LOBO_B0006
B0006,118,67.904830700863,73.06791294126556,cycle_only_linear,LOBO_B0006
B0006,119,67.66345454997655,72.89580710029671,cycle_only_linear,LOBO_B0006
B0006,120,69.20802869118744,72.72370125932785,cycle_only_linear,LOBO_B0006
B0006,121,70.25733895325736,72.551595418359,cycle_only_linear,LOBO_B0006
B0006,122,68.93595113136764,72.37948957739015,cycle_only_linear,LOBO_B0006
B0006,123,68.41328891599532,72.20738373642129,cycle_only_linear,LOBO_B0006
B0006,124,67.86575648309008,72.03527789545245,cycle_only_linear,LOBO_B0006
B0006,125,67.62467319400798,71.86317205448358,cycle_only_linear,LOBO_B0006
B0006,126,67.37049575830618,71.69106621351474,cycle_only_linear,LOBO_B0006
B0006,127,66.85037565421159,71.51896037254589,cycle_only_linear,LOBO_B0006
B0006,128,66.56176483359263,71.34685453157704,cycle_only_linear,LOBO_B0006
B0006,129,66.29651890863822,71.17474869060818,cycle_only_linear,LOBO_B0006
B0006,130,66.07893719337645,71.00264284963933,cycle_only_linear,LOBO_B0006
B0006,131,66.06125370330544,70.83053700867049,cycle_only_linear,LOBO_B0006
B0006,132,65.78242650931341,70.65843116770162,cycle_only_linear,LOBO_B0006
B0006,133,66.04512848751195,70.48632532673278,cycle_only_linear,LOBO_B0006
B0006,134,67.37164383636953,70.31421948576393,cycle_only_linear,LOBO_B0006
B0006,135,66.30064036176807,70.14211364479507,cycle_only_linear,LOBO_B0006
B0006,136,65.50593392415531,69.97000780382622,cycle_only_linear,LOBO_B0006
B0006,137,65.2608101146965,69.79790196285737,cycle_only_linear,LOBO_B0006
B0006,138,65.02030975677887,69.62579612188851,cycle_only_linear,LOBO_B0006
B0006,139,65.0117867920558,69.45369028091966,cycle_only_linear,LOBO_B0006
B0006,140,64.47533361240377,69.28158443995082,cycle_only_linear,LOBO_B0006
B0006,141,63.96265286923975,69.10947859898195,cycle_only_linear,LOBO_B0006
B0006,142,63.96039085857309,68.93737275801311,cycle_only_linear,LOBO_B0006
B0006,143,63.70183804514616,68.76526691704426,cycle_only_linear,LOBO_B0006
B0006,144,63.70636961500734,68.5931610760754,cycle_only_linear,LOBO_B0006
B0006,145,63.188197132203896,68.42105523510655,cycle_only_linear,LOBO_B0006
B0006,146,62.906868444776165,68.2489493941377,cycle_only_linear,LOBO_B0006
B0006,147,62.66299320276505,68.07684355316886,cycle_only_linear,LOBO_B0006
B0006,148,62.661566577467134,67.90473771219999,cycle_only_linear,LOBO_B0006
B0006,149,62.40437480156788,67.73263187123115,cycle_only_linear,LOBO_B0006
B0006,150,62.67177142472422,67.5605260302623,cycle_only_linear,LOBO_B0006
B0006,151,64.49024386633451,67.38842018929344,cycle_only_linear,LOBO_B0006
B0006,152,63.17701010879417,67.21631434832459,cycle_only_linear,LOBO_B0006
B0006,153,62.39880853421427,67.04420850735573,cycle_only_linear,LOBO_B0006
B0006,154,61.60601438971667,66.87210266638688,cycle_only_linear,LOBO_B0006
B0006,155,61.35568833106767,66.69999682541803,cycle_only_linear,LOBO_B0006
B0006,156,61.08698790688678,66.52789098444919,cycle_only_linear,LOBO_B0006
B0006,157,60.5551339457587,66.35578514348032,cycle_only_linear,LOBO_B0006
B0006,158,60.28079882565868,66.18367930251148,cycle_only_linear,LOBO_B0006
B0006,159,60.044681313586366,66.01157346154262,cycle_only_linear,LOBO_B0006
B0006,160,59.52951992779168,65.83946762057377,cycle_only_linear,LOBO_B0006
B0006,161,59.25896255209705,65.66736177960492,cycle_only_linear,LOBO_B0006
B0006,162,58.983534090723126,65.49525593863606,cycle_only_linear,LOBO_B0006
B0006,163,58.729764183769575,65.32315009766722,cycle_only_linear,LOBO_B0006
B0006,164,57.6909165798125,65.15104425669836,cycle_only_linear,LOBO_B0006
B0006,165,58.22004778686132,64.97893841572952,cycle_only_linear,LOBO_B0006
B0006,166,57.93987473958035,64.80683257476066,cycle_only_linear,LOBO_B0006
B0006,167,58.74874417384586,64.63472673379181,cycle_only_linear,LOBO_B0006
B0006,168,59.283761639646784,64.46262089282295,cycle_only_linear,LOBO_B0006
B0006,1,101.7668795502799,95.60464129027964,linear_regression,LOBO_B0006
B0006,2,101.25701230157058,95.40501972495606,linear_regression,LOBO_B0006
B0006,3,100.6663185672732,95.30079060908669,linear_regression,LOBO_B0006
B0006,4,100.66423327703706,94.79533955946705,linear_regression,LOBO_B0006
B0006,5,100.02641688123856,95.44707530444082,linear_regression,LOBO_B0006
B0006,6,100.69495379965822,95.85978017787622,linear_regression,LOBO_B0006
B0006,7,100.65505528134835,95.68580135500454,linear_regression,LOBO_B0006
B0006,8,98.439491313642,94.64223623386795,linear_regression,LOBO_B0006
B0006,9,98.40830882167124,94.33954998581919,linear_regression,LOBO_B0006
B0006,10,97.86153958780268,94.33137019920683,linear_regression,LOBO_B0006
B0006,11,97.27995757064676,94.10953616956772,linear_regression,LOBO_B0006
B0006,12,96.73752522420564,93.99231664321597,linear_regression,LOBO_B0006
B0006,13,96.16399769684014,93.66621713919648,linear_regression,LOBO_B0006
B0006,14,95.59449654742434,93.92198201234322,linear_regression,LOBO_B0006
B0006,15,95.05333570989652,92.82372082777798,linear_regression,LOBO_B0006
B0006,16,94.4599497403073,92.52838104013443,linear_regression,LOBO_B0006
B0006,17,93.91391861244244,92.54417316077193,linear_regression,LOBO_B0006
B0006,18,93.37848580760102,91.83390140403087,linear_regression,LOBO_B0006
B0006,19,93.37946287226885,91.63472691073486,linear_regression,LOBO_B0006
B0006,20,98.98132741254088,95.89233864197067,linear_regression,LOBO_B0006
B0006,21,97.87749540442012,95.79666065175432,linear_regression,LOBO_B0006
B0006,22,97.29075085393777,96.3733589473821,linear_regression,LOBO_B0006
B0006,23,96.21230560840048,94.36774227491591,linear_regression,LOBO_B0006
B0006,24,97.2990566571082,95.0223182747725,linear_regression,LOBO_B0006
B0006,25,95.07039652765395,93.47399190984669,linear_regression,LOBO_B0006
B0006,26,93.93371068400424,92.7309578845799,linear_regression,LOBO_B0006
B0006,27,93.4153066413211,92.60267194258608,linear_regression,LOBO_B0006
B0006,28,92.801220350415,92.10793076227881,linear_regression,LOBO_B0006
B0006,29,92.25998980927888,91.57390379955484,linear_regression,LOBO_B0006
B0006,30,92.86144454426584,92.57548862705676,linear_regression,LOBO_B0006
B0006,31,96.23880444545316,93.46474844546711,linear_regression,LOBO_B0006
B0006,32,94.11158763046276,92.37527678130645,linear_regression,LOBO_B0006
B0006,33,92.76383439427936,91.38076582063857,linear_regression,LOBO_B0006
B0006,34,91.96254458590938,90.57117821497101,linear_regression,LOBO_B0006
B0006,35,90.92698036997214,90.01560534522905,linear_regression,LOBO_B0006
B0006,36,90.67385029783529,89.79513217796489,linear_regression,LOBO_B0006
B0006,37,89.85509225152718,88.88978383057726,linear_regression,LOBO_B0006
B0006,38,89.05023147060238,88.82248917484206,linear_regression,LOBO_B0006
B0006,39,88.55065211341164,88.04378915972039,linear_regression,LOBO_B0006
B0006,40,88.02356224085472,87.75940516817997,linear_regression,LOBO_B0006
B0006,41,87.51456894003293,87.23509443126402,linear_regression,LOBO_B0006
B0006,42,86.97462518866288,87.40226180245884,linear_regression,LOBO_B0006
B0006,43,87.73383276818602,87.97919322659031,linear_regression,LOBO_B0006
B0006,44,88.29695470921088,87.41098131062608,linear_regression,LOBO_B0006
B0006,45,86.68943709812419,86.68276222651917,linear_regression,LOBO_B0006
B0006,46,85.6662956020367,86.51868027070113,linear_regression,LOBO_B0006
B0006,47,85.12038906836733,86.02612665948618,linear_regression,LOBO_B0006
B0006,48,91.1859730890915,90.18748100034351,linear_regression,LOBO_B0006
B0006,49,90.40642025157354,88.48802183681164,linear_regression,LOBO_B0006
B0006,50,88.78805472517142,87.49866386278276,linear_regression,LOBO_B0006
B0006,51,87.237049209184,86.00269644677765,linear_regression,LOBO_B0006
B0006,52,86.46035170661865,85.05282709978668,linear_regression,LOBO_B0006
B0006,53,85.40543276276622,84.39587117143624,linear_regression,LOBO_B0006
B0006,54,84.87977118730883,84.43535385716669,linear_regression,LOBO_B0006
B0006,55,84.10317262014732,83.91812724097821,linear_regression,LOBO_B0006
B0006,56,83.57384161147543,83.11675494853566,linear_regression,LOBO_B0006
B0006,57,83.03795693523827,81.58017048590443,linear_regression,LOBO_B0006
B0006,58,82.55605075190346,82.24292614608528,linear_regression,LOBO_B0006
B0006,59,82.00674628095463,82.39617659554794,linear_regression,LOBO_B0006
B0006,60,81.45999708082721,81.76775319983707,linear_regression,LOBO_B0006
B0006,61,80.44248151480832,80.54360099139986,linear_regression,LOBO_B0006
B0006,62,80.17622449484624,80.58305551008985,linear_regression,LOBO_B0006
B0006,63,79.94856072013991,79.64547113787893,linear_regression,LOBO_B0006
B0006,64,79.38136561787802,79.88523022322046,linear_regression,LOBO_B0006
B0006,65,79.14859872343084,78.98316631469088,linear_regression,LOBO_B0006
B0006,66,78.35688183567815,79.02913006480712,linear_regression,LOBO_B0006
B0006,67,78.06723069856942,78.67490050389746,linear_regression,LOBO_B0006
B0006,68,77.5585594639521,78.38367112953944,linear_regression,LOBO_B0006
B0006,69,77.03370803147585,77.82684513848636,linear_regression,LOBO_B0006
B0006,70,76.26569372312217,77.77029358677618,linear_regression,LOBO_B0006
B0006,71,76.50785159033714,77.04188787629465,linear_regression,LOBO_B0006
B0006,72,76.23283417237043,76.95423543182244,linear_regression,LOBO_B0006
B0006,73,75.72746493327713,76.6125734166284,linear_regression,LOBO_B0006
B0006,74,75.4695752301041,76.3278790991759,linear_regression,LOBO_B0006
B0006,75,75.19987166525353,75.48002596935756,linear_regression,LOBO_B0006
B0006,76,74.67600959020095,75.38743188973832,linear_regression,LOBO_B0006
B0006,77,74.3816151224871,75.26663513728428,linear_regression,LOBO_B0006
B0006,78,76.51438107200852,75.80744231078278,linear_regression,LOBO_B0006
B0006,79,75.20380044180057,75.50416804593651,linear_regression,LOBO_B0006
B0006,80,74.43796804365446,75.0709604546094,linear_regression,LOBO_B0006
B0006,81,73.91389642773318,74.48851750156169,linear_regression,LOBO_B0006
B0006,82,73.9229991107842,73.45062223998393,linear_regression,LOBO_B0006
B0006,83,73.66074224499864,73.31440950731239,linear_regression,LOBO_B0006
B0006,84,73.37582467533949,73.16939332184076,linear_regression,LOBO_B0006
B0006,85,72.58146328760667,71.97079132607503,linear_regression,LOBO_B0006
B0006,86,72.59618860483589,72.77662186492884,linear_regression,LOBO_B0006
B0006,87,72.35742347388873,71.89151272873072,linear_regression,LOBO_B0006
B0006,88,72.34269052829943,71.43608103850264,linear_regression,LOBO_B0006
B0006,89,72.08370965142339,71.05328615188868,linear_regression,LOBO_B0006
B0006,90,79.67933296550063,77.62522283360043,linear_regression,LOBO_B0006
B0006,91,77.31951188457819,74.02982708731663,linear_regression,LOBO_B0006
B0006,92,75.73527958783049,73.18255905288088,linear_regression,LOBO_B0006
B0006,93,74.94893041667702,72.16052556905822,linear_regression,LOBO_B0006
B0006,94,74.15555372705246,71.63931990781388,linear_regression,LOBO_B0006
B0006,95,73.6483241273414,70.93818971118989,linear_regression,LOBO_B0006
B0006,96,73.13802198049653,70.91203757923952,linear_regression,LOBO_B0006
B0006,97,72.59182340531257,69.86311788115798,linear_regression,LOBO_B0006
B0006,98,72.34335322015197,70.04303816365874,linear_regression,LOBO_B0006
B0006,99,72.06901997138895,69.7041651970235,linear_regression,LOBO_B0006
B0006,100,71.5605372480387,69.01343074325666,linear_regression,LOBO_B0006
B0006,101,71.30123589762857,68.83160108956156,linear_regression,LOBO_B0006
B0006,102,71.02438249830975,67.21469628944557,linear_regression,LOBO_B0006
B0006,103,71.03503115177503,68.62977337240065,linear_regression,LOBO_B0006
B0006,104,72.61279021654194,68.77934348033654,linear_regression,LOBO_B0006
B0006,105,71.57788163862855,67.52204766142309,linear_regression,LOBO_B0006
B0006,106,70.75078755794715,67.17752337714975,linear_regression,LOBO_B0006
B0006,107,70.48655753258726,65.06008645258615,linear_regression,LOBO_B0006
B0006,108,70.24586590646545,65.20704259924513,linear_regression,LOBO_B0006
B0006,109,69.75821482857815,64.96239599199878,linear_regression,LOBO_B0006
B0006,110,69.72671916307038,65.02135429368425,linear_regression,LOBO_B0006
B0006,111,69.46585589656323,64.17245583622763,linear_regression,LOBO_B0006
B0006,112,69.19189736163904,64.2651541491646,linear_regression,LOBO_B0006
B0006,113,68.68407119097562,61.964539514329545,linear_regression,LOBO_B0006
B0006,114,68.93029945931838,63.59820713426475,linear_regression,LOBO_B0006
B0006,115,68.68800149554288,62.88797850022424,linear_regression,LOBO_B0006
B0006,116,68.41290291971356,62.93815324409389,linear_regression,LOBO_B0006
B0006,117,68.16512018658753,62.51007409250328,linear_regression,LOBO_B0006
B0006,118,67.904830700863,61.518544384427514,linear_regression,LOBO_B0006
B0006,119,67.66345454997655,61.42567014888269,linear_regression,LOBO_B0006
B0006,120,69.20802869118744,62.91312888902451,linear_regression,LOBO_B0006
B0006,121,70.25733895325736,61.27316461617344,linear_regression,LOBO_B0006
B0006,122,68.93595113136764,61.93937228028862,linear_regression,LOBO_B0006
B0006,123,68.41328891599532,61.02054160623443,linear_regression,LOBO_B0006
B0006,124,67.86575648309008,60.11120958910552,linear_regression,LOBO_B0006
B0006,125,67.62467319400798,59.24613395508955,linear_regression,LOBO_B0006
B0006,126,67.37049575830618,58.81676854954104,linear_regression,LOBO_B0006
B0006,127,66.85037565421159,57.87633029962676,linear_regression,LOBO_B0006
B0006,128,66.56176483359263,58.14812953215163,linear_regression,LOBO_B0006
B0006,129,66.29651890863822,57.452775999335074,linear_regression,LOBO_B0006
B0006,130,66.07893719337645,56.618344066220956,linear_regression,LOBO_B0006
B0006,131,66.06125370330544,56.6385418467539,linear_regression,LOBO_B0006
B0006,132,65.78242650931341,55.7088649695105,linear_regression,LOBO_B0006
B0006,133,66.04512848751195,56.183718918762565,linear_regression,LOBO_B0006
B0006,134,67.37164383636953,56.07155174348128,linear_regression,LOBO_B0006
B0006,135,66.30064036176807,55.11841589554635,linear_regression,LOBO_B0006
B0006,136,65.50593392415531,53.95892007415058,linear_regression,LOBO_B0006
B0006,137,65.2608101146965,53.61010948916953,linear_regression,LOBO_B0006
B0006,138,65.02030975677887,52.44763207248177,linear_regression,LOBO_B0006
B0006,139,65.0117867920558,51.9995823074606,linear_regression,LOBO_B0006
B0006,140,64.47533361240377,51.43878031068935,linear_regression,LOBO_B0006
B0006,141,63.96265286923975,50.60665541614333,linear_regression,LOBO_B0006
B0006,142,63.96039085857309,49.96287952963026,linear_regression,LOBO_B0006
B0006,143,63.70183804514616,49.114233142063256,linear_regression,LOBO_B0006
B0006,144,63.70636961500734,48.522292037742716,linear_regression,LOBO_B0006
B0006,145,63.188197132203896,47.440469844931314,linear_regression,LOBO_B0006
B0006,146,62.906868444776165,47.01166780102893,linear_regression,LOBO_B0006
B0006,147,62.66299320276505,46.66435314267582,linear_regression,LOBO_B0006
B0006,148,62.661566577467134,45.67946584086858,linear_regression,LOBO_B0006
B0006,149,62.40437480156788,45.10629394177462,linear_regression,LOBO_B0006
B0006,150,62.67177142472422,45.74267241803508,linear_regression,LOBO_B0006
B0006,151,64.49024386633451,46.19026748180706,linear_regression,LOBO_B0006
B0006,152,63.17701010879417,44.10157990478135,linear_regression,LOBO_B0006
B0006,153,62.39880853421427,42.949389092024944,linear_regression,LOBO_B0006
B0006,154,61.60601438971667,41.07537679381818,linear_regression,LOBO_B0006
B0006,155,61.35568833106767,38.91148344617915,linear_regression,LOBO_B0006
B0006,156,61.08698790688678,38.545275084608896,linear_regression,LOBO_B0006
B0006,157,60.5551339457587,36.7402144496524,linear_regression,LOBO_B0006
B0006,158,60.28079882565868,36.688702619029854,linear_regression,LOBO_B0006
B0006,159,60.044681313586366,36.26378139552008,linear_regression,LOBO_B0006
B0006,160,59.52951992779168,35.04057603149125,linear_regression,LOBO_B0006
B0006,161,59.25896255209705,33.90482778042903,linear_regression,LOBO_B0006
B0006,162,58.983534090723126,33.306137791393695,linear_regression,LOBO_B0006
B0006,163,58.729764183769575,31.862318247797617,linear_regression,LOBO_B0006
B0006,164,57.6909165798125,29.244709223392853,linear_regression,LOBO_B0006
B0006,165,58.22004778686132,29.84929841821659,linear_regression,LOBO_B0006
B0006,166,57.93987473958035,29.005929764562843,linear_regression,LOBO_B0006
B0006,167,58.74874417384586,31.225104354777564,linear_regression,LOBO_B0006
B0006,168,59.283761639646784,30.348833483551836,linear_regression,LOBO_B0006
B0006,1,101.7668795502799,91.89075744667305,random_forest,LOBO_B0006
B0006,2,101.25701230157058,91.96036896883442,random_forest,LOBO_B0006
B0006,3,100.6663185672732,91.71447125583319,random_forest,LOBO_B0006
B0006,4,100.66423327703706,91.58490306801806,random_forest,LOBO_B0006
B0006,5,100.02641688123856,91.58283877620946,random_forest,LOBO_B0006
B0006,6,100.69495379965822,92.35169861876398,random_forest,LOBO_B0006
B0006,7,100.65505528134835,92.32411737855583,random_forest,LOBO_B0006
B0006,8,98.439491313642,91.02871942278385,random_forest,LOBO_B0006
B0006,9,98.40830882167124,90.93050136373903,random_forest,LOBO_B0006
B0006,10,97.86153958780268,90.8307218625702,random_forest,LOBO_B0006
B0006,11,97.27995757064676,90.68444194999844,random_forest,LOBO_B0006
B0006,12,96.73752522420564,90.66321051241219,random_forest,LOBO_B0006
B0006,13,96.16399769684014,90.63939201765858,random_forest,LOBO_B0006
B0006,14,95.59449654742434,90.6288455907908,random_forest,LOBO_B0006
B0006,15,95.05333570989652,90.29188452641463,random_forest,LOBO_B0006
B0006,16,94.4599497403073,90.19124618327868,random_forest,LOBO_B0006
B0006,17,93.91391861244244,90.21667397544952,random_forest,LOBO_B0006
B0006,18,93.37848580760102,90.17108572737335,random_forest,LOBO_B0006
B0006,19,93.37946287226885,90.06238255889528,random_forest,LOBO_B0006
B0006,20,98.98132741254088,91.48905041979482,random_forest,LOBO_B0006
B0006,21,97.87749540442012,91.63986848501749,random_forest,LOBO_B0006
B0006,22,97.29075085393777,91.5905416688468,random_forest,LOBO_B0006
B0006,23,96.21230560840048,90.38471557195396,random_forest,LOBO_B0006
B0006,24,97.2990566571082,91.52484852482411,random_forest,LOBO_B0006
B0006,25,95.07039652765395,90.04834597225317,random_forest,LOBO_B0006
B0006,26,93.93371068400424,89.75757368992613,random_forest,LOBO_B0006
B0006,27,93.4153066413211,89.88437443083357,random_forest,LOBO_B0006
B0006,28,92.801220350415,89.69784707461659,random_forest,LOBO_B0006
B0006,29,92.25998980927888,89.5794588548695,random_forest,LOBO_B0006
B0006,30,92.86144454426584,90.06331706305475,random_forest,LOBO_B0006
B0006,31,96.23880444545316,90.37654604677076,random_forest,LOBO_B0006
B0006,32,94.11158763046276,90.27311236826483,random_forest,LOBO_B0006
B0006,33,92.76383439427936,89.9444138903734,random_forest,LOBO_B0006
B0006,34,91.96254458590938,89.71278734195718,random_forest,LOBO_B0006
B0006,35,90.92698036997214,89.58248753259025,random_forest,LOBO_B0006
B0006,36,90.67385029783529,89.6131848775914,random_forest,LOBO_B0006
B0006,37,89.85509225152718,89.53080883904695,random_forest,LOBO_B0006
B0006,38,89.05023147060238,89.24868892662572,random_forest,LOBO_B0006
B0006,39,88.55065211341164,89.40604033033084,random_forest,LOBO_B0006
B0006,40,88.02356224085472,89.46317494947753,random_forest,LOBO_B0006
B0006,41,87.51456894003293,89.34915183498475,random_forest,LOBO_B0006
B0006,42,86.97462518866288,89.10294135586747,random_forest,LOBO_B0006
B0006,43,87.73383276818602,88.94914755428898,random_forest,LOBO_B0006
B0006,44,88.29695470921088,89.46639812453992,random_forest,LOBO_B0006
B0006,45,86.68943709812419,87.11452496366027,random_forest,LOBO_B0006
B0006,46,85.6662956020367,82.99241487068302,random_forest,LOBO_B0006
B0006,47,85.12038906836733,82.57909148700567,random_forest,LOBO_B0006
B0006,48,91.1859730890915,89.64148228560948,random_forest,LOBO_B0006
B0006,49,90.40642025157354,89.82077856014764,random_forest,LOBO_B0006
B0006,50,88.78805472517142,89.6164159078688,random_forest,LOBO_B0006
B0006,51,87.237049209184,87.05895975140433,random_forest,LOBO_B0006
B0006,52,86.46035170661865,85.9262680493333,random_forest,LOBO_B0006
B0006,53,85.40543276276622,82.12350866995757,random_forest,LOBO_B0006
B0006,54,84.87977118730883,81.85656921428321,random_forest,LOBO_B0006
B0006,55,84.10317262014732,80.14621867416989,random_forest,LOBO_B0006
B0006,56,83.57384161147543,80.04560505850701,random_forest,LOBO_B0006
B0006,57,83.03795693523827,78.56968138089744,random_forest,LOBO_B0006
B0006,58,82.55605075190346,78.49760238715184,random_forest,LOBO_B0006
B0006,59,82.00674628095463,78.41067698856072,random_forest,LOBO_B0006
B0006,60,81.45999708082721,78.28636295457974,random_forest,LOBO_B0006
B0006,61,80.44248151480832,77.67630739679959,random_forest,LOBO_B0006
B0006,62,80.17622449484624,77.39399341245999,random_forest,LOBO_B0006
B0006,63,79.94856072013991,76.60062208807241,random_forest,LOBO_B0006
B0006,64,79.38136561787802,75.89963707248887,random_forest,LOBO_B0006
B0006,65,79.14859872343084,75.31545231730273,random_forest,LOBO_B0006
B0006,66,78.35688183567815,73.43258818743016,random_forest,LOBO_B0006
B0006,67,78.06723069856942,72.88868156616533,random_forest,LOBO_B0006
B0006,68,77.5585594639521,72.29019479279144,random_forest,LOBO_B0006
B0006,69,77.03370803147585,71.6616502678261,random_forest,LOBO_B0006
B0006,70,76.26569372312217,71.13726000233527,random_forest,LOBO_B0006
B0006,71,76.50785159033714,71.13042516467735,random_forest,LOBO_B0006
B0006,72,76.23283417237043,71.04639719700691,random_forest,LOBO_B0006
B0006,73,75.72746493327713,70.17694055456694,random_forest,LOBO_B0006
B0006,74,75.4695752301041,69.84660470477729,random_forest,LOBO_B0006
B0006,75,75.19987166525353,69.54355617200282,random_forest,LOBO_B0006
B0006,76,74.67600959020095,69.35989590156154,random_forest,LOBO_B0006
B0006,77,74.3816151224871,69.25020346594098,random_forest,LOBO_B0006
B0006,78,76.51438107200852,70.77702800417245,random_forest,LOBO_B0006
B0006,79,75.20380044180057,69.35915841807598,random_forest,LOBO_B0006
B0006,80,74.43796804365446,69.0457948958613,random_forest,LOBO_B0006
B0006,81,73.91389642773318,67.94168546444574,random_forest,LOBO_B0006
B0006,82,73.9229991107842,67.52037787728159,random_forest,LOBO_B0006
B0006,83,73.66074224499864,67.31340330913572,random_forest,LOBO_B0006
B0006,84,73.37582467533949,67.1386053708428,random_forest,LOBO_B0006
B0006,85,72.58146328760667,66.9260018932193,random_forest,LOBO_B0006
B0006,86,72.59618860483589,66.92648284417555,random_forest,LOBO_B0006
B0006,87,72.35742347388873,66.92186020032355,random_forest,LOBO_B0006
B0006,88,72.34269052829943,66.90968965175311,random_forest,LOBO_B0006
B0006,89,72.08370965142339,66.90968965175311,random_forest,LOBO_B0006
B0006,90,79.67933296550063,72.8462336977875,random_forest,LOBO_B0006
B0006,91,77.31951188457819,70.22577078737362,random_forest,LOBO_B0006
B0006,92,75.73527958783049,67.55761545491143,random_forest,LOBO_B0006
B0006,93,74.94893041667702,67.05877506576583,random_forest,LOBO_B0006
B0006,94,74.15555372705246,67.0114133548893,random_forest,LOBO_B0006
B0006,95,73.6483241273414,66.93000511510508,random_forest,LOBO_B0006
B0006,96,73.13802198049653,66.93247570982174,random_forest,LOBO_B0006
B0006,97,72.59182340531257,66.91785878862396,random_forest,LOBO_B0006
B0006,98,72.34335322015197,66.9266093645526,random_forest,LOBO_B0006
B0006,99,72.06901997138895,66.90197693569235,random_forest,LOBO_B0006
B0006,100,71.5605372480387,66.90290530974794,random_forest,LOBO_B0006
B0006,101,71.30123589762857,66.88606852363148,random_forest,LOBO_B0006
B0006,102,71.02438249830975,66.8977845493309,random_forest,LOBO_B0006
B0006,103,71.03503115177503,66.885680169808,random_forest,LOBO_B0006
B0006,104,72.61279021654194,66.88298235360304,random_forest,LOBO_B0006
B0006,105,71.57788163862855,66.86965182926579,random_forest,LOBO_B0006
B0006,106,70.75078755794715,66.8731305065013,random_forest,LOBO_B0006
B0006,107,70.48655753258726,66.84000327067749,random_forest,LOBO_B0006
B0006,108,70.24586590646545,66.83657048447148,random_forest,LOBO_B0006
B0006,109,69.75821482857815,66.83313441557861,random_forest,LOBO_B0006
B0006,110,69.72671916307038,66.75637363397873,random_forest,LOBO_B0006
B0006,111,69.46585589656323,66.74633475303003,random_forest,LOBO_B0006
B0006,112,69.19189736163904,66.73313799756794,random_forest,LOBO_B0006
B0006,113,68.68407119097562,66.73313799756794,random_forest,LOBO_B0006
B0006,114,68.93029945931838,66.73313799756794,random_forest,LOBO_B0006
B0006,115,68.68800149554288,66.73885347991403,random_forest,LOBO_B0006
B0006,116,68.41290291971356,66.73727969046367,random_forest,LOBO_B0006
B0006,117,68.16512018658753,66.73885347991403,random_forest,LOBO_B0006
B0006,118,67.904830700863,66.7231304799495,random_forest,LOBO_B0006
B0006,119,67.66345454997655,66.70417304694526,random_forest,LOBO_B0006
B0006,120,69.20802869118744,66.79908279560668,random_forest,LOBO_B0006
B0006,121,70.25733895325736,66.69186479607171,random_forest,LOBO_B0006
B0006,122,68.93595113136764,66.69029100662136,random_forest,LOBO_B0006
B0006,123,68.41328891599532,66.69029100662136,random_forest,LOBO_B0006
B0006,124,67.86575648309008,66.69029100662136,random_forest,LOBO_B0006
B0006,125,67.62467319400798,66.69029100662136,random_forest,LOBO_B0006
B0006,126,67.37049575830618,66.68397492583127,random_forest,LOBO_B0006
B0006,127,66.85037565421159,66.68397492583127,random_forest,LOBO_B0006
B0006,128,66.56176483359263,66.6795491619837,random_forest,LOBO_B0006
B0006,129,66.29651890863822,66.6769225643496,random_forest,LOBO_B0006
B0006,130,66.07893719337645,66.64452373144745,random_forest,LOBO_B0006
B0006,131,66.06125370330544,66.63436115469476,random_forest,LOBO_B0006
B0006,132,65.78242650931341,66.63594006405978,random_forest,LOBO_B0006
B0006,133,66.04512848751195,66.63594006405978,random_forest,LOBO_B0006
B0006,134,67.37164383636953,66.66556311623846,random_forest,LOBO_B0006
B0006,135,66.30064036176807,66.65782764503199,random_forest,LOBO_B0006
B0006,136,65.50593392415531,66.6527815588698,random_forest,LOBO_B0006
B0006,137,65.2608101146965,66.64312012572934,random_forest,LOBO_B0006
B0006,138,65.02030975677887,66.6424571100691,random_forest,LOBO_B0006
B0006,139,65.0117867920558,66.65476818608093,random_forest,LOBO_B0006
B0006,140,64.47533361240377,66.62519229353184,random_forest,LOBO_B0006
B0006,141,63.96265286923975,66.45289641050752,random_forest,LOBO_B0006
B0006,142,63.96039085857309,66.08145379164235,random_forest,LOBO_B0006
B0006,143,63.70183804514616,65.90686748495806,random_forest,LOBO_B0006
B0006,144,63.70636961500734,65.65171546022633,random_forest,LOBO_B0006
B0006,145,63.188197132203896,65.53133397323238,random_forest,LOBO_B0006
B0006,146,62.906868444776165,65.47982798899173,random_forest,LOBO_B0006
B0006,147,62.66299320276505,65.45153093307661,random_forest,LOBO_B0006
B0006,148,62.661566577467134,65.446420430187,random_forest,LOBO_B0006
B0006,149,62.40437480156788,65.446420430187,random_forest,LOBO_B0006
B0006,150,62.67177142472422,65.44947087942202,random_forest,LOBO_B0006
B0006,151,64.49024386633451,65.45056212308273,random_forest,LOBO_B0006
B0006,152,63.17701010879417,65.446420430187,random_forest,LOBO_B0006
B0006,153,62.39880853421427,65.42438446420333,random_forest,LOBO_B0006
B0006,154,61.60601438971667,65.4211945348258,random_forest,LOBO_B0006
B0006,155,61.35568833106767,65.40712231813211,random_forest,LOBO_B0006
B0006,156,61.08698790688678,65.36537114160424,random_forest,LOBO_B0006
B0006,157,60.5551339457587,65.32882620781803,random_forest,LOBO_B0006
B0006,158,60.28079882565868,65.18245205807955,random_forest,LOBO_B0006
B0006,159,60.044681313586366,65.14779087327659,random_forest,LOBO_B0006
B0006,160,59.52951992779168,65.12724875212459,random_forest,LOBO_B0006
B0006,161,59.25896255209705,65.12724875212459,random_forest,LOBO_B0006
B0006,162,58.983534090723126,65.12724875212459,random_forest,LOBO_B0006
B0006,163,58.729764183769575,65.12724875212459,random_forest,LOBO_B0006
B0006,164,57.6909165798125,65.12724875212459,random_forest,LOBO_B0006
B0006,165,58.22004778686132,65.12724875212459,random_forest,LOBO_B0006
B0006,166,57.93987473958035,65.12724875212459,random_forest,LOBO_B0006
B0006,167,58.74874417384586,65.12724875212459,random_forest,LOBO_B0006
B0006,168,59.283761639646784,65.12724875212459,random_forest,LOBO_B0006
B0006,1,101.7668795502799,93.19658660888672,xgboost,LOBO_B0006
B0006,2,101.25701230157058,92.16845703125,xgboost,LOBO_B0006
B0006,3,100.6663185672732,91.59173583984375,xgboost,LOBO_B0006
B0006,4,100.66423327703706,91.5215072631836,xgboost,LOBO_B0006
B0006,5,100.02641688123856,91.49683380126953,xgboost,LOBO_B0006
B0006,6,100.69495379965822,92.863525390625,xgboost,LOBO_B0006
B0006,7,100.65505528134835,92.79878997802734,xgboost,LOBO_B0006
B0006,8,98.439491313642,90.57698059082031,xgboost,LOBO_B0006
B0006,9,98.40830882167124,90.9532470703125,xgboost,LOBO_B0006
B0006,10,97.86153958780268,90.99810028076172,xgboost,LOBO_B0006
B0006,11,97.27995757064676,90.90045928955078,xgboost,LOBO_B0006
B0006,12,96.73752522420564,90.3465347290039,xgboost,LOBO_B0006
B0006,13,96.16399769684014,90.22173309326172,xgboost,LOBO_B0006
B0006,14,95.59449654742434,90.23324584960938,xgboost,LOBO_B0006
B0006,15,95.05333570989652,90.12982940673828,xgboost,LOBO_B0006
B0006,16,94.4599497403073,90.48929595947266,xgboost,LOBO_B0006
B0006,17,93.91391861244244,90.41873168945312,xgboost,LOBO_B0006
B0006,18,93.37848580760102,90.42626190185547,xgboost,LOBO_B0006
B0006,19,93.37946287226885,90.07904815673828,xgboost,LOBO_B0006
B0006,20,98.98132741254088,90.80667877197266,xgboost,LOBO_B0006
B0006,21,97.87749540442012,90.74922943115234,xgboost,LOBO_B0006
B0006,22,97.29075085393777,90.89513397216797,xgboost,LOBO_B0006
B0006,23,96.21230560840048,90.30571746826172,xgboost,LOBO_B0006
B0006,24,97.2990566571082,91.01594543457031,xgboost,LOBO_B0006
B0006,25,95.07039652765395,90.14729309082031,xgboost,LOBO_B0006
B0006,26,93.93371068400424,89.92623901367188,xgboost,LOBO_B0006
B0006,27,93.4153066413211,89.9122314453125,xgboost,LOBO_B0006
B0006,28,92.801220350415,89.75160217285156,xgboost,LOBO_B0006
B0006,29,92.25998980927888,89.11042785644531,xgboost,LOBO_B0006
B0006,30,92.86144454426584,89.99252319335938,xgboost,LOBO_B0006
B0006,31,96.23880444545316,90.17151641845703,xgboost,LOBO_B0006
B0006,32,94.11158763046276,89.87960052490234,xgboost,LOBO_B0006
B0006,33,92.76383439427936,89.802734375,xgboost,LOBO_B0006
B0006,34,91.96254458590938,89.55963134765625,xgboost,LOBO_B0006
B0006,35,90.92698036997214,88.90867614746094,xgboost,LOBO_B0006
B0006,36,90.67385029783529,88.87498474121094,xgboost,LOBO_B0006
B0006,37,89.85509225152718,88.47028350830078,xgboost,LOBO_B0006
B0006,38,89.05023147060238,86.84783172607422,xgboost,LOBO_B0006
B0006,39,88.55065211341164,87.03553009033203,xgboost,LOBO_B0006
B0006,40,88.02356224085472,88.05150604248047,xgboost,LOBO_B0006
B0006,41,87.51456894003293,86.91323852539062,xgboost,LOBO_B0006
B0006,42,86.97462518866288,86.53376007080078,xgboost,LOBO_B0006
B0006,43,87.73383276818602,86.58124542236328,xgboost,LOBO_B0006
B0006,44,88.29695470921088,87.92521667480469,xgboost,LOBO_B0006
B0006,45,86.68943709812419,86.26934814453125,xgboost,LOBO_B0006
B0006,46,85.6662956020367,84.61566162109375,xgboost,LOBO_B0006
B0006,47,85.12038906836733,84.04769897460938,xgboost,LOBO_B0006
B0006,48,91.1859730890915,88.07867431640625,xgboost,LOBO_B0006
B0006,49,90.40642025157354,88.0277328491211,xgboost,LOBO_B0006
B0006,50,88.78805472517142,87.96390533447266,xgboost,LOBO_B0006
B0006,51,87.237049209184,86.41464233398438,xgboost,LOBO_B0006
B0006,52,86.46035170661865,86.01468658447266,xgboost,LOBO_B0006
B0006,53,85.40543276276622,82.54444885253906,xgboost,LOBO_B0006
B0006,54,84.87977118730883,82.07302856445312,xgboost,LOBO_B0006
B0006,55,84.10317262014732,80.6063232421875,xgboost,LOBO_B0006
B0006,56,83.57384161147543,80.3899917602539,xgboost,LOBO_B0006
B0006,57,83.03795693523827,79.563232421875,xgboost,LOBO_B0006
B0006,58,82.55605075190346,78.99138641357422,xgboost,LOBO_B0006
B0006,59,82.00674628095463,78.74851989746094,xgboost,LOBO_B0006
B0006,60,81.45999708082721,78.56410217285156,xgboost,LOBO_B0006
B0006,61,80.44248151480832,78.10337829589844,xgboost,LOBO_B0006
B0006,62,80.17622449484624,77.61116027832031,xgboost,LOBO_B0006
B0006,63,79.94856072013991,77.08757019042969,xgboost,LOBO_B0006
B0006,64,79.38136561787802,76.40382385253906,xgboost,LOBO_B0006
B0006,65,79.14859872343084,75.73921203613281,xgboost,LOBO_B0006
B0006,66,78.35688183567815,74.70606231689453,xgboost,LOBO_B0006
B0006,67,78.06723069856942,74.34258270263672,xgboost,LOBO_B0006
B0006,68,77.5585594639521,73.57888793945312,xgboost,LOBO_B0006
B0006,69,77.03370803147585,73.47758483886719,xgboost,LOBO_B0006
B0006,70,76.26569372312217,72.86854553222656,xgboost,LOBO_B0006
B0006,71,76.50785159033714,72.85344696044922,xgboost,LOBO_B0006
B0006,72,76.23283417237043,72.49850463867188,xgboost,LOBO_B0006
B0006,73,75.72746493327713,72.14935302734375,xgboost,LOBO_B0006
B0006,74,75.4695752301041,72.03459930419922,xgboost,LOBO_B0006
B0006,75,75.19987166525353,71.67015075683594,xgboost,LOBO_B0006
B0006,76,74.67600959020095,70.94139099121094,xgboost,LOBO_B0006
B0006,77,74.3816151224871,70.8505630493164,xgboost,LOBO_B0006
B0006,78,76.51438107200852,72.23219299316406,xgboost,LOBO_B0006
B0006,79,75.20380044180057,70.95216369628906,xgboost,LOBO_B0006
B0006,80,74.43796804365446,70.2193374633789,xgboost,LOBO_B0006
B0006,81,73.91389642773318,69.49837493896484,xgboost,LOBO_B0006
B0006,82,73.9229991107842,69.16671752929688,xgboost,LOBO_B0006
B0006,83,73.66074224499864,68.58165740966797,xgboost,LOBO_B0006
B0006,84,73.37582467533949,68.49251556396484,xgboost,LOBO_B0006
B0006,85,72.58146328760667,68.05807495117188,xgboost,LOBO_B0006
B0006,86,72.59618860483589,67.62749481201172,xgboost,LOBO_B0006
B0006,87,72.35742347388873,67.53307342529297,xgboost,LOBO_B0006
B0006,88,72.34269052829943,67.42314147949219,xgboost,LOBO_B0006
B0006,89,72.08370965142339,67.09794616699219,xgboost,LOBO_B0006
B0006,90,79.67933296550063,73.36721801757812,xgboost,LOBO_B0006
B0006,91,77.31951188457819,70.65579223632812,xgboost,LOBO_B0006
B0006,92,75.73527958783049,68.51557922363281,xgboost,LOBO_B0006
B0006,93,74.94893041667702,67.89849853515625,xgboost,LOBO_B0006
B0006,94,74.15555372705246,67.37716674804688,xgboost,LOBO_B0006
B0006,95,73.6483241273414,67.03376007080078,xgboost,LOBO_B0006
B0006,96,73.13802198049653,66.89370727539062,xgboost,LOBO_B0006
B0006,97,72.59182340531257,66.8735122680664,xgboost,LOBO_B0006
B0006,98,72.34335322015197,66.82901763916016,xgboost,LOBO_B0006
B0006,99,72.06901997138895,66.5922622680664,xgboost,LOBO_B0006
B0006,100,71.5605372480387,66.46453094482422,xgboost,LOBO_B0006
B0006,101,71.30123589762857,66.46453094482422,xgboost,LOBO_B0006
B0006,102,71.02438249830975,66.43956756591797,xgboost,LOBO_B0006
B0006,103,71.03503115177503,66.6185073852539,xgboost,LOBO_B0006
B0006,104,72.61279021654194,66.39208221435547,xgboost,LOBO_B0006
B0006,105,71.57788163862855,66.39208221435547,xgboost,LOBO_B0006
B0006,106,70.75078755794715,66.37860870361328,xgboost,LOBO_B0006
B0006,107,70.48655753258726,66.23224639892578,xgboost,LOBO_B0006
B0006,108,70.24586590646545,66.23224639892578,xgboost,LOBO_B0006
B0006,109,69.75821482857815,66.12825012207031,xgboost,LOBO_B0006
B0006,110,69.72671916307038,66.09346771240234,xgboost,LOBO_B0006
B0006,111,69.46585589656323,66.0366439819336,xgboost,LOBO_B0006
B0006,112,69.19189736163904,66.01777648925781,xgboost,LOBO_B0006
B0006,113,68.68407119097562,65.97876739501953,xgboost,LOBO_B0006
B0006,114,68.93029945931838,65.96023559570312,xgboost,LOBO_B0006
B0006,115,68.68800149554288,65.96023559570312,xgboost,LOBO_B0006
B0006,116,68.41290291971356,65.96023559570312,xgboost,LOBO_B0006
B0006,117,68.16512018658753,65.97186279296875,xgboost,LOBO_B0006
B0006,118,67.904830700863,65.96023559570312,xgboost,LOBO_B0006
B0006,119,67.66345454997655,65.96023559570312,xgboost,LOBO_B0006
B0006,120,69.20802869118744,65.97852325439453,xgboost,LOBO_B0006
B0006,121,70.25733895325736,65.8391342163086,xgboost,LOBO_B0006
B0006,122,68.93595113136764,65.8391342163086,xgboost,LOBO_B0006
B0006,123,68.41328891599532,65.84310150146484,xgboost,LOBO_B0006
B0006,124,67.86575648309008,65.85076141357422,xgboost,LOBO_B0006
B0006,125,67.62467319400798,65.85076141357422,xgboost,LOBO_B0006
B0006,126,67.37049575830618,65.83378601074219,xgboost,LOBO_B0006
B0006,127,66.85037565421159,65.80171203613281,xgboost,LOBO_B0006
B0006,128,66.56176483359263,65.80171203613281,xgboost,LOBO_B0006
B0006,129,66.29651890863822,65.80614471435547,xgboost,LOBO_B0006
B0006,130,66.07893719337645,65.80614471435547,xgboost,LOBO_B0006
B0006,131,66.06125370330544,65.80171203613281,xgboost,LOBO_B0006
B0006,132,65.78242650931341,65.75946044921875,xgboost,LOBO_B0006
B0006,133,66.04512848751195,65.73483276367188,xgboost,LOBO_B0006
B0006,134,67.37164383636953,65.73483276367188,xgboost,LOBO_B0006
B0006,135,66.30064036176807,65.746826171875,xgboost,LOBO_B0006
B0006,136,65.50593392415531,65.7550277709961,xgboost,LOBO_B0006
B0006,137,65.2608101146965,65.75946044921875,xgboost,LOBO_B0006
B0006,138,65.02030975677887,65.7550277709961,xgboost,LOBO_B0006
B0006,139,65.0117867920558,65.73483276367188,xgboost,LOBO_B0006
B0006,140,64.47533361240377,65.7464599609375,xgboost,LOBO_B0006
B0006,141,63.96265286923975,65.75946044921875,xgboost,LOBO_B0006
B0006,142,63.96039085857309,65.78828430175781,xgboost,LOBO_B0006
B0006,143,63.70183804514616,65.75946044921875,xgboost,LOBO_B0006
B0006,144,63.70636961500734,65.69770812988281,xgboost,LOBO_B0006
B0006,145,63.188197132203896,65.70214080810547,xgboost,LOBO_B0006
B0006,146,62.906868444776165,65.67273712158203,xgboost,LOBO_B0006
B0006,147,62.66299320276505,65.74458312988281,xgboost,LOBO_B0006
B0006,148,62.661566577467134,65.62239837646484,xgboost,LOBO_B0006
B0006,149,62.40437480156788,65.6101303100586,xgboost,LOBO_B0006
B0006,150,62.67177142472422,65.68899536132812,xgboost,LOBO_B0006
B0006,151,64.49024386633451,65.60569763183594,xgboost,LOBO_B0006
B0006,152,63.17701010879417,65.60569763183594,xgboost,LOBO_B0006
B0006,153,62.39880853421427,65.6101303100586,xgboost,LOBO_B0006
B0006,154,61.60601438971667,65.6101303100586,xgboost,LOBO_B0006
B0006,155,61.35568833106767,65.53071594238281,xgboost,LOBO_B0006
B0006,156,61.08698790688678,65.40909576416016,xgboost,LOBO_B0006
B0006,157,60.5551339457587,65.3829574584961,xgboost,LOBO_B0006
B0006,158,60.28079882565868,65.27423095703125,xgboost,LOBO_B0006
B0006,159,60.044681313586366,65.1906509399414,xgboost,LOBO_B0006
B0006,160,59.52951992779168,65.12037658691406,xgboost,LOBO_B0006
B0006,161,59.25896255209705,65.0997085571289,xgboost,LOBO_B0006
B0006,162,58.983534090723126,65.09523010253906,xgboost,LOBO_B0006
B0006,163,58.729764183769575,65.11589813232422,xgboost,LOBO_B0006
B0006,164,57.6909165798125,65.11589813232422,xgboost,LOBO_B0006
B0006,165,58.22004778686132,65.09523010253906,xgboost,LOBO_B0006
B0006,166,57.93987473958035,65.09523010253906,xgboost,LOBO_B0006
B0006,167,58.74874417384586,65.13404846191406,xgboost,LOBO_B0006
B0006,168,59.283761639646784,65.1661376953125,xgboost,LOBO_B0006
B0007,1,94.5526147695395,77.95595696817719,train_mean,LOBO_B0007
B0007,2,94.03185138434294,77.95595696817719,train_mean,LOBO_B0007
B0007,3,94.03313358505694,77.95595696817719,train_mean,LOBO_B0007
B0007,4,94.03854504916724,77.95595696817719,train_mean,LOBO_B0007
B0007,5,93.97254364142528,77.95595696817719,train_mean,LOBO_B0007
B0007,6,94.03501758558704,77.95595696817719,train_mean,LOBO_B0007
B0007,7,93.99676261783036,77.95595696817719,train_mean,LOBO_B0007
B0007,8,94.075440620194,77.95595696817719,train_mean,LOBO_B0007
B0007,9,93.4845393519292,77.95595696817719,train_mean,LOBO_B0007
B0007,10,93.50261900695996,77.95595696817719,train_mean,LOBO_B0007
B0007,11,93.50221197094288,77.95595696817719,train_mean,LOBO_B0007
B0007,12,92.98259493883182,77.95595696817719,train_mean,LOBO_B0007
B0007,13,92.95373280431104,77.95595696817719,train_mean,LOBO_B0007
B0007,14,92.95042288854616,77.95595696817719,train_mean,LOBO_B0007
B0007,15,92.96811293478524,77.95595696817719,train_mean,LOBO_B0007
B0007,16,92.93677725300518,77.95595696817719,train_mean,LOBO_B0007
B0007,17,92.39086456610724,77.95595696817719,train_mean,LOBO_B0007
B0007,18,92.42626458068524,77.95595696817719,train_mean,LOBO_B0007
B0007,19,92.4189475925017,77.95595696817719,train_mean,LOBO_B0007
B0007,20,94.03902718804883,77.95595696817719,train_mean,LOBO_B0007
B0007,21,94.07360798721798,77.95595696817719,train_mean,LOBO_B0007
B0007,22,94.05477156622392,77.95595696817719,train_mean,LOBO_B0007
B0007,23,93.55044824889998,77.95595696817719,train_mean,LOBO_B0007
B0007,24,93.50997575970688,77.95595696817719,train_mean,LOBO_B0007
B0007,25,93.53357681400492,77.95595696817719,train_mean,LOBO_B0007
B0007,26,92.98062322010084,77.95595696817719,train_mean,LOBO_B0007
B0007,27,93.0016954859173,77.95595696817719,train_mean,LOBO_B0007
B0007,28,92.95826554580384,77.95595696817719,train_mean,LOBO_B0007
B0007,29,92.40699089389145,77.95595696817719,train_mean,LOBO_B0007
B0007,30,92.4600851063082,77.95595696817719,train_mean,LOBO_B0007
B0007,31,94.17338718975424,77.95595696817719,train_mean,LOBO_B0007
B0007,32,93.14105558952922,77.95595696817719,train_mean,LOBO_B0007
B0007,33,92.6042519826176,77.95595696817719,train_mean,LOBO_B0007
B0007,34,92.34752324104352,77.95595696817719,train_mean,LOBO_B0007
B0007,35,91.8414215584509,77.95595696817719,train_mean,LOBO_B0007
B0007,36,91.85809809836137,77.95595696817719,train_mean,LOBO_B0007
B0007,37,91.58361291859428,77.95595696817719,train_mean,LOBO_B0007
B0007,38,91.05735475658892,77.95595696817719,train_mean,LOBO_B0007
B0007,39,90.82530457557574,77.95595696817719,train_mean,LOBO_B0007
B0007,40,90.56907800752278,77.95595696817719,train_mean,LOBO_B0007
B0007,41,90.58028166969792,77.95595696817719,train_mean,LOBO_B0007
B0007,42,90.302744777787,77.95595696817719,train_mean,LOBO_B0007
B0007,43,90.66020913497027,77.95595696817719,train_mean,LOBO_B0007
B0007,44,90.31320969141768,77.95595696817719,train_mean,LOBO_B0007
B0007,45,89.79155124950229,77.95595696817719,train_mean,LOBO_B0007
B0007,46,89.29426300195226,77.95595696817719,train_mean,LOBO_B0007
B0007,47,89.01634302251377,77.95595696817719,train_mean,LOBO_B0007
B0007,48,90.75378449787787,77.95595696817719,train_mean,LOBO_B0007
B0007,49,90.7851257742292,77.95595696817719,train_mean,LOBO_B0007
B0007,50,90.01216089028337,77.95595696817719,train_mean,LOBO_B0007
B0007,51,89.52238102804654,77.95595696817719,train_mean,LOBO_B0007
B0007,52,89.0171516150066,77.95595696817719,train_mean,LOBO_B0007
B0007,53,88.7664384798406,77.95595696817719,train_mean,LOBO_B0007
B0007,54,88.51314867366426,77.95595696817719,train_mean,LOBO_B0007
B0007,55,88.0040530927102,77.95595696817719,train_mean,LOBO_B0007
B0007,56,87.48237967688445,77.95595696817719,train_mean,LOBO_B0007
B0007,57,87.48250375296554,77.95595696817719,train_mean,LOBO_B0007
B0007,58,87.25143696073415,77.95595696817719,train_mean,LOBO_B0007
B0007,59,86.98228727643364,77.95595696817719,train_mean,LOBO_B0007
B0007,60,86.42821138858982,77.95595696817719,train_mean,LOBO_B0007
B0007,61,86.1950162294209,77.95595696817719,train_mean,LOBO_B0007
B0007,62,85.69894388242597,77.95595696817719,train_mean,LOBO_B0007
B0007,63,85.69850998502307,77.95595696817719,train_mean,LOBO_B0007
B0007,64,85.18260586819383,77.95595696817719,train_mean,LOBO_B0007
B0007,65,85.20068737191244,77.95595696817719,train_mean,LOBO_B0007
B0007,66,84.67858078671516,77.95595696817719,train_mean,LOBO_B0007
B0007,67,84.38288681938828,77.95595696817719,train_mean,LOBO_B0007
B0007,68,84.15372178291575,77.95595696817719,train_mean,LOBO_B0007
B0007,69,83.89635071012741,77.95595696817719,train_mean,LOBO_B0007
B0007,70,83.66030137983086,77.95595696817719,train_mean,LOBO_B0007
B0007,71,83.37183604126994,77.95595696817719,train_mean,LOBO_B0007
B0007,72,83.11331315333763,77.95595696817719,train_mean,LOBO_B0007
B0007,73,82.87121532881531,77.95595696817719,train_mean,LOBO_B0007
B0007,74,82.6269342464367,77.95595696817719,train_mean,LOBO_B0007
B0007,75,82.3608731378666,77.95595696817719,train_mean,LOBO_B0007
B0007,76,81.82068405449036,77.95595696817719,train_mean,LOBO_B0007
B0007,77,81.81277156024248,77.95595696817719,train_mean,LOBO_B0007
B0007,78,82.0559589609192,77.95595696817719,train_mean,LOBO_B0007
B0007,79,81.57850394828483,77.95595696817719,train_mean,LOBO_B0007
B0007,80,81.0606641493618,77.95595696817719,train_mean,LOBO_B0007
B0007,81,80.82136607381061,77.95595696817719,train_mean,LOBO_B0007
B0007,82,80.79117550809605,77.95595696817719,train_mean,LOBO_B0007
B0007,83,80.83620901489451,77.95595696817719,train_mean,LOBO_B0007
B0007,84,80.54327931865014,77.95595696817719,train_mean,LOBO_B0007
B0007,85,80.03301687154688,77.95595696817719,train_mean,LOBO_B0007
B0007,86,79.79587243502831,77.95595696817719,train_mean,LOBO_B0007
B0007,87,79.81089759731121,77.95595696817719,train_mean,LOBO_B0007
B0007,88,79.79032557316987,77.95595696817719,train_mean,LOBO_B0007
B0007,89,79.53253910740352,77.95595696817719,train_mean,LOBO_B0007
B0007,90,84.44105580927753,77.95595696817719,train_mean,LOBO_B0007
B0007,91,81.29969139866601,77.95595696817719,train_mean,LOBO_B0007
B0007,92,80.78716931406449,77.95595696817719,train_mean,LOBO_B0007
B0007,93,80.28313382423269,77.95595696817719,train_mean,LOBO_B0007
B0007,94,79.74873460762174,77.95595696817719,train_mean,LOBO_B0007
B0007,95,79.52051219435972,77.95595696817719,train_mean,LOBO_B0007
B0007,96,79.26758531494089,77.95595696817719,train_mean,LOBO_B0007
B0007,97,78.99868573621188,77.95595696817719,train_mean,LOBO_B0007
B0007,98,78.76092732639034,77.95595696817719,train_mean,LOBO_B0007
B0007,99,78.4899242324434,77.95595696817719,train_mean,LOBO_B0007
B0007,100,78.51282687975178,77.95595696817719,train_mean,LOBO_B0007
B0007,101,78.2624936954719,77.95595696817719,train_mean,LOBO_B0007
B0007,102,77.98169667805736,77.95595696817719,train_mean,LOBO_B0007
B0007,103,78.24910266696052,77.95595696817719,train_mean,LOBO_B0007
B0007,104,78.7489749921135,77.95595696817719,train_mean,LOBO_B0007
B0007,105,78.2640558439023,77.95595696817719,train_mean,LOBO_B0007
B0007,106,77.9877748735063,77.95595696817719,train_mean,LOBO_B0007
B0007,107,77.49488428352494,77.95595696817719,train_mean,LOBO_B0007
B0007,108,77.1938576567251,77.95595696817719,train_mean,LOBO_B0007
B0007,109,77.25093744345037,77.95595696817719,train_mean,LOBO_B0007
B0007,110,77.22970077051454,77.95595696817719,train_mean,LOBO_B0007
B0007,111,76.71543360879438,77.95595696817719,train_mean,LOBO_B0007
B0007,112,76.43801971479242,77.95595696817719,train_mean,LOBO_B0007
B0007,113,76.44630124589922,77.95595696817719,train_mean,LOBO_B0007
B0007,114,76.45458250665615,77.95595696817719,train_mean,LOBO_B0007
B0007,115,76.19529662330623,77.95595696817719,train_mean,LOBO_B0007
B0007,116,75.93337709550308,77.95595696817719,train_mean,LOBO_B0007
B0007,117,75.68241133213476,77.95595696817719,train_mean,LOBO_B0007
B0007,118,75.68025092614516,77.95595696817719,train_mean,LOBO_B0007
B0007,119,75.69735307433983,77.95595696817719,train_mean,LOBO_B0007
B0007,120,76.69799596579394,77.95595696817719,train_mean,LOBO_B0007
B0007,121,76.95686399326549,77.95595696817719,train_mean,LOBO_B0007
B0007,122,76.18123986419369,77.95595696817719,train_mean,LOBO_B0007
B0007,123,75.67906517794573,77.95595696817719,train_mean,LOBO_B0007
B0007,124,75.38925374923957,77.95595696817719,train_mean,LOBO_B0007
B0007,125,75.15980338018666,77.95595696817719,train_mean,LOBO_B0007
B0007,126,74.89110298497941,77.95595696817719,train_mean,LOBO_B0007
B0007,127,74.6424267316758,77.95595696817719,train_mean,LOBO_B0007
B0007,128,74.62071949335129,77.95595696817719,train_mean,LOBO_B0007
B0007,129,74.37413882690404,77.95595696817719,train_mean,LOBO_B0007
B0007,130,74.12675743202055,77.95595696817719,train_mean,LOBO_B0007
B0007,131,74.13937161114492,77.95595696817719,train_mean,LOBO_B0007
B0007,132,73.84855898875296,77.95595696817719,train_mean,LOBO_B0007
B0007,133,74.09507777068637,77.95595696817719,train_mean,LOBO_B0007
B0007,134,74.90683099437412,77.95595696817719,train_mean,LOBO_B0007
B0007,135,74.10387607196436,77.95595696817719,train_mean,LOBO_B0007
B0007,136,73.85577656406076,77.95595696817719,train_mean,LOBO_B0007
B0007,137,73.60386391528245,77.95595696817719,train_mean,LOBO_B0007
B0007,138,73.6124006828227,77.95595696817719,train_mean,LOBO_B0007
B0007,139,73.35053336137332,77.95595696817719,train_mean,LOBO_B0007
B0007,140,73.08836247667689,77.95595696817719,train_mean,LOBO_B0007
B0007,141,72.83476335244853,77.95595696817719,train_mean,LOBO_B0007
B0007,142,72.5677486379478,77.95595696817719,train_mean,LOBO_B0007
B0007,143,72.58079631286874,77.95595696817719,train_mean,LOBO_B0007
B0007,144,72.34080666086842,77.95595696817719,train_mean,LOBO_B0007
B0007,145,72.33785303884392,77.95595696817719,train_mean,LOBO_B0007
B0007,146,72.06898740723396,77.95595696817719,train_mean,LOBO_B0007
B0007,147,71.8122812610409,77.95595696817719,train_mean,LOBO_B0007
B0007,148,71.84077076962414,77.95595696817719,train_mean,LOBO_B0007
B0007,149,71.81472572930024,77.95595696817719,train_mean,LOBO_B0007
B0007,150,72.09287657939008,77.95595696817719,train_mean,LOBO_B0007
B0007,151,73.36031742390898,77.95595696817719,train_mean,LOBO_B0007
B0007,152,72.59320183924443,77.95595696817719,train_mean,LOBO_B0007
B0007,153,72.35689876374249,77.95595696817719,train_mean,LOBO_B0007
B0007,154,72.08952932811995,77.95595696817719,train_mean,LOBO_B0007
B0007,155,71.58154739555555,77.95595696817719,train_mean,LOBO_B0007
B0007,156,71.59042124836843,77.95595696817719,train_mean,LOBO_B0007
B0007,157,71.31281292553435,77.95595696817719,train_mean,LOBO_B0007
B0007,158,71.30438764462457,77.95595696817719,train_mean,LOBO_B0007
B0007,159,71.06316755015847,77.95595696817719,train_mean,LOBO_B0007
B0007,160,70.81636374397554,77.95595696817719,train_mean,LOBO_B0007
B0007,161,70.82890914587998,77.95595696817719,train_mean,LOBO_B0007
B0007,162,70.54200864712588,77.95595696817719,train_mean,LOBO_B0007
B0007,163,70.54974814173902,77.95595696817719,train_mean,LOBO_B0007
B0007,164,70.30857145199401,77.95595696817719,train_mean,LOBO_B0007
B0007,165,70.31679239846461,77.95595696817719,train_mean,LOBO_B0007
B0007,166,70.02276199533257,77.95595696817719,train_mean,LOBO_B0007
B0007,167,71.08932523027576,77.95595696817719,train_mean,LOBO_B0007
B0007,168,71.62276360312717,77.95595696817719,train_mean,LOBO_B0007
B0007,1,94.5526147695395,94.55559479533531,cycle_only_linear,LOBO_B0007
B0007,2,94.03185138434294,94.3439270251018,cycle_only_linear,LOBO_B0007
B0007,3,94.03313358505694,94.1322592548683,cycle_only_linear,LOBO_B0007
B0007,4,94.03854504916724,93.9205914846348,cycle_only_linear,LOBO_B0007
B0007,5,93.97254364142528,93.70892371440131,cycle_only_linear,LOBO_B0007
B0007,6,94.03501758558704,93.4972559441678,cycle_only_linear,LOBO_B0007
B0007,7,93.99676261783036,93.2855881739343,cycle_only_linear,LOBO_B0007
B0007,8,94.075440620194,93.0739204037008,cycle_only_linear,LOBO_B0007
B0007,9,93.4845393519292,92.86225263346729,cycle_only_linear,LOBO_B0007
B0007,10,93.50261900695996,92.65058486323379,cycle_only_linear,LOBO_B0007
B0007,11,93.50221197094288,92.43891709300028,cycle_only_linear,LOBO_B0007
B0007,12,92.98259493883182,92.22724932276678,cycle_only_linear,LOBO_B0007
B0007,13,92.95373280431104,92.01558155253329,cycle_only_linear,LOBO_B0007
B0007,14,92.95042288854616,91.80391378229979,cycle_only_linear,LOBO_B0007
B0007,15,92.96811293478524,91.59224601206628,cycle_only_linear,LOBO_B0007
B0007,16,92.93677725300518,91.38057824183278,cycle_only_linear,LOBO_B0007
B0007,17,92.39086456610724,91.16891047159928,cycle_only_linear,LOBO_B0007
B0007,18,92.42626458068524,90.95724270136577,cycle_only_linear,LOBO_B0007
B0007,19,92.4189475925017,90.74557493113227,cycle_only_linear,LOBO_B0007
B0007,20,94.03902718804883,90.53390716089876,cycle_only_linear,LOBO_B0007
B0007,21,94.07360798721798,90.32223939066526,cycle_only_linear,LOBO_B0007
B0007,22,94.05477156622392,90.11057162043177,cycle_only_linear,LOBO_B0007
B0007,23,93.55044824889998,89.89890385019827,cycle_only_linear,LOBO_B0007
B0007,24,93.50997575970688,89.68723607996476,cycle_only_linear,LOBO_B0007
B0007,25,93.53357681400492,89.47556830973126,cycle_only_linear,LOBO_B0007
B0007,26,92.98062322010084,89.26390053949775,cycle_only_linear,LOBO_B0007
B0007,27,93.0016954859173,89.05223276926425,cycle_only_linear,LOBO_B0007
B0007,28,92.95826554580384,88.84056499903075,cycle_only_linear,LOBO_B0007
B0007,29,92.40699089389145,88.62889722879724,cycle_only_linear,LOBO_B0007
B0007,30,92.4600851063082,88.41722945856375,cycle_only_linear,LOBO_B0007
B0007,31,94.17338718975424,88.20556168833025,cycle_only_linear,LOBO_B0007
B0007,32,93.14105558952922,87.99389391809675,cycle_only_linear,LOBO_B0007
B0007,33,92.6042519826176,87.78222614786324,cycle_only_linear,LOBO_B0007
B0007,34,92.34752324104352,87.57055837762974,cycle_only_linear,LOBO_B0007
B0007,35,91.8414215584509,87.35889060739623,cycle_only_linear,LOBO_B0007
B0007,36,91.85809809836137,87.14722283716273,cycle_only_linear,LOBO_B0007
B0007,37,91.58361291859428,86.93555506692923,cycle_only_linear,LOBO_B0007
B0007,38,91.05735475658892,86.72388729669572,cycle_only_linear,LOBO_B0007
B0007,39,90.82530457557574,86.51221952646223,cycle_only_linear,LOBO_B0007
B0007,40,90.56907800752278,86.30055175622873,cycle_only_linear,LOBO_B0007
B0007,41,90.58028166969792,86.08888398599522,cycle_only_linear,LOBO_B0007
B0007,42,90.302744777787,85.87721621576172,cycle_only_linear,LOBO_B0007
B0007,43,90.66020913497027,85.66554844552822,cycle_only_linear,LOBO_B0007
B0007,44,90.31320969141768,85.45388067529471,cycle_only_linear,LOBO_B0007
B0007,45,89.79155124950229,85.24221290506121,cycle_only_linear,LOBO_B0007
B0007,46,89.29426300195226,85.03054513482772,cycle_only_linear,LOBO_B0007
B0007,47,89.01634302251377,84.81887736459421,cycle_only_linear,LOBO_B0007
B0007,48,90.75378449787787,84.60720959436071,cycle_only_linear,LOBO_B0007
B0007,49,90.7851257742292,84.3955418241272,cycle_only_linear,LOBO_B0007
B0007,50,90.01216089028337,84.1838740538937,cycle_only_linear,LOBO_B0007
B0007,51,89.52238102804654,83.9722062836602,cycle_only_linear,LOBO_B0007
B0007,52,89.0171516150066,83.7605385134267,cycle_only_linear,LOBO_B0007
B0007,53,88.7664384798406,83.54887074319319,cycle_only_linear,LOBO_B0007
B0007,54,88.51314867366426,83.33720297295969,cycle_only_linear,LOBO_B0007
B0007,55,88.0040530927102,83.12553520272618,cycle_only_linear,LOBO_B0007
B0007,56,87.48237967688445,82.9138674324927,cycle_only_linear,LOBO_B0007
B0007,57,87.48250375296554,82.70219966225919,cycle_only_linear,LOBO_B0007
B0007,58,87.25143696073415,82.49053189202569,cycle_only_linear,LOBO_B0007
B0007,59,86.98228727643364,82.27886412179218,cycle_only_linear,LOBO_B0007
B0007,60,86.42821138858982,82.06719635155868,cycle_only_linear,LOBO_B0007
B0007,61,86.1950162294209,81.85552858132517,cycle_only_linear,LOBO_B0007
B0007,62,85.69894388242597,81.64386081109167,cycle_only_linear,LOBO_B0007
B0007,63,85.69850998502307,81.43219304085818,cycle_only_linear,LOBO_B0007
B0007,64,85.18260586819383,81.22052527062468,cycle_only_linear,LOBO_B0007
B0007,65,85.20068737191244,81.00885750039117,cycle_only_linear,LOBO_B0007
B0007,66,84.67858078671516,80.79718973015767,cycle_only_linear,LOBO_B0007
B0007,67,84.38288681938828,80.58552195992417,cycle_only_linear,LOBO_B0007
B0007,68,84.15372178291575,80.37385418969066,cycle_only_linear,LOBO_B0007
B0007,69,83.89635071012741,80.16218641945716,cycle_only_linear,LOBO_B0007
B0007,70,83.66030137983086,79.95051864922365,cycle_only_linear,LOBO_B0007
B0007,71,83.37183604126994,79.73885087899015,cycle_only_linear,LOBO_B0007
B0007,72,83.11331315333763,79.52718310875666,cycle_only_linear,LOBO_B0007
B0007,73,82.87121532881531,79.31551533852316,cycle_only_linear,LOBO_B0007
B0007,74,82.6269342464367,79.10384756828965,cycle_only_linear,LOBO_B0007
B0007,75,82.3608731378666,78.89217979805615,cycle_only_linear,LOBO_B0007
B0007,76,81.82068405449036,78.68051202782264,cycle_only_linear,LOBO_B0007
B0007,77,81.81277156024248,78.46884425758914,cycle_only_linear,LOBO_B0007
B0007,78,82.0559589609192,78.25717648735564,cycle_only_linear,LOBO_B0007
B0007,79,81.57850394828483,78.04550871712215,cycle_only_linear,LOBO_B0007
B0007,80,81.0606641493618,77.83384094688864,cycle_only_linear,LOBO_B0007
B0007,81,80.82136607381061,77.62217317665514,cycle_only_linear,LOBO_B0007
B0007,82,80.79117550809605,77.41050540642163,cycle_only_linear,LOBO_B0007
B0007,83,80.83620901489451,77.19883763618813,cycle_only_linear,LOBO_B0007
B0007,84,80.54327931865014,76.98716986595463,cycle_only_linear,LOBO_B0007
B0007,85,80.03301687154688,76.77550209572112,cycle_only_linear,LOBO_B0007
B0007,86,79.79587243502831,76.56383432548762,cycle_only_linear,LOBO_B0007
B0007,87,79.81089759731121,76.35216655525412,cycle_only_linear,LOBO_B0007
B0007,88,79.79032557316987,76.14049878502061,cycle_only_linear,LOBO_B0007
B0007,89,79.53253910740352,75.92883101478711,cycle_only_linear,LOBO_B0007
B0007,90,84.44105580927753,75.71716324455362,cycle_only_linear,LOBO_B0007
B0007,91,81.29969139866601,75.50549547432011,cycle_only_linear,LOBO_B0007
B0007,92,80.78716931406449,75.29382770408661,cycle_only_linear,LOBO_B0007
B0007,93,80.28313382423269,75.0821599338531,cycle_only_linear,LOBO_B0007
B0007,94,79.74873460762174,74.8704921636196,cycle_only_linear,LOBO_B0007
B0007,95,79.52051219435972,74.6588243933861,cycle_only_linear,LOBO_B0007
B0007,96,79.26758531494089,74.44715662315261,cycle_only_linear,LOBO_B0007
B0007,97,78.99868573621188,74.2354888529191,cycle_only_linear,LOBO_B0007
B0007,98,78.76092732639034,74.0238210826856,cycle_only_linear,LOBO_B0007
B0007,99,78.4899242324434,73.8121533124521,cycle_only_linear,LOBO_B0007
B0007,100,78.51282687975178,73.60048554221859,cycle_only_linear,LOBO_B0007
B0007,101,78.2624936954719,73.38881777198509,cycle_only_linear,LOBO_B0007
B0007,102,77.98169667805736,73.17715000175158,cycle_only_linear,LOBO_B0007
B0007,103,78.24910266696052,72.96548223151808,cycle_only_linear,LOBO_B0007
B0007,104,78.7489749921135,72.75381446128458,cycle_only_linear,LOBO_B0007
B0007,105,78.2640558439023,72.54214669105107,cycle_only_linear,LOBO_B0007
B0007,106,77.9877748735063,72.33047892081758,cycle_only_linear,LOBO_B0007
B0007,107,77.49488428352494,72.11881115058408,cycle_only_linear,LOBO_B0007
B0007,108,77.1938576567251,71.90714338035058,cycle_only_linear,LOBO_B0007
B0007,109,77.25093744345037,71.69547561011707,cycle_only_linear,LOBO_B0007
B0007,110,77.22970077051454,71.48380783988357,cycle_only_linear,LOBO_B0007
B0007,111,76.71543360879438,71.27214006965006,cycle_only_linear,LOBO_B0007
B0007,112,76.43801971479242,71.06047229941656,cycle_only_linear,LOBO_B0007
B0007,113,76.44630124589922,70.84880452918307,cycle_only_linear,LOBO_B0007
B0007,114,76.45458250665615,70.63713675894957,cycle_only_linear,LOBO_B0007
B0007,115,76.19529662330623,70.42546898871606,cycle_only_linear,LOBO_B0007
B0007,116,75.93337709550308,70.21380121848256,cycle_only_linear,LOBO_B0007
B0007,117,75.68241133213476,70.00213344824905,cycle_only_linear,LOBO_B0007
B0007,118,75.68025092614516,69.79046567801555,cycle_only_linear,LOBO_B0007
B0007,119,75.69735307433983,69.57879790778205,cycle_only_linear,LOBO_B0007
B0007,120,76.69799596579394,69.36713013754854,cycle_only_linear,LOBO_B0007
B0007,121,76.95686399326549,69.15546236731504,cycle_only_linear,LOBO_B0007
B0007,122,76.18123986419369,68.94379459708153,cycle_only_linear,LOBO_B0007
B0007,123,75.67906517794573,68.73212682684805,cycle_only_linear,LOBO_B0007
B0007,124,75.38925374923957,68.52045905661454,cycle_only_linear,LOBO_B0007
B0007,125,75.15980338018666,68.30879128638104,cycle_only_linear,LOBO_B0007
B0007,126,74.89110298497941,68.09712351614753,cycle_only_linear,LOBO_B0007
B0007,127,74.6424267316758,67.88545574591403,cycle_only_linear,LOBO_B0007
B0007,128,74.62071949335129,67.67378797568053,cycle_only_linear,LOBO_B0007
B0007,129,74.37413882690404,67.46212020544702,cycle_only_linear,LOBO_B0007
B0007,130,74.12675743202055,67.25045243521353,cycle_only_linear,LOBO_B0007
B0007,131,74.13937161114492,67.03878466498003,cycle_only_linear,LOBO_B0007
B0007,132,73.84855898875296,66.82711689474652,cycle_only_linear,LOBO_B0007
B0007,133,74.09507777068637,66.61544912451302,cycle_only_linear,LOBO_B0007
B0007,134,74.90683099437412,66.40378135427952,cycle_only_linear,LOBO_B0007
B0007,135,74.10387607196436,66.19211358404601,cycle_only_linear,LOBO_B0007
B0007,136,73.85577656406076,65.98044581381251,cycle_only_linear,LOBO_B0007
B0007,137,73.60386391528245,65.768778043579,cycle_only_linear,LOBO_B0007
B0007,138,73.6124006828227,65.5571102733455,cycle_only_linear,LOBO_B0007
B0007,139,73.35053336137332,65.345442503112,cycle_only_linear,LOBO_B0007
B0007,140,73.08836247667689,65.1337747328785,cycle_only_linear,LOBO_B0007
B0007,141,72.83476335244853,64.922106962645,cycle_only_linear,LOBO_B0007
B0007,142,72.5677486379478,64.7104391924115,cycle_only_linear,LOBO_B0007
B0007,143,72.58079631286874,64.498771422178,cycle_only_linear,LOBO_B0007
B0007,144,72.34080666086842,64.28710365194449,cycle_only_linear,LOBO_B0007
B0007,145,72.33785303884392,64.07543588171099,cycle_only_linear,LOBO_B0007
B0007,146,72.06898740723396,63.86376811147749,cycle_only_linear,LOBO_B0007
B0007,147,71.8122812610409,63.65210034124399,cycle_only_linear,LOBO_B0007
B0007,148,71.84077076962414,63.44043257101049,cycle_only_linear,LOBO_B0007
B0007,149,71.81472572930024,63.228764800776986,cycle_only_linear,LOBO_B0007
B0007,150,72.09287657939008,63.01709703054348,cycle_only_linear,LOBO_B0007
B0007,151,73.36031742390898,62.80542926030998,cycle_only_linear,LOBO_B0007
B0007,152,72.59320183924443,62.593761490076474,cycle_only_linear,LOBO_B0007
B0007,153,72.35689876374249,62.38209371984297,cycle_only_linear,LOBO_B0007
B0007,154,72.08952932811995,62.17042594960947,cycle_only_linear,LOBO_B0007
B0007,155,71.58154739555555,61.95875817937597,cycle_only_linear,LOBO_B0007
B0007,156,71.59042124836843,61.747090409142466,cycle_only_linear,LOBO_B0007
B0007,157,71.31281292553435,61.53542263890896,cycle_only_linear,LOBO_B0007
B0007,158,71.30438764462457,61.323754868675465,cycle_only_linear,LOBO_B0007
B0007,159,71.06316755015847,61.11208709844196,cycle_only_linear,LOBO_B0007
B0007,160,70.81636374397554,60.90041932820846,cycle_only_linear,LOBO_B0007
B0007,161,70.82890914587998,60.68875155797495,cycle_only_linear,LOBO_B0007
B0007,162,70.54200864712588,60.477083787741456,cycle_only_linear,LOBO_B0007
B0007,163,70.54974814173902,60.26541601750795,cycle_only_linear,LOBO_B0007
B0007,164,70.30857145199401,60.05374824727445,cycle_only_linear,LOBO_B0007
B0007,165,70.31679239846461,59.842080477040945,cycle_only_linear,LOBO_B0007
B0007,166,70.02276199533257,59.63041270680745,cycle_only_linear,LOBO_B0007
B0007,167,71.08932523027576,59.418744936573944,cycle_only_linear,LOBO_B0007
B0007,168,71.62276360312717,59.20707716634044,cycle_only_linear,LOBO_B0007
B0007,1,94.5526147695395,80.88635961294315,linear_regression,LOBO_B0007
B0007,2,94.03185138434294,81.13342379666881,linear_regression,LOBO_B0007
B0007,3,94.03313358505694,80.84434213304839,linear_regression,LOBO_B0007
B0007,4,94.03854504916724,80.74528039339266,linear_regression,LOBO_B0007
B0007,5,93.97254364142528,80.2739047599348,linear_regression,LOBO_B0007
B0007,6,94.03501758558704,80.10692729592952,linear_regression,LOBO_B0007
B0007,7,93.99676261783036,79.95394935830966,linear_regression,LOBO_B0007
B0007,8,94.075440620194,80.18719965840657,linear_regression,LOBO_B0007
B0007,9,93.4845393519292,79.72572694336262,linear_regression,LOBO_B0007
B0007,10,93.50261900695996,79.54997784251046,linear_regression,LOBO_B0007
B0007,11,93.50221197094288,79.71337657840856,linear_regression,LOBO_B0007
B0007,12,92.98259493883182,79.9299658518915,linear_regression,LOBO_B0007
B0007,13,92.95373280431104,79.5940013923299,linear_regression,LOBO_B0007
B0007,14,92.95042288854616,79.30327306547262,linear_regression,LOBO_B0007
B0007,15,92.96811293478524,79.28300124843662,linear_regression,LOBO_B0007
B0007,16,92.93677725300518,78.63865766344283,linear_regression,LOBO_B0007
B0007,17,92.39086456610724,78.67405835901884,linear_regression,LOBO_B0007
B0007,18,92.42626458068524,78.44798140636954,linear_regression,LOBO_B0007
B0007,19,92.4189475925017,78.78056908174469,linear_regression,LOBO_B0007
B0007,20,94.03902718804883,79.59036253936763,linear_regression,LOBO_B0007
B0007,21,94.07360798721798,79.73974520176837,linear_regression,LOBO_B0007
B0007,22,94.05477156622392,80.91833303678509,linear_regression,LOBO_B0007
B0007,23,93.55044824889998,78.6966467700587,linear_regression,LOBO_B0007
B0007,24,93.50997575970688,78.37664394457548,linear_regression,LOBO_B0007
B0007,25,93.53357681400492,78.04292246222121,linear_regression,LOBO_B0007
B0007,26,92.98062322010084,78.42883068409529,linear_regression,LOBO_B0007
B0007,27,93.0016954859173,77.82741390098641,linear_regression,LOBO_B0007
B0007,28,92.95826554580384,77.28823909355873,linear_regression,LOBO_B0007
B0007,29,92.40699089389145,77.39423399362852,linear_regression,LOBO_B0007
B0007,30,92.4600851063082,77.05966073720427,linear_regression,LOBO_B0007
B0007,31,94.17338718975424,78.61438821010013,linear_regression,LOBO_B0007
B0007,32,93.14105558952922,78.52795561284907,linear_regression,LOBO_B0007
B0007,33,92.6042519826176,77.80797139569245,linear_regression,LOBO_B0007
B0007,34,92.34752324104352,77.05710198957215,linear_regression,LOBO_B0007
B0007,35,91.8414215584509,76.51619372154045,linear_regression,LOBO_B0007
B0007,36,91.85809809836137,76.97025302937612,linear_regression,LOBO_B0007
B0007,37,91.58361291859428,76.5594858614166,linear_regression,LOBO_B0007
B0007,38,91.05735475658892,75.47141815157991,linear_regression,LOBO_B0007
B0007,39,90.82530457557574,75.32435247131502,linear_regression,LOBO_B0007
B0007,40,90.56907800752278,75.1378871703688,linear_regression,LOBO_B0007
B0007,41,90.58028166969792,75.92624793855724,linear_regression,LOBO_B0007
B0007,42,90.302744777787,76.14191407589641,linear_regression,LOBO_B0007
B0007,43,90.66020913497027,74.88721147199925,linear_regression,LOBO_B0007
B0007,44,90.31320969141768,75.35720572261498,linear_regression,LOBO_B0007
B0007,45,89.79155124950229,74.48853427781485,linear_regression,LOBO_B0007
B0007,46,89.29426300195226,73.7945256945613,linear_regression,LOBO_B0007
B0007,47,89.01634302251377,73.06559061383233,linear_regression,LOBO_B0007
B0007,48,90.75378449787787,78.3276931499195,linear_regression,LOBO_B0007
B0007,49,90.7851257742292,76.77570698571141,linear_regression,LOBO_B0007
B0007,50,90.01216089028337,75.21084284870614,linear_regression,LOBO_B0007
B0007,51,89.52238102804654,74.26251702301147,linear_regression,LOBO_B0007
B0007,52,89.0171516150066,73.7006932029839,linear_regression,LOBO_B0007
B0007,53,88.7664384798406,73.54499302918813,linear_regression,LOBO_B0007
B0007,54,88.51314867366426,73.72152016769436,linear_regression,LOBO_B0007
B0007,55,88.0040530927102,72.51630214956852,linear_regression,LOBO_B0007
B0007,56,87.48237967688445,72.76637916924396,linear_regression,LOBO_B0007
B0007,57,87.48250375296554,71.11991115497378,linear_regression,LOBO_B0007
B0007,58,87.25143696073415,71.71770502705124,linear_regression,LOBO_B0007
B0007,59,86.98228727643364,72.1139713439779,linear_regression,LOBO_B0007
B0007,60,86.42821138858982,72.19038539422016,linear_regression,LOBO_B0007
B0007,61,86.1950162294209,71.5350228360976,linear_regression,LOBO_B0007
B0007,62,85.69894388242597,70.55098661844353,linear_regression,LOBO_B0007
B0007,63,85.69850998502307,70.83955335354878,linear_regression,LOBO_B0007
B0007,64,85.18260586819383,71.31974403951007,linear_regression,LOBO_B0007
B0007,65,85.20068737191244,71.02065726330953,linear_regression,LOBO_B0007
B0007,66,84.67858078671516,70.00213809900721,linear_regression,LOBO_B0007
B0007,67,84.38288681938828,69.4138493292204,linear_regression,LOBO_B0007
B0007,68,84.15372178291575,70.30324719569188,linear_regression,LOBO_B0007
B0007,69,83.89635071012741,69.44542013526876,linear_regression,LOBO_B0007
B0007,70,83.66030137983086,69.22152295049071,linear_regression,LOBO_B0007
B0007,71,83.37183604126994,68.9586567280744,linear_regression,LOBO_B0007
B0007,72,83.11331315333763,68.76726596952115,linear_regression,LOBO_B0007
B0007,73,82.87121532881531,68.20198137299701,linear_regression,LOBO_B0007
B0007,74,82.6269342464367,68.45987978713462,linear_regression,LOBO_B0007
B0007,75,82.3608731378666,68.33173529660966,linear_regression,LOBO_B0007
B0007,76,81.82068405449036,67.48303494225975,linear_regression,LOBO_B0007
B0007,77,81.81277156024248,68.01831177970155,linear_regression,LOBO_B0007
B0007,78,82.0559589609192,68.51683383883352,linear_regression,LOBO_B0007
B0007,79,81.57850394828483,67.36710437763026,linear_regression,LOBO_B0007
B0007,80,81.0606641493618,66.18020281749313,linear_regression,LOBO_B0007
B0007,81,80.82136607381061,66.22626190503115,linear_regression,LOBO_B0007
B0007,82,80.79117550809605,66.52241126106553,linear_regression,LOBO_B0007
B0007,83,80.83620901489451,67.34921243703529,linear_regression,LOBO_B0007
B0007,84,80.54327931865014,67.09488469681125,linear_regression,LOBO_B0007
B0007,85,80.03301687154688,66.42944437546356,linear_regression,LOBO_B0007
B0007,86,79.79587243502831,65.7319690267287,linear_regression,LOBO_B0007
B0007,87,79.81089759731121,65.65735447291809,linear_regression,LOBO_B0007
B0007,88,79.79032557316987,66.14397140598277,linear_regression,LOBO_B0007
B0007,89,79.53253910740352,66.00918406661113,linear_regression,LOBO_B0007
B0007,90,84.44105580927753,69.81154047160375,linear_regression,LOBO_B0007
B0007,91,81.29969139866601,67.29508465729319,linear_regression,LOBO_B0007
B0007,92,80.78716931406449,67.33705090369492,linear_regression,LOBO_B0007
B0007,93,80.28313382423269,66.65472641618389,linear_regression,LOBO_B0007
B0007,94,79.74873460762174,65.84300984799346,linear_regression,LOBO_B0007
B0007,95,79.52051219435972,65.8672261882055,linear_regression,LOBO_B0007
B0007,96,79.26758531494089,65.2454338702694,linear_regression,LOBO_B0007
B0007,97,78.99868573621188,65.30603495131209,linear_regression,LOBO_B0007
B0007,98,78.76092732639034,65.29535356922395,linear_regression,LOBO_B0007
B0007,99,78.4899242324434,64.53738065368877,linear_regression,LOBO_B0007
B0007,100,78.51282687975178,64.62776601349468,linear_regression,LOBO_B0007
B0007,101,78.2624936954719,64.47915567013646,linear_regression,LOBO_B0007
B0007,102,77.98169667805736,64.49397104975486,linear_regression,LOBO_B0007
B0007,103,78.24910266696052,64.62720549152421,linear_regression,LOBO_B0007
B0007,104,78.7489749921135,65.19662422319615,linear_regression,LOBO_B0007
B0007,105,78.2640558439023,65.17372323350398,linear_regression,LOBO_B0007
B0007,106,77.9877748735063,64.08025946322576,linear_regression,LOBO_B0007
B0007,107,77.49488428352494,62.9174926857621,linear_regression,LOBO_B0007
B0007,108,77.1938576567251,62.46936096702193,linear_regression,LOBO_B0007
B0007,109,77.25093744345037,63.861337373213395,linear_regression,LOBO_B0007
B0007,110,77.22970077051454,64.1490931258198,linear_regression,LOBO_B0007
B0007,111,76.71543360879438,63.42546861599654,linear_regression,LOBO_B0007
B0007,112,76.43801971479242,62.93796224931677,linear_regression,LOBO_B0007
B0007,113,76.44630124589922,62.2293025375717,linear_regression,LOBO_B0007
B0007,114,76.45458250665615,63.671563767859226,linear_regression,LOBO_B0007
B0007,115,76.19529662330623,62.501682517270766,linear_regression,LOBO_B0007
B0007,116,75.93337709550308,62.81004521385424,linear_regression,LOBO_B0007
B0007,117,75.68241133213476,61.77167146019198,linear_regression,LOBO_B0007
B0007,118,75.68025092614516,62.18156097690243,linear_regression,LOBO_B0007
B0007,119,75.69735307433983,62.41062564092191,linear_regression,LOBO_B0007
B0007,120,76.69799596579394,64.37697971762051,linear_regression,LOBO_B0007
B0007,121,76.95686399326549,65.10975504775776,linear_regression,LOBO_B0007
B0007,122,76.18123986419369,62.64657732682959,linear_regression,LOBO_B0007
B0007,123,75.67906517794573,62.501206990460346,linear_regression,LOBO_B0007
B0007,124,75.38925374923957,61.90313482175444,linear_regression,LOBO_B0007
B0007,125,75.15980338018666,61.555619252589494,linear_regression,LOBO_B0007
B0007,126,74.89110298497941,61.45647765750874,linear_regression,LOBO_B0007
B0007,127,74.6424267316758,61.2440399558977,linear_regression,LOBO_B0007
B0007,128,74.62071949335129,61.11224627171357,linear_regression,LOBO_B0007
B0007,129,74.37413882690404,60.25012418419915,linear_regression,LOBO_B0007
B0007,130,74.12675743202055,60.26472223174342,linear_regression,LOBO_B0007
B0007,131,74.13937161114492,60.22787388166827,linear_regression,LOBO_B0007
B0007,132,73.84855898875296,60.05703684254486,linear_regression,LOBO_B0007
B0007,133,74.09507777068637,61.55032266458435,linear_regression,LOBO_B0007
B0007,134,74.90683099437412,61.371506892655646,linear_regression,LOBO_B0007
B0007,135,74.10387607196436,60.87722030365664,linear_regression,LOBO_B0007
B0007,136,73.85577656406076,60.00358242053773,linear_regression,LOBO_B0007
B0007,137,73.60386391528245,59.53202554372592,linear_regression,LOBO_B0007
B0007,138,73.6124006828227,60.2444354274026,linear_regression,LOBO_B0007
B0007,139,73.35053336137332,60.3642548845292,linear_regression,LOBO_B0007
B0007,140,73.08836247667689,59.69069160261113,linear_regression,LOBO_B0007
B0007,141,72.83476335244853,59.17463874817388,linear_regression,LOBO_B0007
B0007,142,72.5677486379478,58.63291785542562,linear_regression,LOBO_B0007
B0007,143,72.58079631286874,59.302141250366354,linear_regression,LOBO_B0007
B0007,144,72.34080666086842,59.181104056691865,linear_regression,LOBO_B0007
B0007,145,72.33785303884392,58.19948009036655,linear_regression,LOBO_B0007
B0007,146,72.06898740723396,58.11013663991184,linear_regression,LOBO_B0007
B0007,147,71.8122812610409,57.81310627849202,linear_regression,LOBO_B0007
B0007,148,71.84077076962414,58.52297380328508,linear_regression,LOBO_B0007
B0007,149,71.81472572930024,58.17561028036286,linear_regression,LOBO_B0007
B0007,150,72.09287657939008,58.24215076804569,linear_regression,LOBO_B0007
B0007,151,73.36031742390898,58.87327926311808,linear_regression,LOBO_B0007
B0007,152,72.59320183924443,57.96807511252169,linear_regression,LOBO_B0007
B0007,153,72.35689876374249,58.10957813871196,linear_regression,LOBO_B0007
B0007,154,72.08952932811995,57.446323039683385,linear_regression,LOBO_B0007
B0007,155,71.58154739555555,56.24851915722222,linear_regression,LOBO_B0007
B0007,156,71.59042124836843,56.91369991272605,linear_regression,LOBO_B0007
B0007,157,71.31281292553435,56.04988546282334,linear_regression,LOBO_B0007
B0007,158,71.30438764462457,56.96999948715583,linear_regression,LOBO_B0007
B0007,159,71.06316755015847,56.61625417089906,linear_regression,LOBO_B0007
B0007,160,70.81636374397554,56.73327831664395,linear_regression,LOBO_B0007
B0007,161,70.82890914587998,56.21501720632366,linear_regression,LOBO_B0007
B0007,162,70.54200864712588,56.46773921258047,linear_regression,LOBO_B0007
B0007,163,70.54974814173902,56.18852001558679,linear_regression,LOBO_B0007
B0007,164,70.30857145199401,55.76272728267938,linear_regression,LOBO_B0007
B0007,165,70.31679239846461,55.794212448466666,linear_regression,LOBO_B0007
B0007,166,70.02276199533257,55.31358591244416,linear_regression,LOBO_B0007
B0007,167,71.08932523027576,58.10385243494801,linear_regression,LOBO_B0007
B0007,168,71.62276360312717,58.439904966226294,linear_regression,LOBO_B0007
B0007,1,94.5526147695395,91.56647726391073,random_forest,LOBO_B0007
B0007,2,94.03185138434294,91.26084902479249,random_forest,LOBO_B0007
B0007,3,94.03313358505694,90.98790456828296,random_forest,LOBO_B0007
B0007,4,94.03854504916724,90.85763929855776,random_forest,LOBO_B0007
B0007,5,93.97254364142528,89.78546902074265,random_forest,LOBO_B0007
B0007,6,94.03501758558704,89.76715696158068,random_forest,LOBO_B0007
B0007,7,93.99676261783036,89.77325091966885,random_forest,LOBO_B0007
B0007,8,94.075440620194,89.30049261760986,random_forest,LOBO_B0007
B0007,9,93.4845393519292,89.17106804436881,random_forest,LOBO_B0007
B0007,10,93.50261900695996,88.82551087238618,random_forest,LOBO_B0007
B0007,11,93.50221197094288,88.72123749749638,random_forest,LOBO_B0007
B0007,12,92.98259493883182,88.72006978384003,random_forest,LOBO_B0007
B0007,13,92.95373280431104,88.72006978384003,random_forest,LOBO_B0007
B0007,14,92.95042288854616,88.69612233424078,random_forest,LOBO_B0007
B0007,15,92.96811293478524,88.06035572416982,random_forest,LOBO_B0007
B0007,16,92.93677725300518,87.7936696147286,random_forest,LOBO_B0007
B0007,17,92.39086456610724,87.7716966149085,random_forest,LOBO_B0007
B0007,18,92.42626458068524,87.73780277868313,random_forest,LOBO_B0007
B0007,19,92.4189475925017,87.74206451344126,random_forest,LOBO_B0007
B0007,20,94.03902718804883,90.49610546893373,random_forest,LOBO_B0007
B0007,21,94.07360798721798,90.65032493931507,random_forest,LOBO_B0007
B0007,22,94.05477156622392,90.35900334276725,random_forest,LOBO_B0007
B0007,23,93.55044824889998,90.09398337817345,random_forest,LOBO_B0007
B0007,24,93.50997575970688,89.41872359714641,random_forest,LOBO_B0007
B0007,25,93.53357681400492,89.11110584692189,random_forest,LOBO_B0007
B0007,26,92.98062322010084,89.01554412457929,random_forest,LOBO_B0007
B0007,27,93.0016954859173,89.01178380541701,random_forest,LOBO_B0007
B0007,28,92.95826554580384,89.00752207065888,random_forest,LOBO_B0007
B0007,29,92.40699089389145,88.44868393741034,random_forest,LOBO_B0007
B0007,30,92.4600851063082,88.43138374941718,random_forest,LOBO_B0007
B0007,31,94.17338718975424,91.19512766610887,random_forest,LOBO_B0007
B0007,32,93.14105558952922,90.40969157042585,random_forest,LOBO_B0007
B0007,33,92.6042519826176,90.31522216781883,random_forest,LOBO_B0007
B0007,34,92.34752324104352,89.38302806833694,random_forest,LOBO_B0007
B0007,35,91.8414215584509,89.07040943218058,random_forest,LOBO_B0007
B0007,36,91.85809809836137,89.40469453966014,random_forest,LOBO_B0007
B0007,37,91.58361291859428,88.48863278537617,random_forest,LOBO_B0007
B0007,38,91.05735475658892,88.01548600866087,random_forest,LOBO_B0007
B0007,39,90.82530457557574,87.77844650747271,random_forest,LOBO_B0007
B0007,40,90.56907800752278,87.76493319046845,random_forest,LOBO_B0007
B0007,41,90.58028166969792,87.77788177481754,random_forest,LOBO_B0007
B0007,42,90.302744777787,87.74183794850443,random_forest,LOBO_B0007
B0007,43,90.66020913497027,87.78193844468582,random_forest,LOBO_B0007
B0007,44,90.31320969141768,87.68126442889668,random_forest,LOBO_B0007
B0007,45,89.79155124950229,87.64559971313723,random_forest,LOBO_B0007
B0007,46,89.29426300195226,87.25101821306664,random_forest,LOBO_B0007
B0007,47,89.01634302251377,87.16020112827145,random_forest,LOBO_B0007
B0007,48,90.75378449787787,89.8429429306467,random_forest,LOBO_B0007
B0007,49,90.7851257742292,89.51196536523952,random_forest,LOBO_B0007
B0007,50,90.01216089028337,88.27828171878774,random_forest,LOBO_B0007
B0007,51,89.52238102804654,87.66719712069937,random_forest,LOBO_B0007
B0007,52,89.0171516150066,87.63483965654262,random_forest,LOBO_B0007
B0007,53,88.7664384798406,87.28991926518793,random_forest,LOBO_B0007
B0007,54,88.51314867366426,87.16006943575924,random_forest,LOBO_B0007
B0007,55,88.0040530927102,86.34744294109554,random_forest,LOBO_B0007
B0007,56,87.48237967688445,86.03233579045349,random_forest,LOBO_B0007
B0007,57,87.48250375296554,85.84992102766141,random_forest,LOBO_B0007
B0007,58,87.25143696073415,85.87417748113732,random_forest,LOBO_B0007
B0007,59,86.98228727643364,85.87863795638812,random_forest,LOBO_B0007
B0007,60,86.42821138858982,84.02510740307194,random_forest,LOBO_B0007
B0007,61,86.1950162294209,83.72553002314896,random_forest,LOBO_B0007
B0007,62,85.69894388242597,83.1141010127555,random_forest,LOBO_B0007
B0007,63,85.69850998502307,83.12644963005329,random_forest,LOBO_B0007
B0007,64,85.18260586819383,83.05767231844376,random_forest,LOBO_B0007
B0007,65,85.20068737191244,82.8688550728921,random_forest,LOBO_B0007
B0007,66,84.67858078671516,82.76418511840996,random_forest,LOBO_B0007
B0007,67,84.38288681938828,82.73720664961543,random_forest,LOBO_B0007
B0007,68,84.15372178291575,82.0666058398351,random_forest,LOBO_B0007
B0007,69,83.89635071012741,81.9941234745233,random_forest,LOBO_B0007
B0007,70,83.66030137983086,81.8791693173659,random_forest,LOBO_B0007
B0007,71,83.37183604126994,81.86082556802309,random_forest,LOBO_B0007
B0007,72,83.11331315333763,81.76867248667213,random_forest,LOBO_B0007
B0007,73,82.87121532881531,81.43088585693589,random_forest,LOBO_B0007
B0007,74,82.6269342464367,81.19743044994675,random_forest,LOBO_B0007
B0007,75,82.3608731378666,81.15279077644239,random_forest,LOBO_B0007
B0007,76,81.82068405449036,80.88108969292234,random_forest,LOBO_B0007
B0007,77,81.81277156024248,80.87749547082112,random_forest,LOBO_B0007
B0007,78,82.0559589609192,81.20527545171413,random_forest,LOBO_B0007
B0007,79,81.57850394828483,80.5218020133459,random_forest,LOBO_B0007
B0007,80,81.0606641493618,80.14988342265482,random_forest,LOBO_B0007
B0007,81,80.82136607381061,79.71626314132558,random_forest,LOBO_B0007
B0007,82,80.79117550809605,79.88922248797971,random_forest,LOBO_B0007
B0007,83,80.83620901489451,79.9189875988918,random_forest,LOBO_B0007
B0007,84,80.54327931865014,79.24092710269758,random_forest,LOBO_B0007
B0007,85,80.03301687154688,78.17752296608121,random_forest,LOBO_B0007
B0007,86,79.79587243502831,78.10965473760531,random_forest,LOBO_B0007
B0007,87,79.81089759731121,78.1122088050042,random_forest,LOBO_B0007
B0007,88,79.79032557316987,78.13141462745067,random_forest,LOBO_B0007
B0007,89,79.53253910740352,78.11402737281799,random_forest,LOBO_B0007
B0007,90,84.44105580927753,82.70951565836816,random_forest,LOBO_B0007
B0007,91,81.29969139866601,80.89163886135533,random_forest,LOBO_B0007
B0007,92,80.78716931406449,80.5502329221044,random_forest,LOBO_B0007
B0007,93,80.28313382423269,79.25092410064237,random_forest,LOBO_B0007
B0007,94,79.74873460762174,78.18251131443218,random_forest,LOBO_B0007
B0007,95,79.52051219435972,78.09842901933743,random_forest,LOBO_B0007
B0007,96,79.26758531494089,77.93096526282629,random_forest,LOBO_B0007
B0007,97,78.99868573621188,77.84908159047754,random_forest,LOBO_B0007
B0007,98,78.76092732639034,77.6440588045355,random_forest,LOBO_B0007
B0007,99,78.4899242324434,77.05176372023251,random_forest,LOBO_B0007
B0007,100,78.51282687975178,76.92179617033315,random_forest,LOBO_B0007
B0007,101,78.2624936954719,76.73516659054717,random_forest,LOBO_B0007
B0007,102,77.98169667805736,76.70333196178957,random_forest,LOBO_B0007
B0007,103,78.24910266696052,77.93187523055644,random_forest,LOBO_B0007
B0007,104,78.7489749921135,77.30035026010546,random_forest,LOBO_B0007
B0007,105,78.2640558439023,76.89097857915422,random_forest,LOBO_B0007
B0007,106,77.9877748735063,76.65034250999221,random_forest,LOBO_B0007
B0007,107,77.49488428352494,76.5644573698687,random_forest,LOBO_B0007
B0007,108,77.1938576567251,76.54639405381994,random_forest,LOBO_B0007
B0007,109,77.25093744345037,76.43265903811097,random_forest,LOBO_B0007
B0007,110,77.22970077051454,76.44602653804606,random_forest,LOBO_B0007
B0007,111,76.71543360879438,76.17024773426981,random_forest,LOBO_B0007
B0007,112,76.43801971479242,75.8496181830021,random_forest,LOBO_B0007
B0007,113,76.44630124589922,74.45046197066742,random_forest,LOBO_B0007
B0007,114,76.45458250665615,74.60417471983199,random_forest,LOBO_B0007
B0007,115,76.19529662330623,74.20866888351209,random_forest,LOBO_B0007
B0007,116,75.93337709550308,74.20313914024682,random_forest,LOBO_B0007
B0007,117,75.68241133213476,73.8201373202464,random_forest,LOBO_B0007
B0007,118,75.68025092614516,73.82563295827386,random_forest,LOBO_B0007
B0007,119,75.69735307433983,73.76693218645114,random_forest,LOBO_B0007
B0007,120,76.69799596579394,76.0324669814612,random_forest,LOBO_B0007
B0007,121,76.95686399326549,75.6016103206183,random_forest,LOBO_B0007
B0007,122,76.18123986419369,74.11137041916585,random_forest,LOBO_B0007
B0007,123,75.67906517794573,73.9573836154867,random_forest,LOBO_B0007
B0007,124,75.38925374923957,73.33118839122504,random_forest,LOBO_B0007
B0007,125,75.15980338018666,72.75091402310714,random_forest,LOBO_B0007
B0007,126,74.89110298497941,72.24676136448413,random_forest,LOBO_B0007
B0007,127,74.6424267316758,71.98004228114793,random_forest,LOBO_B0007
B0007,128,74.62071949335129,71.73599001934907,random_forest,LOBO_B0007
B0007,129,74.37413882690404,71.39493093891585,random_forest,LOBO_B0007
B0007,130,74.12675743202055,71.32412472170836,random_forest,LOBO_B0007
B0007,131,74.13937161114492,70.82155860541253,random_forest,LOBO_B0007
B0007,132,73.84855898875296,70.52794258391516,random_forest,LOBO_B0007
B0007,133,74.09507777068637,71.91037656720921,random_forest,LOBO_B0007
B0007,134,74.90683099437412,71.52290031496435,random_forest,LOBO_B0007
B0007,135,74.10387607196436,70.56855564712231,random_forest,LOBO_B0007
B0007,136,73.85577656406076,70.47284971832192,random_forest,LOBO_B0007
B0007,137,73.60386391528245,70.44767487759366,random_forest,LOBO_B0007
B0007,138,73.6124006828227,70.43767276708067,random_forest,LOBO_B0007
B0007,139,73.35053336137332,70.43767276708067,random_forest,LOBO_B0007
B0007,140,73.08836247667689,70.39010219237483,random_forest,LOBO_B0007
B0007,141,72.83476335244853,70.3045821335538,random_forest,LOBO_B0007
B0007,142,72.5677486379478,70.28893479069687,random_forest,LOBO_B0007
B0007,143,72.58079631286874,70.26807031425912,random_forest,LOBO_B0007
B0007,144,72.34080666086842,70.2417129520586,random_forest,LOBO_B0007
B0007,145,72.33785303884392,70.15272776483982,random_forest,LOBO_B0007
B0007,146,72.06898740723396,70.09876021406447,random_forest,LOBO_B0007
B0007,147,71.8122812610409,69.94811956375129,random_forest,LOBO_B0007
B0007,148,71.84077076962414,70.01161637811303,random_forest,LOBO_B0007
B0007,149,71.81472572930024,69.85799156362287,random_forest,LOBO_B0007
B0007,150,72.09287657939008,70.16676670730381,random_forest,LOBO_B0007
B0007,151,73.36031742390898,70.37693113432606,random_forest,LOBO_B0007
B0007,152,72.59320183924443,70.27042265740718,random_forest,LOBO_B0007
B0007,153,72.35689876374249,70.1556878217389,random_forest,LOBO_B0007
B0007,154,72.08952932811995,69.97799695578438,random_forest,LOBO_B0007
B0007,155,71.58154739555555,69.80008639453803,random_forest,LOBO_B0007
B0007,156,71.59042124836843,69.78831651183044,random_forest,LOBO_B0007
B0007,157,71.31281292553435,69.36116364419048,random_forest,LOBO_B0007
B0007,158,71.30438764462457,69.32407812376401,random_forest,LOBO_B0007
B0007,159,71.06316755015847,69.1794405122204,random_forest,LOBO_B0007
B0007,160,70.81636374397554,69.12897855795661,random_forest,LOBO_B0007
B0007,161,70.82890914587998,68.88622627278589,random_forest,LOBO_B0007
B0007,162,70.54200864712588,68.8730622121153,random_forest,LOBO_B0007
B0007,163,70.54974814173902,68.81800029529403,random_forest,LOBO_B0007
B0007,164,70.30857145199401,68.76956274269507,random_forest,LOBO_B0007
B0007,165,70.31679239846461,68.62734311424508,random_forest,LOBO_B0007
B0007,166,70.02276199533257,68.59941731117988,random_forest,LOBO_B0007
B0007,167,71.08932523027576,69.88748840669324,random_forest,LOBO_B0007
B0007,168,71.62276360312717,69.85081202906778,random_forest,LOBO_B0007
B0007,1,94.5526147695395,92.90043640136719,xgboost,LOBO_B0007
B0007,2,94.03185138434294,91.75067138671875,xgboost,LOBO_B0007
B0007,3,94.03313358505694,91.68489074707031,xgboost,LOBO_B0007
B0007,4,94.03854504916724,91.64031982421875,xgboost,LOBO_B0007
B0007,5,93.97254364142528,90.30729675292969,xgboost,LOBO_B0007
B0007,6,94.03501758558704,90.34001159667969,xgboost,LOBO_B0007
B0007,7,93.99676261783036,90.24665069580078,xgboost,LOBO_B0007
B0007,8,94.075440620194,89.76915740966797,xgboost,LOBO_B0007
B0007,9,93.4845393519292,89.27252960205078,xgboost,LOBO_B0007
B0007,10,93.50261900695996,89.27355194091797,xgboost,LOBO_B0007
B0007,11,93.50221197094288,89.05174255371094,xgboost,LOBO_B0007
B0007,12,92.98259493883182,88.9981918334961,xgboost,LOBO_B0007
B0007,13,92.95373280431104,89.02622985839844,xgboost,LOBO_B0007
B0007,14,92.95042288854616,88.98552703857422,xgboost,LOBO_B0007
B0007,15,92.96811293478524,88.28535461425781,xgboost,LOBO_B0007
B0007,16,92.93677725300518,87.72327423095703,xgboost,LOBO_B0007
B0007,17,92.39086456610724,87.72254180908203,xgboost,LOBO_B0007
B0007,18,92.42626458068524,87.70960235595703,xgboost,LOBO_B0007
B0007,19,92.4189475925017,87.71558380126953,xgboost,LOBO_B0007
B0007,20,94.03902718804883,90.67648315429688,xgboost,LOBO_B0007
B0007,21,94.07360798721798,90.75010681152344,xgboost,LOBO_B0007
B0007,22,94.05477156622392,90.7112808227539,xgboost,LOBO_B0007
B0007,23,93.55044824889998,89.5540542602539,xgboost,LOBO_B0007
B0007,24,93.50997575970688,89.4108657836914,xgboost,LOBO_B0007
B0007,25,93.53357681400492,89.30501556396484,xgboost,LOBO_B0007
B0007,26,92.98062322010084,88.73564147949219,xgboost,LOBO_B0007
B0007,27,93.0016954859173,88.74162292480469,xgboost,LOBO_B0007
B0007,28,92.95826554580384,88.73564147949219,xgboost,LOBO_B0007
B0007,29,92.40699089389145,88.74295043945312,xgboost,LOBO_B0007
B0007,30,92.4600851063082,88.27604675292969,xgboost,LOBO_B0007
B0007,31,94.17338718975424,91.27802276611328,xgboost,LOBO_B0007
B0007,32,93.14105558952922,90.65621185302734,xgboost,LOBO_B0007
B0007,33,92.6042519826176,90.51378631591797,xgboost,LOBO_B0007
B0007,34,92.34752324104352,89.23905944824219,xgboost,LOBO_B0007
B0007,35,91.8414215584509,89.1241226196289,xgboost,LOBO_B0007
B0007,36,91.85809809836137,89.16482543945312,xgboost,LOBO_B0007
B0007,37,91.58361291859428,88.70291900634766,xgboost,LOBO_B0007
B0007,38,91.05735475658892,87.90286254882812,xgboost,LOBO_B0007
B0007,39,90.82530457557574,87.362060546875,xgboost,LOBO_B0007
B0007,40,90.56907800752278,87.32200622558594,xgboost,LOBO_B0007
B0007,41,90.58028166969792,87.38590240478516,xgboost,LOBO_B0007
B0007,42,90.302744777787,87.38229370117188,xgboost,LOBO_B0007
B0007,43,90.66020913497027,87.3266830444336,xgboost,LOBO_B0007
B0007,44,90.31320969141768,87.29232025146484,xgboost,LOBO_B0007
B0007,45,89.79155124950229,87.28742218017578,xgboost,LOBO_B0007
B0007,46,89.29426300195226,87.03702545166016,xgboost,LOBO_B0007
B0007,47,89.01634302251377,87.04300689697266,xgboost,LOBO_B0007
B0007,48,90.75378449787787,90.49201965332031,xgboost,LOBO_B0007
B0007,49,90.7851257742292,89.74656677246094,xgboost,LOBO_B0007
B0007,50,90.01216089028337,88.5871810913086,xgboost,LOBO_B0007
B0007,51,89.52238102804654,87.33219909667969,xgboost,LOBO_B0007
B0007,52,89.0171516150066,87.33496856689453,xgboost,LOBO_B0007
B0007,53,88.7664384798406,87.11446380615234,xgboost,LOBO_B0007
B0007,54,88.51314867366426,87.0828857421875,xgboost,LOBO_B0007
B0007,55,88.0040530927102,86.15489959716797,xgboost,LOBO_B0007
B0007,56,87.48237967688445,86.02568817138672,xgboost,LOBO_B0007
B0007,57,87.48250375296554,85.01766204833984,xgboost,LOBO_B0007
B0007,58,87.25143696073415,85.34544372558594,xgboost,LOBO_B0007
B0007,59,86.98228727643364,85.74681854248047,xgboost,LOBO_B0007
B0007,60,86.42821138858982,84.27812957763672,xgboost,LOBO_B0007
B0007,61,86.1950162294209,84.31818389892578,xgboost,LOBO_B0007
B0007,62,85.69894388242597,83.3427734375,xgboost,LOBO_B0007
B0007,63,85.69850998502307,83.34468078613281,xgboost,LOBO_B0007
B0007,64,85.18260586819383,83.18650817871094,xgboost,LOBO_B0007
B0007,65,85.20068737191244,83.12029266357422,xgboost,LOBO_B0007
B0007,66,84.67858078671516,82.84612274169922,xgboost,LOBO_B0007
B0007,67,84.38288681938828,82.72710418701172,xgboost,LOBO_B0007
B0007,68,84.15372178291575,81.95217895507812,xgboost,LOBO_B0007
B0007,69,83.89635071012741,81.8956069946289,xgboost,LOBO_B0007
B0007,70,83.66030137983086,81.81096649169922,xgboost,LOBO_B0007
B0007,71,83.37183604126994,81.66514587402344,xgboost,LOBO_B0007
B0007,72,83.11331315333763,81.3418960571289,xgboost,LOBO_B0007
B0007,73,82.87121532881531,80.8191146850586,xgboost,LOBO_B0007
B0007,74,82.6269342464367,80.77058410644531,xgboost,LOBO_B0007
B0007,75,82.3608731378666,80.46273803710938,xgboost,LOBO_B0007
B0007,76,81.82068405449036,80.24507904052734,xgboost,LOBO_B0007
B0007,77,81.81277156024248,80.37560272216797,xgboost,LOBO_B0007
B0007,78,82.0559589609192,80.20071411132812,xgboost,LOBO_B0007
B0007,79,81.57850394828483,80.16584777832031,xgboost,LOBO_B0007
B0007,80,81.0606641493618,79.96379852294922,xgboost,LOBO_B0007
B0007,81,80.82136607381061,79.32157135009766,xgboost,LOBO_B0007
B0007,82,80.79117550809605,79.57730102539062,xgboost,LOBO_B0007
B0007,83,80.83620901489451,79.63074493408203,xgboost,LOBO_B0007
B0007,84,80.54327931865014,79.4228515625,xgboost,LOBO_B0007
B0007,85,80.03301687154688,78.6318359375,xgboost,LOBO_B0007
B0007,86,79.79587243502831,77.97061157226562,xgboost,LOBO_B0007
B0007,87,79.81089759731121,78.03126525878906,xgboost,LOBO_B0007
B0007,88,79.79032557316987,78.24282836914062,xgboost,LOBO_B0007
B0007,89,79.53253910740352,78.10198211669922,xgboost,LOBO_B0007
B0007,90,84.44105580927753,83.71214294433594,xgboost,LOBO_B0007
B0007,91,81.29969139866601,80.17029571533203,xgboost,LOBO_B0007
B0007,92,80.78716931406449,80.0517807006836,xgboost,LOBO_B0007
B0007,93,80.28313382423269,79.37496948242188,xgboost,LOBO_B0007
B0007,94,79.74873460762174,78.6166763305664,xgboost,LOBO_B0007
B0007,95,79.52051219435972,78.06195068359375,xgboost,LOBO_B0007
B0007,96,79.26758531494089,78.03050231933594,xgboost,LOBO_B0007
B0007,97,78.99868573621188,77.58979034423828,xgboost,LOBO_B0007
B0007,98,78.76092732639034,77.5040054321289,xgboost,LOBO_B0007
B0007,99,78.4899242324434,76.73645782470703,xgboost,LOBO_B0007
B0007,100,78.51282687975178,76.5849838256836,xgboost,LOBO_B0007
B0007,101,78.2624936954719,76.40826416015625,xgboost,LOBO_B0007
B0007,102,77.98169667805736,76.41424560546875,xgboost,LOBO_B0007
B0007,103,78.24910266696052,77.4260482788086,xgboost,LOBO_B0007
B0007,104,78.7489749921135,77.07807922363281,xgboost,LOBO_B0007
B0007,105,78.2640558439023,76.4686508178711,xgboost,LOBO_B0007
B0007,106,77.9877748735063,76.25154876708984,xgboost,LOBO_B0007
B0007,107,77.49488428352494,75.76475524902344,xgboost,LOBO_B0007
B0007,108,77.1938576567251,75.70121002197266,xgboost,LOBO_B0007
B0007,109,77.25093744345037,75.98823547363281,xgboost,LOBO_B0007
B0007,110,77.22970077051454,75.75276184082031,xgboost,LOBO_B0007
B0007,111,76.71543360879438,75.34060668945312,xgboost,LOBO_B0007
B0007,112,76.43801971479242,74.03951263427734,xgboost,LOBO_B0007
B0007,113,76.44630124589922,73.4345932006836,xgboost,LOBO_B0007
B0007,114,76.45458250665615,73.4286117553711,xgboost,LOBO_B0007
B0007,115,76.19529662330623,73.24748229980469,xgboost,LOBO_B0007
B0007,116,75.93337709550308,73.22175598144531,xgboost,LOBO_B0007
B0007,117,75.68241133213476,73.07174682617188,xgboost,LOBO_B0007
B0007,118,75.68025092614516,73.01692962646484,xgboost,LOBO_B0007
B0007,119,75.69735307433983,73.01692962646484,xgboost,LOBO_B0007
B0007,120,76.69799596579394,74.37743377685547,xgboost,LOBO_B0007
B0007,121,76.95686399326549,75.28727722167969,xgboost,LOBO_B0007
B0007,122,76.18123986419369,73.33330535888672,xgboost,LOBO_B0007
B0007,123,75.67906517794573,73.15528869628906,xgboost,LOBO_B0007
B0007,124,75.38925374923957,72.1680908203125,xgboost,LOBO_B0007
B0007,125,75.15980338018666,72.02923583984375,xgboost,LOBO_B0007
B0007,126,74.89110298497941,71.7206802368164,xgboost,LOBO_B0007
B0007,127,74.6424267316758,71.72916412353516,xgboost,LOBO_B0007
B0007,128,74.62071949335129,71.59756469726562,xgboost,LOBO_B0007
B0007,129,74.37413882690404,71.62705993652344,xgboost,LOBO_B0007
B0007,130,74.12675743202055,71.60354614257812,xgboost,LOBO_B0007
B0007,131,74.13937161114492,71.04759216308594,xgboost,LOBO_B0007
B0007,132,73.84855898875296,70.99371337890625,xgboost,LOBO_B0007
B0007,133,74.09507777068637,71.86314392089844,xgboost,LOBO_B0007
B0007,134,74.90683099437412,71.67018127441406,xgboost,LOBO_B0007
B0007,135,74.10387607196436,71.09022521972656,xgboost,LOBO_B0007
B0007,136,73.85577656406076,71.04216003417969,xgboost,LOBO_B0007
B0007,137,73.60386391528245,70.92797088623047,xgboost,LOBO_B0007
B0007,138,73.6124006828227,70.8748550415039,xgboost,LOBO_B0007
B0007,139,73.35053336137332,70.88175964355469,xgboost,LOBO_B0007
B0007,140,73.08836247667689,70.73335266113281,xgboost,LOBO_B0007
B0007,141,72.83476335244853,70.6427001953125,xgboost,LOBO_B0007
B0007,142,72.5677486379478,70.60279083251953,xgboost,LOBO_B0007
B0007,143,72.58079631286874,70.6285171508789,xgboost,LOBO_B0007
B0007,144,72.34080666086842,70.54615783691406,xgboost,LOBO_B0007
B0007,145,72.33785303884392,70.40318298339844,xgboost,LOBO_B0007
B0007,146,72.06898740723396,69.92633056640625,xgboost,LOBO_B0007
B0007,147,71.8122812610409,69.65120697021484,xgboost,LOBO_B0007
B0007,148,71.84077076962414,69.7253189086914,xgboost,LOBO_B0007
B0007,149,71.81472572930024,69.7313003540039,xgboost,LOBO_B0007
B0007,150,72.09287657939008,70.61414337158203,xgboost,LOBO_B0007
B0007,151,73.36031742390898,70.71339416503906,xgboost,LOBO_B0007
B0007,152,72.59320183924443,70.58757019042969,xgboost,LOBO_B0007
B0007,153,72.35689876374249,70.36378479003906,xgboost,LOBO_B0007
B0007,154,72.08952932811995,69.60551452636719,xgboost,LOBO_B0007
B0007,155,71.58154739555555,69.60962677001953,xgboost,LOBO_B0007
B0007,156,71.59042124836843,69.63758087158203,xgboost,LOBO_B0007
B0007,157,71.31281292553435,68.653076171875,xgboost,LOBO_B0007
B0007,158,71.30438764462457,68.615234375,xgboost,LOBO_B0007
B0007,159,71.06316755015847,68.53858947753906,xgboost,LOBO_B0007
B0007,160,70.81636374397554,68.5260009765625,xgboost,LOBO_B0007
B0007,161,70.82890914587998,67.89342498779297,xgboost,LOBO_B0007
B0007,162,70.54200864712588,67.77107238769531,xgboost,LOBO_B0007
B0007,163,70.54974814173902,67.7510986328125,xgboost,LOBO_B0007
B0007,164,70.30857145199401,67.757080078125,xgboost,LOBO_B0007
B0007,165,70.31679239846461,67.76349639892578,xgboost,LOBO_B0007
B0007,166,70.02276199533257,67.76628112792969,xgboost,LOBO_B0007
B0007,167,71.08932523027576,69.44817352294922,xgboost,LOBO_B0007
B0007,168,71.62276360312717,69.47506713867188,xgboost,LOBO_B0007
B0018,1,92.75022603955408,79.39623537767443,train_mean,LOBO_B0018
B0018,2,92.15977658544992,79.39623537767443,train_mean,LOBO_B0018
B0018,3,91.98009212177712,79.39623537767443,train_mean,LOBO_B0018
B0018,4,91.53368022481028,79.39623537767443,train_mean,LOBO_B0018
B0018,5,91.63501034709827,79.39623537767443,train_mean,LOBO_B0018
B0018,6,91.42644423023194,79.39623537767443,train_mean,LOBO_B0018
B0018,7,91.06005947848962,79.39623537767443,train_mean,LOBO_B0018
B0018,8,90.7585005321664,79.39623537767443,train_mean,LOBO_B0018
B0018,9,90.21490260483824,79.39623537767443,train_mean,LOBO_B0018
B0018,10,91.15501151422112,79.39623537767443,train_mean,LOBO_B0018
B0018,11,90.60626760127748,79.39623537767443,train_mean,LOBO_B0018
B0018,12,90.23458191058884,79.39623537767443,train_mean,LOBO_B0018
B0018,13,89.54221748931475,79.39623537767443,train_mean,LOBO_B0018
B0018,14,89.1735361420963,79.39623537767443,train_mean,LOBO_B0018
B0018,15,89.04693062655352,79.39623537767443,train_mean,LOBO_B0018
B0018,16,88.5604519836349,79.39623537767443,train_mean,LOBO_B0018
B0018,17,88.43151998353538,79.39623537767443,train_mean,LOBO_B0018
B0018,18,87.68152400958562,79.39623537767443,train_mean,LOBO_B0018
B0018,19,87.31098708207547,79.39623537767443,train_mean,LOBO_B0018
B0018,20,86.88323668526868,79.39623537767443,train_mean,LOBO_B0018
B0018,21,86.57583367737918,79.39623537767443,train_mean,LOBO_B0018
B0018,22,85.42974947235301,79.39623537767443,train_mean,LOBO_B0018
B0018,23,85.57349785341056,79.39623537767443,train_mean,LOBO_B0018
B0018,24,85.37510686636314,79.39623537767443,train_mean,LOBO_B0018
B0018,25,87.46191032180114,79.39623537767443,train_mean,LOBO_B0018
B0018,26,86.63848573714978,79.39623537767443,train_mean,LOBO_B0018
B0018,27,86.11156664146188,79.39623537767443,train_mean,LOBO_B0018
B0018,28,85.59231494923645,79.39623537767443,train_mean,LOBO_B0018
B0018,29,84.96339175633435,79.39623537767443,train_mean,LOBO_B0018
B0018,30,84.70183219621553,79.39623537767443,train_mean,LOBO_B0018
B0018,31,84.09513539384044,79.39623537767443,train_mean,LOBO_B0018
B0018,32,83.84885309216843,79.39623537767443,train_mean,LOBO_B0018
B0018,33,83.27614653239468,79.39623537767443,train_mean,LOBO_B0018
B0018,34,82.85962287916043,79.39623537767443,train_mean,LOBO_B0018
B0018,35,82.41120777647023,79.39623537767443,train_mean,LOBO_B0018
B0018,36,81.93850748993631,79.39623537767443,train_mean,LOBO_B0018
B0018,37,81.38243453631031,79.39623537767443,train_mean,LOBO_B0018
B0018,38,81.107685113626,79.39623537767443,train_mean,LOBO_B0018
B0018,39,80.70033255233793,79.39623537767443,train_mean,LOBO_B0018
B0018,40,83.80258077212311,79.39623537767443,train_mean,LOBO_B0018
B0018,41,82.46503212760994,79.39623537767443,train_mean,LOBO_B0018
B0018,42,81.6191495929045,79.39623537767443,train_mean,LOBO_B0018
B0018,43,80.82079859512888,79.39623537767443,train_mean,LOBO_B0018
B0018,44,80.54514189124689,79.39623537767443,train_mean,LOBO_B0018
B0018,45,79.77319346847828,79.39623537767443,train_mean,LOBO_B0018
B0018,46,86.3353720042882,79.39623537767443,train_mean,LOBO_B0018
B0018,47,85.82836958714877,79.39623537767443,train_mean,LOBO_B0018
B0018,48,84.79117785467423,79.39623537767443,train_mean,LOBO_B0018
B0018,49,83.88891595396278,79.39623537767443,train_mean,LOBO_B0018
B0018,50,83.03293448887096,79.39623537767443,train_mean,LOBO_B0018
B0018,51,83.32054637413732,79.39623537767443,train_mean,LOBO_B0018
B0018,52,82.34168087203902,79.39623537767443,train_mean,LOBO_B0018
B0018,53,81.28819964389976,79.39623537767443,train_mean,LOBO_B0018
B0018,54,80.60788705937297,79.39623537767443,train_mean,LOBO_B0018
B0018,55,80.28683411877672,79.39623537767443,train_mean,LOBO_B0018
B0018,56,83.68226574399445,79.39623537767443,train_mean,LOBO_B0018
B0018,57,82.02174286174969,79.39623537767443,train_mean,LOBO_B0018
B0018,58,80.66326658711039,79.39623537767443,train_mean,LOBO_B0018
B0018,59,79.60482162343139,79.39623537767443,train_mean,LOBO_B0018
B0018,60,79.33005910349412,79.39623537767443,train_mean,LOBO_B0018
B0018,61,79.00383245168126,79.39623537767443,train_mean,LOBO_B0018
B0018,62,78.20866476644584,79.39623537767443,train_mean,LOBO_B0018
B0018,63,77.7809136096961,79.39623537767443,train_mean,LOBO_B0018
B0018,64,77.01022639318698,79.39623537767443,train_mean,LOBO_B0018
B0018,65,76.60806507979932,79.39623537767443,train_mean,LOBO_B0018
B0018,66,76.58116201846707,79.39623537767443,train_mean,LOBO_B0018
B0018,67,76.11297975385989,79.39623537767443,train_mean,LOBO_B0018
B0018,68,75.32633563425641,79.39623537767443,train_mean,LOBO_B0018
B0018,69,75.07109778266464,79.39623537767443,train_mean,LOBO_B0018
B0018,70,74.81767058743229,79.39623537767443,train_mean,LOBO_B0018
B0018,71,76.6713100015621,79.39623537767443,train_mean,LOBO_B0018
B0018,72,76.1922633757213,79.39623537767443,train_mean,LOBO_B0018
B0018,73,75.05960497130619,79.39623537767443,train_mean,LOBO_B0018
B0018,74,74.62088357251456,79.39623537767443,train_mean,LOBO_B0018
B0018,75,74.16619259700616,79.39623537767443,train_mean,LOBO_B0018
B0018,76,74.03688396147098,79.39623537767443,train_mean,LOBO_B0018
B0018,77,73.67538904951239,79.39623537767443,train_mean,LOBO_B0018
B0018,78,73.40096426333051,79.39623537767443,train_mean,LOBO_B0018
B0018,79,72.9046177855951,79.39623537767443,train_mean,LOBO_B0018
B0018,80,72.39330494445699,79.39623537767443,train_mean,LOBO_B0018
B0018,81,72.6390438877099,79.39623537767443,train_mean,LOBO_B0018
B0018,82,72.12678182246216,79.39623537767443,train_mean,LOBO_B0018
B0018,83,71.96356438601657,79.39623537767443,train_mean,LOBO_B0018
B0018,84,71.43237840944109,79.39623537767443,train_mean,LOBO_B0018
B0018,85,71.24513375002448,79.39623537767443,train_mean,LOBO_B0018
B0018,86,73.49057662262062,79.39623537767443,train_mean,LOBO_B0018
B0018,87,72.62909825525101,79.39623537767443,train_mean,LOBO_B0018
B0018,88,72.1417099454397,79.39623537767443,train_mean,LOBO_B0018
B0018,89,71.41880294039746,79.39623537767443,train_mean,LOBO_B0018
B0018,90,70.77273922185357,79.39623537767443,train_mean,LOBO_B0018
B0018,91,72.7288335038854,79.39623537767443,train_mean,LOBO_B0018
B0018,92,71.41589774137029,79.39623537767443,train_mean,LOBO_B0018
B0018,93,70.98513441602029,79.39623537767443,train_mean,LOBO_B0018
B0018,94,70.77803315153258,79.39623537767443,train_mean,LOBO_B0018
B0018,95,70.2840017709614,79.39623537767443,train_mean,LOBO_B0018
B0018,96,70.42230535583069,79.39623537767443,train_mean,LOBO_B0018
B0018,97,69.84273891436207,79.39623537767443,train_mean,LOBO_B0018
B0018,98,69.67835185720338,79.39623537767443,train_mean,LOBO_B0018
B0018,99,69.46822146404737,79.39623537767443,train_mean,LOBO_B0018
B0018,100,68.92825707833356,79.39623537767443,train_mean,LOBO_B0018
B0018,101,69.24505550428735,79.39623537767443,train_mean,LOBO_B0018
B0018,102,68.51625907121222,79.39623537767443,train_mean,LOBO_B0018
B0018,103,68.6673219261454,79.39623537767443,train_mean,LOBO_B0018
B0018,104,68.39743642752407,79.39623537767443,train_mean,LOBO_B0018
B0018,105,67.83570543544823,79.39623537767443,train_mean,LOBO_B0018
B0018,106,73.02155104597287,79.39623537767443,train_mean,LOBO_B0018
B0018,107,72.50499468552049,79.39623537767443,train_mean,LOBO_B0018
B0018,108,71.90703450912248,79.39623537767443,train_mean,LOBO_B0018
B0018,109,71.41840990482157,79.39623537767443,train_mean,LOBO_B0018
B0018,110,70.73937258776216,79.39623537767443,train_mean,LOBO_B0018
B0018,111,70.6944581696591,79.39623537767443,train_mean,LOBO_B0018
B0018,112,69.94665831088612,79.39623537767443,train_mean,LOBO_B0018
B0018,113,69.76661292016988,79.39623537767443,train_mean,LOBO_B0018
B0018,114,69.50230647701225,79.39623537767443,train_mean,LOBO_B0018
B0018,115,69.30135727104823,79.39623537767443,train_mean,LOBO_B0018
B0018,116,69.41076300968754,79.39623537767443,train_mean,LOBO_B0018
B0018,117,68.80913281197249,79.39623537767443,train_mean,LOBO_B0018
B0018,118,68.23584449320083,79.39623537767443,train_mean,LOBO_B0018
B0018,119,67.94927369686792,79.39623537767443,train_mean,LOBO_B0018
B0018,120,67.31154382004401,79.39623537767443,train_mean,LOBO_B0018
B0018,121,71.34213909227321,79.39623537767443,train_mean,LOBO_B0018
B0018,122,70.32240741639832,79.39623537767443,train_mean,LOBO_B0018
B0018,123,69.67453746037576,79.39623537767443,train_mean,LOBO_B0018
B0018,124,69.41246756124659,79.39623537767443,train_mean,LOBO_B0018
B0018,125,68.50939169210464,79.39623537767443,train_mean,LOBO_B0018
B0018,126,68.9847583280431,79.39623537767443,train_mean,LOBO_B0018
B0018,127,68.43293161967841,79.39623537767443,train_mean,LOBO_B0018
B0018,128,68.13685889548219,79.39623537767443,train_mean,LOBO_B0018
B0018,129,68.17025566964037,79.39623537767443,train_mean,LOBO_B0018
B0018,130,67.59323017652616,79.39623537767443,train_mean,LOBO_B0018
B0018,131,67.7398486482631,79.39623537767443,train_mean,LOBO_B0018
B0018,132,67.05257203202424,79.39623537767443,train_mean,LOBO_B0018
B0018,1,92.75022603955408,96.40617434533812,cycle_only_linear,LOBO_B0018
B0018,2,92.15977658544992,96.20246250141399,cycle_only_linear,LOBO_B0018
B0018,3,91.98009212177712,95.99875065748988,cycle_only_linear,LOBO_B0018
B0018,4,91.53368022481028,95.79503881356577,cycle_only_linear,LOBO_B0018
B0018,5,91.63501034709827,95.59132696964164,cycle_only_linear,LOBO_B0018
B0018,6,91.42644423023194,95.38761512571753,cycle_only_linear,LOBO_B0018
B0018,7,91.06005947848962,95.18390328179342,cycle_only_linear,LOBO_B0018
B0018,8,90.7585005321664,94.9801914378693,cycle_only_linear,LOBO_B0018
B0018,9,90.21490260483824,94.77647959394518,cycle_only_linear,LOBO_B0018
B0018,10,91.15501151422112,94.57276775002107,cycle_only_linear,LOBO_B0018
B0018,11,90.60626760127748,94.36905590609695,cycle_only_linear,LOBO_B0018
B0018,12,90.23458191058884,94.16534406217284,cycle_only_linear,LOBO_B0018
B0018,13,89.54221748931475,93.96163221824872,cycle_only_linear,LOBO_B0018
B0018,14,89.1735361420963,93.7579203743246,cycle_only_linear,LOBO_B0018
B0018,15,89.04693062655352,93.55420853040049,cycle_only_linear,LOBO_B0018
B0018,16,88.5604519836349,93.35049668647638,cycle_only_linear,LOBO_B0018
B0018,17,88.43151998353538,93.14678484255225,cycle_only_linear,LOBO_B0018
B0018,18,87.68152400958562,92.94307299862814,cycle_only_linear,LOBO_B0018
B0018,19,87.31098708207547,92.73936115470403,cycle_only_linear,LOBO_B0018
B0018,20,86.88323668526868,92.5356493107799,cycle_only_linear,LOBO_B0018
B0018,21,86.57583367737918,92.33193746685579,cycle_only_linear,LOBO_B0018
B0018,22,85.42974947235301,92.12822562293168,cycle_only_linear,LOBO_B0018
B0018,23,85.57349785341056,91.92451377900755,cycle_only_linear,LOBO_B0018
B0018,24,85.37510686636314,91.72080193508344,cycle_only_linear,LOBO_B0018
B0018,25,87.46191032180114,91.51709009115933,cycle_only_linear,LOBO_B0018
B0018,26,86.63848573714978,91.3133782472352,cycle_only_linear,LOBO_B0018
B0018,27,86.11156664146188,91.1096664033111,cycle_only_linear,LOBO_B0018
B0018,28,85.59231494923645,90.90595455938698,cycle_only_linear,LOBO_B0018
B0018,29,84.96339175633435,90.70224271546286,cycle_only_linear,LOBO_B0018
B0018,30,84.70183219621553,90.49853087153875,cycle_only_linear,LOBO_B0018
B0018,31,84.09513539384044,90.29481902761464,cycle_only_linear,LOBO_B0018
B0018,32,83.84885309216843,90.09110718369051,cycle_only_linear,LOBO_B0018
B0018,33,83.27614653239468,89.8873953397664,cycle_only_linear,LOBO_B0018
B0018,34,82.85962287916043,89.68368349584229,cycle_only_linear,LOBO_B0018
B0018,35,82.41120777647023,89.47997165191816,cycle_only_linear,LOBO_B0018
B0018,36,81.93850748993631,89.27625980799405,cycle_only_linear,LOBO_B0018
B0018,37,81.38243453631031,89.07254796406994,cycle_only_linear,LOBO_B0018
B0018,38,81.107685113626,88.86883612014582,cycle_only_linear,LOBO_B0018
B0018,39,80.70033255233793,88.6651242762217,cycle_only_linear,LOBO_B0018
B0018,40,83.80258077212311,88.46141243229759,cycle_only_linear,LOBO_B0018
B0018,41,82.46503212760994,88.25770058837347,cycle_only_linear,LOBO_B0018
B0018,42,81.6191495929045,88.05398874444936,cycle_only_linear,LOBO_B0018
B0018,43,80.82079859512888,87.85027690052524,cycle_only_linear,LOBO_B0018
B0018,44,80.54514189124689,87.64656505660113,cycle_only_linear,LOBO_B0018
B0018,45,79.77319346847828,87.44285321267701,cycle_only_linear,LOBO_B0018
B0018,46,86.3353720042882,87.2391413687529,cycle_only_linear,LOBO_B0018
B0018,47,85.82836958714877,87.03542952482877,cycle_only_linear,LOBO_B0018
B0018,48,84.79117785467423,86.83171768090466,cycle_only_linear,LOBO_B0018
B0018,49,83.88891595396278,86.62800583698055,cycle_only_linear,LOBO_B0018
B0018,50,83.03293448887096,86.42429399305644,cycle_only_linear,LOBO_B0018
B0018,51,83.32054637413732,86.22058214913231,cycle_only_linear,LOBO_B0018
B0018,52,82.34168087203902,86.0168703052082,cycle_only_linear,LOBO_B0018
B0018,53,81.28819964389976,85.81315846128408,cycle_only_linear,LOBO_B0018
B0018,54,80.60788705937297,85.60944661735996,cycle_only_linear,LOBO_B0018
B0018,55,80.28683411877672,85.40573477343585,cycle_only_linear,LOBO_B0018
B0018,56,83.68226574399445,85.20202292951174,cycle_only_linear,LOBO_B0018
B0018,57,82.02174286174969,84.99831108558762,cycle_only_linear,LOBO_B0018
B0018,58,80.66326658711039,84.7945992416635,cycle_only_linear,LOBO_B0018
B0018,59,79.60482162343139,84.59088739773938,cycle_only_linear,LOBO_B0018
B0018,60,79.33005910349412,84.38717555381527,cycle_only_linear,LOBO_B0018
B0018,61,79.00383245168126,84.18346370989116,cycle_only_linear,LOBO_B0018
B0018,62,78.20866476644584,83.97975186596705,cycle_only_linear,LOBO_B0018
B0018,63,77.7809136096961,83.77604002204292,cycle_only_linear,LOBO_B0018
B0018,64,77.01022639318698,83.57232817811881,cycle_only_linear,LOBO_B0018
B0018,65,76.60806507979932,83.36861633419468,cycle_only_linear,LOBO_B0018
B0018,66,76.58116201846707,83.16490449027057,cycle_only_linear,LOBO_B0018
B0018,67,76.11297975385989,82.96119264634646,cycle_only_linear,LOBO_B0018
B0018,68,75.32633563425641,82.75748080242235,cycle_only_linear,LOBO_B0018
B0018,69,75.07109778266464,82.55376895849822,cycle_only_linear,LOBO_B0018
B0018,70,74.81767058743229,82.35005711457411,cycle_only_linear,LOBO_B0018
B0018,71,76.6713100015621,82.14634527065,cycle_only_linear,LOBO_B0018
B0018,72,76.1922633757213,81.94263342672588,cycle_only_linear,LOBO_B0018
B0018,73,75.05960497130619,81.73892158280177,cycle_only_linear,LOBO_B0018
B0018,74,74.62088357251456,81.53520973887765,cycle_only_linear,LOBO_B0018
B0018,75,74.16619259700616,81.33149789495353,cycle_only_linear,LOBO_B0018
B0018,76,74.03688396147098,81.12778605102942,cycle_only_linear,LOBO_B0018
B0018,77,73.67538904951239,80.9240742071053,cycle_only_linear,LOBO_B0018
B0018,78,73.40096426333051,80.72036236318118,cycle_only_linear,LOBO_B0018
B0018,79,72.9046177855951,80.51665051925707,cycle_only_linear,LOBO_B0018
B0018,80,72.39330494445699,80.31293867533296,cycle_only_linear,LOBO_B0018
B0018,81,72.6390438877099,80.10922683140883,cycle_only_linear,LOBO_B0018
B0018,82,72.12678182246216,79.90551498748472,cycle_only_linear,LOBO_B0018
B0018,83,71.96356438601657,79.7018031435606,cycle_only_linear,LOBO_B0018
B0018,84,71.43237840944109,79.49809129963649,cycle_only_linear,LOBO_B0018
B0018,85,71.24513375002448,79.29437945571237,cycle_only_linear,LOBO_B0018
B0018,86,73.49057662262062,79.09066761178826,cycle_only_linear,LOBO_B0018
B0018,87,72.62909825525101,78.88695576786414,cycle_only_linear,LOBO_B0018
B0018,88,72.1417099454397,78.68324392394003,cycle_only_linear,LOBO_B0018
B0018,89,71.41880294039746,78.4795320800159,cycle_only_linear,LOBO_B0018
B0018,90,70.77273922185357,78.27582023609179,cycle_only_linear,LOBO_B0018
B0018,91,72.7288335038854,78.07210839216768,cycle_only_linear,LOBO_B0018
B0018,92,71.41589774137029,77.86839654824357,cycle_only_linear,LOBO_B0018
B0018,93,70.98513441602029,77.66468470431944,cycle_only_linear,LOBO_B0018
B0018,94,70.77803315153258,77.46097286039533,cycle_only_linear,LOBO_B0018
B0018,95,70.2840017709614,77.25726101647122,cycle_only_linear,LOBO_B0018
B0018,96,70.42230535583069,77.0535491725471,cycle_only_linear,LOBO_B0018
B0018,97,69.84273891436207,76.84983732862298,cycle_only_linear,LOBO_B0018
B0018,98,69.67835185720338,76.64612548469887,cycle_only_linear,LOBO_B0018
B0018,99,69.46822146404737,76.44241364077475,cycle_only_linear,LOBO_B0018
B0018,100,68.92825707833356,76.23870179685063,cycle_only_linear,LOBO_B0018
B0018,101,69.24505550428735,76.03498995292652,cycle_only_linear,LOBO_B0018
B0018,102,68.51625907121222,75.8312781090024,cycle_only_linear,LOBO_B0018
B0018,103,68.6673219261454,75.62756626507829,cycle_only_linear,LOBO_B0018
B0018,104,68.39743642752407,75.42385442115418,cycle_only_linear,LOBO_B0018
B0018,105,67.83570543544823,75.22014257723005,cycle_only_linear,LOBO_B0018
B0018,106,73.02155104597287,75.01643073330594,cycle_only_linear,LOBO_B0018
B0018,107,72.50499468552049,74.81271888938183,cycle_only_linear,LOBO_B0018
B0018,108,71.90703450912248,74.6090070454577,cycle_only_linear,LOBO_B0018
B0018,109,71.41840990482157,74.40529520153359,cycle_only_linear,LOBO_B0018
B0018,110,70.73937258776216,74.20158335760948,cycle_only_linear,LOBO_B0018
B0018,111,70.6944581696591,73.99787151368535,cycle_only_linear,LOBO_B0018
B0018,112,69.94665831088612,73.79415966976124,cycle_only_linear,LOBO_B0018
B0018,113,69.76661292016988,73.59044782583713,cycle_only_linear,LOBO_B0018
B0018,114,69.50230647701225,73.386735981913,cycle_only_linear,LOBO_B0018
B0018,115,69.30135727104823,73.1830241379889,cycle_only_linear,LOBO_B0018
B0018,116,69.41076300968754,72.97931229406478,cycle_only_linear,LOBO_B0018
B0018,117,68.80913281197249,72.77560045014067,cycle_only_linear,LOBO_B0018
B0018,118,68.23584449320083,72.57188860621655,cycle_only_linear,LOBO_B0018
B0018,119,67.94927369686792,72.36817676229244,cycle_only_linear,LOBO_B0018
B0018,120,67.31154382004401,72.16446491836831,cycle_only_linear,LOBO_B0018
B0018,121,71.34213909227321,71.9607530744442,cycle_only_linear,LOBO_B0018
B0018,122,70.32240741639832,71.75704123052009,cycle_only_linear,LOBO_B0018
B0018,123,69.67453746037576,71.55332938659598,cycle_only_linear,LOBO_B0018
B0018,124,69.41246756124659,71.34961754267185,cycle_only_linear,LOBO_B0018
B0018,125,68.50939169210464,71.14590569874774,cycle_only_linear,LOBO_B0018
B0018,126,68.9847583280431,70.94219385482361,cycle_only_linear,LOBO_B0018
B0018,127,68.43293161967841,70.7384820108995,cycle_only_linear,LOBO_B0018
B0018,128,68.13685889548219,70.53477016697539,cycle_only_linear,LOBO_B0018
B0018,129,68.17025566964037,70.33105832305128,cycle_only_linear,LOBO_B0018
B0018,130,67.59323017652616,70.12734647912716,cycle_only_linear,LOBO_B0018
B0018,131,67.7398486482631,69.92363463520304,cycle_only_linear,LOBO_B0018
B0018,132,67.05257203202424,69.71992279127892,cycle_only_linear,LOBO_B0018
B0018,1,92.75022603955408,94.9316709870469,linear_regression,LOBO_B0018
B0018,2,92.15977658544992,94.6551214210187,linear_regression,LOBO_B0018
B0018,3,91.98009212177712,95.31822138669628,linear_regression,LOBO_B0018
B0018,4,91.53368022481028,94.40668067999026,linear_regression,LOBO_B0018
B0018,5,91.63501034709827,94.10960197802287,linear_regression,LOBO_B0018
B0018,6,91.42644423023194,95.61694334421969,linear_regression,LOBO_B0018
B0018,7,91.06005947848962,94.62317240042863,linear_regression,LOBO_B0018
B0018,8,90.7585005321664,94.09768029271805,linear_regression,LOBO_B0018
B0018,9,90.21490260483824,94.64652308356426,linear_regression,LOBO_B0018
B0018,10,91.15501151422112,93.91470763721212,linear_regression,LOBO_B0018
B0018,11,90.60626760127748,94.0272968492394,linear_regression,LOBO_B0018
B0018,12,90.23458191058884,94.64047538827074,linear_regression,LOBO_B0018
B0018,13,89.54221748931475,93.65224528545167,linear_regression,LOBO_B0018
B0018,14,89.1735361420963,92.62908271918337,linear_regression,LOBO_B0018
B0018,15,89.04693062655352,93.82573381672708,linear_regression,LOBO_B0018
B0018,16,88.5604519836349,93.57335738640647,linear_regression,LOBO_B0018
B0018,17,88.43151998353538,93.34884263117516,linear_regression,LOBO_B0018
B0018,18,87.68152400958562,92.40450807452146,linear_regression,LOBO_B0018
B0018,19,87.31098708207547,92.94280621887589,linear_regression,LOBO_B0018
B0018,20,86.88323668526868,92.00769933328226,linear_regression,LOBO_B0018
B0018,21,86.57583367737918,91.5489390440647,linear_regression,LOBO_B0018
B0018,22,85.42974947235301,90.64269207133958,linear_regression,LOBO_B0018
B0018,23,85.57349785341056,91.94818944796414,linear_regression,LOBO_B0018
B0018,24,85.37510686636314,90.99040645619432,linear_regression,LOBO_B0018
B0018,25,87.46191032180114,91.22759155463238,linear_regression,LOBO_B0018
B0018,26,86.63848573714978,90.77597985040781,linear_regression,LOBO_B0018
B0018,27,86.11156664146188,92.29173915467464,linear_regression,LOBO_B0018
B0018,28,85.59231494923645,91.51152188663924,linear_regression,LOBO_B0018
B0018,29,84.96339175633435,90.64235357836604,linear_regression,LOBO_B0018
B0018,30,84.70183219621553,90.10235868451917,linear_regression,LOBO_B0018
B0018,31,84.09513539384044,89.29507237170695,linear_regression,LOBO_B0018
B0018,32,83.84885309216843,90.76917312554563,linear_regression,LOBO_B0018
B0018,33,83.27614653239468,90.34349035021387,linear_regression,LOBO_B0018
B0018,34,82.85962287916043,89.58503902161404,linear_regression,LOBO_B0018
B0018,35,82.41120777647023,88.65865356244434,linear_regression,LOBO_B0018
B0018,36,81.93850748993631,88.09183886554135,linear_regression,LOBO_B0018
B0018,37,81.38243453631031,88.85258525929397,linear_regression,LOBO_B0018
B0018,38,81.107685113626,88.56938258113972,linear_regression,LOBO_B0018
B0018,39,80.70033255233793,88.03958596554367,linear_regression,LOBO_B0018
B0018,40,83.80258077212311,88.26543080096889,linear_regression,LOBO_B0018
B0018,41,82.46503212760994,87.88511083636793,linear_regression,LOBO_B0018
B0018,42,81.6191495929045,88.60318614245809,linear_regression,LOBO_B0018
B0018,43,80.82079859512888,87.75321279994338,linear_regression,LOBO_B0018
B0018,44,80.54514189124689,86.87666413667833,linear_regression,LOBO_B0018
B0018,45,79.77319346847828,86.22412136277612,linear_regression,LOBO_B0018
B0018,46,86.3353720042882,86.34594458313957,linear_regression,LOBO_B0018
B0018,47,85.82836958714877,86.1474175535522,linear_regression,LOBO_B0018
B0018,48,84.79117785467423,85.44514933587187,linear_regression,LOBO_B0018
B0018,49,83.88891595396278,84.23944833333603,linear_regression,LOBO_B0018
B0018,50,83.03293448887096,83.2598808483813,linear_regression,LOBO_B0018
B0018,51,83.32054637413732,85.32186588317013,linear_regression,LOBO_B0018
B0018,52,82.34168087203902,84.14263942936991,linear_regression,LOBO_B0018
B0018,53,81.28819964389976,83.00974654993321,linear_regression,LOBO_B0018
B0018,54,80.60788705937297,83.10250745432931,linear_regression,LOBO_B0018
B0018,55,80.28683411877672,81.8172868212909,linear_regression,LOBO_B0018
B0018,56,83.68226574399445,83.21342911682845,linear_regression,LOBO_B0018
B0018,57,82.02174286174969,83.34772388542805,linear_regression,LOBO_B0018
B0018,58,80.66326658711039,82.39767986552232,linear_regression,LOBO_B0018
B0018,59,79.60482162343139,81.51241845834672,linear_regression,LOBO_B0018
B0018,60,79.33005910349412,80.42652097972179,linear_regression,LOBO_B0018
B0018,61,79.00383245168126,81.96013070246849,linear_regression,LOBO_B0018
B0018,62,78.20866476644584,81.74987440583624,linear_regression,LOBO_B0018
B0018,63,77.7809136096961,80.88925219554415,linear_regression,LOBO_B0018
B0018,64,77.01022639318698,80.21216767386049,linear_regression,LOBO_B0018
B0018,65,76.60806507979932,79.67411949652895,linear_regression,LOBO_B0018
B0018,66,76.58116201846707,79.12117953452729,linear_regression,LOBO_B0018
B0018,67,76.11297975385989,78.6459598220135,linear_regression,LOBO_B0018
B0018,68,75.32633563425641,77.78262666551306,linear_regression,LOBO_B0018
B0018,69,75.07109778266464,78.86436052260669,linear_regression,LOBO_B0018
B0018,70,74.81767058743229,78.4850618700058,linear_regression,LOBO_B0018
B0018,71,76.6713100015621,78.66229858776785,linear_regression,LOBO_B0018
B0018,72,76.1922633757213,78.62417338517884,linear_regression,LOBO_B0018
B0018,73,75.05960497130619,78.16130915753652,linear_regression,LOBO_B0018
B0018,74,74.62088357251456,77.27263746841382,linear_regression,LOBO_B0018
B0018,75,74.16619259700616,77.14416189335512,linear_regression,LOBO_B0018
B0018,76,74.03688396147098,78.0951296561096,linear_regression,LOBO_B0018
B0018,77,73.67538904951239,77.49160517135172,linear_regression,LOBO_B0018
B0018,78,73.40096426333051,77.4067196930382,linear_regression,LOBO_B0018
B0018,79,72.9046177855951,76.8719629180823,linear_regression,LOBO_B0018
B0018,80,72.39330494445699,75.98902767420859,linear_regression,LOBO_B0018
B0018,81,72.6390438877099,75.3012483892376,linear_regression,LOBO_B0018
B0018,82,72.12678182246216,74.83813908546557,linear_regression,LOBO_B0018
B0018,83,71.96356438601657,76.55985267908505,linear_regression,LOBO_B0018
B0018,84,71.43237840944109,76.48090149305646,linear_regression,LOBO_B0018
B0018,85,71.24513375002448,75.93358609198354,linear_regression,LOBO_B0018
B0018,86,73.49057662262062,76.38109403293426,linear_regression,LOBO_B0018
B0018,87,72.62909825525101,75.7288280584177,linear_regression,LOBO_B0018
B0018,88,72.1417099454397,75.17114942138686,linear_regression,LOBO_B0018
B0018,89,71.41880294039746,74.04483487487047,linear_regression,LOBO_B0018
B0018,90,70.77273922185357,73.64375040133288,linear_regression,LOBO_B0018
B0018,91,72.7288335038854,73.63215801143002,linear_regression,LOBO_B0018
B0018,92,71.41589774137029,75.8274361426757,linear_regression,LOBO_B0018
B0018,93,70.98513441602029,75.05554307180705,linear_regression,LOBO_B0018
B0018,94,70.77803315153258,74.54082597020275,linear_regression,LOBO_B0018
B0018,95,70.2840017709614,73.8774360385262,linear_regression,LOBO_B0018
B0018,96,70.42230535583069,73.48186714075612,linear_regression,LOBO_B0018
B0018,97,69.84273891436207,73.28549116972846,linear_regression,LOBO_B0018
B0018,98,69.67835185720338,72.62539803453345,linear_regression,LOBO_B0018
B0018,99,69.46822146404737,74.00654262802544,linear_regression,LOBO_B0018
B0018,100,68.92825707833356,72.96896300296135,linear_regression,LOBO_B0018
B0018,101,69.24505550428735,73.36655775219245,linear_regression,LOBO_B0018
B0018,102,68.51625907121222,72.8992512847193,linear_regression,LOBO_B0018
B0018,103,68.6673219261454,72.70967478612259,linear_regression,LOBO_B0018
B0018,104,68.39743642752407,72.25867733887274,linear_regression,LOBO_B0018
B0018,105,67.83570543544823,71.72167134314837,linear_regression,LOBO_B0018
B0018,106,73.02155104597287,73.6882945718102,linear_regression,LOBO_B0018
B0018,107,72.50499468552049,73.4208643793232,linear_regression,LOBO_B0018
B0018,108,71.90703450912248,72.85406466023552,linear_regression,LOBO_B0018
B0018,109,71.41840990482157,73.81643014019241,linear_regression,LOBO_B0018
B0018,110,70.73937258776216,71.63734905445796,linear_regression,LOBO_B0018
B0018,111,70.6944581696591,72.37085966427448,linear_regression,LOBO_B0018
B0018,112,69.94665831088612,72.78422010359492,linear_regression,LOBO_B0018
B0018,113,69.76661292016988,72.53408632831594,linear_regression,LOBO_B0018
B0018,114,69.50230647701225,72.24649105525548,linear_regression,LOBO_B0018
B0018,115,69.30135727104823,71.99141862802783,linear_regression,LOBO_B0018
B0018,116,69.41076300968754,70.77874105149398,linear_regression,LOBO_B0018
B0018,117,68.80913281197249,70.6674930629903,linear_regression,LOBO_B0018
B0018,118,68.23584449320083,69.82280504866101,linear_regression,LOBO_B0018
B0018,119,67.94927369686792,69.63007563625916,linear_regression,LOBO_B0018
B0018,120,67.31154382004401,69.13154856169027,linear_regression,LOBO_B0018
B0018,121,71.34213909227321,70.13113969057768,linear_regression,LOBO_B0018
B0018,122,70.32240741639832,72.25229279141027,linear_regression,LOBO_B0018
B0018,123,69.67453746037576,71.8670287158829,linear_regression,LOBO_B0018
B0018,124,69.41246756124659,71.42101738953409,linear_regression,LOBO_B0018
B0018,125,68.50939169210464,70.52538214903137,linear_regression,LOBO_B0018
B0018,126,68.9847583280431,70.42646075569084,linear_regression,LOBO_B0018
B0018,127,68.43293161967841,69.97715409862809,linear_regression,LOBO_B0018
B0018,128,68.13685889548219,69.80568429532157,linear_regression,LOBO_B0018
B0018,129,68.17025566964037,69.78193214182487,linear_regression,LOBO_B0018
B0018,130,67.59323017652616,69.08820528016581,linear_regression,LOBO_B0018
B0018,131,67.7398486482631,68.44561237845998,linear_regression,LOBO_B0018
B0018,132,67.05257203202424,68.12906222104388,linear_regression,LOBO_B0018
B0018,1,92.75022603955408,93.00168559861021,random_forest,LOBO_B0018
B0018,2,92.15977658544992,93.59808028084824,random_forest,LOBO_B0018
B0018,3,91.98009212177712,92.98248460535775,random_forest,LOBO_B0018
B0018,4,91.53368022481028,92.89872941960977,random_forest,LOBO_B0018
B0018,5,91.63501034709827,93.59616429232291,random_forest,LOBO_B0018
B0018,6,91.42644423023194,93.63194713671051,random_forest,LOBO_B0018
B0018,7,91.06005947848962,93.5969059513358,random_forest,LOBO_B0018
B0018,8,90.7585005321664,92.98220712055678,random_forest,LOBO_B0018
B0018,9,90.21490260483824,92.91310342234752,random_forest,LOBO_B0018
B0018,10,91.15501151422112,92.87872429994646,random_forest,LOBO_B0018
B0018,11,90.60626760127748,92.96402313975122,random_forest,LOBO_B0018
B0018,12,90.23458191058884,92.94879557771576,random_forest,LOBO_B0018
B0018,13,89.54221748931475,92.83652180050645,random_forest,LOBO_B0018
B0018,14,89.1735361420963,92.83107349322158,random_forest,LOBO_B0018
B0018,15,89.04693062655352,92.83429913619636,random_forest,LOBO_B0018
B0018,16,88.5604519836349,92.92025598077025,random_forest,LOBO_B0018
B0018,17,88.43151998353538,93.15983850003349,random_forest,LOBO_B0018
B0018,18,87.68152400958562,92.87701766871061,random_forest,LOBO_B0018
B0018,19,87.31098708207547,92.81830271591454,random_forest,LOBO_B0018
B0018,20,86.88323668526868,92.73021482879399,random_forest,LOBO_B0018
B0018,21,86.57583367737918,92.72644774012596,random_forest,LOBO_B0018
B0018,22,85.42974947235301,92.67516535679104,random_forest,LOBO_B0018
B0018,23,85.57349785341056,92.67516535679104,random_forest,LOBO_B0018
B0018,24,85.37510686636314,92.67516535679104,random_forest,LOBO_B0018
B0018,25,87.46191032180114,92.73021482879399,random_forest,LOBO_B0018
B0018,26,86.63848573714978,92.70247487362437,random_forest,LOBO_B0018
B0018,27,86.11156664146188,92.77538945038859,random_forest,LOBO_B0018
B0018,28,85.59231494923645,92.70127100133931,random_forest,LOBO_B0018
B0018,29,84.96339175633435,92.59834827330104,random_forest,LOBO_B0018
B0018,30,84.70183219621553,92.3493293716209,random_forest,LOBO_B0018
B0018,31,84.09513539384044,92.17988102088819,random_forest,LOBO_B0018
B0018,32,83.84885309216843,92.17488914120452,random_forest,LOBO_B0018
B0018,33,83.27614653239468,92.01723240505507,random_forest,LOBO_B0018
B0018,34,82.85962287916043,91.55633637590527,random_forest,LOBO_B0018
B0018,35,82.41120777647023,90.82951499281265,random_forest,LOBO_B0018
B0018,36,81.93850748993631,90.29652544535593,random_forest,LOBO_B0018
B0018,37,81.38243453631031,88.9581248084789,random_forest,LOBO_B0018
B0018,38,81.107685113626,87.27534244758641,random_forest,LOBO_B0018
B0018,39,80.70033255233793,86.1273882480452,random_forest,LOBO_B0018
B0018,40,83.80258077212311,87.38640237804836,random_forest,LOBO_B0018
B0018,41,82.46503212760994,86.26309990873328,random_forest,LOBO_B0018
B0018,42,81.6191495929045,85.21964050243592,random_forest,LOBO_B0018
B0018,43,80.82079859512888,84.97623292703008,random_forest,LOBO_B0018
B0018,44,80.54514189124689,84.83598391214262,random_forest,LOBO_B0018
B0018,45,79.77319346847828,84.59817043076579,random_forest,LOBO_B0018
B0018,46,86.3353720042882,88.10921066084767,random_forest,LOBO_B0018
B0018,47,85.82836958714877,87.93137619164305,random_forest,LOBO_B0018
B0018,48,84.79117785467423,86.64811555930592,random_forest,LOBO_B0018
B0018,49,83.88891595396278,85.14946816284503,random_forest,LOBO_B0018
B0018,50,83.03293448887096,84.86110181906213,random_forest,LOBO_B0018
B0018,51,83.32054637413732,84.70440868455061,random_forest,LOBO_B0018
B0018,52,82.34168087203902,83.5821181078493,random_forest,LOBO_B0018
B0018,53,81.28819964389976,82.07040720006663,random_forest,LOBO_B0018
B0018,54,80.60788705937297,80.91914244692197,random_forest,LOBO_B0018
B0018,55,80.28683411877672,80.7090505062604,random_forest,LOBO_B0018
B0018,56,83.68226574399445,84.64350298673396,random_forest,LOBO_B0018
B0018,57,82.02174286174969,82.20782615927291,random_forest,LOBO_B0018
B0018,58,80.66326658711039,81.01916571230952,random_forest,LOBO_B0018
B0018,59,79.60482162343139,79.62190178138599,random_forest,LOBO_B0018
B0018,60,79.33005910349412,79.0481619831994,random_forest,LOBO_B0018
B0018,61,79.00383245168126,78.53786472387452,random_forest,LOBO_B0018
B0018,62,78.20866476644584,78.40394106142836,random_forest,LOBO_B0018
B0018,63,77.7809136096961,77.57356639913017,random_forest,LOBO_B0018
B0018,64,77.01022639318698,77.13975667645961,random_forest,LOBO_B0018
B0018,65,76.60806507979932,77.12262275018227,random_forest,LOBO_B0018
B0018,66,76.58116201846707,76.69427615374782,random_forest,LOBO_B0018
B0018,67,76.11297975385989,76.63295079054755,random_forest,LOBO_B0018
B0018,68,75.32633563425641,76.19029888202712,random_forest,LOBO_B0018
B0018,69,75.07109778266464,75.50598019537526,random_forest,LOBO_B0018
B0018,70,74.81767058743229,75.51886349181258,random_forest,LOBO_B0018
B0018,71,76.6713100015621,76.7023207893977,random_forest,LOBO_B0018
B0018,72,76.1922633757213,76.75426057220271,random_forest,LOBO_B0018
B0018,73,75.05960497130619,75.44918005028998,random_forest,LOBO_B0018
B0018,74,74.62088357251456,74.90701758743201,random_forest,LOBO_B0018
B0018,75,74.16619259700616,74.91748978094809,random_forest,LOBO_B0018
B0018,76,74.03688396147098,74.92337004140101,random_forest,LOBO_B0018
B0018,77,73.67538904951239,74.77870924419275,random_forest,LOBO_B0018
B0018,78,73.40096426333051,74.54290031508775,random_forest,LOBO_B0018
B0018,79,72.9046177855951,73.85321585532999,random_forest,LOBO_B0018
B0018,80,72.39330494445699,73.83774452608282,random_forest,LOBO_B0018
B0018,81,72.6390438877099,73.22214042979928,random_forest,LOBO_B0018
B0018,82,72.12678182246216,73.01683882207607,random_forest,LOBO_B0018
B0018,83,71.96356438601657,73.03378206475107,random_forest,LOBO_B0018
B0018,84,71.43237840944109,72.85297629864807,random_forest,LOBO_B0018
B0018,85,71.24513375002448,72.84862294317705,random_forest,LOBO_B0018
B0018,86,73.49057662262062,73.91667001413612,random_forest,LOBO_B0018
B0018,87,72.62909825525101,73.30171162880379,random_forest,LOBO_B0018
B0018,88,72.1417099454397,72.84862294317705,random_forest,LOBO_B0018
B0018,89,71.41880294039746,72.82465370973352,random_forest,LOBO_B0018
B0018,90,70.77273922185357,72.74785546841186,random_forest,LOBO_B0018
B0018,91,72.7288335038854,73.06169597903731,random_forest,LOBO_B0018
B0018,92,71.41589774137029,72.8328445603548,random_forest,LOBO_B0018
B0018,93,70.98513441602029,72.59125329880166,random_forest,LOBO_B0018
B0018,94,70.77803315153258,72.434345436439,random_forest,LOBO_B0018
B0018,95,70.2840017709614,72.19402471338363,random_forest,LOBO_B0018
B0018,96,70.42230535583069,72.1438190389919,random_forest,LOBO_B0018
B0018,97,69.84273891436207,71.90091675650395,random_forest,LOBO_B0018
B0018,98,69.67835185720338,71.83151267600556,random_forest,LOBO_B0018
B0018,99,69.46822146404737,71.78830066165756,random_forest,LOBO_B0018
B0018,100,68.92825707833356,71.69061550821824,random_forest,LOBO_B0018
B0018,101,69.24505550428735,71.56631841987667,random_forest,LOBO_B0018
B0018,102,68.51625907121222,71.51756286631237,random_forest,LOBO_B0018
B0018,103,68.6673219261454,71.37394562541898,random_forest,LOBO_B0018
B0018,104,68.39743642752407,71.21811884215623,random_forest,LOBO_B0018
B0018,105,67.83570543544823,71.23682827484386,random_forest,LOBO_B0018
B0018,106,73.02155104597287,72.91997994150809,random_forest,LOBO_B0018
B0018,107,72.50499468552049,72.66575078119699,random_forest,LOBO_B0018
B0018,108,71.90703450912248,72.60302124025638,random_forest,LOBO_B0018
B0018,109,71.41840990482157,71.67391872119266,random_forest,LOBO_B0018
B0018,110,70.73937258776216,71.32468123784082,random_forest,LOBO_B0018
B0018,111,70.6944581696591,71.19144021049384,random_forest,LOBO_B0018
B0018,112,69.94665831088612,70.78571528444682,random_forest,LOBO_B0018
B0018,113,69.76661292016988,70.5702128074724,random_forest,LOBO_B0018
B0018,114,69.50230647701225,70.39107245907007,random_forest,LOBO_B0018
B0018,115,69.30135727104823,70.25033975684813,random_forest,LOBO_B0018
B0018,116,69.41076300968754,70.09070203301717,random_forest,LOBO_B0018
B0018,117,68.80913281197249,69.72899626610527,random_forest,LOBO_B0018
B0018,118,68.23584449320083,69.60244597383948,random_forest,LOBO_B0018
B0018,119,67.94927369686792,69.57914255364344,random_forest,LOBO_B0018
B0018,120,67.31154382004401,69.54701080331023,random_forest,LOBO_B0018
B0018,121,71.34213909227321,70.72649930177764,random_forest,LOBO_B0018
B0018,122,70.32240741639832,70.5379460003404,random_forest,LOBO_B0018
B0018,123,69.67453746037576,70.103387580446,random_forest,LOBO_B0018
B0018,124,69.41246756124659,69.6109816737723,random_forest,LOBO_B0018
B0018,125,68.50939169210464,68.68784014517607,random_forest,LOBO_B0018
B0018,126,68.9847583280431,68.42516602629338,random_forest,LOBO_B0018
B0018,127,68.43293161967841,67.60813495152344,random_forest,LOBO_B0018
B0018,128,68.13685889548219,67.3597707997456,random_forest,LOBO_B0018
B0018,129,68.17025566964037,67.3222638618021,random_forest,LOBO_B0018
B0018,130,67.59323017652616,66.82320535085975,random_forest,LOBO_B0018
B0018,131,67.7398486482631,66.92117625564987,random_forest,LOBO_B0018
B0018,132,67.05257203202424,66.75038550002063,random_forest,LOBO_B0018
B0018,1,92.75022603955408,93.35385131835938,xgboost,LOBO_B0018
B0018,2,92.15977658544992,94.60304260253906,xgboost,LOBO_B0018
B0018,3,91.98009212177712,94.07034301757812,xgboost,LOBO_B0018
B0018,4,91.53368022481028,93.85987091064453,xgboost,LOBO_B0018
B0018,5,91.63501034709827,94.4454116821289,xgboost,LOBO_B0018
B0018,6,91.42644423023194,94.80392456054688,xgboost,LOBO_B0018
B0018,7,91.06005947848962,94.677001953125,xgboost,LOBO_B0018
B0018,8,90.7585005321664,94.16251373291016,xgboost,LOBO_B0018
B0018,9,90.21490260483824,93.91741180419922,xgboost,LOBO_B0018
B0018,10,91.15501151422112,93.82423400878906,xgboost,LOBO_B0018
B0018,11,90.60626760127748,93.59564971923828,xgboost,LOBO_B0018
B0018,12,90.23458191058884,93.08341979980469,xgboost,LOBO_B0018
B0018,13,89.54221748931475,92.7527847290039,xgboost,LOBO_B0018
B0018,14,89.1735361420963,92.7080307006836,xgboost,LOBO_B0018
B0018,15,89.04693062655352,92.48089599609375,xgboost,LOBO_B0018
B0018,16,88.5604519836349,92.66590118408203,xgboost,LOBO_B0018
B0018,17,88.43151998353538,92.45030975341797,xgboost,LOBO_B0018
B0018,18,87.68152400958562,91.98686981201172,xgboost,LOBO_B0018
B0018,19,87.31098708207547,91.80329132080078,xgboost,LOBO_B0018
B0018,20,86.88323668526868,90.99626159667969,xgboost,LOBO_B0018
B0018,21,86.57583367737918,91.00813293457031,xgboost,LOBO_B0018
B0018,22,85.42974947235301,90.34223937988281,xgboost,LOBO_B0018
B0018,23,85.57349785341056,90.5632095336914,xgboost,LOBO_B0018
B0018,24,85.37510686636314,90.49496459960938,xgboost,LOBO_B0018
B0018,25,87.46191032180114,90.8135757446289,xgboost,LOBO_B0018
B0018,26,86.63848573714978,91.26891326904297,xgboost,LOBO_B0018
B0018,27,86.11156664146188,91.44062042236328,xgboost,LOBO_B0018
B0018,28,85.59231494923645,90.87439727783203,xgboost,LOBO_B0018
B0018,29,84.96339175633435,90.0775375366211,xgboost,LOBO_B0018
B0018,30,84.70183219621553,89.92658233642578,xgboost,LOBO_B0018
B0018,31,84.09513539384044,89.6742172241211,xgboost,LOBO_B0018
B0018,32,83.84885309216843,89.12174987792969,xgboost,LOBO_B0018
B0018,33,83.27614653239468,89.06147003173828,xgboost,LOBO_B0018
B0018,34,82.85962287916043,87.95484161376953,xgboost,LOBO_B0018
B0018,35,82.41120777647023,87.55319213867188,xgboost,LOBO_B0018
B0018,36,81.93850748993631,87.06639862060547,xgboost,LOBO_B0018
B0018,37,81.38243453631031,86.52933502197266,xgboost,LOBO_B0018
B0018,38,81.107685113626,85.94802856445312,xgboost,LOBO_B0018
B0018,39,80.70033255233793,85.59855651855469,xgboost,LOBO_B0018
B0018,40,83.80258077212311,86.62545013427734,xgboost,LOBO_B0018
B0018,41,82.46503212760994,85.89713287353516,xgboost,LOBO_B0018
B0018,42,81.6191495929045,85.78678131103516,xgboost,LOBO_B0018
B0018,43,80.82079859512888,84.90180969238281,xgboost,LOBO_B0018
B0018,44,80.54514189124689,84.41045379638672,xgboost,LOBO_B0018
B0018,45,79.77319346847828,83.69622802734375,xgboost,LOBO_B0018
B0018,46,86.3353720042882,88.10616302490234,xgboost,LOBO_B0018
B0018,47,85.82836958714877,87.6523666381836,xgboost,LOBO_B0018
B0018,48,84.79117785467423,86.59446716308594,xgboost,LOBO_B0018
B0018,49,83.88891595396278,86.20935821533203,xgboost,LOBO_B0018
B0018,50,83.03293448887096,85.56439971923828,xgboost,LOBO_B0018
B0018,51,83.32054637413732,85.98216247558594,xgboost,LOBO_B0018
B0018,52,82.34168087203902,84.9544448852539,xgboost,LOBO_B0018
B0018,53,81.28819964389976,82.83263397216797,xgboost,LOBO_B0018
B0018,54,80.60788705937297,81.9330062866211,xgboost,LOBO_B0018
B0018,55,80.28683411877672,81.44579315185547,xgboost,LOBO_B0018
B0018,56,83.68226574399445,84.87055969238281,xgboost,LOBO_B0018
B0018,57,82.02174286174969,83.54937744140625,xgboost,LOBO_B0018
B0018,58,80.66326658711039,81.95781707763672,xgboost,LOBO_B0018
B0018,59,79.60482162343139,80.54806518554688,xgboost,LOBO_B0018
B0018,60,79.33005910349412,80.15486145019531,xgboost,LOBO_B0018
B0018,61,79.00383245168126,79.494873046875,xgboost,LOBO_B0018
B0018,62,78.20866476644584,79.4182357788086,xgboost,LOBO_B0018
B0018,63,77.7809136096961,78.24467468261719,xgboost,LOBO_B0018
B0018,64,77.01022639318698,77.98442077636719,xgboost,LOBO_B0018
B0018,65,76.60806507979932,77.71025848388672,xgboost,LOBO_B0018
B0018,66,76.58116201846707,77.39439392089844,xgboost,LOBO_B0018
B0018,67,76.11297975385989,77.39116668701172,xgboost,LOBO_B0018
B0018,68,75.32633563425641,76.50342559814453,xgboost,LOBO_B0018
B0018,69,75.07109778266464,76.13240814208984,xgboost,LOBO_B0018
B0018,70,74.81767058743229,76.12248992919922,xgboost,LOBO_B0018
B0018,71,76.6713100015621,77.0217514038086,xgboost,LOBO_B0018
B0018,72,76.1922633757213,77.01935577392578,xgboost,LOBO_B0018
B0018,73,75.05960497130619,76.13240814208984,xgboost,LOBO_B0018
B0018,74,74.62088357251456,75.58160400390625,xgboost,LOBO_B0018
B0018,75,74.16619259700616,75.49667358398438,xgboost,LOBO_B0018
B0018,76,74.03688396147098,75.57168579101562,xgboost,LOBO_B0018
B0018,77,73.67538904951239,75.40504455566406,xgboost,LOBO_B0018
B0018,78,73.40096426333051,74.5785140991211,xgboost,LOBO_B0018
B0018,79,72.9046177855951,74.54045867919922,xgboost,LOBO_B0018
B0018,80,72.39330494445699,74.52828979492188,xgboost,LOBO_B0018
B0018,81,72.6390438877099,73.86376190185547,xgboost,LOBO_B0018
B0018,82,72.12678182246216,73.8602523803711,xgboost,LOBO_B0018
B0018,83,71.96356438601657,73.8663330078125,xgboost,LOBO_B0018
B0018,84,71.43237840944109,73.35394287109375,xgboost,LOBO_B0018
B0018,85,71.24513375002448,73.3417739868164,xgboost,LOBO_B0018
B0018,86,73.49057662262062,74.5785140991211,xgboost,LOBO_B0018
B0018,87,72.62909825525101,73.92989349365234,xgboost,LOBO_B0018
B0018,88,72.1417099454397,73.35394287109375,xgboost,LOBO_B0018
B0018,89,71.41880294039746,73.32048797607422,xgboost,LOBO_B0018
B0018,90,70.77273922185357,73.16111755371094,xgboost,LOBO_B0018
B0018,91,72.7288335038854,73.80412292480469,xgboost,LOBO_B0018
B0018,92,71.41589774137029,73.32048797607422,xgboost,LOBO_B0018
B0018,93,70.98513441602029,73.02098083496094,xgboost,LOBO_B0018
B0018,94,70.77803315153258,73.01795196533203,xgboost,LOBO_B0018
B0018,95,70.2840017709614,72.93305206298828,xgboost,LOBO_B0018
B0018,96,70.42230535583069,72.93305206298828,xgboost,LOBO_B0018
B0018,97,69.84273891436207,72.4671630859375,xgboost,LOBO_B0018
B0018,98,69.67835185720338,72.14215087890625,xgboost,LOBO_B0018
B0018,99,69.46822146404737,72.09073638916016,xgboost,LOBO_B0018
B0018,100,68.92825707833356,71.70729064941406,xgboost,LOBO_B0018
B0018,101,69.24505550428735,71.70729064941406,xgboost,LOBO_B0018
B0018,102,68.51625907121222,71.70606231689453,xgboost,LOBO_B0018
B0018,103,68.6673219261454,71.40364837646484,xgboost,LOBO_B0018
B0018,104,68.39743642752407,71.37335205078125,xgboost,LOBO_B0018
B0018,105,67.83570543544823,71.37335205078125,xgboost,LOBO_B0018
B0018,106,73.02155104597287,73.07025146484375,xgboost,LOBO_B0018
B0018,107,72.50499468552049,72.29927062988281,xgboost,LOBO_B0018
B0018,108,71.90703450912248,72.26541900634766,xgboost,LOBO_B0018
B0018,109,71.41840990482157,71.79164123535156,xgboost,LOBO_B0018
B0018,110,70.73937258776216,71.41239166259766,xgboost,LOBO_B0018
B0018,111,70.6944581696591,70.99708557128906,xgboost,LOBO_B0018
B0018,112,69.94665831088612,70.73455810546875,xgboost,LOBO_B0018
B0018,113,69.76661292016988,70.5566635131836,xgboost,LOBO_B0018
B0018,114,69.50230647701225,70.5615234375,xgboost,LOBO_B0018
B0018,115,69.30135727104823,70.54576110839844,xgboost,LOBO_B0018
B0018,116,69.41076300968754,70.11483001708984,xgboost,LOBO_B0018
B0018,117,68.80913281197249,69.27734375,xgboost,LOBO_B0018
B0018,118,68.23584449320083,69.05693054199219,xgboost,LOBO_B0018
B0018,119,67.94927369686792,69.05693054199219,xgboost,LOBO_B0018
B0018,120,67.31154382004401,68.90482330322266,xgboost,LOBO_B0018
B0018,121,71.34213909227321,70.53831481933594,xgboost,LOBO_B0018
B0018,122,70.32240741639832,70.48149108886719,xgboost,LOBO_B0018
B0018,123,69.67453746037576,70.19982147216797,xgboost,LOBO_B0018
B0018,124,69.41246756124659,69.89740753173828,xgboost,LOBO_B0018
B0018,125,68.50939169210464,68.57832336425781,xgboost,LOBO_B0018
B0018,126,68.9847583280431,68.40060424804688,xgboost,LOBO_B0018
B0018,127,68.43293161967841,67.71084594726562,xgboost,LOBO_B0018
B0018,128,68.13685889548219,67.50149536132812,xgboost,LOBO_B0018
B0018,129,68.17025566964037,67.40139770507812,xgboost,LOBO_B0018
B0018,130,67.59323017652616,67.36660766601562,xgboost,LOBO_B0018
B0018,131,67.7398486482631,67.36660766601562,xgboost,LOBO_B0018
B0018,132,67.05257203202424,67.22369384765625,xgboost,LOBO_B0018
